iso3,year,variable,value,grade,source,source_file,source_value,source_flag,family,status,rounding_delta
AUS,2001,population,19274701.0,A,"World Bank, World Development Indicators (SP.POP.TOTL), sourced from UN World Population Prospects and national statistical offices",evidence/api/wb_SP_POP_TOTL_2001-2022_retrieved_2026-10-07.json,19274701.0,,WB,EXACT,0.0
AUS,2002,population,19495210.0,A,"World Bank, World Development Indicators (SP.POP.TOTL), sourced from UN World Population Prospects and national statistical offices",evidence/api/wb_SP_POP_TOTL_2001-2022_retrieved_2026-10-07.json,19495210.0,,WB,EXACT,0.0
AUS,2003,population,19720737.0,A,"World Bank, World Development Indicators (SP.POP.TOTL), sourced from UN World Population Prospects and national statistical offices",evidence/api/wb_SP_POP_TOTL_2001-2022_retrieved_2026-10-07.json,19720737.0,,WB,EXACT,0.0
AUS,2004,population,19932722.0,A,"World Bank, World Development Indicators (SP.POP.TOTL), sourced from UN World Population Prospects and national statistical offices",evidence/api/wb_SP_POP_TOTL_2001-2022_retrieved_2026-10-07.json,19932722.0,,WB,EXACT,0.0
AUS,2005,population,20176844.0,A,"World Bank, World Development Indicators (SP.POP.TOTL), sourced from UN World Population Prospects and national statistical offices",evidence/api/wb_SP_POP_TOTL_2001-2022_retrieved_2026-10-07.json,20176844.0,,WB,EXACT,0.0
AUS,2006,population,20450966.0,A,"World Bank, World Development Indicators (SP.POP.TOTL), sourced from UN World Population Prospects and national statistical offices",evidence/api/wb_SP_POP_TOTL_2001-2022_retrieved_2026-10-07.json,20450966.0,,WB,EXACT,0.0
AUS,2007,population,20827622.0,A,"World Bank, World Development Indicators (SP.POP.TOTL), sourced from UN World Population Prospects and national statistical offices",evidence/api/wb_SP_POP_TOTL_2001-2022_retrieved_2026-10-07.json,20827622.0,,WB,EXACT,0.0
AUS,2008,population,21249199.0,A,"World Bank, World Development Indicators (SP.POP.TOTL), sourced from UN World Population Prospects and national statistical offices",evidence/api/wb_SP_POP_TOTL_2001-2022_retrieved_2026-10-07.json,21249199.0,,WB,EXACT,0.0
AUS,2009,population,21691653.0,A,"World Bank, World Development Indicators (SP.POP.TOTL), sourced from UN World Population Prospects and national statistical offices",evidence/api/wb_SP_POP_TOTL_2001-2022_retrieved_2026-10-07.json,21691653.0,,WB,EXACT,0.0
AUS,2010,population,22031750.0,A,"World Bank, World Development Indicators (SP.POP.TOTL), sourced from UN World Population Prospects and national statistical offices",evidence/api/wb_SP_POP_TOTL_2001-2022_retrieved_2026-10-07.json,22031750.0,,WB,EXACT,0.0
AUS,2011,population,22340024.0,A,"World Bank, World Development Indicators (SP.POP.TOTL), sourced from UN World Population Prospects and national statistical offices",evidence/api/wb_SP_POP_TOTL_2001-2022_retrieved_2026-10-07.json,22340024.0,,WB,EXACT,0.0
AUS,2012,population,22733465.0,A,"World Bank, World Development Indicators (SP.POP.TOTL), sourced from UN World Population Prospects and national statistical offices",evidence/api/wb_SP_POP_TOTL_2001-2022_retrieved_2026-10-07.json,22733465.0,,WB,EXACT,0.0
AUS,2013,population,23128129.0,A,"World Bank, World Development Indicators (SP.POP.TOTL), sourced from UN World Population Prospects and national statistical offices",evidence/api/wb_SP_POP_TOTL_2001-2022_retrieved_2026-10-07.json,23128129.0,,WB,EXACT,0.0
AUS,2014,population,23475686.0,A,"World Bank, World Development Indicators (SP.POP.TOTL), sourced from UN World Population Prospects and national statistical offices",evidence/api/wb_SP_POP_TOTL_2001-2022_retrieved_2026-10-07.json,23475686.0,,WB,EXACT,0.0
AUS,2015,population,23815995.0,A,"World Bank, World Development Indicators (SP.POP.TOTL), sourced from UN World Population Prospects and national statistical offices",evidence/api/wb_SP_POP_TOTL_2001-2022_retrieved_2026-10-07.json,23815995.0,,WB,EXACT,0.0
AUS,2016,population,24190907.0,A,"World Bank, World Development Indicators (SP.POP.TOTL), sourced from UN World Population Prospects and national statistical offices",evidence/api/wb_SP_POP_TOTL_2001-2022_retrieved_2026-10-07.json,24190907.0,,WB,EXACT,0.0
AUS,2017,population,24592588.0,A,"World Bank, World Development Indicators (SP.POP.TOTL), sourced from UN World Population Prospects and national statistical offices",evidence/api/wb_SP_POP_TOTL_2001-2022_retrieved_2026-10-07.json,24592588.0,,WB,EXACT,0.0
AUS,2018,population,24963258.0,A,"World Bank, World Development Indicators (SP.POP.TOTL), sourced from UN World Population Prospects and national statistical offices",evidence/api/wb_SP_POP_TOTL_2001-2022_retrieved_2026-10-07.json,24963258.0,,WB,EXACT,0.0
AUS,2019,population,25334826.0,A,"World Bank, World Development Indicators (SP.POP.TOTL), sourced from UN World Population Prospects and national statistical offices",evidence/api/wb_SP_POP_TOTL_2001-2022_retrieved_2026-10-07.json,25334826.0,,WB,EXACT,0.0
AUS,2020,population,25649248.0,A,"World Bank, World Development Indicators (SP.POP.TOTL), sourced from UN World Population Prospects and national statistical offices",evidence/api/wb_SP_POP_TOTL_2001-2022_retrieved_2026-10-07.json,25649248.0,,WB,EXACT,0.0
AUS,2021,population,25685412.0,A,"World Bank, World Development Indicators (SP.POP.TOTL), sourced from UN World Population Prospects and national statistical offices",evidence/api/wb_SP_POP_TOTL_2001-2022_retrieved_2026-10-07.json,25685412.0,,WB,EXACT,0.0
AUS,2022,population,26018721.0,A,"World Bank, World Development Indicators (SP.POP.TOTL), sourced from UN World Population Prospects and national statistical offices",evidence/api/wb_SP_POP_TOTL_2001-2022_retrieved_2026-10-07.json,26018721.0,,WB,EXACT,0.0
AUT,2001,population,8042293.0,A,"World Bank, World Development Indicators (SP.POP.TOTL), sourced from UN World Population Prospects and national statistical offices",evidence/api/wb_SP_POP_TOTL_2001-2022_retrieved_2026-10-07.json,8042293.0,,WB,EXACT,0.0
AUT,2002,population,8081957.0,A,"World Bank, World Development Indicators (SP.POP.TOTL), sourced from UN World Population Prospects and national statistical offices",evidence/api/wb_SP_POP_TOTL_2001-2022_retrieved_2026-10-07.json,8081957.0,,WB,EXACT,0.0
AUT,2003,population,8121423.0,A,"World Bank, World Development Indicators (SP.POP.TOTL), sourced from UN World Population Prospects and national statistical offices",evidence/api/wb_SP_POP_TOTL_2001-2022_retrieved_2026-10-07.json,8121423.0,,WB,EXACT,0.0
AUT,2004,population,8171966.0,A,"World Bank, World Development Indicators (SP.POP.TOTL), sourced from UN World Population Prospects and national statistical offices",evidence/api/wb_SP_POP_TOTL_2001-2022_retrieved_2026-10-07.json,8171966.0,,WB,EXACT,0.0
AUT,2005,population,8227829.0,A,"World Bank, World Development Indicators (SP.POP.TOTL), sourced from UN World Population Prospects and national statistical offices",evidence/api/wb_SP_POP_TOTL_2001-2022_retrieved_2026-10-07.json,8227829.0,,WB,EXACT,0.0
AUT,2006,population,8268641.0,A,"World Bank, World Development Indicators (SP.POP.TOTL), sourced from UN World Population Prospects and national statistical offices",evidence/api/wb_SP_POP_TOTL_2001-2022_retrieved_2026-10-07.json,8268641.0,,WB,EXACT,0.0
AUT,2007,population,8295487.0,A,"World Bank, World Development Indicators (SP.POP.TOTL), sourced from UN World Population Prospects and national statistical offices",evidence/api/wb_SP_POP_TOTL_2001-2022_retrieved_2026-10-07.json,8295487.0,,WB,EXACT,0.0
AUT,2008,population,8321496.0,A,"World Bank, World Development Indicators (SP.POP.TOTL), sourced from UN World Population Prospects and national statistical offices",evidence/api/wb_SP_POP_TOTL_2001-2022_retrieved_2026-10-07.json,8321496.0,,WB,EXACT,0.0
AUT,2009,population,8343323.0,A,"World Bank, World Development Indicators (SP.POP.TOTL), sourced from UN World Population Prospects and national statistical offices",evidence/api/wb_SP_POP_TOTL_2001-2022_retrieved_2026-10-07.json,8343323.0,,WB,EXACT,0.0
AUT,2010,population,8363404.0,A,"World Bank, World Development Indicators (SP.POP.TOTL), sourced from UN World Population Prospects and national statistical offices",evidence/api/wb_SP_POP_TOTL_2001-2022_retrieved_2026-10-07.json,8363404.0,,WB,EXACT,0.0
AUT,2011,population,8391643.0,A,"World Bank, World Development Indicators (SP.POP.TOTL), sourced from UN World Population Prospects and national statistical offices",evidence/api/wb_SP_POP_TOTL_2001-2022_retrieved_2026-10-07.json,8391643.0,,WB,EXACT,0.0
AUT,2012,population,8429991.0,A,"World Bank, World Development Indicators (SP.POP.TOTL), sourced from UN World Population Prospects and national statistical offices",evidence/api/wb_SP_POP_TOTL_2001-2022_retrieved_2026-10-07.json,8429991.0,,WB,EXACT,0.0
AUT,2013,population,8479823.0,A,"World Bank, World Development Indicators (SP.POP.TOTL), sourced from UN World Population Prospects and national statistical offices",evidence/api/wb_SP_POP_TOTL_2001-2022_retrieved_2026-10-07.json,8479823.0,,WB,EXACT,0.0
AUT,2014,population,8546356.0,A,"World Bank, World Development Indicators (SP.POP.TOTL), sourced from UN World Population Prospects and national statistical offices",evidence/api/wb_SP_POP_TOTL_2001-2022_retrieved_2026-10-07.json,8546356.0,,WB,EXACT,0.0
AUT,2015,population,8642699.0,A,"World Bank, World Development Indicators (SP.POP.TOTL), sourced from UN World Population Prospects and national statistical offices",evidence/api/wb_SP_POP_TOTL_2001-2022_retrieved_2026-10-07.json,8642699.0,,WB,EXACT,0.0
AUT,2016,population,8736668.0,A,"World Bank, World Development Indicators (SP.POP.TOTL), sourced from UN World Population Prospects and national statistical offices",evidence/api/wb_SP_POP_TOTL_2001-2022_retrieved_2026-10-07.json,8736668.0,,WB,EXACT,0.0
AUT,2017,population,8797566.0,A,"World Bank, World Development Indicators (SP.POP.TOTL), sourced from UN World Population Prospects and national statistical offices",evidence/api/wb_SP_POP_TOTL_2001-2022_retrieved_2026-10-07.json,8797566.0,,WB,EXACT,0.0
AUT,2018,population,8840521.0,A,"World Bank, World Development Indicators (SP.POP.TOTL), sourced from UN World Population Prospects and national statistical offices",evidence/api/wb_SP_POP_TOTL_2001-2022_retrieved_2026-10-07.json,8840521.0,,WB,EXACT,0.0
AUT,2019,population,8879920.0,A,"World Bank, World Development Indicators (SP.POP.TOTL), sourced from UN World Population Prospects and national statistical offices",evidence/api/wb_SP_POP_TOTL_2001-2022_retrieved_2026-10-07.json,8879920.0,,WB,EXACT,0.0
AUT,2020,population,8916864.0,A,"World Bank, World Development Indicators (SP.POP.TOTL), sourced from UN World Population Prospects and national statistical offices",evidence/api/wb_SP_POP_TOTL_2001-2022_retrieved_2026-10-07.json,8916864.0,,WB,EXACT,0.0
AUT,2021,population,8955797.0,A,"World Bank, World Development Indicators (SP.POP.TOTL), sourced from UN World Population Prospects and national statistical offices",evidence/api/wb_SP_POP_TOTL_2001-2022_retrieved_2026-10-07.json,8955797.0,,WB,EXACT,0.0
AUT,2022,population,9041851.0,A,"World Bank, World Development Indicators (SP.POP.TOTL), sourced from UN World Population Prospects and national statistical offices",evidence/api/wb_SP_POP_TOTL_2001-2022_retrieved_2026-10-07.json,9041851.0,,WB,EXACT,0.0
BEL,2001,population,10286570.0,A,"World Bank, World Development Indicators (SP.POP.TOTL), sourced from UN World Population Prospects and national statistical offices",evidence/api/wb_SP_POP_TOTL_2001-2022_retrieved_2026-10-07.json,10286570.0,,WB,EXACT,0.0
BEL,2002,population,10332785.0,A,"World Bank, World Development Indicators (SP.POP.TOTL), sourced from UN World Population Prospects and national statistical offices",evidence/api/wb_SP_POP_TOTL_2001-2022_retrieved_2026-10-07.json,10332785.0,,WB,EXACT,0.0
BEL,2003,population,10376133.0,A,"World Bank, World Development Indicators (SP.POP.TOTL), sourced from UN World Population Prospects and national statistical offices",evidence/api/wb_SP_POP_TOTL_2001-2022_retrieved_2026-10-07.json,10376133.0,,WB,EXACT,0.0
BEL,2004,population,10421137.0,A,"World Bank, World Development Indicators (SP.POP.TOTL), sourced from UN World Population Prospects and national statistical offices",evidence/api/wb_SP_POP_TOTL_2001-2022_retrieved_2026-10-07.json,10421137.0,,WB,EXACT,0.0
BEL,2005,population,10478617.0,A,"World Bank, World Development Indicators (SP.POP.TOTL), sourced from UN World Population Prospects and national statistical offices",evidence/api/wb_SP_POP_TOTL_2001-2022_retrieved_2026-10-07.json,10478617.0,,WB,EXACT,0.0
BEL,2006,population,10547958.0,A,"World Bank, World Development Indicators (SP.POP.TOTL), sourced from UN World Population Prospects and national statistical offices",evidence/api/wb_SP_POP_TOTL_2001-2022_retrieved_2026-10-07.json,10547958.0,,WB,EXACT,0.0
BEL,2007,population,10625700.0,A,"World Bank, World Development Indicators (SP.POP.TOTL), sourced from UN World Population Prospects and national statistical offices",evidence/api/wb_SP_POP_TOTL_2001-2022_retrieved_2026-10-07.json,10625700.0,,WB,EXACT,0.0
BEL,2008,population,10709973.0,A,"World Bank, World Development Indicators (SP.POP.TOTL), sourced from UN World Population Prospects and national statistical offices",evidence/api/wb_SP_POP_TOTL_2001-2022_retrieved_2026-10-07.json,10709973.0,,WB,EXACT,0.0
BEL,2009,population,10796493.0,A,"World Bank, World Development Indicators (SP.POP.TOTL), sourced from UN World Population Prospects and national statistical offices",evidence/api/wb_SP_POP_TOTL_2001-2022_retrieved_2026-10-07.json,10796493.0,,WB,EXACT,0.0
BEL,2010,population,10895586.0,A,"World Bank, World Development Indicators (SP.POP.TOTL), sourced from UN World Population Prospects and national statistical offices",evidence/api/wb_SP_POP_TOTL_2001-2022_retrieved_2026-10-07.json,10895586.0,,WB,EXACT,0.0
BEL,2011,population,11038264.0,A,"World Bank, World Development Indicators (SP.POP.TOTL), sourced from UN World Population Prospects and national statistical offices",evidence/api/wb_SP_POP_TOTL_2001-2022_retrieved_2026-10-07.json,11038264.0,,WB,EXACT,0.0
BEL,2012,population,11106932.0,A,"World Bank, World Development Indicators (SP.POP.TOTL), sourced from UN World Population Prospects and national statistical offices",evidence/api/wb_SP_POP_TOTL_2001-2022_retrieved_2026-10-07.json,11106932.0,,WB,EXACT,0.0
BEL,2013,population,11159407.0,A,"World Bank, World Development Indicators (SP.POP.TOTL), sourced from UN World Population Prospects and national statistical offices",evidence/api/wb_SP_POP_TOTL_2001-2022_retrieved_2026-10-07.json,11159407.0,,WB,EXACT,0.0
BEL,2014,population,11209057.0,A,"World Bank, World Development Indicators (SP.POP.TOTL), sourced from UN World Population Prospects and national statistical offices",evidence/api/wb_SP_POP_TOTL_2001-2022_retrieved_2026-10-07.json,11209057.0,,WB,EXACT,0.0
BEL,2015,population,11274196.0,A,"World Bank, World Development Indicators (SP.POP.TOTL), sourced from UN World Population Prospects and national statistical offices",evidence/api/wb_SP_POP_TOTL_2001-2022_retrieved_2026-10-07.json,11274196.0,,WB,EXACT,0.0
BEL,2016,population,11331422.0,A,"World Bank, World Development Indicators (SP.POP.TOTL), sourced from UN World Population Prospects and national statistical offices",evidence/api/wb_SP_POP_TOTL_2001-2022_retrieved_2026-10-07.json,11331422.0,,WB,EXACT,0.0
BEL,2017,population,11375158.0,A,"World Bank, World Development Indicators (SP.POP.TOTL), sourced from UN World Population Prospects and national statistical offices",evidence/api/wb_SP_POP_TOTL_2001-2022_retrieved_2026-10-07.json,11375158.0,,WB,EXACT,0.0
BEL,2018,population,11427054.0,A,"World Bank, World Development Indicators (SP.POP.TOTL), sourced from UN World Population Prospects and national statistical offices",evidence/api/wb_SP_POP_TOTL_2001-2022_retrieved_2026-10-07.json,11427054.0,,WB,EXACT,0.0
BEL,2019,population,11488980.0,A,"World Bank, World Development Indicators (SP.POP.TOTL), sourced from UN World Population Prospects and national statistical offices",evidence/api/wb_SP_POP_TOTL_2001-2022_retrieved_2026-10-07.json,11488980.0,,WB,EXACT,0.0
BEL,2020,population,11538604.0,A,"World Bank, World Development Indicators (SP.POP.TOTL), sourced from UN World Population Prospects and national statistical offices",evidence/api/wb_SP_POP_TOTL_2001-2022_retrieved_2026-10-07.json,11538604.0,,WB,EXACT,0.0
BEL,2021,population,11586195.0,A,"World Bank, World Development Indicators (SP.POP.TOTL), sourced from UN World Population Prospects and national statistical offices",evidence/api/wb_SP_POP_TOTL_2001-2022_retrieved_2026-10-07.json,11586195.0,,WB,EXACT,0.0
BEL,2022,population,11680210.0,A,"World Bank, World Development Indicators (SP.POP.TOTL), sourced from UN World Population Prospects and national statistical offices",evidence/api/wb_SP_POP_TOTL_2001-2022_retrieved_2026-10-07.json,11680210.0,,WB,EXACT,0.0
BGR,2001,population,8009142.0,A,"World Bank, World Development Indicators (SP.POP.TOTL), sourced from UN World Population Prospects and national statistical offices",evidence/api/wb_SP_POP_TOTL_2001-2022_retrieved_2026-10-07.json,8009142.0,,WB,EXACT,0.0
BGR,2002,population,7837161.0,A,"World Bank, World Development Indicators (SP.POP.TOTL), sourced from UN World Population Prospects and national statistical offices",evidence/api/wb_SP_POP_TOTL_2001-2022_retrieved_2026-10-07.json,7837161.0,,WB,EXACT,0.0
BGR,2003,population,7775327.0,A,"World Bank, World Development Indicators (SP.POP.TOTL), sourced from UN World Population Prospects and national statistical offices",evidence/api/wb_SP_POP_TOTL_2001-2022_retrieved_2026-10-07.json,7775327.0,,WB,EXACT,0.0
BGR,2004,population,7716860.0,A,"World Bank, World Development Indicators (SP.POP.TOTL), sourced from UN World Population Prospects and national statistical offices",evidence/api/wb_SP_POP_TOTL_2001-2022_retrieved_2026-10-07.json,7716860.0,,WB,EXACT,0.0
BGR,2005,population,7658972.0,A,"World Bank, World Development Indicators (SP.POP.TOTL), sourced from UN World Population Prospects and national statistical offices",evidence/api/wb_SP_POP_TOTL_2001-2022_retrieved_2026-10-07.json,7658972.0,,WB,EXACT,0.0
BGR,2006,population,7601022.0,A,"World Bank, World Development Indicators (SP.POP.TOTL), sourced from UN World Population Prospects and national statistical offices",evidence/api/wb_SP_POP_TOTL_2001-2022_retrieved_2026-10-07.json,7601022.0,,WB,EXACT,0.0
BGR,2007,population,7545338.0,A,"World Bank, World Development Indicators (SP.POP.TOTL), sourced from UN World Population Prospects and national statistical offices",evidence/api/wb_SP_POP_TOTL_2001-2022_retrieved_2026-10-07.json,7545338.0,,WB,EXACT,0.0
BGR,2008,population,7492561.0,A,"World Bank, World Development Indicators (SP.POP.TOTL), sourced from UN World Population Prospects and national statistical offices",evidence/api/wb_SP_POP_TOTL_2001-2022_retrieved_2026-10-07.json,7492561.0,,WB,EXACT,0.0
BGR,2009,population,7444443.0,A,"World Bank, World Development Indicators (SP.POP.TOTL), sourced from UN World Population Prospects and national statistical offices",evidence/api/wb_SP_POP_TOTL_2001-2022_retrieved_2026-10-07.json,7444443.0,,WB,EXACT,0.0
BGR,2010,population,7395599.0,A,"World Bank, World Development Indicators (SP.POP.TOTL), sourced from UN World Population Prospects and national statistical offices",evidence/api/wb_SP_POP_TOTL_2001-2022_retrieved_2026-10-07.json,7395599.0,,WB,EXACT,0.0
BGR,2011,population,7348328.0,A,"World Bank, World Development Indicators (SP.POP.TOTL), sourced from UN World Population Prospects and national statistical offices",evidence/api/wb_SP_POP_TOTL_2001-2022_retrieved_2026-10-07.json,7348328.0,,WB,EXACT,0.0
BGR,2012,population,7305888.0,A,"World Bank, World Development Indicators (SP.POP.TOTL), sourced from UN World Population Prospects and national statistical offices",evidence/api/wb_SP_POP_TOTL_2001-2022_retrieved_2026-10-07.json,7305888.0,,WB,EXACT,0.0
BGR,2013,population,7160005.0,A,"World Bank, World Development Indicators (SP.POP.TOTL), sourced from UN World Population Prospects and national statistical offices",evidence/api/wb_SP_POP_TOTL_2001-2022_retrieved_2026-10-07.json,7160005.0,,WB,EXACT,0.0
BGR,2014,population,7073572.0,A,"World Bank, World Development Indicators (SP.POP.TOTL), sourced from UN World Population Prospects and national statistical offices",evidence/api/wb_SP_POP_TOTL_2001-2022_retrieved_2026-10-07.json,7073572.0,,WB,EXACT,0.0
BGR,2015,population,6984225.0,A,"World Bank, World Development Indicators (SP.POP.TOTL), sourced from UN World Population Prospects and national statistical offices",evidence/api/wb_SP_POP_TOTL_2001-2022_retrieved_2026-10-07.json,6984225.0,,WB,EXACT,0.0
BGR,2016,population,6894139.0,A,"World Bank, World Development Indicators (SP.POP.TOTL), sourced from UN World Population Prospects and national statistical offices",evidence/api/wb_SP_POP_TOTL_2001-2022_retrieved_2026-10-07.json,6894139.0,,WB,EXACT,0.0
BGR,2017,population,6803468.0,A,"World Bank, World Development Indicators (SP.POP.TOTL), sourced from UN World Population Prospects and national statistical offices",evidence/api/wb_SP_POP_TOTL_2001-2022_retrieved_2026-10-07.json,6803468.0,,WB,EXACT,0.0
BGR,2018,population,6710798.0,A,"World Bank, World Development Indicators (SP.POP.TOTL), sourced from UN World Population Prospects and national statistical offices",evidence/api/wb_SP_POP_TOTL_2001-2022_retrieved_2026-10-07.json,6710798.0,,WB,EXACT,0.0
BGR,2019,population,6616726.0,A,"World Bank, World Development Indicators (SP.POP.TOTL), sourced from UN World Population Prospects and national statistical offices",evidence/api/wb_SP_POP_TOTL_2001-2022_retrieved_2026-10-07.json,6616726.0,,WB,EXACT,0.0
BGR,2020,population,6550696.0,A,"World Bank, World Development Indicators (SP.POP.TOTL), sourced from UN World Population Prospects and national statistical offices",evidence/api/wb_SP_POP_TOTL_2001-2022_retrieved_2026-10-07.json,6550696.0,,WB,EXACT,0.0
BGR,2021,population,6507301.0,A,"World Bank, World Development Indicators (SP.POP.TOTL), sourced from UN World Population Prospects and national statistical offices",evidence/api/wb_SP_POP_TOTL_2001-2022_retrieved_2026-10-07.json,6507301.0,,WB,EXACT,0.0
BGR,2022,population,6465097.0,A,"World Bank, World Development Indicators (SP.POP.TOTL), sourced from UN World Population Prospects and national statistical offices",evidence/api/wb_SP_POP_TOTL_2001-2022_retrieved_2026-10-07.json,6465097.0,,WB,EXACT,0.0
CHL,2001,population,15683849.0,A,"World Bank, World Development Indicators (SP.POP.TOTL), sourced from UN World Population Prospects and national statistical offices",evidence/api/wb_SP_POP_TOTL_2001-2022_retrieved_2026-10-07.json,15683849.0,,WB,EXACT,0.0
CHL,2002,population,15857925.0,A,"World Bank, World Development Indicators (SP.POP.TOTL), sourced from UN World Population Prospects and national statistical offices",evidence/api/wb_SP_POP_TOTL_2001-2022_retrieved_2026-10-07.json,15857925.0,,WB,EXACT,0.0
CHL,2003,population,16024752.0,A,"World Bank, World Development Indicators (SP.POP.TOTL), sourced from UN World Population Prospects and national statistical offices",evidence/api/wb_SP_POP_TOTL_2001-2022_retrieved_2026-10-07.json,16024752.0,,WB,EXACT,0.0
CHL,2004,population,16187322.0,A,"World Bank, World Development Indicators (SP.POP.TOTL), sourced from UN World Population Prospects and national statistical offices",evidence/api/wb_SP_POP_TOTL_2001-2022_retrieved_2026-10-07.json,16187322.0,,WB,EXACT,0.0
CHL,2005,population,16348778.0,A,"World Bank, World Development Indicators (SP.POP.TOTL), sourced from UN World Population Prospects and national statistical offices",evidence/api/wb_SP_POP_TOTL_2001-2022_retrieved_2026-10-07.json,16348778.0,,WB,EXACT,0.0
CHL,2006,population,16509195.0,A,"World Bank, World Development Indicators (SP.POP.TOTL), sourced from UN World Population Prospects and national statistical offices",evidence/api/wb_SP_POP_TOTL_2001-2022_retrieved_2026-10-07.json,16509195.0,,WB,EXACT,0.0
CHL,2007,population,16671581.0,A,"World Bank, World Development Indicators (SP.POP.TOTL), sourced from UN World Population Prospects and national statistical offices",evidence/api/wb_SP_POP_TOTL_2001-2022_retrieved_2026-10-07.json,16671581.0,,WB,EXACT,0.0
CHL,2008,population,16838988.0,A,"World Bank, World Development Indicators (SP.POP.TOTL), sourced from UN World Population Prospects and national statistical offices",evidence/api/wb_SP_POP_TOTL_2001-2022_retrieved_2026-10-07.json,16838988.0,,WB,EXACT,0.0
CHL,2009,population,17009731.0,A,"World Bank, World Development Indicators (SP.POP.TOTL), sourced from UN World Population Prospects and national statistical offices",evidence/api/wb_SP_POP_TOTL_2001-2022_retrieved_2026-10-07.json,17009731.0,,WB,EXACT,0.0
CHL,2010,population,17181464.0,A,"World Bank, World Development Indicators (SP.POP.TOTL), sourced from UN World Population Prospects and national statistical offices",evidence/api/wb_SP_POP_TOTL_2001-2022_retrieved_2026-10-07.json,17181464.0,,WB,EXACT,0.0
CHL,2011,population,17351816.0,A,"World Bank, World Development Indicators (SP.POP.TOTL), sourced from UN World Population Prospects and national statistical offices",evidence/api/wb_SP_POP_TOTL_2001-2022_retrieved_2026-10-07.json,17351816.0,,WB,EXACT,0.0
CHL,2012,population,17519119.0,A,"World Bank, World Development Indicators (SP.POP.TOTL), sourced from UN World Population Prospects and national statistical offices",evidence/api/wb_SP_POP_TOTL_2001-2022_retrieved_2026-10-07.json,17519119.0,,WB,EXACT,0.0
CHL,2013,population,17687006.0,A,"World Bank, World Development Indicators (SP.POP.TOTL), sourced from UN World Population Prospects and national statistical offices",evidence/api/wb_SP_POP_TOTL_2001-2022_retrieved_2026-10-07.json,17687006.0,,WB,EXACT,0.0
CHL,2014,population,17864195.0,A,"World Bank, World Development Indicators (SP.POP.TOTL), sourced from UN World Population Prospects and national statistical offices",evidence/api/wb_SP_POP_TOTL_2001-2022_retrieved_2026-10-07.json,17864195.0,,WB,EXACT,0.0
CHL,2015,population,18047625.0,A,"World Bank, World Development Indicators (SP.POP.TOTL), sourced from UN World Population Prospects and national statistical offices",evidence/api/wb_SP_POP_TOTL_2001-2022_retrieved_2026-10-07.json,18047625.0,,WB,EXACT,0.0
CHL,2016,population,18267221.0,A,"World Bank, World Development Indicators (SP.POP.TOTL), sourced from UN World Population Prospects and national statistical offices",evidence/api/wb_SP_POP_TOTL_2001-2022_retrieved_2026-10-07.json,18267221.0,,WB,EXACT,0.0
CHL,2017,population,18558868.0,A,"World Bank, World Development Indicators (SP.POP.TOTL), sourced from UN World Population Prospects and national statistical offices",evidence/api/wb_SP_POP_TOTL_2001-2022_retrieved_2026-10-07.json,18558868.0,,WB,EXACT,0.0
CHL,2018,population,18893191.0,A,"World Bank, World Development Indicators (SP.POP.TOTL), sourced from UN World Population Prospects and national statistical offices",evidence/api/wb_SP_POP_TOTL_2001-2022_retrieved_2026-10-07.json,18893191.0,,WB,EXACT,0.0
CHL,2019,population,19197744.0,A,"World Bank, World Development Indicators (SP.POP.TOTL), sourced from UN World Population Prospects and national statistical offices",evidence/api/wb_SP_POP_TOTL_2001-2022_retrieved_2026-10-07.json,19197744.0,,WB,EXACT,0.0
CHL,2020,population,19370624.0,A,"World Bank, World Development Indicators (SP.POP.TOTL), sourced from UN World Population Prospects and national statistical offices",evidence/api/wb_SP_POP_TOTL_2001-2022_retrieved_2026-10-07.json,19370624.0,,WB,EXACT,0.0
CHL,2021,population,19456334.0,A,"World Bank, World Development Indicators (SP.POP.TOTL), sourced from UN World Population Prospects and national statistical offices",evidence/api/wb_SP_POP_TOTL_2001-2022_retrieved_2026-10-07.json,19456334.0,,WB,EXACT,0.0
CHL,2022,population,19553036.0,A,"World Bank, World Development Indicators (SP.POP.TOTL), sourced from UN World Population Prospects and national statistical offices",evidence/api/wb_SP_POP_TOTL_2001-2022_retrieved_2026-10-07.json,19553036.0,,WB,EXACT,0.0
CHN,2001,population,1271850000.0,A,"World Bank, World Development Indicators (SP.POP.TOTL), sourced from UN World Population Prospects and national statistical offices",evidence/api/wb_SP_POP_TOTL_2001-2022_retrieved_2026-10-07.json,1271850000.0,,WB,EXACT,0.0
CHN,2002,population,1280400000.0,A,"World Bank, World Development Indicators (SP.POP.TOTL), sourced from UN World Population Prospects and national statistical offices",evidence/api/wb_SP_POP_TOTL_2001-2022_retrieved_2026-10-07.json,1280400000.0,,WB,EXACT,0.0
CHN,2003,population,1288400000.0,A,"World Bank, World Development Indicators (SP.POP.TOTL), sourced from UN World Population Prospects and national statistical offices",evidence/api/wb_SP_POP_TOTL_2001-2022_retrieved_2026-10-07.json,1288400000.0,,WB,EXACT,0.0
CHN,2004,population,1296075000.0,A,"World Bank, World Development Indicators (SP.POP.TOTL), sourced from UN World Population Prospects and national statistical offices",evidence/api/wb_SP_POP_TOTL_2001-2022_retrieved_2026-10-07.json,1296075000.0,,WB,EXACT,0.0
CHN,2005,population,1303720000.0,A,"World Bank, World Development Indicators (SP.POP.TOTL), sourced from UN World Population Prospects and national statistical offices",evidence/api/wb_SP_POP_TOTL_2001-2022_retrieved_2026-10-07.json,1303720000.0,,WB,EXACT,0.0
CHN,2006,population,1311020000.0,A,"World Bank, World Development Indicators (SP.POP.TOTL), sourced from UN World Population Prospects and national statistical offices",evidence/api/wb_SP_POP_TOTL_2001-2022_retrieved_2026-10-07.json,1311020000.0,,WB,EXACT,0.0
CHN,2007,population,1317885000.0,A,"World Bank, World Development Indicators (SP.POP.TOTL), sourced from UN World Population Prospects and national statistical offices",evidence/api/wb_SP_POP_TOTL_2001-2022_retrieved_2026-10-07.json,1317885000.0,,WB,EXACT,0.0
CHN,2008,population,1324655000.0,A,"World Bank, World Development Indicators (SP.POP.TOTL), sourced from UN World Population Prospects and national statistical offices",evidence/api/wb_SP_POP_TOTL_2001-2022_retrieved_2026-10-07.json,1324655000.0,,WB,EXACT,0.0
CHN,2009,population,1331260000.0,A,"World Bank, World Development Indicators (SP.POP.TOTL), sourced from UN World Population Prospects and national statistical offices",evidence/api/wb_SP_POP_TOTL_2001-2022_retrieved_2026-10-07.json,1331260000.0,,WB,EXACT,0.0
CHN,2010,population,1337705000.0,A,"World Bank, World Development Indicators (SP.POP.TOTL), sourced from UN World Population Prospects and national statistical offices",evidence/api/wb_SP_POP_TOTL_2001-2022_retrieved_2026-10-07.json,1337705000.0,,WB,EXACT,0.0
CHN,2011,population,1345035000.0,A,"World Bank, World Development Indicators (SP.POP.TOTL), sourced from UN World Population Prospects and national statistical offices",evidence/api/wb_SP_POP_TOTL_2001-2022_retrieved_2026-10-07.json,1345035000.0,,WB,EXACT,0.0
CHN,2012,population,1354190000.0,A,"World Bank, World Development Indicators (SP.POP.TOTL), sourced from UN World Population Prospects and national statistical offices",evidence/api/wb_SP_POP_TOTL_2001-2022_retrieved_2026-10-07.json,1354190000.0,,WB,EXACT,0.0
CHN,2013,population,1363240000.0,A,"World Bank, World Development Indicators (SP.POP.TOTL), sourced from UN World Population Prospects and national statistical offices",evidence/api/wb_SP_POP_TOTL_2001-2022_retrieved_2026-10-07.json,1363240000.0,,WB,EXACT,0.0
CHN,2014,population,1371860000.0,A,"World Bank, World Development Indicators (SP.POP.TOTL), sourced from UN World Population Prospects and national statistical offices",evidence/api/wb_SP_POP_TOTL_2001-2022_retrieved_2026-10-07.json,1371860000.0,,WB,EXACT,0.0
CHN,2015,population,1379860000.0,A,"World Bank, World Development Indicators (SP.POP.TOTL), sourced from UN World Population Prospects and national statistical offices",evidence/api/wb_SP_POP_TOTL_2001-2022_retrieved_2026-10-07.json,1379860000.0,,WB,EXACT,0.0
CHN,2016,population,1387790000.0,A,"World Bank, World Development Indicators (SP.POP.TOTL), sourced from UN World Population Prospects and national statistical offices",evidence/api/wb_SP_POP_TOTL_2001-2022_retrieved_2026-10-07.json,1387790000.0,,WB,EXACT,0.0
CHN,2017,population,1396215000.0,A,"World Bank, World Development Indicators (SP.POP.TOTL), sourced from UN World Population Prospects and national statistical offices",evidence/api/wb_SP_POP_TOTL_2001-2022_retrieved_2026-10-07.json,1396215000.0,,WB,EXACT,0.0
CHN,2018,population,1402760000.0,A,"World Bank, World Development Indicators (SP.POP.TOTL), sourced from UN World Population Prospects and national statistical offices",evidence/api/wb_SP_POP_TOTL_2001-2022_retrieved_2026-10-07.json,1402760000.0,,WB,EXACT,0.0
CHN,2019,population,1407745000.0,A,"World Bank, World Development Indicators (SP.POP.TOTL), sourced from UN World Population Prospects and national statistical offices",evidence/api/wb_SP_POP_TOTL_2001-2022_retrieved_2026-10-07.json,1407745000.0,,WB,EXACT,0.0
CHN,2020,population,1411100000.0,A,"World Bank, World Development Indicators (SP.POP.TOTL), sourced from UN World Population Prospects and national statistical offices",evidence/api/wb_SP_POP_TOTL_2001-2022_retrieved_2026-10-07.json,1411100000.0,,WB,EXACT,0.0
CHN,2021,population,1412360000.0,A,"World Bank, World Development Indicators (SP.POP.TOTL), sourced from UN World Population Prospects and national statistical offices",evidence/api/wb_SP_POP_TOTL_2001-2022_retrieved_2026-10-07.json,1412360000.0,,WB,EXACT,0.0
CHN,2022,population,1412175000.0,A,"World Bank, World Development Indicators (SP.POP.TOTL), sourced from UN World Population Prospects and national statistical offices",evidence/api/wb_SP_POP_TOTL_2001-2022_retrieved_2026-10-07.json,1412175000.0,,WB,EXACT,0.0
HRV,2001,population,4299642.0,A,"World Bank, World Development Indicators (SP.POP.TOTL), sourced from UN World Population Prospects and national statistical offices",evidence/api/wb_SP_POP_TOTL_2001-2022_retrieved_2026-10-07.json,4299642.0,,WB,EXACT,0.0
HRV,2002,population,4302174.0,A,"World Bank, World Development Indicators (SP.POP.TOTL), sourced from UN World Population Prospects and national statistical offices",evidence/api/wb_SP_POP_TOTL_2001-2022_retrieved_2026-10-07.json,4302174.0,,WB,EXACT,0.0
HRV,2003,population,4303399.0,A,"World Bank, World Development Indicators (SP.POP.TOTL), sourced from UN World Population Prospects and national statistical offices",evidence/api/wb_SP_POP_TOTL_2001-2022_retrieved_2026-10-07.json,4303399.0,,WB,EXACT,0.0
HRV,2004,population,4304600.0,A,"World Bank, World Development Indicators (SP.POP.TOTL), sourced from UN World Population Prospects and national statistical offices",evidence/api/wb_SP_POP_TOTL_2001-2022_retrieved_2026-10-07.json,4304600.0,,WB,EXACT,0.0
HRV,2005,population,4310145.0,A,"World Bank, World Development Indicators (SP.POP.TOTL), sourced from UN World Population Prospects and national statistical offices",evidence/api/wb_SP_POP_TOTL_2001-2022_retrieved_2026-10-07.json,4310145.0,,WB,EXACT,0.0
HRV,2006,population,4311159.0,A,"World Bank, World Development Indicators (SP.POP.TOTL), sourced from UN World Population Prospects and national statistical offices",evidence/api/wb_SP_POP_TOTL_2001-2022_retrieved_2026-10-07.json,4311159.0,,WB,EXACT,0.0
HRV,2007,population,4310217.0,A,"World Bank, World Development Indicators (SP.POP.TOTL), sourced from UN World Population Prospects and national statistical offices",evidence/api/wb_SP_POP_TOTL_2001-2022_retrieved_2026-10-07.json,4310217.0,,WB,EXACT,0.0
HRV,2008,population,4309705.0,A,"World Bank, World Development Indicators (SP.POP.TOTL), sourced from UN World Population Prospects and national statistical offices",evidence/api/wb_SP_POP_TOTL_2001-2022_retrieved_2026-10-07.json,4309705.0,,WB,EXACT,0.0
HRV,2009,population,4305181.0,A,"World Bank, World Development Indicators (SP.POP.TOTL), sourced from UN World Population Prospects and national statistical offices",evidence/api/wb_SP_POP_TOTL_2001-2022_retrieved_2026-10-07.json,4305181.0,,WB,EXACT,0.0
HRV,2010,population,4295427.0,A,"World Bank, World Development Indicators (SP.POP.TOTL), sourced from UN World Population Prospects and national statistical offices",evidence/api/wb_SP_POP_TOTL_2001-2022_retrieved_2026-10-07.json,4295427.0,,WB,EXACT,0.0
HRV,2011,population,4280622.0,A,"World Bank, World Development Indicators (SP.POP.TOTL), sourced from UN World Population Prospects and national statistical offices",evidence/api/wb_SP_POP_TOTL_2001-2022_retrieved_2026-10-07.json,4280622.0,,WB,EXACT,0.0
HRV,2012,population,4260368.0,A,"World Bank, World Development Indicators (SP.POP.TOTL), sourced from UN World Population Prospects and national statistical offices",evidence/api/wb_SP_POP_TOTL_2001-2022_retrieved_2026-10-07.json,4260368.0,,WB,EXACT,0.0
HRV,2013,population,4233922.0,A,"World Bank, World Development Indicators (SP.POP.TOTL), sourced from UN World Population Prospects and national statistical offices",evidence/api/wb_SP_POP_TOTL_2001-2022_retrieved_2026-10-07.json,4233922.0,,WB,EXACT,0.0
HRV,2014,population,4201598.0,A,"World Bank, World Development Indicators (SP.POP.TOTL), sourced from UN World Population Prospects and national statistical offices",evidence/api/wb_SP_POP_TOTL_2001-2022_retrieved_2026-10-07.json,4201598.0,,WB,EXACT,0.0
HRV,2015,population,4151725.0,A,"World Bank, World Development Indicators (SP.POP.TOTL), sourced from UN World Population Prospects and national statistical offices",evidence/api/wb_SP_POP_TOTL_2001-2022_retrieved_2026-10-07.json,4151725.0,,WB,EXACT,0.0
HRV,2016,population,4106867.0,A,"World Bank, World Development Indicators (SP.POP.TOTL), sourced from UN World Population Prospects and national statistical offices",evidence/api/wb_SP_POP_TOTL_2001-2022_retrieved_2026-10-07.json,4106867.0,,WB,EXACT,0.0
HRV,2017,population,4041407.0,A,"World Bank, World Development Indicators (SP.POP.TOTL), sourced from UN World Population Prospects and national statistical offices",evidence/api/wb_SP_POP_TOTL_2001-2022_retrieved_2026-10-07.json,4041407.0,,WB,EXACT,0.0
HRV,2018,population,3988775.0,A,"World Bank, World Development Indicators (SP.POP.TOTL), sourced from UN World Population Prospects and national statistical offices",evidence/api/wb_SP_POP_TOTL_2001-2022_retrieved_2026-10-07.json,3988775.0,,WB,EXACT,0.0
HRV,2019,population,3949390.0,A,"World Bank, World Development Indicators (SP.POP.TOTL), sourced from UN World Population Prospects and national statistical offices",evidence/api/wb_SP_POP_TOTL_2001-2022_retrieved_2026-10-07.json,3949390.0,,WB,EXACT,0.0
HRV,2020,population,3914206.0,A,"World Bank, World Development Indicators (SP.POP.TOTL), sourced from UN World Population Prospects and national statistical offices",evidence/api/wb_SP_POP_TOTL_2001-2022_retrieved_2026-10-07.json,3914206.0,,WB,EXACT,0.0
HRV,2021,population,3878981.0,A,"World Bank, World Development Indicators (SP.POP.TOTL), sourced from UN World Population Prospects and national statistical offices",evidence/api/wb_SP_POP_TOTL_2001-2022_retrieved_2026-10-07.json,3878981.0,,WB,EXACT,0.0
HRV,2022,population,3855641.0,A,"World Bank, World Development Indicators (SP.POP.TOTL), sourced from UN World Population Prospects and national statistical offices",evidence/api/wb_SP_POP_TOTL_2001-2022_retrieved_2026-10-07.json,3855641.0,,WB,EXACT,0.0
CZE,2001,population,10216605.0,A,"World Bank, World Development Indicators (SP.POP.TOTL), sourced from UN World Population Prospects and national statistical offices",evidence/api/wb_SP_POP_TOTL_2001-2022_retrieved_2026-10-07.json,10216605.0,,WB,EXACT,0.0
CZE,2002,population,10196916.0,A,"World Bank, World Development Indicators (SP.POP.TOTL), sourced from UN World Population Prospects and national statistical offices",evidence/api/wb_SP_POP_TOTL_2001-2022_retrieved_2026-10-07.json,10196916.0,,WB,EXACT,0.0
CZE,2003,population,10193998.0,A,"World Bank, World Development Indicators (SP.POP.TOTL), sourced from UN World Population Prospects and national statistical offices",evidence/api/wb_SP_POP_TOTL_2001-2022_retrieved_2026-10-07.json,10193998.0,,WB,EXACT,0.0
CZE,2004,population,10197101.0,A,"World Bank, World Development Indicators (SP.POP.TOTL), sourced from UN World Population Prospects and national statistical offices",evidence/api/wb_SP_POP_TOTL_2001-2022_retrieved_2026-10-07.json,10197101.0,,WB,EXACT,0.0
CZE,2005,population,10211216.0,A,"World Bank, World Development Indicators (SP.POP.TOTL), sourced from UN World Population Prospects and national statistical offices",evidence/api/wb_SP_POP_TOTL_2001-2022_retrieved_2026-10-07.json,10211216.0,,WB,EXACT,0.0
CZE,2006,population,10238905.0,A,"World Bank, World Development Indicators (SP.POP.TOTL), sourced from UN World Population Prospects and national statistical offices",evidence/api/wb_SP_POP_TOTL_2001-2022_retrieved_2026-10-07.json,10238905.0,,WB,EXACT,0.0
CZE,2007,population,10298828.0,A,"World Bank, World Development Indicators (SP.POP.TOTL), sourced from UN World Population Prospects and national statistical offices",evidence/api/wb_SP_POP_TOTL_2001-2022_retrieved_2026-10-07.json,10298828.0,,WB,EXACT,0.0
CZE,2008,population,10384603.0,A,"World Bank, World Development Indicators (SP.POP.TOTL), sourced from UN World Population Prospects and national statistical offices",evidence/api/wb_SP_POP_TOTL_2001-2022_retrieved_2026-10-07.json,10384603.0,,WB,EXACT,0.0
CZE,2009,population,10443936.0,A,"World Bank, World Development Indicators (SP.POP.TOTL), sourced from UN World Population Prospects and national statistical offices",evidence/api/wb_SP_POP_TOTL_2001-2022_retrieved_2026-10-07.json,10443936.0,,WB,EXACT,0.0
CZE,2010,population,10474410.0,A,"World Bank, World Development Indicators (SP.POP.TOTL), sourced from UN World Population Prospects and national statistical offices",evidence/api/wb_SP_POP_TOTL_2001-2022_retrieved_2026-10-07.json,10474410.0,,WB,EXACT,0.0
CZE,2011,population,10496088.0,A,"World Bank, World Development Indicators (SP.POP.TOTL), sourced from UN World Population Prospects and national statistical offices",evidence/api/wb_SP_POP_TOTL_2001-2022_retrieved_2026-10-07.json,10496088.0,,WB,EXACT,0.0
CZE,2012,population,10510785.0,A,"World Bank, World Development Indicators (SP.POP.TOTL), sourced from UN World Population Prospects and national statistical offices",evidence/api/wb_SP_POP_TOTL_2001-2022_retrieved_2026-10-07.json,10510785.0,,WB,EXACT,0.0
CZE,2013,population,10514272.0,A,"World Bank, World Development Indicators (SP.POP.TOTL), sourced from UN World Population Prospects and national statistical offices",evidence/api/wb_SP_POP_TOTL_2001-2022_retrieved_2026-10-07.json,10514272.0,,WB,EXACT,0.0
CZE,2014,population,10525347.0,A,"World Bank, World Development Indicators (SP.POP.TOTL), sourced from UN World Population Prospects and national statistical offices",evidence/api/wb_SP_POP_TOTL_2001-2022_retrieved_2026-10-07.json,10525347.0,,WB,EXACT,0.0
CZE,2015,population,10546059.0,A,"World Bank, World Development Indicators (SP.POP.TOTL), sourced from UN World Population Prospects and national statistical offices",evidence/api/wb_SP_POP_TOTL_2001-2022_retrieved_2026-10-07.json,10546059.0,,WB,EXACT,0.0
CZE,2016,population,10566332.0,A,"World Bank, World Development Indicators (SP.POP.TOTL), sourced from UN World Population Prospects and national statistical offices",evidence/api/wb_SP_POP_TOTL_2001-2022_retrieved_2026-10-07.json,10566332.0,,WB,EXACT,0.0
CZE,2017,population,10594438.0,A,"World Bank, World Development Indicators (SP.POP.TOTL), sourced from UN World Population Prospects and national statistical offices",evidence/api/wb_SP_POP_TOTL_2001-2022_retrieved_2026-10-07.json,10594438.0,,WB,EXACT,0.0
CZE,2018,population,10629928.0,A,"World Bank, World Development Indicators (SP.POP.TOTL), sourced from UN World Population Prospects and national statistical offices",evidence/api/wb_SP_POP_TOTL_2001-2022_retrieved_2026-10-07.json,10629928.0,,WB,EXACT,0.0
CZE,2019,population,10671870.0,A,"World Bank, World Development Indicators (SP.POP.TOTL), sourced from UN World Population Prospects and national statistical offices",evidence/api/wb_SP_POP_TOTL_2001-2022_retrieved_2026-10-07.json,10671870.0,,WB,EXACT,0.0
CZE,2020,population,10697858.0,A,"World Bank, World Development Indicators (SP.POP.TOTL), sourced from UN World Population Prospects and national statistical offices",evidence/api/wb_SP_POP_TOTL_2001-2022_retrieved_2026-10-07.json,10697858.0,,WB,EXACT,0.0
CZE,2021,population,10505772.0,A,"World Bank, World Development Indicators (SP.POP.TOTL), sourced from UN World Population Prospects and national statistical offices",evidence/api/wb_SP_POP_TOTL_2001-2022_retrieved_2026-10-07.json,10505772.0,,WB,EXACT,0.0
CZE,2022,population,10672118.0,A,"World Bank, World Development Indicators (SP.POP.TOTL), sourced from UN World Population Prospects and national statistical offices",evidence/api/wb_SP_POP_TOTL_2001-2022_retrieved_2026-10-07.json,10672118.0,,WB,EXACT,0.0
DNK,2001,population,5358783.0,A,"World Bank, World Development Indicators (SP.POP.TOTL), sourced from UN World Population Prospects and national statistical offices",evidence/api/wb_SP_POP_TOTL_2001-2022_retrieved_2026-10-07.json,5358783.0,,WB,EXACT,0.0
DNK,2002,population,5375931.0,A,"World Bank, World Development Indicators (SP.POP.TOTL), sourced from UN World Population Prospects and national statistical offices",evidence/api/wb_SP_POP_TOTL_2001-2022_retrieved_2026-10-07.json,5375931.0,,WB,EXACT,0.0
DNK,2003,population,5390574.0,A,"World Bank, World Development Indicators (SP.POP.TOTL), sourced from UN World Population Prospects and national statistical offices",evidence/api/wb_SP_POP_TOTL_2001-2022_retrieved_2026-10-07.json,5390574.0,,WB,EXACT,0.0
DNK,2004,population,5404523.0,A,"World Bank, World Development Indicators (SP.POP.TOTL), sourced from UN World Population Prospects and national statistical offices",evidence/api/wb_SP_POP_TOTL_2001-2022_retrieved_2026-10-07.json,5404523.0,,WB,EXACT,0.0
DNK,2005,population,5419432.0,A,"World Bank, World Development Indicators (SP.POP.TOTL), sourced from UN World Population Prospects and national statistical offices",evidence/api/wb_SP_POP_TOTL_2001-2022_retrieved_2026-10-07.json,5419432.0,,WB,EXACT,0.0
DNK,2006,population,5437272.0,A,"World Bank, World Development Indicators (SP.POP.TOTL), sourced from UN World Population Prospects and national statistical offices",evidence/api/wb_SP_POP_TOTL_2001-2022_retrieved_2026-10-07.json,5437272.0,,WB,EXACT,0.0
DNK,2007,population,5461438.0,A,"World Bank, World Development Indicators (SP.POP.TOTL), sourced from UN World Population Prospects and national statistical offices",evidence/api/wb_SP_POP_TOTL_2001-2022_retrieved_2026-10-07.json,5461438.0,,WB,EXACT,0.0
DNK,2008,population,5493621.0,A,"World Bank, World Development Indicators (SP.POP.TOTL), sourced from UN World Population Prospects and national statistical offices",evidence/api/wb_SP_POP_TOTL_2001-2022_retrieved_2026-10-07.json,5493621.0,,WB,EXACT,0.0
DNK,2009,population,5523095.0,A,"World Bank, World Development Indicators (SP.POP.TOTL), sourced from UN World Population Prospects and national statistical offices",evidence/api/wb_SP_POP_TOTL_2001-2022_retrieved_2026-10-07.json,5523095.0,,WB,EXACT,0.0
DNK,2010,population,5547683.0,A,"World Bank, World Development Indicators (SP.POP.TOTL), sourced from UN World Population Prospects and national statistical offices",evidence/api/wb_SP_POP_TOTL_2001-2022_retrieved_2026-10-07.json,5547683.0,,WB,EXACT,0.0
DNK,2011,population,5570572.0,A,"World Bank, World Development Indicators (SP.POP.TOTL), sourced from UN World Population Prospects and national statistical offices",evidence/api/wb_SP_POP_TOTL_2001-2022_retrieved_2026-10-07.json,5570572.0,,WB,EXACT,0.0
DNK,2012,population,5591572.0,A,"World Bank, World Development Indicators (SP.POP.TOTL), sourced from UN World Population Prospects and national statistical offices",evidence/api/wb_SP_POP_TOTL_2001-2022_retrieved_2026-10-07.json,5591572.0,,WB,EXACT,0.0
DNK,2013,population,5614932.0,A,"World Bank, World Development Indicators (SP.POP.TOTL), sourced from UN World Population Prospects and national statistical offices",evidence/api/wb_SP_POP_TOTL_2001-2022_retrieved_2026-10-07.json,5614932.0,,WB,EXACT,0.0
DNK,2014,population,5643475.0,A,"World Bank, World Development Indicators (SP.POP.TOTL), sourced from UN World Population Prospects and national statistical offices",evidence/api/wb_SP_POP_TOTL_2001-2022_retrieved_2026-10-07.json,5643475.0,,WB,EXACT,0.0
DNK,2015,population,5683483.0,A,"World Bank, World Development Indicators (SP.POP.TOTL), sourced from UN World Population Prospects and national statistical offices",evidence/api/wb_SP_POP_TOTL_2001-2022_retrieved_2026-10-07.json,5683483.0,,WB,EXACT,0.0
DNK,2016,population,5728010.0,A,"World Bank, World Development Indicators (SP.POP.TOTL), sourced from UN World Population Prospects and national statistical offices",evidence/api/wb_SP_POP_TOTL_2001-2022_retrieved_2026-10-07.json,5728010.0,,WB,EXACT,0.0
DNK,2017,population,5764980.0,A,"World Bank, World Development Indicators (SP.POP.TOTL), sourced from UN World Population Prospects and national statistical offices",evidence/api/wb_SP_POP_TOTL_2001-2022_retrieved_2026-10-07.json,5764980.0,,WB,EXACT,0.0
DNK,2018,population,5793636.0,A,"World Bank, World Development Indicators (SP.POP.TOTL), sourced from UN World Population Prospects and national statistical offices",evidence/api/wb_SP_POP_TOTL_2001-2022_retrieved_2026-10-07.json,5793636.0,,WB,EXACT,0.0
DNK,2019,population,5814422.0,A,"World Bank, World Development Indicators (SP.POP.TOTL), sourced from UN World Population Prospects and national statistical offices",evidence/api/wb_SP_POP_TOTL_2001-2022_retrieved_2026-10-07.json,5814422.0,,WB,EXACT,0.0
DNK,2020,population,5831404.0,A,"World Bank, World Development Indicators (SP.POP.TOTL), sourced from UN World Population Prospects and national statistical offices",evidence/api/wb_SP_POP_TOTL_2001-2022_retrieved_2026-10-07.json,5831404.0,,WB,EXACT,0.0
DNK,2021,population,5856733.0,A,"World Bank, World Development Indicators (SP.POP.TOTL), sourced from UN World Population Prospects and national statistical offices",evidence/api/wb_SP_POP_TOTL_2001-2022_retrieved_2026-10-07.json,5856733.0,,WB,EXACT,0.0
DNK,2022,population,5903037.0,A,"World Bank, World Development Indicators (SP.POP.TOTL), sourced from UN World Population Prospects and national statistical offices",evidence/api/wb_SP_POP_TOTL_2001-2022_retrieved_2026-10-07.json,5903037.0,,WB,EXACT,0.0
FIN,2001,population,5188008.0,A,"World Bank, World Development Indicators (SP.POP.TOTL), sourced from UN World Population Prospects and national statistical offices",evidence/api/wb_SP_POP_TOTL_2001-2022_retrieved_2026-10-07.json,5188008.0,,WB,EXACT,0.0
FIN,2002,population,5200598.0,A,"World Bank, World Development Indicators (SP.POP.TOTL), sourced from UN World Population Prospects and national statistical offices",evidence/api/wb_SP_POP_TOTL_2001-2022_retrieved_2026-10-07.json,5200598.0,,WB,EXACT,0.0
FIN,2003,population,5213014.0,A,"World Bank, World Development Indicators (SP.POP.TOTL), sourced from UN World Population Prospects and national statistical offices",evidence/api/wb_SP_POP_TOTL_2001-2022_retrieved_2026-10-07.json,5213014.0,,WB,EXACT,0.0
FIN,2004,population,5228172.0,A,"World Bank, World Development Indicators (SP.POP.TOTL), sourced from UN World Population Prospects and national statistical offices",evidence/api/wb_SP_POP_TOTL_2001-2022_retrieved_2026-10-07.json,5228172.0,,WB,EXACT,0.0
FIN,2005,population,5246096.0,A,"World Bank, World Development Indicators (SP.POP.TOTL), sourced from UN World Population Prospects and national statistical offices",evidence/api/wb_SP_POP_TOTL_2001-2022_retrieved_2026-10-07.json,5246096.0,,WB,EXACT,0.0
FIN,2006,population,5266268.0,A,"World Bank, World Development Indicators (SP.POP.TOTL), sourced from UN World Population Prospects and national statistical offices",evidence/api/wb_SP_POP_TOTL_2001-2022_retrieved_2026-10-07.json,5266268.0,,WB,EXACT,0.0
FIN,2007,population,5288720.0,A,"World Bank, World Development Indicators (SP.POP.TOTL), sourced from UN World Population Prospects and national statistical offices",evidence/api/wb_SP_POP_TOTL_2001-2022_retrieved_2026-10-07.json,5288720.0,,WB,EXACT,0.0
FIN,2008,population,5313399.0,A,"World Bank, World Development Indicators (SP.POP.TOTL), sourced from UN World Population Prospects and national statistical offices",evidence/api/wb_SP_POP_TOTL_2001-2022_retrieved_2026-10-07.json,5313399.0,,WB,EXACT,0.0
FIN,2009,population,5338871.0,A,"World Bank, World Development Indicators (SP.POP.TOTL), sourced from UN World Population Prospects and national statistical offices",evidence/api/wb_SP_POP_TOTL_2001-2022_retrieved_2026-10-07.json,5338871.0,,WB,EXACT,0.0
FIN,2010,population,5363352.0,A,"World Bank, World Development Indicators (SP.POP.TOTL), sourced from UN World Population Prospects and national statistical offices",evidence/api/wb_SP_POP_TOTL_2001-2022_retrieved_2026-10-07.json,5363352.0,,WB,EXACT,0.0
FIN,2011,population,5388272.0,A,"World Bank, World Development Indicators (SP.POP.TOTL), sourced from UN World Population Prospects and national statistical offices",evidence/api/wb_SP_POP_TOTL_2001-2022_retrieved_2026-10-07.json,5388272.0,,WB,EXACT,0.0
FIN,2012,population,5413971.0,A,"World Bank, World Development Indicators (SP.POP.TOTL), sourced from UN World Population Prospects and national statistical offices",evidence/api/wb_SP_POP_TOTL_2001-2022_retrieved_2026-10-07.json,5413971.0,,WB,EXACT,0.0
FIN,2013,population,5438972.0,A,"World Bank, World Development Indicators (SP.POP.TOTL), sourced from UN World Population Prospects and national statistical offices",evidence/api/wb_SP_POP_TOTL_2001-2022_retrieved_2026-10-07.json,5438972.0,,WB,EXACT,0.0
FIN,2014,population,5461512.0,A,"World Bank, World Development Indicators (SP.POP.TOTL), sourced from UN World Population Prospects and national statistical offices",evidence/api/wb_SP_POP_TOTL_2001-2022_retrieved_2026-10-07.json,5461512.0,,WB,EXACT,0.0
FIN,2015,population,5479531.0,A,"World Bank, World Development Indicators (SP.POP.TOTL), sourced from UN World Population Prospects and national statistical offices",evidence/api/wb_SP_POP_TOTL_2001-2022_retrieved_2026-10-07.json,5479531.0,,WB,EXACT,0.0
FIN,2016,population,5495303.0,A,"World Bank, World Development Indicators (SP.POP.TOTL), sourced from UN World Population Prospects and national statistical offices",evidence/api/wb_SP_POP_TOTL_2001-2022_retrieved_2026-10-07.json,5495303.0,,WB,EXACT,0.0
FIN,2017,population,5508214.0,A,"World Bank, World Development Indicators (SP.POP.TOTL), sourced from UN World Population Prospects and national statistical offices",evidence/api/wb_SP_POP_TOTL_2001-2022_retrieved_2026-10-07.json,5508214.0,,WB,EXACT,0.0
FIN,2018,population,5515525.0,A,"World Bank, World Development Indicators (SP.POP.TOTL), sourced from UN World Population Prospects and national statistical offices",evidence/api/wb_SP_POP_TOTL_2001-2022_retrieved_2026-10-07.json,5515525.0,,WB,EXACT,0.0
FIN,2019,population,5521606.0,A,"World Bank, World Development Indicators (SP.POP.TOTL), sourced from UN World Population Prospects and national statistical offices",evidence/api/wb_SP_POP_TOTL_2001-2022_retrieved_2026-10-07.json,5521606.0,,WB,EXACT,0.0
FIN,2020,population,5529543.0,A,"World Bank, World Development Indicators (SP.POP.TOTL), sourced from UN World Population Prospects and national statistical offices",evidence/api/wb_SP_POP_TOTL_2001-2022_retrieved_2026-10-07.json,5529543.0,,WB,EXACT,0.0
FIN,2021,population,5541017.0,A,"World Bank, World Development Indicators (SP.POP.TOTL), sourced from UN World Population Prospects and national statistical offices",evidence/api/wb_SP_POP_TOTL_2001-2022_retrieved_2026-10-07.json,5541017.0,,WB,EXACT,0.0
FIN,2022,population,5556106.0,A,"World Bank, World Development Indicators (SP.POP.TOTL), sourced from UN World Population Prospects and national statistical offices",evidence/api/wb_SP_POP_TOTL_2001-2022_retrieved_2026-10-07.json,5556106.0,,WB,EXACT,0.0
FRA,2001,population,61364377.0,A,"World Bank, World Development Indicators (SP.POP.TOTL), sourced from UN World Population Prospects and national statistical offices",evidence/api/wb_SP_POP_TOTL_2001-2022_retrieved_2026-10-07.json,61364377.0,,WB,EXACT,0.0
FRA,2002,population,61812142.0,A,"World Bank, World Development Indicators (SP.POP.TOTL), sourced from UN World Population Prospects and national statistical offices",evidence/api/wb_SP_POP_TOTL_2001-2022_retrieved_2026-10-07.json,61812142.0,,WB,EXACT,0.0
FRA,2003,population,62249855.0,A,"World Bank, World Development Indicators (SP.POP.TOTL), sourced from UN World Population Prospects and national statistical offices",evidence/api/wb_SP_POP_TOTL_2001-2022_retrieved_2026-10-07.json,62249855.0,,WB,EXACT,0.0
FRA,2004,population,62707588.0,A,"World Bank, World Development Indicators (SP.POP.TOTL), sourced from UN World Population Prospects and national statistical offices",evidence/api/wb_SP_POP_TOTL_2001-2022_retrieved_2026-10-07.json,62707588.0,,WB,EXACT,0.0
FRA,2005,population,63180854.0,A,"World Bank, World Development Indicators (SP.POP.TOTL), sourced from UN World Population Prospects and national statistical offices",evidence/api/wb_SP_POP_TOTL_2001-2022_retrieved_2026-10-07.json,63180854.0,,WB,EXACT,0.0
FRA,2006,population,63622342.0,A,"World Bank, World Development Indicators (SP.POP.TOTL), sourced from UN World Population Prospects and national statistical offices",evidence/api/wb_SP_POP_TOTL_2001-2022_retrieved_2026-10-07.json,63622342.0,,WB,EXACT,0.0
FRA,2007,population,64016890.0,A,"World Bank, World Development Indicators (SP.POP.TOTL), sourced from UN World Population Prospects and national statistical offices",evidence/api/wb_SP_POP_TOTL_2001-2022_retrieved_2026-10-07.json,64016890.0,,WB,EXACT,0.0
FRA,2008,population,64375116.0,A,"World Bank, World Development Indicators (SP.POP.TOTL), sourced from UN World Population Prospects and national statistical offices",evidence/api/wb_SP_POP_TOTL_2001-2022_retrieved_2026-10-07.json,64375116.0,,WB,EXACT,0.0
FRA,2009,population,64706436.0,A,"World Bank, World Development Indicators (SP.POP.TOTL), sourced from UN World Population Prospects and national statistical offices",evidence/api/wb_SP_POP_TOTL_2001-2022_retrieved_2026-10-07.json,64706436.0,,WB,EXACT,0.0
FRA,2010,population,65026211.0,A,"World Bank, World Development Indicators (SP.POP.TOTL), sourced from UN World Population Prospects and national statistical offices",evidence/api/wb_SP_POP_TOTL_2001-2022_retrieved_2026-10-07.json,65026211.0,,WB,EXACT,0.0
FRA,2011,population,65340830.0,A,"World Bank, World Development Indicators (SP.POP.TOTL), sourced from UN World Population Prospects and national statistical offices",evidence/api/wb_SP_POP_TOTL_2001-2022_retrieved_2026-10-07.json,65340830.0,,WB,EXACT,0.0
FRA,2012,population,65657659.0,A,"World Bank, World Development Indicators (SP.POP.TOTL), sourced from UN World Population Prospects and national statistical offices",evidence/api/wb_SP_POP_TOTL_2001-2022_retrieved_2026-10-07.json,65657659.0,,WB,EXACT,0.0
FRA,2013,population,65997932.0,A,"World Bank, World Development Indicators (SP.POP.TOTL), sourced from UN World Population Prospects and national statistical offices",evidence/api/wb_SP_POP_TOTL_2001-2022_retrieved_2026-10-07.json,65997932.0,,WB,EXACT,0.0
FRA,2014,population,66312067.0,A,"World Bank, World Development Indicators (SP.POP.TOTL), sourced from UN World Population Prospects and national statistical offices",evidence/api/wb_SP_POP_TOTL_2001-2022_retrieved_2026-10-07.json,66312067.0,,WB,EXACT,0.0
FRA,2015,population,66548272.0,A,"World Bank, World Development Indicators (SP.POP.TOTL), sourced from UN World Population Prospects and national statistical offices",evidence/api/wb_SP_POP_TOTL_2001-2022_retrieved_2026-10-07.json,66548272.0,,WB,EXACT,0.0
FRA,2016,population,66724104.0,A,"World Bank, World Development Indicators (SP.POP.TOTL), sourced from UN World Population Prospects and national statistical offices",evidence/api/wb_SP_POP_TOTL_2001-2022_retrieved_2026-10-07.json,66724104.0,,WB,EXACT,0.0
FRA,2017,population,66918020.0,A,"World Bank, World Development Indicators (SP.POP.TOTL), sourced from UN World Population Prospects and national statistical offices",evidence/api/wb_SP_POP_TOTL_2001-2022_retrieved_2026-10-07.json,66918020.0,,WB,EXACT,0.0
FRA,2018,population,67158348.0,A,"World Bank, World Development Indicators (SP.POP.TOTL), sourced from UN World Population Prospects and national statistical offices",evidence/api/wb_SP_POP_TOTL_2001-2022_retrieved_2026-10-07.json,67158348.0,,WB,EXACT,0.0
FRA,2019,population,67382061.0,A,"World Bank, World Development Indicators (SP.POP.TOTL), sourced from UN World Population Prospects and national statistical offices",evidence/api/wb_SP_POP_TOTL_2001-2022_retrieved_2026-10-07.json,67382061.0,,WB,EXACT,0.0
FRA,2020,population,67601110.0,A,"World Bank, World Development Indicators (SP.POP.TOTL), sourced from UN World Population Prospects and national statistical offices",evidence/api/wb_SP_POP_TOTL_2001-2022_retrieved_2026-10-07.json,67601110.0,,WB,EXACT,0.0
FRA,2021,population,67842811.0,A,"World Bank, World Development Indicators (SP.POP.TOTL), sourced from UN World Population Prospects and national statistical offices",evidence/api/wb_SP_POP_TOTL_2001-2022_retrieved_2026-10-07.json,67842811.0,,WB,EXACT,0.0
FRA,2022,population,68184457.0,A,"World Bank, World Development Indicators (SP.POP.TOTL), sourced from UN World Population Prospects and national statistical offices",evidence/api/wb_SP_POP_TOTL_2001-2022_retrieved_2026-10-07.json,68184457.0,,WB,EXACT,0.0
DEU,2001,population,82349925.0,A,"World Bank, World Development Indicators (SP.POP.TOTL), sourced from UN World Population Prospects and national statistical offices",evidence/api/wb_SP_POP_TOTL_2001-2022_retrieved_2026-10-07.json,82349925.0,,WB,EXACT,0.0
DEU,2002,population,82488495.0,A,"World Bank, World Development Indicators (SP.POP.TOTL), sourced from UN World Population Prospects and national statistical offices",evidence/api/wb_SP_POP_TOTL_2001-2022_retrieved_2026-10-07.json,82488495.0,,WB,EXACT,0.0
DEU,2003,population,82534176.0,A,"World Bank, World Development Indicators (SP.POP.TOTL), sourced from UN World Population Prospects and national statistical offices",evidence/api/wb_SP_POP_TOTL_2001-2022_retrieved_2026-10-07.json,82534176.0,,WB,EXACT,0.0
DEU,2004,population,82516260.0,A,"World Bank, World Development Indicators (SP.POP.TOTL), sourced from UN World Population Prospects and national statistical offices",evidence/api/wb_SP_POP_TOTL_2001-2022_retrieved_2026-10-07.json,82516260.0,,WB,EXACT,0.0
DEU,2005,population,82469422.0,A,"World Bank, World Development Indicators (SP.POP.TOTL), sourced from UN World Population Prospects and national statistical offices",evidence/api/wb_SP_POP_TOTL_2001-2022_retrieved_2026-10-07.json,82469422.0,,WB,EXACT,0.0
DEU,2006,population,82376451.0,A,"World Bank, World Development Indicators (SP.POP.TOTL), sourced from UN World Population Prospects and national statistical offices",evidence/api/wb_SP_POP_TOTL_2001-2022_retrieved_2026-10-07.json,82376451.0,,WB,EXACT,0.0
DEU,2007,population,82266372.0,A,"World Bank, World Development Indicators (SP.POP.TOTL), sourced from UN World Population Prospects and national statistical offices",evidence/api/wb_SP_POP_TOTL_2001-2022_retrieved_2026-10-07.json,82266372.0,,WB,EXACT,0.0
DEU,2008,population,82110097.0,A,"World Bank, World Development Indicators (SP.POP.TOTL), sourced from UN World Population Prospects and national statistical offices",evidence/api/wb_SP_POP_TOTL_2001-2022_retrieved_2026-10-07.json,82110097.0,,WB,EXACT,0.0
DEU,2009,population,81902307.0,A,"World Bank, World Development Indicators (SP.POP.TOTL), sourced from UN World Population Prospects and national statistical offices",evidence/api/wb_SP_POP_TOTL_2001-2022_retrieved_2026-10-07.json,81902307.0,,WB,EXACT,0.0
DEU,2010,population,81776930.0,A,"World Bank, World Development Indicators (SP.POP.TOTL), sourced from UN World Population Prospects and national statistical offices",evidence/api/wb_SP_POP_TOTL_2001-2022_retrieved_2026-10-07.json,81776930.0,,WB,EXACT,0.0
DEU,2011,population,80274983.0,A,"World Bank, World Development Indicators (SP.POP.TOTL), sourced from UN World Population Prospects and national statistical offices",evidence/api/wb_SP_POP_TOTL_2001-2022_retrieved_2026-10-07.json,80274983.0,,WB,EXACT,0.0
DEU,2012,population,80425823.0,A,"World Bank, World Development Indicators (SP.POP.TOTL), sourced from UN World Population Prospects and national statistical offices",evidence/api/wb_SP_POP_TOTL_2001-2022_retrieved_2026-10-07.json,80425823.0,,WB,EXACT,0.0
DEU,2013,population,80645605.0,A,"World Bank, World Development Indicators (SP.POP.TOTL), sourced from UN World Population Prospects and national statistical offices",evidence/api/wb_SP_POP_TOTL_2001-2022_retrieved_2026-10-07.json,80645605.0,,WB,EXACT,0.0
DEU,2014,population,80982500.0,A,"World Bank, World Development Indicators (SP.POP.TOTL), sourced from UN World Population Prospects and national statistical offices",evidence/api/wb_SP_POP_TOTL_2001-2022_retrieved_2026-10-07.json,80982500.0,,WB,EXACT,0.0
DEU,2015,population,81686611.0,A,"World Bank, World Development Indicators (SP.POP.TOTL), sourced from UN World Population Prospects and national statistical offices",evidence/api/wb_SP_POP_TOTL_2001-2022_retrieved_2026-10-07.json,81686611.0,,WB,EXACT,0.0
DEU,2016,population,82348669.0,A,"World Bank, World Development Indicators (SP.POP.TOTL), sourced from UN World Population Prospects and national statistical offices",evidence/api/wb_SP_POP_TOTL_2001-2022_retrieved_2026-10-07.json,82348669.0,,WB,EXACT,0.0
DEU,2017,population,82657002.0,A,"World Bank, World Development Indicators (SP.POP.TOTL), sourced from UN World Population Prospects and national statistical offices",evidence/api/wb_SP_POP_TOTL_2001-2022_retrieved_2026-10-07.json,82657002.0,,WB,EXACT,0.0
DEU,2018,population,82905782.0,A,"World Bank, World Development Indicators (SP.POP.TOTL), sourced from UN World Population Prospects and national statistical offices",evidence/api/wb_SP_POP_TOTL_2001-2022_retrieved_2026-10-07.json,82905782.0,,WB,EXACT,0.0
DEU,2019,population,83092962.0,A,"World Bank, World Development Indicators (SP.POP.TOTL), sourced from UN World Population Prospects and national statistical offices",evidence/api/wb_SP_POP_TOTL_2001-2022_retrieved_2026-10-07.json,83092962.0,,WB,EXACT,0.0
DEU,2020,population,83160871.0,A,"World Bank, World Development Indicators (SP.POP.TOTL), sourced from UN World Population Prospects and national statistical offices",evidence/api/wb_SP_POP_TOTL_2001-2022_retrieved_2026-10-07.json,83160871.0,,WB,EXACT,0.0
DEU,2021,population,83196078.0,A,"World Bank, World Development Indicators (SP.POP.TOTL), sourced from UN World Population Prospects and national statistical offices",evidence/api/wb_SP_POP_TOTL_2001-2022_retrieved_2026-10-07.json,83196078.0,,WB,EXACT,0.0
DEU,2022,population,83177813.0,A,"World Bank, World Development Indicators (SP.POP.TOTL), sourced from UN World Population Prospects and national statistical offices",evidence/api/wb_SP_POP_TOTL_2001-2022_retrieved_2026-10-07.json,83177813.0,,WB,EXACT,0.0
HUN,2001,population,10187576.0,A,"World Bank, World Development Indicators (SP.POP.TOTL), sourced from UN World Population Prospects and national statistical offices",evidence/api/wb_SP_POP_TOTL_2001-2022_retrieved_2026-10-07.json,10187576.0,,WB,EXACT,0.0
HUN,2002,population,10158608.0,A,"World Bank, World Development Indicators (SP.POP.TOTL), sourced from UN World Population Prospects and national statistical offices",evidence/api/wb_SP_POP_TOTL_2001-2022_retrieved_2026-10-07.json,10158608.0,,WB,EXACT,0.0
HUN,2003,population,10129552.0,A,"World Bank, World Development Indicators (SP.POP.TOTL), sourced from UN World Population Prospects and national statistical offices",evidence/api/wb_SP_POP_TOTL_2001-2022_retrieved_2026-10-07.json,10129552.0,,WB,EXACT,0.0
HUN,2004,population,10107146.0,A,"World Bank, World Development Indicators (SP.POP.TOTL), sourced from UN World Population Prospects and national statistical offices",evidence/api/wb_SP_POP_TOTL_2001-2022_retrieved_2026-10-07.json,10107146.0,,WB,EXACT,0.0
HUN,2005,population,10087065.0,A,"World Bank, World Development Indicators (SP.POP.TOTL), sourced from UN World Population Prospects and national statistical offices",evidence/api/wb_SP_POP_TOTL_2001-2022_retrieved_2026-10-07.json,10087065.0,,WB,EXACT,0.0
HUN,2006,population,10071370.0,A,"World Bank, World Development Indicators (SP.POP.TOTL), sourced from UN World Population Prospects and national statistical offices",evidence/api/wb_SP_POP_TOTL_2001-2022_retrieved_2026-10-07.json,10071370.0,,WB,EXACT,0.0
HUN,2007,population,10055780.0,A,"World Bank, World Development Indicators (SP.POP.TOTL), sourced from UN World Population Prospects and national statistical offices",evidence/api/wb_SP_POP_TOTL_2001-2022_retrieved_2026-10-07.json,10055780.0,,WB,EXACT,0.0
HUN,2008,population,10038188.0,A,"World Bank, World Development Indicators (SP.POP.TOTL), sourced from UN World Population Prospects and national statistical offices",evidence/api/wb_SP_POP_TOTL_2001-2022_retrieved_2026-10-07.json,10038188.0,,WB,EXACT,0.0
HUN,2009,population,10022650.0,A,"World Bank, World Development Indicators (SP.POP.TOTL), sourced from UN World Population Prospects and national statistical offices",evidence/api/wb_SP_POP_TOTL_2001-2022_retrieved_2026-10-07.json,10022650.0,,WB,EXACT,0.0
HUN,2010,population,10000023.0,A,"World Bank, World Development Indicators (SP.POP.TOTL), sourced from UN World Population Prospects and national statistical offices",evidence/api/wb_SP_POP_TOTL_2001-2022_retrieved_2026-10-07.json,10000023.0,,WB,EXACT,0.0
HUN,2011,population,9971727.0,A,"World Bank, World Development Indicators (SP.POP.TOTL), sourced from UN World Population Prospects and national statistical offices",evidence/api/wb_SP_POP_TOTL_2001-2022_retrieved_2026-10-07.json,9971727.0,,WB,EXACT,0.0
HUN,2012,population,9920362.0,A,"World Bank, World Development Indicators (SP.POP.TOTL), sourced from UN World Population Prospects and national statistical offices",evidence/api/wb_SP_POP_TOTL_2001-2022_retrieved_2026-10-07.json,9920362.0,,WB,EXACT,0.0
HUN,2013,population,9872734.0,A,"World Bank, World Development Indicators (SP.POP.TOTL), sourced from UN World Population Prospects and national statistical offices",evidence/api/wb_SP_POP_TOTL_2001-2022_retrieved_2026-10-07.json,9872734.0,,WB,EXACT,0.0
HUN,2014,population,9833038.0,A,"World Bank, World Development Indicators (SP.POP.TOTL), sourced from UN World Population Prospects and national statistical offices",evidence/api/wb_SP_POP_TOTL_2001-2022_retrieved_2026-10-07.json,9833038.0,,WB,EXACT,0.0
HUN,2015,population,9797755.0,A,"World Bank, World Development Indicators (SP.POP.TOTL), sourced from UN World Population Prospects and national statistical offices",evidence/api/wb_SP_POP_TOTL_2001-2022_retrieved_2026-10-07.json,9797755.0,,WB,EXACT,0.0
HUN,2016,population,9759755.0,A,"World Bank, World Development Indicators (SP.POP.TOTL), sourced from UN World Population Prospects and national statistical offices",evidence/api/wb_SP_POP_TOTL_2001-2022_retrieved_2026-10-07.json,9759755.0,,WB,EXACT,0.0
HUN,2017,population,9726756.0,A,"World Bank, World Development Indicators (SP.POP.TOTL), sourced from UN World Population Prospects and national statistical offices",evidence/api/wb_SP_POP_TOTL_2001-2022_retrieved_2026-10-07.json,9726756.0,,WB,EXACT,0.0
HUN,2018,population,9706964.0,A,"World Bank, World Development Indicators (SP.POP.TOTL), sourced from UN World Population Prospects and national statistical offices",evidence/api/wb_SP_POP_TOTL_2001-2022_retrieved_2026-10-07.json,9706964.0,,WB,EXACT,0.0
HUN,2019,population,9694824.0,A,"World Bank, World Development Indicators (SP.POP.TOTL), sourced from UN World Population Prospects and national statistical offices",evidence/api/wb_SP_POP_TOTL_2001-2022_retrieved_2026-10-07.json,9694824.0,,WB,EXACT,0.0
HUN,2020,population,9670419.0,A,"World Bank, World Development Indicators (SP.POP.TOTL), sourced from UN World Population Prospects and national statistical offices",evidence/api/wb_SP_POP_TOTL_2001-2022_retrieved_2026-10-07.json,9670419.0,,WB,EXACT,0.0
HUN,2021,population,9630932.0,A,"World Bank, World Development Indicators (SP.POP.TOTL), sourced from UN World Population Prospects and national statistical offices",evidence/api/wb_SP_POP_TOTL_2001-2022_retrieved_2026-10-07.json,9630932.0,,WB,EXACT,0.0
HUN,2022,population,9605074.0,A,"World Bank, World Development Indicators (SP.POP.TOTL), sourced from UN World Population Prospects and national statistical offices",evidence/api/wb_SP_POP_TOTL_2001-2022_retrieved_2026-10-07.json,9605074.0,,WB,EXACT,0.0
ISL,2001,population,284968.0,A,"World Bank, World Development Indicators (SP.POP.TOTL), sourced from UN World Population Prospects and national statistical offices",evidence/api/wb_SP_POP_TOTL_2001-2022_retrieved_2026-10-07.json,284968.0,,WB,EXACT,0.0
ISL,2002,population,287523.0,A,"World Bank, World Development Indicators (SP.POP.TOTL), sourced from UN World Population Prospects and national statistical offices",evidence/api/wb_SP_POP_TOTL_2001-2022_retrieved_2026-10-07.json,287523.0,,WB,EXACT,0.0
ISL,2003,population,289521.0,A,"World Bank, World Development Indicators (SP.POP.TOTL), sourced from UN World Population Prospects and national statistical offices",evidence/api/wb_SP_POP_TOTL_2001-2022_retrieved_2026-10-07.json,289521.0,,WB,EXACT,0.0
ISL,2004,population,292074.0,A,"World Bank, World Development Indicators (SP.POP.TOTL), sourced from UN World Population Prospects and national statistical offices",evidence/api/wb_SP_POP_TOTL_2001-2022_retrieved_2026-10-07.json,292074.0,,WB,EXACT,0.0
ISL,2005,population,296734.0,A,"World Bank, World Development Indicators (SP.POP.TOTL), sourced from UN World Population Prospects and national statistical offices",evidence/api/wb_SP_POP_TOTL_2001-2022_retrieved_2026-10-07.json,296734.0,,WB,EXACT,0.0
ISL,2006,population,303782.0,A,"World Bank, World Development Indicators (SP.POP.TOTL), sourced from UN World Population Prospects and national statistical offices",evidence/api/wb_SP_POP_TOTL_2001-2022_retrieved_2026-10-07.json,303782.0,,WB,EXACT,0.0
ISL,2007,population,311566.0,A,"World Bank, World Development Indicators (SP.POP.TOTL), sourced from UN World Population Prospects and national statistical offices",evidence/api/wb_SP_POP_TOTL_2001-2022_retrieved_2026-10-07.json,311566.0,,WB,EXACT,0.0
ISL,2008,population,317414.0,A,"World Bank, World Development Indicators (SP.POP.TOTL), sourced from UN World Population Prospects and national statistical offices",evidence/api/wb_SP_POP_TOTL_2001-2022_retrieved_2026-10-07.json,317414.0,,WB,EXACT,0.0
ISL,2009,population,318499.0,A,"World Bank, World Development Indicators (SP.POP.TOTL), sourced from UN World Population Prospects and national statistical offices",evidence/api/wb_SP_POP_TOTL_2001-2022_retrieved_2026-10-07.json,318499.0,,WB,EXACT,0.0
ISL,2010,population,318041.0,A,"World Bank, World Development Indicators (SP.POP.TOTL), sourced from UN World Population Prospects and national statistical offices",evidence/api/wb_SP_POP_TOTL_2001-2022_retrieved_2026-10-07.json,318041.0,,WB,EXACT,0.0
ISL,2011,population,319014.0,A,"World Bank, World Development Indicators (SP.POP.TOTL), sourced from UN World Population Prospects and national statistical offices",evidence/api/wb_SP_POP_TOTL_2001-2022_retrieved_2026-10-07.json,319014.0,,WB,EXACT,0.0
ISL,2012,population,320716.0,A,"World Bank, World Development Indicators (SP.POP.TOTL), sourced from UN World Population Prospects and national statistical offices",evidence/api/wb_SP_POP_TOTL_2001-2022_retrieved_2026-10-07.json,320716.0,,WB,EXACT,0.0
ISL,2013,population,323764.0,A,"World Bank, World Development Indicators (SP.POP.TOTL), sourced from UN World Population Prospects and national statistical offices",evidence/api/wb_SP_POP_TOTL_2001-2022_retrieved_2026-10-07.json,323764.0,,WB,EXACT,0.0
ISL,2014,population,327386.0,A,"World Bank, World Development Indicators (SP.POP.TOTL), sourced from UN World Population Prospects and national statistical offices",evidence/api/wb_SP_POP_TOTL_2001-2022_retrieved_2026-10-07.json,327386.0,,WB,EXACT,0.0
ISL,2015,population,330815.0,A,"World Bank, World Development Indicators (SP.POP.TOTL), sourced from UN World Population Prospects and national statistical offices",evidence/api/wb_SP_POP_TOTL_2001-2022_retrieved_2026-10-07.json,330815.0,,WB,EXACT,0.0
ISL,2016,population,335439.0,A,"World Bank, World Development Indicators (SP.POP.TOTL), sourced from UN World Population Prospects and national statistical offices",evidence/api/wb_SP_POP_TOTL_2001-2022_retrieved_2026-10-07.json,335439.0,,WB,EXACT,0.0
ISL,2017,population,343400.0,A,"World Bank, World Development Indicators (SP.POP.TOTL), sourced from UN World Population Prospects and national statistical offices",evidence/api/wb_SP_POP_TOTL_2001-2022_retrieved_2026-10-07.json,343400.0,,WB,EXACT,0.0
ISL,2018,population,352721.0,A,"World Bank, World Development Indicators (SP.POP.TOTL), sourced from UN World Population Prospects and national statistical offices",evidence/api/wb_SP_POP_TOTL_2001-2022_retrieved_2026-10-07.json,352721.0,,WB,EXACT,0.0
ISL,2019,population,360563.0,A,"World Bank, World Development Indicators (SP.POP.TOTL), sourced from UN World Population Prospects and national statistical offices",evidence/api/wb_SP_POP_TOTL_2001-2022_retrieved_2026-10-07.json,360563.0,,WB,EXACT,0.0
ISL,2020,population,366463.0,A,"World Bank, World Development Indicators (SP.POP.TOTL), sourced from UN World Population Prospects and national statistical offices",evidence/api/wb_SP_POP_TOTL_2001-2022_retrieved_2026-10-07.json,366463.0,,WB,EXACT,0.0
ISL,2021,population,372520.0,A,"World Bank, World Development Indicators (SP.POP.TOTL), sourced from UN World Population Prospects and national statistical offices",evidence/api/wb_SP_POP_TOTL_2001-2022_retrieved_2026-10-07.json,372520.0,,WB,EXACT,0.0
ISL,2022,population,382003.0,A,"World Bank, World Development Indicators (SP.POP.TOTL), sourced from UN World Population Prospects and national statistical offices",evidence/api/wb_SP_POP_TOTL_2001-2022_retrieved_2026-10-07.json,382003.0,,WB,EXACT,0.0
IND,2001,population,1077898575.0,A,"World Bank, World Development Indicators (SP.POP.TOTL), sourced from UN World Population Prospects and national statistical offices",evidence/api/wb_SP_POP_TOTL_2001-2022_retrieved_2026-10-07.json,1077898575.0,,WB,EXACT,0.0
IND,2002,population,1097600380.0,A,"World Bank, World Development Indicators (SP.POP.TOTL), sourced from UN World Population Prospects and national statistical offices",evidence/api/wb_SP_POP_TOTL_2001-2022_retrieved_2026-10-07.json,1097600380.0,,WB,EXACT,0.0
IND,2003,population,1116803006.0,A,"World Bank, World Development Indicators (SP.POP.TOTL), sourced from UN World Population Prospects and national statistical offices",evidence/api/wb_SP_POP_TOTL_2001-2022_retrieved_2026-10-07.json,1116803006.0,,WB,EXACT,0.0
IND,2004,population,1135991513.0,A,"World Bank, World Development Indicators (SP.POP.TOTL), sourced from UN World Population Prospects and national statistical offices",evidence/api/wb_SP_POP_TOTL_2001-2022_retrieved_2026-10-07.json,1135991513.0,,WB,EXACT,0.0
IND,2005,population,1154676322.0,A,"World Bank, World Development Indicators (SP.POP.TOTL), sourced from UN World Population Prospects and national statistical offices",evidence/api/wb_SP_POP_TOTL_2001-2022_retrieved_2026-10-07.json,1154676322.0,,WB,EXACT,0.0
IND,2006,population,1172878890.0,A,"World Bank, World Development Indicators (SP.POP.TOTL), sourced from UN World Population Prospects and national statistical offices",evidence/api/wb_SP_POP_TOTL_2001-2022_retrieved_2026-10-07.json,1172878890.0,,WB,EXACT,0.0
IND,2007,population,1190676021.0,A,"World Bank, World Development Indicators (SP.POP.TOTL), sourced from UN World Population Prospects and national statistical offices",evidence/api/wb_SP_POP_TOTL_2001-2022_retrieved_2026-10-07.json,1190676021.0,,WB,EXACT,0.0
IND,2008,population,1207930964.0,A,"World Bank, World Development Indicators (SP.POP.TOTL), sourced from UN World Population Prospects and national statistical offices",evidence/api/wb_SP_POP_TOTL_2001-2022_retrieved_2026-10-07.json,1207930964.0,,WB,EXACT,0.0
IND,2009,population,1225524753.0,A,"World Bank, World Development Indicators (SP.POP.TOTL), sourced from UN World Population Prospects and national statistical offices",evidence/api/wb_SP_POP_TOTL_2001-2022_retrieved_2026-10-07.json,1225524753.0,,WB,EXACT,0.0
IND,2010,population,1243481564.0,A,"World Bank, World Development Indicators (SP.POP.TOTL), sourced from UN World Population Prospects and national statistical offices",evidence/api/wb_SP_POP_TOTL_2001-2022_retrieved_2026-10-07.json,1243481564.0,,WB,EXACT,0.0
IND,2011,population,1261224954.0,A,"World Bank, World Development Indicators (SP.POP.TOTL), sourced from UN World Population Prospects and national statistical offices",evidence/api/wb_SP_POP_TOTL_2001-2022_retrieved_2026-10-07.json,1261224954.0,,WB,EXACT,0.0
IND,2012,population,1278674502.0,A,"World Bank, World Development Indicators (SP.POP.TOTL), sourced from UN World Population Prospects and national statistical offices",evidence/api/wb_SP_POP_TOTL_2001-2022_retrieved_2026-10-07.json,1278674502.0,,WB,EXACT,0.0
IND,2013,population,1295829511.0,A,"World Bank, World Development Indicators (SP.POP.TOTL), sourced from UN World Population Prospects and national statistical offices",evidence/api/wb_SP_POP_TOTL_2001-2022_retrieved_2026-10-07.json,1295829511.0,,WB,EXACT,0.0
IND,2014,population,1312277191.0,A,"World Bank, World Development Indicators (SP.POP.TOTL), sourced from UN World Population Prospects and national statistical offices",evidence/api/wb_SP_POP_TOTL_2001-2022_retrieved_2026-10-07.json,1312277191.0,,WB,EXACT,0.0
IND,2015,population,1328024498.0,A,"World Bank, World Development Indicators (SP.POP.TOTL), sourced from UN World Population Prospects and national statistical offices",evidence/api/wb_SP_POP_TOTL_2001-2022_retrieved_2026-10-07.json,1328024498.0,,WB,EXACT,0.0
IND,2016,population,1343944296.0,A,"World Bank, World Development Indicators (SP.POP.TOTL), sourced from UN World Population Prospects and national statistical offices",evidence/api/wb_SP_POP_TOTL_2001-2022_retrieved_2026-10-07.json,1343944296.0,,WB,EXACT,0.0
IND,2017,population,1359657400.0,A,"World Bank, World Development Indicators (SP.POP.TOTL), sourced from UN World Population Prospects and national statistical offices",evidence/api/wb_SP_POP_TOTL_2001-2022_retrieved_2026-10-07.json,1359657400.0,,WB,EXACT,0.0
IND,2018,population,1374659064.0,A,"World Bank, World Development Indicators (SP.POP.TOTL), sourced from UN World Population Prospects and national statistical offices",evidence/api/wb_SP_POP_TOTL_2001-2022_retrieved_2026-10-07.json,1374659064.0,,WB,EXACT,0.0
IND,2019,population,1389030312.0,A,"World Bank, World Development Indicators (SP.POP.TOTL), sourced from UN World Population Prospects and national statistical offices",evidence/api/wb_SP_POP_TOTL_2001-2022_retrieved_2026-10-07.json,1389030312.0,,WB,EXACT,0.0
IND,2020,population,1402617695.0,A,"World Bank, World Development Indicators (SP.POP.TOTL), sourced from UN World Population Prospects and national statistical offices",evidence/api/wb_SP_POP_TOTL_2001-2022_retrieved_2026-10-07.json,1402617695.0,,WB,EXACT,0.0
IND,2021,population,1414203896.0,A,"World Bank, World Development Indicators (SP.POP.TOTL), sourced from UN World Population Prospects and national statistical offices",evidence/api/wb_SP_POP_TOTL_2001-2022_retrieved_2026-10-07.json,1414203896.0,,WB,EXACT,0.0
IND,2022,population,1425423212.0,A,"World Bank, World Development Indicators (SP.POP.TOTL), sourced from UN World Population Prospects and national statistical offices",evidence/api/wb_SP_POP_TOTL_2001-2022_retrieved_2026-10-07.json,1425423212.0,,WB,EXACT,0.0
ISR,2001,population,6439000.0,A,"World Bank, World Development Indicators (SP.POP.TOTL), sourced from UN World Population Prospects and national statistical offices",evidence/api/wb_SP_POP_TOTL_2001-2022_retrieved_2026-10-07.json,6439000.0,,WB,EXACT,0.0
ISR,2002,population,6570000.0,A,"World Bank, World Development Indicators (SP.POP.TOTL), sourced from UN World Population Prospects and national statistical offices",evidence/api/wb_SP_POP_TOTL_2001-2022_retrieved_2026-10-07.json,6570000.0,,WB,EXACT,0.0
ISR,2003,population,6689700.0,A,"World Bank, World Development Indicators (SP.POP.TOTL), sourced from UN World Population Prospects and national statistical offices",evidence/api/wb_SP_POP_TOTL_2001-2022_retrieved_2026-10-07.json,6689700.0,,WB,EXACT,0.0
ISR,2004,population,6809000.0,A,"World Bank, World Development Indicators (SP.POP.TOTL), sourced from UN World Population Prospects and national statistical offices",evidence/api/wb_SP_POP_TOTL_2001-2022_retrieved_2026-10-07.json,6809000.0,,WB,EXACT,0.0
ISR,2005,population,6930100.0,A,"World Bank, World Development Indicators (SP.POP.TOTL), sourced from UN World Population Prospects and national statistical offices",evidence/api/wb_SP_POP_TOTL_2001-2022_retrieved_2026-10-07.json,6930100.0,,WB,EXACT,0.0
ISR,2006,population,7053700.0,A,"World Bank, World Development Indicators (SP.POP.TOTL), sourced from UN World Population Prospects and national statistical offices",evidence/api/wb_SP_POP_TOTL_2001-2022_retrieved_2026-10-07.json,7053700.0,,WB,EXACT,0.0
ISR,2007,population,7180100.0,A,"World Bank, World Development Indicators (SP.POP.TOTL), sourced from UN World Population Prospects and national statistical offices",evidence/api/wb_SP_POP_TOTL_2001-2022_retrieved_2026-10-07.json,7180100.0,,WB,EXACT,0.0
ISR,2008,population,7308800.0,A,"World Bank, World Development Indicators (SP.POP.TOTL), sourced from UN World Population Prospects and national statistical offices",evidence/api/wb_SP_POP_TOTL_2001-2022_retrieved_2026-10-07.json,7308800.0,,WB,EXACT,0.0
ISR,2009,population,7485600.0,A,"World Bank, World Development Indicators (SP.POP.TOTL), sourced from UN World Population Prospects and national statistical offices",evidence/api/wb_SP_POP_TOTL_2001-2022_retrieved_2026-10-07.json,7485600.0,,WB,EXACT,0.0
ISR,2010,population,7623600.0,A,"World Bank, World Development Indicators (SP.POP.TOTL), sourced from UN World Population Prospects and national statistical offices",evidence/api/wb_SP_POP_TOTL_2001-2022_retrieved_2026-10-07.json,7623600.0,,WB,EXACT,0.0
ISR,2011,population,7765800.0,A,"World Bank, World Development Indicators (SP.POP.TOTL), sourced from UN World Population Prospects and national statistical offices",evidence/api/wb_SP_POP_TOTL_2001-2022_retrieved_2026-10-07.json,7765800.0,,WB,EXACT,0.0
ISR,2012,population,7910500.0,A,"World Bank, World Development Indicators (SP.POP.TOTL), sourced from UN World Population Prospects and national statistical offices",evidence/api/wb_SP_POP_TOTL_2001-2022_retrieved_2026-10-07.json,7910500.0,,WB,EXACT,0.0
ISR,2013,population,8059500.0,A,"World Bank, World Development Indicators (SP.POP.TOTL), sourced from UN World Population Prospects and national statistical offices",evidence/api/wb_SP_POP_TOTL_2001-2022_retrieved_2026-10-07.json,8059500.0,,WB,EXACT,0.0
ISR,2014,population,8215700.0,A,"World Bank, World Development Indicators (SP.POP.TOTL), sourced from UN World Population Prospects and national statistical offices",evidence/api/wb_SP_POP_TOTL_2001-2022_retrieved_2026-10-07.json,8215700.0,,WB,EXACT,0.0
ISR,2015,population,8380100.0,A,"World Bank, World Development Indicators (SP.POP.TOTL), sourced from UN World Population Prospects and national statistical offices",evidence/api/wb_SP_POP_TOTL_2001-2022_retrieved_2026-10-07.json,8380100.0,,WB,EXACT,0.0
ISR,2016,population,8546000.0,A,"World Bank, World Development Indicators (SP.POP.TOTL), sourced from UN World Population Prospects and national statistical offices",evidence/api/wb_SP_POP_TOTL_2001-2022_retrieved_2026-10-07.json,8546000.0,,WB,EXACT,0.0
ISR,2017,population,8713300.0,A,"World Bank, World Development Indicators (SP.POP.TOTL), sourced from UN World Population Prospects and national statistical offices",evidence/api/wb_SP_POP_TOTL_2001-2022_retrieved_2026-10-07.json,8713300.0,,WB,EXACT,0.0
ISR,2018,population,8882800.0,A,"World Bank, World Development Indicators (SP.POP.TOTL), sourced from UN World Population Prospects and national statistical offices",evidence/api/wb_SP_POP_TOTL_2001-2022_retrieved_2026-10-07.json,8882800.0,,WB,EXACT,0.0
ISR,2019,population,9054000.0,A,"World Bank, World Development Indicators (SP.POP.TOTL), sourced from UN World Population Prospects and national statistical offices",evidence/api/wb_SP_POP_TOTL_2001-2022_retrieved_2026-10-07.json,9054000.0,,WB,EXACT,0.0
ISR,2020,population,9215100.0,A,"World Bank, World Development Indicators (SP.POP.TOTL), sourced from UN World Population Prospects and national statistical offices",evidence/api/wb_SP_POP_TOTL_2001-2022_retrieved_2026-10-07.json,9215100.0,,WB,EXACT,0.0
ISR,2021,population,9371400.0,A,"World Bank, World Development Indicators (SP.POP.TOTL), sourced from UN World Population Prospects and national statistical offices",evidence/api/wb_SP_POP_TOTL_2001-2022_retrieved_2026-10-07.json,9371400.0,,WB,EXACT,0.0
ISR,2022,population,9557500.0,A,"World Bank, World Development Indicators (SP.POP.TOTL), sourced from UN World Population Prospects and national statistical offices",evidence/api/wb_SP_POP_TOTL_2001-2022_retrieved_2026-10-07.json,9557500.0,,WB,EXACT,0.0
ITA,2001,population,56976981.0,A,"World Bank, World Development Indicators (SP.POP.TOTL), sourced from UN World Population Prospects and national statistical offices",evidence/api/wb_SP_POP_TOTL_2001-2022_retrieved_2026-10-07.json,56976981.0,,WB,EXACT,0.0
ITA,2002,population,57089824.0,A,"World Bank, World Development Indicators (SP.POP.TOTL), sourced from UN World Population Prospects and national statistical offices",evidence/api/wb_SP_POP_TOTL_2001-2022_retrieved_2026-10-07.json,57089824.0,,WB,EXACT,0.0
ITA,2003,population,57399184.0,A,"World Bank, World Development Indicators (SP.POP.TOTL), sourced from UN World Population Prospects and national statistical offices",evidence/api/wb_SP_POP_TOTL_2001-2022_retrieved_2026-10-07.json,57399184.0,,WB,EXACT,0.0
ITA,2004,population,57828179.0,A,"World Bank, World Development Indicators (SP.POP.TOTL), sourced from UN World Population Prospects and national statistical offices",evidence/api/wb_SP_POP_TOTL_2001-2022_retrieved_2026-10-07.json,57828179.0,,WB,EXACT,0.0
ITA,2005,population,58166682.0,A,"World Bank, World Development Indicators (SP.POP.TOTL), sourced from UN World Population Prospects and national statistical offices",evidence/api/wb_SP_POP_TOTL_2001-2022_retrieved_2026-10-07.json,58166682.0,,WB,EXACT,0.0
ITA,2006,population,58399861.0,A,"World Bank, World Development Indicators (SP.POP.TOTL), sourced from UN World Population Prospects and national statistical offices",evidence/api/wb_SP_POP_TOTL_2001-2022_retrieved_2026-10-07.json,58399861.0,,WB,EXACT,0.0
ITA,2007,population,58756247.0,A,"World Bank, World Development Indicators (SP.POP.TOTL), sourced from UN World Population Prospects and national statistical offices",evidence/api/wb_SP_POP_TOTL_2001-2022_retrieved_2026-10-07.json,58756247.0,,WB,EXACT,0.0
ITA,2008,population,59211181.0,A,"World Bank, World Development Indicators (SP.POP.TOTL), sourced from UN World Population Prospects and national statistical offices",evidence/api/wb_SP_POP_TOTL_2001-2022_retrieved_2026-10-07.json,59211181.0,,WB,EXACT,0.0
ITA,2009,population,59555454.0,A,"World Bank, World Development Indicators (SP.POP.TOTL), sourced from UN World Population Prospects and national statistical offices",evidence/api/wb_SP_POP_TOTL_2001-2022_retrieved_2026-10-07.json,59555454.0,,WB,EXACT,0.0
ITA,2010,population,59819407.0,A,"World Bank, World Development Indicators (SP.POP.TOTL), sourced from UN World Population Prospects and national statistical offices",evidence/api/wb_SP_POP_TOTL_2001-2022_retrieved_2026-10-07.json,59819407.0,,WB,EXACT,0.0
ITA,2011,population,60026841.0,A,"World Bank, World Development Indicators (SP.POP.TOTL), sourced from UN World Population Prospects and national statistical offices",evidence/api/wb_SP_POP_TOTL_2001-2022_retrieved_2026-10-07.json,60026841.0,,WB,EXACT,0.0
ITA,2012,population,60191247.0,A,"World Bank, World Development Indicators (SP.POP.TOTL), sourced from UN World Population Prospects and national statistical offices",evidence/api/wb_SP_POP_TOTL_2001-2022_retrieved_2026-10-07.json,60191247.0,,WB,EXACT,0.0
ITA,2013,population,60311613.0,A,"World Bank, World Development Indicators (SP.POP.TOTL), sourced from UN World Population Prospects and national statistical offices",evidence/api/wb_SP_POP_TOTL_2001-2022_retrieved_2026-10-07.json,60311613.0,,WB,EXACT,0.0
ITA,2014,population,60320707.0,A,"World Bank, World Development Indicators (SP.POP.TOTL), sourced from UN World Population Prospects and national statistical offices",evidence/api/wb_SP_POP_TOTL_2001-2022_retrieved_2026-10-07.json,60320707.0,,WB,EXACT,0.0
ITA,2015,population,60229605.0,A,"World Bank, World Development Indicators (SP.POP.TOTL), sourced from UN World Population Prospects and national statistical offices",evidence/api/wb_SP_POP_TOTL_2001-2022_retrieved_2026-10-07.json,60229605.0,,WB,EXACT,0.0
ITA,2016,population,60115223.0,A,"World Bank, World Development Indicators (SP.POP.TOTL), sourced from UN World Population Prospects and national statistical offices",evidence/api/wb_SP_POP_TOTL_2001-2022_retrieved_2026-10-07.json,60115223.0,,WB,EXACT,0.0
ITA,2017,population,60002252.0,A,"World Bank, World Development Indicators (SP.POP.TOTL), sourced from UN World Population Prospects and national statistical offices",evidence/api/wb_SP_POP_TOTL_2001-2022_retrieved_2026-10-07.json,60002252.0,,WB,EXACT,0.0
ITA,2018,population,59877221.0,A,"World Bank, World Development Indicators (SP.POP.TOTL), sourced from UN World Population Prospects and national statistical offices",evidence/api/wb_SP_POP_TOTL_2001-2022_retrieved_2026-10-07.json,59877221.0,,WB,EXACT,0.0
ITA,2019,population,59729081.0,A,"World Bank, World Development Indicators (SP.POP.TOTL), sourced from UN World Population Prospects and national statistical offices",evidence/api/wb_SP_POP_TOTL_2001-2022_retrieved_2026-10-07.json,59729081.0,,WB,EXACT,0.0
ITA,2020,population,59438851.0,A,"World Bank, World Development Indicators (SP.POP.TOTL), sourced from UN World Population Prospects and national statistical offices",evidence/api/wb_SP_POP_TOTL_2001-2022_retrieved_2026-10-07.json,59438851.0,,WB,EXACT,0.0
ITA,2021,population,59133173.0,A,"World Bank, World Development Indicators (SP.POP.TOTL), sourced from UN World Population Prospects and national statistical offices",evidence/api/wb_SP_POP_TOTL_2001-2022_retrieved_2026-10-07.json,59133173.0,,WB,EXACT,0.0
ITA,2022,population,59013667.0,A,"World Bank, World Development Indicators (SP.POP.TOTL), sourced from UN World Population Prospects and national statistical offices",evidence/api/wb_SP_POP_TOTL_2001-2022_retrieved_2026-10-07.json,59013667.0,,WB,EXACT,0.0
JPN,2001,population,127149000.0,A,"World Bank, World Development Indicators (SP.POP.TOTL), sourced from UN World Population Prospects and national statistical offices",evidence/api/wb_SP_POP_TOTL_2001-2022_retrieved_2026-10-07.json,127149000.0,,WB,EXACT,0.0
JPN,2002,population,127445000.0,A,"World Bank, World Development Indicators (SP.POP.TOTL), sourced from UN World Population Prospects and national statistical offices",evidence/api/wb_SP_POP_TOTL_2001-2022_retrieved_2026-10-07.json,127445000.0,,WB,EXACT,0.0
JPN,2003,population,127718000.0,A,"World Bank, World Development Indicators (SP.POP.TOTL), sourced from UN World Population Prospects and national statistical offices",evidence/api/wb_SP_POP_TOTL_2001-2022_retrieved_2026-10-07.json,127718000.0,,WB,EXACT,0.0
JPN,2004,population,127761000.0,A,"World Bank, World Development Indicators (SP.POP.TOTL), sourced from UN World Population Prospects and national statistical offices",evidence/api/wb_SP_POP_TOTL_2001-2022_retrieved_2026-10-07.json,127761000.0,,WB,EXACT,0.0
JPN,2005,population,127773000.0,A,"World Bank, World Development Indicators (SP.POP.TOTL), sourced from UN World Population Prospects and national statistical offices",evidence/api/wb_SP_POP_TOTL_2001-2022_retrieved_2026-10-07.json,127773000.0,,WB,EXACT,0.0
JPN,2006,population,127854000.0,A,"World Bank, World Development Indicators (SP.POP.TOTL), sourced from UN World Population Prospects and national statistical offices",evidence/api/wb_SP_POP_TOTL_2001-2022_retrieved_2026-10-07.json,127854000.0,,WB,EXACT,0.0
JPN,2007,population,128001000.0,A,"World Bank, World Development Indicators (SP.POP.TOTL), sourced from UN World Population Prospects and national statistical offices",evidence/api/wb_SP_POP_TOTL_2001-2022_retrieved_2026-10-07.json,128001000.0,,WB,EXACT,0.0
JPN,2008,population,128063000.0,A,"World Bank, World Development Indicators (SP.POP.TOTL), sourced from UN World Population Prospects and national statistical offices",evidence/api/wb_SP_POP_TOTL_2001-2022_retrieved_2026-10-07.json,128063000.0,,WB,EXACT,0.0
JPN,2009,population,128047000.0,A,"World Bank, World Development Indicators (SP.POP.TOTL), sourced from UN World Population Prospects and national statistical offices",evidence/api/wb_SP_POP_TOTL_2001-2022_retrieved_2026-10-07.json,128047000.0,,WB,EXACT,0.0
JPN,2010,population,128070000.0,A,"World Bank, World Development Indicators (SP.POP.TOTL), sourced from UN World Population Prospects and national statistical offices",evidence/api/wb_SP_POP_TOTL_2001-2022_retrieved_2026-10-07.json,128070000.0,,WB,EXACT,0.0
JPN,2011,population,127833000.0,A,"World Bank, World Development Indicators (SP.POP.TOTL), sourced from UN World Population Prospects and national statistical offices",evidence/api/wb_SP_POP_TOTL_2001-2022_retrieved_2026-10-07.json,127833000.0,,WB,EXACT,0.0
JPN,2012,population,127629000.0,A,"World Bank, World Development Indicators (SP.POP.TOTL), sourced from UN World Population Prospects and national statistical offices",evidence/api/wb_SP_POP_TOTL_2001-2022_retrieved_2026-10-07.json,127629000.0,,WB,EXACT,0.0
JPN,2013,population,127445000.0,A,"World Bank, World Development Indicators (SP.POP.TOTL), sourced from UN World Population Prospects and national statistical offices",evidence/api/wb_SP_POP_TOTL_2001-2022_retrieved_2026-10-07.json,127445000.0,,WB,EXACT,0.0
JPN,2014,population,127276000.0,A,"World Bank, World Development Indicators (SP.POP.TOTL), sourced from UN World Population Prospects and national statistical offices",evidence/api/wb_SP_POP_TOTL_2001-2022_retrieved_2026-10-07.json,127276000.0,,WB,EXACT,0.0
JPN,2015,population,127141000.0,A,"World Bank, World Development Indicators (SP.POP.TOTL), sourced from UN World Population Prospects and national statistical offices",evidence/api/wb_SP_POP_TOTL_2001-2022_retrieved_2026-10-07.json,127141000.0,,WB,EXACT,0.0
JPN,2016,population,127076000.0,A,"World Bank, World Development Indicators (SP.POP.TOTL), sourced from UN World Population Prospects and national statistical offices",evidence/api/wb_SP_POP_TOTL_2001-2022_retrieved_2026-10-07.json,127076000.0,,WB,EXACT,0.0
JPN,2017,population,126972000.0,A,"World Bank, World Development Indicators (SP.POP.TOTL), sourced from UN World Population Prospects and national statistical offices",evidence/api/wb_SP_POP_TOTL_2001-2022_retrieved_2026-10-07.json,126972000.0,,WB,EXACT,0.0
JPN,2018,population,126811000.0,A,"World Bank, World Development Indicators (SP.POP.TOTL), sourced from UN World Population Prospects and national statistical offices",evidence/api/wb_SP_POP_TOTL_2001-2022_retrieved_2026-10-07.json,126811000.0,,WB,EXACT,0.0
JPN,2019,population,126633000.0,A,"World Bank, World Development Indicators (SP.POP.TOTL), sourced from UN World Population Prospects and national statistical offices",evidence/api/wb_SP_POP_TOTL_2001-2022_retrieved_2026-10-07.json,126633000.0,,WB,EXACT,0.0
JPN,2020,population,126261000.0,A,"World Bank, World Development Indicators (SP.POP.TOTL), sourced from UN World Population Prospects and national statistical offices",evidence/api/wb_SP_POP_TOTL_2001-2022_retrieved_2026-10-07.json,126261000.0,,WB,EXACT,0.0
JPN,2021,population,125681593.0,A,"World Bank, World Development Indicators (SP.POP.TOTL), sourced from UN World Population Prospects and national statistical offices",evidence/api/wb_SP_POP_TOTL_2001-2022_retrieved_2026-10-07.json,125681593.0,,WB,EXACT,0.0
JPN,2022,population,125124989.0,A,"World Bank, World Development Indicators (SP.POP.TOTL), sourced from UN World Population Prospects and national statistical offices",evidence/api/wb_SP_POP_TOTL_2001-2022_retrieved_2026-10-07.json,125124989.0,,WB,EXACT,0.0
KOR,2001,population,47370164.0,A,"World Bank, World Development Indicators (SP.POP.TOTL), sourced from UN World Population Prospects and national statistical offices",evidence/api/wb_SP_POP_TOTL_2001-2022_retrieved_2026-10-07.json,47370164.0,,WB,EXACT,0.0
KOR,2002,population,47644736.0,A,"World Bank, World Development Indicators (SP.POP.TOTL), sourced from UN World Population Prospects and national statistical offices",evidence/api/wb_SP_POP_TOTL_2001-2022_retrieved_2026-10-07.json,47644736.0,,WB,EXACT,0.0
KOR,2003,population,47892330.0,A,"World Bank, World Development Indicators (SP.POP.TOTL), sourced from UN World Population Prospects and national statistical offices",evidence/api/wb_SP_POP_TOTL_2001-2022_retrieved_2026-10-07.json,47892330.0,,WB,EXACT,0.0
KOR,2004,population,48082519.0,A,"World Bank, World Development Indicators (SP.POP.TOTL), sourced from UN World Population Prospects and national statistical offices",evidence/api/wb_SP_POP_TOTL_2001-2022_retrieved_2026-10-07.json,48082519.0,,WB,EXACT,0.0
KOR,2005,population,48184561.0,A,"World Bank, World Development Indicators (SP.POP.TOTL), sourced from UN World Population Prospects and national statistical offices",evidence/api/wb_SP_POP_TOTL_2001-2022_retrieved_2026-10-07.json,48184561.0,,WB,EXACT,0.0
KOR,2006,population,48438292.0,A,"World Bank, World Development Indicators (SP.POP.TOTL), sourced from UN World Population Prospects and national statistical offices",evidence/api/wb_SP_POP_TOTL_2001-2022_retrieved_2026-10-07.json,48438292.0,,WB,EXACT,0.0
KOR,2007,population,48683638.0,A,"World Bank, World Development Indicators (SP.POP.TOTL), sourced from UN World Population Prospects and national statistical offices",evidence/api/wb_SP_POP_TOTL_2001-2022_retrieved_2026-10-07.json,48683638.0,,WB,EXACT,0.0
KOR,2008,population,49054708.0,A,"World Bank, World Development Indicators (SP.POP.TOTL), sourced from UN World Population Prospects and national statistical offices",evidence/api/wb_SP_POP_TOTL_2001-2022_retrieved_2026-10-07.json,49054708.0,,WB,EXACT,0.0
KOR,2009,population,49307835.0,A,"World Bank, World Development Indicators (SP.POP.TOTL), sourced from UN World Population Prospects and national statistical offices",evidence/api/wb_SP_POP_TOTL_2001-2022_retrieved_2026-10-07.json,49307835.0,,WB,EXACT,0.0
KOR,2010,population,49554112.0,A,"World Bank, World Development Indicators (SP.POP.TOTL), sourced from UN World Population Prospects and national statistical offices",evidence/api/wb_SP_POP_TOTL_2001-2022_retrieved_2026-10-07.json,49554112.0,,WB,EXACT,0.0
KOR,2011,population,49936638.0,A,"World Bank, World Development Indicators (SP.POP.TOTL), sourced from UN World Population Prospects and national statistical offices",evidence/api/wb_SP_POP_TOTL_2001-2022_retrieved_2026-10-07.json,49936638.0,,WB,EXACT,0.0
KOR,2012,population,50199853.0,A,"World Bank, World Development Indicators (SP.POP.TOTL), sourced from UN World Population Prospects and national statistical offices",evidence/api/wb_SP_POP_TOTL_2001-2022_retrieved_2026-10-07.json,50199853.0,,WB,EXACT,0.0
KOR,2013,population,50428893.0,A,"World Bank, World Development Indicators (SP.POP.TOTL), sourced from UN World Population Prospects and national statistical offices",evidence/api/wb_SP_POP_TOTL_2001-2022_retrieved_2026-10-07.json,50428893.0,,WB,EXACT,0.0
KOR,2014,population,50746659.0,A,"World Bank, World Development Indicators (SP.POP.TOTL), sourced from UN World Population Prospects and national statistical offices",evidence/api/wb_SP_POP_TOTL_2001-2022_retrieved_2026-10-07.json,50746659.0,,WB,EXACT,0.0
KOR,2015,population,51014947.0,A,"World Bank, World Development Indicators (SP.POP.TOTL), sourced from UN World Population Prospects and national statistical offices",evidence/api/wb_SP_POP_TOTL_2001-2022_retrieved_2026-10-07.json,51014947.0,,WB,EXACT,0.0
KOR,2016,population,51217803.0,A,"World Bank, World Development Indicators (SP.POP.TOTL), sourced from UN World Population Prospects and national statistical offices",evidence/api/wb_SP_POP_TOTL_2001-2022_retrieved_2026-10-07.json,51217803.0,,WB,EXACT,0.0
KOR,2017,population,51361911.0,A,"World Bank, World Development Indicators (SP.POP.TOTL), sourced from UN World Population Prospects and national statistical offices",evidence/api/wb_SP_POP_TOTL_2001-2022_retrieved_2026-10-07.json,51361911.0,,WB,EXACT,0.0
KOR,2018,population,51585058.0,A,"World Bank, World Development Indicators (SP.POP.TOTL), sourced from UN World Population Prospects and national statistical offices",evidence/api/wb_SP_POP_TOTL_2001-2022_retrieved_2026-10-07.json,51585058.0,,WB,EXACT,0.0
KOR,2019,population,51764822.0,A,"World Bank, World Development Indicators (SP.POP.TOTL), sourced from UN World Population Prospects and national statistical offices",evidence/api/wb_SP_POP_TOTL_2001-2022_retrieved_2026-10-07.json,51764822.0,,WB,EXACT,0.0
KOR,2020,population,51836239.0,A,"World Bank, World Development Indicators (SP.POP.TOTL), sourced from UN World Population Prospects and national statistical offices",evidence/api/wb_SP_POP_TOTL_2001-2022_retrieved_2026-10-07.json,51836239.0,,WB,EXACT,0.0
KOR,2021,population,51769539.0,A,"World Bank, World Development Indicators (SP.POP.TOTL), sourced from UN World Population Prospects and national statistical offices",evidence/api/wb_SP_POP_TOTL_2001-2022_retrieved_2026-10-07.json,51769539.0,,WB,EXACT,0.0
KOR,2022,population,51672569.0,A,"World Bank, World Development Indicators (SP.POP.TOTL), sourced from UN World Population Prospects and national statistical offices",evidence/api/wb_SP_POP_TOTL_2001-2022_retrieved_2026-10-07.json,51672569.0,,WB,EXACT,0.0
LTU,2001,population,3470818.0,A,"World Bank, World Development Indicators (SP.POP.TOTL), sourced from UN World Population Prospects and national statistical offices",evidence/api/wb_SP_POP_TOTL_2001-2022_retrieved_2026-10-07.json,3470818.0,,WB,EXACT,0.0
LTU,2002,population,3443067.0,A,"World Bank, World Development Indicators (SP.POP.TOTL), sourced from UN World Population Prospects and national statistical offices",evidence/api/wb_SP_POP_TOTL_2001-2022_retrieved_2026-10-07.json,3443067.0,,WB,EXACT,0.0
LTU,2003,population,3415213.0,A,"World Bank, World Development Indicators (SP.POP.TOTL), sourced from UN World Population Prospects and national statistical offices",evidence/api/wb_SP_POP_TOTL_2001-2022_retrieved_2026-10-07.json,3415213.0,,WB,EXACT,0.0
LTU,2004,population,3377075.0,A,"World Bank, World Development Indicators (SP.POP.TOTL), sourced from UN World Population Prospects and national statistical offices",evidence/api/wb_SP_POP_TOTL_2001-2022_retrieved_2026-10-07.json,3377075.0,,WB,EXACT,0.0
LTU,2005,population,3322528.0,A,"World Bank, World Development Indicators (SP.POP.TOTL), sourced from UN World Population Prospects and national statistical offices",evidence/api/wb_SP_POP_TOTL_2001-2022_retrieved_2026-10-07.json,3322528.0,,WB,EXACT,0.0
LTU,2006,population,3269909.0,A,"World Bank, World Development Indicators (SP.POP.TOTL), sourced from UN World Population Prospects and national statistical offices",evidence/api/wb_SP_POP_TOTL_2001-2022_retrieved_2026-10-07.json,3269909.0,,WB,EXACT,0.0
LTU,2007,population,3231294.0,A,"World Bank, World Development Indicators (SP.POP.TOTL), sourced from UN World Population Prospects and national statistical offices",evidence/api/wb_SP_POP_TOTL_2001-2022_retrieved_2026-10-07.json,3231294.0,,WB,EXACT,0.0
LTU,2008,population,3198231.0,A,"World Bank, World Development Indicators (SP.POP.TOTL), sourced from UN World Population Prospects and national statistical offices",evidence/api/wb_SP_POP_TOTL_2001-2022_retrieved_2026-10-07.json,3198231.0,,WB,EXACT,0.0
LTU,2009,population,3162916.0,A,"World Bank, World Development Indicators (SP.POP.TOTL), sourced from UN World Population Prospects and national statistical offices",evidence/api/wb_SP_POP_TOTL_2001-2022_retrieved_2026-10-07.json,3162916.0,,WB,EXACT,0.0
LTU,2010,population,3097282.0,A,"World Bank, World Development Indicators (SP.POP.TOTL), sourced from UN World Population Prospects and national statistical offices",evidence/api/wb_SP_POP_TOTL_2001-2022_retrieved_2026-10-07.json,3097282.0,,WB,EXACT,0.0
LTU,2011,population,3028115.0,A,"World Bank, World Development Indicators (SP.POP.TOTL), sourced from UN World Population Prospects and national statistical offices",evidence/api/wb_SP_POP_TOTL_2001-2022_retrieved_2026-10-07.json,3028115.0,,WB,EXACT,0.0
LTU,2012,population,2989139.0,A,"World Bank, World Development Indicators (SP.POP.TOTL), sourced from UN World Population Prospects and national statistical offices",evidence/api/wb_SP_POP_TOTL_2001-2022_retrieved_2026-10-07.json,2989139.0,,WB,EXACT,0.0
LTU,2013,population,2961250.0,A,"World Bank, World Development Indicators (SP.POP.TOTL), sourced from UN World Population Prospects and national statistical offices",evidence/api/wb_SP_POP_TOTL_2001-2022_retrieved_2026-10-07.json,2961250.0,,WB,EXACT,0.0
LTU,2014,population,2937253.0,A,"World Bank, World Development Indicators (SP.POP.TOTL), sourced from UN World Population Prospects and national statistical offices",evidence/api/wb_SP_POP_TOTL_2001-2022_retrieved_2026-10-07.json,2937253.0,,WB,EXACT,0.0
LTU,2015,population,2911109.0,A,"World Bank, World Development Indicators (SP.POP.TOTL), sourced from UN World Population Prospects and national statistical offices",evidence/api/wb_SP_POP_TOTL_2001-2022_retrieved_2026-10-07.json,2911109.0,,WB,EXACT,0.0
LTU,2016,population,2877325.0,A,"World Bank, World Development Indicators (SP.POP.TOTL), sourced from UN World Population Prospects and national statistical offices",evidence/api/wb_SP_POP_TOTL_2001-2022_retrieved_2026-10-07.json,2877325.0,,WB,EXACT,0.0
LTU,2017,population,2842639.0,A,"World Bank, World Development Indicators (SP.POP.TOTL), sourced from UN World Population Prospects and national statistical offices",evidence/api/wb_SP_POP_TOTL_2001-2022_retrieved_2026-10-07.json,2842639.0,,WB,EXACT,0.0
LTU,2018,population,2819200.0,A,"World Bank, World Development Indicators (SP.POP.TOTL), sourced from UN World Population Prospects and national statistical offices",evidence/api/wb_SP_POP_TOTL_2001-2022_retrieved_2026-10-07.json,2819200.0,,WB,EXACT,0.0
LTU,2019,population,2811089.0,A,"World Bank, World Development Indicators (SP.POP.TOTL), sourced from UN World Population Prospects and national statistical offices",evidence/api/wb_SP_POP_TOTL_2001-2022_retrieved_2026-10-07.json,2811089.0,,WB,EXACT,0.0
LTU,2020,population,2810369.0,A,"World Bank, World Development Indicators (SP.POP.TOTL), sourced from UN World Population Prospects and national statistical offices",evidence/api/wb_SP_POP_TOTL_2001-2022_retrieved_2026-10-07.json,2810369.0,,WB,EXACT,0.0
LTU,2021,population,2808380.0,A,"World Bank, World Development Indicators (SP.POP.TOTL), sourced from UN World Population Prospects and national statistical offices",evidence/api/wb_SP_POP_TOTL_2001-2022_retrieved_2026-10-07.json,2808380.0,,WB,EXACT,0.0
LTU,2022,population,2831639.0,A,"World Bank, World Development Indicators (SP.POP.TOTL), sourced from UN World Population Prospects and national statistical offices",evidence/api/wb_SP_POP_TOTL_2001-2022_retrieved_2026-10-07.json,2831639.0,,WB,EXACT,0.0
MEX,2001,population,100099099.0,A,"World Bank, World Development Indicators (SP.POP.TOTL), sourced from UN World Population Prospects and national statistical offices",evidence/api/wb_SP_POP_TOTL_2001-2022_retrieved_2026-10-07.json,100099099.0,,WB,EXACT,0.0
MEX,2002,population,101548624.0,A,"World Bank, World Development Indicators (SP.POP.TOTL), sourced from UN World Population Prospects and national statistical offices",evidence/api/wb_SP_POP_TOTL_2001-2022_retrieved_2026-10-07.json,101548624.0,,WB,EXACT,0.0
MEX,2003,population,102978515.0,A,"World Bank, World Development Indicators (SP.POP.TOTL), sourced from UN World Population Prospects and national statistical offices",evidence/api/wb_SP_POP_TOTL_2001-2022_retrieved_2026-10-07.json,102978515.0,,WB,EXACT,0.0
MEX,2004,population,104394131.0,A,"World Bank, World Development Indicators (SP.POP.TOTL), sourced from UN World Population Prospects and national statistical offices",evidence/api/wb_SP_POP_TOTL_2001-2022_retrieved_2026-10-07.json,104394131.0,,WB,EXACT,0.0
MEX,2005,population,105811504.0,A,"World Bank, World Development Indicators (SP.POP.TOTL), sourced from UN World Population Prospects and national statistical offices",evidence/api/wb_SP_POP_TOTL_2001-2022_retrieved_2026-10-07.json,105811504.0,,WB,EXACT,0.0
MEX,2006,population,107253666.0,A,"World Bank, World Development Indicators (SP.POP.TOTL), sourced from UN World Population Prospects and national statistical offices",evidence/api/wb_SP_POP_TOTL_2001-2022_retrieved_2026-10-07.json,107253666.0,,WB,EXACT,0.0
MEX,2007,population,108774360.0,A,"World Bank, World Development Indicators (SP.POP.TOTL), sourced from UN World Population Prospects and national statistical offices",evidence/api/wb_SP_POP_TOTL_2001-2022_retrieved_2026-10-07.json,108774360.0,,WB,EXACT,0.0
MEX,2008,population,110374288.0,A,"World Bank, World Development Indicators (SP.POP.TOTL), sourced from UN World Population Prospects and national statistical offices",evidence/api/wb_SP_POP_TOTL_2001-2022_retrieved_2026-10-07.json,110374288.0,,WB,EXACT,0.0
MEX,2009,population,111999721.0,A,"World Bank, World Development Indicators (SP.POP.TOTL), sourced from UN World Population Prospects and national statistical offices",evidence/api/wb_SP_POP_TOTL_2001-2022_retrieved_2026-10-07.json,111999721.0,,WB,EXACT,0.0
MEX,2010,population,113623895.0,A,"World Bank, World Development Indicators (SP.POP.TOTL), sourced from UN World Population Prospects and national statistical offices",evidence/api/wb_SP_POP_TOTL_2001-2022_retrieved_2026-10-07.json,113623895.0,,WB,EXACT,0.0
MEX,2011,population,115243504.0,A,"World Bank, World Development Indicators (SP.POP.TOTL), sourced from UN World Population Prospects and national statistical offices",evidence/api/wb_SP_POP_TOTL_2001-2022_retrieved_2026-10-07.json,115243504.0,,WB,EXACT,0.0
MEX,2012,population,116818208.0,A,"World Bank, World Development Indicators (SP.POP.TOTL), sourced from UN World Population Prospects and national statistical offices",evidence/api/wb_SP_POP_TOTL_2001-2022_retrieved_2026-10-07.json,116818208.0,,WB,EXACT,0.0
MEX,2013,population,118343573.0,A,"World Bank, World Development Indicators (SP.POP.TOTL), sourced from UN World Population Prospects and national statistical offices",evidence/api/wb_SP_POP_TOTL_2001-2022_retrieved_2026-10-07.json,118343573.0,,WB,EXACT,0.0
MEX,2014,population,119784261.0,A,"World Bank, World Development Indicators (SP.POP.TOTL), sourced from UN World Population Prospects and national statistical offices",evidence/api/wb_SP_POP_TOTL_2001-2022_retrieved_2026-10-07.json,119784261.0,,WB,EXACT,0.0
MEX,2015,population,121072306.0,A,"World Bank, World Development Indicators (SP.POP.TOTL), sourced from UN World Population Prospects and national statistical offices",evidence/api/wb_SP_POP_TOTL_2001-2022_retrieved_2026-10-07.json,121072306.0,,WB,EXACT,0.0
MEX,2016,population,122251351.0,A,"World Bank, World Development Indicators (SP.POP.TOTL), sourced from UN World Population Prospects and national statistical offices",evidence/api/wb_SP_POP_TOTL_2001-2022_retrieved_2026-10-07.json,122251351.0,,WB,EXACT,0.0
MEX,2017,population,123400057.0,A,"World Bank, World Development Indicators (SP.POP.TOTL), sourced from UN World Population Prospects and national statistical offices",evidence/api/wb_SP_POP_TOTL_2001-2022_retrieved_2026-10-07.json,123400057.0,,WB,EXACT,0.0
MEX,2018,population,124573711.0,A,"World Bank, World Development Indicators (SP.POP.TOTL), sourced from UN World Population Prospects and national statistical offices",evidence/api/wb_SP_POP_TOTL_2001-2022_retrieved_2026-10-07.json,124573711.0,,WB,EXACT,0.0
MEX,2019,population,125762982.0,A,"World Bank, World Development Indicators (SP.POP.TOTL), sourced from UN World Population Prospects and national statistical offices",evidence/api/wb_SP_POP_TOTL_2001-2022_retrieved_2026-10-07.json,125762982.0,,WB,EXACT,0.0
MEX,2020,population,126799054.0,A,"World Bank, World Development Indicators (SP.POP.TOTL), sourced from UN World Population Prospects and national statistical offices",evidence/api/wb_SP_POP_TOTL_2001-2022_retrieved_2026-10-07.json,126799054.0,,WB,EXACT,0.0
MEX,2021,population,127648148.0,A,"World Bank, World Development Indicators (SP.POP.TOTL), sourced from UN World Population Prospects and national statistical offices",evidence/api/wb_SP_POP_TOTL_2001-2022_retrieved_2026-10-07.json,127648148.0,,WB,EXACT,0.0
MEX,2022,population,128613117.0,A,"World Bank, World Development Indicators (SP.POP.TOTL), sourced from UN World Population Prospects and national statistical offices",evidence/api/wb_SP_POP_TOTL_2001-2022_retrieved_2026-10-07.json,128613117.0,,WB,EXACT,0.0
NLD,2001,population,16046180.0,A,"World Bank, World Development Indicators (SP.POP.TOTL), sourced from UN World Population Prospects and national statistical offices",evidence/api/wb_SP_POP_TOTL_2001-2022_retrieved_2026-10-07.json,16046180.0,,WB,EXACT,0.0
NLD,2002,population,16148929.0,A,"World Bank, World Development Indicators (SP.POP.TOTL), sourced from UN World Population Prospects and national statistical offices",evidence/api/wb_SP_POP_TOTL_2001-2022_retrieved_2026-10-07.json,16148929.0,,WB,EXACT,0.0
NLD,2003,population,16225302.0,A,"World Bank, World Development Indicators (SP.POP.TOTL), sourced from UN World Population Prospects and national statistical offices",evidence/api/wb_SP_POP_TOTL_2001-2022_retrieved_2026-10-07.json,16225302.0,,WB,EXACT,0.0
NLD,2004,population,16281779.0,A,"World Bank, World Development Indicators (SP.POP.TOTL), sourced from UN World Population Prospects and national statistical offices",evidence/api/wb_SP_POP_TOTL_2001-2022_retrieved_2026-10-07.json,16281779.0,,WB,EXACT,0.0
NLD,2005,population,16319868.0,A,"World Bank, World Development Indicators (SP.POP.TOTL), sourced from UN World Population Prospects and national statistical offices",evidence/api/wb_SP_POP_TOTL_2001-2022_retrieved_2026-10-07.json,16319868.0,,WB,EXACT,0.0
NLD,2006,population,16346101.0,A,"World Bank, World Development Indicators (SP.POP.TOTL), sourced from UN World Population Prospects and national statistical offices",evidence/api/wb_SP_POP_TOTL_2001-2022_retrieved_2026-10-07.json,16346101.0,,WB,EXACT,0.0
NLD,2007,population,16381696.0,A,"World Bank, World Development Indicators (SP.POP.TOTL), sourced from UN World Population Prospects and national statistical offices",evidence/api/wb_SP_POP_TOTL_2001-2022_retrieved_2026-10-07.json,16381696.0,,WB,EXACT,0.0
NLD,2008,population,16445593.0,A,"World Bank, World Development Indicators (SP.POP.TOTL), sourced from UN World Population Prospects and national statistical offices",evidence/api/wb_SP_POP_TOTL_2001-2022_retrieved_2026-10-07.json,16445593.0,,WB,EXACT,0.0
NLD,2009,population,16530388.0,A,"World Bank, World Development Indicators (SP.POP.TOTL), sourced from UN World Population Prospects and national statistical offices",evidence/api/wb_SP_POP_TOTL_2001-2022_retrieved_2026-10-07.json,16530388.0,,WB,EXACT,0.0
NLD,2010,population,16615394.0,A,"World Bank, World Development Indicators (SP.POP.TOTL), sourced from UN World Population Prospects and national statistical offices",evidence/api/wb_SP_POP_TOTL_2001-2022_retrieved_2026-10-07.json,16615394.0,,WB,EXACT,0.0
NLD,2011,population,16693074.0,A,"World Bank, World Development Indicators (SP.POP.TOTL), sourced from UN World Population Prospects and national statistical offices",evidence/api/wb_SP_POP_TOTL_2001-2022_retrieved_2026-10-07.json,16693074.0,,WB,EXACT,0.0
NLD,2012,population,16754962.0,A,"World Bank, World Development Indicators (SP.POP.TOTL), sourced from UN World Population Prospects and national statistical offices",evidence/api/wb_SP_POP_TOTL_2001-2022_retrieved_2026-10-07.json,16754962.0,,WB,EXACT,0.0
NLD,2013,population,16804432.0,A,"World Bank, World Development Indicators (SP.POP.TOTL), sourced from UN World Population Prospects and national statistical offices",evidence/api/wb_SP_POP_TOTL_2001-2022_retrieved_2026-10-07.json,16804432.0,,WB,EXACT,0.0
NLD,2014,population,16865008.0,A,"World Bank, World Development Indicators (SP.POP.TOTL), sourced from UN World Population Prospects and national statistical offices",evidence/api/wb_SP_POP_TOTL_2001-2022_retrieved_2026-10-07.json,16865008.0,,WB,EXACT,0.0
NLD,2015,population,16939923.0,A,"World Bank, World Development Indicators (SP.POP.TOTL), sourced from UN World Population Prospects and national statistical offices",evidence/api/wb_SP_POP_TOTL_2001-2022_retrieved_2026-10-07.json,16939923.0,,WB,EXACT,0.0
NLD,2016,population,17030314.0,A,"World Bank, World Development Indicators (SP.POP.TOTL), sourced from UN World Population Prospects and national statistical offices",evidence/api/wb_SP_POP_TOTL_2001-2022_retrieved_2026-10-07.json,17030314.0,,WB,EXACT,0.0
NLD,2017,population,17131296.0,A,"World Bank, World Development Indicators (SP.POP.TOTL), sourced from UN World Population Prospects and national statistical offices",evidence/api/wb_SP_POP_TOTL_2001-2022_retrieved_2026-10-07.json,17131296.0,,WB,EXACT,0.0
NLD,2018,population,17231624.0,A,"World Bank, World Development Indicators (SP.POP.TOTL), sourced from UN World Population Prospects and national statistical offices",evidence/api/wb_SP_POP_TOTL_2001-2022_retrieved_2026-10-07.json,17231624.0,,WB,EXACT,0.0
NLD,2019,population,17344874.0,A,"World Bank, World Development Indicators (SP.POP.TOTL), sourced from UN World Population Prospects and national statistical offices",evidence/api/wb_SP_POP_TOTL_2001-2022_retrieved_2026-10-07.json,17344874.0,,WB,EXACT,0.0
NLD,2020,population,17441500.0,A,"World Bank, World Development Indicators (SP.POP.TOTL), sourced from UN World Population Prospects and national statistical offices",evidence/api/wb_SP_POP_TOTL_2001-2022_retrieved_2026-10-07.json,17441500.0,,WB,EXACT,0.0
NLD,2021,population,17533044.0,A,"World Bank, World Development Indicators (SP.POP.TOTL), sourced from UN World Population Prospects and national statistical offices",evidence/api/wb_SP_POP_TOTL_2001-2022_retrieved_2026-10-07.json,17533044.0,,WB,EXACT,0.0
NLD,2022,population,17700982.0,A,"World Bank, World Development Indicators (SP.POP.TOTL), sourced from UN World Population Prospects and national statistical offices",evidence/api/wb_SP_POP_TOTL_2001-2022_retrieved_2026-10-07.json,17700982.0,,WB,EXACT,0.0
NZL,2001,population,3880500.0,A,"World Bank, World Development Indicators (SP.POP.TOTL), sourced from UN World Population Prospects and national statistical offices",evidence/api/wb_SP_POP_TOTL_2001-2022_retrieved_2026-10-07.json,3880500.0,,WB,EXACT,0.0
NZL,2002,population,3948500.0,A,"World Bank, World Development Indicators (SP.POP.TOTL), sourced from UN World Population Prospects and national statistical offices",evidence/api/wb_SP_POP_TOTL_2001-2022_retrieved_2026-10-07.json,3948500.0,,WB,EXACT,0.0
NZL,2003,population,4027200.0,A,"World Bank, World Development Indicators (SP.POP.TOTL), sourced from UN World Population Prospects and national statistical offices",evidence/api/wb_SP_POP_TOTL_2001-2022_retrieved_2026-10-07.json,4027200.0,,WB,EXACT,0.0
NZL,2004,population,4087500.0,A,"World Bank, World Development Indicators (SP.POP.TOTL), sourced from UN World Population Prospects and national statistical offices",evidence/api/wb_SP_POP_TOTL_2001-2022_retrieved_2026-10-07.json,4087500.0,,WB,EXACT,0.0
NZL,2005,population,4133900.0,A,"World Bank, World Development Indicators (SP.POP.TOTL), sourced from UN World Population Prospects and national statistical offices",evidence/api/wb_SP_POP_TOTL_2001-2022_retrieved_2026-10-07.json,4133900.0,,WB,EXACT,0.0
NZL,2006,population,4184600.0,A,"World Bank, World Development Indicators (SP.POP.TOTL), sourced from UN World Population Prospects and national statistical offices",evidence/api/wb_SP_POP_TOTL_2001-2022_retrieved_2026-10-07.json,4184600.0,,WB,EXACT,0.0
NZL,2007,population,4223800.0,A,"World Bank, World Development Indicators (SP.POP.TOTL), sourced from UN World Population Prospects and national statistical offices",evidence/api/wb_SP_POP_TOTL_2001-2022_retrieved_2026-10-07.json,4223800.0,,WB,EXACT,0.0
NZL,2008,population,4259800.0,A,"World Bank, World Development Indicators (SP.POP.TOTL), sourced from UN World Population Prospects and national statistical offices",evidence/api/wb_SP_POP_TOTL_2001-2022_retrieved_2026-10-07.json,4259800.0,,WB,EXACT,0.0
NZL,2009,population,4302600.0,A,"World Bank, World Development Indicators (SP.POP.TOTL), sourced from UN World Population Prospects and national statistical offices",evidence/api/wb_SP_POP_TOTL_2001-2022_retrieved_2026-10-07.json,4302600.0,,WB,EXACT,0.0
NZL,2010,population,4350700.0,A,"World Bank, World Development Indicators (SP.POP.TOTL), sourced from UN World Population Prospects and national statistical offices",evidence/api/wb_SP_POP_TOTL_2001-2022_retrieved_2026-10-07.json,4350700.0,,WB,EXACT,0.0
NZL,2011,population,4384000.0,A,"World Bank, World Development Indicators (SP.POP.TOTL), sourced from UN World Population Prospects and national statistical offices",evidence/api/wb_SP_POP_TOTL_2001-2022_retrieved_2026-10-07.json,4384000.0,,WB,EXACT,0.0
NZL,2012,population,4408100.0,A,"World Bank, World Development Indicators (SP.POP.TOTL), sourced from UN World Population Prospects and national statistical offices",evidence/api/wb_SP_POP_TOTL_2001-2022_retrieved_2026-10-07.json,4408100.0,,WB,EXACT,0.0
NZL,2013,population,4442100.0,A,"World Bank, World Development Indicators (SP.POP.TOTL), sourced from UN World Population Prospects and national statistical offices",evidence/api/wb_SP_POP_TOTL_2001-2022_retrieved_2026-10-07.json,4442100.0,,WB,EXACT,0.0
NZL,2014,population,4516500.0,A,"World Bank, World Development Indicators (SP.POP.TOTL), sourced from UN World Population Prospects and national statistical offices",evidence/api/wb_SP_POP_TOTL_2001-2022_retrieved_2026-10-07.json,4516500.0,,WB,EXACT,0.0
NZL,2015,population,4609400.0,A,"World Bank, World Development Indicators (SP.POP.TOTL), sourced from UN World Population Prospects and national statistical offices",evidence/api/wb_SP_POP_TOTL_2001-2022_retrieved_2026-10-07.json,4609400.0,,WB,EXACT,0.0
NZL,2016,population,4714100.0,A,"World Bank, World Development Indicators (SP.POP.TOTL), sourced from UN World Population Prospects and national statistical offices",evidence/api/wb_SP_POP_TOTL_2001-2022_retrieved_2026-10-07.json,4714100.0,,WB,EXACT,0.0
NZL,2017,population,4813600.0,A,"World Bank, World Development Indicators (SP.POP.TOTL), sourced from UN World Population Prospects and national statistical offices",evidence/api/wb_SP_POP_TOTL_2001-2022_retrieved_2026-10-07.json,4813600.0,,WB,EXACT,0.0
NZL,2018,population,4900600.0,A,"World Bank, World Development Indicators (SP.POP.TOTL), sourced from UN World Population Prospects and national statistical offices",evidence/api/wb_SP_POP_TOTL_2001-2022_retrieved_2026-10-07.json,4900600.0,,WB,EXACT,0.0
NZL,2019,population,4970300.0,A,"World Bank, World Development Indicators (SP.POP.TOTL), sourced from UN World Population Prospects and national statistical offices",evidence/api/wb_SP_POP_TOTL_2001-2022_retrieved_2026-10-07.json,4970300.0,,WB,EXACT,0.0
NZL,2020,population,5072400.0,A,"World Bank, World Development Indicators (SP.POP.TOTL), sourced from UN World Population Prospects and national statistical offices",evidence/api/wb_SP_POP_TOTL_2001-2022_retrieved_2026-10-07.json,5072400.0,,WB,EXACT,0.0
NZL,2021,population,5084600.0,A,"World Bank, World Development Indicators (SP.POP.TOTL), sourced from UN World Population Prospects and national statistical offices",evidence/api/wb_SP_POP_TOTL_2001-2022_retrieved_2026-10-07.json,5084600.0,,WB,EXACT,0.0
NZL,2022,population,5081700.0,A,"World Bank, World Development Indicators (SP.POP.TOTL), sourced from UN World Population Prospects and national statistical offices",evidence/api/wb_SP_POP_TOTL_2001-2022_retrieved_2026-10-07.json,5081700.0,,WB,EXACT,0.0
NOR,2001,population,4513751.0,A,"World Bank, World Development Indicators (SP.POP.TOTL), sourced from UN World Population Prospects and national statistical offices",evidence/api/wb_SP_POP_TOTL_2001-2022_retrieved_2026-10-07.json,4513751.0,,WB,EXACT,0.0
NOR,2002,population,4538159.0,A,"World Bank, World Development Indicators (SP.POP.TOTL), sourced from UN World Population Prospects and national statistical offices",evidence/api/wb_SP_POP_TOTL_2001-2022_retrieved_2026-10-07.json,4538159.0,,WB,EXACT,0.0
NOR,2003,population,4564855.0,A,"World Bank, World Development Indicators (SP.POP.TOTL), sourced from UN World Population Prospects and national statistical offices",evidence/api/wb_SP_POP_TOTL_2001-2022_retrieved_2026-10-07.json,4564855.0,,WB,EXACT,0.0
NOR,2004,population,4591910.0,A,"World Bank, World Development Indicators (SP.POP.TOTL), sourced from UN World Population Prospects and national statistical offices",evidence/api/wb_SP_POP_TOTL_2001-2022_retrieved_2026-10-07.json,4591910.0,,WB,EXACT,0.0
NOR,2005,population,4623291.0,A,"World Bank, World Development Indicators (SP.POP.TOTL), sourced from UN World Population Prospects and national statistical offices",evidence/api/wb_SP_POP_TOTL_2001-2022_retrieved_2026-10-07.json,4623291.0,,WB,EXACT,0.0
NOR,2006,population,4660677.0,A,"World Bank, World Development Indicators (SP.POP.TOTL), sourced from UN World Population Prospects and national statistical offices",evidence/api/wb_SP_POP_TOTL_2001-2022_retrieved_2026-10-07.json,4660677.0,,WB,EXACT,0.0
NOR,2007,population,4709153.0,A,"World Bank, World Development Indicators (SP.POP.TOTL), sourced from UN World Population Prospects and national statistical offices",evidence/api/wb_SP_POP_TOTL_2001-2022_retrieved_2026-10-07.json,4709153.0,,WB,EXACT,0.0
NOR,2008,population,4768212.0,A,"World Bank, World Development Indicators (SP.POP.TOTL), sourced from UN World Population Prospects and national statistical offices",evidence/api/wb_SP_POP_TOTL_2001-2022_retrieved_2026-10-07.json,4768212.0,,WB,EXACT,0.0
NOR,2009,population,4828726.0,A,"World Bank, World Development Indicators (SP.POP.TOTL), sourced from UN World Population Prospects and national statistical offices",evidence/api/wb_SP_POP_TOTL_2001-2022_retrieved_2026-10-07.json,4828726.0,,WB,EXACT,0.0
NOR,2010,population,4889252.0,A,"World Bank, World Development Indicators (SP.POP.TOTL), sourced from UN World Population Prospects and national statistical offices",evidence/api/wb_SP_POP_TOTL_2001-2022_retrieved_2026-10-07.json,4889252.0,,WB,EXACT,0.0
NOR,2011,population,4953088.0,A,"World Bank, World Development Indicators (SP.POP.TOTL), sourced from UN World Population Prospects and national statistical offices",evidence/api/wb_SP_POP_TOTL_2001-2022_retrieved_2026-10-07.json,4953088.0,,WB,EXACT,0.0
NOR,2012,population,5018573.0,A,"World Bank, World Development Indicators (SP.POP.TOTL), sourced from UN World Population Prospects and national statistical offices",evidence/api/wb_SP_POP_TOTL_2001-2022_retrieved_2026-10-07.json,5018573.0,,WB,EXACT,0.0
NOR,2013,population,5079623.0,A,"World Bank, World Development Indicators (SP.POP.TOTL), sourced from UN World Population Prospects and national statistical offices",evidence/api/wb_SP_POP_TOTL_2001-2022_retrieved_2026-10-07.json,5079623.0,,WB,EXACT,0.0
NOR,2014,population,5137232.0,A,"World Bank, World Development Indicators (SP.POP.TOTL), sourced from UN World Population Prospects and national statistical offices",evidence/api/wb_SP_POP_TOTL_2001-2022_retrieved_2026-10-07.json,5137232.0,,WB,EXACT,0.0
NOR,2015,population,5188607.0,A,"World Bank, World Development Indicators (SP.POP.TOTL), sourced from UN World Population Prospects and national statistical offices",evidence/api/wb_SP_POP_TOTL_2001-2022_retrieved_2026-10-07.json,5188607.0,,WB,EXACT,0.0
NOR,2016,population,5234519.0,A,"World Bank, World Development Indicators (SP.POP.TOTL), sourced from UN World Population Prospects and national statistical offices",evidence/api/wb_SP_POP_TOTL_2001-2022_retrieved_2026-10-07.json,5234519.0,,WB,EXACT,0.0
NOR,2017,population,5276968.0,A,"World Bank, World Development Indicators (SP.POP.TOTL), sourced from UN World Population Prospects and national statistical offices",evidence/api/wb_SP_POP_TOTL_2001-2022_retrieved_2026-10-07.json,5276968.0,,WB,EXACT,0.0
NOR,2018,population,5311916.0,A,"World Bank, World Development Indicators (SP.POP.TOTL), sourced from UN World Population Prospects and national statistical offices",evidence/api/wb_SP_POP_TOTL_2001-2022_retrieved_2026-10-07.json,5311916.0,,WB,EXACT,0.0
NOR,2019,population,5347896.0,A,"World Bank, World Development Indicators (SP.POP.TOTL), sourced from UN World Population Prospects and national statistical offices",evidence/api/wb_SP_POP_TOTL_2001-2022_retrieved_2026-10-07.json,5347896.0,,WB,EXACT,0.0
NOR,2020,population,5379475.0,A,"World Bank, World Development Indicators (SP.POP.TOTL), sourced from UN World Population Prospects and national statistical offices",evidence/api/wb_SP_POP_TOTL_2001-2022_retrieved_2026-10-07.json,5379475.0,,WB,EXACT,0.0
NOR,2021,population,5408320.0,A,"World Bank, World Development Indicators (SP.POP.TOTL), sourced from UN World Population Prospects and national statistical offices",evidence/api/wb_SP_POP_TOTL_2001-2022_retrieved_2026-10-07.json,5408320.0,,WB,EXACT,0.0
NOR,2022,population,5457127.0,A,"World Bank, World Development Indicators (SP.POP.TOTL), sourced from UN World Population Prospects and national statistical offices",evidence/api/wb_SP_POP_TOTL_2001-2022_retrieved_2026-10-07.json,5457127.0,,WB,EXACT,0.0
PHL,2001,population,81401488.0,A,"World Bank, World Development Indicators (SP.POP.TOTL), sourced from UN World Population Prospects and national statistical offices",evidence/api/wb_SP_POP_TOTL_2001-2022_retrieved_2026-10-07.json,81401488.0,,WB,EXACT,0.0
PHL,2002,population,83068889.0,A,"World Bank, World Development Indicators (SP.POP.TOTL), sourced from UN World Population Prospects and national statistical offices",evidence/api/wb_SP_POP_TOTL_2001-2022_retrieved_2026-10-07.json,83068889.0,,WB,EXACT,0.0
PHL,2003,population,84731835.0,A,"World Bank, World Development Indicators (SP.POP.TOTL), sourced from UN World Population Prospects and national statistical offices",evidence/api/wb_SP_POP_TOTL_2001-2022_retrieved_2026-10-07.json,84731835.0,,WB,EXACT,0.0
PHL,2004,population,86394504.0,A,"World Bank, World Development Indicators (SP.POP.TOTL), sourced from UN World Population Prospects and national statistical offices",evidence/api/wb_SP_POP_TOTL_2001-2022_retrieved_2026-10-07.json,86394504.0,,WB,EXACT,0.0
PHL,2005,population,88015962.0,A,"World Bank, World Development Indicators (SP.POP.TOTL), sourced from UN World Population Prospects and national statistical offices",evidence/api/wb_SP_POP_TOTL_2001-2022_retrieved_2026-10-07.json,88015962.0,,WB,EXACT,0.0
PHL,2006,population,89508986.0,A,"World Bank, World Development Indicators (SP.POP.TOTL), sourced from UN World Population Prospects and national statistical offices",evidence/api/wb_SP_POP_TOTL_2001-2022_retrieved_2026-10-07.json,89508986.0,,WB,EXACT,0.0
PHL,2007,population,91075184.0,A,"World Bank, World Development Indicators (SP.POP.TOTL), sourced from UN World Population Prospects and national statistical offices",evidence/api/wb_SP_POP_TOTL_2001-2022_retrieved_2026-10-07.json,91075184.0,,WB,EXACT,0.0
PHL,2008,population,92699095.0,A,"World Bank, World Development Indicators (SP.POP.TOTL), sourced from UN World Population Prospects and national statistical offices",evidence/api/wb_SP_POP_TOTL_2001-2022_retrieved_2026-10-07.json,92699095.0,,WB,EXACT,0.0
PHL,2009,population,94384250.0,A,"World Bank, World Development Indicators (SP.POP.TOTL), sourced from UN World Population Prospects and national statistical offices",evidence/api/wb_SP_POP_TOTL_2001-2022_retrieved_2026-10-07.json,94384250.0,,WB,EXACT,0.0
PHL,2010,population,96337125.0,A,"World Bank, World Development Indicators (SP.POP.TOTL), sourced from UN World Population Prospects and national statistical offices",evidence/api/wb_SP_POP_TOTL_2001-2022_retrieved_2026-10-07.json,96337125.0,,WB,EXACT,0.0
PHL,2011,population,98248614.0,A,"World Bank, World Development Indicators (SP.POP.TOTL), sourced from UN World Population Prospects and national statistical offices",evidence/api/wb_SP_POP_TOTL_2001-2022_retrieved_2026-10-07.json,98248614.0,,WB,EXACT,0.0
PHL,2012,population,100175512.0,A,"World Bank, World Development Indicators (SP.POP.TOTL), sourced from UN World Population Prospects and national statistical offices",evidence/api/wb_SP_POP_TOTL_2001-2022_retrieved_2026-10-07.json,100175512.0,,WB,EXACT,0.0
PHL,2013,population,102076336.0,A,"World Bank, World Development Indicators (SP.POP.TOTL), sourced from UN World Population Prospects and national statistical offices",evidence/api/wb_SP_POP_TOTL_2001-2022_retrieved_2026-10-07.json,102076336.0,,WB,EXACT,0.0
PHL,2014,population,103767130.0,A,"World Bank, World Development Indicators (SP.POP.TOTL), sourced from UN World Population Prospects and national statistical offices",evidence/api/wb_SP_POP_TOTL_2001-2022_retrieved_2026-10-07.json,103767130.0,,WB,EXACT,0.0
PHL,2015,population,105312992.0,A,"World Bank, World Development Indicators (SP.POP.TOTL), sourced from UN World Population Prospects and national statistical offices",evidence/api/wb_SP_POP_TOTL_2001-2022_retrieved_2026-10-07.json,105312992.0,,WB,EXACT,0.0
PHL,2016,population,106735719.0,A,"World Bank, World Development Indicators (SP.POP.TOTL), sourced from UN World Population Prospects and national statistical offices",evidence/api/wb_SP_POP_TOTL_2001-2022_retrieved_2026-10-07.json,106735719.0,,WB,EXACT,0.0
PHL,2017,population,108119693.0,A,"World Bank, World Development Indicators (SP.POP.TOTL), sourced from UN World Population Prospects and national statistical offices",evidence/api/wb_SP_POP_TOTL_2001-2022_retrieved_2026-10-07.json,108119693.0,,WB,EXACT,0.0
PHL,2018,population,109465287.0,A,"World Bank, World Development Indicators (SP.POP.TOTL), sourced from UN World Population Prospects and national statistical offices",evidence/api/wb_SP_POP_TOTL_2001-2022_retrieved_2026-10-07.json,109465287.0,,WB,EXACT,0.0
PHL,2019,population,110804683.0,A,"World Bank, World Development Indicators (SP.POP.TOTL), sourced from UN World Population Prospects and national statistical offices",evidence/api/wb_SP_POP_TOTL_2001-2022_retrieved_2026-10-07.json,110804683.0,,WB,EXACT,0.0
PHL,2020,population,112081264.0,A,"World Bank, World Development Indicators (SP.POP.TOTL), sourced from UN World Population Prospects and national statistical offices",evidence/api/wb_SP_POP_TOTL_2001-2022_retrieved_2026-10-07.json,112081264.0,,WB,EXACT,0.0
PHL,2021,population,113100950.0,A,"World Bank, World Development Indicators (SP.POP.TOTL), sourced from UN World Population Prospects and national statistical offices",evidence/api/wb_SP_POP_TOTL_2001-2022_retrieved_2026-10-07.json,113100950.0,,WB,EXACT,0.0
PHL,2022,population,113964338.0,A,"World Bank, World Development Indicators (SP.POP.TOTL), sourced from UN World Population Prospects and national statistical offices",evidence/api/wb_SP_POP_TOTL_2001-2022_retrieved_2026-10-07.json,113964338.0,,WB,EXACT,0.0
POL,2001,population,38248076.0,A,"World Bank, World Development Indicators (SP.POP.TOTL), sourced from UN World Population Prospects and national statistical offices",evidence/api/wb_SP_POP_TOTL_2001-2022_retrieved_2026-10-07.json,38248076.0,,WB,EXACT,0.0
POL,2002,population,38230364.0,A,"World Bank, World Development Indicators (SP.POP.TOTL), sourced from UN World Population Prospects and national statistical offices",evidence/api/wb_SP_POP_TOTL_2001-2022_retrieved_2026-10-07.json,38230364.0,,WB,EXACT,0.0
POL,2003,population,38204570.0,A,"World Bank, World Development Indicators (SP.POP.TOTL), sourced from UN World Population Prospects and national statistical offices",evidence/api/wb_SP_POP_TOTL_2001-2022_retrieved_2026-10-07.json,38204570.0,,WB,EXACT,0.0
POL,2004,population,38182222.0,A,"World Bank, World Development Indicators (SP.POP.TOTL), sourced from UN World Population Prospects and national statistical offices",evidence/api/wb_SP_POP_TOTL_2001-2022_retrieved_2026-10-07.json,38182222.0,,WB,EXACT,0.0
POL,2005,population,38165445.0,A,"World Bank, World Development Indicators (SP.POP.TOTL), sourced from UN World Population Prospects and national statistical offices",evidence/api/wb_SP_POP_TOTL_2001-2022_retrieved_2026-10-07.json,38165445.0,,WB,EXACT,0.0
POL,2006,population,38141267.0,A,"World Bank, World Development Indicators (SP.POP.TOTL), sourced from UN World Population Prospects and national statistical offices",evidence/api/wb_SP_POP_TOTL_2001-2022_retrieved_2026-10-07.json,38141267.0,,WB,EXACT,0.0
POL,2007,population,38120560.0,A,"World Bank, World Development Indicators (SP.POP.TOTL), sourced from UN World Population Prospects and national statistical offices",evidence/api/wb_SP_POP_TOTL_2001-2022_retrieved_2026-10-07.json,38120560.0,,WB,EXACT,0.0
POL,2008,population,38125759.0,A,"World Bank, World Development Indicators (SP.POP.TOTL), sourced from UN World Population Prospects and national statistical offices",evidence/api/wb_SP_POP_TOTL_2001-2022_retrieved_2026-10-07.json,38125759.0,,WB,EXACT,0.0
POL,2009,population,38151603.0,A,"World Bank, World Development Indicators (SP.POP.TOTL), sourced from UN World Population Prospects and national statistical offices",evidence/api/wb_SP_POP_TOTL_2001-2022_retrieved_2026-10-07.json,38151603.0,,WB,EXACT,0.0
POL,2010,population,38042794.0,A,"World Bank, World Development Indicators (SP.POP.TOTL), sourced from UN World Population Prospects and national statistical offices",evidence/api/wb_SP_POP_TOTL_2001-2022_retrieved_2026-10-07.json,38042794.0,,WB,EXACT,0.0
POL,2011,population,38063255.0,A,"World Bank, World Development Indicators (SP.POP.TOTL), sourced from UN World Population Prospects and national statistical offices",evidence/api/wb_SP_POP_TOTL_2001-2022_retrieved_2026-10-07.json,38063255.0,,WB,EXACT,0.0
POL,2012,population,38063164.0,A,"World Bank, World Development Indicators (SP.POP.TOTL), sourced from UN World Population Prospects and national statistical offices",evidence/api/wb_SP_POP_TOTL_2001-2022_retrieved_2026-10-07.json,38063164.0,,WB,EXACT,0.0
POL,2013,population,38040196.0,A,"World Bank, World Development Indicators (SP.POP.TOTL), sourced from UN World Population Prospects and national statistical offices",evidence/api/wb_SP_POP_TOTL_2001-2022_retrieved_2026-10-07.json,38040196.0,,WB,EXACT,0.0
POL,2014,population,38011735.0,A,"World Bank, World Development Indicators (SP.POP.TOTL), sourced from UN World Population Prospects and national statistical offices",evidence/api/wb_SP_POP_TOTL_2001-2022_retrieved_2026-10-07.json,38011735.0,,WB,EXACT,0.0
POL,2015,population,37986412.0,A,"World Bank, World Development Indicators (SP.POP.TOTL), sourced from UN World Population Prospects and national statistical offices",evidence/api/wb_SP_POP_TOTL_2001-2022_retrieved_2026-10-07.json,37986412.0,,WB,EXACT,0.0
POL,2016,population,37970087.0,A,"World Bank, World Development Indicators (SP.POP.TOTL), sourced from UN World Population Prospects and national statistical offices",evidence/api/wb_SP_POP_TOTL_2001-2022_retrieved_2026-10-07.json,37970087.0,,WB,EXACT,0.0
POL,2017,population,37974826.0,A,"World Bank, World Development Indicators (SP.POP.TOTL), sourced from UN World Population Prospects and national statistical offices",evidence/api/wb_SP_POP_TOTL_2001-2022_retrieved_2026-10-07.json,37974826.0,,WB,EXACT,0.0
POL,2018,population,37974750.0,A,"World Bank, World Development Indicators (SP.POP.TOTL), sourced from UN World Population Prospects and national statistical offices",evidence/api/wb_SP_POP_TOTL_2001-2022_retrieved_2026-10-07.json,37974750.0,,WB,EXACT,0.0
POL,2019,population,37965475.0,A,"World Bank, World Development Indicators (SP.POP.TOTL), sourced from UN World Population Prospects and national statistical offices",evidence/api/wb_SP_POP_TOTL_2001-2022_retrieved_2026-10-07.json,37965475.0,,WB,EXACT,0.0
POL,2020,population,37515748.0,A,"World Bank, World Development Indicators (SP.POP.TOTL), sourced from UN World Population Prospects and national statistical offices",evidence/api/wb_SP_POP_TOTL_2001-2022_retrieved_2026-10-07.json,37515748.0,,WB,EXACT,0.0
POL,2021,population,36981559.0,A,"World Bank, World Development Indicators (SP.POP.TOTL), sourced from UN World Population Prospects and national statistical offices",evidence/api/wb_SP_POP_TOTL_2001-2022_retrieved_2026-10-07.json,36981559.0,,WB,EXACT,0.0
POL,2022,population,36821749.0,A,"World Bank, World Development Indicators (SP.POP.TOTL), sourced from UN World Population Prospects and national statistical offices",evidence/api/wb_SP_POP_TOTL_2001-2022_retrieved_2026-10-07.json,36821749.0,,WB,EXACT,0.0
PRT,2001,population,10362722.0,A,"World Bank, World Development Indicators (SP.POP.TOTL), sourced from UN World Population Prospects and national statistical offices",evidence/api/wb_SP_POP_TOTL_2001-2022_retrieved_2026-10-07.json,10362722.0,,WB,EXACT,0.0
PRT,2002,population,10419631.0,A,"World Bank, World Development Indicators (SP.POP.TOTL), sourced from UN World Population Prospects and national statistical offices",evidence/api/wb_SP_POP_TOTL_2001-2022_retrieved_2026-10-07.json,10419631.0,,WB,EXACT,0.0
PRT,2003,population,10458821.0,A,"World Bank, World Development Indicators (SP.POP.TOTL), sourced from UN World Population Prospects and national statistical offices",evidence/api/wb_SP_POP_TOTL_2001-2022_retrieved_2026-10-07.json,10458821.0,,WB,EXACT,0.0
PRT,2004,population,10483861.0,A,"World Bank, World Development Indicators (SP.POP.TOTL), sourced from UN World Population Prospects and national statistical offices",evidence/api/wb_SP_POP_TOTL_2001-2022_retrieved_2026-10-07.json,10483861.0,,WB,EXACT,0.0
PRT,2005,population,10503330.0,A,"World Bank, World Development Indicators (SP.POP.TOTL), sourced from UN World Population Prospects and national statistical offices",evidence/api/wb_SP_POP_TOTL_2001-2022_retrieved_2026-10-07.json,10503330.0,,WB,EXACT,0.0
PRT,2006,population,10522288.0,A,"World Bank, World Development Indicators (SP.POP.TOTL), sourced from UN World Population Prospects and national statistical offices",evidence/api/wb_SP_POP_TOTL_2001-2022_retrieved_2026-10-07.json,10522288.0,,WB,EXACT,0.0
PRT,2007,population,10542964.0,A,"World Bank, World Development Indicators (SP.POP.TOTL), sourced from UN World Population Prospects and national statistical offices",evidence/api/wb_SP_POP_TOTL_2001-2022_retrieved_2026-10-07.json,10542964.0,,WB,EXACT,0.0
PRT,2008,population,10558177.0,A,"World Bank, World Development Indicators (SP.POP.TOTL), sourced from UN World Population Prospects and national statistical offices",evidence/api/wb_SP_POP_TOTL_2001-2022_retrieved_2026-10-07.json,10558177.0,,WB,EXACT,0.0
PRT,2009,population,10568247.0,A,"World Bank, World Development Indicators (SP.POP.TOTL), sourced from UN World Population Prospects and national statistical offices",evidence/api/wb_SP_POP_TOTL_2001-2022_retrieved_2026-10-07.json,10568247.0,,WB,EXACT,0.0
PRT,2010,population,10573100.0,A,"World Bank, World Development Indicators (SP.POP.TOTL), sourced from UN World Population Prospects and national statistical offices",evidence/api/wb_SP_POP_TOTL_2001-2022_retrieved_2026-10-07.json,10573100.0,,WB,EXACT,0.0
PRT,2011,population,10557560.0,A,"World Bank, World Development Indicators (SP.POP.TOTL), sourced from UN World Population Prospects and national statistical offices",evidence/api/wb_SP_POP_TOTL_2001-2022_retrieved_2026-10-07.json,10557560.0,,WB,EXACT,0.0
PRT,2012,population,10514844.0,A,"World Bank, World Development Indicators (SP.POP.TOTL), sourced from UN World Population Prospects and national statistical offices",evidence/api/wb_SP_POP_TOTL_2001-2022_retrieved_2026-10-07.json,10514844.0,,WB,EXACT,0.0
PRT,2013,population,10457295.0,A,"World Bank, World Development Indicators (SP.POP.TOTL), sourced from UN World Population Prospects and national statistical offices",evidence/api/wb_SP_POP_TOTL_2001-2022_retrieved_2026-10-07.json,10457295.0,,WB,EXACT,0.0
PRT,2014,population,10401062.0,A,"World Bank, World Development Indicators (SP.POP.TOTL), sourced from UN World Population Prospects and national statistical offices",evidence/api/wb_SP_POP_TOTL_2001-2022_retrieved_2026-10-07.json,10401062.0,,WB,EXACT,0.0
PRT,2015,population,10358076.0,A,"World Bank, World Development Indicators (SP.POP.TOTL), sourced from UN World Population Prospects and national statistical offices",evidence/api/wb_SP_POP_TOTL_2001-2022_retrieved_2026-10-07.json,10358076.0,,WB,EXACT,0.0
PRT,2016,population,10325452.0,A,"World Bank, World Development Indicators (SP.POP.TOTL), sourced from UN World Population Prospects and national statistical offices",evidence/api/wb_SP_POP_TOTL_2001-2022_retrieved_2026-10-07.json,10325452.0,,WB,EXACT,0.0
PRT,2017,population,10300300.0,A,"World Bank, World Development Indicators (SP.POP.TOTL), sourced from UN World Population Prospects and national statistical offices",evidence/api/wb_SP_POP_TOTL_2001-2022_retrieved_2026-10-07.json,10300300.0,,WB,EXACT,0.0
PRT,2018,population,10283822.0,A,"World Bank, World Development Indicators (SP.POP.TOTL), sourced from UN World Population Prospects and national statistical offices",evidence/api/wb_SP_POP_TOTL_2001-2022_retrieved_2026-10-07.json,10283822.0,,WB,EXACT,0.0
PRT,2019,population,10286263.0,A,"World Bank, World Development Indicators (SP.POP.TOTL), sourced from UN World Population Prospects and national statistical offices",evidence/api/wb_SP_POP_TOTL_2001-2022_retrieved_2026-10-07.json,10286263.0,,WB,EXACT,0.0
PRT,2020,population,10297081.0,A,"World Bank, World Development Indicators (SP.POP.TOTL), sourced from UN World Population Prospects and national statistical offices",evidence/api/wb_SP_POP_TOTL_2001-2022_retrieved_2026-10-07.json,10297081.0,,WB,EXACT,0.0
PRT,2021,population,10361831.0,A,"World Bank, World Development Indicators (SP.POP.TOTL), sourced from UN World Population Prospects and national statistical offices",evidence/api/wb_SP_POP_TOTL_2001-2022_retrieved_2026-10-07.json,10361831.0,,WB,EXACT,0.0
PRT,2022,population,10434332.0,A,"World Bank, World Development Indicators (SP.POP.TOTL), sourced from UN World Population Prospects and national statistical offices",evidence/api/wb_SP_POP_TOTL_2001-2022_retrieved_2026-10-07.json,10434332.0,,WB,EXACT,0.0
RUS,2001,population,145976482.0,A,"World Bank, World Development Indicators (SP.POP.TOTL), sourced from UN World Population Prospects and national statistical offices",evidence/api/wb_SP_POP_TOTL_2001-2022_retrieved_2026-10-07.json,145976482.0,,WB,EXACT,0.0
RUS,2002,population,145306497.0,A,"World Bank, World Development Indicators (SP.POP.TOTL), sourced from UN World Population Prospects and national statistical offices",evidence/api/wb_SP_POP_TOTL_2001-2022_retrieved_2026-10-07.json,145306497.0,,WB,EXACT,0.0
RUS,2003,population,144648618.0,A,"World Bank, World Development Indicators (SP.POP.TOTL), sourced from UN World Population Prospects and national statistical offices",evidence/api/wb_SP_POP_TOTL_2001-2022_retrieved_2026-10-07.json,144648618.0,,WB,EXACT,0.0
RUS,2004,population,144067316.0,A,"World Bank, World Development Indicators (SP.POP.TOTL), sourced from UN World Population Prospects and national statistical offices",evidence/api/wb_SP_POP_TOTL_2001-2022_retrieved_2026-10-07.json,144067316.0,,WB,EXACT,0.0
RUS,2005,population,143518814.0,A,"World Bank, World Development Indicators (SP.POP.TOTL), sourced from UN World Population Prospects and national statistical offices",evidence/api/wb_SP_POP_TOTL_2001-2022_retrieved_2026-10-07.json,143518814.0,,WB,EXACT,0.0
RUS,2006,population,143049637.0,A,"World Bank, World Development Indicators (SP.POP.TOTL), sourced from UN World Population Prospects and national statistical offices",evidence/api/wb_SP_POP_TOTL_2001-2022_retrieved_2026-10-07.json,143049637.0,,WB,EXACT,0.0
RUS,2007,population,142805114.0,A,"World Bank, World Development Indicators (SP.POP.TOTL), sourced from UN World Population Prospects and national statistical offices",evidence/api/wb_SP_POP_TOTL_2001-2022_retrieved_2026-10-07.json,142805114.0,,WB,EXACT,0.0
RUS,2008,population,142742366.0,A,"World Bank, World Development Indicators (SP.POP.TOTL), sourced from UN World Population Prospects and national statistical offices",evidence/api/wb_SP_POP_TOTL_2001-2022_retrieved_2026-10-07.json,142742366.0,,WB,EXACT,0.0
RUS,2009,population,142785348.0,A,"World Bank, World Development Indicators (SP.POP.TOTL), sourced from UN World Population Prospects and national statistical offices",evidence/api/wb_SP_POP_TOTL_2001-2022_retrieved_2026-10-07.json,142785348.0,,WB,EXACT,0.0
RUS,2010,population,142849468.0,A,"World Bank, World Development Indicators (SP.POP.TOTL), sourced from UN World Population Prospects and national statistical offices",evidence/api/wb_SP_POP_TOTL_2001-2022_retrieved_2026-10-07.json,142849468.0,,WB,EXACT,0.0
RUS,2011,population,143018195.0,A,"World Bank, World Development Indicators (SP.POP.TOTL), sourced from UN World Population Prospects and national statistical offices",evidence/api/wb_SP_POP_TOTL_2001-2022_retrieved_2026-10-07.json,143018195.0,,WB,EXACT,0.0
RUS,2012,population,143378447.0,A,"World Bank, World Development Indicators (SP.POP.TOTL), sourced from UN World Population Prospects and national statistical offices",evidence/api/wb_SP_POP_TOTL_2001-2022_retrieved_2026-10-07.json,143378447.0,,WB,EXACT,0.0
RUS,2013,population,143805638.0,A,"World Bank, World Development Indicators (SP.POP.TOTL), sourced from UN World Population Prospects and national statistical offices",evidence/api/wb_SP_POP_TOTL_2001-2022_retrieved_2026-10-07.json,143805638.0,,WB,EXACT,0.0
RUS,2014,population,144237223.0,A,"World Bank, World Development Indicators (SP.POP.TOTL), sourced from UN World Population Prospects and national statistical offices",evidence/api/wb_SP_POP_TOTL_2001-2022_retrieved_2026-10-07.json,144237223.0,,WB,EXACT,0.0
RUS,2015,population,144640716.0,A,"World Bank, World Development Indicators (SP.POP.TOTL), sourced from UN World Population Prospects and national statistical offices",evidence/api/wb_SP_POP_TOTL_2001-2022_retrieved_2026-10-07.json,144640716.0,,WB,EXACT,0.0
RUS,2016,population,145015460.0,A,"World Bank, World Development Indicators (SP.POP.TOTL), sourced from UN World Population Prospects and national statistical offices",evidence/api/wb_SP_POP_TOTL_2001-2022_retrieved_2026-10-07.json,145015460.0,,WB,EXACT,0.0
RUS,2017,population,145293260.0,A,"World Bank, World Development Indicators (SP.POP.TOTL), sourced from UN World Population Prospects and national statistical offices",evidence/api/wb_SP_POP_TOTL_2001-2022_retrieved_2026-10-07.json,145293260.0,,WB,EXACT,0.0
RUS,2018,population,145398106.0,A,"World Bank, World Development Indicators (SP.POP.TOTL), sourced from UN World Population Prospects and national statistical offices",evidence/api/wb_SP_POP_TOTL_2001-2022_retrieved_2026-10-07.json,145398106.0,,WB,EXACT,0.0
RUS,2019,population,145453291.0,A,"World Bank, World Development Indicators (SP.POP.TOTL), sourced from UN World Population Prospects and national statistical offices",evidence/api/wb_SP_POP_TOTL_2001-2022_retrieved_2026-10-07.json,145453291.0,,WB,EXACT,0.0
RUS,2020,population,145245148.0,A,"World Bank, World Development Indicators (SP.POP.TOTL), sourced from UN World Population Prospects and national statistical offices",evidence/api/wb_SP_POP_TOTL_2001-2022_retrieved_2026-10-07.json,145245148.0,,WB,EXACT,0.0
RUS,2021,population,144746762.0,A,"World Bank, World Development Indicators (SP.POP.TOTL), sourced from UN World Population Prospects and national statistical offices",evidence/api/wb_SP_POP_TOTL_2001-2022_retrieved_2026-10-07.json,144746762.0,,WB,EXACT,0.0
RUS,2022,population,144236933.0,A,"World Bank, World Development Indicators (SP.POP.TOTL), sourced from UN World Population Prospects and national statistical offices",evidence/api/wb_SP_POP_TOTL_2001-2022_retrieved_2026-10-07.json,144236933.0,,WB,EXACT,0.0
SVK,2001,population,5378867.0,A,"World Bank, World Development Indicators (SP.POP.TOTL), sourced from UN World Population Prospects and national statistical offices",evidence/api/wb_SP_POP_TOTL_2001-2022_retrieved_2026-10-07.json,5378867.0,,WB,EXACT,0.0
SVK,2002,population,5376912.0,A,"World Bank, World Development Indicators (SP.POP.TOTL), sourced from UN World Population Prospects and national statistical offices",evidence/api/wb_SP_POP_TOTL_2001-2022_retrieved_2026-10-07.json,5376912.0,,WB,EXACT,0.0
SVK,2003,population,5373374.0,A,"World Bank, World Development Indicators (SP.POP.TOTL), sourced from UN World Population Prospects and national statistical offices",evidence/api/wb_SP_POP_TOTL_2001-2022_retrieved_2026-10-07.json,5373374.0,,WB,EXACT,0.0
SVK,2004,population,5372280.0,A,"World Bank, World Development Indicators (SP.POP.TOTL), sourced from UN World Population Prospects and national statistical offices",evidence/api/wb_SP_POP_TOTL_2001-2022_retrieved_2026-10-07.json,5372280.0,,WB,EXACT,0.0
SVK,2005,population,5372807.0,A,"World Bank, World Development Indicators (SP.POP.TOTL), sourced from UN World Population Prospects and national statistical offices",evidence/api/wb_SP_POP_TOTL_2001-2022_retrieved_2026-10-07.json,5372807.0,,WB,EXACT,0.0
SVK,2006,population,5373054.0,A,"World Bank, World Development Indicators (SP.POP.TOTL), sourced from UN World Population Prospects and national statistical offices",evidence/api/wb_SP_POP_TOTL_2001-2022_retrieved_2026-10-07.json,5373054.0,,WB,EXACT,0.0
SVK,2007,population,5374622.0,A,"World Bank, World Development Indicators (SP.POP.TOTL), sourced from UN World Population Prospects and national statistical offices",evidence/api/wb_SP_POP_TOTL_2001-2022_retrieved_2026-10-07.json,5374622.0,,WB,EXACT,0.0
SVK,2008,population,5379233.0,A,"World Bank, World Development Indicators (SP.POP.TOTL), sourced from UN World Population Prospects and national statistical offices",evidence/api/wb_SP_POP_TOTL_2001-2022_retrieved_2026-10-07.json,5379233.0,,WB,EXACT,0.0
SVK,2009,population,5386406.0,A,"World Bank, World Development Indicators (SP.POP.TOTL), sourced from UN World Population Prospects and national statistical offices",evidence/api/wb_SP_POP_TOTL_2001-2022_retrieved_2026-10-07.json,5386406.0,,WB,EXACT,0.0
SVK,2010,population,5391428.0,A,"World Bank, World Development Indicators (SP.POP.TOTL), sourced from UN World Population Prospects and national statistical offices",evidence/api/wb_SP_POP_TOTL_2001-2022_retrieved_2026-10-07.json,5391428.0,,WB,EXACT,0.0
SVK,2011,population,5398384.0,A,"World Bank, World Development Indicators (SP.POP.TOTL), sourced from UN World Population Prospects and national statistical offices",evidence/api/wb_SP_POP_TOTL_2001-2022_retrieved_2026-10-07.json,5398384.0,,WB,EXACT,0.0
SVK,2012,population,5407579.0,A,"World Bank, World Development Indicators (SP.POP.TOTL), sourced from UN World Population Prospects and national statistical offices",evidence/api/wb_SP_POP_TOTL_2001-2022_retrieved_2026-10-07.json,5407579.0,,WB,EXACT,0.0
SVK,2013,population,5413393.0,A,"World Bank, World Development Indicators (SP.POP.TOTL), sourced from UN World Population Prospects and national statistical offices",evidence/api/wb_SP_POP_TOTL_2001-2022_retrieved_2026-10-07.json,5413393.0,,WB,EXACT,0.0
SVK,2014,population,5418649.0,A,"World Bank, World Development Indicators (SP.POP.TOTL), sourced from UN World Population Prospects and national statistical offices",evidence/api/wb_SP_POP_TOTL_2001-2022_retrieved_2026-10-07.json,5418649.0,,WB,EXACT,0.0
SVK,2015,population,5423801.0,A,"World Bank, World Development Indicators (SP.POP.TOTL), sourced from UN World Population Prospects and national statistical offices",evidence/api/wb_SP_POP_TOTL_2001-2022_retrieved_2026-10-07.json,5423801.0,,WB,EXACT,0.0
SVK,2016,population,5430798.0,A,"World Bank, World Development Indicators (SP.POP.TOTL), sourced from UN World Population Prospects and national statistical offices",evidence/api/wb_SP_POP_TOTL_2001-2022_retrieved_2026-10-07.json,5430798.0,,WB,EXACT,0.0
SVK,2017,population,5439232.0,A,"World Bank, World Development Indicators (SP.POP.TOTL), sourced from UN World Population Prospects and national statistical offices",evidence/api/wb_SP_POP_TOTL_2001-2022_retrieved_2026-10-07.json,5439232.0,,WB,EXACT,0.0
SVK,2018,population,5446771.0,A,"World Bank, World Development Indicators (SP.POP.TOTL), sourced from UN World Population Prospects and national statistical offices",evidence/api/wb_SP_POP_TOTL_2001-2022_retrieved_2026-10-07.json,5446771.0,,WB,EXACT,0.0
SVK,2019,population,5454147.0,A,"World Bank, World Development Indicators (SP.POP.TOTL), sourced from UN World Population Prospects and national statistical offices",evidence/api/wb_SP_POP_TOTL_2001-2022_retrieved_2026-10-07.json,5454147.0,,WB,EXACT,0.0
SVK,2020,population,5458827.0,A,"World Bank, World Development Indicators (SP.POP.TOTL), sourced from UN World Population Prospects and national statistical offices",evidence/api/wb_SP_POP_TOTL_2001-2022_retrieved_2026-10-07.json,5458827.0,,WB,EXACT,0.0
SVK,2021,population,5447247.0,A,"World Bank, World Development Indicators (SP.POP.TOTL), sourced from UN World Population Prospects and national statistical offices",evidence/api/wb_SP_POP_TOTL_2001-2022_retrieved_2026-10-07.json,5447247.0,,WB,EXACT,0.0
SVK,2022,population,5431752.0,A,"World Bank, World Development Indicators (SP.POP.TOTL), sourced from UN World Population Prospects and national statistical offices",evidence/api/wb_SP_POP_TOTL_2001-2022_retrieved_2026-10-07.json,5431752.0,,WB,EXACT,0.0
SVN,2001,population,1992060.0,A,"World Bank, World Development Indicators (SP.POP.TOTL), sourced from UN World Population Prospects and national statistical offices",evidence/api/wb_SP_POP_TOTL_2001-2022_retrieved_2026-10-07.json,1992060.0,,WB,EXACT,0.0
SVN,2002,population,1994530.0,A,"World Bank, World Development Indicators (SP.POP.TOTL), sourced from UN World Population Prospects and national statistical offices",evidence/api/wb_SP_POP_TOTL_2001-2022_retrieved_2026-10-07.json,1994530.0,,WB,EXACT,0.0
SVN,2003,population,1995733.0,A,"World Bank, World Development Indicators (SP.POP.TOTL), sourced from UN World Population Prospects and national statistical offices",evidence/api/wb_SP_POP_TOTL_2001-2022_retrieved_2026-10-07.json,1995733.0,,WB,EXACT,0.0
SVN,2004,population,1997012.0,A,"World Bank, World Development Indicators (SP.POP.TOTL), sourced from UN World Population Prospects and national statistical offices",evidence/api/wb_SP_POP_TOTL_2001-2022_retrieved_2026-10-07.json,1997012.0,,WB,EXACT,0.0
SVN,2005,population,2000474.0,A,"World Bank, World Development Indicators (SP.POP.TOTL), sourced from UN World Population Prospects and national statistical offices",evidence/api/wb_SP_POP_TOTL_2001-2022_retrieved_2026-10-07.json,2000474.0,,WB,EXACT,0.0
SVN,2006,population,2006868.0,A,"World Bank, World Development Indicators (SP.POP.TOTL), sourced from UN World Population Prospects and national statistical offices",evidence/api/wb_SP_POP_TOTL_2001-2022_retrieved_2026-10-07.json,2006868.0,,WB,EXACT,0.0
SVN,2007,population,2018122.0,A,"World Bank, World Development Indicators (SP.POP.TOTL), sourced from UN World Population Prospects and national statistical offices",evidence/api/wb_SP_POP_TOTL_2001-2022_retrieved_2026-10-07.json,2018122.0,,WB,EXACT,0.0
SVN,2008,population,2021316.0,A,"World Bank, World Development Indicators (SP.POP.TOTL), sourced from UN World Population Prospects and national statistical offices",evidence/api/wb_SP_POP_TOTL_2001-2022_retrieved_2026-10-07.json,2021316.0,,WB,EXACT,0.0
SVN,2009,population,2039669.0,A,"World Bank, World Development Indicators (SP.POP.TOTL), sourced from UN World Population Prospects and national statistical offices",evidence/api/wb_SP_POP_TOTL_2001-2022_retrieved_2026-10-07.json,2039669.0,,WB,EXACT,0.0
SVN,2010,population,2048583.0,A,"World Bank, World Development Indicators (SP.POP.TOTL), sourced from UN World Population Prospects and national statistical offices",evidence/api/wb_SP_POP_TOTL_2001-2022_retrieved_2026-10-07.json,2048583.0,,WB,EXACT,0.0
SVN,2011,population,2052843.0,A,"World Bank, World Development Indicators (SP.POP.TOTL), sourced from UN World Population Prospects and national statistical offices",evidence/api/wb_SP_POP_TOTL_2001-2022_retrieved_2026-10-07.json,2052843.0,,WB,EXACT,0.0
SVN,2012,population,2057159.0,A,"World Bank, World Development Indicators (SP.POP.TOTL), sourced from UN World Population Prospects and national statistical offices",evidence/api/wb_SP_POP_TOTL_2001-2022_retrieved_2026-10-07.json,2057159.0,,WB,EXACT,0.0
SVN,2013,population,2059953.0,A,"World Bank, World Development Indicators (SP.POP.TOTL), sourced from UN World Population Prospects and national statistical offices",evidence/api/wb_SP_POP_TOTL_2001-2022_retrieved_2026-10-07.json,2059953.0,,WB,EXACT,0.0
SVN,2014,population,2061980.0,A,"World Bank, World Development Indicators (SP.POP.TOTL), sourced from UN World Population Prospects and national statistical offices",evidence/api/wb_SP_POP_TOTL_2001-2022_retrieved_2026-10-07.json,2061980.0,,WB,EXACT,0.0
SVN,2015,population,2063531.0,A,"World Bank, World Development Indicators (SP.POP.TOTL), sourced from UN World Population Prospects and national statistical offices",evidence/api/wb_SP_POP_TOTL_2001-2022_retrieved_2026-10-07.json,2063531.0,,WB,EXACT,0.0
SVN,2016,population,2065042.0,A,"World Bank, World Development Indicators (SP.POP.TOTL), sourced from UN World Population Prospects and national statistical offices",evidence/api/wb_SP_POP_TOTL_2001-2022_retrieved_2026-10-07.json,2065042.0,,WB,EXACT,0.0
SVN,2017,population,2066388.0,A,"World Bank, World Development Indicators (SP.POP.TOTL), sourced from UN World Population Prospects and national statistical offices",evidence/api/wb_SP_POP_TOTL_2001-2022_retrieved_2026-10-07.json,2066388.0,,WB,EXACT,0.0
SVN,2018,population,2073894.0,A,"World Bank, World Development Indicators (SP.POP.TOTL), sourced from UN World Population Prospects and national statistical offices",evidence/api/wb_SP_POP_TOTL_2001-2022_retrieved_2026-10-07.json,2073894.0,,WB,EXACT,0.0
SVN,2019,population,2088385.0,A,"World Bank, World Development Indicators (SP.POP.TOTL), sourced from UN World Population Prospects and national statistical offices",evidence/api/wb_SP_POP_TOTL_2001-2022_retrieved_2026-10-07.json,2088385.0,,WB,EXACT,0.0
SVN,2020,population,2102419.0,A,"World Bank, World Development Indicators (SP.POP.TOTL), sourced from UN World Population Prospects and national statistical offices",evidence/api/wb_SP_POP_TOTL_2001-2022_retrieved_2026-10-07.json,2102419.0,,WB,EXACT,0.0
SVN,2021,population,2108079.0,A,"World Bank, World Development Indicators (SP.POP.TOTL), sourced from UN World Population Prospects and national statistical offices",evidence/api/wb_SP_POP_TOTL_2001-2022_retrieved_2026-10-07.json,2108079.0,,WB,EXACT,0.0
SVN,2022,population,2112076.0,A,"World Bank, World Development Indicators (SP.POP.TOTL), sourced from UN World Population Prospects and national statistical offices",evidence/api/wb_SP_POP_TOTL_2001-2022_retrieved_2026-10-07.json,2112076.0,,WB,EXACT,0.0
ZAF,2001,population,47566800.0,A,"World Bank, World Development Indicators (SP.POP.TOTL), sourced from UN World Population Prospects and national statistical offices",evidence/api/wb_SP_POP_TOTL_2001-2022_retrieved_2026-10-07.json,47566800.0,,WB,EXACT,0.0
ZAF,2002,population,48019415.0,A,"World Bank, World Development Indicators (SP.POP.TOTL), sourced from UN World Population Prospects and national statistical offices",evidence/api/wb_SP_POP_TOTL_2001-2022_retrieved_2026-10-07.json,48019415.0,,WB,EXACT,0.0
ZAF,2003,population,48500348.0,A,"World Bank, World Development Indicators (SP.POP.TOTL), sourced from UN World Population Prospects and national statistical offices",evidence/api/wb_SP_POP_TOTL_2001-2022_retrieved_2026-10-07.json,48500348.0,,WB,EXACT,0.0
ZAF,2004,population,48991421.0,A,"World Bank, World Development Indicators (SP.POP.TOTL), sourced from UN World Population Prospects and national statistical offices",evidence/api/wb_SP_POP_TOTL_2001-2022_retrieved_2026-10-07.json,48991421.0,,WB,EXACT,0.0
ZAF,2005,population,49490033.0,A,"World Bank, World Development Indicators (SP.POP.TOTL), sourced from UN World Population Prospects and national statistical offices",evidence/api/wb_SP_POP_TOTL_2001-2022_retrieved_2026-10-07.json,49490033.0,,WB,EXACT,0.0
ZAF,2006,population,49998277.0,A,"World Bank, World Development Indicators (SP.POP.TOTL), sourced from UN World Population Prospects and national statistical offices",evidence/api/wb_SP_POP_TOTL_2001-2022_retrieved_2026-10-07.json,49998277.0,,WB,EXACT,0.0
ZAF,2007,population,50528584.0,A,"World Bank, World Development Indicators (SP.POP.TOTL), sourced from UN World Population Prospects and national statistical offices",evidence/api/wb_SP_POP_TOTL_2001-2022_retrieved_2026-10-07.json,50528584.0,,WB,EXACT,0.0
ZAF,2008,population,51114599.0,A,"World Bank, World Development Indicators (SP.POP.TOTL), sourced from UN World Population Prospects and national statistical offices",evidence/api/wb_SP_POP_TOTL_2001-2022_retrieved_2026-10-07.json,51114599.0,,WB,EXACT,0.0
ZAF,2009,population,51728516.0,A,"World Bank, World Development Indicators (SP.POP.TOTL), sourced from UN World Population Prospects and national statistical offices",evidence/api/wb_SP_POP_TOTL_2001-2022_retrieved_2026-10-07.json,51728516.0,,WB,EXACT,0.0
ZAF,2010,population,52344051.0,A,"World Bank, World Development Indicators (SP.POP.TOTL), sourced from UN World Population Prospects and national statistical offices",evidence/api/wb_SP_POP_TOTL_2001-2022_retrieved_2026-10-07.json,52344051.0,,WB,EXACT,0.0
ZAF,2011,population,52995205.0,A,"World Bank, World Development Indicators (SP.POP.TOTL), sourced from UN World Population Prospects and national statistical offices",evidence/api/wb_SP_POP_TOTL_2001-2022_retrieved_2026-10-07.json,52995205.0,,WB,EXACT,0.0
ZAF,2012,population,53782567.0,A,"World Bank, World Development Indicators (SP.POP.TOTL), sourced from UN World Population Prospects and national statistical offices",evidence/api/wb_SP_POP_TOTL_2001-2022_retrieved_2026-10-07.json,53782567.0,,WB,EXACT,0.0
ZAF,2013,population,54678791.0,A,"World Bank, World Development Indicators (SP.POP.TOTL), sourced from UN World Population Prospects and national statistical offices",evidence/api/wb_SP_POP_TOTL_2001-2022_retrieved_2026-10-07.json,54678791.0,,WB,EXACT,0.0
ZAF,2014,population,55594838.0,A,"World Bank, World Development Indicators (SP.POP.TOTL), sourced from UN World Population Prospects and national statistical offices",evidence/api/wb_SP_POP_TOTL_2001-2022_retrieved_2026-10-07.json,55594838.0,,WB,EXACT,0.0
ZAF,2015,population,56723537.0,A,"World Bank, World Development Indicators (SP.POP.TOTL), sourced from UN World Population Prospects and national statistical offices",evidence/api/wb_SP_POP_TOTL_2001-2022_retrieved_2026-10-07.json,56723537.0,,WB,EXACT,0.0
ZAF,2016,population,57259551.0,A,"World Bank, World Development Indicators (SP.POP.TOTL), sourced from UN World Population Prospects and national statistical offices",evidence/api/wb_SP_POP_TOTL_2001-2022_retrieved_2026-10-07.json,57259551.0,,WB,EXACT,0.0
ZAF,2017,population,57635162.0,A,"World Bank, World Development Indicators (SP.POP.TOTL), sourced from UN World Population Prospects and national statistical offices",evidence/api/wb_SP_POP_TOTL_2001-2022_retrieved_2026-10-07.json,57635162.0,,WB,EXACT,0.0
ZAF,2018,population,58613001.0,A,"World Bank, World Development Indicators (SP.POP.TOTL), sourced from UN World Population Prospects and national statistical offices",evidence/api/wb_SP_POP_TOTL_2001-2022_retrieved_2026-10-07.json,58613001.0,,WB,EXACT,0.0
ZAF,2019,population,59587885.0,A,"World Bank, World Development Indicators (SP.POP.TOTL), sourced from UN World Population Prospects and national statistical offices",evidence/api/wb_SP_POP_TOTL_2001-2022_retrieved_2026-10-07.json,59587885.0,,WB,EXACT,0.0
ZAF,2020,population,60562381.0,A,"World Bank, World Development Indicators (SP.POP.TOTL), sourced from UN World Population Prospects and national statistical offices",evidence/api/wb_SP_POP_TOTL_2001-2022_retrieved_2026-10-07.json,60562381.0,,WB,EXACT,0.0
ZAF,2021,population,61502603.0,A,"World Bank, World Development Indicators (SP.POP.TOTL), sourced from UN World Population Prospects and national statistical offices",evidence/api/wb_SP_POP_TOTL_2001-2022_retrieved_2026-10-07.json,61502603.0,,WB,EXACT,0.0
ZAF,2022,population,62378410.0,A,"World Bank, World Development Indicators (SP.POP.TOTL), sourced from UN World Population Prospects and national statistical offices",evidence/api/wb_SP_POP_TOTL_2001-2022_retrieved_2026-10-07.json,62378410.0,,WB,EXACT,0.0
ESP,2001,population,40850412.0,A,"World Bank, World Development Indicators (SP.POP.TOTL), sourced from UN World Population Prospects and national statistical offices",evidence/api/wb_SP_POP_TOTL_2001-2022_retrieved_2026-10-07.json,40850412.0,,WB,EXACT,0.0
ESP,2002,population,41431558.0,A,"World Bank, World Development Indicators (SP.POP.TOTL), sourced from UN World Population Prospects and national statistical offices",evidence/api/wb_SP_POP_TOTL_2001-2022_retrieved_2026-10-07.json,41431558.0,,WB,EXACT,0.0
ESP,2003,population,42187645.0,A,"World Bank, World Development Indicators (SP.POP.TOTL), sourced from UN World Population Prospects and national statistical offices",evidence/api/wb_SP_POP_TOTL_2001-2022_retrieved_2026-10-07.json,42187645.0,,WB,EXACT,0.0
ESP,2004,population,42921895.0,A,"World Bank, World Development Indicators (SP.POP.TOTL), sourced from UN World Population Prospects and national statistical offices",evidence/api/wb_SP_POP_TOTL_2001-2022_retrieved_2026-10-07.json,42921895.0,,WB,EXACT,0.0
ESP,2005,population,43653155.0,A,"World Bank, World Development Indicators (SP.POP.TOTL), sourced from UN World Population Prospects and national statistical offices",evidence/api/wb_SP_POP_TOTL_2001-2022_retrieved_2026-10-07.json,43653155.0,,WB,EXACT,0.0
ESP,2006,population,44397319.0,A,"World Bank, World Development Indicators (SP.POP.TOTL), sourced from UN World Population Prospects and national statistical offices",evidence/api/wb_SP_POP_TOTL_2001-2022_retrieved_2026-10-07.json,44397319.0,,WB,EXACT,0.0
ESP,2007,population,45226803.0,A,"World Bank, World Development Indicators (SP.POP.TOTL), sourced from UN World Population Prospects and national statistical offices",evidence/api/wb_SP_POP_TOTL_2001-2022_retrieved_2026-10-07.json,45226803.0,,WB,EXACT,0.0
ESP,2008,population,45954106.0,A,"World Bank, World Development Indicators (SP.POP.TOTL), sourced from UN World Population Prospects and national statistical offices",evidence/api/wb_SP_POP_TOTL_2001-2022_retrieved_2026-10-07.json,45954106.0,,WB,EXACT,0.0
ESP,2009,population,46362946.0,A,"World Bank, World Development Indicators (SP.POP.TOTL), sourced from UN World Population Prospects and national statistical offices",evidence/api/wb_SP_POP_TOTL_2001-2022_retrieved_2026-10-07.json,46362946.0,,WB,EXACT,0.0
ESP,2010,population,46576897.0,A,"World Bank, World Development Indicators (SP.POP.TOTL), sourced from UN World Population Prospects and national statistical offices",evidence/api/wb_SP_POP_TOTL_2001-2022_retrieved_2026-10-07.json,46576897.0,,WB,EXACT,0.0
ESP,2011,population,46742697.0,A,"World Bank, World Development Indicators (SP.POP.TOTL), sourced from UN World Population Prospects and national statistical offices",evidence/api/wb_SP_POP_TOTL_2001-2022_retrieved_2026-10-07.json,46742697.0,,WB,EXACT,0.0
ESP,2012,population,46773055.0,A,"World Bank, World Development Indicators (SP.POP.TOTL), sourced from UN World Population Prospects and national statistical offices",evidence/api/wb_SP_POP_TOTL_2001-2022_retrieved_2026-10-07.json,46773055.0,,WB,EXACT,0.0
ESP,2013,population,46604197.0,A,"World Bank, World Development Indicators (SP.POP.TOTL), sourced from UN World Population Prospects and national statistical offices",evidence/api/wb_SP_POP_TOTL_2001-2022_retrieved_2026-10-07.json,46604197.0,,WB,EXACT,0.0
ESP,2014,population,46460733.0,A,"World Bank, World Development Indicators (SP.POP.TOTL), sourced from UN World Population Prospects and national statistical offices",evidence/api/wb_SP_POP_TOTL_2001-2022_retrieved_2026-10-07.json,46460733.0,,WB,EXACT,0.0
ESP,2015,population,46422303.0,A,"World Bank, World Development Indicators (SP.POP.TOTL), sourced from UN World Population Prospects and national statistical offices",evidence/api/wb_SP_POP_TOTL_2001-2022_retrieved_2026-10-07.json,46422303.0,,WB,EXACT,0.0
ESP,2016,population,46458139.0,A,"World Bank, World Development Indicators (SP.POP.TOTL), sourced from UN World Population Prospects and national statistical offices",evidence/api/wb_SP_POP_TOTL_2001-2022_retrieved_2026-10-07.json,46458139.0,,WB,EXACT,0.0
ESP,2017,population,46571232.0,A,"World Bank, World Development Indicators (SP.POP.TOTL), sourced from UN World Population Prospects and national statistical offices",evidence/api/wb_SP_POP_TOTL_2001-2022_retrieved_2026-10-07.json,46571232.0,,WB,EXACT,0.0
ESP,2018,population,46782011.0,A,"World Bank, World Development Indicators (SP.POP.TOTL), sourced from UN World Population Prospects and national statistical offices",evidence/api/wb_SP_POP_TOTL_2001-2022_retrieved_2026-10-07.json,46782011.0,,WB,EXACT,0.0
ESP,2019,population,47118501.0,A,"World Bank, World Development Indicators (SP.POP.TOTL), sourced from UN World Population Prospects and national statistical offices",evidence/api/wb_SP_POP_TOTL_2001-2022_retrieved_2026-10-07.json,47118501.0,,WB,EXACT,0.0
ESP,2020,population,47359424.0,A,"World Bank, World Development Indicators (SP.POP.TOTL), sourced from UN World Population Prospects and national statistical offices",evidence/api/wb_SP_POP_TOTL_2001-2022_retrieved_2026-10-07.json,47359424.0,,WB,EXACT,0.0
ESP,2021,population,47443821.0,A,"World Bank, World Development Indicators (SP.POP.TOTL), sourced from UN World Population Prospects and national statistical offices",evidence/api/wb_SP_POP_TOTL_2001-2022_retrieved_2026-10-07.json,47443821.0,,WB,EXACT,0.0
ESP,2022,population,47786102.0,A,"World Bank, World Development Indicators (SP.POP.TOTL), sourced from UN World Population Prospects and national statistical offices",evidence/api/wb_SP_POP_TOTL_2001-2022_retrieved_2026-10-07.json,47786102.0,,WB,EXACT,0.0
SUR,2001,population,486560.0,A,"World Bank, World Development Indicators (SP.POP.TOTL), sourced from UN World Population Prospects and national statistical offices",evidence/api/wb_SP_POP_TOTL_2001-2022_retrieved_2026-10-07.json,486560.0,,WB,EXACT,0.0
SUR,2002,population,496551.0,A,"World Bank, World Development Indicators (SP.POP.TOTL), sourced from UN World Population Prospects and national statistical offices",evidence/api/wb_SP_POP_TOTL_2001-2022_retrieved_2026-10-07.json,496551.0,,WB,EXACT,0.0
SUR,2003,population,506414.0,A,"World Bank, World Development Indicators (SP.POP.TOTL), sourced from UN World Population Prospects and national statistical offices",evidence/api/wb_SP_POP_TOTL_2001-2022_retrieved_2026-10-07.json,506414.0,,WB,EXACT,0.0
SUR,2004,population,513923.0,A,"World Bank, World Development Indicators (SP.POP.TOTL), sourced from UN World Population Prospects and national statistical offices",evidence/api/wb_SP_POP_TOTL_2001-2022_retrieved_2026-10-07.json,513923.0,,WB,EXACT,0.0
SUR,2005,population,519313.0,A,"World Bank, World Development Indicators (SP.POP.TOTL), sourced from UN World Population Prospects and national statistical offices",evidence/api/wb_SP_POP_TOTL_2001-2022_retrieved_2026-10-07.json,519313.0,,WB,EXACT,0.0
SUR,2006,population,524997.0,A,"World Bank, World Development Indicators (SP.POP.TOTL), sourced from UN World Population Prospects and national statistical offices",evidence/api/wb_SP_POP_TOTL_2001-2022_retrieved_2026-10-07.json,524997.0,,WB,EXACT,0.0
SUR,2007,population,531016.0,A,"World Bank, World Development Indicators (SP.POP.TOTL), sourced from UN World Population Prospects and national statistical offices",evidence/api/wb_SP_POP_TOTL_2001-2022_retrieved_2026-10-07.json,531016.0,,WB,EXACT,0.0
SUR,2008,population,537245.0,A,"World Bank, World Development Indicators (SP.POP.TOTL), sourced from UN World Population Prospects and national statistical offices",evidence/api/wb_SP_POP_TOTL_2001-2022_retrieved_2026-10-07.json,537245.0,,WB,EXACT,0.0
SUR,2009,population,543568.0,A,"World Bank, World Development Indicators (SP.POP.TOTL), sourced from UN World Population Prospects and national statistical offices",evidence/api/wb_SP_POP_TOTL_2001-2022_retrieved_2026-10-07.json,543568.0,,WB,EXACT,0.0
SUR,2010,population,549923.0,A,"World Bank, World Development Indicators (SP.POP.TOTL), sourced from UN World Population Prospects and national statistical offices",evidence/api/wb_SP_POP_TOTL_2001-2022_retrieved_2026-10-07.json,549923.0,,WB,EXACT,0.0
SUR,2011,population,556269.0,A,"World Bank, World Development Indicators (SP.POP.TOTL), sourced from UN World Population Prospects and national statistical offices",evidence/api/wb_SP_POP_TOTL_2001-2022_retrieved_2026-10-07.json,556269.0,,WB,EXACT,0.0
SUR,2012,population,562633.0,A,"World Bank, World Development Indicators (SP.POP.TOTL), sourced from UN World Population Prospects and national statistical offices",evidence/api/wb_SP_POP_TOTL_2001-2022_retrieved_2026-10-07.json,562633.0,,WB,EXACT,0.0
SUR,2013,population,569020.0,A,"World Bank, World Development Indicators (SP.POP.TOTL), sourced from UN World Population Prospects and national statistical offices",evidence/api/wb_SP_POP_TOTL_2001-2022_retrieved_2026-10-07.json,569020.0,,WB,EXACT,0.0
SUR,2014,population,575373.0,A,"World Bank, World Development Indicators (SP.POP.TOTL), sourced from UN World Population Prospects and national statistical offices",evidence/api/wb_SP_POP_TOTL_2001-2022_retrieved_2026-10-07.json,575373.0,,WB,EXACT,0.0
SUR,2015,population,581627.0,A,"World Bank, World Development Indicators (SP.POP.TOTL), sourced from UN World Population Prospects and national statistical offices",evidence/api/wb_SP_POP_TOTL_2001-2022_retrieved_2026-10-07.json,581627.0,,WB,EXACT,0.0
SUR,2016,population,587757.0,A,"World Bank, World Development Indicators (SP.POP.TOTL), sourced from UN World Population Prospects and national statistical offices",evidence/api/wb_SP_POP_TOTL_2001-2022_retrieved_2026-10-07.json,587757.0,,WB,EXACT,0.0
SUR,2017,population,593713.0,A,"World Bank, World Development Indicators (SP.POP.TOTL), sourced from UN World Population Prospects and national statistical offices",evidence/api/wb_SP_POP_TOTL_2001-2022_retrieved_2026-10-07.json,593713.0,,WB,EXACT,0.0
SUR,2018,population,599513.0,A,"World Bank, World Development Indicators (SP.POP.TOTL), sourced from UN World Population Prospects and national statistical offices",evidence/api/wb_SP_POP_TOTL_2001-2022_retrieved_2026-10-07.json,599513.0,,WB,EXACT,0.0
SUR,2019,population,605768.0,A,"World Bank, World Development Indicators (SP.POP.TOTL), sourced from UN World Population Prospects and national statistical offices",evidence/api/wb_SP_POP_TOTL_2001-2022_retrieved_2026-10-07.json,605768.0,,WB,EXACT,0.0
SUR,2020,population,612317.0,A,"World Bank, World Development Indicators (SP.POP.TOTL), sourced from UN World Population Prospects and national statistical offices",evidence/api/wb_SP_POP_TOTL_2001-2022_retrieved_2026-10-07.json,612317.0,,WB,EXACT,0.0
SUR,2021,population,617896.0,A,"World Bank, World Development Indicators (SP.POP.TOTL), sourced from UN World Population Prospects and national statistical offices",evidence/api/wb_SP_POP_TOTL_2001-2022_retrieved_2026-10-07.json,617896.0,,WB,EXACT,0.0
SUR,2022,population,623164.0,A,"World Bank, World Development Indicators (SP.POP.TOTL), sourced from UN World Population Prospects and national statistical offices",evidence/api/wb_SP_POP_TOTL_2001-2022_retrieved_2026-10-07.json,623164.0,,WB,EXACT,0.0
SWE,2001,population,8895960.0,A,"World Bank, World Development Indicators (SP.POP.TOTL), sourced from UN World Population Prospects and national statistical offices",evidence/api/wb_SP_POP_TOTL_2001-2022_retrieved_2026-10-07.json,8895960.0,,WB,EXACT,0.0
SWE,2002,population,8924958.0,A,"World Bank, World Development Indicators (SP.POP.TOTL), sourced from UN World Population Prospects and national statistical offices",evidence/api/wb_SP_POP_TOTL_2001-2022_retrieved_2026-10-07.json,8924958.0,,WB,EXACT,0.0
SWE,2003,population,8958229.0,A,"World Bank, World Development Indicators (SP.POP.TOTL), sourced from UN World Population Prospects and national statistical offices",evidence/api/wb_SP_POP_TOTL_2001-2022_retrieved_2026-10-07.json,8958229.0,,WB,EXACT,0.0
SWE,2004,population,8993531.0,A,"World Bank, World Development Indicators (SP.POP.TOTL), sourced from UN World Population Prospects and national statistical offices",evidence/api/wb_SP_POP_TOTL_2001-2022_retrieved_2026-10-07.json,8993531.0,,WB,EXACT,0.0
SWE,2005,population,9029572.0,A,"World Bank, World Development Indicators (SP.POP.TOTL), sourced from UN World Population Prospects and national statistical offices",evidence/api/wb_SP_POP_TOTL_2001-2022_retrieved_2026-10-07.json,9029572.0,,WB,EXACT,0.0
SWE,2006,population,9080505.0,A,"World Bank, World Development Indicators (SP.POP.TOTL), sourced from UN World Population Prospects and national statistical offices",evidence/api/wb_SP_POP_TOTL_2001-2022_retrieved_2026-10-07.json,9080505.0,,WB,EXACT,0.0
SWE,2007,population,9148092.0,A,"World Bank, World Development Indicators (SP.POP.TOTL), sourced from UN World Population Prospects and national statistical offices",evidence/api/wb_SP_POP_TOTL_2001-2022_retrieved_2026-10-07.json,9148092.0,,WB,EXACT,0.0
SWE,2008,population,9219637.0,A,"World Bank, World Development Indicators (SP.POP.TOTL), sourced from UN World Population Prospects and national statistical offices",evidence/api/wb_SP_POP_TOTL_2001-2022_retrieved_2026-10-07.json,9219637.0,,WB,EXACT,0.0
SWE,2009,population,9298515.0,A,"World Bank, World Development Indicators (SP.POP.TOTL), sourced from UN World Population Prospects and national statistical offices",evidence/api/wb_SP_POP_TOTL_2001-2022_retrieved_2026-10-07.json,9298515.0,,WB,EXACT,0.0
SWE,2010,population,9378126.0,A,"World Bank, World Development Indicators (SP.POP.TOTL), sourced from UN World Population Prospects and national statistical offices",evidence/api/wb_SP_POP_TOTL_2001-2022_retrieved_2026-10-07.json,9378126.0,,WB,EXACT,0.0
SWE,2011,population,9449213.0,A,"World Bank, World Development Indicators (SP.POP.TOTL), sourced from UN World Population Prospects and national statistical offices",evidence/api/wb_SP_POP_TOTL_2001-2022_retrieved_2026-10-07.json,9449213.0,,WB,EXACT,0.0
SWE,2012,population,9519374.0,A,"World Bank, World Development Indicators (SP.POP.TOTL), sourced from UN World Population Prospects and national statistical offices",evidence/api/wb_SP_POP_TOTL_2001-2022_retrieved_2026-10-07.json,9519374.0,,WB,EXACT,0.0
SWE,2013,population,9600379.0,A,"World Bank, World Development Indicators (SP.POP.TOTL), sourced from UN World Population Prospects and national statistical offices",evidence/api/wb_SP_POP_TOTL_2001-2022_retrieved_2026-10-07.json,9600379.0,,WB,EXACT,0.0
SWE,2014,population,9696110.0,A,"World Bank, World Development Indicators (SP.POP.TOTL), sourced from UN World Population Prospects and national statistical offices",evidence/api/wb_SP_POP_TOTL_2001-2022_retrieved_2026-10-07.json,9696110.0,,WB,EXACT,0.0
SWE,2015,population,9799186.0,A,"World Bank, World Development Indicators (SP.POP.TOTL), sourced from UN World Population Prospects and national statistical offices",evidence/api/wb_SP_POP_TOTL_2001-2022_retrieved_2026-10-07.json,9799186.0,,WB,EXACT,0.0
SWE,2016,population,9923085.0,A,"World Bank, World Development Indicators (SP.POP.TOTL), sourced from UN World Population Prospects and national statistical offices",evidence/api/wb_SP_POP_TOTL_2001-2022_retrieved_2026-10-07.json,9923085.0,,WB,EXACT,0.0
SWE,2017,population,10057698.0,A,"World Bank, World Development Indicators (SP.POP.TOTL), sourced from UN World Population Prospects and national statistical offices",evidence/api/wb_SP_POP_TOTL_2001-2022_retrieved_2026-10-07.json,10057698.0,,WB,EXACT,0.0
SWE,2018,population,10175214.0,A,"World Bank, World Development Indicators (SP.POP.TOTL), sourced from UN World Population Prospects and national statistical offices",evidence/api/wb_SP_POP_TOTL_2001-2022_retrieved_2026-10-07.json,10175214.0,,WB,EXACT,0.0
SWE,2019,population,10278887.0,A,"World Bank, World Development Indicators (SP.POP.TOTL), sourced from UN World Population Prospects and national statistical offices",evidence/api/wb_SP_POP_TOTL_2001-2022_retrieved_2026-10-07.json,10278887.0,,WB,EXACT,0.0
SWE,2020,population,10353442.0,A,"World Bank, World Development Indicators (SP.POP.TOTL), sourced from UN World Population Prospects and national statistical offices",evidence/api/wb_SP_POP_TOTL_2001-2022_retrieved_2026-10-07.json,10353442.0,,WB,EXACT,0.0
SWE,2021,population,10415811.0,A,"World Bank, World Development Indicators (SP.POP.TOTL), sourced from UN World Population Prospects and national statistical offices",evidence/api/wb_SP_POP_TOTL_2001-2022_retrieved_2026-10-07.json,10415811.0,,WB,EXACT,0.0
SWE,2022,population,10486941.0,A,"World Bank, World Development Indicators (SP.POP.TOTL), sourced from UN World Population Prospects and national statistical offices",evidence/api/wb_SP_POP_TOTL_2001-2022_retrieved_2026-10-07.json,10486941.0,,WB,EXACT,0.0
CHE,2001,population,7229854.0,A,"World Bank, World Development Indicators (SP.POP.TOTL), sourced from UN World Population Prospects and national statistical offices",evidence/api/wb_SP_POP_TOTL_2001-2022_retrieved_2026-10-07.json,7229854.0,,WB,EXACT,0.0
CHE,2002,population,7284753.0,A,"World Bank, World Development Indicators (SP.POP.TOTL), sourced from UN World Population Prospects and national statistical offices",evidence/api/wb_SP_POP_TOTL_2001-2022_retrieved_2026-10-07.json,7284753.0,,WB,EXACT,0.0
CHE,2003,population,7339001.0,A,"World Bank, World Development Indicators (SP.POP.TOTL), sourced from UN World Population Prospects and national statistical offices",evidence/api/wb_SP_POP_TOTL_2001-2022_retrieved_2026-10-07.json,7339001.0,,WB,EXACT,0.0
CHE,2004,population,7389625.0,A,"World Bank, World Development Indicators (SP.POP.TOTL), sourced from UN World Population Prospects and national statistical offices",evidence/api/wb_SP_POP_TOTL_2001-2022_retrieved_2026-10-07.json,7389625.0,,WB,EXACT,0.0
CHE,2005,population,7437115.0,A,"World Bank, World Development Indicators (SP.POP.TOTL), sourced from UN World Population Prospects and national statistical offices",evidence/api/wb_SP_POP_TOTL_2001-2022_retrieved_2026-10-07.json,7437115.0,,WB,EXACT,0.0
CHE,2006,population,7483934.0,A,"World Bank, World Development Indicators (SP.POP.TOTL), sourced from UN World Population Prospects and national statistical offices",evidence/api/wb_SP_POP_TOTL_2001-2022_retrieved_2026-10-07.json,7483934.0,,WB,EXACT,0.0
CHE,2007,population,7551117.0,A,"World Bank, World Development Indicators (SP.POP.TOTL), sourced from UN World Population Prospects and national statistical offices",evidence/api/wb_SP_POP_TOTL_2001-2022_retrieved_2026-10-07.json,7551117.0,,WB,EXACT,0.0
CHE,2008,population,7647675.0,A,"World Bank, World Development Indicators (SP.POP.TOTL), sourced from UN World Population Prospects and national statistical offices",evidence/api/wb_SP_POP_TOTL_2001-2022_retrieved_2026-10-07.json,7647675.0,,WB,EXACT,0.0
CHE,2009,population,7743831.0,A,"World Bank, World Development Indicators (SP.POP.TOTL), sourced from UN World Population Prospects and national statistical offices",evidence/api/wb_SP_POP_TOTL_2001-2022_retrieved_2026-10-07.json,7743831.0,,WB,EXACT,0.0
CHE,2010,population,7824909.0,A,"World Bank, World Development Indicators (SP.POP.TOTL), sourced from UN World Population Prospects and national statistical offices",evidence/api/wb_SP_POP_TOTL_2001-2022_retrieved_2026-10-07.json,7824909.0,,WB,EXACT,0.0
CHE,2011,population,7912398.0,A,"World Bank, World Development Indicators (SP.POP.TOTL), sourced from UN World Population Prospects and national statistical offices",evidence/api/wb_SP_POP_TOTL_2001-2022_retrieved_2026-10-07.json,7912398.0,,WB,EXACT,0.0
CHE,2012,population,7996861.0,A,"World Bank, World Development Indicators (SP.POP.TOTL), sourced from UN World Population Prospects and national statistical offices",evidence/api/wb_SP_POP_TOTL_2001-2022_retrieved_2026-10-07.json,7996861.0,,WB,EXACT,0.0
CHE,2013,population,8089346.0,A,"World Bank, World Development Indicators (SP.POP.TOTL), sourced from UN World Population Prospects and national statistical offices",evidence/api/wb_SP_POP_TOTL_2001-2022_retrieved_2026-10-07.json,8089346.0,,WB,EXACT,0.0
CHE,2014,population,8188649.0,A,"World Bank, World Development Indicators (SP.POP.TOTL), sourced from UN World Population Prospects and national statistical offices",evidence/api/wb_SP_POP_TOTL_2001-2022_retrieved_2026-10-07.json,8188649.0,,WB,EXACT,0.0
CHE,2015,population,8282396.0,A,"World Bank, World Development Indicators (SP.POP.TOTL), sourced from UN World Population Prospects and national statistical offices",evidence/api/wb_SP_POP_TOTL_2001-2022_retrieved_2026-10-07.json,8282396.0,,WB,EXACT,0.0
CHE,2016,population,8373338.0,A,"World Bank, World Development Indicators (SP.POP.TOTL), sourced from UN World Population Prospects and national statistical offices",evidence/api/wb_SP_POP_TOTL_2001-2022_retrieved_2026-10-07.json,8373338.0,,WB,EXACT,0.0
CHE,2017,population,8451840.0,A,"World Bank, World Development Indicators (SP.POP.TOTL), sourced from UN World Population Prospects and national statistical offices",evidence/api/wb_SP_POP_TOTL_2001-2022_retrieved_2026-10-07.json,8451840.0,,WB,EXACT,0.0
CHE,2018,population,8514329.0,A,"World Bank, World Development Indicators (SP.POP.TOTL), sourced from UN World Population Prospects and national statistical offices",evidence/api/wb_SP_POP_TOTL_2001-2022_retrieved_2026-10-07.json,8514329.0,,WB,EXACT,0.0
CHE,2019,population,8575280.0,A,"World Bank, World Development Indicators (SP.POP.TOTL), sourced from UN World Population Prospects and national statistical offices",evidence/api/wb_SP_POP_TOTL_2001-2022_retrieved_2026-10-07.json,8575280.0,,WB,EXACT,0.0
CHE,2020,population,8638167.0,A,"World Bank, World Development Indicators (SP.POP.TOTL), sourced from UN World Population Prospects and national statistical offices",evidence/api/wb_SP_POP_TOTL_2001-2022_retrieved_2026-10-07.json,8638167.0,,WB,EXACT,0.0
CHE,2021,population,8704546.0,A,"World Bank, World Development Indicators (SP.POP.TOTL), sourced from UN World Population Prospects and national statistical offices",evidence/api/wb_SP_POP_TOTL_2001-2022_retrieved_2026-10-07.json,8704546.0,,WB,EXACT,0.0
CHE,2022,population,8777088.0,A,"World Bank, World Development Indicators (SP.POP.TOTL), sourced from UN World Population Prospects and national statistical offices",evidence/api/wb_SP_POP_TOTL_2001-2022_retrieved_2026-10-07.json,8777088.0,,WB,EXACT,0.0
THA,2001,population,63651141.0,A,"World Bank, World Development Indicators (SP.POP.TOTL), sourced from UN World Population Prospects and national statistical offices",evidence/api/wb_SP_POP_TOTL_2001-2022_retrieved_2026-10-07.json,63651141.0,,WB,EXACT,0.0
THA,2002,population,64266437.0,A,"World Bank, World Development Indicators (SP.POP.TOTL), sourced from UN World Population Prospects and national statistical offices",evidence/api/wb_SP_POP_TOTL_2001-2022_retrieved_2026-10-07.json,64266437.0,,WB,EXACT,0.0
THA,2003,population,64868166.0,A,"World Bank, World Development Indicators (SP.POP.TOTL), sourced from UN World Population Prospects and national statistical offices",evidence/api/wb_SP_POP_TOTL_2001-2022_retrieved_2026-10-07.json,64868166.0,,WB,EXACT,0.0
THA,2004,population,65452047.0,A,"World Bank, World Development Indicators (SP.POP.TOTL), sourced from UN World Population Prospects and national statistical offices",evidence/api/wb_SP_POP_TOTL_2001-2022_retrieved_2026-10-07.json,65452047.0,,WB,EXACT,0.0
THA,2005,population,66017420.0,A,"World Bank, World Development Indicators (SP.POP.TOTL), sourced from UN World Population Prospects and national statistical offices",evidence/api/wb_SP_POP_TOTL_2001-2022_retrieved_2026-10-07.json,66017420.0,,WB,EXACT,0.0
THA,2006,population,66567687.0,A,"World Bank, World Development Indicators (SP.POP.TOTL), sourced from UN World Population Prospects and national statistical offices",evidence/api/wb_SP_POP_TOTL_2001-2022_retrieved_2026-10-07.json,66567687.0,,WB,EXACT,0.0
THA,2007,population,67102394.0,A,"World Bank, World Development Indicators (SP.POP.TOTL), sourced from UN World Population Prospects and national statistical offices",evidence/api/wb_SP_POP_TOTL_2001-2022_retrieved_2026-10-07.json,67102394.0,,WB,EXACT,0.0
THA,2008,population,67619830.0,A,"World Bank, World Development Indicators (SP.POP.TOTL), sourced from UN World Population Prospects and national statistical offices",evidence/api/wb_SP_POP_TOTL_2001-2022_retrieved_2026-10-07.json,67619830.0,,WB,EXACT,0.0
THA,2009,population,68121080.0,A,"World Bank, World Development Indicators (SP.POP.TOTL), sourced from UN World Population Prospects and national statistical offices",evidence/api/wb_SP_POP_TOTL_2001-2022_retrieved_2026-10-07.json,68121080.0,,WB,EXACT,0.0
THA,2010,population,68579447.0,A,"World Bank, World Development Indicators (SP.POP.TOTL), sourced from UN World Population Prospects and national statistical offices",evidence/api/wb_SP_POP_TOTL_2001-2022_retrieved_2026-10-07.json,68579447.0,,WB,EXACT,0.0
THA,2011,population,69007208.0,A,"World Bank, World Development Indicators (SP.POP.TOTL), sourced from UN World Population Prospects and national statistical offices",evidence/api/wb_SP_POP_TOTL_2001-2022_retrieved_2026-10-07.json,69007208.0,,WB,EXACT,0.0
THA,2012,population,69436098.0,A,"World Bank, World Development Indicators (SP.POP.TOTL), sourced from UN World Population Prospects and national statistical offices",evidence/api/wb_SP_POP_TOTL_2001-2022_retrieved_2026-10-07.json,69436098.0,,WB,EXACT,0.0
THA,2013,population,69845114.0,A,"World Bank, World Development Indicators (SP.POP.TOTL), sourced from UN World Population Prospects and national statistical offices",evidence/api/wb_SP_POP_TOTL_2001-2022_retrieved_2026-10-07.json,69845114.0,,WB,EXACT,0.0
THA,2014,population,70216367.0,A,"World Bank, World Development Indicators (SP.POP.TOTL), sourced from UN World Population Prospects and national statistical offices",evidence/api/wb_SP_POP_TOTL_2001-2022_retrieved_2026-10-07.json,70216367.0,,WB,EXACT,0.0
THA,2015,population,70540795.0,A,"World Bank, World Development Indicators (SP.POP.TOTL), sourced from UN World Population Prospects and national statistical offices",evidence/api/wb_SP_POP_TOTL_2001-2022_retrieved_2026-10-07.json,70540795.0,,WB,EXACT,0.0
THA,2016,population,70859841.0,A,"World Bank, World Development Indicators (SP.POP.TOTL), sourced from UN World Population Prospects and national statistical offices",evidence/api/wb_SP_POP_TOTL_2001-2022_retrieved_2026-10-07.json,70859841.0,,WB,EXACT,0.0
THA,2017,population,71160187.0,A,"World Bank, World Development Indicators (SP.POP.TOTL), sourced from UN World Population Prospects and national statistical offices",evidence/api/wb_SP_POP_TOTL_2001-2022_retrieved_2026-10-07.json,71160187.0,,WB,EXACT,0.0
THA,2018,population,71376079.0,A,"World Bank, World Development Indicators (SP.POP.TOTL), sourced from UN World Population Prospects and national statistical offices",evidence/api/wb_SP_POP_TOTL_2001-2022_retrieved_2026-10-07.json,71376079.0,,WB,EXACT,0.0
THA,2019,population,71522271.0,A,"World Bank, World Development Indicators (SP.POP.TOTL), sourced from UN World Population Prospects and national statistical offices",evidence/api/wb_SP_POP_TOTL_2001-2022_retrieved_2026-10-07.json,71522271.0,,WB,EXACT,0.0
THA,2020,population,71641484.0,A,"World Bank, World Development Indicators (SP.POP.TOTL), sourced from UN World Population Prospects and national statistical offices",evidence/api/wb_SP_POP_TOTL_2001-2022_retrieved_2026-10-07.json,71641484.0,,WB,EXACT,0.0
THA,2021,population,71727332.0,A,"World Bank, World Development Indicators (SP.POP.TOTL), sourced from UN World Population Prospects and national statistical offices",evidence/api/wb_SP_POP_TOTL_2001-2022_retrieved_2026-10-07.json,71727332.0,,WB,EXACT,0.0
THA,2022,population,71735329.0,A,"World Bank, World Development Indicators (SP.POP.TOTL), sourced from UN World Population Prospects and national statistical offices",evidence/api/wb_SP_POP_TOTL_2001-2022_retrieved_2026-10-07.json,71735329.0,,WB,EXACT,0.0
TUR,2001,population,66245128.0,A,"World Bank, World Development Indicators (SP.POP.TOTL), sourced from UN World Population Prospects and national statistical offices",evidence/api/wb_SP_POP_TOTL_2001-2022_retrieved_2026-10-07.json,66245128.0,,WB,EXACT,0.0
TUR,2002,population,67048795.0,A,"World Bank, World Development Indicators (SP.POP.TOTL), sourced from UN World Population Prospects and national statistical offices",evidence/api/wb_SP_POP_TOTL_2001-2022_retrieved_2026-10-07.json,67048795.0,,WB,EXACT,0.0
TUR,2003,population,67831730.0,A,"World Bank, World Development Indicators (SP.POP.TOTL), sourced from UN World Population Prospects and national statistical offices",evidence/api/wb_SP_POP_TOTL_2001-2022_retrieved_2026-10-07.json,67831730.0,,WB,EXACT,0.0
TUR,2004,population,68592617.0,A,"World Bank, World Development Indicators (SP.POP.TOTL), sourced from UN World Population Prospects and national statistical offices",evidence/api/wb_SP_POP_TOTL_2001-2022_retrieved_2026-10-07.json,68592617.0,,WB,EXACT,0.0
TUR,2005,population,69329557.0,A,"World Bank, World Development Indicators (SP.POP.TOTL), sourced from UN World Population Prospects and national statistical offices",evidence/api/wb_SP_POP_TOTL_2001-2022_retrieved_2026-10-07.json,69329557.0,,WB,EXACT,0.0
TUR,2006,population,70045349.0,A,"World Bank, World Development Indicators (SP.POP.TOTL), sourced from UN World Population Prospects and national statistical offices",evidence/api/wb_SP_POP_TOTL_2001-2022_retrieved_2026-10-07.json,70045349.0,,WB,EXACT,0.0
TUR,2007,population,70158112.0,A,"World Bank, World Development Indicators (SP.POP.TOTL), sourced from UN World Population Prospects and national statistical offices",evidence/api/wb_SP_POP_TOTL_2001-2022_retrieved_2026-10-07.json,70158112.0,,WB,EXACT,0.0
TUR,2008,population,71051678.0,A,"World Bank, World Development Indicators (SP.POP.TOTL), sourced from UN World Population Prospects and national statistical offices",evidence/api/wb_SP_POP_TOTL_2001-2022_retrieved_2026-10-07.json,71051678.0,,WB,EXACT,0.0
TUR,2009,population,72039206.0,A,"World Bank, World Development Indicators (SP.POP.TOTL), sourced from UN World Population Prospects and national statistical offices",evidence/api/wb_SP_POP_TOTL_2001-2022_retrieved_2026-10-07.json,72039206.0,,WB,EXACT,0.0
TUR,2010,population,73142150.0,A,"World Bank, World Development Indicators (SP.POP.TOTL), sourced from UN World Population Prospects and national statistical offices",evidence/api/wb_SP_POP_TOTL_2001-2022_retrieved_2026-10-07.json,73142150.0,,WB,EXACT,0.0
TUR,2011,population,74223629.0,A,"World Bank, World Development Indicators (SP.POP.TOTL), sourced from UN World Population Prospects and national statistical offices",evidence/api/wb_SP_POP_TOTL_2001-2022_retrieved_2026-10-07.json,74223629.0,,WB,EXACT,0.0
TUR,2012,population,75175827.0,A,"World Bank, World Development Indicators (SP.POP.TOTL), sourced from UN World Population Prospects and national statistical offices",evidence/api/wb_SP_POP_TOTL_2001-2022_retrieved_2026-10-07.json,75175827.0,,WB,EXACT,0.0
TUR,2013,population,76147624.0,A,"World Bank, World Development Indicators (SP.POP.TOTL), sourced from UN World Population Prospects and national statistical offices",evidence/api/wb_SP_POP_TOTL_2001-2022_retrieved_2026-10-07.json,76147624.0,,WB,EXACT,0.0
TUR,2014,population,77181884.0,A,"World Bank, World Development Indicators (SP.POP.TOTL), sourced from UN World Population Prospects and national statistical offices",evidence/api/wb_SP_POP_TOTL_2001-2022_retrieved_2026-10-07.json,77181884.0,,WB,EXACT,0.0
TUR,2015,population,78218479.0,A,"World Bank, World Development Indicators (SP.POP.TOTL), sourced from UN World Population Prospects and national statistical offices",evidence/api/wb_SP_POP_TOTL_2001-2022_retrieved_2026-10-07.json,78218479.0,,WB,EXACT,0.0
TUR,2016,population,79277962.0,A,"World Bank, World Development Indicators (SP.POP.TOTL), sourced from UN World Population Prospects and national statistical offices",evidence/api/wb_SP_POP_TOTL_2001-2022_retrieved_2026-10-07.json,79277962.0,,WB,EXACT,0.0
TUR,2017,population,80312698.0,A,"World Bank, World Development Indicators (SP.POP.TOTL), sourced from UN World Population Prospects and national statistical offices",evidence/api/wb_SP_POP_TOTL_2001-2022_retrieved_2026-10-07.json,80312698.0,,WB,EXACT,0.0
TUR,2018,population,81407204.0,A,"World Bank, World Development Indicators (SP.POP.TOTL), sourced from UN World Population Prospects and national statistical offices",evidence/api/wb_SP_POP_TOTL_2001-2022_retrieved_2026-10-07.json,81407204.0,,WB,EXACT,0.0
TUR,2019,population,82579440.0,A,"World Bank, World Development Indicators (SP.POP.TOTL), sourced from UN World Population Prospects and national statistical offices",evidence/api/wb_SP_POP_TOTL_2001-2022_retrieved_2026-10-07.json,82579440.0,,WB,EXACT,0.0
TUR,2020,population,83384680.0,A,"World Bank, World Development Indicators (SP.POP.TOTL), sourced from UN World Population Prospects and national statistical offices",evidence/api/wb_SP_POP_TOTL_2001-2022_retrieved_2026-10-07.json,83384680.0,,WB,EXACT,0.0
TUR,2021,population,84147318.0,A,"World Bank, World Development Indicators (SP.POP.TOTL), sourced from UN World Population Prospects and national statistical offices",evidence/api/wb_SP_POP_TOTL_2001-2022_retrieved_2026-10-07.json,84147318.0,,WB,EXACT,0.0
TUR,2022,population,84979913.0,A,"World Bank, World Development Indicators (SP.POP.TOTL), sourced from UN World Population Prospects and national statistical offices",evidence/api/wb_SP_POP_TOTL_2001-2022_retrieved_2026-10-07.json,84979913.0,,WB,EXACT,0.0
GBR,2001,population,59119673.0,A,"World Bank, World Development Indicators (SP.POP.TOTL), sourced from UN World Population Prospects and national statistical offices",evidence/api/wb_SP_POP_TOTL_2001-2022_retrieved_2026-10-07.json,59119673.0,,WB,EXACT,0.0
GBR,2002,population,59370479.0,A,"World Bank, World Development Indicators (SP.POP.TOTL), sourced from UN World Population Prospects and national statistical offices",evidence/api/wb_SP_POP_TOTL_2001-2022_retrieved_2026-10-07.json,59370479.0,,WB,EXACT,0.0
GBR,2003,population,59647577.0,A,"World Bank, World Development Indicators (SP.POP.TOTL), sourced from UN World Population Prospects and national statistical offices",evidence/api/wb_SP_POP_TOTL_2001-2022_retrieved_2026-10-07.json,59647577.0,,WB,EXACT,0.0
GBR,2004,population,59987905.0,A,"World Bank, World Development Indicators (SP.POP.TOTL), sourced from UN World Population Prospects and national statistical offices",evidence/api/wb_SP_POP_TOTL_2001-2022_retrieved_2026-10-07.json,59987905.0,,WB,EXACT,0.0
GBR,2005,population,60401206.0,A,"World Bank, World Development Indicators (SP.POP.TOTL), sourced from UN World Population Prospects and national statistical offices",evidence/api/wb_SP_POP_TOTL_2001-2022_retrieved_2026-10-07.json,60401206.0,,WB,EXACT,0.0
GBR,2006,population,60846820.0,A,"World Bank, World Development Indicators (SP.POP.TOTL), sourced from UN World Population Prospects and national statistical offices",evidence/api/wb_SP_POP_TOTL_2001-2022_retrieved_2026-10-07.json,60846820.0,,WB,EXACT,0.0
GBR,2007,population,61322463.0,A,"World Bank, World Development Indicators (SP.POP.TOTL), sourced from UN World Population Prospects and national statistical offices",evidence/api/wb_SP_POP_TOTL_2001-2022_retrieved_2026-10-07.json,61322463.0,,WB,EXACT,0.0
GBR,2008,population,61806995.0,A,"World Bank, World Development Indicators (SP.POP.TOTL), sourced from UN World Population Prospects and national statistical offices",evidence/api/wb_SP_POP_TOTL_2001-2022_retrieved_2026-10-07.json,61806995.0,,WB,EXACT,0.0
GBR,2009,population,62276270.0,A,"World Bank, World Development Indicators (SP.POP.TOTL), sourced from UN World Population Prospects and national statistical offices",evidence/api/wb_SP_POP_TOTL_2001-2022_retrieved_2026-10-07.json,62276270.0,,WB,EXACT,0.0
GBR,2010,population,62766365.0,A,"World Bank, World Development Indicators (SP.POP.TOTL), sourced from UN World Population Prospects and national statistical offices",evidence/api/wb_SP_POP_TOTL_2001-2022_retrieved_2026-10-07.json,62766365.0,,WB,EXACT,0.0
GBR,2011,population,63258810.0,A,"World Bank, World Development Indicators (SP.POP.TOTL), sourced from UN World Population Prospects and national statistical offices",evidence/api/wb_SP_POP_TOTL_2001-2022_retrieved_2026-10-07.json,63258810.0,,WB,EXACT,0.0
GBR,2012,population,63711000.0,A,"World Bank, World Development Indicators (SP.POP.TOTL), sourced from UN World Population Prospects and national statistical offices",evidence/api/wb_SP_POP_TOTL_2001-2022_retrieved_2026-10-07.json,63711000.0,,WB,EXACT,0.0
GBR,2013,population,64138000.0,A,"World Bank, World Development Indicators (SP.POP.TOTL), sourced from UN World Population Prospects and national statistical offices",evidence/api/wb_SP_POP_TOTL_2001-2022_retrieved_2026-10-07.json,64138000.0,,WB,EXACT,0.0
GBR,2014,population,64619000.0,A,"World Bank, World Development Indicators (SP.POP.TOTL), sourced from UN World Population Prospects and national statistical offices",evidence/api/wb_SP_POP_TOTL_2001-2022_retrieved_2026-10-07.json,64619000.0,,WB,EXACT,0.0
GBR,2015,population,65087000.0,A,"World Bank, World Development Indicators (SP.POP.TOTL), sourced from UN World Population Prospects and national statistical offices",evidence/api/wb_SP_POP_TOTL_2001-2022_retrieved_2026-10-07.json,65087000.0,,WB,EXACT,0.0
GBR,2016,population,65606000.0,A,"World Bank, World Development Indicators (SP.POP.TOTL), sourced from UN World Population Prospects and national statistical offices",evidence/api/wb_SP_POP_TOTL_2001-2022_retrieved_2026-10-07.json,65606000.0,,WB,EXACT,0.0
GBR,2017,population,65964000.0,A,"World Bank, World Development Indicators (SP.POP.TOTL), sourced from UN World Population Prospects and national statistical offices",evidence/api/wb_SP_POP_TOTL_2001-2022_retrieved_2026-10-07.json,65964000.0,,WB,EXACT,0.0
GBR,2018,population,66287000.0,A,"World Bank, World Development Indicators (SP.POP.TOTL), sourced from UN World Population Prospects and national statistical offices",evidence/api/wb_SP_POP_TOTL_2001-2022_retrieved_2026-10-07.json,66287000.0,,WB,EXACT,0.0
GBR,2019,population,66628000.0,A,"World Bank, World Development Indicators (SP.POP.TOTL), sourced from UN World Population Prospects and national statistical offices",evidence/api/wb_SP_POP_TOTL_2001-2022_retrieved_2026-10-07.json,66628000.0,,WB,EXACT,0.0
GBR,2020,population,66740000.0,A,"World Bank, World Development Indicators (SP.POP.TOTL), sourced from UN World Population Prospects and national statistical offices",evidence/api/wb_SP_POP_TOTL_2001-2022_retrieved_2026-10-07.json,66740000.0,,WB,EXACT,0.0
GBR,2021,population,66978000.0,A,"World Bank, World Development Indicators (SP.POP.TOTL), sourced from UN World Population Prospects and national statistical offices",evidence/api/wb_SP_POP_TOTL_2001-2022_retrieved_2026-10-07.json,66978000.0,,WB,EXACT,0.0
GBR,2022,population,67636000.0,A,"World Bank, World Development Indicators (SP.POP.TOTL), sourced from UN World Population Prospects and national statistical offices",evidence/api/wb_SP_POP_TOTL_2001-2022_retrieved_2026-10-07.json,67636000.0,,WB,EXACT,0.0
USA,2001,population,284968955.0,A,"World Bank, World Development Indicators (SP.POP.TOTL), sourced from UN World Population Prospects and national statistical offices",evidence/api/wb_SP_POP_TOTL_2001-2022_retrieved_2026-10-07.json,284968955.0,,WB,EXACT,0.0
USA,2002,population,287625193.0,A,"World Bank, World Development Indicators (SP.POP.TOTL), sourced from UN World Population Prospects and national statistical offices",evidence/api/wb_SP_POP_TOTL_2001-2022_retrieved_2026-10-07.json,287625193.0,,WB,EXACT,0.0
USA,2003,population,290107933.0,A,"World Bank, World Development Indicators (SP.POP.TOTL), sourced from UN World Population Prospects and national statistical offices",evidence/api/wb_SP_POP_TOTL_2001-2022_retrieved_2026-10-07.json,290107933.0,,WB,EXACT,0.0
USA,2004,population,292805298.0,A,"World Bank, World Development Indicators (SP.POP.TOTL), sourced from UN World Population Prospects and national statistical offices",evidence/api/wb_SP_POP_TOTL_2001-2022_retrieved_2026-10-07.json,292805298.0,,WB,EXACT,0.0
USA,2005,population,295516599.0,A,"World Bank, World Development Indicators (SP.POP.TOTL), sourced from UN World Population Prospects and national statistical offices",evidence/api/wb_SP_POP_TOTL_2001-2022_retrieved_2026-10-07.json,295516599.0,,WB,EXACT,0.0
USA,2006,population,298379912.0,A,"World Bank, World Development Indicators (SP.POP.TOTL), sourced from UN World Population Prospects and national statistical offices",evidence/api/wb_SP_POP_TOTL_2001-2022_retrieved_2026-10-07.json,298379912.0,,WB,EXACT,0.0
USA,2007,population,301231207.0,A,"World Bank, World Development Indicators (SP.POP.TOTL), sourced from UN World Population Prospects and national statistical offices",evidence/api/wb_SP_POP_TOTL_2001-2022_retrieved_2026-10-07.json,301231207.0,,WB,EXACT,0.0
USA,2008,population,304093966.0,A,"World Bank, World Development Indicators (SP.POP.TOTL), sourced from UN World Population Prospects and national statistical offices",evidence/api/wb_SP_POP_TOTL_2001-2022_retrieved_2026-10-07.json,304093966.0,,WB,EXACT,0.0
USA,2009,population,306771529.0,A,"World Bank, World Development Indicators (SP.POP.TOTL), sourced from UN World Population Prospects and national statistical offices",evidence/api/wb_SP_POP_TOTL_2001-2022_retrieved_2026-10-07.json,306771529.0,,WB,EXACT,0.0
USA,2010,population,309378227.0,A,"World Bank, World Development Indicators (SP.POP.TOTL), sourced from UN World Population Prospects and national statistical offices",evidence/api/wb_SP_POP_TOTL_2001-2022_retrieved_2026-10-07.json,309378227.0,,WB,EXACT,0.0
USA,2011,population,311839461.0,A,"World Bank, World Development Indicators (SP.POP.TOTL), sourced from UN World Population Prospects and national statistical offices",evidence/api/wb_SP_POP_TOTL_2001-2022_retrieved_2026-10-07.json,311839461.0,,WB,EXACT,0.0
USA,2012,population,314339099.0,A,"World Bank, World Development Indicators (SP.POP.TOTL), sourced from UN World Population Prospects and national statistical offices",evidence/api/wb_SP_POP_TOTL_2001-2022_retrieved_2026-10-07.json,314339099.0,,WB,EXACT,0.0
USA,2013,population,316726282.0,A,"World Bank, World Development Indicators (SP.POP.TOTL), sourced from UN World Population Prospects and national statistical offices",evidence/api/wb_SP_POP_TOTL_2001-2022_retrieved_2026-10-07.json,316726282.0,,WB,EXACT,0.0
USA,2014,population,319257560.0,A,"World Bank, World Development Indicators (SP.POP.TOTL), sourced from UN World Population Prospects and national statistical offices",evidence/api/wb_SP_POP_TOTL_2001-2022_retrieved_2026-10-07.json,319257560.0,,WB,EXACT,0.0
USA,2015,population,321815121.0,A,"World Bank, World Development Indicators (SP.POP.TOTL), sourced from UN World Population Prospects and national statistical offices",evidence/api/wb_SP_POP_TOTL_2001-2022_retrieved_2026-10-07.json,321815121.0,,WB,EXACT,0.0
USA,2016,population,324353340.0,A,"World Bank, World Development Indicators (SP.POP.TOTL), sourced from UN World Population Prospects and national statistical offices",evidence/api/wb_SP_POP_TOTL_2001-2022_retrieved_2026-10-07.json,324353340.0,,WB,EXACT,0.0
USA,2017,population,326608609.0,A,"World Bank, World Development Indicators (SP.POP.TOTL), sourced from UN World Population Prospects and national statistical offices",evidence/api/wb_SP_POP_TOTL_2001-2022_retrieved_2026-10-07.json,326608609.0,,WB,EXACT,0.0
USA,2018,population,328529577.0,A,"World Bank, World Development Indicators (SP.POP.TOTL), sourced from UN World Population Prospects and national statistical offices",evidence/api/wb_SP_POP_TOTL_2001-2022_retrieved_2026-10-07.json,328529577.0,,WB,EXACT,0.0
USA,2019,population,330226227.0,A,"World Bank, World Development Indicators (SP.POP.TOTL), sourced from UN World Population Prospects and national statistical offices",evidence/api/wb_SP_POP_TOTL_2001-2022_retrieved_2026-10-07.json,330226227.0,,WB,EXACT,0.0
USA,2020,population,331578104.0,A,"World Bank, World Development Indicators (SP.POP.TOTL), sourced from UN World Population Prospects and national statistical offices",evidence/api/wb_SP_POP_TOTL_2001-2022_retrieved_2026-10-07.json,331578104.0,,WB,EXACT,0.0
USA,2021,population,332100166.0,A,"World Bank, World Development Indicators (SP.POP.TOTL), sourced from UN World Population Prospects and national statistical offices",evidence/api/wb_SP_POP_TOTL_2001-2022_retrieved_2026-10-07.json,332100166.0,,WB,EXACT,0.0
USA,2022,population,333996304.0,A,"World Bank, World Development Indicators (SP.POP.TOTL), sourced from UN World Population Prospects and national statistical offices",evidence/api/wb_SP_POP_TOTL_2001-2022_retrieved_2026-10-07.json,333996304.0,,WB,EXACT,0.0
AUS,2001,population_un_wpp2024,19365433.0,,,evidence/api/UN_WPP2024_demographic_indicators_compact.xlsx,19365433.0,,WPP,EXACT,0.0
AUS,2002,population_un_wpp2024,19595355.0,,,evidence/api/UN_WPP2024_demographic_indicators_compact.xlsx,19595355.0,,WPP,EXACT,0.0
AUS,2003,population_un_wpp2024,19819454.0,,,evidence/api/UN_WPP2024_demographic_indicators_compact.xlsx,19819454.0,,WPP,EXACT,0.0
AUS,2004,population_un_wpp2024,20046677.0,,,evidence/api/UN_WPP2024_demographic_indicators_compact.xlsx,20046677.0,,WPP,EXACT,0.0
AUS,2005,population_un_wpp2024,20294490.0,,,evidence/api/UN_WPP2024_demographic_indicators_compact.xlsx,20294490.0,,WPP,EXACT,0.0
AUS,2006,population_un_wpp2024,20590559.0,,,evidence/api/UN_WPP2024_demographic_indicators_compact.xlsx,20590559.0,,WPP,EXACT,0.0
AUS,2007,population_un_wpp2024,20954549.0,,,evidence/api/UN_WPP2024_demographic_indicators_compact.xlsx,20954549.0,,WPP,EXACT,0.0
AUS,2008,population_un_wpp2024,21370589.0,,,evidence/api/UN_WPP2024_demographic_indicators_compact.xlsx,21370589.0,,WPP,EXACT,0.0
AUS,2009,population_un_wpp2024,21783011.0,,,evidence/api/UN_WPP2024_demographic_indicators_compact.xlsx,21783011.0,,WPP,EXACT,0.0
AUS,2010,population_un_wpp2024,22141581.0,,,evidence/api/UN_WPP2024_demographic_indicators_compact.xlsx,22141581.0,,WPP,EXACT,0.0
AUS,2011,population_un_wpp2024,22479775.0,,,evidence/api/UN_WPP2024_demographic_indicators_compact.xlsx,22479775.0,,WPP,EXACT,0.0
AUS,2012,population_un_wpp2024,22852644.0,,,evidence/api/UN_WPP2024_demographic_indicators_compact.xlsx,22852644.0,,WPP,EXACT,0.0
AUS,2013,population_un_wpp2024,23236270.0,,,evidence/api/UN_WPP2024_demographic_indicators_compact.xlsx,23236270.0,,WPP,EXACT,0.0
AUS,2014,population_un_wpp2024,23595601.0,,,evidence/api/UN_WPP2024_demographic_indicators_compact.xlsx,23595601.0,,WPP,EXACT,0.0
AUS,2015,population_un_wpp2024,23948002.0,,,evidence/api/UN_WPP2024_demographic_indicators_compact.xlsx,23948002.0,,WPP,EXACT,0.0
AUS,2016,population_un_wpp2024,24329963.0,,,evidence/api/UN_WPP2024_demographic_indicators_compact.xlsx,24329963.0,,WPP,EXACT,0.0
AUS,2017,population_un_wpp2024,24731038.0,,,evidence/api/UN_WPP2024_demographic_indicators_compact.xlsx,24731038.0,,WPP,EXACT,0.0
AUS,2018,population_un_wpp2024,25119706.0,,,evidence/api/UN_WPP2024_demographic_indicators_compact.xlsx,25119706.0,,WPP,EXACT,0.0
AUS,2019,population_un_wpp2024,25482714.0,,,evidence/api/UN_WPP2024_demographic_indicators_compact.xlsx,25482714.0,,WPP,EXACT,0.0
AUS,2020,population_un_wpp2024,25743791.0,,,evidence/api/UN_WPP2024_demographic_indicators_compact.xlsx,25743791.0,,WPP,EXACT,0.0
AUS,2021,population_un_wpp2024,25956417.0,,,evidence/api/UN_WPP2024_demographic_indicators_compact.xlsx,25956417.0,,WPP,EXACT,0.0
AUS,2022,population_un_wpp2024,26200984.0,,,evidence/api/UN_WPP2024_demographic_indicators_compact.xlsx,26200984.0,,WPP,EXACT,0.0
AUT,2001,population_un_wpp2024,8042233.0,,,evidence/api/UN_WPP2024_demographic_indicators_compact.xlsx,8042233.0,,WPP,EXACT,0.0
AUT,2002,population_un_wpp2024,8081636.0,,,evidence/api/UN_WPP2024_demographic_indicators_compact.xlsx,8081636.0,,WPP,EXACT,0.0
AUT,2003,population_un_wpp2024,8122602.0,,,evidence/api/UN_WPP2024_demographic_indicators_compact.xlsx,8122602.0,,WPP,EXACT,0.0
AUT,2004,population_un_wpp2024,8173491.0,,,evidence/api/UN_WPP2024_demographic_indicators_compact.xlsx,8173491.0,,WPP,EXACT,0.0
AUT,2005,population_un_wpp2024,8229204.0,,,evidence/api/UN_WPP2024_demographic_indicators_compact.xlsx,8229204.0,,WPP,EXACT,0.0
AUT,2006,population_un_wpp2024,8269898.0,,,evidence/api/UN_WPP2024_demographic_indicators_compact.xlsx,8269897.999999999,,WPP,EXACT,9.313225746154785e-10
AUT,2007,population_un_wpp2024,8296952.0,,,evidence/api/UN_WPP2024_demographic_indicators_compact.xlsx,8296951.999999999,,WPP,EXACT,9.313225746154785e-10
AUT,2008,population_un_wpp2024,8323253.0,,,evidence/api/UN_WPP2024_demographic_indicators_compact.xlsx,8323253.000000001,,WPP,EXACT,-9.313225746154785e-10
AUT,2009,population_un_wpp2024,8345066.0,,,evidence/api/UN_WPP2024_demographic_indicators_compact.xlsx,8345066.000000001,,WPP,EXACT,-9.313225746154785e-10
AUT,2010,population_un_wpp2024,8365092.0,,,evidence/api/UN_WPP2024_demographic_indicators_compact.xlsx,8365092.000000001,,WPP,EXACT,-9.313225746154785e-10
AUT,2011,population_un_wpp2024,8393270.0,,,evidence/api/UN_WPP2024_demographic_indicators_compact.xlsx,8393270.0,,WPP,EXACT,0.0
AUT,2012,population_un_wpp2024,8431601.0,,,evidence/api/UN_WPP2024_demographic_indicators_compact.xlsx,8431601.0,,WPP,EXACT,0.0
AUT,2013,population_un_wpp2024,8481406.0,,,evidence/api/UN_WPP2024_demographic_indicators_compact.xlsx,8481406.0,,WPP,EXACT,0.0
AUT,2014,population_un_wpp2024,8547817.0,,,evidence/api/UN_WPP2024_demographic_indicators_compact.xlsx,8547817.0,,WPP,EXACT,0.0
AUT,2015,population_un_wpp2024,8644039.0,,,evidence/api/UN_WPP2024_demographic_indicators_compact.xlsx,8644039.0,,WPP,EXACT,0.0
AUT,2016,population_un_wpp2024,8737915.0,,,evidence/api/UN_WPP2024_demographic_indicators_compact.xlsx,8737915.0,,WPP,EXACT,0.0
AUT,2017,population_un_wpp2024,8798778.0,,,evidence/api/UN_WPP2024_demographic_indicators_compact.xlsx,8798778.0,,WPP,EXACT,0.0
AUT,2018,population_un_wpp2024,8841650.0,,,evidence/api/UN_WPP2024_demographic_indicators_compact.xlsx,8841650.0,,WPP,EXACT,0.0
AUT,2019,population_un_wpp2024,8880876.0,,,evidence/api/UN_WPP2024_demographic_indicators_compact.xlsx,8880876.0,,WPP,EXACT,0.0
AUT,2020,population_un_wpp2024,8921405.0,,,evidence/api/UN_WPP2024_demographic_indicators_compact.xlsx,8921405.0,,WPP,EXACT,0.0
AUT,2021,population_un_wpp2024,8967057.0,,,evidence/api/UN_WPP2024_demographic_indicators_compact.xlsx,8967057.0,,WPP,EXACT,0.0
AUT,2022,population_un_wpp2024,9064677.0,,,evidence/api/UN_WPP2024_demographic_indicators_compact.xlsx,9064677.0,,WPP,EXACT,0.0
BEL,2001,population_un_wpp2024,10287004.0,,,evidence/api/UN_WPP2024_demographic_indicators_compact.xlsx,10287004.0,,WPP,EXACT,0.0
BEL,2002,population_un_wpp2024,10332973.0,,,evidence/api/UN_WPP2024_demographic_indicators_compact.xlsx,10332973.0,,WPP,EXACT,0.0
BEL,2003,population_un_wpp2024,10376260.0,,,evidence/api/UN_WPP2024_demographic_indicators_compact.xlsx,10376260.0,,WPP,EXACT,0.0
BEL,2004,population_un_wpp2024,10421292.0,,,evidence/api/UN_WPP2024_demographic_indicators_compact.xlsx,10421292.0,,WPP,EXACT,0.0
BEL,2005,population_un_wpp2024,10478886.0,,,evidence/api/UN_WPP2024_demographic_indicators_compact.xlsx,10478886.0,,WPP,EXACT,0.0
BEL,2006,population_un_wpp2024,10548442.0,,,evidence/api/UN_WPP2024_demographic_indicators_compact.xlsx,10548442.0,,WPP,EXACT,0.0
BEL,2007,population_un_wpp2024,10625493.0,,,evidence/api/UN_WPP2024_demographic_indicators_compact.xlsx,10625493.0,,WPP,EXACT,0.0
BEL,2008,population_un_wpp2024,10709708.0,,,evidence/api/UN_WPP2024_demographic_indicators_compact.xlsx,10709708.0,,WPP,EXACT,0.0
BEL,2009,population_un_wpp2024,10812935.0,,,evidence/api/UN_WPP2024_demographic_indicators_compact.xlsx,10812935.0,,WPP,EXACT,0.0
BEL,2010,population_un_wpp2024,10936626.0,,,evidence/api/UN_WPP2024_demographic_indicators_compact.xlsx,10936626.0,,WPP,EXACT,0.0
BEL,2011,population_un_wpp2024,11038631.0,,,evidence/api/UN_WPP2024_demographic_indicators_compact.xlsx,11038631.0,,WPP,EXACT,0.0
BEL,2012,population_un_wpp2024,11107518.0,,,evidence/api/UN_WPP2024_demographic_indicators_compact.xlsx,11107518.0,,WPP,EXACT,0.0
BEL,2013,population_un_wpp2024,11160276.0,,,evidence/api/UN_WPP2024_demographic_indicators_compact.xlsx,11160276.0,,WPP,EXACT,0.0
BEL,2014,population_un_wpp2024,11210119.0,,,evidence/api/UN_WPP2024_demographic_indicators_compact.xlsx,11210119.0,,WPP,EXACT,0.0
BEL,2015,population_un_wpp2024,11275335.0,,,evidence/api/UN_WPP2024_demographic_indicators_compact.xlsx,11275335.0,,WPP,EXACT,0.0
BEL,2016,population_un_wpp2024,11332701.0,,,evidence/api/UN_WPP2024_demographic_indicators_compact.xlsx,11332701.0,,WPP,EXACT,0.0
BEL,2017,population_un_wpp2024,11376581.0,,,evidence/api/UN_WPP2024_demographic_indicators_compact.xlsx,11376581.0,,WPP,EXACT,0.0
BEL,2018,population_un_wpp2024,11428605.0,,,evidence/api/UN_WPP2024_demographic_indicators_compact.xlsx,11428605.0,,WPP,EXACT,0.0
BEL,2019,population_un_wpp2024,11490618.0,,,evidence/api/UN_WPP2024_demographic_indicators_compact.xlsx,11490618.0,,WPP,EXACT,0.0
BEL,2020,population_un_wpp2024,11540107.0,,,evidence/api/UN_WPP2024_demographic_indicators_compact.xlsx,11540107.0,,WPP,EXACT,0.0
BEL,2021,population_un_wpp2024,11570844.0,,,evidence/api/UN_WPP2024_demographic_indicators_compact.xlsx,11570844.0,,WPP,EXACT,0.0
BEL,2022,population_un_wpp2024,11641820.0,,,evidence/api/UN_WPP2024_demographic_indicators_compact.xlsx,11641820.0,,WPP,EXACT,0.0
BGR,2001,population_un_wpp2024,7928452.0,,,evidence/api/UN_WPP2024_demographic_indicators_compact.xlsx,7928452.0,,WPP,EXACT,0.0
BGR,2002,population_un_wpp2024,7861943.0,,,evidence/api/UN_WPP2024_demographic_indicators_compact.xlsx,7861943.0,,WPP,EXACT,0.0
BGR,2003,population_un_wpp2024,7804409.0,,,evidence/api/UN_WPP2024_demographic_indicators_compact.xlsx,7804409.0,,WPP,EXACT,0.0
BGR,2004,population_un_wpp2024,7749430.0,,,evidence/api/UN_WPP2024_demographic_indicators_compact.xlsx,7749430.0,,WPP,EXACT,0.0
BGR,2005,population_un_wpp2024,7695050.0,,,evidence/api/UN_WPP2024_demographic_indicators_compact.xlsx,7695050.0,,WPP,EXACT,0.0
BGR,2006,population_un_wpp2024,7640294.0,,,evidence/api/UN_WPP2024_demographic_indicators_compact.xlsx,7640294.0,,WPP,EXACT,0.0
BGR,2007,population_un_wpp2024,7586888.0,,,evidence/api/UN_WPP2024_demographic_indicators_compact.xlsx,7586888.0,,WPP,EXACT,0.0
BGR,2008,population_un_wpp2024,7535592.0,,,evidence/api/UN_WPP2024_demographic_indicators_compact.xlsx,7535592.0,,WPP,EXACT,0.0
BGR,2009,population_un_wpp2024,7488011.0,,,evidence/api/UN_WPP2024_demographic_indicators_compact.xlsx,7488011.0,,WPP,EXACT,0.0
BGR,2010,population_un_wpp2024,7437599.0,,,evidence/api/UN_WPP2024_demographic_indicators_compact.xlsx,7437599.0,,WPP,EXACT,0.0
BGR,2011,population_un_wpp2024,7380025.0,,,evidence/api/UN_WPP2024_demographic_indicators_compact.xlsx,7380025.0,,WPP,EXACT,0.0
BGR,2012,population_un_wpp2024,7317014.0,,,evidence/api/UN_WPP2024_demographic_indicators_compact.xlsx,7317014.0,,WPP,EXACT,0.0
BGR,2013,population_un_wpp2024,7264600.0,,,evidence/api/UN_WPP2024_demographic_indicators_compact.xlsx,7264600.0,,WPP,EXACT,0.0
BGR,2014,population_un_wpp2024,7223449.0,,,evidence/api/UN_WPP2024_demographic_indicators_compact.xlsx,7223449.0,,WPP,EXACT,0.0
BGR,2015,population_un_wpp2024,7177517.0,,,evidence/api/UN_WPP2024_demographic_indicators_compact.xlsx,7177517.0,,WPP,EXACT,0.0
BGR,2016,population_un_wpp2024,7127434.0,,,evidence/api/UN_WPP2024_demographic_indicators_compact.xlsx,7127434.0,,WPP,EXACT,0.0
BGR,2017,population_un_wpp2024,7075636.0,,,evidence/api/UN_WPP2024_demographic_indicators_compact.xlsx,7075636.0,,WPP,EXACT,0.0
BGR,2018,population_un_wpp2024,7024745.0,,,evidence/api/UN_WPP2024_demographic_indicators_compact.xlsx,7024745.0,,WPP,EXACT,0.0
BGR,2019,population_un_wpp2024,6975469.0,,,evidence/api/UN_WPP2024_demographic_indicators_compact.xlsx,6975469.0,,WPP,EXACT,0.0
BGR,2020,population_un_wpp2024,6933652.0,,,evidence/api/UN_WPP2024_demographic_indicators_compact.xlsx,6933652.0,,WPP,EXACT,0.0
BGR,2021,population_un_wpp2024,6877225.0,,,evidence/api/UN_WPP2024_demographic_indicators_compact.xlsx,6877225.0,,WPP,EXACT,0.0
BGR,2022,population_un_wpp2024,6825864.0,,,evidence/api/UN_WPP2024_demographic_indicators_compact.xlsx,6825864.0,,WPP,EXACT,0.0
CHL,2001,population_un_wpp2024,15683849.0,,,evidence/api/UN_WPP2024_demographic_indicators_compact.xlsx,15683849.0,,WPP,EXACT,0.0
CHL,2002,population_un_wpp2024,15857925.0,,,evidence/api/UN_WPP2024_demographic_indicators_compact.xlsx,15857925.0,,WPP,EXACT,0.0
CHL,2003,population_un_wpp2024,16024752.0,,,evidence/api/UN_WPP2024_demographic_indicators_compact.xlsx,16024752.0,,WPP,EXACT,0.0
CHL,2004,population_un_wpp2024,16187322.0,,,evidence/api/UN_WPP2024_demographic_indicators_compact.xlsx,16187322.0,,WPP,EXACT,0.0
CHL,2005,population_un_wpp2024,16348778.0,,,evidence/api/UN_WPP2024_demographic_indicators_compact.xlsx,16348778.0,,WPP,EXACT,0.0
CHL,2006,population_un_wpp2024,16509195.0,,,evidence/api/UN_WPP2024_demographic_indicators_compact.xlsx,16509195.0,,WPP,EXACT,0.0
CHL,2007,population_un_wpp2024,16671581.0,,,evidence/api/UN_WPP2024_demographic_indicators_compact.xlsx,16671580.999999998,,WPP,EXACT,1.862645149230957e-09
CHL,2008,population_un_wpp2024,16838988.0,,,evidence/api/UN_WPP2024_demographic_indicators_compact.xlsx,16838988.0,,WPP,EXACT,0.0
CHL,2009,population_un_wpp2024,17009731.0,,,evidence/api/UN_WPP2024_demographic_indicators_compact.xlsx,17009731.0,,WPP,EXACT,0.0
CHL,2010,population_un_wpp2024,17181464.0,,,evidence/api/UN_WPP2024_demographic_indicators_compact.xlsx,17181464.0,,WPP,EXACT,0.0
CHL,2011,population_un_wpp2024,17351816.0,,,evidence/api/UN_WPP2024_demographic_indicators_compact.xlsx,17351816.0,,WPP,EXACT,0.0
CHL,2012,population_un_wpp2024,17519119.0,,,evidence/api/UN_WPP2024_demographic_indicators_compact.xlsx,17519119.0,,WPP,EXACT,0.0
CHL,2013,population_un_wpp2024,17687006.0,,,evidence/api/UN_WPP2024_demographic_indicators_compact.xlsx,17687006.0,,WPP,EXACT,0.0
CHL,2014,population_un_wpp2024,17864195.0,,,evidence/api/UN_WPP2024_demographic_indicators_compact.xlsx,17864195.0,,WPP,EXACT,0.0
CHL,2015,population_un_wpp2024,18047625.0,,,evidence/api/UN_WPP2024_demographic_indicators_compact.xlsx,18047625.0,,WPP,EXACT,0.0
CHL,2016,population_un_wpp2024,18267221.0,,,evidence/api/UN_WPP2024_demographic_indicators_compact.xlsx,18267221.0,,WPP,EXACT,0.0
CHL,2017,population_un_wpp2024,18558868.0,,,evidence/api/UN_WPP2024_demographic_indicators_compact.xlsx,18558868.0,,WPP,EXACT,0.0
CHL,2018,population_un_wpp2024,18893191.0,,,evidence/api/UN_WPP2024_demographic_indicators_compact.xlsx,18893191.0,,WPP,EXACT,0.0
CHL,2019,population_un_wpp2024,19197744.0,,,evidence/api/UN_WPP2024_demographic_indicators_compact.xlsx,19197744.0,,WPP,EXACT,0.0
CHL,2020,population_un_wpp2024,19370624.0,,,evidence/api/UN_WPP2024_demographic_indicators_compact.xlsx,19370624.0,,WPP,EXACT,0.0
CHL,2021,population_un_wpp2024,19456334.0,,,evidence/api/UN_WPP2024_demographic_indicators_compact.xlsx,19456334.0,,WPP,EXACT,0.0
CHL,2022,population_un_wpp2024,19553036.0,,,evidence/api/UN_WPP2024_demographic_indicators_compact.xlsx,19553036.0,,WPP,EXACT,0.0
CHN,2001,population_un_wpp2024,1278725063.0,,,evidence/api/UN_WPP2024_demographic_indicators_compact.xlsx,1278725063.0,,WPP,EXACT,0.0
CHN,2002,population_un_wpp2024,1286866839.0,,,evidence/api/UN_WPP2024_demographic_indicators_compact.xlsx,1286866839.0,,WPP,EXACT,0.0
CHN,2003,population_un_wpp2024,1294517326.0,,,evidence/api/UN_WPP2024_demographic_indicators_compact.xlsx,1294517326.0,,WPP,EXACT,0.0
CHN,2004,population_un_wpp2024,1302100316.0,,,evidence/api/UN_WPP2024_demographic_indicators_compact.xlsx,1302100316.0,,WPP,EXACT,0.0
CHN,2005,population_un_wpp2024,1310027136.0,,,evidence/api/UN_WPP2024_demographic_indicators_compact.xlsx,1310027136.0,,WPP,EXACT,0.0
CHN,2006,population_un_wpp2024,1318054036.0,,,evidence/api/UN_WPP2024_demographic_indicators_compact.xlsx,1318054036.0,,WPP,EXACT,0.0
CHN,2007,population_un_wpp2024,1325813582.0,,,evidence/api/UN_WPP2024_demographic_indicators_compact.xlsx,1325813582.0,,WPP,EXACT,0.0
CHN,2008,population_un_wpp2024,1333821016.0,,,evidence/api/UN_WPP2024_demographic_indicators_compact.xlsx,1333821016.0,,WPP,EXACT,0.0
CHN,2009,population_un_wpp2024,1342522716.0,,,evidence/api/UN_WPP2024_demographic_indicators_compact.xlsx,1342522716.0,,WPP,EXACT,0.0
CHN,2010,population_un_wpp2024,1351561514.0,,,evidence/api/UN_WPP2024_demographic_indicators_compact.xlsx,1351561514.0,,WPP,EXACT,0.0
CHN,2011,population_un_wpp2024,1360250664.0,,,evidence/api/UN_WPP2024_demographic_indicators_compact.xlsx,1360250664.0,,WPP,EXACT,0.0
CHN,2012,population_un_wpp2024,1369520864.0,,,evidence/api/UN_WPP2024_demographic_indicators_compact.xlsx,1369520864.0,,WPP,EXACT,0.0
CHN,2013,population_un_wpp2024,1379008040.0,,,evidence/api/UN_WPP2024_demographic_indicators_compact.xlsx,1379008040.0,,WPP,EXACT,0.0
CHN,2014,population_un_wpp2024,1387951972.0,,,evidence/api/UN_WPP2024_demographic_indicators_compact.xlsx,1387951972.0,,WPP,EXACT,0.0
CHN,2015,population_un_wpp2024,1396134174.0,,,evidence/api/UN_WPP2024_demographic_indicators_compact.xlsx,1396134174.0,,WPP,EXACT,0.0
CHN,2016,population_un_wpp2024,1404052632.0,,,evidence/api/UN_WPP2024_demographic_indicators_compact.xlsx,1404052632.0,,WPP,EXACT,0.0
CHN,2017,population_un_wpp2024,1412354727.0,,,evidence/api/UN_WPP2024_demographic_indicators_compact.xlsx,1412354727.0,,WPP,EXACT,0.0
CHN,2018,population_un_wpp2024,1419008956.0,,,evidence/api/UN_WPP2024_demographic_indicators_compact.xlsx,1419008956.0,,WPP,EXACT,0.0
CHN,2019,population_un_wpp2024,1423520357.0,,,evidence/api/UN_WPP2024_demographic_indicators_compact.xlsx,1423520357.0,,WPP,EXACT,0.0
CHN,2020,population_un_wpp2024,1426106093.0,,,evidence/api/UN_WPP2024_demographic_indicators_compact.xlsx,1426106093.0,,WPP,EXACT,0.0
CHN,2021,population_un_wpp2024,1426437267.0,,,evidence/api/UN_WPP2024_demographic_indicators_compact.xlsx,1426437267.0,,WPP,EXACT,0.0
CHN,2022,population_un_wpp2024,1425179569.0,,,evidence/api/UN_WPP2024_demographic_indicators_compact.xlsx,1425179569.0,,WPP,EXACT,0.0
HRV,2001,population_un_wpp2024,4301074.0,,,evidence/api/UN_WPP2024_demographic_indicators_compact.xlsx,4301074.0,,WPP,EXACT,0.0
HRV,2002,population_un_wpp2024,4305782.0,,,evidence/api/UN_WPP2024_demographic_indicators_compact.xlsx,4305782.0,,WPP,EXACT,0.0
HRV,2003,population_un_wpp2024,4306686.0,,,evidence/api/UN_WPP2024_demographic_indicators_compact.xlsx,4306686.0,,WPP,EXACT,0.0
HRV,2004,population_un_wpp2024,4310056.0,,,evidence/api/UN_WPP2024_demographic_indicators_compact.xlsx,4310056.0,,WPP,EXACT,0.0
HRV,2005,population_un_wpp2024,4313946.0,,,evidence/api/UN_WPP2024_demographic_indicators_compact.xlsx,4313946.0,,WPP,EXACT,0.0
HRV,2006,population_un_wpp2024,4315800.0,,,evidence/api/UN_WPP2024_demographic_indicators_compact.xlsx,4315800.0,,WPP,EXACT,0.0
HRV,2007,population_un_wpp2024,4315954.0,,,evidence/api/UN_WPP2024_demographic_indicators_compact.xlsx,4315954.0,,WPP,EXACT,0.0
HRV,2008,population_un_wpp2024,4314631.0,,,evidence/api/UN_WPP2024_demographic_indicators_compact.xlsx,4314631.0,,WPP,EXACT,0.0
HRV,2009,population_un_wpp2024,4310530.0,,,evidence/api/UN_WPP2024_demographic_indicators_compact.xlsx,4310530.0,,WPP,EXACT,0.0
HRV,2010,population_un_wpp2024,4301145.0,,,evidence/api/UN_WPP2024_demographic_indicators_compact.xlsx,4301145.0,,WPP,EXACT,0.0
HRV,2011,population_un_wpp2024,4280824.0,,,evidence/api/UN_WPP2024_demographic_indicators_compact.xlsx,4280824.0,,WPP,EXACT,0.0
HRV,2012,population_un_wpp2024,4259236.0,,,evidence/api/UN_WPP2024_demographic_indicators_compact.xlsx,4259236.0,,WPP,EXACT,0.0
HRV,2013,population_un_wpp2024,4242398.0,,,evidence/api/UN_WPP2024_demographic_indicators_compact.xlsx,4242398.0,,WPP,EXACT,0.0
HRV,2014,population_un_wpp2024,4219479.0,,,evidence/api/UN_WPP2024_demographic_indicators_compact.xlsx,4219479.0,,WPP,EXACT,0.0
HRV,2015,population_un_wpp2024,4183729.0,,,evidence/api/UN_WPP2024_demographic_indicators_compact.xlsx,4183729.0000000005,,WPP,EXACT,-4.656612873077393e-10
HRV,2016,population_un_wpp2024,4136444.0,,,evidence/api/UN_WPP2024_demographic_indicators_compact.xlsx,4136444.0000000005,,WPP,EXACT,-4.656612873077393e-10
HRV,2017,population_un_wpp2024,4079200.0,,,evidence/api/UN_WPP2024_demographic_indicators_compact.xlsx,4079200.0,,WPP,EXACT,0.0
HRV,2018,population_un_wpp2024,4024868.0,,,evidence/api/UN_WPP2024_demographic_indicators_compact.xlsx,4024868.0,,WPP,EXACT,0.0
HRV,2019,population_un_wpp2024,3986334.0,,,evidence/api/UN_WPP2024_demographic_indicators_compact.xlsx,3986334.0,,WPP,EXACT,0.0
HRV,2020,population_un_wpp2024,3953958.0,,,evidence/api/UN_WPP2024_demographic_indicators_compact.xlsx,3953958.0,,WPP,EXACT,0.0
HRV,2021,population_un_wpp2024,3924610.0,,,evidence/api/UN_WPP2024_demographic_indicators_compact.xlsx,3924610.0,,WPP,EXACT,0.0
HRV,2022,population_un_wpp2024,3907027.0,,,evidence/api/UN_WPP2024_demographic_indicators_compact.xlsx,3907027.0,,WPP,EXACT,0.0
CZE,2001,population_un_wpp2024,10231936.0,,,evidence/api/UN_WPP2024_demographic_indicators_compact.xlsx,10231936.0,,WPP,EXACT,0.0
CZE,2002,population_un_wpp2024,10239468.0,,,evidence/api/UN_WPP2024_demographic_indicators_compact.xlsx,10239468.0,,WPP,EXACT,0.0
CZE,2003,population_un_wpp2024,10248912.0,,,evidence/api/UN_WPP2024_demographic_indicators_compact.xlsx,10248912.0,,WPP,EXACT,0.0
CZE,2004,population_un_wpp2024,10261450.0,,,evidence/api/UN_WPP2024_demographic_indicators_compact.xlsx,10261450.0,,WPP,EXACT,0.0
CZE,2005,population_un_wpp2024,10280153.0,,,evidence/api/UN_WPP2024_demographic_indicators_compact.xlsx,10280153.0,,WPP,EXACT,0.0
CZE,2006,population_un_wpp2024,10304588.0,,,evidence/api/UN_WPP2024_demographic_indicators_compact.xlsx,10304588.0,,WPP,EXACT,0.0
CZE,2007,population_un_wpp2024,10337543.0,,,evidence/api/UN_WPP2024_demographic_indicators_compact.xlsx,10337543.0,,WPP,EXACT,0.0
CZE,2008,population_un_wpp2024,10378292.0,,,evidence/api/UN_WPP2024_demographic_indicators_compact.xlsx,10378292.0,,WPP,EXACT,0.0
CZE,2009,population_un_wpp2024,10420985.0,,,evidence/api/UN_WPP2024_demographic_indicators_compact.xlsx,10420985.0,,WPP,EXACT,0.0
CZE,2010,population_un_wpp2024,10464035.0,,,evidence/api/UN_WPP2024_demographic_indicators_compact.xlsx,10464035.0,,WPP,EXACT,0.0
CZE,2011,population_un_wpp2024,10495511.0,,,evidence/api/UN_WPP2024_demographic_indicators_compact.xlsx,10495511.0,,WPP,EXACT,0.0
CZE,2012,population_un_wpp2024,10507335.0,,,evidence/api/UN_WPP2024_demographic_indicators_compact.xlsx,10507335.0,,WPP,EXACT,0.0
CZE,2013,population_un_wpp2024,10511163.0,,,evidence/api/UN_WPP2024_demographic_indicators_compact.xlsx,10511163.0,,WPP,EXACT,0.0
CZE,2014,population_un_wpp2024,10517226.0,,,evidence/api/UN_WPP2024_demographic_indicators_compact.xlsx,10517226.0,,WPP,EXACT,0.0
CZE,2015,population_un_wpp2024,10524416.0,,,evidence/api/UN_WPP2024_demographic_indicators_compact.xlsx,10524416.0,,WPP,EXACT,0.0
CZE,2016,population_un_wpp2024,10531948.0,,,evidence/api/UN_WPP2024_demographic_indicators_compact.xlsx,10531948.0,,WPP,EXACT,0.0
CZE,2017,population_un_wpp2024,10541342.0,,,evidence/api/UN_WPP2024_demographic_indicators_compact.xlsx,10541342.0,,WPP,EXACT,0.0
CZE,2018,population_un_wpp2024,10548937.0,,,evidence/api/UN_WPP2024_demographic_indicators_compact.xlsx,10548937.0,,WPP,EXACT,0.0
CZE,2019,population_un_wpp2024,10554875.0,,,evidence/api/UN_WPP2024_demographic_indicators_compact.xlsx,10554875.0,,WPP,EXACT,0.0
CZE,2020,population_un_wpp2024,10550129.0,,,evidence/api/UN_WPP2024_demographic_indicators_compact.xlsx,10550129.0,,WPP,EXACT,0.0
CZE,2021,population_un_wpp2024,10530683.0,,,evidence/api/UN_WPP2024_demographic_indicators_compact.xlsx,10530683.0,,WPP,EXACT,0.0
CZE,2022,population_un_wpp2024,10673213.0,,,evidence/api/UN_WPP2024_demographic_indicators_compact.xlsx,10673213.0,,WPP,EXACT,0.0
DNK,2001,population_un_wpp2024,5358828.0,,,evidence/api/UN_WPP2024_demographic_indicators_compact.xlsx,5358828.0,,WPP,EXACT,0.0
DNK,2002,population_un_wpp2024,5375959.0,,,evidence/api/UN_WPP2024_demographic_indicators_compact.xlsx,5375959.0,,WPP,EXACT,0.0
DNK,2003,population_un_wpp2024,5390620.0,,,evidence/api/UN_WPP2024_demographic_indicators_compact.xlsx,5390620.0,,WPP,EXACT,0.0
DNK,2004,population_un_wpp2024,5404598.0,,,evidence/api/UN_WPP2024_demographic_indicators_compact.xlsx,5404598.0,,WPP,EXACT,0.0
DNK,2005,population_un_wpp2024,5419555.0,,,evidence/api/UN_WPP2024_demographic_indicators_compact.xlsx,5419555.0,,WPP,EXACT,0.0
DNK,2006,population_un_wpp2024,5437420.0,,,evidence/api/UN_WPP2024_demographic_indicators_compact.xlsx,5437420.0,,WPP,EXACT,0.0
DNK,2007,population_un_wpp2024,5461607.0,,,evidence/api/UN_WPP2024_demographic_indicators_compact.xlsx,5461607.0,,WPP,EXACT,0.0
DNK,2008,population_un_wpp2024,5493764.0,,,evidence/api/UN_WPP2024_demographic_indicators_compact.xlsx,5493764.0,,WPP,EXACT,0.0
DNK,2009,population_un_wpp2024,5523173.0,,,evidence/api/UN_WPP2024_demographic_indicators_compact.xlsx,5523173.0,,WPP,EXACT,0.0
DNK,2010,population_un_wpp2024,5547863.0,,,evidence/api/UN_WPP2024_demographic_indicators_compact.xlsx,5547863.0,,WPP,EXACT,0.0
DNK,2011,population_un_wpp2024,5570849.0,,,evidence/api/UN_WPP2024_demographic_indicators_compact.xlsx,5570849.0,,WPP,EXACT,0.0
DNK,2012,population_un_wpp2024,5591917.0,,,evidence/api/UN_WPP2024_demographic_indicators_compact.xlsx,5591917.0,,WPP,EXACT,0.0
DNK,2013,population_un_wpp2024,5615333.0,,,evidence/api/UN_WPP2024_demographic_indicators_compact.xlsx,5615333.0,,WPP,EXACT,0.0
DNK,2014,population_un_wpp2024,5643794.0,,,evidence/api/UN_WPP2024_demographic_indicators_compact.xlsx,5643794.0,,WPP,EXACT,0.0
DNK,2015,population_un_wpp2024,5683701.0,,,evidence/api/UN_WPP2024_demographic_indicators_compact.xlsx,5683701.0,,WPP,EXACT,0.0
DNK,2016,population_un_wpp2024,5728201.0,,,evidence/api/UN_WPP2024_demographic_indicators_compact.xlsx,5728201.0,,WPP,EXACT,0.0
DNK,2017,population_un_wpp2024,5765168.0,,,evidence/api/UN_WPP2024_demographic_indicators_compact.xlsx,5765168.0,,WPP,EXACT,0.0
DNK,2018,population_un_wpp2024,5793824.0,,,evidence/api/UN_WPP2024_demographic_indicators_compact.xlsx,5793824.0,,WPP,EXACT,0.0
DNK,2019,population_un_wpp2024,5814618.0,,,evidence/api/UN_WPP2024_demographic_indicators_compact.xlsx,5814618.0,,WPP,EXACT,0.0
DNK,2020,population_un_wpp2024,5831530.0,,,evidence/api/UN_WPP2024_demographic_indicators_compact.xlsx,5831530.0,,WPP,EXACT,0.0
DNK,2021,population_un_wpp2024,5856776.0,,,evidence/api/UN_WPP2024_demographic_indicators_compact.xlsx,5856776.0,,WPP,EXACT,0.0
DNK,2022,population_un_wpp2024,5902904.0,,,evidence/api/UN_WPP2024_demographic_indicators_compact.xlsx,5902904.0,,WPP,EXACT,0.0
FIN,2001,population_un_wpp2024,5187971.0,,,evidence/api/UN_WPP2024_demographic_indicators_compact.xlsx,5187971.0,,WPP,EXACT,0.0
FIN,2002,population_un_wpp2024,5200546.0,,,evidence/api/UN_WPP2024_demographic_indicators_compact.xlsx,5200546.0,,WPP,EXACT,0.0
FIN,2003,population_un_wpp2024,5212955.0,,,evidence/api/UN_WPP2024_demographic_indicators_compact.xlsx,5212955.0,,WPP,EXACT,0.0
FIN,2004,population_un_wpp2024,5228148.0,,,evidence/api/UN_WPP2024_demographic_indicators_compact.xlsx,5228148.0,,WPP,EXACT,0.0
FIN,2005,population_un_wpp2024,5246082.0,,,evidence/api/UN_WPP2024_demographic_indicators_compact.xlsx,5246082.0,,WPP,EXACT,0.0
FIN,2006,population_un_wpp2024,5266247.0,,,evidence/api/UN_WPP2024_demographic_indicators_compact.xlsx,5266247.0,,WPP,EXACT,0.0
FIN,2007,population_un_wpp2024,5288710.0,,,evidence/api/UN_WPP2024_demographic_indicators_compact.xlsx,5288710.0,,WPP,EXACT,0.0
FIN,2008,population_un_wpp2024,5313377.0,,,evidence/api/UN_WPP2024_demographic_indicators_compact.xlsx,5313377.0,,WPP,EXACT,0.0
FIN,2009,population_un_wpp2024,5338856.0,,,evidence/api/UN_WPP2024_demographic_indicators_compact.xlsx,5338856.0,,WPP,EXACT,0.0
FIN,2010,population_un_wpp2024,5363350.0,,,evidence/api/UN_WPP2024_demographic_indicators_compact.xlsx,5363350.0,,WPP,EXACT,0.0
FIN,2011,population_un_wpp2024,5388241.0,,,evidence/api/UN_WPP2024_demographic_indicators_compact.xlsx,5388241.0,,WPP,EXACT,0.0
FIN,2012,population_un_wpp2024,5413971.0,,,evidence/api/UN_WPP2024_demographic_indicators_compact.xlsx,5413971.0,,WPP,EXACT,0.0
FIN,2013,population_un_wpp2024,5439053.0,,,evidence/api/UN_WPP2024_demographic_indicators_compact.xlsx,5439053.0,,WPP,EXACT,0.0
FIN,2014,population_un_wpp2024,5461684.0,,,evidence/api/UN_WPP2024_demographic_indicators_compact.xlsx,5461684.0,,WPP,EXACT,0.0
FIN,2015,population_un_wpp2024,5479717.0,,,evidence/api/UN_WPP2024_demographic_indicators_compact.xlsx,5479717.0,,WPP,EXACT,0.0
FIN,2016,population_un_wpp2024,5495469.0,,,evidence/api/UN_WPP2024_demographic_indicators_compact.xlsx,5495469.0,,WPP,EXACT,0.0
FIN,2017,population_un_wpp2024,5508396.0,,,evidence/api/UN_WPP2024_demographic_indicators_compact.xlsx,5508396.0,,WPP,EXACT,0.0
FIN,2018,population_un_wpp2024,5515736.0,,,evidence/api/UN_WPP2024_demographic_indicators_compact.xlsx,5515736.0,,WPP,EXACT,0.0
FIN,2019,population_un_wpp2024,5521759.0,,,evidence/api/UN_WPP2024_demographic_indicators_compact.xlsx,5521759.0,,WPP,EXACT,0.0
FIN,2020,population_un_wpp2024,5529612.0,,,evidence/api/UN_WPP2024_demographic_indicators_compact.xlsx,5529612.0,,WPP,EXACT,0.0
FIN,2021,population_un_wpp2024,5541075.0,,,evidence/api/UN_WPP2024_demographic_indicators_compact.xlsx,5541075.0,,WPP,EXACT,0.0
FIN,2022,population_un_wpp2024,5569299.0,,,evidence/api/UN_WPP2024_demographic_indicators_compact.xlsx,5569299.0,,WPP,EXACT,0.0
FRA,2001,population_un_wpp2024,59905128.0,,,evidence/api/UN_WPP2024_demographic_indicators_compact.xlsx,59905128.0,,WPP,EXACT,0.0
FRA,2002,population_un_wpp2024,60327248.0,,,evidence/api/UN_WPP2024_demographic_indicators_compact.xlsx,60327248.0,,WPP,EXACT,0.0
FRA,2003,population_un_wpp2024,60741126.0,,,evidence/api/UN_WPP2024_demographic_indicators_compact.xlsx,60741126.0,,WPP,EXACT,0.0
FRA,2004,population_un_wpp2024,61175247.0,,,evidence/api/UN_WPP2024_demographic_indicators_compact.xlsx,61175247.0,,WPP,EXACT,0.0
FRA,2005,population_un_wpp2024,61625032.0,,,evidence/api/UN_WPP2024_demographic_indicators_compact.xlsx,61625032.0,,WPP,EXACT,0.0
FRA,2006,population_un_wpp2024,62049838.0,,,evidence/api/UN_WPP2024_demographic_indicators_compact.xlsx,62049838.0,,WPP,EXACT,0.0
FRA,2007,population_un_wpp2024,62432439.0,,,evidence/api/UN_WPP2024_demographic_indicators_compact.xlsx,62432439.0,,WPP,EXACT,0.0
FRA,2008,population_un_wpp2024,62780190.0,,,evidence/api/UN_WPP2024_demographic_indicators_compact.xlsx,62780190.0,,WPP,EXACT,0.0
FRA,2009,population_un_wpp2024,63106463.0,,,evidence/api/UN_WPP2024_demographic_indicators_compact.xlsx,63106463.0,,WPP,EXACT,0.0
FRA,2010,population_un_wpp2024,63417363.0,,,evidence/api/UN_WPP2024_demographic_indicators_compact.xlsx,63417363.0,,WPP,EXACT,0.0
FRA,2011,population_un_wpp2024,63733777.0,,,evidence/api/UN_WPP2024_demographic_indicators_compact.xlsx,63733777.0,,WPP,EXACT,0.0
FRA,2012,population_un_wpp2024,64058465.0,,,evidence/api/UN_WPP2024_demographic_indicators_compact.xlsx,64058465.0,,WPP,EXACT,0.0
FRA,2013,population_un_wpp2024,64387734.0,,,evidence/api/UN_WPP2024_demographic_indicators_compact.xlsx,64387734.0,,WPP,EXACT,0.0
FRA,2014,population_un_wpp2024,64692493.0,,,evidence/api/UN_WPP2024_demographic_indicators_compact.xlsx,64692493.0,,WPP,EXACT,0.0
FRA,2015,population_un_wpp2024,64916336.0,,,evidence/api/UN_WPP2024_demographic_indicators_compact.xlsx,64916336.0,,WPP,EXACT,0.0
FRA,2016,population_un_wpp2024,65086855.0,,,evidence/api/UN_WPP2024_demographic_indicators_compact.xlsx,65086855.0,,WPP,EXACT,0.0
FRA,2017,population_un_wpp2024,65284776.0,,,evidence/api/UN_WPP2024_demographic_indicators_compact.xlsx,65284776.0,,WPP,EXACT,0.0
FRA,2018,population_un_wpp2024,65519543.0,,,evidence/api/UN_WPP2024_demographic_indicators_compact.xlsx,65519543.0,,WPP,EXACT,0.0
FRA,2019,population_un_wpp2024,65729459.0,,,evidence/api/UN_WPP2024_demographic_indicators_compact.xlsx,65729459.0,,WPP,EXACT,0.0
FRA,2020,population_un_wpp2024,65905277.0,,,evidence/api/UN_WPP2024_demographic_indicators_compact.xlsx,65905277.0,,WPP,EXACT,0.0
FRA,2021,population_un_wpp2024,66083548.0,,,evidence/api/UN_WPP2024_demographic_indicators_compact.xlsx,66083547.99999999,,WPP,EXACT,7.450580596923828e-09
FRA,2022,population_un_wpp2024,66277409.0,,,evidence/api/UN_WPP2024_demographic_indicators_compact.xlsx,66277409.0,,WPP,EXACT,0.0
DEU,2001,population_un_wpp2024,81933885.0,,,evidence/api/UN_WPP2024_demographic_indicators_compact.xlsx,81933885.0,,WPP,EXACT,0.0
DEU,2002,population_un_wpp2024,82068326.0,,,evidence/api/UN_WPP2024_demographic_indicators_compact.xlsx,82068326.0,,WPP,EXACT,0.0
DEU,2003,population_un_wpp2024,82111615.0,,,evidence/api/UN_WPP2024_demographic_indicators_compact.xlsx,82111615.0,,WPP,EXACT,0.0
DEU,2004,population_un_wpp2024,82092708.0,,,evidence/api/UN_WPP2024_demographic_indicators_compact.xlsx,82092708.0,,WPP,EXACT,0.0
DEU,2005,population_un_wpp2024,82046731.0,,,evidence/api/UN_WPP2024_demographic_indicators_compact.xlsx,82046731.0,,WPP,EXACT,0.0
DEU,2006,population_un_wpp2024,81701971.0,,,evidence/api/UN_WPP2024_demographic_indicators_compact.xlsx,81701971.0,,WPP,EXACT,0.0
DEU,2007,population_un_wpp2024,81298542.0,,,evidence/api/UN_WPP2024_demographic_indicators_compact.xlsx,81298542.0,,WPP,EXACT,0.0
DEU,2008,population_un_wpp2024,81110777.0,,,evidence/api/UN_WPP2024_demographic_indicators_compact.xlsx,81110777.0,,WPP,EXACT,0.0
DEU,2009,population_un_wpp2024,80935283.0,,,evidence/api/UN_WPP2024_demographic_indicators_compact.xlsx,80935283.0,,WPP,EXACT,0.0
DEU,2010,population_un_wpp2024,80830924.0,,,evidence/api/UN_WPP2024_demographic_indicators_compact.xlsx,80830924.0,,WPP,EXACT,0.0
DEU,2011,population_un_wpp2024,80857874.0,,,evidence/api/UN_WPP2024_demographic_indicators_compact.xlsx,80857874.0,,WPP,EXACT,0.0
DEU,2012,population_un_wpp2024,80916390.0,,,evidence/api/UN_WPP2024_demographic_indicators_compact.xlsx,80916390.0,,WPP,EXACT,0.0
DEU,2013,population_un_wpp2024,81041582.0,,,evidence/api/UN_WPP2024_demographic_indicators_compact.xlsx,81041582.0,,WPP,EXACT,0.0
DEU,2014,population_un_wpp2024,81376080.0,,,evidence/api/UN_WPP2024_demographic_indicators_compact.xlsx,81376080.0,,WPP,EXACT,0.0
DEU,2015,population_un_wpp2024,82077550.0,,,evidence/api/UN_WPP2024_demographic_indicators_compact.xlsx,82077550.0,,WPP,EXACT,0.0
DEU,2016,population_un_wpp2024,82760102.0,,,evidence/api/UN_WPP2024_demographic_indicators_compact.xlsx,82760102.0,,WPP,EXACT,0.0
DEU,2017,population_un_wpp2024,83104007.0,,,evidence/api/UN_WPP2024_demographic_indicators_compact.xlsx,83104007.0,,WPP,EXACT,0.0
DEU,2018,population_un_wpp2024,83368505.0,,,evidence/api/UN_WPP2024_demographic_indicators_compact.xlsx,83368505.0,,WPP,EXACT,0.0
DEU,2019,population_un_wpp2024,83559186.0,,,evidence/api/UN_WPP2024_demographic_indicators_compact.xlsx,83559186.0,,WPP,EXACT,0.0
DEU,2020,population_un_wpp2024,83628708.0,,,evidence/api/UN_WPP2024_demographic_indicators_compact.xlsx,83628708.0,,WPP,EXACT,0.0
DEU,2021,population_un_wpp2024,83697083.0,,,evidence/api/UN_WPP2024_demographic_indicators_compact.xlsx,83697083.0,,WPP,EXACT,0.0
DEU,2022,population_un_wpp2024,84086227.0,,,evidence/api/UN_WPP2024_demographic_indicators_compact.xlsx,84086227.0,,WPP,EXACT,0.0
HUN,2001,population_un_wpp2024,10166690.0,,,evidence/api/UN_WPP2024_demographic_indicators_compact.xlsx,10166690.0,,WPP,EXACT,0.0
HUN,2002,population_un_wpp2024,10138466.0,,,evidence/api/UN_WPP2024_demographic_indicators_compact.xlsx,10138466.0,,WPP,EXACT,0.0
HUN,2003,population_un_wpp2024,10108963.0,,,evidence/api/UN_WPP2024_demographic_indicators_compact.xlsx,10108963.0,,WPP,EXACT,0.0
HUN,2004,population_un_wpp2024,10085791.0,,,evidence/api/UN_WPP2024_demographic_indicators_compact.xlsx,10085791.0,,WPP,EXACT,0.0
HUN,2005,population_un_wpp2024,10065706.0,,,evidence/api/UN_WPP2024_demographic_indicators_compact.xlsx,10065706.0,,WPP,EXACT,0.0
HUN,2006,population_un_wpp2024,10049943.0,,,evidence/api/UN_WPP2024_demographic_indicators_compact.xlsx,10049943.0,,WPP,EXACT,0.0
HUN,2007,population_un_wpp2024,10034082.0,,,evidence/api/UN_WPP2024_demographic_indicators_compact.xlsx,10034082.0,,WPP,EXACT,0.0
HUN,2008,population_un_wpp2024,10016657.0,,,evidence/api/UN_WPP2024_demographic_indicators_compact.xlsx,10016657.0,,WPP,EXACT,0.0
HUN,2009,population_un_wpp2024,10001378.0,,,evidence/api/UN_WPP2024_demographic_indicators_compact.xlsx,10001378.0,,WPP,EXACT,0.0
HUN,2010,population_un_wpp2024,9979129.0,,,evidence/api/UN_WPP2024_demographic_indicators_compact.xlsx,9979129.0,,WPP,EXACT,0.0
HUN,2011,population_un_wpp2024,9946676.0,,,evidence/api/UN_WPP2024_demographic_indicators_compact.xlsx,9946676.0,,WPP,EXACT,0.0
HUN,2012,population_un_wpp2024,9916623.0,,,evidence/api/UN_WPP2024_demographic_indicators_compact.xlsx,9916623.0,,WPP,EXACT,0.0
HUN,2013,population_un_wpp2024,9889346.0,,,evidence/api/UN_WPP2024_demographic_indicators_compact.xlsx,9889346.0,,WPP,EXACT,0.0
HUN,2014,population_un_wpp2024,9862842.0,,,evidence/api/UN_WPP2024_demographic_indicators_compact.xlsx,9862842.0,,WPP,EXACT,0.0
HUN,2015,population_un_wpp2024,9839211.0,,,evidence/api/UN_WPP2024_demographic_indicators_compact.xlsx,9839211.0,,WPP,EXACT,0.0
HUN,2016,population_un_wpp2024,9810532.0,,,evidence/api/UN_WPP2024_demographic_indicators_compact.xlsx,9810532.0,,WPP,EXACT,0.0
HUN,2017,population_un_wpp2024,9785604.0,,,evidence/api/UN_WPP2024_demographic_indicators_compact.xlsx,9785604.0,,WPP,EXACT,0.0
HUN,2018,population_un_wpp2024,9774394.0,,,evidence/api/UN_WPP2024_demographic_indicators_compact.xlsx,9774394.0,,WPP,EXACT,0.0
HUN,2019,population_un_wpp2024,9770346.0,,,evidence/api/UN_WPP2024_demographic_indicators_compact.xlsx,9770346.0,,WPP,EXACT,0.0
HUN,2020,population_un_wpp2024,9749457.0,,,evidence/api/UN_WPP2024_demographic_indicators_compact.xlsx,9749457.0,,WPP,EXACT,0.0
HUN,2021,population_un_wpp2024,9707850.0,,,evidence/api/UN_WPP2024_demographic_indicators_compact.xlsx,9707850.0,,WPP,EXACT,0.0
HUN,2022,population_un_wpp2024,9684306.0,,,evidence/api/UN_WPP2024_demographic_indicators_compact.xlsx,9684306.0,,WPP,EXACT,0.0
ISL,2001,population_un_wpp2024,285053.0,,,evidence/api/UN_WPP2024_demographic_indicators_compact.xlsx,285053.0,,WPP,EXACT,0.0
ISL,2002,population_un_wpp2024,287607.0,,,evidence/api/UN_WPP2024_demographic_indicators_compact.xlsx,287607.0,,WPP,EXACT,0.0
ISL,2003,population_un_wpp2024,289605.0,,,evidence/api/UN_WPP2024_demographic_indicators_compact.xlsx,289605.0,,WPP,EXACT,0.0
ISL,2004,population_un_wpp2024,292168.0,,,evidence/api/UN_WPP2024_demographic_indicators_compact.xlsx,292168.0,,WPP,EXACT,0.0
ISL,2005,population_un_wpp2024,296834.0,,,evidence/api/UN_WPP2024_demographic_indicators_compact.xlsx,296834.0,,WPP,EXACT,0.0
ISL,2006,population_un_wpp2024,303874.0,,,evidence/api/UN_WPP2024_demographic_indicators_compact.xlsx,303874.0,,WPP,EXACT,0.0
ISL,2007,population_un_wpp2024,311651.0,,,evidence/api/UN_WPP2024_demographic_indicators_compact.xlsx,311651.0,,WPP,EXACT,0.0
ISL,2008,population_un_wpp2024,317514.0,,,evidence/api/UN_WPP2024_demographic_indicators_compact.xlsx,317514.0,,WPP,EXACT,0.0
ISL,2009,population_un_wpp2024,318612.0,,,evidence/api/UN_WPP2024_demographic_indicators_compact.xlsx,318612.0,,WPP,EXACT,0.0
ISL,2010,population_un_wpp2024,318158.0,,,evidence/api/UN_WPP2024_demographic_indicators_compact.xlsx,318158.0,,WPP,EXACT,0.0
ISL,2011,population_un_wpp2024,319137.0,,,evidence/api/UN_WPP2024_demographic_indicators_compact.xlsx,319137.0,,WPP,EXACT,0.0
ISL,2012,population_un_wpp2024,320841.0,,,evidence/api/UN_WPP2024_demographic_indicators_compact.xlsx,320841.0,,WPP,EXACT,0.0
ISL,2013,population_un_wpp2024,323885.0,,,evidence/api/UN_WPP2024_demographic_indicators_compact.xlsx,323885.0,,WPP,EXACT,0.0
ISL,2014,population_un_wpp2024,327512.0,,,evidence/api/UN_WPP2024_demographic_indicators_compact.xlsx,327512.0,,WPP,EXACT,0.0
ISL,2015,population_un_wpp2024,330952.0,,,evidence/api/UN_WPP2024_demographic_indicators_compact.xlsx,330952.0,,WPP,EXACT,0.0
ISL,2016,population_un_wpp2024,335574.0,,,evidence/api/UN_WPP2024_demographic_indicators_compact.xlsx,335574.0,,WPP,EXACT,0.0
ISL,2017,population_un_wpp2024,343531.0,,,evidence/api/UN_WPP2024_demographic_indicators_compact.xlsx,343531.0,,WPP,EXACT,0.0
ISL,2018,population_un_wpp2024,352854.0,,,evidence/api/UN_WPP2024_demographic_indicators_compact.xlsx,352854.0,,WPP,EXACT,0.0
ISL,2019,population_un_wpp2024,360700.0,,,evidence/api/UN_WPP2024_demographic_indicators_compact.xlsx,360700.0,,WPP,EXACT,0.0
ISL,2020,population_un_wpp2024,366614.0,,,evidence/api/UN_WPP2024_demographic_indicators_compact.xlsx,366614.0,,WPP,EXACT,0.0
ISL,2021,population_un_wpp2024,372644.0,,,evidence/api/UN_WPP2024_demographic_indicators_compact.xlsx,372644.0,,WPP,EXACT,0.0
ISL,2022,population_un_wpp2024,380356.0,,,evidence/api/UN_WPP2024_demographic_indicators_compact.xlsx,380356.0,,WPP,EXACT,0.0
IND,2001,population_un_wpp2024,1077898575.0,,,evidence/api/UN_WPP2024_demographic_indicators_compact.xlsx,1077898575.0,,WPP,EXACT,0.0
IND,2002,population_un_wpp2024,1097600380.0,,,evidence/api/UN_WPP2024_demographic_indicators_compact.xlsx,1097600380.0,,WPP,EXACT,0.0
IND,2003,population_un_wpp2024,1116803006.0,,,evidence/api/UN_WPP2024_demographic_indicators_compact.xlsx,1116803006.0,,WPP,EXACT,0.0
IND,2004,population_un_wpp2024,1135991513.0,,,evidence/api/UN_WPP2024_demographic_indicators_compact.xlsx,1135991513.0,,WPP,EXACT,0.0
IND,2005,population_un_wpp2024,1154676322.0,,,evidence/api/UN_WPP2024_demographic_indicators_compact.xlsx,1154676322.0,,WPP,EXACT,0.0
IND,2006,population_un_wpp2024,1172878890.0,,,evidence/api/UN_WPP2024_demographic_indicators_compact.xlsx,1172878890.0,,WPP,EXACT,0.0
IND,2007,population_un_wpp2024,1190676021.0,,,evidence/api/UN_WPP2024_demographic_indicators_compact.xlsx,1190676021.0,,WPP,EXACT,0.0
IND,2008,population_un_wpp2024,1207930964.0,,,evidence/api/UN_WPP2024_demographic_indicators_compact.xlsx,1207930964.0,,WPP,EXACT,0.0
IND,2009,population_un_wpp2024,1225524753.0,,,evidence/api/UN_WPP2024_demographic_indicators_compact.xlsx,1225524753.0,,WPP,EXACT,0.0
IND,2010,population_un_wpp2024,1243481564.0,,,evidence/api/UN_WPP2024_demographic_indicators_compact.xlsx,1243481564.0,,WPP,EXACT,0.0
IND,2011,population_un_wpp2024,1261224954.0,,,evidence/api/UN_WPP2024_demographic_indicators_compact.xlsx,1261224954.0,,WPP,EXACT,0.0
IND,2012,population_un_wpp2024,1278674502.0,,,evidence/api/UN_WPP2024_demographic_indicators_compact.xlsx,1278674502.0,,WPP,EXACT,0.0
IND,2013,population_un_wpp2024,1295829511.0,,,evidence/api/UN_WPP2024_demographic_indicators_compact.xlsx,1295829511.0,,WPP,EXACT,0.0
IND,2014,population_un_wpp2024,1312277191.0,,,evidence/api/UN_WPP2024_demographic_indicators_compact.xlsx,1312277191.0,,WPP,EXACT,0.0
IND,2015,population_un_wpp2024,1328024498.0,,,evidence/api/UN_WPP2024_demographic_indicators_compact.xlsx,1328024498.0,,WPP,EXACT,0.0
IND,2016,population_un_wpp2024,1343944296.0,,,evidence/api/UN_WPP2024_demographic_indicators_compact.xlsx,1343944296.0,,WPP,EXACT,0.0
IND,2017,population_un_wpp2024,1359657400.0,,,evidence/api/UN_WPP2024_demographic_indicators_compact.xlsx,1359657400.0,,WPP,EXACT,0.0
IND,2018,population_un_wpp2024,1374659064.0,,,evidence/api/UN_WPP2024_demographic_indicators_compact.xlsx,1374659064.0,,WPP,EXACT,0.0
IND,2019,population_un_wpp2024,1389030312.0,,,evidence/api/UN_WPP2024_demographic_indicators_compact.xlsx,1389030312.0,,WPP,EXACT,0.0
IND,2020,population_un_wpp2024,1402617695.0,,,evidence/api/UN_WPP2024_demographic_indicators_compact.xlsx,1402617695.0,,WPP,EXACT,0.0
IND,2021,population_un_wpp2024,1414203896.0,,,evidence/api/UN_WPP2024_demographic_indicators_compact.xlsx,1414203896.0,,WPP,EXACT,0.0
IND,2022,population_un_wpp2024,1425423212.0,,,evidence/api/UN_WPP2024_demographic_indicators_compact.xlsx,1425423212.0,,WPP,EXACT,0.0
ISR,2001,population_un_wpp2024,6259982.0,,,evidence/api/UN_WPP2024_demographic_indicators_compact.xlsx,6259982.0,,WPP,EXACT,0.0
ISR,2002,population_un_wpp2024,6387720.0,,,evidence/api/UN_WPP2024_demographic_indicators_compact.xlsx,6387720.0,,WPP,EXACT,0.0
ISR,2003,population_un_wpp2024,6502820.0,,,evidence/api/UN_WPP2024_demographic_indicators_compact.xlsx,6502820.0,,WPP,EXACT,0.0
ISR,2004,population_un_wpp2024,6615087.0,,,evidence/api/UN_WPP2024_demographic_indicators_compact.xlsx,6615087.0,,WPP,EXACT,0.0
ISR,2005,population_un_wpp2024,6728206.0,,,evidence/api/UN_WPP2024_demographic_indicators_compact.xlsx,6728206.0,,WPP,EXACT,0.0
ISR,2006,population_un_wpp2024,6844032.0,,,evidence/api/UN_WPP2024_demographic_indicators_compact.xlsx,6844032.0,,WPP,EXACT,0.0
ISR,2007,population_un_wpp2024,6962455.0,,,evidence/api/UN_WPP2024_demographic_indicators_compact.xlsx,6962455.0,,WPP,EXACT,0.0
ISR,2008,population_un_wpp2024,7082620.0,,,evidence/api/UN_WPP2024_demographic_indicators_compact.xlsx,7082620.0,,WPP,EXACT,0.0
ISR,2009,population_un_wpp2024,7206096.0,,,evidence/api/UN_WPP2024_demographic_indicators_compact.xlsx,7206096.0,,WPP,EXACT,0.0
ISR,2010,population_un_wpp2024,7336735.0,,,evidence/api/UN_WPP2024_demographic_indicators_compact.xlsx,7336735.0,,WPP,EXACT,0.0
ISR,2011,population_un_wpp2024,7471023.0,,,evidence/api/UN_WPP2024_demographic_indicators_compact.xlsx,7471023.0,,WPP,EXACT,0.0
ISR,2012,population_un_wpp2024,7607780.0,,,evidence/api/UN_WPP2024_demographic_indicators_compact.xlsx,7607780.0,,WPP,EXACT,0.0
ISR,2013,population_un_wpp2024,7749379.0,,,evidence/api/UN_WPP2024_demographic_indicators_compact.xlsx,7749379.0,,WPP,EXACT,0.0
ISR,2014,population_un_wpp2024,7897179.0,,,evidence/api/UN_WPP2024_demographic_indicators_compact.xlsx,7897179.0,,WPP,EXACT,0.0
ISR,2015,population_un_wpp2024,8052908.0,,,evidence/api/UN_WPP2024_demographic_indicators_compact.xlsx,8052908.0,,WPP,EXACT,0.0
ISR,2016,population_un_wpp2024,8210005.0,,,evidence/api/UN_WPP2024_demographic_indicators_compact.xlsx,8210004.999999999,,WPP,EXACT,9.313225746154785e-10
ISR,2017,population_un_wpp2024,8361797.0,,,evidence/api/UN_WPP2024_demographic_indicators_compact.xlsx,8361797.000000001,,WPP,EXACT,-9.313225746154785e-10
ISR,2018,population_un_wpp2024,8510067.0,,,evidence/api/UN_WPP2024_demographic_indicators_compact.xlsx,8510067.0,,WPP,EXACT,0.0
ISR,2019,population_un_wpp2024,8657474.0,,,evidence/api/UN_WPP2024_demographic_indicators_compact.xlsx,8657474.0,,WPP,EXACT,0.0
ISR,2020,population_un_wpp2024,8800376.0,,,evidence/api/UN_WPP2024_demographic_indicators_compact.xlsx,8800376.0,,WPP,EXACT,0.0
ISR,2021,population_un_wpp2024,8942924.0,,,evidence/api/UN_WPP2024_demographic_indicators_compact.xlsx,8942924.0,,WPP,EXACT,0.0
ISR,2022,population_un_wpp2024,9103151.0,,,evidence/api/UN_WPP2024_demographic_indicators_compact.xlsx,9103151.0,,WPP,EXACT,0.0
ITA,2001,population_un_wpp2024,57305760.0,,,evidence/api/UN_WPP2024_demographic_indicators_compact.xlsx,57305760.0,,WPP,EXACT,0.0
ITA,2002,population_un_wpp2024,57420628.0,,,evidence/api/UN_WPP2024_demographic_indicators_compact.xlsx,57420628.0,,WPP,EXACT,0.0
ITA,2003,population_un_wpp2024,57739699.0,,,evidence/api/UN_WPP2024_demographic_indicators_compact.xlsx,57739699.0,,WPP,EXACT,0.0
ITA,2004,population_un_wpp2024,58176738.0,,,evidence/api/UN_WPP2024_demographic_indicators_compact.xlsx,58176738.0,,WPP,EXACT,0.0
ITA,2005,population_un_wpp2024,58519693.0,,,evidence/api/UN_WPP2024_demographic_indicators_compact.xlsx,58519693.0,,WPP,EXACT,0.0
ITA,2006,population_un_wpp2024,58754433.0,,,evidence/api/UN_WPP2024_demographic_indicators_compact.xlsx,58754433.0,,WPP,EXACT,0.0
ITA,2007,population_un_wpp2024,59108720.0,,,evidence/api/UN_WPP2024_demographic_indicators_compact.xlsx,59108720.0,,WPP,EXACT,0.0
ITA,2008,population_un_wpp2024,59561684.0,,,evidence/api/UN_WPP2024_demographic_indicators_compact.xlsx,59561684.0,,WPP,EXACT,0.0
ITA,2009,population_un_wpp2024,59904010.0,,,evidence/api/UN_WPP2024_demographic_indicators_compact.xlsx,59904010.0,,WPP,EXACT,0.0
ITA,2010,population_un_wpp2024,60164213.0,,,evidence/api/UN_WPP2024_demographic_indicators_compact.xlsx,60164213.0,,WPP,EXACT,0.0
ITA,2011,population_un_wpp2024,60367880.0,,,evidence/api/UN_WPP2024_demographic_indicators_compact.xlsx,60367880.0,,WPP,EXACT,0.0
ITA,2012,population_un_wpp2024,60531515.0,,,evidence/api/UN_WPP2024_demographic_indicators_compact.xlsx,60531515.0,,WPP,EXACT,0.0
ITA,2013,population_un_wpp2024,60653868.0,,,evidence/api/UN_WPP2024_demographic_indicators_compact.xlsx,60653868.0,,WPP,EXACT,0.0
ITA,2014,population_un_wpp2024,60664171.0,,,evidence/api/UN_WPP2024_demographic_indicators_compact.xlsx,60664171.0,,WPP,EXACT,0.0
ITA,2015,population_un_wpp2024,60575316.0,,,evidence/api/UN_WPP2024_demographic_indicators_compact.xlsx,60575316.0,,WPP,EXACT,0.0
ITA,2016,population_un_wpp2024,60478107.0,,,evidence/api/UN_WPP2024_demographic_indicators_compact.xlsx,60478107.0,,WPP,EXACT,0.0
ITA,2017,population_un_wpp2024,60390318.0,,,evidence/api/UN_WPP2024_demographic_indicators_compact.xlsx,60390318.0,,WPP,EXACT,0.0
ITA,2018,population_un_wpp2024,60277499.0,,,evidence/api/UN_WPP2024_demographic_indicators_compact.xlsx,60277499.0,,WPP,EXACT,0.0
ITA,2019,population_un_wpp2024,60130136.0,,,evidence/api/UN_WPP2024_demographic_indicators_compact.xlsx,60130136.0,,WPP,EXACT,0.0
ITA,2020,population_un_wpp2024,59912769.0,,,evidence/api/UN_WPP2024_demographic_indicators_compact.xlsx,59912769.0,,WPP,EXACT,0.0
ITA,2021,population_un_wpp2024,59729350.0,,,evidence/api/UN_WPP2024_demographic_indicators_compact.xlsx,59729350.0,,WPP,EXACT,0.0
ITA,2022,population_un_wpp2024,59619115.0,,,evidence/api/UN_WPP2024_demographic_indicators_compact.xlsx,59619115.0,,WPP,EXACT,0.0
JPN,2001,population_un_wpp2024,127260148.0,,,evidence/api/UN_WPP2024_demographic_indicators_compact.xlsx,127260148.0,,WPP,EXACT,0.0
JPN,2002,population_un_wpp2024,127484598.0,,,evidence/api/UN_WPP2024_demographic_indicators_compact.xlsx,127484598.0,,WPP,EXACT,0.0
JPN,2003,population_un_wpp2024,127671251.0,,,evidence/api/UN_WPP2024_demographic_indicators_compact.xlsx,127671251.0,,WPP,EXACT,0.0
JPN,2004,population_un_wpp2024,127815774.0,,,evidence/api/UN_WPP2024_demographic_indicators_compact.xlsx,127815774.0,,WPP,EXACT,0.0
JPN,2005,population_un_wpp2024,127913330.0,,,evidence/api/UN_WPP2024_demographic_indicators_compact.xlsx,127913330.0,,WPP,EXACT,0.0
JPN,2006,population_un_wpp2024,127997247.0,,,evidence/api/UN_WPP2024_demographic_indicators_compact.xlsx,127997247.0,,WPP,EXACT,0.0
JPN,2007,population_un_wpp2024,128087682.0,,,evidence/api/UN_WPP2024_demographic_indicators_compact.xlsx,128087682.0,,WPP,EXACT,0.0
JPN,2008,population_un_wpp2024,128155990.0,,,evidence/api/UN_WPP2024_demographic_indicators_compact.xlsx,128155990.0,,WPP,EXACT,0.0
JPN,2009,population_un_wpp2024,128192470.0,,,evidence/api/UN_WPP2024_demographic_indicators_compact.xlsx,128192470.0,,WPP,EXACT,0.0
JPN,2010,population_un_wpp2024,128185275.0,,,evidence/api/UN_WPP2024_demographic_indicators_compact.xlsx,128185275.0,,WPP,EXACT,0.0
JPN,2011,population_un_wpp2024,128096432.0,,,evidence/api/UN_WPP2024_demographic_indicators_compact.xlsx,128096432.0,,WPP,EXACT,0.0
JPN,2012,population_un_wpp2024,127928285.0,,,evidence/api/UN_WPP2024_demographic_indicators_compact.xlsx,127928285.0,,WPP,EXACT,0.0
JPN,2013,population_un_wpp2024,127723645.0,,,evidence/api/UN_WPP2024_demographic_indicators_compact.xlsx,127723645.0,,WPP,EXACT,0.0
JPN,2014,population_un_wpp2024,127486605.0,,,evidence/api/UN_WPP2024_demographic_indicators_compact.xlsx,127486605.0,,WPP,EXACT,0.0
JPN,2015,population_un_wpp2024,127275872.0,,,evidence/api/UN_WPP2024_demographic_indicators_compact.xlsx,127275872.0,,WPP,EXACT,0.0
JPN,2016,population_un_wpp2024,127159951.0,,,evidence/api/UN_WPP2024_demographic_indicators_compact.xlsx,127159951.0,,WPP,EXACT,0.0
JPN,2017,population_un_wpp2024,127064690.0,,,evidence/api/UN_WPP2024_demographic_indicators_compact.xlsx,127064690.0,,WPP,EXACT,0.0
JPN,2018,population_un_wpp2024,126913432.0,,,evidence/api/UN_WPP2024_demographic_indicators_compact.xlsx,126913432.0,,WPP,EXACT,0.0
JPN,2019,population_un_wpp2024,126699424.0,,,evidence/api/UN_WPP2024_demographic_indicators_compact.xlsx,126699424.0,,WPP,EXACT,0.0
JPN,2020,population_un_wpp2024,126304543.0,,,evidence/api/UN_WPP2024_demographic_indicators_compact.xlsx,126304543.0,,WPP,EXACT,0.0
JPN,2021,population_un_wpp2024,125679338.0,,,evidence/api/UN_WPP2024_demographic_indicators_compact.xlsx,125679338.0,,WPP,EXACT,0.0
JPN,2022,population_un_wpp2024,124997578.0,,,evidence/api/UN_WPP2024_demographic_indicators_compact.xlsx,124997578.0,,WPP,EXACT,0.0
KOR,2001,population_un_wpp2024,47043468.0,,,evidence/api/UN_WPP2024_demographic_indicators_compact.xlsx,47043468.0,,WPP,EXACT,0.0
KOR,2002,population_un_wpp2024,47299120.0,,,evidence/api/UN_WPP2024_demographic_indicators_compact.xlsx,47299120.0,,WPP,EXACT,0.0
KOR,2003,population_un_wpp2024,47514160.0,,,evidence/api/UN_WPP2024_demographic_indicators_compact.xlsx,47514160.0,,WPP,EXACT,0.0
KOR,2004,population_un_wpp2024,47697075.0,,,evidence/api/UN_WPP2024_demographic_indicators_compact.xlsx,47697075.0,,WPP,EXACT,0.0
KOR,2005,population_un_wpp2024,47851644.0,,,evidence/api/UN_WPP2024_demographic_indicators_compact.xlsx,47851644.0,,WPP,EXACT,0.0
KOR,2006,population_un_wpp2024,48006518.0,,,evidence/api/UN_WPP2024_demographic_indicators_compact.xlsx,48006518.0,,WPP,EXACT,0.0
KOR,2007,population_un_wpp2024,48178118.0,,,evidence/api/UN_WPP2024_demographic_indicators_compact.xlsx,48178118.0,,WPP,EXACT,0.0
KOR,2008,population_un_wpp2024,48356493.0,,,evidence/api/UN_WPP2024_demographic_indicators_compact.xlsx,48356493.0,,WPP,EXACT,0.0
KOR,2009,population_un_wpp2024,48546687.0,,,evidence/api/UN_WPP2024_demographic_indicators_compact.xlsx,48546687.0,,WPP,EXACT,0.0
KOR,2010,population_un_wpp2024,48769332.0,,,evidence/api/UN_WPP2024_demographic_indicators_compact.xlsx,48769332.0,,WPP,EXACT,0.0
KOR,2011,population_un_wpp2024,49127643.0,,,evidence/api/UN_WPP2024_demographic_indicators_compact.xlsx,49127643.0,,WPP,EXACT,0.0
KOR,2012,population_un_wpp2024,49599579.0,,,evidence/api/UN_WPP2024_demographic_indicators_compact.xlsx,49599579.0,,WPP,EXACT,0.0
KOR,2013,population_un_wpp2024,50071164.0,,,evidence/api/UN_WPP2024_demographic_indicators_compact.xlsx,50071164.0,,WPP,EXACT,0.0
KOR,2014,population_un_wpp2024,50539056.0,,,evidence/api/UN_WPP2024_demographic_indicators_compact.xlsx,50539056.0,,WPP,EXACT,0.0
KOR,2015,population_un_wpp2024,50983912.0,,,evidence/api/UN_WPP2024_demographic_indicators_compact.xlsx,50983912.0,,WPP,EXACT,0.0
KOR,2016,population_un_wpp2024,51297839.0,,,evidence/api/UN_WPP2024_demographic_indicators_compact.xlsx,51297839.0,,WPP,EXACT,0.0
KOR,2017,population_un_wpp2024,51486270.0,,,evidence/api/UN_WPP2024_demographic_indicators_compact.xlsx,51486270.0,,WPP,EXACT,0.0
KOR,2018,population_un_wpp2024,51640894.0,,,evidence/api/UN_WPP2024_demographic_indicators_compact.xlsx,51640894.0,,WPP,EXACT,0.0
KOR,2019,population_un_wpp2024,51767846.0,,,evidence/api/UN_WPP2024_demographic_indicators_compact.xlsx,51767846.0,,WPP,EXACT,0.0
KOR,2020,population_un_wpp2024,51858482.0,,,evidence/api/UN_WPP2024_demographic_indicators_compact.xlsx,51858482.0,,WPP,EXACT,0.0
KOR,2021,population_un_wpp2024,51848397.0,,,evidence/api/UN_WPP2024_demographic_indicators_compact.xlsx,51848397.0,,WPP,EXACT,0.0
KOR,2022,population_un_wpp2024,51782512.0,,,evidence/api/UN_WPP2024_demographic_indicators_compact.xlsx,51782512.0,,WPP,EXACT,0.0
LTU,2001,population_un_wpp2024,3473004.0,,,evidence/api/UN_WPP2024_demographic_indicators_compact.xlsx,3473004.0,,WPP,EXACT,0.0
LTU,2002,population_un_wpp2024,3444050.0,,,evidence/api/UN_WPP2024_demographic_indicators_compact.xlsx,3444050.0,,WPP,EXACT,0.0
LTU,2003,population_un_wpp2024,3415278.0,,,evidence/api/UN_WPP2024_demographic_indicators_compact.xlsx,3415278.0,,WPP,EXACT,0.0
LTU,2004,population_un_wpp2024,3376699.0,,,evidence/api/UN_WPP2024_demographic_indicators_compact.xlsx,3376699.0,,WPP,EXACT,0.0
LTU,2005,population_un_wpp2024,3322263.0,,,evidence/api/UN_WPP2024_demographic_indicators_compact.xlsx,3322263.0,,WPP,EXACT,0.0
LTU,2006,population_un_wpp2024,3269808.0,,,evidence/api/UN_WPP2024_demographic_indicators_compact.xlsx,3269808.0,,WPP,EXACT,0.0
LTU,2007,population_un_wpp2024,3231374.0,,,evidence/api/UN_WPP2024_demographic_indicators_compact.xlsx,3231374.0,,WPP,EXACT,0.0
LTU,2008,population_un_wpp2024,3198481.0,,,evidence/api/UN_WPP2024_demographic_indicators_compact.xlsx,3198481.0,,WPP,EXACT,0.0
LTU,2009,population_un_wpp2024,3163254.0,,,evidence/api/UN_WPP2024_demographic_indicators_compact.xlsx,3163254.0,,WPP,EXACT,0.0
LTU,2010,population_un_wpp2024,3097720.0,,,evidence/api/UN_WPP2024_demographic_indicators_compact.xlsx,3097720.0,,WPP,EXACT,0.0
LTU,2011,population_un_wpp2024,3028642.0,,,evidence/api/UN_WPP2024_demographic_indicators_compact.xlsx,3028642.0,,WPP,EXACT,0.0
LTU,2012,population_un_wpp2024,2988329.0,,,evidence/api/UN_WPP2024_demographic_indicators_compact.xlsx,2988329.0,,WPP,EXACT,0.0
LTU,2013,population_un_wpp2024,2958360.0,,,evidence/api/UN_WPP2024_demographic_indicators_compact.xlsx,2958360.0,,WPP,EXACT,0.0
LTU,2014,population_un_wpp2024,2933168.0,,,evidence/api/UN_WPP2024_demographic_indicators_compact.xlsx,2933168.0,,WPP,EXACT,0.0
LTU,2015,population_un_wpp2024,2905764.0,,,evidence/api/UN_WPP2024_demographic_indicators_compact.xlsx,2905764.0,,WPP,EXACT,0.0
LTU,2016,population_un_wpp2024,2869110.0,,,evidence/api/UN_WPP2024_demographic_indicators_compact.xlsx,2869110.0,,WPP,EXACT,0.0
LTU,2017,population_un_wpp2024,2829313.0,,,evidence/api/UN_WPP2024_demographic_indicators_compact.xlsx,2829313.0,,WPP,EXACT,0.0
LTU,2018,population_un_wpp2024,2802478.0,,,evidence/api/UN_WPP2024_demographic_indicators_compact.xlsx,2802478.0,,WPP,EXACT,0.0
LTU,2019,population_un_wpp2024,2795058.0,,,evidence/api/UN_WPP2024_demographic_indicators_compact.xlsx,2795058.0,,WPP,EXACT,0.0
LTU,2020,population_un_wpp2024,2795765.0,,,evidence/api/UN_WPP2024_demographic_indicators_compact.xlsx,2795765.0,,WPP,EXACT,0.0
LTU,2021,population_un_wpp2024,2794488.0,,,evidence/api/UN_WPP2024_demographic_indicators_compact.xlsx,2794488.0,,WPP,EXACT,0.0
LTU,2022,population_un_wpp2024,2816919.0,,,evidence/api/UN_WPP2024_demographic_indicators_compact.xlsx,2816919.0,,WPP,EXACT,0.0
MEX,2001,population_un_wpp2024,100099099.0,,,evidence/api/UN_WPP2024_demographic_indicators_compact.xlsx,100099099.0,,WPP,EXACT,0.0
MEX,2002,population_un_wpp2024,101548624.0,,,evidence/api/UN_WPP2024_demographic_indicators_compact.xlsx,101548624.0,,WPP,EXACT,0.0
MEX,2003,population_un_wpp2024,102978515.0,,,evidence/api/UN_WPP2024_demographic_indicators_compact.xlsx,102978515.0,,WPP,EXACT,0.0
MEX,2004,population_un_wpp2024,104394131.0,,,evidence/api/UN_WPP2024_demographic_indicators_compact.xlsx,104394131.0,,WPP,EXACT,0.0
MEX,2005,population_un_wpp2024,105811504.0,,,evidence/api/UN_WPP2024_demographic_indicators_compact.xlsx,105811504.0,,WPP,EXACT,0.0
MEX,2006,population_un_wpp2024,107253666.0,,,evidence/api/UN_WPP2024_demographic_indicators_compact.xlsx,107253666.0,,WPP,EXACT,0.0
MEX,2007,population_un_wpp2024,108774360.0,,,evidence/api/UN_WPP2024_demographic_indicators_compact.xlsx,108774360.0,,WPP,EXACT,0.0
MEX,2008,population_un_wpp2024,110374288.0,,,evidence/api/UN_WPP2024_demographic_indicators_compact.xlsx,110374288.0,,WPP,EXACT,0.0
MEX,2009,population_un_wpp2024,111999721.0,,,evidence/api/UN_WPP2024_demographic_indicators_compact.xlsx,111999721.0,,WPP,EXACT,0.0
MEX,2010,population_un_wpp2024,113623895.0,,,evidence/api/UN_WPP2024_demographic_indicators_compact.xlsx,113623895.0,,WPP,EXACT,0.0
MEX,2011,population_un_wpp2024,115243504.0,,,evidence/api/UN_WPP2024_demographic_indicators_compact.xlsx,115243504.0,,WPP,EXACT,0.0
MEX,2012,population_un_wpp2024,116818208.0,,,evidence/api/UN_WPP2024_demographic_indicators_compact.xlsx,116818208.0,,WPP,EXACT,0.0
MEX,2013,population_un_wpp2024,118343573.0,,,evidence/api/UN_WPP2024_demographic_indicators_compact.xlsx,118343573.0,,WPP,EXACT,0.0
MEX,2014,population_un_wpp2024,119784261.0,,,evidence/api/UN_WPP2024_demographic_indicators_compact.xlsx,119784261.0,,WPP,EXACT,0.0
MEX,2015,population_un_wpp2024,121072306.0,,,evidence/api/UN_WPP2024_demographic_indicators_compact.xlsx,121072306.0,,WPP,EXACT,0.0
MEX,2016,population_un_wpp2024,122251351.0,,,evidence/api/UN_WPP2024_demographic_indicators_compact.xlsx,122251351.0,,WPP,EXACT,0.0
MEX,2017,population_un_wpp2024,123400057.0,,,evidence/api/UN_WPP2024_demographic_indicators_compact.xlsx,123400057.0,,WPP,EXACT,0.0
MEX,2018,population_un_wpp2024,124573711.0,,,evidence/api/UN_WPP2024_demographic_indicators_compact.xlsx,124573711.0,,WPP,EXACT,0.0
MEX,2019,population_un_wpp2024,125762982.0,,,evidence/api/UN_WPP2024_demographic_indicators_compact.xlsx,125762982.0,,WPP,EXACT,0.0
MEX,2020,population_un_wpp2024,126799054.0,,,evidence/api/UN_WPP2024_demographic_indicators_compact.xlsx,126799054.0,,WPP,EXACT,0.0
MEX,2021,population_un_wpp2024,127648148.0,,,evidence/api/UN_WPP2024_demographic_indicators_compact.xlsx,127648148.0,,WPP,EXACT,0.0
MEX,2022,population_un_wpp2024,128613117.0,,,evidence/api/UN_WPP2024_demographic_indicators_compact.xlsx,128613117.0,,WPP,EXACT,0.0
NLD,2001,population_un_wpp2024,16182705.0,,,evidence/api/UN_WPP2024_demographic_indicators_compact.xlsx,16182705.0,,WPP,EXACT,0.0
NLD,2002,population_un_wpp2024,16288051.0,,,evidence/api/UN_WPP2024_demographic_indicators_compact.xlsx,16288051.0,,WPP,EXACT,0.0
NLD,2003,population_un_wpp2024,16366912.0,,,evidence/api/UN_WPP2024_demographic_indicators_compact.xlsx,16366912.0,,WPP,EXACT,0.0
NLD,2004,population_un_wpp2024,16425566.0,,,evidence/api/UN_WPP2024_demographic_indicators_compact.xlsx,16425565.999999998,,WPP,EXACT,1.862645149230957e-09
NLD,2005,population_un_wpp2024,16465710.0,,,evidence/api/UN_WPP2024_demographic_indicators_compact.xlsx,16465710.0,,WPP,EXACT,0.0
NLD,2006,population_un_wpp2024,16493852.0,,,evidence/api/UN_WPP2024_demographic_indicators_compact.xlsx,16493851.999999998,,WPP,EXACT,1.862645149230957e-09
NLD,2007,population_un_wpp2024,16531357.0,,,evidence/api/UN_WPP2024_demographic_indicators_compact.xlsx,16531357.0,,WPP,EXACT,0.0
NLD,2008,population_un_wpp2024,16597258.0,,,evidence/api/UN_WPP2024_demographic_indicators_compact.xlsx,16597258.000000002,,WPP,EXACT,-1.862645149230957e-09
NLD,2009,population_un_wpp2024,16684150.0,,,evidence/api/UN_WPP2024_demographic_indicators_compact.xlsx,16684150.000000002,,WPP,EXACT,-1.862645149230957e-09
NLD,2010,population_un_wpp2024,16771235.0,,,evidence/api/UN_WPP2024_demographic_indicators_compact.xlsx,16771235.0,,WPP,EXACT,0.0
NLD,2011,population_un_wpp2024,16851057.0,,,evidence/api/UN_WPP2024_demographic_indicators_compact.xlsx,16851057.0,,WPP,EXACT,0.0
NLD,2012,population_un_wpp2024,16915194.0,,,evidence/api/UN_WPP2024_demographic_indicators_compact.xlsx,16915194.0,,WPP,EXACT,0.0
NLD,2013,population_un_wpp2024,16967063.0,,,evidence/api/UN_WPP2024_demographic_indicators_compact.xlsx,16967063.0,,WPP,EXACT,0.0
NLD,2014,population_un_wpp2024,17030089.0,,,evidence/api/UN_WPP2024_demographic_indicators_compact.xlsx,17030089.0,,WPP,EXACT,0.0
NLD,2015,population_un_wpp2024,17107433.0,,,evidence/api/UN_WPP2024_demographic_indicators_compact.xlsx,17107433.0,,WPP,EXACT,0.0
NLD,2016,population_un_wpp2024,17204693.0,,,evidence/api/UN_WPP2024_demographic_indicators_compact.xlsx,17204693.0,,WPP,EXACT,0.0
NLD,2017,population_un_wpp2024,17315370.0,,,evidence/api/UN_WPP2024_demographic_indicators_compact.xlsx,17315370.0,,WPP,EXACT,0.0
NLD,2018,population_un_wpp2024,17421280.0,,,evidence/api/UN_WPP2024_demographic_indicators_compact.xlsx,17421280.0,,WPP,EXACT,0.0
NLD,2019,population_un_wpp2024,17537507.0,,,evidence/api/UN_WPP2024_demographic_indicators_compact.xlsx,17537507.0,,WPP,EXACT,0.0
NLD,2020,population_un_wpp2024,17636731.0,,,evidence/api/UN_WPP2024_demographic_indicators_compact.xlsx,17636731.0,,WPP,EXACT,0.0
NLD,2021,population_un_wpp2024,17730564.0,,,evidence/api/UN_WPP2024_demographic_indicators_compact.xlsx,17730564.0,,WPP,EXACT,0.0
NLD,2022,population_un_wpp2024,17904421.0,,,evidence/api/UN_WPP2024_demographic_indicators_compact.xlsx,17904421.0,,WPP,EXACT,0.0
NZL,2001,population_un_wpp2024,3891762.0,,,evidence/api/UN_WPP2024_demographic_indicators_compact.xlsx,3891762.0,,WPP,EXACT,0.0
NZL,2002,population_un_wpp2024,3951119.0,,,evidence/api/UN_WPP2024_demographic_indicators_compact.xlsx,3951119.0,,WPP,EXACT,0.0
NZL,2003,population_un_wpp2024,4022586.0,,,evidence/api/UN_WPP2024_demographic_indicators_compact.xlsx,4022586.0,,WPP,EXACT,0.0
NZL,2004,population_un_wpp2024,4083910.0,,,evidence/api/UN_WPP2024_demographic_indicators_compact.xlsx,4083910.0,,WPP,EXACT,0.0
NZL,2005,population_un_wpp2024,4135007.0,,,evidence/api/UN_WPP2024_demographic_indicators_compact.xlsx,4135006.9999999995,,WPP,EXACT,4.656612873077393e-10
NZL,2006,population_un_wpp2024,4181940.0,,,evidence/api/UN_WPP2024_demographic_indicators_compact.xlsx,4181939.9999999995,,WPP,EXACT,4.656612873077393e-10
NZL,2007,population_un_wpp2024,4223266.0,,,evidence/api/UN_WPP2024_demographic_indicators_compact.xlsx,4223266.0,,WPP,EXACT,0.0
NZL,2008,population_un_wpp2024,4261824.0,,,evidence/api/UN_WPP2024_demographic_indicators_compact.xlsx,4261824.0,,WPP,EXACT,0.0
NZL,2009,population_un_wpp2024,4304304.0,,,evidence/api/UN_WPP2024_demographic_indicators_compact.xlsx,4304304.0,,WPP,EXACT,0.0
NZL,2010,population_un_wpp2024,4347770.0,,,evidence/api/UN_WPP2024_demographic_indicators_compact.xlsx,4347770.0,,WPP,EXACT,0.0
NZL,2011,population_un_wpp2024,4382700.0,,,evidence/api/UN_WPP2024_demographic_indicators_compact.xlsx,4382700.0,,WPP,EXACT,0.0
NZL,2012,population_un_wpp2024,4411676.0,,,evidence/api/UN_WPP2024_demographic_indicators_compact.xlsx,4411676.0,,WPP,EXACT,0.0
NZL,2013,population_un_wpp2024,4453851.0,,,evidence/api/UN_WPP2024_demographic_indicators_compact.xlsx,4453851.0,,WPP,EXACT,0.0
NZL,2014,population_un_wpp2024,4522983.0,,,evidence/api/UN_WPP2024_demographic_indicators_compact.xlsx,4522983.0,,WPP,EXACT,0.0
NZL,2015,population_un_wpp2024,4614029.0,,,evidence/api/UN_WPP2024_demographic_indicators_compact.xlsx,4614029.0,,WPP,EXACT,0.0
NZL,2016,population_un_wpp2024,4714770.0,,,evidence/api/UN_WPP2024_demographic_indicators_compact.xlsx,4714770.0,,WPP,EXACT,0.0
NZL,2017,population_un_wpp2024,4812752.0,,,evidence/api/UN_WPP2024_demographic_indicators_compact.xlsx,4812752.0,,WPP,EXACT,0.0
NZL,2018,population_un_wpp2024,4900847.0,,,evidence/api/UN_WPP2024_demographic_indicators_compact.xlsx,4900847.0,,WPP,EXACT,0.0
NZL,2019,population_un_wpp2024,4989403.0,,,evidence/api/UN_WPP2024_demographic_indicators_compact.xlsx,4989403.0,,WPP,EXACT,0.0
NZL,2020,population_un_wpp2024,5069895.0,,,evidence/api/UN_WPP2024_demographic_indicators_compact.xlsx,5069895.0,,WPP,EXACT,0.0
NZL,2021,population_un_wpp2024,5107697.0,,,evidence/api/UN_WPP2024_demographic_indicators_compact.xlsx,5107697.0,,WPP,EXACT,0.0
NZL,2022,population_un_wpp2024,5131734.0,,,evidence/api/UN_WPP2024_demographic_indicators_compact.xlsx,5131734.0,,WPP,EXACT,0.0
NOR,2001,population_un_wpp2024,4513657.0,,,evidence/api/UN_WPP2024_demographic_indicators_compact.xlsx,4513657.0,,WPP,EXACT,0.0
NOR,2002,population_un_wpp2024,4538014.0,,,evidence/api/UN_WPP2024_demographic_indicators_compact.xlsx,4538014.0,,WPP,EXACT,0.0
NOR,2003,population_un_wpp2024,4564669.0,,,evidence/api/UN_WPP2024_demographic_indicators_compact.xlsx,4564669.0,,WPP,EXACT,0.0
NOR,2004,population_un_wpp2024,4591743.0,,,evidence/api/UN_WPP2024_demographic_indicators_compact.xlsx,4591743.0,,WPP,EXACT,0.0
NOR,2005,population_un_wpp2024,4623124.0,,,evidence/api/UN_WPP2024_demographic_indicators_compact.xlsx,4623124.0,,WPP,EXACT,0.0
NOR,2006,population_un_wpp2024,4660494.0,,,evidence/api/UN_WPP2024_demographic_indicators_compact.xlsx,4660494.0,,WPP,EXACT,0.0
NOR,2007,population_un_wpp2024,4709010.0,,,evidence/api/UN_WPP2024_demographic_indicators_compact.xlsx,4709010.0,,WPP,EXACT,0.0
NOR,2008,population_un_wpp2024,4768101.0,,,evidence/api/UN_WPP2024_demographic_indicators_compact.xlsx,4768101.0,,WPP,EXACT,0.0
NOR,2009,population_un_wpp2024,4828623.0,,,evidence/api/UN_WPP2024_demographic_indicators_compact.xlsx,4828623.0,,WPP,EXACT,0.0
NOR,2010,population_un_wpp2024,4889162.0,,,evidence/api/UN_WPP2024_demographic_indicators_compact.xlsx,4889162.0,,WPP,EXACT,0.0
NOR,2011,population_un_wpp2024,4952968.0,,,evidence/api/UN_WPP2024_demographic_indicators_compact.xlsx,4952968.0,,WPP,EXACT,0.0
NOR,2012,population_un_wpp2024,5018458.0,,,evidence/api/UN_WPP2024_demographic_indicators_compact.xlsx,5018458.0,,WPP,EXACT,0.0
NOR,2013,population_un_wpp2024,5080124.0,,,evidence/api/UN_WPP2024_demographic_indicators_compact.xlsx,5080124.0,,WPP,EXACT,0.0
NOR,2014,population_un_wpp2024,5137395.0,,,evidence/api/UN_WPP2024_demographic_indicators_compact.xlsx,5137395.0,,WPP,EXACT,0.0
NOR,2015,population_un_wpp2024,5189771.0,,,evidence/api/UN_WPP2024_demographic_indicators_compact.xlsx,5189771.0,,WPP,EXACT,0.0
NOR,2016,population_un_wpp2024,5235983.0,,,evidence/api/UN_WPP2024_demographic_indicators_compact.xlsx,5235983.0,,WPP,EXACT,0.0
NOR,2017,population_un_wpp2024,5276802.0,,,evidence/api/UN_WPP2024_demographic_indicators_compact.xlsx,5276802.0,,WPP,EXACT,0.0
NOR,2018,population_un_wpp2024,5311752.0,,,evidence/api/UN_WPP2024_demographic_indicators_compact.xlsx,5311752.0,,WPP,EXACT,0.0
NOR,2019,population_un_wpp2024,5347730.0,,,evidence/api/UN_WPP2024_demographic_indicators_compact.xlsx,5347730.0,,WPP,EXACT,0.0
NOR,2020,population_un_wpp2024,5379274.0,,,evidence/api/UN_WPP2024_demographic_indicators_compact.xlsx,5379274.0,,WPP,EXACT,0.0
NOR,2021,population_un_wpp2024,5408091.0,,,evidence/api/UN_WPP2024_demographic_indicators_compact.xlsx,5408091.0,,WPP,EXACT,0.0
NOR,2022,population_un_wpp2024,5456801.0,,,evidence/api/UN_WPP2024_demographic_indicators_compact.xlsx,5456801.0,,WPP,EXACT,0.0
PHL,2001,population_un_wpp2024,81401488.0,,,evidence/api/UN_WPP2024_demographic_indicators_compact.xlsx,81401488.0,,WPP,EXACT,0.0
PHL,2002,population_un_wpp2024,83068889.0,,,evidence/api/UN_WPP2024_demographic_indicators_compact.xlsx,83068889.0,,WPP,EXACT,0.0
PHL,2003,population_un_wpp2024,84731835.0,,,evidence/api/UN_WPP2024_demographic_indicators_compact.xlsx,84731835.0,,WPP,EXACT,0.0
PHL,2004,population_un_wpp2024,86394504.0,,,evidence/api/UN_WPP2024_demographic_indicators_compact.xlsx,86394504.0,,WPP,EXACT,0.0
PHL,2005,population_un_wpp2024,88015962.0,,,evidence/api/UN_WPP2024_demographic_indicators_compact.xlsx,88015962.0,,WPP,EXACT,0.0
PHL,2006,population_un_wpp2024,89508986.0,,,evidence/api/UN_WPP2024_demographic_indicators_compact.xlsx,89508986.0,,WPP,EXACT,0.0
PHL,2007,population_un_wpp2024,91075184.0,,,evidence/api/UN_WPP2024_demographic_indicators_compact.xlsx,91075184.0,,WPP,EXACT,0.0
PHL,2008,population_un_wpp2024,92699095.0,,,evidence/api/UN_WPP2024_demographic_indicators_compact.xlsx,92699095.0,,WPP,EXACT,0.0
PHL,2009,population_un_wpp2024,94384250.0,,,evidence/api/UN_WPP2024_demographic_indicators_compact.xlsx,94384250.0,,WPP,EXACT,0.0
PHL,2010,population_un_wpp2024,96337125.0,,,evidence/api/UN_WPP2024_demographic_indicators_compact.xlsx,96337125.0,,WPP,EXACT,0.0
PHL,2011,population_un_wpp2024,98248614.0,,,evidence/api/UN_WPP2024_demographic_indicators_compact.xlsx,98248614.0,,WPP,EXACT,0.0
PHL,2012,population_un_wpp2024,100175512.0,,,evidence/api/UN_WPP2024_demographic_indicators_compact.xlsx,100175512.0,,WPP,EXACT,0.0
PHL,2013,population_un_wpp2024,102076336.0,,,evidence/api/UN_WPP2024_demographic_indicators_compact.xlsx,102076336.0,,WPP,EXACT,0.0
PHL,2014,population_un_wpp2024,103767130.0,,,evidence/api/UN_WPP2024_demographic_indicators_compact.xlsx,103767130.0,,WPP,EXACT,0.0
PHL,2015,population_un_wpp2024,105312992.0,,,evidence/api/UN_WPP2024_demographic_indicators_compact.xlsx,105312992.0,,WPP,EXACT,0.0
PHL,2016,population_un_wpp2024,106735719.0,,,evidence/api/UN_WPP2024_demographic_indicators_compact.xlsx,106735719.0,,WPP,EXACT,0.0
PHL,2017,population_un_wpp2024,108119693.0,,,evidence/api/UN_WPP2024_demographic_indicators_compact.xlsx,108119693.0,,WPP,EXACT,0.0
PHL,2018,population_un_wpp2024,109465287.0,,,evidence/api/UN_WPP2024_demographic_indicators_compact.xlsx,109465287.0,,WPP,EXACT,0.0
PHL,2019,population_un_wpp2024,110804683.0,,,evidence/api/UN_WPP2024_demographic_indicators_compact.xlsx,110804683.0,,WPP,EXACT,0.0
PHL,2020,population_un_wpp2024,112081264.0,,,evidence/api/UN_WPP2024_demographic_indicators_compact.xlsx,112081264.0,,WPP,EXACT,0.0
PHL,2021,population_un_wpp2024,113100950.0,,,evidence/api/UN_WPP2024_demographic_indicators_compact.xlsx,113100950.0,,WPP,EXACT,0.0
PHL,2022,population_un_wpp2024,113964338.0,,,evidence/api/UN_WPP2024_demographic_indicators_compact.xlsx,113964338.0,,WPP,EXACT,0.0
POL,2001,population_un_wpp2024,38247357.0,,,evidence/api/UN_WPP2024_demographic_indicators_compact.xlsx,38247357.0,,WPP,EXACT,0.0
POL,2002,population_un_wpp2024,38229408.0,,,evidence/api/UN_WPP2024_demographic_indicators_compact.xlsx,38229408.0,,WPP,EXACT,0.0
POL,2003,population_un_wpp2024,38203524.0,,,evidence/api/UN_WPP2024_demographic_indicators_compact.xlsx,38203524.0,,WPP,EXACT,0.0
POL,2004,population_un_wpp2024,38167572.0,,,evidence/api/UN_WPP2024_demographic_indicators_compact.xlsx,38167572.0,,WPP,EXACT,0.0
POL,2005,population_un_wpp2024,38124379.0,,,evidence/api/UN_WPP2024_demographic_indicators_compact.xlsx,38124379.0,,WPP,EXACT,0.0
POL,2006,population_un_wpp2024,38071167.0,,,evidence/api/UN_WPP2024_demographic_indicators_compact.xlsx,38071167.0,,WPP,EXACT,0.0
POL,2007,population_un_wpp2024,38020421.0,,,evidence/api/UN_WPP2024_demographic_indicators_compact.xlsx,38020421.0,,WPP,EXACT,0.0
POL,2008,population_un_wpp2024,37995902.0,,,evidence/api/UN_WPP2024_demographic_indicators_compact.xlsx,37995902.0,,WPP,EXACT,0.0
POL,2009,population_un_wpp2024,38002155.0,,,evidence/api/UN_WPP2024_demographic_indicators_compact.xlsx,38002155.0,,WPP,EXACT,0.0
POL,2010,population_un_wpp2024,38095351.0,,,evidence/api/UN_WPP2024_demographic_indicators_compact.xlsx,38095351.0,,WPP,EXACT,0.0
POL,2011,population_un_wpp2024,38208643.0,,,evidence/api/UN_WPP2024_demographic_indicators_compact.xlsx,38208643.0,,WPP,EXACT,0.0
POL,2012,population_un_wpp2024,38247868.0,,,evidence/api/UN_WPP2024_demographic_indicators_compact.xlsx,38247868.0,,WPP,EXACT,0.0
POL,2013,population_un_wpp2024,38259262.0,,,evidence/api/UN_WPP2024_demographic_indicators_compact.xlsx,38259262.0,,WPP,EXACT,0.0
POL,2014,population_un_wpp2024,38265113.0,,,evidence/api/UN_WPP2024_demographic_indicators_compact.xlsx,38265113.0,,WPP,EXACT,0.0
POL,2015,population_un_wpp2024,38266314.0,,,evidence/api/UN_WPP2024_demographic_indicators_compact.xlsx,38266314.0,,WPP,EXACT,0.0
POL,2016,population_un_wpp2024,38263265.0,,,evidence/api/UN_WPP2024_demographic_indicators_compact.xlsx,38263265.0,,WPP,EXACT,0.0
POL,2017,population_un_wpp2024,38254959.0,,,evidence/api/UN_WPP2024_demographic_indicators_compact.xlsx,38254959.0,,WPP,EXACT,0.0
POL,2018,population_un_wpp2024,38241071.0,,,evidence/api/UN_WPP2024_demographic_indicators_compact.xlsx,38241071.0,,WPP,EXACT,0.0
POL,2019,population_un_wpp2024,38225885.0,,,evidence/api/UN_WPP2024_demographic_indicators_compact.xlsx,38225885.0,,WPP,EXACT,0.0
POL,2020,population_un_wpp2024,38171012.0,,,evidence/api/UN_WPP2024_demographic_indicators_compact.xlsx,38171012.0,,WPP,EXACT,0.0
POL,2021,population_un_wpp2024,38040302.0,,,evidence/api/UN_WPP2024_demographic_indicators_compact.xlsx,38040302.0,,WPP,EXACT,0.0
POL,2022,population_un_wpp2024,38385739.0,,,evidence/api/UN_WPP2024_demographic_indicators_compact.xlsx,38385739.0,,WPP,EXACT,0.0
PRT,2001,population_un_wpp2024,10354325.0,,,evidence/api/UN_WPP2024_demographic_indicators_compact.xlsx,10354325.0,,WPP,EXACT,0.0
PRT,2002,population_un_wpp2024,10413044.0,,,evidence/api/UN_WPP2024_demographic_indicators_compact.xlsx,10413044.0,,WPP,EXACT,0.0
PRT,2003,population_un_wpp2024,10454245.0,,,evidence/api/UN_WPP2024_demographic_indicators_compact.xlsx,10454245.0,,WPP,EXACT,0.0
PRT,2004,population_un_wpp2024,10481381.0,,,evidence/api/UN_WPP2024_demographic_indicators_compact.xlsx,10481381.0,,WPP,EXACT,0.0
PRT,2005,population_un_wpp2024,10502994.0,,,evidence/api/UN_WPP2024_demographic_indicators_compact.xlsx,10502994.0,,WPP,EXACT,0.0
PRT,2006,population_un_wpp2024,10524120.0,,,evidence/api/UN_WPP2024_demographic_indicators_compact.xlsx,10524120.0,,WPP,EXACT,0.0
PRT,2007,population_un_wpp2024,10546825.0,,,evidence/api/UN_WPP2024_demographic_indicators_compact.xlsx,10546825.0,,WPP,EXACT,0.0
PRT,2008,population_un_wpp2024,10564081.0,,,evidence/api/UN_WPP2024_demographic_indicators_compact.xlsx,10564081.0,,WPP,EXACT,0.0
PRT,2009,population_un_wpp2024,10576267.0,,,evidence/api/UN_WPP2024_demographic_indicators_compact.xlsx,10576267.0,,WPP,EXACT,0.0
PRT,2010,population_un_wpp2024,10578660.0,,,evidence/api/UN_WPP2024_demographic_indicators_compact.xlsx,10578660.0,,WPP,EXACT,0.0
PRT,2011,population_un_wpp2024,10557052.0,,,evidence/api/UN_WPP2024_demographic_indicators_compact.xlsx,10557052.0,,WPP,EXACT,0.0
PRT,2012,population_un_wpp2024,10513150.0,,,evidence/api/UN_WPP2024_demographic_indicators_compact.xlsx,10513150.0,,WPP,EXACT,0.0
PRT,2013,population_un_wpp2024,10458298.0,,,evidence/api/UN_WPP2024_demographic_indicators_compact.xlsx,10458298.0,,WPP,EXACT,0.0
PRT,2014,population_un_wpp2024,10406199.0,,,evidence/api/UN_WPP2024_demographic_indicators_compact.xlsx,10406199.0,,WPP,EXACT,0.0
PRT,2015,population_un_wpp2024,10370267.0,,,evidence/api/UN_WPP2024_demographic_indicators_compact.xlsx,10370267.0,,WPP,EXACT,0.0
PRT,2016,population_un_wpp2024,10346372.0,,,evidence/api/UN_WPP2024_demographic_indicators_compact.xlsx,10346372.0,,WPP,EXACT,0.0
PRT,2017,population_un_wpp2024,10330844.0,,,evidence/api/UN_WPP2024_demographic_indicators_compact.xlsx,10330844.0,,WPP,EXACT,0.0
PRT,2018,population_un_wpp2024,10325353.0,,,evidence/api/UN_WPP2024_demographic_indicators_compact.xlsx,10325353.0,,WPP,EXACT,0.0
PRT,2019,population_un_wpp2024,10343213.0,,,evidence/api/UN_WPP2024_demographic_indicators_compact.xlsx,10343213.0,,WPP,EXACT,0.0
PRT,2020,population_un_wpp2024,10370519.0,,,evidence/api/UN_WPP2024_demographic_indicators_compact.xlsx,10370519.0,,WPP,EXACT,0.0
PRT,2021,population_un_wpp2024,10390956.0,,,evidence/api/UN_WPP2024_demographic_indicators_compact.xlsx,10390956.0,,WPP,EXACT,0.0
PRT,2022,population_un_wpp2024,10417073.0,,,evidence/api/UN_WPP2024_demographic_indicators_compact.xlsx,10417073.0,,WPP,EXACT,0.0
RUS,2001,population_un_wpp2024,146117284.0,,,evidence/api/UN_WPP2024_demographic_indicators_compact.xlsx,146117284.0,,WPP,EXACT,0.0
RUS,2002,population_un_wpp2024,145939500.0,,,evidence/api/UN_WPP2024_demographic_indicators_compact.xlsx,145939500.0,,WPP,EXACT,0.0
RUS,2003,population_un_wpp2024,145794229.0,,,evidence/api/UN_WPP2024_demographic_indicators_compact.xlsx,145794229.0,,WPP,EXACT,0.0
RUS,2004,population_un_wpp2024,145180097.0,,,evidence/api/UN_WPP2024_demographic_indicators_compact.xlsx,145180097.0,,WPP,EXACT,0.0
RUS,2005,population_un_wpp2024,144597884.0,,,evidence/api/UN_WPP2024_demographic_indicators_compact.xlsx,144597884.0,,WPP,EXACT,0.0
RUS,2006,population_un_wpp2024,144102948.0,,,evidence/api/UN_WPP2024_demographic_indicators_compact.xlsx,144102948.0,,WPP,EXACT,0.0
RUS,2007,population_un_wpp2024,143859764.0,,,evidence/api/UN_WPP2024_demographic_indicators_compact.xlsx,143859764.0,,WPP,EXACT,0.0
RUS,2008,population_un_wpp2024,143811840.0,,,evidence/api/UN_WPP2024_demographic_indicators_compact.xlsx,143811840.0,,WPP,EXACT,0.0
RUS,2009,population_un_wpp2024,143869132.0,,,evidence/api/UN_WPP2024_demographic_indicators_compact.xlsx,143869132.0,,WPP,EXACT,0.0
RUS,2010,population_un_wpp2024,143934465.0,,,evidence/api/UN_WPP2024_demographic_indicators_compact.xlsx,143934465.0,,WPP,EXACT,0.0
RUS,2011,population_un_wpp2024,144043748.0,,,evidence/api/UN_WPP2024_demographic_indicators_compact.xlsx,144043748.0,,WPP,EXACT,0.0
RUS,2012,population_un_wpp2024,144291029.0,,,evidence/api/UN_WPP2024_demographic_indicators_compact.xlsx,144291029.0,,WPP,EXACT,0.0
RUS,2013,population_un_wpp2024,144604098.0,,,evidence/api/UN_WPP2024_demographic_indicators_compact.xlsx,144604098.0,,WPP,EXACT,0.0
RUS,2014,population_un_wpp2024,144925638.0,,,evidence/api/UN_WPP2024_demographic_indicators_compact.xlsx,144925638.0,,WPP,EXACT,0.0
RUS,2015,population_un_wpp2024,145307616.0,,,evidence/api/UN_WPP2024_demographic_indicators_compact.xlsx,145307616.0,,WPP,EXACT,0.0
RUS,2016,population_un_wpp2024,145778677.0,,,evidence/api/UN_WPP2024_demographic_indicators_compact.xlsx,145778677.0,,WPP,EXACT,0.0
RUS,2017,population_un_wpp2024,146186799.0,,,evidence/api/UN_WPP2024_demographic_indicators_compact.xlsx,146186799.0,,WPP,EXACT,0.0
RUS,2018,population_un_wpp2024,146430146.0,,,evidence/api/UN_WPP2024_demographic_indicators_compact.xlsx,146430146.0,,WPP,EXACT,0.0
RUS,2019,population_un_wpp2024,146533067.0,,,evidence/api/UN_WPP2024_demographic_indicators_compact.xlsx,146533067.0,,WPP,EXACT,0.0
RUS,2020,population_un_wpp2024,146371299.0,,,evidence/api/UN_WPP2024_demographic_indicators_compact.xlsx,146371299.0,,WPP,EXACT,0.0
RUS,2021,population_un_wpp2024,145836175.0,,,evidence/api/UN_WPP2024_demographic_indicators_compact.xlsx,145836175.0,,WPP,EXACT,0.0
RUS,2022,population_un_wpp2024,145579899.0,,,evidence/api/UN_WPP2024_demographic_indicators_compact.xlsx,145579899.0,,WPP,EXACT,0.0
SVK,2001,population_un_wpp2024,5379437.0,,,evidence/api/UN_WPP2024_demographic_indicators_compact.xlsx,5379437.0,,WPP,EXACT,0.0
SVK,2002,population_un_wpp2024,5377688.0,,,evidence/api/UN_WPP2024_demographic_indicators_compact.xlsx,5377688.0,,WPP,EXACT,0.0
SVK,2003,population_un_wpp2024,5376196.0,,,evidence/api/UN_WPP2024_demographic_indicators_compact.xlsx,5376196.0,,WPP,EXACT,0.0
SVK,2004,population_un_wpp2024,5376038.0,,,evidence/api/UN_WPP2024_demographic_indicators_compact.xlsx,5376038.0,,WPP,EXACT,0.0
SVK,2005,population_un_wpp2024,5376695.0,,,evidence/api/UN_WPP2024_demographic_indicators_compact.xlsx,5376695.0,,WPP,EXACT,0.0
SVK,2006,population_un_wpp2024,5376846.0,,,evidence/api/UN_WPP2024_demographic_indicators_compact.xlsx,5376846.0,,WPP,EXACT,0.0
SVK,2007,population_un_wpp2024,5376999.0,,,evidence/api/UN_WPP2024_demographic_indicators_compact.xlsx,5376999.0,,WPP,EXACT,0.0
SVK,2008,population_un_wpp2024,5379120.0,,,evidence/api/UN_WPP2024_demographic_indicators_compact.xlsx,5379120.0,,WPP,EXACT,0.0
SVK,2009,population_un_wpp2024,5385073.0,,,evidence/api/UN_WPP2024_demographic_indicators_compact.xlsx,5385073.0,,WPP,EXACT,0.0
SVK,2010,population_un_wpp2024,5391851.0,,,evidence/api/UN_WPP2024_demographic_indicators_compact.xlsx,5391851.0,,WPP,EXACT,0.0
SVK,2011,population_un_wpp2024,5398109.0,,,evidence/api/UN_WPP2024_demographic_indicators_compact.xlsx,5398109.0,,WPP,EXACT,0.0
SVK,2012,population_un_wpp2024,5404871.0,,,evidence/api/UN_WPP2024_demographic_indicators_compact.xlsx,5404871.0,,WPP,EXACT,0.0
SVK,2013,population_un_wpp2024,5410422.0,,,evidence/api/UN_WPP2024_demographic_indicators_compact.xlsx,5410422.0,,WPP,EXACT,0.0
SVK,2014,population_un_wpp2024,5415230.0,,,evidence/api/UN_WPP2024_demographic_indicators_compact.xlsx,5415230.0,,WPP,EXACT,0.0
SVK,2015,population_un_wpp2024,5420278.0,,,evidence/api/UN_WPP2024_demographic_indicators_compact.xlsx,5420278.0,,WPP,EXACT,0.0
SVK,2016,population_un_wpp2024,5427259.0,,,evidence/api/UN_WPP2024_demographic_indicators_compact.xlsx,5427259.0,,WPP,EXACT,0.0
SVK,2017,population_un_wpp2024,5435700.0,,,evidence/api/UN_WPP2024_demographic_indicators_compact.xlsx,5435700.0,,WPP,EXACT,0.0
SVK,2018,population_un_wpp2024,5443232.0,,,evidence/api/UN_WPP2024_demographic_indicators_compact.xlsx,5443232.0,,WPP,EXACT,0.0
SVK,2019,population_un_wpp2024,5450626.0,,,evidence/api/UN_WPP2024_demographic_indicators_compact.xlsx,5450626.0,,WPP,EXACT,0.0
SVK,2020,population_un_wpp2024,5455024.0,,,evidence/api/UN_WPP2024_demographic_indicators_compact.xlsx,5455024.0,,WPP,EXACT,0.0
SVK,2021,population_un_wpp2024,5442759.0,,,evidence/api/UN_WPP2024_demographic_indicators_compact.xlsx,5442759.0,,WPP,EXACT,0.0
SVK,2022,population_un_wpp2024,5473197.0,,,evidence/api/UN_WPP2024_demographic_indicators_compact.xlsx,5473197.0,,WPP,EXACT,0.0
SVN,2001,population_un_wpp2024,1989679.0,,,evidence/api/UN_WPP2024_demographic_indicators_compact.xlsx,1989679.0,,WPP,EXACT,0.0
SVN,2002,population_un_wpp2024,1991572.0,,,evidence/api/UN_WPP2024_demographic_indicators_compact.xlsx,1991572.0,,WPP,EXACT,0.0
SVN,2003,population_un_wpp2024,1992490.0,,,evidence/api/UN_WPP2024_demographic_indicators_compact.xlsx,1992490.0,,WPP,EXACT,0.0
SVN,2004,population_un_wpp2024,1993545.0,,,evidence/api/UN_WPP2024_demographic_indicators_compact.xlsx,1993545.0,,WPP,EXACT,0.0
SVN,2005,population_un_wpp2024,1996914.0,,,evidence/api/UN_WPP2024_demographic_indicators_compact.xlsx,1996914.0,,WPP,EXACT,0.0
SVN,2006,population_un_wpp2024,2003114.0,,,evidence/api/UN_WPP2024_demographic_indicators_compact.xlsx,2003114.0,,WPP,EXACT,0.0
SVN,2007,population_un_wpp2024,2014158.0,,,evidence/api/UN_WPP2024_demographic_indicators_compact.xlsx,2014158.0,,WPP,EXACT,0.0
SVN,2008,population_un_wpp2024,2025085.0,,,evidence/api/UN_WPP2024_demographic_indicators_compact.xlsx,2025085.0,,WPP,EXACT,0.0
SVN,2009,population_un_wpp2024,2035608.0,,,evidence/api/UN_WPP2024_demographic_indicators_compact.xlsx,2035608.0,,WPP,EXACT,0.0
SVN,2010,population_un_wpp2024,2044612.0,,,evidence/api/UN_WPP2024_demographic_indicators_compact.xlsx,2044612.0,,WPP,EXACT,0.0
SVN,2011,population_un_wpp2024,2048804.0,,,evidence/api/UN_WPP2024_demographic_indicators_compact.xlsx,2048804.0,,WPP,EXACT,0.0
SVN,2012,population_un_wpp2024,2053321.0,,,evidence/api/UN_WPP2024_demographic_indicators_compact.xlsx,2053321.0,,WPP,EXACT,0.0
SVN,2013,population_un_wpp2024,2056441.0,,,evidence/api/UN_WPP2024_demographic_indicators_compact.xlsx,2056440.9999999998,,WPP,EXACT,2.3283064365386963e-10
SVN,2014,population_un_wpp2024,2058401.0,,,evidence/api/UN_WPP2024_demographic_indicators_compact.xlsx,2058400.9999999998,,WPP,EXACT,2.3283064365386963e-10
SVN,2015,population_un_wpp2024,2059947.0,,,evidence/api/UN_WPP2024_demographic_indicators_compact.xlsx,2059947.0,,WPP,EXACT,0.0
SVN,2016,population_un_wpp2024,2061373.0,,,evidence/api/UN_WPP2024_demographic_indicators_compact.xlsx,2061373.0,,WPP,EXACT,0.0
SVN,2017,population_un_wpp2024,2062410.0,,,evidence/api/UN_WPP2024_demographic_indicators_compact.xlsx,2062409.9999999998,,WPP,EXACT,2.3283064365386963e-10
SVN,2018,population_un_wpp2024,2069481.0,,,evidence/api/UN_WPP2024_demographic_indicators_compact.xlsx,2069481.0000000002,,WPP,EXACT,-2.3283064365386963e-10
SVN,2019,population_un_wpp2024,2083439.0,,,evidence/api/UN_WPP2024_demographic_indicators_compact.xlsx,2083438.9999999998,,WPP,EXACT,2.3283064365386963e-10
SVN,2020,population_un_wpp2024,2102419.0,,,evidence/api/UN_WPP2024_demographic_indicators_compact.xlsx,2102419.0,,WPP,EXACT,0.0
SVN,2021,population_un_wpp2024,2113494.0,,,evidence/api/UN_WPP2024_demographic_indicators_compact.xlsx,2113494.0,,WPP,EXACT,0.0
SVN,2022,population_un_wpp2024,2115228.0,,,evidence/api/UN_WPP2024_demographic_indicators_compact.xlsx,2115228.0,,WPP,EXACT,0.0
ZAF,2001,population_un_wpp2024,47566800.0,,,evidence/api/UN_WPP2024_demographic_indicators_compact.xlsx,47566800.0,,WPP,EXACT,0.0
ZAF,2002,population_un_wpp2024,48019415.0,,,evidence/api/UN_WPP2024_demographic_indicators_compact.xlsx,48019415.0,,WPP,EXACT,0.0
ZAF,2003,population_un_wpp2024,48500348.0,,,evidence/api/UN_WPP2024_demographic_indicators_compact.xlsx,48500348.0,,WPP,EXACT,0.0
ZAF,2004,population_un_wpp2024,48991421.0,,,evidence/api/UN_WPP2024_demographic_indicators_compact.xlsx,48991421.0,,WPP,EXACT,0.0
ZAF,2005,population_un_wpp2024,49490033.0,,,evidence/api/UN_WPP2024_demographic_indicators_compact.xlsx,49490033.0,,WPP,EXACT,0.0
ZAF,2006,population_un_wpp2024,49998277.0,,,evidence/api/UN_WPP2024_demographic_indicators_compact.xlsx,49998277.0,,WPP,EXACT,0.0
ZAF,2007,population_un_wpp2024,50528584.0,,,evidence/api/UN_WPP2024_demographic_indicators_compact.xlsx,50528584.0,,WPP,EXACT,0.0
ZAF,2008,population_un_wpp2024,51114599.0,,,evidence/api/UN_WPP2024_demographic_indicators_compact.xlsx,51114599.0,,WPP,EXACT,0.0
ZAF,2009,population_un_wpp2024,51728516.0,,,evidence/api/UN_WPP2024_demographic_indicators_compact.xlsx,51728516.0,,WPP,EXACT,0.0
ZAF,2010,population_un_wpp2024,52344051.0,,,evidence/api/UN_WPP2024_demographic_indicators_compact.xlsx,52344051.0,,WPP,EXACT,0.0
ZAF,2011,population_un_wpp2024,52995205.0,,,evidence/api/UN_WPP2024_demographic_indicators_compact.xlsx,52995205.0,,WPP,EXACT,0.0
ZAF,2012,population_un_wpp2024,53782567.0,,,evidence/api/UN_WPP2024_demographic_indicators_compact.xlsx,53782567.0,,WPP,EXACT,0.0
ZAF,2013,population_un_wpp2024,54678791.0,,,evidence/api/UN_WPP2024_demographic_indicators_compact.xlsx,54678791.0,,WPP,EXACT,0.0
ZAF,2014,population_un_wpp2024,55594838.0,,,evidence/api/UN_WPP2024_demographic_indicators_compact.xlsx,55594838.0,,WPP,EXACT,0.0
ZAF,2015,population_un_wpp2024,56723537.0,,,evidence/api/UN_WPP2024_demographic_indicators_compact.xlsx,56723537.0,,WPP,EXACT,0.0
ZAF,2016,population_un_wpp2024,57259551.0,,,evidence/api/UN_WPP2024_demographic_indicators_compact.xlsx,57259551.0,,WPP,EXACT,0.0
ZAF,2017,population_un_wpp2024,57635162.0,,,evidence/api/UN_WPP2024_demographic_indicators_compact.xlsx,57635162.0,,WPP,EXACT,0.0
ZAF,2018,population_un_wpp2024,58613001.0,,,evidence/api/UN_WPP2024_demographic_indicators_compact.xlsx,58613001.0,,WPP,EXACT,0.0
ZAF,2019,population_un_wpp2024,59587885.0,,,evidence/api/UN_WPP2024_demographic_indicators_compact.xlsx,59587885.0,,WPP,EXACT,0.0
ZAF,2020,population_un_wpp2024,60562381.0,,,evidence/api/UN_WPP2024_demographic_indicators_compact.xlsx,60562381.0,,WPP,EXACT,0.0
ZAF,2021,population_un_wpp2024,61502603.0,,,evidence/api/UN_WPP2024_demographic_indicators_compact.xlsx,61502603.0,,WPP,EXACT,0.0
ZAF,2022,population_un_wpp2024,62378410.0,,,evidence/api/UN_WPP2024_demographic_indicators_compact.xlsx,62378410.0,,WPP,EXACT,0.0
ESP,2001,population_un_wpp2024,41245599.0,,,evidence/api/UN_WPP2024_demographic_indicators_compact.xlsx,41245599.0,,WPP,EXACT,0.0
ESP,2002,population_un_wpp2024,41755704.0,,,evidence/api/UN_WPP2024_demographic_indicators_compact.xlsx,41755704.0,,WPP,EXACT,0.0
ESP,2003,population_un_wpp2024,42506543.0,,,evidence/api/UN_WPP2024_demographic_indicators_compact.xlsx,42506543.0,,WPP,EXACT,0.0
ESP,2004,population_un_wpp2024,43234566.0,,,evidence/api/UN_WPP2024_demographic_indicators_compact.xlsx,43234566.0,,WPP,EXACT,0.0
ESP,2005,population_un_wpp2024,43958885.0,,,evidence/api/UN_WPP2024_demographic_indicators_compact.xlsx,43958885.0,,WPP,EXACT,0.0
ESP,2006,population_un_wpp2024,44695448.0,,,evidence/api/UN_WPP2024_demographic_indicators_compact.xlsx,44695448.0,,WPP,EXACT,0.0
ESP,2007,population_un_wpp2024,45516507.0,,,evidence/api/UN_WPP2024_demographic_indicators_compact.xlsx,45516507.0,,WPP,EXACT,0.0
ESP,2008,population_un_wpp2024,46235054.0,,,evidence/api/UN_WPP2024_demographic_indicators_compact.xlsx,46235054.0,,WPP,EXACT,0.0
ESP,2009,population_un_wpp2024,46635180.0,,,evidence/api/UN_WPP2024_demographic_indicators_compact.xlsx,46635180.0,,WPP,EXACT,0.0
ESP,2010,population_un_wpp2024,46840471.0,,,evidence/api/UN_WPP2024_demographic_indicators_compact.xlsx,46840471.0,,WPP,EXACT,0.0
ESP,2011,population_un_wpp2024,46998043.0,,,evidence/api/UN_WPP2024_demographic_indicators_compact.xlsx,46998043.0,,WPP,EXACT,0.0
ESP,2012,population_un_wpp2024,47018323.0,,,evidence/api/UN_WPP2024_demographic_indicators_compact.xlsx,47018323.0,,WPP,EXACT,0.0
ESP,2013,population_un_wpp2024,46860389.0,,,evidence/api/UN_WPP2024_demographic_indicators_compact.xlsx,46860389.0,,WPP,EXACT,0.0
ESP,2014,population_un_wpp2024,46720188.0,,,evidence/api/UN_WPP2024_demographic_indicators_compact.xlsx,46720188.0,,WPP,EXACT,0.0
ESP,2015,population_un_wpp2024,46683686.0,,,evidence/api/UN_WPP2024_demographic_indicators_compact.xlsx,46683686.0,,WPP,EXACT,0.0
ESP,2016,population_un_wpp2024,46732771.0,,,evidence/api/UN_WPP2024_demographic_indicators_compact.xlsx,46732771.0,,WPP,EXACT,0.0
ESP,2017,population_un_wpp2024,46868596.0,,,evidence/api/UN_WPP2024_demographic_indicators_compact.xlsx,46868596.0,,WPP,EXACT,0.0
ESP,2018,population_un_wpp2024,47092821.0,,,evidence/api/UN_WPP2024_demographic_indicators_compact.xlsx,47092821.0,,WPP,EXACT,0.0
ESP,2019,population_un_wpp2024,47435119.0,,,evidence/api/UN_WPP2024_demographic_indicators_compact.xlsx,47435119.0,,WPP,EXACT,0.0
ESP,2020,population_un_wpp2024,47679489.0,,,evidence/api/UN_WPP2024_demographic_indicators_compact.xlsx,47679489.0,,WPP,EXACT,0.0
ESP,2021,population_un_wpp2024,47735664.0,,,evidence/api/UN_WPP2024_demographic_indicators_compact.xlsx,47735664.0,,WPP,EXACT,0.0
ESP,2022,population_un_wpp2024,47828382.0,,,evidence/api/UN_WPP2024_demographic_indicators_compact.xlsx,47828382.0,,WPP,EXACT,0.0
SUR,2001,population_un_wpp2024,486560.0,,,evidence/api/UN_WPP2024_demographic_indicators_compact.xlsx,486560.0,,WPP,EXACT,0.0
SUR,2002,population_un_wpp2024,496551.0,,,evidence/api/UN_WPP2024_demographic_indicators_compact.xlsx,496551.0,,WPP,EXACT,0.0
SUR,2003,population_un_wpp2024,506414.0,,,evidence/api/UN_WPP2024_demographic_indicators_compact.xlsx,506414.0,,WPP,EXACT,0.0
SUR,2004,population_un_wpp2024,513923.0,,,evidence/api/UN_WPP2024_demographic_indicators_compact.xlsx,513923.0,,WPP,EXACT,0.0
SUR,2005,population_un_wpp2024,519313.0,,,evidence/api/UN_WPP2024_demographic_indicators_compact.xlsx,519313.0,,WPP,EXACT,0.0
SUR,2006,population_un_wpp2024,524997.0,,,evidence/api/UN_WPP2024_demographic_indicators_compact.xlsx,524997.0,,WPP,EXACT,0.0
SUR,2007,population_un_wpp2024,531016.0,,,evidence/api/UN_WPP2024_demographic_indicators_compact.xlsx,531016.0,,WPP,EXACT,0.0
SUR,2008,population_un_wpp2024,537245.0,,,evidence/api/UN_WPP2024_demographic_indicators_compact.xlsx,537245.0,,WPP,EXACT,0.0
SUR,2009,population_un_wpp2024,543568.0,,,evidence/api/UN_WPP2024_demographic_indicators_compact.xlsx,543568.0,,WPP,EXACT,0.0
SUR,2010,population_un_wpp2024,549923.0,,,evidence/api/UN_WPP2024_demographic_indicators_compact.xlsx,549923.0,,WPP,EXACT,0.0
SUR,2011,population_un_wpp2024,556269.0,,,evidence/api/UN_WPP2024_demographic_indicators_compact.xlsx,556269.0,,WPP,EXACT,0.0
SUR,2012,population_un_wpp2024,562633.0,,,evidence/api/UN_WPP2024_demographic_indicators_compact.xlsx,562633.0,,WPP,EXACT,0.0
SUR,2013,population_un_wpp2024,569020.0,,,evidence/api/UN_WPP2024_demographic_indicators_compact.xlsx,569020.0,,WPP,EXACT,0.0
SUR,2014,population_un_wpp2024,575373.0,,,evidence/api/UN_WPP2024_demographic_indicators_compact.xlsx,575373.0,,WPP,EXACT,0.0
SUR,2015,population_un_wpp2024,581627.0,,,evidence/api/UN_WPP2024_demographic_indicators_compact.xlsx,581627.0,,WPP,EXACT,0.0
SUR,2016,population_un_wpp2024,587757.0,,,evidence/api/UN_WPP2024_demographic_indicators_compact.xlsx,587757.0,,WPP,EXACT,0.0
SUR,2017,population_un_wpp2024,593713.0,,,evidence/api/UN_WPP2024_demographic_indicators_compact.xlsx,593713.0,,WPP,EXACT,0.0
SUR,2018,population_un_wpp2024,599513.0,,,evidence/api/UN_WPP2024_demographic_indicators_compact.xlsx,599513.0,,WPP,EXACT,0.0
SUR,2019,population_un_wpp2024,605768.0,,,evidence/api/UN_WPP2024_demographic_indicators_compact.xlsx,605768.0,,WPP,EXACT,0.0
SUR,2020,population_un_wpp2024,612317.0,,,evidence/api/UN_WPP2024_demographic_indicators_compact.xlsx,612317.0,,WPP,EXACT,0.0
SUR,2021,population_un_wpp2024,617896.0,,,evidence/api/UN_WPP2024_demographic_indicators_compact.xlsx,617896.0,,WPP,EXACT,0.0
SUR,2022,population_un_wpp2024,623164.0,,,evidence/api/UN_WPP2024_demographic_indicators_compact.xlsx,623164.0,,WPP,EXACT,0.0
SWE,2001,population_un_wpp2024,8896022.0,,,evidence/api/UN_WPP2024_demographic_indicators_compact.xlsx,8896022.0,,WPP,EXACT,0.0
SWE,2002,population_un_wpp2024,8925047.0,,,evidence/api/UN_WPP2024_demographic_indicators_compact.xlsx,8925047.0,,WPP,EXACT,0.0
SWE,2003,population_un_wpp2024,8958431.0,,,evidence/api/UN_WPP2024_demographic_indicators_compact.xlsx,8958431.0,,WPP,EXACT,0.0
SWE,2004,population_un_wpp2024,8993808.0,,,evidence/api/UN_WPP2024_demographic_indicators_compact.xlsx,8993808.0,,WPP,EXACT,0.0
SWE,2005,population_un_wpp2024,9029771.0,,,evidence/api/UN_WPP2024_demographic_indicators_compact.xlsx,9029771.0,,WPP,EXACT,0.0
SWE,2006,population_un_wpp2024,9080623.0,,,evidence/api/UN_WPP2024_demographic_indicators_compact.xlsx,9080623.0,,WPP,EXACT,0.0
SWE,2007,population_un_wpp2024,9148274.0,,,evidence/api/UN_WPP2024_demographic_indicators_compact.xlsx,9148274.0,,WPP,EXACT,0.0
SWE,2008,population_un_wpp2024,9219900.0,,,evidence/api/UN_WPP2024_demographic_indicators_compact.xlsx,9219900.0,,WPP,EXACT,0.0
SWE,2009,population_un_wpp2024,9298740.0,,,evidence/api/UN_WPP2024_demographic_indicators_compact.xlsx,9298740.0,,WPP,EXACT,0.0
SWE,2010,population_un_wpp2024,9378232.0,,,evidence/api/UN_WPP2024_demographic_indicators_compact.xlsx,9378232.0,,WPP,EXACT,0.0
SWE,2011,population_un_wpp2024,9449259.0,,,evidence/api/UN_WPP2024_demographic_indicators_compact.xlsx,9449259.0,,WPP,EXACT,0.0
SWE,2012,population_un_wpp2024,9519487.0,,,evidence/api/UN_WPP2024_demographic_indicators_compact.xlsx,9519487.0,,WPP,EXACT,0.0
SWE,2013,population_un_wpp2024,9600620.0,,,evidence/api/UN_WPP2024_demographic_indicators_compact.xlsx,9600620.0,,WPP,EXACT,0.0
SWE,2014,population_un_wpp2024,9696433.0,,,evidence/api/UN_WPP2024_demographic_indicators_compact.xlsx,9696433.0,,WPP,EXACT,0.0
SWE,2015,population_un_wpp2024,9799481.0,,,evidence/api/UN_WPP2024_demographic_indicators_compact.xlsx,9799481.0,,WPP,EXACT,0.0
SWE,2016,population_un_wpp2024,9923280.0,,,evidence/api/UN_WPP2024_demographic_indicators_compact.xlsx,9923280.0,,WPP,EXACT,0.0
SWE,2017,population_un_wpp2024,10057862.0,,,evidence/api/UN_WPP2024_demographic_indicators_compact.xlsx,10057862.0,,WPP,EXACT,0.0
SWE,2018,population_un_wpp2024,10175405.0,,,evidence/api/UN_WPP2024_demographic_indicators_compact.xlsx,10175405.0,,WPP,EXACT,0.0
SWE,2019,population_un_wpp2024,10279125.0,,,evidence/api/UN_WPP2024_demographic_indicators_compact.xlsx,10279125.0,,WPP,EXACT,0.0
SWE,2020,population_un_wpp2024,10353686.0,,,evidence/api/UN_WPP2024_demographic_indicators_compact.xlsx,10353686.0,,WPP,EXACT,0.0
SWE,2021,population_un_wpp2024,10416131.0,,,evidence/api/UN_WPP2024_demographic_indicators_compact.xlsx,10416131.0,,WPP,EXACT,0.0
SWE,2022,population_un_wpp2024,10487338.0,,,evidence/api/UN_WPP2024_demographic_indicators_compact.xlsx,10487338.0,,WPP,EXACT,0.0
CHE,2001,population_un_wpp2024,7226391.0,,,evidence/api/UN_WPP2024_demographic_indicators_compact.xlsx,7226391.0,,WPP,EXACT,0.0
CHE,2002,population_un_wpp2024,7278752.0,,,evidence/api/UN_WPP2024_demographic_indicators_compact.xlsx,7278752.0,,WPP,EXACT,0.0
CHE,2003,population_un_wpp2024,7333447.0,,,evidence/api/UN_WPP2024_demographic_indicators_compact.xlsx,7333447.0,,WPP,EXACT,0.0
CHE,2004,population_un_wpp2024,7384194.0,,,evidence/api/UN_WPP2024_demographic_indicators_compact.xlsx,7384194.0,,WPP,EXACT,0.0
CHE,2005,population_un_wpp2024,7431823.0,,,evidence/api/UN_WPP2024_demographic_indicators_compact.xlsx,7431823.0,,WPP,EXACT,0.0
CHE,2006,population_un_wpp2024,7478509.0,,,evidence/api/UN_WPP2024_demographic_indicators_compact.xlsx,7478509.0,,WPP,EXACT,0.0
CHE,2007,population_un_wpp2024,7545381.0,,,evidence/api/UN_WPP2024_demographic_indicators_compact.xlsx,7545381.0,,WPP,EXACT,0.0
CHE,2008,population_un_wpp2024,7641728.0,,,evidence/api/UN_WPP2024_demographic_indicators_compact.xlsx,7641728.0,,WPP,EXACT,0.0
CHE,2009,population_un_wpp2024,7737645.0,,,evidence/api/UN_WPP2024_demographic_indicators_compact.xlsx,7737645.0,,WPP,EXACT,0.0
CHE,2010,population_un_wpp2024,7825753.0,,,evidence/api/UN_WPP2024_demographic_indicators_compact.xlsx,7825753.0,,WPP,EXACT,0.0
CHE,2011,population_un_wpp2024,7914372.0,,,evidence/api/UN_WPP2024_demographic_indicators_compact.xlsx,7914372.0,,WPP,EXACT,0.0
CHE,2012,population_un_wpp2024,7998926.0,,,evidence/api/UN_WPP2024_demographic_indicators_compact.xlsx,7998926.0,,WPP,EXACT,0.0
CHE,2013,population_un_wpp2024,8091202.0,,,evidence/api/UN_WPP2024_demographic_indicators_compact.xlsx,8091202.0,,WPP,EXACT,0.0
CHE,2014,population_un_wpp2024,8190235.0,,,evidence/api/UN_WPP2024_demographic_indicators_compact.xlsx,8190235.0,,WPP,EXACT,0.0
CHE,2015,population_un_wpp2024,8283934.0,,,evidence/api/UN_WPP2024_demographic_indicators_compact.xlsx,8283933.999999999,,WPP,EXACT,9.313225746154785e-10
CHE,2016,population_un_wpp2024,8374901.0,,,evidence/api/UN_WPP2024_demographic_indicators_compact.xlsx,8374901.0,,WPP,EXACT,0.0
CHE,2017,population_un_wpp2024,8453628.0,,,evidence/api/UN_WPP2024_demographic_indicators_compact.xlsx,8453628.0,,WPP,EXACT,0.0
CHE,2018,population_un_wpp2024,8516344.0,,,evidence/api/UN_WPP2024_demographic_indicators_compact.xlsx,8516344.0,,WPP,EXACT,0.0
CHE,2019,population_un_wpp2024,8577524.0,,,evidence/api/UN_WPP2024_demographic_indicators_compact.xlsx,8577524.0,,WPP,EXACT,0.0
CHE,2020,population_un_wpp2024,8640582.0,,,evidence/api/UN_WPP2024_demographic_indicators_compact.xlsx,8640582.0,,WPP,EXACT,0.0
CHE,2021,population_un_wpp2024,8707023.0,,,evidence/api/UN_WPP2024_demographic_indicators_compact.xlsx,8707023.0,,WPP,EXACT,0.0
CHE,2022,population_un_wpp2024,8792182.0,,,evidence/api/UN_WPP2024_demographic_indicators_compact.xlsx,8792182.0,,WPP,EXACT,0.0
TWN,2001,population_un_wpp2024,22446257.0,,,evidence/api/UN_WPP2024_demographic_indicators_compact.xlsx,22446257.0,,WPP,EXACT,0.0
TWN,2002,population_un_wpp2024,22566901.0,,,evidence/api/UN_WPP2024_demographic_indicators_compact.xlsx,22566901.0,,WPP,EXACT,0.0
TWN,2003,population_un_wpp2024,22664125.0,,,evidence/api/UN_WPP2024_demographic_indicators_compact.xlsx,22664125.0,,WPP,EXACT,0.0
TWN,2004,population_un_wpp2024,22745431.0,,,evidence/api/UN_WPP2024_demographic_indicators_compact.xlsx,22745431.0,,WPP,EXACT,0.0
TWN,2005,population_un_wpp2024,22824931.0,,,evidence/api/UN_WPP2024_demographic_indicators_compact.xlsx,22824931.0,,WPP,EXACT,0.0
TWN,2006,population_un_wpp2024,22914634.0,,,evidence/api/UN_WPP2024_demographic_indicators_compact.xlsx,22914634.0,,WPP,EXACT,0.0
TWN,2007,population_un_wpp2024,23006924.0,,,evidence/api/UN_WPP2024_demographic_indicators_compact.xlsx,23006924.0,,WPP,EXACT,0.0
TWN,2008,population_un_wpp2024,23086239.0,,,evidence/api/UN_WPP2024_demographic_indicators_compact.xlsx,23086239.0,,WPP,EXACT,0.0
TWN,2009,population_un_wpp2024,23164361.0,,,evidence/api/UN_WPP2024_demographic_indicators_compact.xlsx,23164361.0,,WPP,EXACT,0.0
TWN,2010,population_un_wpp2024,23224049.0,,,evidence/api/UN_WPP2024_demographic_indicators_compact.xlsx,23224049.0,,WPP,EXACT,0.0
TWN,2011,population_un_wpp2024,23273076.0,,,evidence/api/UN_WPP2024_demographic_indicators_compact.xlsx,23273076.0,,WPP,EXACT,0.0
TWN,2012,population_un_wpp2024,23345961.0,,,evidence/api/UN_WPP2024_demographic_indicators_compact.xlsx,23345961.0,,WPP,EXACT,0.0
TWN,2013,population_un_wpp2024,23416875.0,,,evidence/api/UN_WPP2024_demographic_indicators_compact.xlsx,23416875.0,,WPP,EXACT,0.0
TWN,2014,population_un_wpp2024,23472816.0,,,evidence/api/UN_WPP2024_demographic_indicators_compact.xlsx,23472816.0,,WPP,EXACT,0.0
TWN,2015,population_un_wpp2024,23529254.0,,,evidence/api/UN_WPP2024_demographic_indicators_compact.xlsx,23529254.0,,WPP,EXACT,0.0
TWN,2016,population_un_wpp2024,23586143.0,,,evidence/api/UN_WPP2024_demographic_indicators_compact.xlsx,23586143.0,,WPP,EXACT,0.0
TWN,2017,population_un_wpp2024,23632948.0,,,evidence/api/UN_WPP2024_demographic_indicators_compact.xlsx,23632948.0,,WPP,EXACT,0.0
TWN,2018,population_un_wpp2024,23659305.0,,,evidence/api/UN_WPP2024_demographic_indicators_compact.xlsx,23659305.0,,WPP,EXACT,0.0
TWN,2019,population_un_wpp2024,23674138.0,,,evidence/api/UN_WPP2024_demographic_indicators_compact.xlsx,23674138.0,,WPP,EXACT,0.0
TWN,2020,population_un_wpp2024,23663459.0,,,evidence/api/UN_WPP2024_demographic_indicators_compact.xlsx,23663459.0,,WPP,EXACT,0.0
TWN,2021,population_un_wpp2024,23558333.0,,,evidence/api/UN_WPP2024_demographic_indicators_compact.xlsx,23558333.0,,WPP,EXACT,0.0
TWN,2022,population_un_wpp2024,23420111.0,,,evidence/api/UN_WPP2024_demographic_indicators_compact.xlsx,23420111.0,,WPP,EXACT,0.0
THA,2001,population_un_wpp2024,63651141.0,,,evidence/api/UN_WPP2024_demographic_indicators_compact.xlsx,63651141.0,,WPP,EXACT,0.0
THA,2002,population_un_wpp2024,64266437.0,,,evidence/api/UN_WPP2024_demographic_indicators_compact.xlsx,64266437.0,,WPP,EXACT,0.0
THA,2003,population_un_wpp2024,64868166.0,,,evidence/api/UN_WPP2024_demographic_indicators_compact.xlsx,64868166.0,,WPP,EXACT,0.0
THA,2004,population_un_wpp2024,65452047.0,,,evidence/api/UN_WPP2024_demographic_indicators_compact.xlsx,65452047.0,,WPP,EXACT,0.0
THA,2005,population_un_wpp2024,66017420.0,,,evidence/api/UN_WPP2024_demographic_indicators_compact.xlsx,66017420.0,,WPP,EXACT,0.0
THA,2006,population_un_wpp2024,66567687.0,,,evidence/api/UN_WPP2024_demographic_indicators_compact.xlsx,66567687.00000001,,WPP,EXACT,-7.450580596923828e-09
THA,2007,population_un_wpp2024,67102394.0,,,evidence/api/UN_WPP2024_demographic_indicators_compact.xlsx,67102394.0,,WPP,EXACT,0.0
THA,2008,population_un_wpp2024,67619830.0,,,evidence/api/UN_WPP2024_demographic_indicators_compact.xlsx,67619830.0,,WPP,EXACT,0.0
THA,2009,population_un_wpp2024,68121080.0,,,evidence/api/UN_WPP2024_demographic_indicators_compact.xlsx,68121080.0,,WPP,EXACT,0.0
THA,2010,population_un_wpp2024,68579447.0,,,evidence/api/UN_WPP2024_demographic_indicators_compact.xlsx,68579447.0,,WPP,EXACT,0.0
THA,2011,population_un_wpp2024,69007208.0,,,evidence/api/UN_WPP2024_demographic_indicators_compact.xlsx,69007208.0,,WPP,EXACT,0.0
THA,2012,population_un_wpp2024,69436098.0,,,evidence/api/UN_WPP2024_demographic_indicators_compact.xlsx,69436098.0,,WPP,EXACT,0.0
THA,2013,population_un_wpp2024,69845114.0,,,evidence/api/UN_WPP2024_demographic_indicators_compact.xlsx,69845114.0,,WPP,EXACT,0.0
THA,2014,population_un_wpp2024,70216367.0,,,evidence/api/UN_WPP2024_demographic_indicators_compact.xlsx,70216367.0,,WPP,EXACT,0.0
THA,2015,population_un_wpp2024,70540795.0,,,evidence/api/UN_WPP2024_demographic_indicators_compact.xlsx,70540795.0,,WPP,EXACT,0.0
THA,2016,population_un_wpp2024,70859841.0,,,evidence/api/UN_WPP2024_demographic_indicators_compact.xlsx,70859841.0,,WPP,EXACT,0.0
THA,2017,population_un_wpp2024,71160187.0,,,evidence/api/UN_WPP2024_demographic_indicators_compact.xlsx,71160187.0,,WPP,EXACT,0.0
THA,2018,population_un_wpp2024,71376079.0,,,evidence/api/UN_WPP2024_demographic_indicators_compact.xlsx,71376079.0,,WPP,EXACT,0.0
THA,2019,population_un_wpp2024,71522271.0,,,evidence/api/UN_WPP2024_demographic_indicators_compact.xlsx,71522271.0,,WPP,EXACT,0.0
THA,2020,population_un_wpp2024,71641484.0,,,evidence/api/UN_WPP2024_demographic_indicators_compact.xlsx,71641484.0,,WPP,EXACT,0.0
THA,2021,population_un_wpp2024,71727332.0,,,evidence/api/UN_WPP2024_demographic_indicators_compact.xlsx,71727332.0,,WPP,EXACT,0.0
THA,2022,population_un_wpp2024,71735329.0,,,evidence/api/UN_WPP2024_demographic_indicators_compact.xlsx,71735329.0,,WPP,EXACT,0.0
TUR,2001,population_un_wpp2024,66245128.0,,,evidence/api/UN_WPP2024_demographic_indicators_compact.xlsx,66245128.0,,WPP,EXACT,0.0
TUR,2002,population_un_wpp2024,67048795.0,,,evidence/api/UN_WPP2024_demographic_indicators_compact.xlsx,67048795.0,,WPP,EXACT,0.0
TUR,2003,population_un_wpp2024,67831730.0,,,evidence/api/UN_WPP2024_demographic_indicators_compact.xlsx,67831730.0,,WPP,EXACT,0.0
TUR,2004,population_un_wpp2024,68592617.0,,,evidence/api/UN_WPP2024_demographic_indicators_compact.xlsx,68592617.0,,WPP,EXACT,0.0
TUR,2005,population_un_wpp2024,69329557.0,,,evidence/api/UN_WPP2024_demographic_indicators_compact.xlsx,69329557.0,,WPP,EXACT,0.0
TUR,2006,population_un_wpp2024,70045349.0,,,evidence/api/UN_WPP2024_demographic_indicators_compact.xlsx,70045349.0,,WPP,EXACT,0.0
TUR,2007,population_un_wpp2024,70750586.0,,,evidence/api/UN_WPP2024_demographic_indicators_compact.xlsx,70750586.0,,WPP,EXACT,0.0
TUR,2008,population_un_wpp2024,71562338.0,,,evidence/api/UN_WPP2024_demographic_indicators_compact.xlsx,71562338.0,,WPP,EXACT,0.0
TUR,2009,population_un_wpp2024,72464848.0,,,evidence/api/UN_WPP2024_demographic_indicators_compact.xlsx,72464848.0,,WPP,EXACT,0.0
TUR,2010,population_un_wpp2024,73346769.0,,,evidence/api/UN_WPP2024_demographic_indicators_compact.xlsx,73346769.0,,WPP,EXACT,0.0
TUR,2011,population_un_wpp2024,74215203.0,,,evidence/api/UN_WPP2024_demographic_indicators_compact.xlsx,74215203.0,,WPP,EXACT,0.0
TUR,2012,population_un_wpp2024,75197198.0,,,evidence/api/UN_WPP2024_demographic_indicators_compact.xlsx,75197198.0,,WPP,EXACT,0.0
TUR,2013,population_un_wpp2024,76403031.0,,,evidence/api/UN_WPP2024_demographic_indicators_compact.xlsx,76403031.0,,WPP,EXACT,0.0
TUR,2014,population_un_wpp2024,78036154.0,,,evidence/api/UN_WPP2024_demographic_indicators_compact.xlsx,78036154.0,,WPP,EXACT,0.0
TUR,2015,population_un_wpp2024,80014226.0,,,evidence/api/UN_WPP2024_demographic_indicators_compact.xlsx,80014226.0,,WPP,EXACT,0.0
TUR,2016,population_un_wpp2024,81652088.0,,,evidence/api/UN_WPP2024_demographic_indicators_compact.xlsx,81652088.0,,WPP,EXACT,0.0
TUR,2017,population_un_wpp2024,83083662.0,,,evidence/api/UN_WPP2024_demographic_indicators_compact.xlsx,83083662.0,,WPP,EXACT,0.0
TUR,2018,population_un_wpp2024,84415969.0,,,evidence/api/UN_WPP2024_demographic_indicators_compact.xlsx,84415969.0,,WPP,EXACT,0.0
TUR,2019,population_un_wpp2024,85357672.0,,,evidence/api/UN_WPP2024_demographic_indicators_compact.xlsx,85357672.0,,WPP,EXACT,0.0
TUR,2020,population_un_wpp2024,86091692.0,,,evidence/api/UN_WPP2024_demographic_indicators_compact.xlsx,86091692.0,,WPP,EXACT,0.0
TUR,2021,population_un_wpp2024,86686253.0,,,evidence/api/UN_WPP2024_demographic_indicators_compact.xlsx,86686253.0,,WPP,EXACT,0.0
TUR,2022,population_un_wpp2024,87058473.0,,,evidence/api/UN_WPP2024_demographic_indicators_compact.xlsx,87058473.0,,WPP,EXACT,0.0
GBR,2001,population_un_wpp2024,59288090.0,,,evidence/api/UN_WPP2024_demographic_indicators_compact.xlsx,59288090.0,,WPP,EXACT,0.0
GBR,2002,population_un_wpp2024,59540763.0,,,evidence/api/UN_WPP2024_demographic_indicators_compact.xlsx,59540763.0,,WPP,EXACT,0.0
GBR,2003,population_un_wpp2024,59820385.0,,,evidence/api/UN_WPP2024_demographic_indicators_compact.xlsx,59820385.0,,WPP,EXACT,0.0
GBR,2004,population_un_wpp2024,60169967.0,,,evidence/api/UN_WPP2024_demographic_indicators_compact.xlsx,60169967.0,,WPP,EXACT,0.0
GBR,2005,population_un_wpp2024,60596108.0,,,evidence/api/UN_WPP2024_demographic_indicators_compact.xlsx,60596108.0,,WPP,EXACT,0.0
GBR,2006,population_un_wpp2024,61051094.0,,,evidence/api/UN_WPP2024_demographic_indicators_compact.xlsx,61051094.0,,WPP,EXACT,0.0
GBR,2007,population_un_wpp2024,61535855.0,,,evidence/api/UN_WPP2024_demographic_indicators_compact.xlsx,61535855.0,,WPP,EXACT,0.0
GBR,2008,population_un_wpp2024,62027306.0,,,evidence/api/UN_WPP2024_demographic_indicators_compact.xlsx,62027306.0,,WPP,EXACT,0.0
GBR,2009,population_un_wpp2024,62506226.0,,,evidence/api/UN_WPP2024_demographic_indicators_compact.xlsx,62506226.0,,WPP,EXACT,0.0
GBR,2010,population_un_wpp2024,63006483.0,,,evidence/api/UN_WPP2024_demographic_indicators_compact.xlsx,63006483.0,,WPP,EXACT,0.0
GBR,2011,population_un_wpp2024,63509285.0,,,evidence/api/UN_WPP2024_demographic_indicators_compact.xlsx,63509285.0,,WPP,EXACT,0.0
GBR,2012,population_un_wpp2024,63960484.0,,,evidence/api/UN_WPP2024_demographic_indicators_compact.xlsx,63960484.0,,WPP,EXACT,0.0
GBR,2013,population_un_wpp2024,64389388.0,,,evidence/api/UN_WPP2024_demographic_indicators_compact.xlsx,64389388.0,,WPP,EXACT,0.0
GBR,2014,population_un_wpp2024,64865916.0,,,evidence/api/UN_WPP2024_demographic_indicators_compact.xlsx,64865916.0,,WPP,EXACT,0.0
GBR,2015,population_un_wpp2024,65382110.0,,,evidence/api/UN_WPP2024_demographic_indicators_compact.xlsx,65382110.0,,WPP,EXACT,0.0
GBR,2016,population_un_wpp2024,65893358.0,,,evidence/api/UN_WPP2024_demographic_indicators_compact.xlsx,65893357.99999999,,WPP,EXACT,7.450580596923828e-09
GBR,2017,population_un_wpp2024,66354471.0,,,evidence/api/UN_WPP2024_demographic_indicators_compact.xlsx,66354471.00000001,,WPP,EXACT,-7.450580596923828e-09
GBR,2018,population_un_wpp2024,66752475.0,,,evidence/api/UN_WPP2024_demographic_indicators_compact.xlsx,66752475.00000001,,WPP,EXACT,-7.450580596923828e-09
GBR,2019,population_un_wpp2024,67110958.0,,,evidence/api/UN_WPP2024_demographic_indicators_compact.xlsx,67110958.0,,WPP,EXACT,0.0
GBR,2020,population_un_wpp2024,67351861.0,,,evidence/api/UN_WPP2024_demographic_indicators_compact.xlsx,67351861.0,,WPP,EXACT,0.0
GBR,2021,population_un_wpp2024,67668792.0,,,evidence/api/UN_WPP2024_demographic_indicators_compact.xlsx,67668792.0,,WPP,EXACT,0.0
GBR,2022,population_un_wpp2024,68179315.0,,,evidence/api/UN_WPP2024_demographic_indicators_compact.xlsx,68179315.0,,WPP,EXACT,0.0
USA,2001,population_un_wpp2024,284279639.0,,,evidence/api/UN_WPP2024_demographic_indicators_compact.xlsx,284279639.0,,WPP,EXACT,0.0
USA,2002,population_un_wpp2024,287084338.0,,,evidence/api/UN_WPP2024_demographic_indicators_compact.xlsx,287084338.0,,WPP,EXACT,0.0
USA,2003,population_un_wpp2024,289908100.0,,,evidence/api/UN_WPP2024_demographic_indicators_compact.xlsx,289908100.0,,WPP,EXACT,0.0
USA,2004,population_un_wpp2024,292786253.0,,,evidence/api/UN_WPP2024_demographic_indicators_compact.xlsx,292786253.0,,WPP,EXACT,0.0
USA,2005,population_un_wpp2024,295716664.0,,,evidence/api/UN_WPP2024_demographic_indicators_compact.xlsx,295716664.0,,WPP,EXACT,0.0
USA,2006,population_un_wpp2024,298730209.0,,,evidence/api/UN_WPP2024_demographic_indicators_compact.xlsx,298730209.0,,WPP,EXACT,0.0
USA,2007,population_un_wpp2024,301844226.0,,,evidence/api/UN_WPP2024_demographic_indicators_compact.xlsx,301844226.0,,WPP,EXACT,0.0
USA,2008,population_un_wpp2024,304970333.0,,,evidence/api/UN_WPP2024_demographic_indicators_compact.xlsx,304970333.0,,WPP,EXACT,0.0
USA,2009,population_un_wpp2024,308023454.0,,,evidence/api/UN_WPP2024_demographic_indicators_compact.xlsx,308023454.0,,WPP,EXACT,0.0
USA,2010,population_un_wpp2024,311062790.0,,,evidence/api/UN_WPP2024_demographic_indicators_compact.xlsx,311062790.0,,WPP,EXACT,0.0
USA,2011,population_un_wpp2024,314105078.0,,,evidence/api/UN_WPP2024_demographic_indicators_compact.xlsx,314105078.0,,WPP,EXACT,0.0
USA,2012,population_un_wpp2024,317115355.0,,,evidence/api/UN_WPP2024_demographic_indicators_compact.xlsx,317115355.0,,WPP,EXACT,0.0
USA,2013,population_un_wpp2024,320110759.0,,,evidence/api/UN_WPP2024_demographic_indicators_compact.xlsx,320110759.0,,WPP,EXACT,0.0
USA,2014,population_un_wpp2024,323115377.0,,,evidence/api/UN_WPP2024_demographic_indicators_compact.xlsx,323115377.0,,WPP,EXACT,0.0
USA,2015,population_un_wpp2024,326126497.0,,,evidence/api/UN_WPP2024_demographic_indicators_compact.xlsx,326126497.0,,WPP,EXACT,0.0
USA,2016,population_un_wpp2024,329179427.0,,,evidence/api/UN_WPP2024_demographic_indicators_compact.xlsx,329179427.0,,WPP,EXACT,0.0
USA,2017,population_un_wpp2024,332204660.0,,,evidence/api/UN_WPP2024_demographic_indicators_compact.xlsx,332204660.0,,WPP,EXACT,0.0
USA,2018,population_un_wpp2024,335056497.0,,,evidence/api/UN_WPP2024_demographic_indicators_compact.xlsx,335056497.0,,WPP,EXACT,0.0
USA,2019,population_un_wpp2024,337790067.0,,,evidence/api/UN_WPP2024_demographic_indicators_compact.xlsx,337790067.0,,WPP,EXACT,0.0
USA,2020,population_un_wpp2024,339436159.0,,,evidence/api/UN_WPP2024_demographic_indicators_compact.xlsx,339436159.0,,WPP,EXACT,0.0
USA,2021,population_un_wpp2024,340161441.0,,,evidence/api/UN_WPP2024_demographic_indicators_compact.xlsx,340161441.0,,WPP,EXACT,0.0
USA,2022,population_un_wpp2024,341534046.0,,,evidence/api/UN_WPP2024_demographic_indicators_compact.xlsx,341534046.0,,WPP,EXACT,0.0
AUS,2001,foreign_born,4482120.0,A,"OECD International Migration Database (stocks of foreign-born population, measure B14)",evidence/api/oecd/OECD_B14_foreign-born_2001-2022_retrieved_2026-10-07.json,4482120.0,"{'OBS_STATUS': {'id': 'A', 'order': 0, 'name': 'Normal value', 'names': {'en': 'Normal value'}}, 'UNIT_MULT': {'id': '0', 'order': 0, 'name': 'Units', 'names': {'en': 'Units'}}, 'DECIMALS': {'id': '0', 'order': 0, 'name': 'Zero', 'names': {'en': 'Zero'}}}",OECD,EXACT,0.0
AUS,2002,foreign_born,4534510.0,A,"OECD International Migration Database (stocks of foreign-born population, measure B14)",evidence/api/oecd/OECD_B14_foreign-born_2001-2022_retrieved_2026-10-07.json,4534510.0,"{'OBS_STATUS': {'id': 'A', 'order': 0, 'name': 'Normal value', 'names': {'en': 'Normal value'}}, 'UNIT_MULT': {'id': '0', 'order': 0, 'name': 'Units', 'names': {'en': 'Units'}}, 'DECIMALS': {'id': '0', 'order': 0, 'name': 'Zero', 'names': {'en': 'Zero'}}}",OECD,EXACT,0.0
AUS,2003,foreign_born,4655610.0,A,"OECD International Migration Database (stocks of foreign-born population, measure B14)",evidence/api/oecd/OECD_B14_foreign-born_2001-2022_retrieved_2026-10-07.json,4655610.0,"{'OBS_STATUS': {'id': 'A', 'order': 0, 'name': 'Normal value', 'names': {'en': 'Normal value'}}, 'UNIT_MULT': {'id': '0', 'order': 0, 'name': 'Units', 'names': {'en': 'Units'}}, 'DECIMALS': {'id': '0', 'order': 0, 'name': 'Zero', 'names': {'en': 'Zero'}}}",OECD,EXACT,0.0
AUS,2004,foreign_born,4752950.0,A,"OECD International Migration Database (stocks of foreign-born population, measure B14)",evidence/api/oecd/OECD_B14_foreign-born_2001-2022_retrieved_2026-10-07.json,4752950.0,"{'OBS_STATUS': {'id': 'A', 'order': 0, 'name': 'Normal value', 'names': {'en': 'Normal value'}}, 'UNIT_MULT': {'id': '0', 'order': 0, 'name': 'Units', 'names': {'en': 'Units'}}, 'DECIMALS': {'id': '0', 'order': 0, 'name': 'Zero', 'names': {'en': 'Zero'}}}",OECD,EXACT,0.0
AUS,2005,foreign_born,4877090.0,A,"OECD International Migration Database (stocks of foreign-born population, measure B14)",evidence/api/oecd/OECD_B14_foreign-born_2001-2022_retrieved_2026-10-07.json,4877090.0,"{'OBS_STATUS': {'id': 'A', 'order': 0, 'name': 'Normal value', 'names': {'en': 'Normal value'}}, 'UNIT_MULT': {'id': '0', 'order': 0, 'name': 'Units', 'names': {'en': 'Units'}}, 'DECIMALS': {'id': '0', 'order': 0, 'name': 'Zero', 'names': {'en': 'Zero'}}}",OECD,EXACT,0.0
AUS,2006,foreign_born,5031630.0,A,"OECD International Migration Database (stocks of foreign-born population, measure B14)",evidence/api/oecd/OECD_B14_foreign-born_2001-2022_retrieved_2026-10-07.json,5031630.0,"{'OBS_STATUS': {'id': 'A', 'order': 0, 'name': 'Normal value', 'names': {'en': 'Normal value'}}, 'UNIT_MULT': {'id': '0', 'order': 0, 'name': 'Units', 'names': {'en': 'Units'}}, 'DECIMALS': {'id': '0', 'order': 0, 'name': 'Zero', 'names': {'en': 'Zero'}}}",OECD,EXACT,0.0
AUS,2007,foreign_born,5233250.0,A,"OECD International Migration Database (stocks of foreign-born population, measure B14)",evidence/api/oecd/OECD_B14_foreign-born_2001-2022_retrieved_2026-10-07.json,5233250.0,"{'OBS_STATUS': {'id': 'A', 'order': 0, 'name': 'Normal value', 'names': {'en': 'Normal value'}}, 'UNIT_MULT': {'id': '0', 'order': 0, 'name': 'Units', 'names': {'en': 'Units'}}, 'DECIMALS': {'id': '0', 'order': 0, 'name': 'Zero', 'names': {'en': 'Zero'}}}",OECD,EXACT,0.0
AUS,2008,foreign_born,5477900.0,A,"OECD International Migration Database (stocks of foreign-born population, measure B14)",evidence/api/oecd/OECD_B14_foreign-born_2001-2022_retrieved_2026-10-07.json,5477900.0,"{'OBS_STATUS': {'id': 'A', 'order': 0, 'name': 'Normal value', 'names': {'en': 'Normal value'}}, 'UNIT_MULT': {'id': '0', 'order': 0, 'name': 'Units', 'names': {'en': 'Units'}}, 'DECIMALS': {'id': '0', 'order': 0, 'name': 'Zero', 'names': {'en': 'Zero'}}}",OECD,EXACT,0.0
AUS,2009,foreign_born,5729880.0,A,"OECD International Migration Database (stocks of foreign-born population, measure B14)",evidence/api/oecd/OECD_B14_foreign-born_2001-2022_retrieved_2026-10-07.json,5729880.0,"{'OBS_STATUS': {'id': 'A', 'order': 0, 'name': 'Normal value', 'names': {'en': 'Normal value'}}, 'UNIT_MULT': {'id': '0', 'order': 0, 'name': 'Units', 'names': {'en': 'Units'}}, 'DECIMALS': {'id': '0', 'order': 0, 'name': 'Zero', 'names': {'en': 'Zero'}}}",OECD,EXACT,0.0
AUS,2010,foreign_born,5881360.0,A,"OECD International Migration Database (stocks of foreign-born population, measure B14)",evidence/api/oecd/OECD_B14_foreign-born_2001-2022_retrieved_2026-10-07.json,5881360.0,"{'OBS_STATUS': {'id': 'A', 'order': 0, 'name': 'Normal value', 'names': {'en': 'Normal value'}}, 'UNIT_MULT': {'id': '0', 'order': 0, 'name': 'Units', 'names': {'en': 'Units'}}, 'DECIMALS': {'id': '0', 'order': 0, 'name': 'Zero', 'names': {'en': 'Zero'}}}",OECD,EXACT,0.0
AUS,2011,foreign_born,6018180.0,A,"OECD International Migration Database (stocks of foreign-born population, measure B14)",evidence/api/oecd/OECD_B14_foreign-born_2001-2022_retrieved_2026-10-07.json,6018180.0,"{'OBS_STATUS': {'id': 'A', 'order': 0, 'name': 'Normal value', 'names': {'en': 'Normal value'}}, 'UNIT_MULT': {'id': '0', 'order': 0, 'name': 'Units', 'names': {'en': 'Units'}}, 'DECIMALS': {'id': '0', 'order': 0, 'name': 'Zero', 'names': {'en': 'Zero'}}}",OECD,EXACT,0.0
AUS,2012,foreign_born,6214010.0,A,"OECD International Migration Database (stocks of foreign-born population, measure B14)",evidence/api/oecd/OECD_B14_foreign-born_2001-2022_retrieved_2026-10-07.json,6214010.0,"{'OBS_STATUS': {'id': 'A', 'order': 0, 'name': 'Normal value', 'names': {'en': 'Normal value'}}, 'UNIT_MULT': {'id': '0', 'order': 0, 'name': 'Units', 'names': {'en': 'Units'}}, 'DECIMALS': {'id': '0', 'order': 0, 'name': 'Zero', 'names': {'en': 'Zero'}}}",OECD,EXACT,0.0
AUS,2013,foreign_born,6408740.0,A,"OECD International Migration Database (stocks of foreign-born population, measure B14)",evidence/api/oecd/OECD_B14_foreign-born_2001-2022_retrieved_2026-10-07.json,6408740.0,"{'OBS_STATUS': {'id': 'A', 'order': 0, 'name': 'Normal value', 'names': {'en': 'Normal value'}}, 'UNIT_MULT': {'id': '0', 'order': 0, 'name': 'Units', 'names': {'en': 'Units'}}, 'DECIMALS': {'id': '0', 'order': 0, 'name': 'Zero', 'names': {'en': 'Zero'}}}",OECD,EXACT,0.0
AUS,2014,foreign_born,6570240.0,A,"OECD International Migration Database (stocks of foreign-born population, measure B14)",evidence/api/oecd/OECD_B14_foreign-born_2001-2022_retrieved_2026-10-07.json,6570240.0,"{'OBS_STATUS': {'id': 'A', 'order': 0, 'name': 'Normal value', 'names': {'en': 'Normal value'}}, 'UNIT_MULT': {'id': '0', 'order': 0, 'name': 'Units', 'names': {'en': 'Units'}}, 'DECIMALS': {'id': '0', 'order': 0, 'name': 'Zero', 'names': {'en': 'Zero'}}}",OECD,EXACT,0.0
AUS,2015,foreign_born,6729730.0,A,"OECD International Migration Database (stocks of foreign-born population, measure B14)",evidence/api/oecd/OECD_B14_foreign-born_2001-2022_retrieved_2026-10-07.json,6729730.0,"{'OBS_STATUS': {'id': 'A', 'order': 0, 'name': 'Normal value', 'names': {'en': 'Normal value'}}, 'UNIT_MULT': {'id': '0', 'order': 0, 'name': 'Units', 'names': {'en': 'Units'}}, 'DECIMALS': {'id': '0', 'order': 0, 'name': 'Zero', 'names': {'en': 'Zero'}}}",OECD,EXACT,0.0
AUS,2016,foreign_born,6912110.0,A,"OECD International Migration Database (stocks of foreign-born population, measure B14)",evidence/api/oecd/OECD_B14_foreign-born_2001-2022_retrieved_2026-10-07.json,6912110.0,"{'OBS_STATUS': {'id': 'A', 'order': 0, 'name': 'Normal value', 'names': {'en': 'Normal value'}}, 'UNIT_MULT': {'id': '0', 'order': 0, 'name': 'Units', 'names': {'en': 'Units'}}, 'DECIMALS': {'id': '0', 'order': 0, 'name': 'Zero', 'names': {'en': 'Zero'}}}",OECD,EXACT,0.0
AUS,2017,foreign_born,7142030.0,A,"OECD International Migration Database (stocks of foreign-born population, measure B14)",evidence/api/oecd/OECD_B14_foreign-born_2001-2022_retrieved_2026-10-07.json,7142030.0,"{'OBS_STATUS': {'id': 'A', 'order': 0, 'name': 'Normal value', 'names': {'en': 'Normal value'}}, 'UNIT_MULT': {'id': '0', 'order': 0, 'name': 'Units', 'names': {'en': 'Units'}}, 'DECIMALS': {'id': '0', 'order': 0, 'name': 'Zero', 'names': {'en': 'Zero'}}}",OECD,EXACT,0.0
AUS,2018,foreign_born,7346520.0,A,"OECD International Migration Database (stocks of foreign-born population, measure B14)",evidence/api/oecd/OECD_B14_foreign-born_2001-2022_retrieved_2026-10-07.json,7346520.0,"{'OBS_STATUS': {'id': 'A', 'order': 0, 'name': 'Normal value', 'names': {'en': 'Normal value'}}, 'UNIT_MULT': {'id': '0', 'order': 0, 'name': 'Units', 'names': {'en': 'Units'}}, 'DECIMALS': {'id': '0', 'order': 0, 'name': 'Zero', 'names': {'en': 'Zero'}}}",OECD,EXACT,0.0
AUS,2019,foreign_born,7549660.0,A,"OECD International Migration Database (stocks of foreign-born population, measure B14)",evidence/api/oecd/OECD_B14_foreign-born_2001-2022_retrieved_2026-10-07.json,7549660.0,"{'OBS_STATUS': {'id': 'A', 'order': 0, 'name': 'Normal value', 'names': {'en': 'Normal value'}}, 'UNIT_MULT': {'id': '0', 'order': 0, 'name': 'Units', 'names': {'en': 'Units'}}, 'DECIMALS': {'id': '0', 'order': 0, 'name': 'Zero', 'names': {'en': 'Zero'}}}",OECD,EXACT,0.0
AUS,2020,foreign_born,7672450.0,A,"OECD International Migration Database (stocks of foreign-born population, measure B14)",evidence/api/oecd/OECD_B14_foreign-born_2001-2022_retrieved_2026-10-07.json,7672450.0,"{'OBS_STATUS': {'id': 'A', 'order': 0, 'name': 'Normal value', 'names': {'en': 'Normal value'}}, 'UNIT_MULT': {'id': '0', 'order': 0, 'name': 'Units', 'names': {'en': 'Units'}}, 'DECIMALS': {'id': '0', 'order': 0, 'name': 'Zero', 'names': {'en': 'Zero'}}}",OECD,EXACT,0.0
AUS,2021,foreign_born,7525860.0,A,"OECD International Migration Database (stocks of foreign-born population, measure B14)",evidence/api/oecd/OECD_B14_foreign-born_2001-2022_retrieved_2026-10-07.json,7525860.0,"{'OBS_STATUS': {'id': 'A', 'order': 0, 'name': 'Normal value', 'names': {'en': 'Normal value'}}, 'UNIT_MULT': {'id': '0', 'order': 0, 'name': 'Units', 'names': {'en': 'Units'}}, 'DECIMALS': {'id': '0', 'order': 0, 'name': 'Zero', 'names': {'en': 'Zero'}}}",OECD,EXACT,0.0
AUS,2022,foreign_born,7681720.0,A,"OECD International Migration Database (stocks of foreign-born population, measure B14)",evidence/api/oecd/OECD_B14_foreign-born_2001-2022_retrieved_2026-10-07.json,7681720.0,"{'OBS_STATUS': {'id': 'A', 'order': 0, 'name': 'Normal value', 'names': {'en': 'Normal value'}}, 'UNIT_MULT': {'id': '0', 'order': 0, 'name': 'Units', 'names': {'en': 'Units'}}, 'DECIMALS': {'id': '0', 'order': 0, 'name': 'Zero', 'names': {'en': 'Zero'}}}",OECD,EXACT,0.0
AUT,2001,foreign_born,843000.0,A,"OECD International Migration Database (stocks of foreign-born population, measure B14)",evidence/api/oecd/OECD_B14_foreign-born_2001-2022_retrieved_2026-10-07.json,843000.0,"{'OBS_STATUS': {'id': 'A', 'order': 0, 'name': 'Normal value', 'names': {'en': 'Normal value'}}, 'UNIT_MULT': {'id': '0', 'order': 0, 'name': 'Units', 'names': {'en': 'Units'}}, 'DECIMALS': {'id': '0', 'order': 0, 'name': 'Zero', 'names': {'en': 'Zero'}}}",OECD,EXACT,0.0
AUT,2002,foreign_born,1112094.0,A,"OECD International Migration Database (stocks of foreign-born population, measure B14)",evidence/api/oecd/OECD_B14_foreign-born_2001-2022_retrieved_2026-10-07.json,1112094.0,"{'OBS_STATUS': {'id': 'A', 'order': 0, 'name': 'Normal value', 'names': {'en': 'Normal value'}}, 'UNIT_MULT': {'id': '0', 'order': 0, 'name': 'Units', 'names': {'en': 'Units'}}, 'DECIMALS': {'id': '0', 'order': 0, 'name': 'Zero', 'names': {'en': 'Zero'}}}",OECD,EXACT,0.0
AUT,2003,foreign_born,1137351.0,A,"OECD International Migration Database (stocks of foreign-born population, measure B14)",evidence/api/oecd/OECD_B14_foreign-born_2001-2022_retrieved_2026-10-07.json,1137351.0,"{'OBS_STATUS': {'id': 'A', 'order': 0, 'name': 'Normal value', 'names': {'en': 'Normal value'}}, 'UNIT_MULT': {'id': '0', 'order': 0, 'name': 'Units', 'names': {'en': 'Units'}}, 'DECIMALS': {'id': '0', 'order': 0, 'name': 'Zero', 'names': {'en': 'Zero'}}}",OECD,EXACT,0.0
AUT,2004,foreign_born,1141212.0,A,"OECD International Migration Database (stocks of foreign-born population, measure B14)",evidence/api/oecd/OECD_B14_foreign-born_2001-2022_retrieved_2026-10-07.json,1141212.0,"{'OBS_STATUS': {'id': 'A', 'order': 0, 'name': 'Normal value', 'names': {'en': 'Normal value'}}, 'UNIT_MULT': {'id': '0', 'order': 0, 'name': 'Units', 'names': {'en': 'Units'}}, 'DECIMALS': {'id': '0', 'order': 0, 'name': 'Zero', 'names': {'en': 'Zero'}}}",OECD,EXACT,0.0
AUT,2005,foreign_born,1154776.0,A,"OECD International Migration Database (stocks of foreign-born population, measure B14)",evidence/api/oecd/OECD_B14_foreign-born_2001-2022_retrieved_2026-10-07.json,1154776.0,"{'OBS_STATUS': {'id': 'A', 'order': 0, 'name': 'Normal value', 'names': {'en': 'Normal value'}}, 'UNIT_MULT': {'id': '0', 'order': 0, 'name': 'Units', 'names': {'en': 'Units'}}, 'DECIMALS': {'id': '0', 'order': 0, 'name': 'Zero', 'names': {'en': 'Zero'}}}",OECD,EXACT,0.0
AUT,2006,foreign_born,1195156.0,A,"OECD International Migration Database (stocks of foreign-born population, measure B14)",evidence/api/oecd/OECD_B14_foreign-born_2001-2022_retrieved_2026-10-07.json,1195156.0,"{'OBS_STATUS': {'id': 'A', 'order': 0, 'name': 'Normal value', 'names': {'en': 'Normal value'}}, 'UNIT_MULT': {'id': '0', 'order': 0, 'name': 'Units', 'names': {'en': 'Units'}}, 'DECIMALS': {'id': '0', 'order': 0, 'name': 'Zero', 'names': {'en': 'Zero'}}}",OECD,EXACT,0.0
AUT,2007,foreign_born,1215695.0,A,"OECD International Migration Database (stocks of foreign-born population, measure B14)",evidence/api/oecd/OECD_B14_foreign-born_2001-2022_retrieved_2026-10-07.json,1215695.0,"{'OBS_STATUS': {'id': 'A', 'order': 0, 'name': 'Normal value', 'names': {'en': 'Normal value'}}, 'UNIT_MULT': {'id': '0', 'order': 0, 'name': 'Units', 'names': {'en': 'Units'}}, 'DECIMALS': {'id': '0', 'order': 0, 'name': 'Zero', 'names': {'en': 'Zero'}}}",OECD,EXACT,0.0
AUT,2008,foreign_born,1234879.0,A,Eurostat [migr_pop3ctb],evidence/api/eurostat_migr_pop3ctb_2001-2022_retrieved_2026-10-07.json,1234879.0,,Eurostat,EXACT,0.0
AUT,2009,foreign_born,1259626.0,A,Eurostat [migr_pop3ctb],evidence/api/eurostat_migr_pop3ctb_2001-2022_retrieved_2026-10-07.json,1259626.0,,Eurostat,EXACT,0.0
AUT,2010,foreign_born,1274901.0,A,Eurostat [migr_pop3ctb],evidence/api/eurostat_migr_pop3ctb_2001-2022_retrieved_2026-10-07.json,1274901.0,,Eurostat,EXACT,0.0
AUT,2011,foreign_born,1294224.0,A,Eurostat [migr_pop3ctb],evidence/api/eurostat_migr_pop3ctb_2001-2022_retrieved_2026-10-07.json,1294224.0,,Eurostat,EXACT,0.0
AUT,2012,foreign_born,1322656.0,A,Eurostat [migr_pop3ctb],evidence/api/eurostat_migr_pop3ctb_2001-2022_retrieved_2026-10-07.json,1322656.0,,Eurostat,EXACT,0.0
AUT,2013,foreign_born,1364003.0,A,Eurostat [migr_pop3ctb],evidence/api/eurostat_migr_pop3ctb_2001-2022_retrieved_2026-10-07.json,1364003.0,,Eurostat,EXACT,0.0
AUT,2014,foreign_born,1414215.0,A,Eurostat [migr_pop3ctb],evidence/api/eurostat_migr_pop3ctb_2001-2022_retrieved_2026-10-07.json,1414215.0,,Eurostat,EXACT,0.0
AUT,2015,foreign_born,1483123.0,A,Eurostat [migr_pop3ctb],evidence/api/eurostat_migr_pop3ctb_2001-2022_retrieved_2026-10-07.json,1483123.0,,Eurostat,EXACT,0.0
AUT,2016,foreign_born,1588209.0,A,Eurostat [migr_pop3ctb],evidence/api/eurostat_migr_pop3ctb_2001-2022_retrieved_2026-10-07.json,1588209.0,,Eurostat,EXACT,0.0
AUT,2017,foreign_born,1649008.0,A,Eurostat [migr_pop3ctb],evidence/api/eurostat_migr_pop3ctb_2001-2022_retrieved_2026-10-07.json,1649008.0,,Eurostat,EXACT,0.0
AUT,2018,foreign_born,1690619.0,A,Eurostat [migr_pop3ctb],evidence/api/eurostat_migr_pop3ctb_2001-2022_retrieved_2026-10-07.json,1690619.0,,Eurostat,EXACT,0.0
AUT,2019,foreign_born,1722833.0,A,Eurostat [migr_pop3ctb],evidence/api/eurostat_migr_pop3ctb_2001-2022_retrieved_2026-10-07.json,1722833.0,,Eurostat,EXACT,0.0
AUT,2020,foreign_born,1760595.0,A,Eurostat [migr_pop3ctb],evidence/api/eurostat_migr_pop3ctb_2001-2022_retrieved_2026-10-07.json,1760595.0,,Eurostat,EXACT,0.0
AUT,2021,foreign_born,1792053.0,A,Eurostat [migr_pop3ctb],evidence/api/eurostat_migr_pop3ctb_2001-2022_retrieved_2026-10-07.json,1792053.0,,Eurostat,EXACT,0.0
AUT,2022,foreign_born,1834342.0,A,Eurostat [migr_pop3ctb],evidence/api/eurostat_migr_pop3ctb_2001-2022_retrieved_2026-10-07.json,1834342.0,,Eurostat,EXACT,0.0
BEL,2001,foreign_born,1080790.0,A,"OECD International Migration Database (stocks of foreign-born population, measure B14)",evidence/api/oecd/OECD_B14_foreign-born_2001-2022_retrieved_2026-10-07.json,1080790.0,"{'OBS_STATUS': {'id': 'A', 'order': 0, 'name': 'Normal value', 'names': {'en': 'Normal value'}}, 'UNIT_MULT': {'id': '0', 'order': 0, 'name': 'Units', 'names': {'en': 'Units'}}, 'DECIMALS': {'id': '0', 'order': 0, 'name': 'Zero', 'names': {'en': 'Zero'}}}",OECD,EXACT,0.0
BEL,2002,foreign_born,1117261.0,A,"OECD International Migration Database (stocks of foreign-born population, measure B14)",evidence/api/oecd/OECD_B14_foreign-born_2001-2022_retrieved_2026-10-07.json,1117261.0,"{'OBS_STATUS': {'id': 'A', 'order': 0, 'name': 'Normal value', 'names': {'en': 'Normal value'}}, 'UNIT_MULT': {'id': '0', 'order': 0, 'name': 'Units', 'names': {'en': 'Units'}}, 'DECIMALS': {'id': '0', 'order': 0, 'name': 'Zero', 'names': {'en': 'Zero'}}}",OECD,EXACT,0.0
BEL,2003,foreign_born,1156732.0,A,"OECD International Migration Database (stocks of foreign-born population, measure B14)",evidence/api/oecd/OECD_B14_foreign-born_2001-2022_retrieved_2026-10-07.json,1156732.0,"{'OBS_STATUS': {'id': 'A', 'order': 0, 'name': 'Normal value', 'names': {'en': 'Normal value'}}, 'UNIT_MULT': {'id': '0', 'order': 0, 'name': 'Units', 'names': {'en': 'Units'}}, 'DECIMALS': {'id': '0', 'order': 0, 'name': 'Zero', 'names': {'en': 'Zero'}}}",OECD,EXACT,0.0
BEL,2004,foreign_born,1185456.0,A,"OECD International Migration Database (stocks of foreign-born population, measure B14)",evidence/api/oecd/OECD_B14_foreign-born_2001-2022_retrieved_2026-10-07.json,1185456.0,"{'OBS_STATUS': {'id': 'A', 'order': 0, 'name': 'Normal value', 'names': {'en': 'Normal value'}}, 'UNIT_MULT': {'id': '0', 'order': 0, 'name': 'Units', 'names': {'en': 'Units'}}, 'DECIMALS': {'id': '0', 'order': 0, 'name': 'Zero', 'names': {'en': 'Zero'}}}",OECD,EXACT,0.0
BEL,2005,foreign_born,1220062.0,A,"OECD International Migration Database (stocks of foreign-born population, measure B14)",evidence/api/oecd/OECD_B14_foreign-born_2001-2022_retrieved_2026-10-07.json,1220062.0,"{'OBS_STATUS': {'id': 'A', 'order': 0, 'name': 'Normal value', 'names': {'en': 'Normal value'}}, 'UNIT_MULT': {'id': '0', 'order': 0, 'name': 'Units', 'names': {'en': 'Units'}}, 'DECIMALS': {'id': '0', 'order': 0, 'name': 'Zero', 'names': {'en': 'Zero'}}}",OECD,EXACT,0.0
BEL,2006,foreign_born,1268915.0,A,"OECD International Migration Database (stocks of foreign-born population, measure B14)",evidence/api/oecd/OECD_B14_foreign-born_2001-2022_retrieved_2026-10-07.json,1268915.0,"{'OBS_STATUS': {'id': 'A', 'order': 0, 'name': 'Normal value', 'names': {'en': 'Normal value'}}, 'UNIT_MULT': {'id': '0', 'order': 0, 'name': 'Units', 'names': {'en': 'Units'}}, 'DECIMALS': {'id': '0', 'order': 0, 'name': 'Zero', 'names': {'en': 'Zero'}}}",OECD,EXACT,0.0
BEL,2007,foreign_born,1319302.0,A,"OECD International Migration Database (stocks of foreign-born population, measure B14)",evidence/api/oecd/OECD_B14_foreign-born_2001-2022_retrieved_2026-10-07.json,1319302.0,"{'OBS_STATUS': {'id': 'A', 'order': 0, 'name': 'Normal value', 'names': {'en': 'Normal value'}}, 'UNIT_MULT': {'id': '0', 'order': 0, 'name': 'Units', 'names': {'en': 'Units'}}, 'DECIMALS': {'id': '0', 'order': 0, 'name': 'Zero', 'names': {'en': 'Zero'}}}",OECD,EXACT,0.0
BEL,2008,foreign_born,1380323.0,A,"OECD International Migration Database (stocks of foreign-born population, measure B14)",evidence/api/oecd/OECD_B14_foreign-born_2001-2022_retrieved_2026-10-07.json,1380323.0,"{'OBS_STATUS': {'id': 'A', 'order': 0, 'name': 'Normal value', 'names': {'en': 'Normal value'}}, 'UNIT_MULT': {'id': '0', 'order': 0, 'name': 'Units', 'names': {'en': 'Units'}}, 'DECIMALS': {'id': '0', 'order': 0, 'name': 'Zero', 'names': {'en': 'Zero'}}}",OECD,EXACT,0.0
BEL,2009,foreign_born,1443937.0,A,Eurostat [migr_pop3ctb],evidence/api/eurostat_migr_pop3ctb_2001-2022_retrieved_2026-10-07.json,1443937.0,p,Eurostat,EXACT,0.0
BEL,2010,foreign_born,1503806.0,A,Eurostat [migr_pop3ctb],evidence/api/eurostat_migr_pop3ctb_2001-2022_retrieved_2026-10-07.json,1503806.0,p,Eurostat,EXACT,0.0
BEL,2011,foreign_born,1628793.0,A,Eurostat [migr_pop3ctb],evidence/api/eurostat_migr_pop3ctb_2001-2022_retrieved_2026-10-07.json,1628793.0,b,Eurostat,EXACT,0.0
BEL,2012,foreign_born,1677737.0,A,Eurostat [migr_pop3ctb],evidence/api/eurostat_migr_pop3ctb_2001-2022_retrieved_2026-10-07.json,1677737.0,,Eurostat,EXACT,0.0
BEL,2013,foreign_born,1722265.0,A,Eurostat [migr_pop3ctb],evidence/api/eurostat_migr_pop3ctb_2001-2022_retrieved_2026-10-07.json,1722265.0,,Eurostat,EXACT,0.0
BEL,2014,foreign_born,1748748.0,A,Eurostat [migr_pop3ctb],evidence/api/eurostat_migr_pop3ctb_2001-2022_retrieved_2026-10-07.json,1748748.0,,Eurostat,EXACT,0.0
BEL,2015,foreign_born,1783488.0,A,Eurostat [migr_pop3ctb],evidence/api/eurostat_migr_pop3ctb_2001-2022_retrieved_2026-10-07.json,1783488.0,,Eurostat,EXACT,0.0
BEL,2016,foreign_born,1845631.0,A,Eurostat [migr_pop3ctb],evidence/api/eurostat_migr_pop3ctb_2001-2022_retrieved_2026-10-07.json,1845631.0,,Eurostat,EXACT,0.0
BEL,2017,foreign_born,1876726.0,A,Eurostat [migr_pop3ctb],evidence/api/eurostat_migr_pop3ctb_2001-2022_retrieved_2026-10-07.json,1876726.0,,Eurostat,EXACT,0.0
BEL,2018,foreign_born,1916272.0,A,Eurostat [migr_pop3ctb],evidence/api/eurostat_migr_pop3ctb_2001-2022_retrieved_2026-10-07.json,1916272.0,,Eurostat,EXACT,0.0
BEL,2019,foreign_born,1968060.0,A,Eurostat [migr_pop3ctb],evidence/api/eurostat_migr_pop3ctb_2001-2022_retrieved_2026-10-07.json,1968060.0,,Eurostat,EXACT,0.0
BEL,2020,foreign_born,2027763.0,A,Eurostat [migr_pop3ctb],evidence/api/eurostat_migr_pop3ctb_2001-2022_retrieved_2026-10-07.json,2027763.0,,Eurostat,EXACT,0.0
BEL,2021,foreign_born,2065727.0,A,Eurostat [migr_pop3ctb],evidence/api/eurostat_migr_pop3ctb_2001-2022_retrieved_2026-10-07.json,2065727.0,,Eurostat,EXACT,0.0
BEL,2022,foreign_born,2119691.0,A,Eurostat [migr_pop3ctb],evidence/api/eurostat_migr_pop3ctb_2001-2022_retrieved_2026-10-07.json,2119691.0,,Eurostat,EXACT,0.0
BGR,2005,foreign_born,61074.0,A,UN DESA International Migrant Stock (World Bank indicator SM.POP.TOTL),evidence/api/wb_SM_POP_TOTL_2001-2022_retrieved_2026-10-07.json,61074.0,,WB,EXACT,0.0
BGR,2011,foreign_born,78621.0,A,Eurostat [migr_pop3ctb],evidence/api/eurostat_migr_pop3ctb_2001-2022_retrieved_2026-10-07.json,78621.0,,Eurostat,EXACT,0.0
BGR,2012,foreign_born,85076.0,A,Eurostat [migr_pop3ctb],evidence/api/eurostat_migr_pop3ctb_2001-2022_retrieved_2026-10-07.json,85076.0,,Eurostat,EXACT,0.0
BGR,2013,foreign_born,95180.0,A,Eurostat [migr_pop3ctb],evidence/api/eurostat_migr_pop3ctb_2001-2022_retrieved_2026-10-07.json,95180.0,,Eurostat,EXACT,0.0
BGR,2014,foreign_born,107275.0,A,Eurostat [migr_pop3ctb],evidence/api/eurostat_migr_pop3ctb_2001-2022_retrieved_2026-10-07.json,107275.0,,Eurostat,EXACT,0.0
BGR,2015,foreign_born,120635.0,A,Eurostat [migr_pop3ctb],evidence/api/eurostat_migr_pop3ctb_2001-2022_retrieved_2026-10-07.json,120635.0,,Eurostat,EXACT,0.0
BGR,2016,foreign_born,131924.0,A,Eurostat [migr_pop3ctb],evidence/api/eurostat_migr_pop3ctb_2001-2022_retrieved_2026-10-07.json,131924.0,,Eurostat,EXACT,0.0
BGR,2017,foreign_born,139655.0,A,Eurostat [migr_pop3ctb],evidence/api/eurostat_migr_pop3ctb_2001-2022_retrieved_2026-10-07.json,139655.0,,Eurostat,EXACT,0.0
BGR,2018,foreign_born,149096.0,A,Eurostat [migr_pop3ctb],evidence/api/eurostat_migr_pop3ctb_2001-2022_retrieved_2026-10-07.json,149096.0,,Eurostat,EXACT,0.0
BGR,2019,foreign_born,162346.0,A,Eurostat [migr_pop3ctb],evidence/api/eurostat_migr_pop3ctb_2001-2022_retrieved_2026-10-07.json,162346.0,,Eurostat,EXACT,0.0
BGR,2020,foreign_born,176321.0,A,Eurostat [migr_pop3ctb],evidence/api/eurostat_migr_pop3ctb_2001-2022_retrieved_2026-10-07.json,176321.0,,Eurostat,EXACT,0.0
BGR,2021,foreign_born,188519.0,A,Eurostat [migr_pop3ctb],evidence/api/eurostat_migr_pop3ctb_2001-2022_retrieved_2026-10-07.json,188519.0,,Eurostat,EXACT,0.0
BGR,2022,foreign_born,142214.0,A,Eurostat [migr_pop3ctb],evidence/api/eurostat_migr_pop3ctb_2001-2022_retrieved_2026-10-07.json,142214.0,,Eurostat,EXACT,0.0
CHL,2003,foreign_born,184464.0,A,"OECD International Migration Database (stocks of foreign-born population, measure B14)",evidence/api/oecd/OECD_B14_foreign-born_2001-2022_retrieved_2026-10-07.json,184464.0,"{'OBS_STATUS': {'id': 'A', 'order': 0, 'name': 'Normal value', 'names': {'en': 'Normal value'}}, 'UNIT_MULT': {'id': '0', 'order': 0, 'name': 'Units', 'names': {'en': 'Units'}}, 'DECIMALS': {'id': '0', 'order': 0, 'name': 'Zero', 'names': {'en': 'Zero'}}}",OECD,EXACT,0.0
CHL,2004,foreign_born,223000.0,A,"OECD International Migration Database (stocks of foreign-born population, measure B14)",evidence/api/oecd/OECD_B14_foreign-born_2001-2022_retrieved_2026-10-07.json,223000.0,"{'OBS_STATUS': {'id': 'A', 'order': 0, 'name': 'Normal value', 'names': {'en': 'Normal value'}}, 'UNIT_MULT': {'id': '0', 'order': 0, 'name': 'Units', 'names': {'en': 'Units'}}, 'DECIMALS': {'id': '0', 'order': 0, 'name': 'Zero', 'names': {'en': 'Zero'}}}",OECD,EXACT,0.0
CHL,2005,foreign_born,235545.0,A,"OECD International Migration Database (stocks of foreign-born population, measure B14)",evidence/api/oecd/OECD_B14_foreign-born_2001-2022_retrieved_2026-10-07.json,235545.0,"{'OBS_STATUS': {'id': 'A', 'order': 0, 'name': 'Normal value', 'names': {'en': 'Normal value'}}, 'UNIT_MULT': {'id': '0', 'order': 0, 'name': 'Units', 'names': {'en': 'Units'}}, 'DECIMALS': {'id': '0', 'order': 0, 'name': 'Zero', 'names': {'en': 'Zero'}}}",OECD,EXACT,0.0
CHL,2006,foreign_born,247365.0,A,"OECD International Migration Database (stocks of foreign-born population, measure B14)",evidence/api/oecd/OECD_B14_foreign-born_2001-2022_retrieved_2026-10-07.json,247365.0,"{'OBS_STATUS': {'id': 'A', 'order': 0, 'name': 'Normal value', 'names': {'en': 'Normal value'}}, 'UNIT_MULT': {'id': '0', 'order': 0, 'name': 'Units', 'names': {'en': 'Units'}}, 'DECIMALS': {'id': '0', 'order': 0, 'name': 'Zero', 'names': {'en': 'Zero'}}}",OECD,EXACT,0.0
CHL,2007,foreign_born,258829.0,A,"OECD International Migration Database (stocks of foreign-born population, measure B14)",evidence/api/oecd/OECD_B14_foreign-born_2001-2022_retrieved_2026-10-07.json,258829.0,"{'OBS_STATUS': {'id': 'A', 'order': 0, 'name': 'Normal value', 'names': {'en': 'Normal value'}}, 'UNIT_MULT': {'id': '0', 'order': 0, 'name': 'Units', 'names': {'en': 'Units'}}, 'DECIMALS': {'id': '0', 'order': 0, 'name': 'Zero', 'names': {'en': 'Zero'}}}",OECD,EXACT,0.0
CHL,2008,foreign_born,290901.0,A,"OECD International Migration Database (stocks of foreign-born population, measure B14)",evidence/api/oecd/OECD_B14_foreign-born_2001-2022_retrieved_2026-10-07.json,290901.0,"{'OBS_STATUS': {'id': 'A', 'order': 0, 'name': 'Normal value', 'names': {'en': 'Normal value'}}, 'UNIT_MULT': {'id': '0', 'order': 0, 'name': 'Units', 'names': {'en': 'Units'}}, 'DECIMALS': {'id': '0', 'order': 0, 'name': 'Zero', 'names': {'en': 'Zero'}}}",OECD,EXACT,0.0
CHL,2009,foreign_born,317057.0,A,"OECD International Migration Database (stocks of foreign-born population, measure B14)",evidence/api/oecd/OECD_B14_foreign-born_2001-2022_retrieved_2026-10-07.json,317057.0,"{'OBS_STATUS': {'id': 'A', 'order': 0, 'name': 'Normal value', 'names': {'en': 'Normal value'}}, 'UNIT_MULT': {'id': '0', 'order': 0, 'name': 'Units', 'names': {'en': 'Units'}}, 'DECIMALS': {'id': '0', 'order': 0, 'name': 'Zero', 'names': {'en': 'Zero'}}}",OECD,EXACT,0.0
CHL,2010,foreign_born,352344.0,A,"OECD International Migration Database (stocks of foreign-born population, measure B14)",evidence/api/oecd/OECD_B14_foreign-born_2001-2022_retrieved_2026-10-07.json,352344.0,"{'OBS_STATUS': {'id': 'A', 'order': 0, 'name': 'Normal value', 'names': {'en': 'Normal value'}}, 'UNIT_MULT': {'id': '0', 'order': 0, 'name': 'Units', 'names': {'en': 'Units'}}, 'DECIMALS': {'id': '0', 'order': 0, 'name': 'Zero', 'names': {'en': 'Zero'}}}",OECD,EXACT,0.0
CHL,2011,foreign_born,369436.0,A,"OECD International Migration Database (stocks of foreign-born population, measure B14)",evidence/api/oecd/OECD_B14_foreign-born_2001-2022_retrieved_2026-10-07.json,369436.0,"{'OBS_STATUS': {'id': 'A', 'order': 0, 'name': 'Normal value', 'names': {'en': 'Normal value'}}, 'UNIT_MULT': {'id': '0', 'order': 0, 'name': 'Units', 'names': {'en': 'Units'}}, 'DECIMALS': {'id': '0', 'order': 0, 'name': 'Zero', 'names': {'en': 'Zero'}}}",OECD,EXACT,0.0
CHL,2012,foreign_born,388229.0,A,"OECD International Migration Database (stocks of foreign-born population, measure B14)",evidence/api/oecd/OECD_B14_foreign-born_2001-2022_retrieved_2026-10-07.json,388229.0,"{'OBS_STATUS': {'id': 'A', 'order': 0, 'name': 'Normal value', 'names': {'en': 'Normal value'}}, 'UNIT_MULT': {'id': '0', 'order': 0, 'name': 'Units', 'names': {'en': 'Units'}}, 'DECIMALS': {'id': '0', 'order': 0, 'name': 'Zero', 'names': {'en': 'Zero'}}}",OECD,EXACT,0.0
CHL,2013,foreign_born,415540.0,A,"OECD International Migration Database (stocks of foreign-born population, measure B14)",evidence/api/oecd/OECD_B14_foreign-born_2001-2022_retrieved_2026-10-07.json,415540.0,"{'OBS_STATUS': {'id': 'A', 'order': 0, 'name': 'Normal value', 'names': {'en': 'Normal value'}}, 'UNIT_MULT': {'id': '0', 'order': 0, 'name': 'Units', 'names': {'en': 'Units'}}, 'DECIMALS': {'id': '0', 'order': 0, 'name': 'Zero', 'names': {'en': 'Zero'}}}",OECD,EXACT,0.0
CHL,2014,foreign_born,441529.0,A,"OECD International Migration Database (stocks of foreign-born population, measure B14)",evidence/api/oecd/OECD_B14_foreign-born_2001-2022_retrieved_2026-10-07.json,441529.0,"{'OBS_STATUS': {'id': 'A', 'order': 0, 'name': 'Normal value', 'names': {'en': 'Normal value'}}, 'UNIT_MULT': {'id': '0', 'order': 0, 'name': 'Units', 'names': {'en': 'Units'}}, 'DECIMALS': {'id': '0', 'order': 0, 'name': 'Zero', 'names': {'en': 'Zero'}}}",OECD,EXACT,0.0
CHL,2015,foreign_born,465319.0,A,"OECD International Migration Database (stocks of foreign-born population, measure B14)",evidence/api/oecd/OECD_B14_foreign-born_2001-2022_retrieved_2026-10-07.json,465319.0,"{'OBS_STATUS': {'id': 'A', 'order': 0, 'name': 'Normal value', 'names': {'en': 'Normal value'}}, 'UNIT_MULT': {'id': '0', 'order': 0, 'name': 'Units', 'names': {'en': 'Units'}}, 'DECIMALS': {'id': '0', 'order': 0, 'name': 'Zero', 'names': {'en': 'Zero'}}}",OECD,EXACT,0.0
CHL,2017,foreign_born,746435.0,A,"OECD International Migration Database (stocks of foreign-born population, measure B14)",evidence/api/oecd/OECD_B14_foreign-born_2001-2022_retrieved_2026-10-07.json,746435.0,"{'OBS_STATUS': {'id': 'A', 'order': 0, 'name': 'Normal value', 'names': {'en': 'Normal value'}}, 'UNIT_MULT': {'id': '0', 'order': 0, 'name': 'Units', 'names': {'en': 'Units'}}, 'DECIMALS': {'id': '0', 'order': 0, 'name': 'Zero', 'names': {'en': 'Zero'}}}",OECD,EXACT,0.0
CHL,2019,foreign_born,1306859.0,A,"OECD International Migration Database (stocks of foreign-born population, measure B14)",evidence/api/oecd/OECD_B14_foreign-born_2001-2022_retrieved_2026-10-07.json,1306859.0,"{'OBS_STATUS': {'id': 'A', 'order': 0, 'name': 'Normal value', 'names': {'en': 'Normal value'}}, 'UNIT_MULT': {'id': '0', 'order': 0, 'name': 'Units', 'names': {'en': 'Units'}}, 'DECIMALS': {'id': '0', 'order': 0, 'name': 'Zero', 'names': {'en': 'Zero'}}}",OECD,EXACT,0.0
CHL,2020,foreign_born,1486810.0,A,"OECD International Migration Database (stocks of foreign-born population, measure B14)",evidence/api/oecd/OECD_B14_foreign-born_2001-2022_retrieved_2026-10-07.json,1486810.0,"{'OBS_STATUS': {'id': 'A', 'order': 0, 'name': 'Normal value', 'names': {'en': 'Normal value'}}, 'UNIT_MULT': {'id': '0', 'order': 0, 'name': 'Units', 'names': {'en': 'Units'}}, 'DECIMALS': {'id': '0', 'order': 0, 'name': 'Zero', 'names': {'en': 'Zero'}}}",OECD,EXACT,0.0
CHL,2021,foreign_born,1534813.0,A,"OECD International Migration Database (stocks of foreign-born population, measure B14)",evidence/api/oecd/OECD_B14_foreign-born_2001-2022_retrieved_2026-10-07.json,1534813.0,"{'OBS_STATUS': {'id': 'A', 'order': 0, 'name': 'Normal value', 'names': {'en': 'Normal value'}}, 'UNIT_MULT': {'id': '0', 'order': 0, 'name': 'Units', 'names': {'en': 'Units'}}, 'DECIMALS': {'id': '0', 'order': 0, 'name': 'Zero', 'names': {'en': 'Zero'}}}",OECD,EXACT,0.0
CHL,2022,foreign_born,1630812.0,A,"OECD International Migration Database (stocks of foreign-born population, measure B14)",evidence/api/oecd/OECD_B14_foreign-born_2001-2022_retrieved_2026-10-07.json,1630812.0,"{'OBS_STATUS': {'id': 'A', 'order': 0, 'name': 'Normal value', 'names': {'en': 'Normal value'}}, 'UNIT_MULT': {'id': '0', 'order': 0, 'name': 'Units', 'names': {'en': 'Units'}}, 'DECIMALS': {'id': '0', 'order': 0, 'name': 'Zero', 'names': {'en': 'Zero'}}}",OECD,EXACT,0.0
CHN,2005,foreign_born,853360.0,A,UN DESA International Migrant Stock (World Bank indicator SM.POP.TOTL),evidence/api/wb_SM_POP_TOTL_2001-2022_retrieved_2026-10-07.json,853360.0,,WB,EXACT,0.0
CHN,2010,foreign_born,1010008.0,A,UN DESA International Migrant Stock (World Bank indicator SM.POP.TOTL),evidence/api/wb_SM_POP_TOTL_2001-2022_retrieved_2026-10-07.json,1010008.0,,WB,EXACT,0.0
CHN,2015,foreign_born,1196007.0,A,UN DESA International Migrant Stock (World Bank indicator SM.POP.TOTL),evidence/api/wb_SM_POP_TOTL_2001-2022_retrieved_2026-10-07.json,1196007.0,,WB,EXACT,0.0
CHN,2020,foreign_born,1415116.0,A,UN DESA International Migrant Stock (World Bank indicator SM.POP.TOTL),evidence/api/wb_SM_POP_TOTL_2001-2022_retrieved_2026-10-07.json,1415116.0,,WB,EXACT,0.0
HRV,2005,foreign_born,579273.0,A,UN DESA International Migrant Stock (World Bank indicator SM.POP.TOTL),evidence/api/wb_SM_POP_TOTL_2001-2022_retrieved_2026-10-07.json,579273.0,,WB,EXACT,0.0
HRV,2013,foreign_born,569220.0,A,Eurostat [migr_pop3ctb],evidence/api/eurostat_migr_pop3ctb_2001-2022_retrieved_2026-10-07.json,569220.0,,Eurostat,EXACT,0.0
HRV,2014,foreign_born,558092.0,A,Eurostat [migr_pop3ctb],evidence/api/eurostat_migr_pop3ctb_2001-2022_retrieved_2026-10-07.json,558092.0,,Eurostat,EXACT,0.0
HRV,2015,foreign_born,545115.0,A,Eurostat [migr_pop3ctb],evidence/api/eurostat_migr_pop3ctb_2001-2022_retrieved_2026-10-07.json,545115.0,,Eurostat,EXACT,0.0
HRV,2016,foreign_born,526279.0,A,Eurostat [migr_pop3ctb],evidence/api/eurostat_migr_pop3ctb_2001-2022_retrieved_2026-10-07.json,526279.0,,Eurostat,EXACT,0.0
HRV,2017,foreign_born,512411.0,A,Eurostat [migr_pop3ctb],evidence/api/eurostat_migr_pop3ctb_2001-2022_retrieved_2026-10-07.json,512411.0,,Eurostat,EXACT,0.0
HRV,2018,foreign_born,496265.0,A,Eurostat [migr_pop3ctb],evidence/api/eurostat_migr_pop3ctb_2001-2022_retrieved_2026-10-07.json,496265.0,,Eurostat,EXACT,0.0
HRV,2019,foreign_born,488393.0,A,Eurostat [migr_pop3ctb],evidence/api/eurostat_migr_pop3ctb_2001-2022_retrieved_2026-10-07.json,488393.0,,Eurostat,EXACT,0.0
HRV,2020,foreign_born,486390.0,A,Eurostat [migr_pop3ctb],evidence/api/eurostat_migr_pop3ctb_2001-2022_retrieved_2026-10-07.json,486390.0,,Eurostat,EXACT,0.0
HRV,2021,foreign_born,478056.0,A,Eurostat [migr_pop3ctb],evidence/api/eurostat_migr_pop3ctb_2001-2022_retrieved_2026-10-07.json,478056.0,,Eurostat,EXACT,0.0
HRV,2022,foreign_born,472308.0,A,Eurostat [migr_pop3ctb],evidence/api/eurostat_migr_pop3ctb_2001-2022_retrieved_2026-10-07.json,472308.0,b,Eurostat,EXACT,0.0
CZE,2001,foreign_born,448477.0,A,"OECD International Migration Database (stocks of foreign-born population, measure B14)",evidence/api/oecd/OECD_B14_foreign-born_2001-2022_retrieved_2026-10-07.json,448477.0,"{'OBS_STATUS': {'id': 'A', 'order': 0, 'name': 'Normal value', 'names': {'en': 'Normal value'}}, 'UNIT_MULT': {'id': '0', 'order': 0, 'name': 'Units', 'names': {'en': 'Units'}}, 'DECIMALS': {'id': '0', 'order': 0, 'name': 'Zero', 'names': {'en': 'Zero'}}}",OECD,EXACT,0.0
CZE,2009,foreign_born,384161.0,A,Eurostat [migr_pop3ctb],evidence/api/eurostat_migr_pop3ctb_2001-2022_retrieved_2026-10-07.json,384161.0,,Eurostat,EXACT,0.0
CZE,2010,foreign_born,398493.0,A,Eurostat [migr_pop3ctb],evidence/api/eurostat_migr_pop3ctb_2001-2022_retrieved_2026-10-07.json,398493.0,,Eurostat,EXACT,0.0
CZE,2011,foreign_born,387971.0,A,Eurostat [migr_pop3ctb],evidence/api/eurostat_migr_pop3ctb_2001-2022_retrieved_2026-10-07.json,387971.0,,Eurostat,EXACT,0.0
CZE,2012,foreign_born,390843.0,A,Eurostat [migr_pop3ctb],evidence/api/eurostat_migr_pop3ctb_2001-2022_retrieved_2026-10-07.json,390843.0,,Eurostat,EXACT,0.0
CZE,2013,foreign_born,387337.0,A,Eurostat [migr_pop3ctb],evidence/api/eurostat_migr_pop3ctb_2001-2022_retrieved_2026-10-07.json,387337.0,,Eurostat,EXACT,0.0
CZE,2014,foreign_born,396156.0,A,Eurostat [migr_pop3ctb],evidence/api/eurostat_migr_pop3ctb_2001-2022_retrieved_2026-10-07.json,396156.0,,Eurostat,EXACT,0.0
CZE,2015,foreign_born,416454.0,A,Eurostat [migr_pop3ctb],evidence/api/eurostat_migr_pop3ctb_2001-2022_retrieved_2026-10-07.json,416454.0,,Eurostat,EXACT,0.0
CZE,2016,foreign_born,433290.0,A,Eurostat [migr_pop3ctb],evidence/api/eurostat_migr_pop3ctb_2001-2022_retrieved_2026-10-07.json,433290.0,,Eurostat,EXACT,0.0
CZE,2017,foreign_born,465056.0,A,Eurostat [migr_pop3ctb],evidence/api/eurostat_migr_pop3ctb_2001-2022_retrieved_2026-10-07.json,465056.0,,Eurostat,EXACT,0.0
CZE,2018,foreign_born,467580.0,A,Eurostat [migr_pop3ctb],evidence/api/eurostat_migr_pop3ctb_2001-2022_retrieved_2026-10-07.json,467580.0,,Eurostat,EXACT,0.0
CZE,2019,foreign_born,507051.0,A,Eurostat [migr_pop3ctb],evidence/api/eurostat_migr_pop3ctb_2001-2022_retrieved_2026-10-07.json,507051.0,,Eurostat,EXACT,0.0
CZE,2020,foreign_born,533639.0,A,Eurostat [migr_pop3ctb],evidence/api/eurostat_migr_pop3ctb_2001-2022_retrieved_2026-10-07.json,533639.0,,Eurostat,EXACT,0.0
CZE,2021,foreign_born,409220.0,A,Eurostat [migr_pop3ctb],evidence/api/eurostat_migr_pop3ctb_2001-2022_retrieved_2026-10-07.json,409220.0,b,Eurostat,EXACT,0.0
CZE,2022,foreign_born,685840.0,A,Eurostat [migr_pop3ctb],evidence/api/eurostat_migr_pop3ctb_2001-2022_retrieved_2026-10-07.json,685840.0,b,Eurostat,EXACT,0.0
DNK,2001,foreign_born,308674.0,A,"OECD International Migration Database (stocks of foreign-born population, measure B14)",evidence/api/oecd/OECD_B14_foreign-born_2001-2022_retrieved_2026-10-07.json,308674.0,"{'OBS_STATUS': {'id': 'A', 'order': 0, 'name': 'Normal value', 'names': {'en': 'Normal value'}}, 'UNIT_MULT': {'id': '0', 'order': 0, 'name': 'Units', 'names': {'en': 'Units'}}, 'DECIMALS': {'id': '0', 'order': 0, 'name': 'Zero', 'names': {'en': 'Zero'}}}",OECD,EXACT,0.0
DNK,2002,foreign_born,321794.0,A,"OECD International Migration Database (stocks of foreign-born population, measure B14)",evidence/api/oecd/OECD_B14_foreign-born_2001-2022_retrieved_2026-10-07.json,321794.0,"{'OBS_STATUS': {'id': 'A', 'order': 0, 'name': 'Normal value', 'names': {'en': 'Normal value'}}, 'UNIT_MULT': {'id': '0', 'order': 0, 'name': 'Units', 'names': {'en': 'Units'}}, 'DECIMALS': {'id': '0', 'order': 0, 'name': 'Zero', 'names': {'en': 'Zero'}}}",OECD,EXACT,0.0
DNK,2003,foreign_born,331506.0,A,"OECD International Migration Database (stocks of foreign-born population, measure B14)",evidence/api/oecd/OECD_B14_foreign-born_2001-2022_retrieved_2026-10-07.json,331506.0,"{'OBS_STATUS': {'id': 'A', 'order': 0, 'name': 'Normal value', 'names': {'en': 'Normal value'}}, 'UNIT_MULT': {'id': '0', 'order': 0, 'name': 'Units', 'names': {'en': 'Units'}}, 'DECIMALS': {'id': '0', 'order': 0, 'name': 'Zero', 'names': {'en': 'Zero'}}}",OECD,EXACT,0.0
DNK,2004,foreign_born,337802.0,A,"OECD International Migration Database (stocks of foreign-born population, measure B14)",evidence/api/oecd/OECD_B14_foreign-born_2001-2022_retrieved_2026-10-07.json,337802.0,"{'OBS_STATUS': {'id': 'A', 'order': 0, 'name': 'Normal value', 'names': {'en': 'Normal value'}}, 'UNIT_MULT': {'id': '0', 'order': 0, 'name': 'Units', 'names': {'en': 'Units'}}, 'DECIMALS': {'id': '0', 'order': 0, 'name': 'Zero', 'names': {'en': 'Zero'}}}",OECD,EXACT,0.0
DNK,2005,foreign_born,343367.0,A,"OECD International Migration Database (stocks of foreign-born population, measure B14)",evidence/api/oecd/OECD_B14_foreign-born_2001-2022_retrieved_2026-10-07.json,343367.0,"{'OBS_STATUS': {'id': 'A', 'order': 0, 'name': 'Normal value', 'names': {'en': 'Normal value'}}, 'UNIT_MULT': {'id': '0', 'order': 0, 'name': 'Units', 'names': {'en': 'Units'}}, 'DECIMALS': {'id': '0', 'order': 0, 'name': 'Zero', 'names': {'en': 'Zero'}}}",OECD,EXACT,0.0
DNK,2006,foreign_born,350436.0,A,"OECD International Migration Database (stocks of foreign-born population, measure B14)",evidence/api/oecd/OECD_B14_foreign-born_2001-2022_retrieved_2026-10-07.json,350436.0,"{'OBS_STATUS': {'id': 'A', 'order': 0, 'name': 'Normal value', 'names': {'en': 'Normal value'}}, 'UNIT_MULT': {'id': '0', 'order': 0, 'name': 'Units', 'names': {'en': 'Units'}}, 'DECIMALS': {'id': '0', 'order': 0, 'name': 'Zero', 'names': {'en': 'Zero'}}}",OECD,EXACT,0.0
DNK,2007,foreign_born,360902.0,A,"OECD International Migration Database (stocks of foreign-born population, measure B14)",evidence/api/oecd/OECD_B14_foreign-born_2001-2022_retrieved_2026-10-07.json,360902.0,"{'OBS_STATUS': {'id': 'A', 'order': 0, 'name': 'Normal value', 'names': {'en': 'Normal value'}}, 'UNIT_MULT': {'id': '0', 'order': 0, 'name': 'Units', 'names': {'en': 'Units'}}, 'DECIMALS': {'id': '0', 'order': 0, 'name': 'Zero', 'names': {'en': 'Zero'}}}",OECD,EXACT,0.0
DNK,2008,foreign_born,378665.0,A,"OECD International Migration Database (stocks of foreign-born population, measure B14)",evidence/api/oecd/OECD_B14_foreign-born_2001-2022_retrieved_2026-10-07.json,378665.0,"{'OBS_STATUS': {'id': 'A', 'order': 0, 'name': 'Normal value', 'names': {'en': 'Normal value'}}, 'UNIT_MULT': {'id': '0', 'order': 0, 'name': 'Units', 'names': {'en': 'Units'}}, 'DECIMALS': {'id': '0', 'order': 0, 'name': 'Zero', 'names': {'en': 'Zero'}}}",OECD,EXACT,0.0
DNK,2009,foreign_born,486003.0,A,Eurostat [migr_pop3ctb],evidence/api/eurostat_migr_pop3ctb_2001-2022_retrieved_2026-10-07.json,486003.0,,Eurostat,EXACT,0.0
DNK,2010,foreign_born,500772.0,A,Eurostat [migr_pop3ctb],evidence/api/eurostat_migr_pop3ctb_2001-2022_retrieved_2026-10-07.json,500772.0,,Eurostat,EXACT,0.0
DNK,2011,foreign_born,517230.0,A,Eurostat [migr_pop3ctb],evidence/api/eurostat_migr_pop3ctb_2001-2022_retrieved_2026-10-07.json,517230.0,,Eurostat,EXACT,0.0
DNK,2012,foreign_born,531540.0,A,Eurostat [migr_pop3ctb],evidence/api/eurostat_migr_pop3ctb_2001-2022_retrieved_2026-10-07.json,531540.0,,Eurostat,EXACT,0.0
DNK,2013,foreign_born,548411.0,A,Eurostat [migr_pop3ctb],evidence/api/eurostat_migr_pop3ctb_2001-2022_retrieved_2026-10-07.json,548411.0,,Eurostat,EXACT,0.0
DNK,2014,foreign_born,569596.0,A,Eurostat [migr_pop3ctb],evidence/api/eurostat_migr_pop3ctb_2001-2022_retrieved_2026-10-07.json,569596.0,,Eurostat,EXACT,0.0
DNK,2015,foreign_born,595876.0,A,Eurostat [migr_pop3ctb],evidence/api/eurostat_migr_pop3ctb_2001-2022_retrieved_2026-10-07.json,595876.0,,Eurostat,EXACT,0.0
DNK,2016,foreign_born,636666.0,A,Eurostat [migr_pop3ctb],evidence/api/eurostat_migr_pop3ctb_2001-2022_retrieved_2026-10-07.json,636666.0,,Eurostat,EXACT,0.0
DNK,2017,foreign_born,668090.0,A,Eurostat [migr_pop3ctb],evidence/api/eurostat_migr_pop3ctb_2001-2022_retrieved_2026-10-07.json,668090.0,,Eurostat,EXACT,0.0
DNK,2018,foreign_born,690549.0,A,Eurostat [migr_pop3ctb],evidence/api/eurostat_migr_pop3ctb_2001-2022_retrieved_2026-10-07.json,690549.0,,Eurostat,EXACT,0.0
DNK,2019,foreign_born,707880.0,A,Eurostat [migr_pop3ctb],evidence/api/eurostat_migr_pop3ctb_2001-2022_retrieved_2026-10-07.json,707880.0,,Eurostat,EXACT,0.0
DNK,2020,foreign_born,715936.0,A,Eurostat [migr_pop3ctb],evidence/api/eurostat_migr_pop3ctb_2001-2022_retrieved_2026-10-07.json,715936.0,,Eurostat,EXACT,0.0
DNK,2021,foreign_born,721135.0,A,Eurostat [migr_pop3ctb],evidence/api/eurostat_migr_pop3ctb_2001-2022_retrieved_2026-10-07.json,721135.0,,Eurostat,EXACT,0.0
DNK,2022,foreign_born,745851.0,A,Eurostat [migr_pop3ctb],evidence/api/eurostat_migr_pop3ctb_2001-2022_retrieved_2026-10-07.json,745851.0,,Eurostat,EXACT,0.0
FIN,2001,foreign_born,136203.0,A,"OECD International Migration Database (stocks of foreign-born population, measure B14)",evidence/api/oecd/OECD_B14_foreign-born_2001-2022_retrieved_2026-10-07.json,136203.0,"{'OBS_STATUS': {'id': 'A', 'order': 0, 'name': 'Normal value', 'names': {'en': 'Normal value'}}, 'UNIT_MULT': {'id': '0', 'order': 0, 'name': 'Units', 'names': {'en': 'Units'}}, 'DECIMALS': {'id': '0', 'order': 0, 'name': 'Zero', 'names': {'en': 'Zero'}}}",OECD,EXACT,0.0
FIN,2002,foreign_born,145139.0,A,"OECD International Migration Database (stocks of foreign-born population, measure B14)",evidence/api/oecd/OECD_B14_foreign-born_2001-2022_retrieved_2026-10-07.json,145139.0,"{'OBS_STATUS': {'id': 'A', 'order': 0, 'name': 'Normal value', 'names': {'en': 'Normal value'}}, 'UNIT_MULT': {'id': '0', 'order': 0, 'name': 'Units', 'names': {'en': 'Units'}}, 'DECIMALS': {'id': '0', 'order': 0, 'name': 'Zero', 'names': {'en': 'Zero'}}}",OECD,EXACT,0.0
FIN,2003,foreign_born,152057.0,A,"OECD International Migration Database (stocks of foreign-born population, measure B14)",evidence/api/oecd/OECD_B14_foreign-born_2001-2022_retrieved_2026-10-07.json,152057.0,"{'OBS_STATUS': {'id': 'A', 'order': 0, 'name': 'Normal value', 'names': {'en': 'Normal value'}}, 'UNIT_MULT': {'id': '0', 'order': 0, 'name': 'Units', 'names': {'en': 'Units'}}, 'DECIMALS': {'id': '0', 'order': 0, 'name': 'Zero', 'names': {'en': 'Zero'}}}",OECD,EXACT,0.0
FIN,2004,foreign_born,158867.0,A,"OECD International Migration Database (stocks of foreign-born population, measure B14)",evidence/api/oecd/OECD_B14_foreign-born_2001-2022_retrieved_2026-10-07.json,158867.0,"{'OBS_STATUS': {'id': 'A', 'order': 0, 'name': 'Normal value', 'names': {'en': 'Normal value'}}, 'UNIT_MULT': {'id': '0', 'order': 0, 'name': 'Units', 'names': {'en': 'Units'}}, 'DECIMALS': {'id': '0', 'order': 0, 'name': 'Zero', 'names': {'en': 'Zero'}}}",OECD,EXACT,0.0
FIN,2005,foreign_born,166361.0,A,"OECD International Migration Database (stocks of foreign-born population, measure B14)",evidence/api/oecd/OECD_B14_foreign-born_2001-2022_retrieved_2026-10-07.json,166361.0,"{'OBS_STATUS': {'id': 'A', 'order': 0, 'name': 'Normal value', 'names': {'en': 'Normal value'}}, 'UNIT_MULT': {'id': '0', 'order': 0, 'name': 'Units', 'names': {'en': 'Units'}}, 'DECIMALS': {'id': '0', 'order': 0, 'name': 'Zero', 'names': {'en': 'Zero'}}}",OECD,EXACT,0.0
FIN,2006,foreign_born,176612.0,A,"OECD International Migration Database (stocks of foreign-born population, measure B14)",evidence/api/oecd/OECD_B14_foreign-born_2001-2022_retrieved_2026-10-07.json,176612.0,"{'OBS_STATUS': {'id': 'A', 'order': 0, 'name': 'Normal value', 'names': {'en': 'Normal value'}}, 'UNIT_MULT': {'id': '0', 'order': 0, 'name': 'Units', 'names': {'en': 'Units'}}, 'DECIMALS': {'id': '0', 'order': 0, 'name': 'Zero', 'names': {'en': 'Zero'}}}",OECD,EXACT,0.0
FIN,2007,foreign_born,187910.0,A,"OECD International Migration Database (stocks of foreign-born population, measure B14)",evidence/api/oecd/OECD_B14_foreign-born_2001-2022_retrieved_2026-10-07.json,187910.0,"{'OBS_STATUS': {'id': 'A', 'order': 0, 'name': 'Normal value', 'names': {'en': 'Normal value'}}, 'UNIT_MULT': {'id': '0', 'order': 0, 'name': 'Units', 'names': {'en': 'Units'}}, 'DECIMALS': {'id': '0', 'order': 0, 'name': 'Zero', 'names': {'en': 'Zero'}}}",OECD,EXACT,0.0
FIN,2008,foreign_born,202528.0,A,"OECD International Migration Database (stocks of foreign-born population, measure B14)",evidence/api/oecd/OECD_B14_foreign-born_2001-2022_retrieved_2026-10-07.json,202528.0,"{'OBS_STATUS': {'id': 'A', 'order': 0, 'name': 'Normal value', 'names': {'en': 'Normal value'}}, 'UNIT_MULT': {'id': '0', 'order': 0, 'name': 'Units', 'names': {'en': 'Units'}}, 'DECIMALS': {'id': '0', 'order': 0, 'name': 'Zero', 'names': {'en': 'Zero'}}}",OECD,EXACT,0.0
FIN,2009,foreign_born,214118.0,A,Eurostat [migr_pop3ctb],evidence/api/eurostat_migr_pop3ctb_2001-2022_retrieved_2026-10-07.json,214118.0,,Eurostat,EXACT,0.0
FIN,2010,foreign_born,228481.0,A,Eurostat [migr_pop3ctb],evidence/api/eurostat_migr_pop3ctb_2001-2022_retrieved_2026-10-07.json,228481.0,,Eurostat,EXACT,0.0
FIN,2011,foreign_born,243217.0,A,Eurostat [migr_pop3ctb],evidence/api/eurostat_migr_pop3ctb_2001-2022_retrieved_2026-10-07.json,243217.0,,Eurostat,EXACT,0.0
FIN,2012,foreign_born,260856.0,A,Eurostat [migr_pop3ctb],evidence/api/eurostat_migr_pop3ctb_2001-2022_retrieved_2026-10-07.json,260856.0,,Eurostat,EXACT,0.0
FIN,2013,foreign_born,279743.0,A,Eurostat [migr_pop3ctb],evidence/api/eurostat_migr_pop3ctb_2001-2022_retrieved_2026-10-07.json,279743.0,,Eurostat,EXACT,0.0
FIN,2014,foreign_born,297812.0,A,Eurostat [migr_pop3ctb],evidence/api/eurostat_migr_pop3ctb_2001-2022_retrieved_2026-10-07.json,297812.0,,Eurostat,EXACT,0.0
FIN,2015,foreign_born,314856.0,A,Eurostat [migr_pop3ctb],evidence/api/eurostat_migr_pop3ctb_2001-2022_retrieved_2026-10-07.json,314856.0,,Eurostat,EXACT,0.0
FIN,2016,foreign_born,329219.0,A,Eurostat [migr_pop3ctb],evidence/api/eurostat_migr_pop3ctb_2001-2022_retrieved_2026-10-07.json,329219.0,,Eurostat,EXACT,0.0
FIN,2017,foreign_born,348986.0,A,Eurostat [migr_pop3ctb],evidence/api/eurostat_migr_pop3ctb_2001-2022_retrieved_2026-10-07.json,348986.0,,Eurostat,EXACT,0.0
FIN,2018,foreign_born,363717.0,A,Eurostat [migr_pop3ctb],evidence/api/eurostat_migr_pop3ctb_2001-2022_retrieved_2026-10-07.json,363717.0,,Eurostat,EXACT,0.0
FIN,2019,foreign_born,377360.0,A,Eurostat [migr_pop3ctb],evidence/api/eurostat_migr_pop3ctb_2001-2022_retrieved_2026-10-07.json,377360.0,,Eurostat,EXACT,0.0
FIN,2020,foreign_born,393555.0,A,Eurostat [migr_pop3ctb],evidence/api/eurostat_migr_pop3ctb_2001-2022_retrieved_2026-10-07.json,393555.0,,Eurostat,EXACT,0.0
FIN,2021,foreign_born,408676.0,A,Eurostat [migr_pop3ctb],evidence/api/eurostat_migr_pop3ctb_2001-2022_retrieved_2026-10-07.json,408676.0,,Eurostat,EXACT,0.0
FIN,2022,foreign_born,428409.0,A,Eurostat [migr_pop3ctb],evidence/api/eurostat_migr_pop3ctb_2001-2022_retrieved_2026-10-07.json,428409.0,,Eurostat,EXACT,0.0
FRA,2006,foreign_born,6910060.0,A,"OECD International Migration Database (stocks of foreign-born population, measure B14)",evidence/api/oecd/OECD_B14_foreign-born_2001-2022_retrieved_2026-10-07.json,6910060.0,"{'OBS_STATUS': {'id': 'A', 'order': 0, 'name': 'Normal value', 'names': {'en': 'Normal value'}}, 'UNIT_MULT': {'id': '0', 'order': 0, 'name': 'Units', 'names': {'en': 'Units'}}, 'DECIMALS': {'id': '0', 'order': 0, 'name': 'Zero', 'names': {'en': 'Zero'}}}",OECD,EXACT,0.0
FRA,2007,foreign_born,7013242.0,A,Eurostat [migr_pop3ctb],evidence/api/eurostat_migr_pop3ctb_2001-2022_retrieved_2026-10-07.json,7013242.0,,Eurostat,EXACT,0.0
FRA,2008,foreign_born,7076824.0,A,Eurostat [migr_pop3ctb],evidence/api/eurostat_migr_pop3ctb_2001-2022_retrieved_2026-10-07.json,7076824.0,,Eurostat,EXACT,0.0
FRA,2009,foreign_born,7245620.0,A,Eurostat [migr_pop3ctb],evidence/api/eurostat_migr_pop3ctb_2001-2022_retrieved_2026-10-07.json,7245620.0,,Eurostat,EXACT,0.0
FRA,2010,foreign_born,7309986.0,A,Eurostat [migr_pop3ctb],evidence/api/eurostat_migr_pop3ctb_2001-2022_retrieved_2026-10-07.json,7309986.0,,Eurostat,EXACT,0.0
FRA,2011,foreign_born,7335966.0,A,Eurostat [migr_pop3ctb],evidence/api/eurostat_migr_pop3ctb_2001-2022_retrieved_2026-10-07.json,7335966.0,,Eurostat,EXACT,0.0
FRA,2012,foreign_born,7463157.0,A,Eurostat [migr_pop3ctb],evidence/api/eurostat_migr_pop3ctb_2001-2022_retrieved_2026-10-07.json,7463157.0,b,Eurostat,EXACT,0.0
FRA,2013,foreign_born,7543950.0,A,Eurostat [migr_pop3ctb],evidence/api/eurostat_migr_pop3ctb_2001-2022_retrieved_2026-10-07.json,7543950.0,,Eurostat,EXACT,0.0
FRA,2014,foreign_born,7746520.0,A,Eurostat [migr_pop3ctb],evidence/api/eurostat_migr_pop3ctb_2001-2022_retrieved_2026-10-07.json,7746520.0,b,Eurostat,EXACT,0.0
FRA,2015,foreign_born,7915838.0,A,Eurostat [migr_pop3ctb],evidence/api/eurostat_migr_pop3ctb_2001-2022_retrieved_2026-10-07.json,7915838.0,,Eurostat,EXACT,0.0
FRA,2016,foreign_born,8028227.0,A,Eurostat [migr_pop3ctb],evidence/api/eurostat_migr_pop3ctb_2001-2022_retrieved_2026-10-07.json,8028227.0,,Eurostat,EXACT,0.0
FRA,2017,foreign_born,8098872.0,A,Eurostat [migr_pop3ctb],evidence/api/eurostat_migr_pop3ctb_2001-2022_retrieved_2026-10-07.json,8098872.0,,Eurostat,EXACT,0.0
FRA,2018,foreign_born,8199663.0,A,Eurostat [migr_pop3ctb],evidence/api/eurostat_migr_pop3ctb_2001-2022_retrieved_2026-10-07.json,8199663.0,,Eurostat,EXACT,0.0
FRA,2019,foreign_born,8368280.0,A,Eurostat [migr_pop3ctb],evidence/api/eurostat_migr_pop3ctb_2001-2022_retrieved_2026-10-07.json,8368280.0,,Eurostat,EXACT,0.0
FRA,2020,foreign_born,8473346.0,A,Eurostat [migr_pop3ctb],evidence/api/eurostat_migr_pop3ctb_2001-2022_retrieved_2026-10-07.json,8473346.0,,Eurostat,EXACT,0.0
FRA,2021,foreign_born,8548924.0,A,Eurostat [migr_pop3ctb],evidence/api/eurostat_migr_pop3ctb_2001-2022_retrieved_2026-10-07.json,8548924.0,,Eurostat,EXACT,0.0
FRA,2022,foreign_born,8635504.0,A,Eurostat [migr_pop3ctb],evidence/api/eurostat_migr_pop3ctb_2001-2022_retrieved_2026-10-07.json,8635504.0,,Eurostat,EXACT,0.0
DEU,2006,foreign_born,10371000.0,A,"OECD International Migration Database (stocks of foreign-born population, measure B14)",evidence/api/oecd/OECD_B14_foreign-born_2001-2022_retrieved_2026-10-07.json,10371000.0,"{'OBS_STATUS': {'id': 'A', 'order': 0, 'name': 'Normal value', 'names': {'en': 'Normal value'}}, 'UNIT_MULT': {'id': '0', 'order': 0, 'name': 'Units', 'names': {'en': 'Units'}}, 'DECIMALS': {'id': '0', 'order': 0, 'name': 'Zero', 'names': {'en': 'Zero'}}}",OECD,EXACT,0.0
DEU,2007,foreign_born,10410000.0,A,"OECD International Migration Database (stocks of foreign-born population, measure B14)",evidence/api/oecd/OECD_B14_foreign-born_2001-2022_retrieved_2026-10-07.json,10410000.0,"{'OBS_STATUS': {'id': 'A', 'order': 0, 'name': 'Normal value', 'names': {'en': 'Normal value'}}, 'UNIT_MULT': {'id': '0', 'order': 0, 'name': 'Units', 'names': {'en': 'Units'}}, 'DECIMALS': {'id': '0', 'order': 0, 'name': 'Zero', 'names': {'en': 'Zero'}}}",OECD,EXACT,0.0
DEU,2008,foreign_born,10505000.0,A,"OECD International Migration Database (stocks of foreign-born population, measure B14)",evidence/api/oecd/OECD_B14_foreign-born_2001-2022_retrieved_2026-10-07.json,10505000.0,"{'OBS_STATUS': {'id': 'A', 'order': 0, 'name': 'Normal value', 'names': {'en': 'Normal value'}}, 'UNIT_MULT': {'id': '0', 'order': 0, 'name': 'Units', 'names': {'en': 'Units'}}, 'DECIMALS': {'id': '0', 'order': 0, 'name': 'Zero', 'names': {'en': 'Zero'}}}",OECD,EXACT,0.0
DEU,2009,foreign_born,9548865.0,A,Eurostat [migr_pop3ctb],evidence/api/eurostat_migr_pop3ctb_2001-2022_retrieved_2026-10-07.json,9548865.0,,Eurostat,EXACT,0.0
DEU,2010,foreign_born,9812263.0,A,Eurostat [migr_pop3ctb],evidence/api/eurostat_migr_pop3ctb_2001-2022_retrieved_2026-10-07.json,9812263.0,,Eurostat,EXACT,0.0
DEU,2011,foreign_born,8935603.0,A,Eurostat [migr_pop3ctb],evidence/api/eurostat_migr_pop3ctb_2001-2022_retrieved_2026-10-07.json,8935603.0,b,Eurostat,EXACT,0.0
DEU,2012,foreign_born,9117874.0,A,Eurostat [migr_pop3ctb],evidence/api/eurostat_migr_pop3ctb_2001-2022_retrieved_2026-10-07.json,9117874.0,b,Eurostat,EXACT,0.0
DEU,2013,foreign_born,9456225.0,A,Eurostat [migr_pop3ctb],evidence/api/eurostat_migr_pop3ctb_2001-2022_retrieved_2026-10-07.json,9456225.0,b,Eurostat,EXACT,0.0
DEU,2014,foreign_born,9807877.0,A,Eurostat [migr_pop3ctb],evidence/api/eurostat_migr_pop3ctb_2001-2022_retrieved_2026-10-07.json,9807877.0,e,Eurostat,EXACT,0.0
DEU,2015,foreign_born,10220418.0,A,Eurostat [migr_pop3ctb],evidence/api/eurostat_migr_pop3ctb_2001-2022_retrieved_2026-10-07.json,10220418.0,e,Eurostat,EXACT,0.0
DEU,2016,foreign_born,10908255.0,A,Eurostat [migr_pop3ctb],evidence/api/eurostat_migr_pop3ctb_2001-2022_retrieved_2026-10-07.json,10908255.0,,Eurostat,EXACT,0.0
DEU,2017,foreign_born,12105436.0,A,Eurostat [migr_pop3ctb],evidence/api/eurostat_migr_pop3ctb_2001-2022_retrieved_2026-10-07.json,12105436.0,,Eurostat,EXACT,0.0
DEU,2018,foreign_born,13745843.0,A,Eurostat [migr_pop3ctb],evidence/api/eurostat_migr_pop3ctb_2001-2022_retrieved_2026-10-07.json,13745843.0,,Eurostat,EXACT,0.0
DEU,2019,foreign_born,14879635.0,A,Eurostat [migr_pop3ctb],evidence/api/eurostat_migr_pop3ctb_2001-2022_retrieved_2026-10-07.json,14879635.0,,Eurostat,EXACT,0.0
DEU,2020,foreign_born,15040708.0,A,Eurostat [migr_pop3ctb],evidence/api/eurostat_migr_pop3ctb_2001-2022_retrieved_2026-10-07.json,15040708.0,,Eurostat,EXACT,0.0
DEU,2021,foreign_born,15162728.0,A,Eurostat [migr_pop3ctb],evidence/api/eurostat_migr_pop3ctb_2001-2022_retrieved_2026-10-07.json,15162728.0,,Eurostat,EXACT,0.0
DEU,2022,foreign_born,15287650.0,A,Eurostat [migr_pop3ctb],evidence/api/eurostat_migr_pop3ctb_2001-2022_retrieved_2026-10-07.json,15287650.0,e,Eurostat,EXACT,0.0
HUN,2001,foreign_born,294573.0,A,"OECD International Migration Database (stocks of foreign-born population, measure B14)",evidence/api/oecd/OECD_B14_foreign-born_2001-2022_retrieved_2026-10-07.json,294573.0,"{'OBS_STATUS': {'id': 'A', 'order': 0, 'name': 'Normal value', 'names': {'en': 'Normal value'}}, 'UNIT_MULT': {'id': '0', 'order': 0, 'name': 'Units', 'names': {'en': 'Units'}}, 'DECIMALS': {'id': '0', 'order': 0, 'name': 'Zero', 'names': {'en': 'Zero'}}}",OECD,EXACT,0.0
HUN,2002,foreign_born,300069.0,A,"OECD International Migration Database (stocks of foreign-born population, measure B14)",evidence/api/oecd/OECD_B14_foreign-born_2001-2022_retrieved_2026-10-07.json,300069.0,"{'OBS_STATUS': {'id': 'A', 'order': 0, 'name': 'Normal value', 'names': {'en': 'Normal value'}}, 'UNIT_MULT': {'id': '0', 'order': 0, 'name': 'Units', 'names': {'en': 'Units'}}, 'DECIMALS': {'id': '0', 'order': 0, 'name': 'Zero', 'names': {'en': 'Zero'}}}",OECD,EXACT,0.0
HUN,2003,foreign_born,302750.0,A,"OECD International Migration Database (stocks of foreign-born population, measure B14)",evidence/api/oecd/OECD_B14_foreign-born_2001-2022_retrieved_2026-10-07.json,302750.0,"{'OBS_STATUS': {'id': 'A', 'order': 0, 'name': 'Normal value', 'names': {'en': 'Normal value'}}, 'UNIT_MULT': {'id': '0', 'order': 0, 'name': 'Units', 'names': {'en': 'Units'}}, 'DECIMALS': {'id': '0', 'order': 0, 'name': 'Zero', 'names': {'en': 'Zero'}}}",OECD,EXACT,0.0
HUN,2004,foreign_born,307817.0,A,"OECD International Migration Database (stocks of foreign-born population, measure B14)",evidence/api/oecd/OECD_B14_foreign-born_2001-2022_retrieved_2026-10-07.json,307817.0,"{'OBS_STATUS': {'id': 'A', 'order': 0, 'name': 'Normal value', 'names': {'en': 'Normal value'}}, 'UNIT_MULT': {'id': '0', 'order': 0, 'name': 'Units', 'names': {'en': 'Units'}}, 'DECIMALS': {'id': '0', 'order': 0, 'name': 'Zero', 'names': {'en': 'Zero'}}}",OECD,EXACT,0.0
HUN,2005,foreign_born,319000.0,A,"OECD International Migration Database (stocks of foreign-born population, measure B14)",evidence/api/oecd/OECD_B14_foreign-born_2001-2022_retrieved_2026-10-07.json,319000.0,"{'OBS_STATUS': {'id': 'A', 'order': 0, 'name': 'Normal value', 'names': {'en': 'Normal value'}}, 'UNIT_MULT': {'id': '0', 'order': 0, 'name': 'Units', 'names': {'en': 'Units'}}, 'DECIMALS': {'id': '0', 'order': 0, 'name': 'Zero', 'names': {'en': 'Zero'}}}",OECD,EXACT,0.0
HUN,2006,foreign_born,331493.0,A,"OECD International Migration Database (stocks of foreign-born population, measure B14)",evidence/api/oecd/OECD_B14_foreign-born_2001-2022_retrieved_2026-10-07.json,331493.0,"{'OBS_STATUS': {'id': 'A', 'order': 0, 'name': 'Normal value', 'names': {'en': 'Normal value'}}, 'UNIT_MULT': {'id': '0', 'order': 0, 'name': 'Units', 'names': {'en': 'Units'}}, 'DECIMALS': {'id': '0', 'order': 0, 'name': 'Zero', 'names': {'en': 'Zero'}}}",OECD,EXACT,0.0
HUN,2007,foreign_born,344600.0,A,"OECD International Migration Database (stocks of foreign-born population, measure B14)",evidence/api/oecd/OECD_B14_foreign-born_2001-2022_retrieved_2026-10-07.json,344600.0,"{'OBS_STATUS': {'id': 'A', 'order': 0, 'name': 'Normal value', 'names': {'en': 'Normal value'}}, 'UNIT_MULT': {'id': '0', 'order': 0, 'name': 'Units', 'names': {'en': 'Units'}}, 'DECIMALS': {'id': '0', 'order': 0, 'name': 'Zero', 'names': {'en': 'Zero'}}}",OECD,EXACT,0.0
HUN,2008,foreign_born,381781.0,A,"OECD International Migration Database (stocks of foreign-born population, measure B14)",evidence/api/oecd/OECD_B14_foreign-born_2001-2022_retrieved_2026-10-07.json,381781.0,"{'OBS_STATUS': {'id': 'A', 'order': 0, 'name': 'Normal value', 'names': {'en': 'Normal value'}}, 'UNIT_MULT': {'id': '0', 'order': 0, 'name': 'Units', 'names': {'en': 'Units'}}, 'DECIMALS': {'id': '0', 'order': 0, 'name': 'Zero', 'names': {'en': 'Zero'}}}",OECD,EXACT,0.0
HUN,2009,foreign_born,424031.0,A,Eurostat [migr_pop3ctb],evidence/api/eurostat_migr_pop3ctb_2001-2022_retrieved_2026-10-07.json,424031.0,,Eurostat,EXACT,0.0
HUN,2010,foreign_born,436616.0,A,Eurostat [migr_pop3ctb],evidence/api/eurostat_migr_pop3ctb_2001-2022_retrieved_2026-10-07.json,436616.0,,Eurostat,EXACT,0.0
HUN,2011,foreign_born,443295.0,A,Eurostat [migr_pop3ctb],evidence/api/eurostat_migr_pop3ctb_2001-2022_retrieved_2026-10-07.json,443295.0,,Eurostat,EXACT,0.0
HUN,2012,foreign_born,401769.0,A,Eurostat [migr_pop3ctb],evidence/api/eurostat_migr_pop3ctb_2001-2022_retrieved_2026-10-07.json,401769.0,,Eurostat,EXACT,0.0
HUN,2013,foreign_born,423317.0,A,Eurostat [migr_pop3ctb],evidence/api/eurostat_migr_pop3ctb_2001-2022_retrieved_2026-10-07.json,423317.0,,Eurostat,EXACT,0.0
HUN,2014,foreign_born,447029.0,A,Eurostat [migr_pop3ctb],evidence/api/eurostat_migr_pop3ctb_2001-2022_retrieved_2026-10-07.json,447029.0,,Eurostat,EXACT,0.0
HUN,2015,foreign_born,475508.0,A,Eurostat [migr_pop3ctb],evidence/api/eurostat_migr_pop3ctb_2001-2022_retrieved_2026-10-07.json,475508.0,,Eurostat,EXACT,0.0
HUN,2016,foreign_born,503787.0,A,Eurostat [migr_pop3ctb],evidence/api/eurostat_migr_pop3ctb_2001-2022_retrieved_2026-10-07.json,503787.0,,Eurostat,EXACT,0.0
HUN,2017,foreign_born,513649.0,A,Eurostat [migr_pop3ctb],evidence/api/eurostat_migr_pop3ctb_2001-2022_retrieved_2026-10-07.json,513649.0,,Eurostat,EXACT,0.0
HUN,2018,foreign_born,536182.0,A,Eurostat [migr_pop3ctb],evidence/api/eurostat_migr_pop3ctb_2001-2022_retrieved_2026-10-07.json,536182.0,,Eurostat,EXACT,0.0
HUN,2019,foreign_born,564761.0,A,Eurostat [migr_pop3ctb],evidence/api/eurostat_migr_pop3ctb_2001-2022_retrieved_2026-10-07.json,564761.0,,Eurostat,EXACT,0.0
HUN,2020,foreign_born,593937.0,A,Eurostat [migr_pop3ctb],evidence/api/eurostat_migr_pop3ctb_2001-2022_retrieved_2026-10-07.json,593937.0,,Eurostat,EXACT,0.0
HUN,2021,foreign_born,597440.0,A,Eurostat [migr_pop3ctb],evidence/api/eurostat_migr_pop3ctb_2001-2022_retrieved_2026-10-07.json,597440.0,,Eurostat,EXACT,0.0
HUN,2022,foreign_born,612618.0,A,Eurostat [migr_pop3ctb],evidence/api/eurostat_migr_pop3ctb_2001-2022_retrieved_2026-10-07.json,612618.0,,Eurostat,EXACT,0.0
ISL,2001,foreign_born,16927.0,A,"OECD International Migration Database (stocks of foreign-born population, measure B14)",evidence/api/oecd/OECD_B14_foreign-born_2001-2022_retrieved_2026-10-07.json,16927.0,"{'OBS_STATUS': {'id': 'A', 'order': 0, 'name': 'Normal value', 'names': {'en': 'Normal value'}}, 'UNIT_MULT': {'id': '0', 'order': 0, 'name': 'Units', 'names': {'en': 'Units'}}, 'DECIMALS': {'id': '0', 'order': 0, 'name': 'Zero', 'names': {'en': 'Zero'}}}",OECD,EXACT,0.0
ISL,2002,foreign_born,18338.0,A,"OECD International Migration Database (stocks of foreign-born population, measure B14)",evidence/api/oecd/OECD_B14_foreign-born_2001-2022_retrieved_2026-10-07.json,18338.0,"{'OBS_STATUS': {'id': 'A', 'order': 0, 'name': 'Normal value', 'names': {'en': 'Normal value'}}, 'UNIT_MULT': {'id': '0', 'order': 0, 'name': 'Units', 'names': {'en': 'Units'}}, 'DECIMALS': {'id': '0', 'order': 0, 'name': 'Zero', 'names': {'en': 'Zero'}}}",OECD,EXACT,0.0
ISL,2003,foreign_born,19072.0,A,"OECD International Migration Database (stocks of foreign-born population, measure B14)",evidence/api/oecd/OECD_B14_foreign-born_2001-2022_retrieved_2026-10-07.json,19072.0,"{'OBS_STATUS': {'id': 'A', 'order': 0, 'name': 'Normal value', 'names': {'en': 'Normal value'}}, 'UNIT_MULT': {'id': '0', 'order': 0, 'name': 'Units', 'names': {'en': 'Units'}}, 'DECIMALS': {'id': '0', 'order': 0, 'name': 'Zero', 'names': {'en': 'Zero'}}}",OECD,EXACT,0.0
ISL,2004,foreign_born,19530.0,A,"OECD International Migration Database (stocks of foreign-born population, measure B14)",evidence/api/oecd/OECD_B14_foreign-born_2001-2022_retrieved_2026-10-07.json,19530.0,"{'OBS_STATUS': {'id': 'A', 'order': 0, 'name': 'Normal value', 'names': {'en': 'Normal value'}}, 'UNIT_MULT': {'id': '0', 'order': 0, 'name': 'Units', 'names': {'en': 'Units'}}, 'DECIMALS': {'id': '0', 'order': 0, 'name': 'Zero', 'names': {'en': 'Zero'}}}",OECD,EXACT,0.0
ISL,2005,foreign_born,20669.0,A,"OECD International Migration Database (stocks of foreign-born population, measure B14)",evidence/api/oecd/OECD_B14_foreign-born_2001-2022_retrieved_2026-10-07.json,20669.0,"{'OBS_STATUS': {'id': 'A', 'order': 0, 'name': 'Normal value', 'names': {'en': 'Normal value'}}, 'UNIT_MULT': {'id': '0', 'order': 0, 'name': 'Units', 'names': {'en': 'Units'}}, 'DECIMALS': {'id': '0', 'order': 0, 'name': 'Zero', 'names': {'en': 'Zero'}}}",OECD,EXACT,0.0
ISL,2006,foreign_born,24678.0,A,"OECD International Migration Database (stocks of foreign-born population, measure B14)",evidence/api/oecd/OECD_B14_foreign-born_2001-2022_retrieved_2026-10-07.json,24678.0,"{'OBS_STATUS': {'id': 'A', 'order': 0, 'name': 'Normal value', 'names': {'en': 'Normal value'}}, 'UNIT_MULT': {'id': '0', 'order': 0, 'name': 'Units', 'names': {'en': 'Units'}}, 'DECIMALS': {'id': '0', 'order': 0, 'name': 'Zero', 'names': {'en': 'Zero'}}}",OECD,EXACT,0.0
ISL,2007,foreign_born,30387.0,A,"OECD International Migration Database (stocks of foreign-born population, measure B14)",evidence/api/oecd/OECD_B14_foreign-born_2001-2022_retrieved_2026-10-07.json,30387.0,"{'OBS_STATUS': {'id': 'A', 'order': 0, 'name': 'Normal value', 'names': {'en': 'Normal value'}}, 'UNIT_MULT': {'id': '0', 'order': 0, 'name': 'Units', 'names': {'en': 'Units'}}, 'DECIMALS': {'id': '0', 'order': 0, 'name': 'Zero', 'names': {'en': 'Zero'}}}",OECD,EXACT,0.0
ISL,2008,foreign_born,35885.0,A,Eurostat [migr_pop3ctb],evidence/api/eurostat_migr_pop3ctb_2001-2022_retrieved_2026-10-07.json,35885.0,,Eurostat,EXACT,0.0
ISL,2009,foreign_born,37552.0,A,Eurostat [migr_pop3ctb],evidence/api/eurostat_migr_pop3ctb_2001-2022_retrieved_2026-10-07.json,37552.0,,Eurostat,EXACT,0.0
ISL,2010,foreign_born,35091.0,A,Eurostat [migr_pop3ctb],evidence/api/eurostat_migr_pop3ctb_2001-2022_retrieved_2026-10-07.json,35091.0,,Eurostat,EXACT,0.0
ISL,2011,foreign_born,34650.0,A,Eurostat [migr_pop3ctb],evidence/api/eurostat_migr_pop3ctb_2001-2022_retrieved_2026-10-07.json,34650.0,,Eurostat,EXACT,0.0
ISL,2012,foreign_born,34550.0,A,Eurostat [migr_pop3ctb],evidence/api/eurostat_migr_pop3ctb_2001-2022_retrieved_2026-10-07.json,34550.0,,Eurostat,EXACT,0.0
ISL,2013,foreign_born,35319.0,A,Eurostat [migr_pop3ctb],evidence/api/eurostat_migr_pop3ctb_2001-2022_retrieved_2026-10-07.json,35319.0,,Eurostat,EXACT,0.0
ISL,2014,foreign_born,37116.0,A,Eurostat [migr_pop3ctb],evidence/api/eurostat_migr_pop3ctb_2001-2022_retrieved_2026-10-07.json,37116.0,,Eurostat,EXACT,0.0
ISL,2015,foreign_born,39072.0,A,Eurostat [migr_pop3ctb],evidence/api/eurostat_migr_pop3ctb_2001-2022_retrieved_2026-10-07.json,39072.0,,Eurostat,EXACT,0.0
ISL,2016,foreign_born,41853.0,A,Eurostat [migr_pop3ctb],evidence/api/eurostat_migr_pop3ctb_2001-2022_retrieved_2026-10-07.json,41853.0,,Eurostat,EXACT,0.0
ISL,2017,foreign_born,46080.0,A,Eurostat [migr_pop3ctb],evidence/api/eurostat_migr_pop3ctb_2001-2022_retrieved_2026-10-07.json,46080.0,,Eurostat,EXACT,0.0
ISL,2018,foreign_born,53540.0,A,Eurostat [migr_pop3ctb],evidence/api/eurostat_migr_pop3ctb_2001-2022_retrieved_2026-10-07.json,53540.0,,Eurostat,EXACT,0.0
ISL,2019,foreign_born,59999.0,A,Eurostat [migr_pop3ctb],evidence/api/eurostat_migr_pop3ctb_2001-2022_retrieved_2026-10-07.json,59999.0,,Eurostat,EXACT,0.0
ISL,2020,foreign_born,65205.0,A,Eurostat [migr_pop3ctb],evidence/api/eurostat_migr_pop3ctb_2001-2022_retrieved_2026-10-07.json,65205.0,,Eurostat,EXACT,0.0
ISL,2021,foreign_born,67438.0,A,Eurostat [migr_pop3ctb],evidence/api/eurostat_migr_pop3ctb_2001-2022_retrieved_2026-10-07.json,67438.0,,Eurostat,EXACT,0.0
ISL,2022,foreign_born,71767.0,A,Eurostat [migr_pop3ctb],evidence/api/eurostat_migr_pop3ctb_2001-2022_retrieved_2026-10-07.json,71767.0,,Eurostat,EXACT,0.0
IND,2005,foreign_born,5954999.0,A,UN DESA International Migrant Stock (World Bank indicator SM.POP.TOTL),evidence/api/wb_SM_POP_TOTL_2001-2022_retrieved_2026-10-07.json,5954999.0,,WB,EXACT,0.0
IND,2010,foreign_born,5601237.0,A,UN DESA International Migrant Stock (World Bank indicator SM.POP.TOTL),evidence/api/wb_SM_POP_TOTL_2001-2022_retrieved_2026-10-07.json,5601237.0,,WB,EXACT,0.0
IND,2015,foreign_born,5252296.0,A,UN DESA International Migrant Stock (World Bank indicator SM.POP.TOTL),evidence/api/wb_SM_POP_TOTL_2001-2022_retrieved_2026-10-07.json,5252296.0,,WB,EXACT,0.0
IND,2020,foreign_born,4929816.0,A,UN DESA International Migrant Stock (World Bank indicator SM.POP.TOTL),evidence/api/wb_SM_POP_TOTL_2001-2022_retrieved_2026-10-07.json,4929816.0,,WB,EXACT,0.0
ISR,2001,foreign_born,1958000.0,A,"OECD International Migration Database (stocks of foreign-born population, measure B14)",evidence/api/oecd/OECD_B14_foreign-born_2001-2022_retrieved_2026-10-07.json,1958000.0,"{'OBS_STATUS': {'id': 'A', 'order': 0, 'name': 'Normal value', 'names': {'en': 'Normal value'}}, 'UNIT_MULT': {'id': '0', 'order': 0, 'name': 'Units', 'names': {'en': 'Units'}}, 'DECIMALS': {'id': '0', 'order': 0, 'name': 'Zero', 'names': {'en': 'Zero'}}}",OECD,EXACT,0.0
ISR,2002,foreign_born,1978000.0,A,"OECD International Migration Database (stocks of foreign-born population, measure B14)",evidence/api/oecd/OECD_B14_foreign-born_2001-2022_retrieved_2026-10-07.json,1978000.0,"{'OBS_STATUS': {'id': 'A', 'order': 0, 'name': 'Normal value', 'names': {'en': 'Normal value'}}, 'UNIT_MULT': {'id': '0', 'order': 0, 'name': 'Units', 'names': {'en': 'Units'}}, 'DECIMALS': {'id': '0', 'order': 0, 'name': 'Zero', 'names': {'en': 'Zero'}}}",OECD,EXACT,0.0
ISR,2003,foreign_born,1983000.0,A,"OECD International Migration Database (stocks of foreign-born population, measure B14)",evidence/api/oecd/OECD_B14_foreign-born_2001-2022_retrieved_2026-10-07.json,1983000.0,"{'OBS_STATUS': {'id': 'A', 'order': 0, 'name': 'Normal value', 'names': {'en': 'Normal value'}}, 'UNIT_MULT': {'id': '0', 'order': 0, 'name': 'Units', 'names': {'en': 'Units'}}, 'DECIMALS': {'id': '0', 'order': 0, 'name': 'Zero', 'names': {'en': 'Zero'}}}",OECD,EXACT,0.0
ISR,2004,foreign_born,1975000.0,A,"OECD International Migration Database (stocks of foreign-born population, measure B14)",evidence/api/oecd/OECD_B14_foreign-born_2001-2022_retrieved_2026-10-07.json,1975000.0,"{'OBS_STATUS': {'id': 'A', 'order': 0, 'name': 'Normal value', 'names': {'en': 'Normal value'}}, 'UNIT_MULT': {'id': '0', 'order': 0, 'name': 'Units', 'names': {'en': 'Units'}}, 'DECIMALS': {'id': '0', 'order': 0, 'name': 'Zero', 'names': {'en': 'Zero'}}}",OECD,EXACT,0.0
ISR,2005,foreign_born,1961000.0,A,"OECD International Migration Database (stocks of foreign-born population, measure B14)",evidence/api/oecd/OECD_B14_foreign-born_2001-2022_retrieved_2026-10-07.json,1961000.0,"{'OBS_STATUS': {'id': 'A', 'order': 0, 'name': 'Normal value', 'names': {'en': 'Normal value'}}, 'UNIT_MULT': {'id': '0', 'order': 0, 'name': 'Units', 'names': {'en': 'Units'}}, 'DECIMALS': {'id': '0', 'order': 0, 'name': 'Zero', 'names': {'en': 'Zero'}}}",OECD,EXACT,0.0
ISR,2006,foreign_born,1948000.0,A,"OECD International Migration Database (stocks of foreign-born population, measure B14)",evidence/api/oecd/OECD_B14_foreign-born_2001-2022_retrieved_2026-10-07.json,1948000.0,"{'OBS_STATUS': {'id': 'A', 'order': 0, 'name': 'Normal value', 'names': {'en': 'Normal value'}}, 'UNIT_MULT': {'id': '0', 'order': 0, 'name': 'Units', 'names': {'en': 'Units'}}, 'DECIMALS': {'id': '0', 'order': 0, 'name': 'Zero', 'names': {'en': 'Zero'}}}",OECD,EXACT,0.0
ISR,2007,foreign_born,1930000.0,A,"OECD International Migration Database (stocks of foreign-born population, measure B14)",evidence/api/oecd/OECD_B14_foreign-born_2001-2022_retrieved_2026-10-07.json,1930000.0,"{'OBS_STATUS': {'id': 'A', 'order': 0, 'name': 'Normal value', 'names': {'en': 'Normal value'}}, 'UNIT_MULT': {'id': '0', 'order': 0, 'name': 'Units', 'names': {'en': 'Units'}}, 'DECIMALS': {'id': '0', 'order': 0, 'name': 'Zero', 'names': {'en': 'Zero'}}}",OECD,EXACT,0.0
ISR,2008,foreign_born,1916200.0,A,"OECD International Migration Database (stocks of foreign-born population, measure B14)",evidence/api/oecd/OECD_B14_foreign-born_2001-2022_retrieved_2026-10-07.json,1916200.0,"{'OBS_STATUS': {'id': 'A', 'order': 0, 'name': 'Normal value', 'names': {'en': 'Normal value'}}, 'UNIT_MULT': {'id': '0', 'order': 0, 'name': 'Units', 'names': {'en': 'Units'}}, 'DECIMALS': {'id': '0', 'order': 0, 'name': 'Zero', 'names': {'en': 'Zero'}}}",OECD,EXACT,0.0
ISR,2009,foreign_born,1899400.0,A,"OECD International Migration Database (stocks of foreign-born population, measure B14)",evidence/api/oecd/OECD_B14_foreign-born_2001-2022_retrieved_2026-10-07.json,1899400.0,"{'OBS_STATUS': {'id': 'A', 'order': 0, 'name': 'Normal value', 'names': {'en': 'Normal value'}}, 'UNIT_MULT': {'id': '0', 'order': 0, 'name': 'Units', 'names': {'en': 'Units'}}, 'DECIMALS': {'id': '0', 'order': 0, 'name': 'Zero', 'names': {'en': 'Zero'}}}",OECD,EXACT,0.0
ISR,2010,foreign_born,1877700.0,A,"OECD International Migration Database (stocks of foreign-born population, measure B14)",evidence/api/oecd/OECD_B14_foreign-born_2001-2022_retrieved_2026-10-07.json,1877700.0,"{'OBS_STATUS': {'id': 'A', 'order': 0, 'name': 'Normal value', 'names': {'en': 'Normal value'}}, 'UNIT_MULT': {'id': '0', 'order': 0, 'name': 'Units', 'names': {'en': 'Units'}}, 'DECIMALS': {'id': '0', 'order': 0, 'name': 'Zero', 'names': {'en': 'Zero'}}}",OECD,EXACT,0.0
ISR,2011,foreign_born,1869000.0,A,"OECD International Migration Database (stocks of foreign-born population, measure B14)",evidence/api/oecd/OECD_B14_foreign-born_2001-2022_retrieved_2026-10-07.json,1869000.0,"{'OBS_STATUS': {'id': 'A', 'order': 0, 'name': 'Normal value', 'names': {'en': 'Normal value'}}, 'UNIT_MULT': {'id': '0', 'order': 0, 'name': 'Units', 'names': {'en': 'Units'}}, 'DECIMALS': {'id': '0', 'order': 0, 'name': 'Zero', 'names': {'en': 'Zero'}}}",OECD,EXACT,0.0
ISR,2012,foreign_born,1850000.0,A,"OECD International Migration Database (stocks of foreign-born population, measure B14)",evidence/api/oecd/OECD_B14_foreign-born_2001-2022_retrieved_2026-10-07.json,1850000.0,"{'OBS_STATUS': {'id': 'A', 'order': 0, 'name': 'Normal value', 'names': {'en': 'Normal value'}}, 'UNIT_MULT': {'id': '0', 'order': 0, 'name': 'Units', 'names': {'en': 'Units'}}, 'DECIMALS': {'id': '0', 'order': 0, 'name': 'Zero', 'names': {'en': 'Zero'}}}",OECD,EXACT,0.0
ISR,2013,foreign_born,1835000.0,A,"OECD International Migration Database (stocks of foreign-born population, measure B14)",evidence/api/oecd/OECD_B14_foreign-born_2001-2022_retrieved_2026-10-07.json,1835000.0,"{'OBS_STATUS': {'id': 'A', 'order': 0, 'name': 'Normal value', 'names': {'en': 'Normal value'}}, 'UNIT_MULT': {'id': '0', 'order': 0, 'name': 'Units', 'names': {'en': 'Units'}}, 'DECIMALS': {'id': '0', 'order': 0, 'name': 'Zero', 'names': {'en': 'Zero'}}}",OECD,EXACT,0.0
ISR,2014,foreign_born,1821000.0,A,"OECD International Migration Database (stocks of foreign-born population, measure B14)",evidence/api/oecd/OECD_B14_foreign-born_2001-2022_retrieved_2026-10-07.json,1821000.0,"{'OBS_STATUS': {'id': 'A', 'order': 0, 'name': 'Normal value', 'names': {'en': 'Normal value'}}, 'UNIT_MULT': {'id': '0', 'order': 0, 'name': 'Units', 'names': {'en': 'Units'}}, 'DECIMALS': {'id': '0', 'order': 0, 'name': 'Zero', 'names': {'en': 'Zero'}}}",OECD,EXACT,0.0
ISR,2015,foreign_born,1817000.0,A,"OECD International Migration Database (stocks of foreign-born population, measure B14)",evidence/api/oecd/OECD_B14_foreign-born_2001-2022_retrieved_2026-10-07.json,1817000.0,"{'OBS_STATUS': {'id': 'A', 'order': 0, 'name': 'Normal value', 'names': {'en': 'Normal value'}}, 'UNIT_MULT': {'id': '0', 'order': 0, 'name': 'Units', 'names': {'en': 'Units'}}, 'DECIMALS': {'id': '0', 'order': 0, 'name': 'Zero', 'names': {'en': 'Zero'}}}",OECD,EXACT,0.0
ISR,2016,foreign_born,1817500.0,A,"OECD International Migration Database (stocks of foreign-born population, measure B14)",evidence/api/oecd/OECD_B14_foreign-born_2001-2022_retrieved_2026-10-07.json,1817500.0,"{'OBS_STATUS': {'id': 'A', 'order': 0, 'name': 'Normal value', 'names': {'en': 'Normal value'}}, 'UNIT_MULT': {'id': '0', 'order': 0, 'name': 'Units', 'names': {'en': 'Units'}}, 'DECIMALS': {'id': '0', 'order': 0, 'name': 'Zero', 'names': {'en': 'Zero'}}}",OECD,EXACT,0.0
ISR,2017,foreign_born,1812420.0,A,"OECD International Migration Database (stocks of foreign-born population, measure B14)",evidence/api/oecd/OECD_B14_foreign-born_2001-2022_retrieved_2026-10-07.json,1812420.0,"{'OBS_STATUS': {'id': 'A', 'order': 0, 'name': 'Normal value', 'names': {'en': 'Normal value'}}, 'UNIT_MULT': {'id': '0', 'order': 0, 'name': 'Units', 'names': {'en': 'Units'}}, 'DECIMALS': {'id': '0', 'order': 0, 'name': 'Zero', 'names': {'en': 'Zero'}}}",OECD,EXACT,0.0
ISR,2018,foreign_born,1811240.0,A,"OECD International Migration Database (stocks of foreign-born population, measure B14)",evidence/api/oecd/OECD_B14_foreign-born_2001-2022_retrieved_2026-10-07.json,1811240.0,"{'OBS_STATUS': {'id': 'A', 'order': 0, 'name': 'Normal value', 'names': {'en': 'Normal value'}}, 'UNIT_MULT': {'id': '0', 'order': 0, 'name': 'Units', 'names': {'en': 'Units'}}, 'DECIMALS': {'id': '0', 'order': 0, 'name': 'Zero', 'names': {'en': 'Zero'}}}",OECD,EXACT,0.0
ISR,2019,foreign_born,1808920.0,A,"OECD International Migration Database (stocks of foreign-born population, measure B14)",evidence/api/oecd/OECD_B14_foreign-born_2001-2022_retrieved_2026-10-07.json,1808920.0,"{'OBS_STATUS': {'id': 'A', 'order': 0, 'name': 'Normal value', 'names': {'en': 'Normal value'}}, 'UNIT_MULT': {'id': '0', 'order': 0, 'name': 'Units', 'names': {'en': 'Units'}}, 'DECIMALS': {'id': '0', 'order': 0, 'name': 'Zero', 'names': {'en': 'Zero'}}}",OECD,EXACT,0.0
ISR,2020,foreign_born,1812180.0,A,"OECD International Migration Database (stocks of foreign-born population, measure B14)",evidence/api/oecd/OECD_B14_foreign-born_2001-2022_retrieved_2026-10-07.json,1812180.0,"{'OBS_STATUS': {'id': 'A', 'order': 0, 'name': 'Normal value', 'names': {'en': 'Normal value'}}, 'UNIT_MULT': {'id': '0', 'order': 0, 'name': 'Units', 'names': {'en': 'Units'}}, 'DECIMALS': {'id': '0', 'order': 0, 'name': 'Zero', 'names': {'en': 'Zero'}}}",OECD,EXACT,0.0
ISR,2021,foreign_born,1797300.0,A,"OECD International Migration Database (stocks of foreign-born population, measure B14)",evidence/api/oecd/OECD_B14_foreign-born_2001-2022_retrieved_2026-10-07.json,1797300.0,"{'OBS_STATUS': {'id': 'A', 'order': 0, 'name': 'Normal value', 'names': {'en': 'Normal value'}}, 'UNIT_MULT': {'id': '0', 'order': 0, 'name': 'Units', 'names': {'en': 'Units'}}, 'DECIMALS': {'id': '0', 'order': 0, 'name': 'Zero', 'names': {'en': 'Zero'}}}",OECD,EXACT,0.0
ISR,2022,foreign_born,1792880.0,A,"OECD International Migration Database (stocks of foreign-born population, measure B14)",evidence/api/oecd/OECD_B14_foreign-born_2001-2022_retrieved_2026-10-07.json,1792880.0,"{'OBS_STATUS': {'id': 'A', 'order': 0, 'name': 'Normal value', 'names': {'en': 'Normal value'}}, 'UNIT_MULT': {'id': '0', 'order': 0, 'name': 'Units', 'names': {'en': 'Units'}}, 'DECIMALS': {'id': '0', 'order': 0, 'name': 'Zero', 'names': {'en': 'Zero'}}}",OECD,EXACT,0.0
ITA,2002,foreign_born,2261729.0,A,Eurostat [migr_pop3ctb],evidence/api/eurostat_migr_pop3ctb_2001-2022_retrieved_2026-10-07.json,2261729.0,,Eurostat,EXACT,0.0
ITA,2003,foreign_born,2417218.0,A,Eurostat [migr_pop3ctb],evidence/api/eurostat_migr_pop3ctb_2001-2022_retrieved_2026-10-07.json,2417218.0,,Eurostat,EXACT,0.0
ITA,2004,foreign_born,2817326.0,A,Eurostat [migr_pop3ctb],evidence/api/eurostat_migr_pop3ctb_2001-2022_retrieved_2026-10-07.json,2817326.0,,Eurostat,EXACT,0.0
ITA,2005,foreign_born,3169038.0,A,Eurostat [migr_pop3ctb],evidence/api/eurostat_migr_pop3ctb_2001-2022_retrieved_2026-10-07.json,3169038.0,,Eurostat,EXACT,0.0
ITA,2006,foreign_born,3384810.0,A,Eurostat [migr_pop3ctb],evidence/api/eurostat_migr_pop3ctb_2001-2022_retrieved_2026-10-07.json,3384810.0,,Eurostat,EXACT,0.0
ITA,2007,foreign_born,3563728.0,A,Eurostat [migr_pop3ctb],evidence/api/eurostat_migr_pop3ctb_2001-2022_retrieved_2026-10-07.json,3563728.0,,Eurostat,EXACT,0.0
ITA,2008,foreign_born,3989058.0,A,Eurostat [migr_pop3ctb],evidence/api/eurostat_migr_pop3ctb_2001-2022_retrieved_2026-10-07.json,3989058.0,,Eurostat,EXACT,0.0
ITA,2009,foreign_born,4358808.0,A,Eurostat [migr_pop3ctb],evidence/api/eurostat_migr_pop3ctb_2001-2022_retrieved_2026-10-07.json,4358808.0,,Eurostat,EXACT,0.0
ITA,2010,foreign_born,4597046.0,A,Eurostat [migr_pop3ctb],evidence/api/eurostat_migr_pop3ctb_2001-2022_retrieved_2026-10-07.json,4597046.0,,Eurostat,EXACT,0.0
ITA,2011,foreign_born,4834495.0,A,Eurostat [migr_pop3ctb],evidence/api/eurostat_migr_pop3ctb_2001-2022_retrieved_2026-10-07.json,4834495.0,,Eurostat,EXACT,0.0
ITA,2012,foreign_born,5022967.0,A,Eurostat [migr_pop3ctb],evidence/api/eurostat_migr_pop3ctb_2001-2022_retrieved_2026-10-07.json,5022967.0,,Eurostat,EXACT,0.0
ITA,2013,foreign_born,5220823.0,A,Eurostat [migr_pop3ctb],evidence/api/eurostat_migr_pop3ctb_2001-2022_retrieved_2026-10-07.json,5220823.0,,Eurostat,EXACT,0.0
ITA,2014,foreign_born,5355018.0,A,Eurostat [migr_pop3ctb],evidence/api/eurostat_migr_pop3ctb_2001-2022_retrieved_2026-10-07.json,5355018.0,,Eurostat,EXACT,0.0
ITA,2015,foreign_born,5383252.0,A,Eurostat [migr_pop3ctb],evidence/api/eurostat_migr_pop3ctb_2001-2022_retrieved_2026-10-07.json,5383252.0,,Eurostat,EXACT,0.0
ITA,2016,foreign_born,5656510.0,A,Eurostat [migr_pop3ctb],evidence/api/eurostat_migr_pop3ctb_2001-2022_retrieved_2026-10-07.json,5656510.0,,Eurostat,EXACT,0.0
ITA,2017,foreign_born,5770263.0,A,Eurostat [migr_pop3ctb],evidence/api/eurostat_migr_pop3ctb_2001-2022_retrieved_2026-10-07.json,5770263.0,,Eurostat,EXACT,0.0
ITA,2018,foreign_born,5888837.0,A,Eurostat [migr_pop3ctb],evidence/api/eurostat_migr_pop3ctb_2001-2022_retrieved_2026-10-07.json,5888837.0,,Eurostat,EXACT,0.0
ITA,2019,foreign_born,6069000.0,A,Eurostat [migr_pop3ctb],evidence/api/eurostat_migr_pop3ctb_2001-2022_retrieved_2026-10-07.json,6069000.0,b,Eurostat,EXACT,0.0
ITA,2020,foreign_born,6161391.0,A,Eurostat [migr_pop3ctb],evidence/api/eurostat_migr_pop3ctb_2001-2022_retrieved_2026-10-07.json,6161391.0,,Eurostat,EXACT,0.0
ITA,2021,foreign_born,6262207.0,A,Eurostat [migr_pop3ctb],evidence/api/eurostat_migr_pop3ctb_2001-2022_retrieved_2026-10-07.json,6262207.0,,Eurostat,EXACT,0.0
ITA,2022,foreign_born,6161003.0,A,Eurostat [migr_pop3ctb],evidence/api/eurostat_migr_pop3ctb_2001-2022_retrieved_2026-10-07.json,6161003.0,,Eurostat,EXACT,0.0
KOR,2005,foreign_born,231744.0,A,UN DESA International Migrant Stock (World Bank indicator SM.POP.TOTL),evidence/api/wb_SM_POP_TOTL_2001-2022_retrieved_2026-10-07.json,231744.0,,WB,EXACT,0.0
KOR,2010,foreign_born,566098.0,A,UN DESA International Migrant Stock (retrieved via World Bank indicator SM.POP.TOTL),evidence/api/wb_SM_POP_TOTL_2001-2022_retrieved_2026-10-07.json,566098.0,,WB,EXACT,0.0
KOR,2015,foreign_born,1312172.0,A,UN DESA International Migrant Stock (retrieved via World Bank indicator SM.POP.TOTL),evidence/api/wb_SM_POP_TOTL_2001-2022_retrieved_2026-10-07.json,1312172.0,,WB,EXACT,0.0
KOR,2020,foreign_born,1723389.0,A,UN DESA International Migrant Stock (retrieved via World Bank indicator SM.POP.TOTL),evidence/api/wb_SM_POP_TOTL_2001-2022_retrieved_2026-10-07.json,1723389.0,,WB,EXACT,0.0
LTU,2001,foreign_born,246500.0,A,"OECD International Migration Database (stocks of foreign-born population, measure B14)",evidence/api/oecd/OECD_B14_foreign-born_2001-2022_retrieved_2026-10-07.json,246500.0,"{'OBS_STATUS': {'id': 'A', 'order': 0, 'name': 'Normal value', 'names': {'en': 'Normal value'}}, 'UNIT_MULT': {'id': '0', 'order': 0, 'name': 'Units', 'names': {'en': 'Units'}}, 'DECIMALS': {'id': '0', 'order': 0, 'name': 'Zero', 'names': {'en': 'Zero'}}}",OECD,EXACT,0.0
LTU,2002,foreign_born,218241.0,A,Eurostat [migr_pop3ctb],evidence/api/eurostat_migr_pop3ctb_2001-2022_retrieved_2026-10-07.json,218241.0,,Eurostat,EXACT,0.0
LTU,2003,foreign_born,214034.0,A,Eurostat [migr_pop3ctb],evidence/api/eurostat_migr_pop3ctb_2001-2022_retrieved_2026-10-07.json,214034.0,,Eurostat,EXACT,0.0
LTU,2004,foreign_born,208317.0,A,Eurostat [migr_pop3ctb],evidence/api/eurostat_migr_pop3ctb_2001-2022_retrieved_2026-10-07.json,208317.0,,Eurostat,EXACT,0.0
LTU,2005,foreign_born,201209.0,A,Eurostat [migr_pop3ctb],evidence/api/eurostat_migr_pop3ctb_2001-2022_retrieved_2026-10-07.json,201209.0,,Eurostat,EXACT,0.0
LTU,2006,foreign_born,192071.0,A,Eurostat [migr_pop3ctb],evidence/api/eurostat_migr_pop3ctb_2001-2022_retrieved_2026-10-07.json,192071.0,,Eurostat,EXACT,0.0
LTU,2007,foreign_born,184703.0,A,Eurostat [migr_pop3ctb],evidence/api/eurostat_migr_pop3ctb_2001-2022_retrieved_2026-10-07.json,184703.0,,Eurostat,EXACT,0.0
LTU,2008,foreign_born,177836.0,A,Eurostat [migr_pop3ctb],evidence/api/eurostat_migr_pop3ctb_2001-2022_retrieved_2026-10-07.json,177836.0,,Eurostat,EXACT,0.0
LTU,2009,foreign_born,171179.0,A,Eurostat [migr_pop3ctb],evidence/api/eurostat_migr_pop3ctb_2001-2022_retrieved_2026-10-07.json,171179.0,,Eurostat,EXACT,0.0
LTU,2010,foreign_born,160772.0,A,Eurostat [migr_pop3ctb],evidence/api/eurostat_migr_pop3ctb_2001-2022_retrieved_2026-10-07.json,160772.0,,Eurostat,EXACT,0.0
LTU,2011,foreign_born,149544.0,A,Eurostat [migr_pop3ctb],evidence/api/eurostat_migr_pop3ctb_2001-2022_retrieved_2026-10-07.json,149544.0,,Eurostat,EXACT,0.0
LTU,2012,foreign_born,143675.0,A,Eurostat [migr_pop3ctb],evidence/api/eurostat_migr_pop3ctb_2001-2022_retrieved_2026-10-07.json,143675.0,,Eurostat,EXACT,0.0
LTU,2013,foreign_born,138297.0,A,Eurostat [migr_pop3ctb],evidence/api/eurostat_migr_pop3ctb_2001-2022_retrieved_2026-10-07.json,138297.0,,Eurostat,EXACT,0.0
LTU,2014,foreign_born,133746.0,A,Eurostat [migr_pop3ctb],evidence/api/eurostat_migr_pop3ctb_2001-2022_retrieved_2026-10-07.json,133746.0,,Eurostat,EXACT,0.0
LTU,2015,foreign_born,131929.0,A,Eurostat [migr_pop3ctb],evidence/api/eurostat_migr_pop3ctb_2001-2022_retrieved_2026-10-07.json,131929.0,,Eurostat,EXACT,0.0
LTU,2016,foreign_born,126264.0,A,Eurostat [migr_pop3ctb],evidence/api/eurostat_migr_pop3ctb_2001-2022_retrieved_2026-10-07.json,126264.0,,Eurostat,EXACT,0.0
LTU,2017,foreign_born,124964.0,A,Eurostat [migr_pop3ctb],evidence/api/eurostat_migr_pop3ctb_2001-2022_retrieved_2026-10-07.json,124964.0,,Eurostat,EXACT,0.0
LTU,2018,foreign_born,132127.0,A,Eurostat [migr_pop3ctb],evidence/api/eurostat_migr_pop3ctb_2001-2022_retrieved_2026-10-07.json,132127.0,,Eurostat,EXACT,0.0
LTU,2019,foreign_born,148679.0,A,Eurostat [migr_pop3ctb],evidence/api/eurostat_migr_pop3ctb_2001-2022_retrieved_2026-10-07.json,148679.0,,Eurostat,EXACT,0.0
LTU,2020,foreign_born,153697.0,A,Eurostat [migr_pop3ctb],evidence/api/eurostat_migr_pop3ctb_2001-2022_retrieved_2026-10-07.json,153697.0,,Eurostat,EXACT,0.0
LTU,2021,foreign_born,155586.0,A,Eurostat [migr_pop3ctb],evidence/api/eurostat_migr_pop3ctb_2001-2022_retrieved_2026-10-07.json,155586.0,,Eurostat,EXACT,0.0
LTU,2022,foreign_born,168787.0,A,Eurostat [migr_pop3ctb],evidence/api/eurostat_migr_pop3ctb_2001-2022_retrieved_2026-10-07.json,168787.0,,Eurostat,EXACT,0.0
MEX,2005,foreign_born,611825.0,A,"OECD International Migration Database (stocks of foreign-born population, measure B14)",evidence/api/oecd/OECD_B14_foreign-born_2001-2022_retrieved_2026-10-07.json,611825.0,"{'OBS_STATUS': {'id': 'A', 'order': 0, 'name': 'Normal value', 'names': {'en': 'Normal value'}}, 'UNIT_MULT': {'id': '0', 'order': 0, 'name': 'Units', 'names': {'en': 'Units'}}, 'DECIMALS': {'id': '0', 'order': 0, 'name': 'Zero', 'names': {'en': 'Zero'}}}",OECD,EXACT,0.0
MEX,2006,foreign_born,631194.0,A,"OECD International Migration Database (stocks of foreign-born population, measure B14)",evidence/api/oecd/OECD_B14_foreign-born_2001-2022_retrieved_2026-10-07.json,631194.0,"{'OBS_STATUS': {'id': 'A', 'order': 0, 'name': 'Normal value', 'names': {'en': 'Normal value'}}, 'UNIT_MULT': {'id': '0', 'order': 0, 'name': 'Units', 'names': {'en': 'Units'}}, 'DECIMALS': {'id': '0', 'order': 0, 'name': 'Zero', 'names': {'en': 'Zero'}}}",OECD,EXACT,0.0
MEX,2007,foreign_born,722590.0,A,"OECD International Migration Database (stocks of foreign-born population, measure B14)",evidence/api/oecd/OECD_B14_foreign-born_2001-2022_retrieved_2026-10-07.json,722590.0,"{'OBS_STATUS': {'id': 'A', 'order': 0, 'name': 'Normal value', 'names': {'en': 'Normal value'}}, 'UNIT_MULT': {'id': '0', 'order': 0, 'name': 'Units', 'names': {'en': 'Units'}}, 'DECIMALS': {'id': '0', 'order': 0, 'name': 'Zero', 'names': {'en': 'Zero'}}}",OECD,EXACT,0.0
MEX,2008,foreign_born,772470.0,A,"OECD International Migration Database (stocks of foreign-born population, measure B14)",evidence/api/oecd/OECD_B14_foreign-born_2001-2022_retrieved_2026-10-07.json,772470.0,"{'OBS_STATUS': {'id': 'A', 'order': 0, 'name': 'Normal value', 'names': {'en': 'Normal value'}}, 'UNIT_MULT': {'id': '0', 'order': 0, 'name': 'Units', 'names': {'en': 'Units'}}, 'DECIMALS': {'id': '0', 'order': 0, 'name': 'Zero', 'names': {'en': 'Zero'}}}",OECD,EXACT,0.0
MEX,2009,foreign_born,885651.0,A,"OECD International Migration Database (stocks of foreign-born population, measure B14)",evidence/api/oecd/OECD_B14_foreign-born_2001-2022_retrieved_2026-10-07.json,885651.0,"{'OBS_STATUS': {'id': 'A', 'order': 0, 'name': 'Normal value', 'names': {'en': 'Normal value'}}, 'UNIT_MULT': {'id': '0', 'order': 0, 'name': 'Units', 'names': {'en': 'Units'}}, 'DECIMALS': {'id': '0', 'order': 0, 'name': 'Zero', 'names': {'en': 'Zero'}}}",OECD,EXACT,0.0
MEX,2010,foreign_born,961121.0,A,"OECD International Migration Database (stocks of foreign-born population, measure B14)",evidence/api/oecd/OECD_B14_foreign-born_2001-2022_retrieved_2026-10-07.json,961121.0,"{'OBS_STATUS': {'id': 'A', 'order': 0, 'name': 'Normal value', 'names': {'en': 'Normal value'}}, 'UNIT_MULT': {'id': '0', 'order': 0, 'name': 'Units', 'names': {'en': 'Units'}}, 'DECIMALS': {'id': '0', 'order': 0, 'name': 'Zero', 'names': {'en': 'Zero'}}}",OECD,EXACT,0.0
MEX,2011,foreign_born,966778.0,A,"OECD International Migration Database (stocks of foreign-born population, measure B14)",evidence/api/oecd/OECD_B14_foreign-born_2001-2022_retrieved_2026-10-07.json,966778.0,"{'OBS_STATUS': {'id': 'A', 'order': 0, 'name': 'Normal value', 'names': {'en': 'Normal value'}}, 'UNIT_MULT': {'id': '0', 'order': 0, 'name': 'Units', 'names': {'en': 'Units'}}, 'DECIMALS': {'id': '0', 'order': 0, 'name': 'Zero', 'names': {'en': 'Zero'}}}",OECD,EXACT,0.0
MEX,2012,foreign_born,973650.0,A,"OECD International Migration Database (stocks of foreign-born population, measure B14)",evidence/api/oecd/OECD_B14_foreign-born_2001-2022_retrieved_2026-10-07.json,973650.0,"{'OBS_STATUS': {'id': 'A', 'order': 0, 'name': 'Normal value', 'names': {'en': 'Normal value'}}, 'UNIT_MULT': {'id': '0', 'order': 0, 'name': 'Units', 'names': {'en': 'Units'}}, 'DECIMALS': {'id': '0', 'order': 0, 'name': 'Zero', 'names': {'en': 'Zero'}}}",OECD,EXACT,0.0
MEX,2013,foreign_born,991160.0,A,"OECD International Migration Database (stocks of foreign-born population, measure B14)",evidence/api/oecd/OECD_B14_foreign-born_2001-2022_retrieved_2026-10-07.json,991160.0,"{'OBS_STATUS': {'id': 'A', 'order': 0, 'name': 'Normal value', 'names': {'en': 'Normal value'}}, 'UNIT_MULT': {'id': '0', 'order': 0, 'name': 'Units', 'names': {'en': 'Units'}}, 'DECIMALS': {'id': '0', 'order': 0, 'name': 'Zero', 'names': {'en': 'Zero'}}}",OECD,EXACT,0.0
MEX,2014,foreign_born,939905.0,A,"OECD International Migration Database (stocks of foreign-born population, measure B14)",evidence/api/oecd/OECD_B14_foreign-born_2001-2022_retrieved_2026-10-07.json,939905.0,"{'OBS_STATUS': {'id': 'A', 'order': 0, 'name': 'Normal value', 'names': {'en': 'Normal value'}}, 'UNIT_MULT': {'id': '0', 'order': 0, 'name': 'Units', 'names': {'en': 'Units'}}, 'DECIMALS': {'id': '0', 'order': 0, 'name': 'Zero', 'names': {'en': 'Zero'}}}",OECD,EXACT,0.0
MEX,2015,foreign_born,1007063.0,A,"OECD International Migration Database (stocks of foreign-born population, measure B14)",evidence/api/oecd/OECD_B14_foreign-born_2001-2022_retrieved_2026-10-07.json,1007063.0,"{'OBS_STATUS': {'id': 'A', 'order': 0, 'name': 'Normal value', 'names': {'en': 'Normal value'}}, 'UNIT_MULT': {'id': '0', 'order': 0, 'name': 'Units', 'names': {'en': 'Units'}}, 'DECIMALS': {'id': '0', 'order': 0, 'name': 'Zero', 'names': {'en': 'Zero'}}}",OECD,EXACT,0.0
MEX,2018,foreign_born,1074752.0,A,"OECD International Migration Database (stocks of foreign-born population, measure B14)",evidence/api/oecd/OECD_B14_foreign-born_2001-2022_retrieved_2026-10-07.json,1074752.0,"{'OBS_STATUS': {'id': 'A', 'order': 0, 'name': 'Normal value', 'names': {'en': 'Normal value'}}, 'UNIT_MULT': {'id': '0', 'order': 0, 'name': 'Units', 'names': {'en': 'Units'}}, 'DECIMALS': {'id': '0', 'order': 0, 'name': 'Zero', 'names': {'en': 'Zero'}}}",OECD,EXACT,0.0
MEX,2020,foreign_born,1169883.0,A,"OECD International Migration Database (stocks of foreign-born population, measure B14)",evidence/api/oecd/OECD_B14_foreign-born_2001-2022_retrieved_2026-10-07.json,1169883.0,"{'OBS_STATUS': {'id': 'A', 'order': 0, 'name': 'Normal value', 'names': {'en': 'Normal value'}}, 'UNIT_MULT': {'id': '0', 'order': 0, 'name': 'Units', 'names': {'en': 'Units'}}, 'DECIMALS': {'id': '0', 'order': 0, 'name': 'Zero', 'names': {'en': 'Zero'}}}",OECD,EXACT,0.0
NLD,2001,foreign_born,1615377.0,A,"OECD International Migration Database (stocks of foreign-born population, measure B14)",evidence/api/oecd/OECD_B14_foreign-born_2001-2022_retrieved_2026-10-07.json,1615377.0,"{'OBS_STATUS': {'id': 'A', 'order': 0, 'name': 'Normal value', 'names': {'en': 'Normal value'}}, 'UNIT_MULT': {'id': '0', 'order': 0, 'name': 'Units', 'names': {'en': 'Units'}}, 'DECIMALS': {'id': '0', 'order': 0, 'name': 'Zero', 'names': {'en': 'Zero'}}}",OECD,EXACT,0.0
NLD,2002,foreign_born,1674581.0,A,"OECD International Migration Database (stocks of foreign-born population, measure B14)",evidence/api/oecd/OECD_B14_foreign-born_2001-2022_retrieved_2026-10-07.json,1674581.0,"{'OBS_STATUS': {'id': 'A', 'order': 0, 'name': 'Normal value', 'names': {'en': 'Normal value'}}, 'UNIT_MULT': {'id': '0', 'order': 0, 'name': 'Units', 'names': {'en': 'Units'}}, 'DECIMALS': {'id': '0', 'order': 0, 'name': 'Zero', 'names': {'en': 'Zero'}}}",OECD,EXACT,0.0
NLD,2003,foreign_born,1714155.0,A,"OECD International Migration Database (stocks of foreign-born population, measure B14)",evidence/api/oecd/OECD_B14_foreign-born_2001-2022_retrieved_2026-10-07.json,1714155.0,"{'OBS_STATUS': {'id': 'A', 'order': 0, 'name': 'Normal value', 'names': {'en': 'Normal value'}}, 'UNIT_MULT': {'id': '0', 'order': 0, 'name': 'Units', 'names': {'en': 'Units'}}, 'DECIMALS': {'id': '0', 'order': 0, 'name': 'Zero', 'names': {'en': 'Zero'}}}",OECD,EXACT,0.0
NLD,2004,foreign_born,1731788.0,A,"OECD International Migration Database (stocks of foreign-born population, measure B14)",evidence/api/oecd/OECD_B14_foreign-born_2001-2022_retrieved_2026-10-07.json,1731788.0,"{'OBS_STATUS': {'id': 'A', 'order': 0, 'name': 'Normal value', 'names': {'en': 'Normal value'}}, 'UNIT_MULT': {'id': '0', 'order': 0, 'name': 'Units', 'names': {'en': 'Units'}}, 'DECIMALS': {'id': '0', 'order': 0, 'name': 'Zero', 'names': {'en': 'Zero'}}}",OECD,EXACT,0.0
NLD,2005,foreign_born,1736107.0,A,"OECD International Migration Database (stocks of foreign-born population, measure B14)",evidence/api/oecd/OECD_B14_foreign-born_2001-2022_retrieved_2026-10-07.json,1736107.0,"{'OBS_STATUS': {'id': 'A', 'order': 0, 'name': 'Normal value', 'names': {'en': 'Normal value'}}, 'UNIT_MULT': {'id': '0', 'order': 0, 'name': 'Units', 'names': {'en': 'Units'}}, 'DECIMALS': {'id': '0', 'order': 0, 'name': 'Zero', 'names': {'en': 'Zero'}}}",OECD,EXACT,0.0
NLD,2006,foreign_born,1734722.0,A,"OECD International Migration Database (stocks of foreign-born population, measure B14)",evidence/api/oecd/OECD_B14_foreign-born_2001-2022_retrieved_2026-10-07.json,1734722.0,"{'OBS_STATUS': {'id': 'A', 'order': 0, 'name': 'Normal value', 'names': {'en': 'Normal value'}}, 'UNIT_MULT': {'id': '0', 'order': 0, 'name': 'Units', 'names': {'en': 'Units'}}, 'DECIMALS': {'id': '0', 'order': 0, 'name': 'Zero', 'names': {'en': 'Zero'}}}",OECD,EXACT,0.0
NLD,2007,foreign_born,1732379.0,A,"OECD International Migration Database (stocks of foreign-born population, measure B14)",evidence/api/oecd/OECD_B14_foreign-born_2001-2022_retrieved_2026-10-07.json,1732379.0,"{'OBS_STATUS': {'id': 'A', 'order': 0, 'name': 'Normal value', 'names': {'en': 'Normal value'}}, 'UNIT_MULT': {'id': '0', 'order': 0, 'name': 'Units', 'names': {'en': 'Units'}}, 'DECIMALS': {'id': '0', 'order': 0, 'name': 'Zero', 'names': {'en': 'Zero'}}}",OECD,EXACT,0.0
NLD,2008,foreign_born,1751033.0,A,"OECD International Migration Database (stocks of foreign-born population, measure B14)",evidence/api/oecd/OECD_B14_foreign-born_2001-2022_retrieved_2026-10-07.json,1751033.0,"{'OBS_STATUS': {'id': 'A', 'order': 0, 'name': 'Normal value', 'names': {'en': 'Normal value'}}, 'UNIT_MULT': {'id': '0', 'order': 0, 'name': 'Units', 'names': {'en': 'Units'}}, 'DECIMALS': {'id': '0', 'order': 0, 'name': 'Zero', 'names': {'en': 'Zero'}}}",OECD,EXACT,0.0
NLD,2009,foreign_born,1793744.0,A,Eurostat [migr_pop3ctb],evidence/api/eurostat_migr_pop3ctb_2001-2022_retrieved_2026-10-07.json,1793744.0,,Eurostat,EXACT,0.0
NLD,2010,foreign_born,1832510.0,A,Eurostat [migr_pop3ctb],evidence/api/eurostat_migr_pop3ctb_2001-2022_retrieved_2026-10-07.json,1832510.0,,Eurostat,EXACT,0.0
NLD,2011,foreign_born,1868655.0,A,Eurostat [migr_pop3ctb],evidence/api/eurostat_migr_pop3ctb_2001-2022_retrieved_2026-10-07.json,1868655.0,,Eurostat,EXACT,0.0
NLD,2012,foreign_born,1906295.0,A,Eurostat [migr_pop3ctb],evidence/api/eurostat_migr_pop3ctb_2001-2022_retrieved_2026-10-07.json,1906295.0,,Eurostat,EXACT,0.0
NLD,2013,foreign_born,1927728.0,A,Eurostat [migr_pop3ctb],evidence/api/eurostat_migr_pop3ctb_2001-2022_retrieved_2026-10-07.json,1927728.0,,Eurostat,EXACT,0.0
NLD,2014,foreign_born,1953436.0,A,Eurostat [migr_pop3ctb],evidence/api/eurostat_migr_pop3ctb_2001-2022_retrieved_2026-10-07.json,1953436.0,,Eurostat,EXACT,0.0
NLD,2015,foreign_born,1996318.0,A,Eurostat [migr_pop3ctb],evidence/api/eurostat_migr_pop3ctb_2001-2022_retrieved_2026-10-07.json,1996318.0,,Eurostat,EXACT,0.0
NLD,2016,foreign_born,2056520.0,A,Eurostat [migr_pop3ctb],evidence/api/eurostat_migr_pop3ctb_2001-2022_retrieved_2026-10-07.json,2056520.0,,Eurostat,EXACT,0.0
NLD,2017,foreign_born,2137234.0,A,Eurostat [migr_pop3ctb],evidence/api/eurostat_migr_pop3ctb_2001-2022_retrieved_2026-10-07.json,2137234.0,,Eurostat,EXACT,0.0
NLD,2018,foreign_born,2215849.0,A,Eurostat [migr_pop3ctb],evidence/api/eurostat_migr_pop3ctb_2001-2022_retrieved_2026-10-07.json,2215849.0,,Eurostat,EXACT,0.0
NLD,2019,foreign_born,2298705.0,A,Eurostat [migr_pop3ctb],evidence/api/eurostat_migr_pop3ctb_2001-2022_retrieved_2026-10-07.json,2298705.0,,Eurostat,EXACT,0.0
NLD,2020,foreign_born,2399804.0,A,Eurostat [migr_pop3ctb],evidence/api/eurostat_migr_pop3ctb_2001-2022_retrieved_2026-10-07.json,2399804.0,,Eurostat,EXACT,0.0
NLD,2021,foreign_born,2451157.0,A,Eurostat [migr_pop3ctb],evidence/api/eurostat_migr_pop3ctb_2001-2022_retrieved_2026-10-07.json,2451157.0,,Eurostat,EXACT,0.0
NLD,2022,foreign_born,2550837.0,A,Eurostat [migr_pop3ctb],evidence/api/eurostat_migr_pop3ctb_2001-2022_retrieved_2026-10-07.json,2550837.0,,Eurostat,EXACT,0.0
NZL,2001,foreign_born,698625.0,A,"OECD International Migration Database (stocks of foreign-born population, measure B14)",evidence/api/oecd/OECD_B14_foreign-born_2001-2022_retrieved_2026-10-07.json,698625.0,"{'OBS_STATUS': {'id': 'A', 'order': 0, 'name': 'Normal value', 'names': {'en': 'Normal value'}}, 'UNIT_MULT': {'id': '0', 'order': 0, 'name': 'Units', 'names': {'en': 'Units'}}, 'DECIMALS': {'id': '0', 'order': 0, 'name': 'Zero', 'names': {'en': 'Zero'}}}",OECD,EXACT,0.0
NZL,2005,foreign_born,855017.0,A,UN DESA International Migrant Stock (World Bank indicator SM.POP.TOTL),evidence/api/wb_SM_POP_TOTL_2001-2022_retrieved_2026-10-07.json,855017.0,,WB,EXACT,0.0
NZL,2006,foreign_born,879537.0,A,"OECD International Migration Database (stocks of foreign-born population, measure B14)",evidence/api/oecd/OECD_B14_foreign-born_2001-2022_retrieved_2026-10-07.json,879537.0,"{'OBS_STATUS': {'id': 'A', 'order': 0, 'name': 'Normal value', 'names': {'en': 'Normal value'}}, 'UNIT_MULT': {'id': '0', 'order': 0, 'name': 'Units', 'names': {'en': 'Units'}}, 'DECIMALS': {'id': '0', 'order': 0, 'name': 'Zero', 'names': {'en': 'Zero'}}}",OECD,EXACT,0.0
NZL,2010,foreign_born,956982.0,A,UN DESA International Migrant Stock (retrieved via World Bank indicator SM.POP.TOTL),evidence/api/wb_SM_POP_TOTL_2001-2022_retrieved_2026-10-07.json,956982.0,,WB,EXACT,0.0
NZL,2013,foreign_born,1001772.0,A,"OECD International Migration Database (stocks of foreign-born population, measure B14)",evidence/api/oecd/OECD_B14_foreign-born_2001-2022_retrieved_2026-10-07.json,1001772.0,"{'OBS_STATUS': {'id': 'A', 'order': 0, 'name': 'Normal value', 'names': {'en': 'Normal value'}}, 'UNIT_MULT': {'id': '0', 'order': 0, 'name': 'Units', 'names': {'en': 'Units'}}, 'DECIMALS': {'id': '0', 'order': 0, 'name': 'Zero', 'names': {'en': 'Zero'}}}",OECD,EXACT,0.0
NZL,2015,foreign_born,1132201.0,A,UN DESA International Migrant Stock (retrieved via World Bank indicator SM.POP.TOTL),evidence/api/wb_SM_POP_TOTL_2001-2022_retrieved_2026-10-07.json,1132201.0,,WB,EXACT,0.0
NZL,2018,foreign_born,1329633.0,A,"OECD International Migration Database (stocks of foreign-born population, measure B14)",evidence/api/oecd/OECD_B14_foreign-born_2001-2022_retrieved_2026-10-07.json,1329633.0,"{'OBS_STATUS': {'id': 'A', 'order': 0, 'name': 'Normal value', 'names': {'en': 'Normal value'}}, 'UNIT_MULT': {'id': '0', 'order': 0, 'name': 'Units', 'names': {'en': 'Units'}}, 'DECIMALS': {'id': '0', 'order': 0, 'name': 'Zero', 'names': {'en': 'Zero'}}}",OECD,EXACT,0.0
NZL,2020,foreign_born,1343900.0,A,UN DESA International Migrant Stock (retrieved via World Bank indicator SM.POP.TOTL),evidence/api/wb_SM_POP_TOTL_2001-2022_retrieved_2026-10-07.json,1343900.0,,WB,EXACT,0.0
NOR,2001,foreign_born,305035.0,A,"OECD International Migration Database (stocks of foreign-born population, measure B14)",evidence/api/oecd/OECD_B14_foreign-born_2001-2022_retrieved_2026-10-07.json,305035.0,"{'OBS_STATUS': {'id': 'A', 'order': 0, 'name': 'Normal value', 'names': {'en': 'Normal value'}}, 'UNIT_MULT': {'id': '0', 'order': 0, 'name': 'Units', 'names': {'en': 'Units'}}, 'DECIMALS': {'id': '0', 'order': 0, 'name': 'Zero', 'names': {'en': 'Zero'}}}",OECD,EXACT,0.0
NOR,2002,foreign_born,315147.0,A,"OECD International Migration Database (stocks of foreign-born population, measure B14)",evidence/api/oecd/OECD_B14_foreign-born_2001-2022_retrieved_2026-10-07.json,315147.0,"{'OBS_STATUS': {'id': 'A', 'order': 0, 'name': 'Normal value', 'names': {'en': 'Normal value'}}, 'UNIT_MULT': {'id': '0', 'order': 0, 'name': 'Units', 'names': {'en': 'Units'}}, 'DECIMALS': {'id': '0', 'order': 0, 'name': 'Zero', 'names': {'en': 'Zero'}}}",OECD,EXACT,0.0
NOR,2003,foreign_born,333855.0,A,"OECD International Migration Database (stocks of foreign-born population, measure B14)",evidence/api/oecd/OECD_B14_foreign-born_2001-2022_retrieved_2026-10-07.json,333855.0,"{'OBS_STATUS': {'id': 'A', 'order': 0, 'name': 'Normal value', 'names': {'en': 'Normal value'}}, 'UNIT_MULT': {'id': '0', 'order': 0, 'name': 'Units', 'names': {'en': 'Units'}}, 'DECIMALS': {'id': '0', 'order': 0, 'name': 'Zero', 'names': {'en': 'Zero'}}}",OECD,EXACT,0.0
NOR,2004,foreign_born,347280.0,A,"OECD International Migration Database (stocks of foreign-born population, measure B14)",evidence/api/oecd/OECD_B14_foreign-born_2001-2022_retrieved_2026-10-07.json,347280.0,"{'OBS_STATUS': {'id': 'A', 'order': 0, 'name': 'Normal value', 'names': {'en': 'Normal value'}}, 'UNIT_MULT': {'id': '0', 'order': 0, 'name': 'Units', 'names': {'en': 'Units'}}, 'DECIMALS': {'id': '0', 'order': 0, 'name': 'Zero', 'names': {'en': 'Zero'}}}",OECD,EXACT,0.0
NOR,2005,foreign_born,361143.0,A,"OECD International Migration Database (stocks of foreign-born population, measure B14)",evidence/api/oecd/OECD_B14_foreign-born_2001-2022_retrieved_2026-10-07.json,361143.0,"{'OBS_STATUS': {'id': 'A', 'order': 0, 'name': 'Normal value', 'names': {'en': 'Normal value'}}, 'UNIT_MULT': {'id': '0', 'order': 0, 'name': 'Units', 'names': {'en': 'Units'}}, 'DECIMALS': {'id': '0', 'order': 0, 'name': 'Zero', 'names': {'en': 'Zero'}}}",OECD,EXACT,0.0
NOR,2006,foreign_born,380367.0,A,"OECD International Migration Database (stocks of foreign-born population, measure B14)",evidence/api/oecd/OECD_B14_foreign-born_2001-2022_retrieved_2026-10-07.json,380367.0,"{'OBS_STATUS': {'id': 'A', 'order': 0, 'name': 'Normal value', 'names': {'en': 'Normal value'}}, 'UNIT_MULT': {'id': '0', 'order': 0, 'name': 'Units', 'names': {'en': 'Units'}}, 'DECIMALS': {'id': '0', 'order': 0, 'name': 'Zero', 'names': {'en': 'Zero'}}}",OECD,EXACT,0.0
NOR,2007,foreign_born,405109.0,A,"OECD International Migration Database (stocks of foreign-born population, measure B14)",evidence/api/oecd/OECD_B14_foreign-born_2001-2022_retrieved_2026-10-07.json,405109.0,"{'OBS_STATUS': {'id': 'A', 'order': 0, 'name': 'Normal value', 'names': {'en': 'Normal value'}}, 'UNIT_MULT': {'id': '0', 'order': 0, 'name': 'Units', 'names': {'en': 'Units'}}, 'DECIMALS': {'id': '0', 'order': 0, 'name': 'Zero', 'names': {'en': 'Zero'}}}",OECD,EXACT,0.0
NOR,2008,foreign_born,445360.0,A,"OECD International Migration Database (stocks of foreign-born population, measure B14)",evidence/api/oecd/OECD_B14_foreign-born_2001-2022_retrieved_2026-10-07.json,445360.0,"{'OBS_STATUS': {'id': 'A', 'order': 0, 'name': 'Normal value', 'names': {'en': 'Normal value'}}, 'UNIT_MULT': {'id': '0', 'order': 0, 'name': 'Units', 'names': {'en': 'Units'}}, 'DECIMALS': {'id': '0', 'order': 0, 'name': 'Zero', 'names': {'en': 'Zero'}}}",OECD,EXACT,0.0
NOR,2009,foreign_born,488753.0,A,Eurostat [migr_pop3ctb],evidence/api/eurostat_migr_pop3ctb_2001-2022_retrieved_2026-10-07.json,488753.0,,Eurostat,EXACT,0.0
NOR,2010,foreign_born,529532.0,A,Eurostat [migr_pop3ctb],evidence/api/eurostat_migr_pop3ctb_2001-2022_retrieved_2026-10-07.json,529532.0,,Eurostat,EXACT,0.0
NOR,2011,foreign_born,572231.0,A,Eurostat [migr_pop3ctb],evidence/api/eurostat_migr_pop3ctb_2001-2022_retrieved_2026-10-07.json,572231.0,,Eurostat,EXACT,0.0
NOR,2012,foreign_born,619978.0,A,Eurostat [migr_pop3ctb],evidence/api/eurostat_migr_pop3ctb_2001-2022_retrieved_2026-10-07.json,619978.0,,Eurostat,EXACT,0.0
NOR,2013,foreign_born,668178.0,A,Eurostat [migr_pop3ctb],evidence/api/eurostat_migr_pop3ctb_2001-2022_retrieved_2026-10-07.json,668178.0,,Eurostat,EXACT,0.0
NOR,2014,foreign_born,709566.0,A,Eurostat [migr_pop3ctb],evidence/api/eurostat_migr_pop3ctb_2001-2022_retrieved_2026-10-07.json,709566.0,,Eurostat,EXACT,0.0
NOR,2015,foreign_born,747423.0,A,Eurostat [migr_pop3ctb],evidence/api/eurostat_migr_pop3ctb_2001-2022_retrieved_2026-10-07.json,747423.0,,Eurostat,EXACT,0.0
NOR,2016,foreign_born,778764.0,A,Eurostat [migr_pop3ctb],evidence/api/eurostat_migr_pop3ctb_2001-2022_retrieved_2026-10-07.json,778764.0,,Eurostat,EXACT,0.0
NOR,2017,foreign_born,806618.0,A,Eurostat [migr_pop3ctb],evidence/api/eurostat_migr_pop3ctb_2001-2022_retrieved_2026-10-07.json,806618.0,,Eurostat,EXACT,0.0
NOR,2018,foreign_born,829705.0,A,Eurostat [migr_pop3ctb],evidence/api/eurostat_migr_pop3ctb_2001-2022_retrieved_2026-10-07.json,829705.0,,Eurostat,EXACT,0.0
NOR,2019,foreign_born,849354.0,A,Eurostat [migr_pop3ctb],evidence/api/eurostat_migr_pop3ctb_2001-2022_retrieved_2026-10-07.json,849354.0,,Eurostat,EXACT,0.0
NOR,2020,foreign_born,875977.0,A,Eurostat [migr_pop3ctb],evidence/api/eurostat_migr_pop3ctb_2001-2022_retrieved_2026-10-07.json,875977.0,,Eurostat,EXACT,0.0
NOR,2021,foreign_born,878153.0,A,Eurostat [migr_pop3ctb],evidence/api/eurostat_migr_pop3ctb_2001-2022_retrieved_2026-10-07.json,878153.0,,Eurostat,EXACT,0.0
NOR,2022,foreign_born,906843.0,A,Eurostat [migr_pop3ctb],evidence/api/eurostat_migr_pop3ctb_2001-2022_retrieved_2026-10-07.json,906843.0,,Eurostat,EXACT,0.0
PHL,2005,foreign_born,168741.0,A,UN DESA International Migrant Stock (World Bank indicator SM.POP.TOTL),evidence/api/wb_SM_POP_TOTL_2001-2022_retrieved_2026-10-07.json,168741.0,,WB,EXACT,0.0
PHL,2010,foreign_born,178147.0,A,UN DESA International Migrant Stock (World Bank indicator SM.POP.TOTL),evidence/api/wb_SM_POP_TOTL_2001-2022_retrieved_2026-10-07.json,178147.0,,WB,EXACT,0.0
PHL,2015,foreign_born,131897.0,A,UN DESA International Migrant Stock (World Bank indicator SM.POP.TOTL),evidence/api/wb_SM_POP_TOTL_2001-2022_retrieved_2026-10-07.json,131897.0,,WB,EXACT,0.0
PHL,2020,foreign_born,87212.0,A,UN DESA International Migrant Stock (World Bank indicator SM.POP.TOTL),evidence/api/wb_SM_POP_TOTL_2001-2022_retrieved_2026-10-07.json,87212.0,,WB,EXACT,0.0
POL,2001,foreign_born,776185.0,A,"OECD International Migration Database (stocks of foreign-born population, measure B14)",evidence/api/oecd/OECD_B14_foreign-born_2001-2022_retrieved_2026-10-07.json,776185.0,"{'OBS_STATUS': {'id': 'A', 'order': 0, 'name': 'Normal value', 'names': {'en': 'Normal value'}}, 'UNIT_MULT': {'id': '0', 'order': 0, 'name': 'Units', 'names': {'en': 'Units'}}, 'DECIMALS': {'id': '0', 'order': 0, 'name': 'Zero', 'names': {'en': 'Zero'}}}",OECD,EXACT,0.0
POL,2009,foreign_born,453248.0,A,Eurostat [migr_pop3ctb],evidence/api/eurostat_migr_pop3ctb_2001-2022_retrieved_2026-10-07.json,453248.0,,Eurostat,EXACT,0.0
POL,2010,foreign_born,642417.0,A,Eurostat [migr_pop3ctb],evidence/api/eurostat_migr_pop3ctb_2001-2022_retrieved_2026-10-07.json,642417.0,,Eurostat,EXACT,0.0
POL,2011,foreign_born,637408.0,A,Eurostat [migr_pop3ctb],evidence/api/eurostat_migr_pop3ctb_2001-2022_retrieved_2026-10-07.json,637408.0,p,Eurostat,EXACT,0.0
POL,2012,foreign_born,630478.0,A,Eurostat [migr_pop3ctb],evidence/api/eurostat_migr_pop3ctb_2001-2022_retrieved_2026-10-07.json,630478.0,p,Eurostat,EXACT,0.0
POL,2013,foreign_born,625363.0,A,Eurostat [migr_pop3ctb],evidence/api/eurostat_migr_pop3ctb_2001-2022_retrieved_2026-10-07.json,625363.0,,Eurostat,EXACT,0.0
POL,2014,foreign_born,620308.0,A,Eurostat [migr_pop3ctb],evidence/api/eurostat_migr_pop3ctb_2001-2022_retrieved_2026-10-07.json,620308.0,p,Eurostat,EXACT,0.0
POL,2015,foreign_born,611855.0,A,Eurostat [migr_pop3ctb],evidence/api/eurostat_migr_pop3ctb_2001-2022_retrieved_2026-10-07.json,611855.0,p,Eurostat,EXACT,0.0
POL,2016,foreign_born,626396.0,A,Eurostat [migr_pop3ctb],evidence/api/eurostat_migr_pop3ctb_2001-2022_retrieved_2026-10-07.json,626396.0,p,Eurostat,EXACT,0.0
POL,2017,foreign_born,651845.0,A,Eurostat [migr_pop3ctb],evidence/api/eurostat_migr_pop3ctb_2001-2022_retrieved_2026-10-07.json,651845.0,ep,Eurostat,EXACT,0.0
POL,2018,foreign_born,695850.0,A,Eurostat [migr_pop3ctb],evidence/api/eurostat_migr_pop3ctb_2001-2022_retrieved_2026-10-07.json,695850.0,ep,Eurostat,EXACT,0.0
POL,2019,foreign_born,760849.0,A,Eurostat [migr_pop3ctb],evidence/api/eurostat_migr_pop3ctb_2001-2022_retrieved_2026-10-07.json,760849.0,,Eurostat,EXACT,0.0
POL,2020,foreign_born,849320.0,A,Eurostat [migr_pop3ctb],evidence/api/eurostat_migr_pop3ctb_2001-2022_retrieved_2026-10-07.json,849320.0,ep,Eurostat,EXACT,0.0
POL,2021,foreign_born,935740.0,A,Eurostat [migr_pop3ctb],evidence/api/eurostat_migr_pop3ctb_2001-2022_retrieved_2026-10-07.json,935740.0,,Eurostat,EXACT,0.0
POL,2022,foreign_born,931158.0,A,Eurostat [migr_pop3ctb],evidence/api/eurostat_migr_pop3ctb_2001-2022_retrieved_2026-10-07.json,931158.0,ep,Eurostat,EXACT,0.0
PRT,2002,foreign_born,651472.0,A,"OECD International Migration Database (stocks of foreign-born population, measure B14)",evidence/api/oecd/OECD_B14_foreign-born_2001-2022_retrieved_2026-10-07.json,651472.0,"{'OBS_STATUS': {'id': 'A', 'order': 0, 'name': 'Normal value', 'names': {'en': 'Normal value'}}, 'UNIT_MULT': {'id': '0', 'order': 0, 'name': 'Units', 'names': {'en': 'Units'}}, 'DECIMALS': {'id': '0', 'order': 0, 'name': 'Zero', 'names': {'en': 'Zero'}}}",OECD,EXACT,0.0
PRT,2009,foreign_born,853328.0,A,Eurostat [migr_pop3ctb],evidence/api/eurostat_migr_pop3ctb_2001-2022_retrieved_2026-10-07.json,853328.0,,Eurostat,EXACT,0.0
PRT,2010,foreign_born,762825.0,A,Eurostat [migr_pop3ctb],evidence/api/eurostat_migr_pop3ctb_2001-2022_retrieved_2026-10-07.json,762825.0,,Eurostat,EXACT,0.0
PRT,2011,foreign_born,755484.0,A,Eurostat [migr_pop3ctb],evidence/api/eurostat_migr_pop3ctb_2001-2022_retrieved_2026-10-07.json,755484.0,,Eurostat,EXACT,0.0
PRT,2012,foreign_born,1221227.0,A,Eurostat [migr_pop3ctb],evidence/api/eurostat_migr_pop3ctb_2001-2022_retrieved_2026-10-07.json,1221227.0,,Eurostat,EXACT,0.0
PRT,2013,foreign_born,1197532.0,A,Eurostat [migr_pop3ctb],evidence/api/eurostat_migr_pop3ctb_2001-2022_retrieved_2026-10-07.json,1197532.0,,Eurostat,EXACT,0.0
PRT,2014,foreign_born,1176104.0,A,Eurostat [migr_pop3ctb],evidence/api/eurostat_migr_pop3ctb_2001-2022_retrieved_2026-10-07.json,1176104.0,,Eurostat,EXACT,0.0
PRT,2015,foreign_born,1160656.0,A,Eurostat [migr_pop3ctb],evidence/api/eurostat_migr_pop3ctb_2001-2022_retrieved_2026-10-07.json,1160656.0,,Eurostat,EXACT,0.0
PRT,2016,foreign_born,1170320.0,A,Eurostat [migr_pop3ctb],evidence/api/eurostat_migr_pop3ctb_2001-2022_retrieved_2026-10-07.json,1170320.0,,Eurostat,EXACT,0.0
PRT,2017,foreign_born,1200249.0,A,Eurostat [migr_pop3ctb],evidence/api/eurostat_migr_pop3ctb_2001-2022_retrieved_2026-10-07.json,1200249.0,,Eurostat,EXACT,0.0
PRT,2018,foreign_born,1236888.0,A,Eurostat [migr_pop3ctb],evidence/api/eurostat_migr_pop3ctb_2001-2022_retrieved_2026-10-07.json,1236888.0,,Eurostat,EXACT,0.0
PRT,2019,foreign_born,1307266.0,A,Eurostat [migr_pop3ctb],evidence/api/eurostat_migr_pop3ctb_2001-2022_retrieved_2026-10-07.json,1307266.0,,Eurostat,EXACT,0.0
PRT,2020,foreign_born,1416498.0,A,Eurostat [migr_pop3ctb],evidence/api/eurostat_migr_pop3ctb_2001-2022_retrieved_2026-10-07.json,1416498.0,,Eurostat,EXACT,0.0
PRT,2021,foreign_born,1495524.0,A,Eurostat [migr_pop3ctb],evidence/api/eurostat_migr_pop3ctb_2001-2022_retrieved_2026-10-07.json,1495524.0,,Eurostat,EXACT,0.0
PRT,2022,foreign_born,1568066.0,A,Eurostat [migr_pop3ctb],evidence/api/eurostat_migr_pop3ctb_2001-2022_retrieved_2026-10-07.json,1568066.0,,Eurostat,EXACT,0.0
RUS,2005,foreign_born,11667588.0,A,UN DESA International Migrant Stock (World Bank indicator SM.POP.TOTL),evidence/api/wb_SM_POP_TOTL_2001-2022_retrieved_2026-10-07.json,11667588.0,,WB,EXACT,0.0
RUS,2010,foreign_born,11199727.0,A,UN DESA International Migrant Stock (World Bank indicator SM.POP.TOTL),evidence/api/wb_SM_POP_TOTL_2001-2022_retrieved_2026-10-07.json,11199727.0,,WB,EXACT,0.0
RUS,2015,foreign_born,9098229.0,A,UN DESA International Migrant Stock (World Bank indicator SM.POP.TOTL),evidence/api/wb_SM_POP_TOTL_2001-2022_retrieved_2026-10-07.json,9098229.0,,WB,EXACT,0.0
RUS,2020,foreign_born,7297611.0,A,UN DESA International Migrant Stock (World Bank indicator SM.POP.TOTL),evidence/api/wb_SM_POP_TOTL_2001-2022_retrieved_2026-10-07.json,7297611.0,,WB,EXACT,0.0
SVK,2008,foreign_born,61361.0,A,"OECD International Migration Database (stocks of foreign-born population, measure B14)",evidence/api/oecd/OECD_B14_foreign-born_2001-2022_retrieved_2026-10-07.json,61361.0,"{'OBS_STATUS': {'id': 'A', 'order': 0, 'name': 'Normal value', 'names': {'en': 'Normal value'}}, 'UNIT_MULT': {'id': '0', 'order': 0, 'name': 'Units', 'names': {'en': 'Units'}}, 'DECIMALS': {'id': '0', 'order': 0, 'name': 'Zero', 'names': {'en': 'Zero'}}}",OECD,EXACT,0.0
SVK,2010,foreign_born,64422.0,A,Eurostat [migr_pop3ctb],evidence/api/eurostat_migr_pop3ctb_2001-2022_retrieved_2026-10-07.json,64422.0,,Eurostat,EXACT,0.0
SVK,2011,foreign_born,68135.0,A,Eurostat [migr_pop3ctb],evidence/api/eurostat_migr_pop3ctb_2001-2022_retrieved_2026-10-07.json,68135.0,,Eurostat,EXACT,0.0
SVK,2012,foreign_born,156883.0,A,Eurostat [migr_pop3ctb],evidence/api/eurostat_migr_pop3ctb_2001-2022_retrieved_2026-10-07.json,156883.0,,Eurostat,EXACT,0.0
SVK,2013,foreign_born,158164.0,A,Eurostat [migr_pop3ctb],evidence/api/eurostat_migr_pop3ctb_2001-2022_retrieved_2026-10-07.json,158164.0,,Eurostat,EXACT,0.0
SVK,2014,foreign_born,174908.0,A,Eurostat [migr_pop3ctb],evidence/api/eurostat_migr_pop3ctb_2001-2022_retrieved_2026-10-07.json,174908.0,,Eurostat,EXACT,0.0
SVK,2015,foreign_born,177624.0,A,Eurostat [migr_pop3ctb],evidence/api/eurostat_migr_pop3ctb_2001-2022_retrieved_2026-10-07.json,177624.0,,Eurostat,EXACT,0.0
SVK,2016,foreign_born,181642.0,A,Eurostat [migr_pop3ctb],evidence/api/eurostat_migr_pop3ctb_2001-2022_retrieved_2026-10-07.json,181642.0,,Eurostat,EXACT,0.0
SVK,2017,foreign_born,186217.0,A,Eurostat [migr_pop3ctb],evidence/api/eurostat_migr_pop3ctb_2001-2022_retrieved_2026-10-07.json,186217.0,,Eurostat,EXACT,0.0
SVK,2018,foreign_born,190308.0,A,Eurostat [migr_pop3ctb],evidence/api/eurostat_migr_pop3ctb_2001-2022_retrieved_2026-10-07.json,190308.0,,Eurostat,EXACT,0.0
SVK,2019,foreign_born,194389.0,A,Eurostat [migr_pop3ctb],evidence/api/eurostat_migr_pop3ctb_2001-2022_retrieved_2026-10-07.json,194389.0,,Eurostat,EXACT,0.0
SVK,2020,foreign_born,198429.0,A,Eurostat [migr_pop3ctb],evidence/api/eurostat_migr_pop3ctb_2001-2022_retrieved_2026-10-07.json,198429.0,,Eurostat,EXACT,0.0
SVK,2021,foreign_born,201941.0,A,Eurostat [migr_pop3ctb],evidence/api/eurostat_migr_pop3ctb_2001-2022_retrieved_2026-10-07.json,201941.0,,Eurostat,EXACT,0.0
SVK,2022,foreign_born,213171.0,A,Eurostat [migr_pop3ctb],evidence/api/eurostat_migr_pop3ctb_2001-2022_retrieved_2026-10-07.json,213171.0,,Eurostat,EXACT,0.0
SVN,2001,foreign_born,214946.0,A,"OECD International Migration Database (stocks of foreign-born population, measure B14)",evidence/api/oecd/OECD_B14_foreign-born_2001-2022_retrieved_2026-10-07.json,214946.0,"{'OBS_STATUS': {'id': 'A', 'order': 0, 'name': 'Normal value', 'names': {'en': 'Normal value'}}, 'UNIT_MULT': {'id': '0', 'order': 0, 'name': 'Units', 'names': {'en': 'Units'}}, 'DECIMALS': {'id': '0', 'order': 0, 'name': 'Zero', 'names': {'en': 'Zero'}}}",OECD,EXACT,0.0
SVN,2002,foreign_born,217191.0,A,"OECD International Migration Database (stocks of foreign-born population, measure B14)",evidence/api/oecd/OECD_B14_foreign-born_2001-2022_retrieved_2026-10-07.json,217191.0,"{'OBS_STATUS': {'id': 'A', 'order': 0, 'name': 'Normal value', 'names': {'en': 'Normal value'}}, 'UNIT_MULT': {'id': '0', 'order': 0, 'name': 'Units', 'names': {'en': 'Units'}}, 'DECIMALS': {'id': '0', 'order': 0, 'name': 'Zero', 'names': {'en': 'Zero'}}}",OECD,EXACT,0.0
SVN,2003,foreign_born,217927.0,A,"OECD International Migration Database (stocks of foreign-born population, measure B14)",evidence/api/oecd/OECD_B14_foreign-born_2001-2022_retrieved_2026-10-07.json,217927.0,"{'OBS_STATUS': {'id': 'A', 'order': 0, 'name': 'Normal value', 'names': {'en': 'Normal value'}}, 'UNIT_MULT': {'id': '0', 'order': 0, 'name': 'Units', 'names': {'en': 'Units'}}, 'DECIMALS': {'id': '0', 'order': 0, 'name': 'Zero', 'names': {'en': 'Zero'}}}",OECD,EXACT,0.0
SVN,2004,foreign_born,219531.0,A,"OECD International Migration Database (stocks of foreign-born population, measure B14)",evidence/api/oecd/OECD_B14_foreign-born_2001-2022_retrieved_2026-10-07.json,219531.0,"{'OBS_STATUS': {'id': 'A', 'order': 0, 'name': 'Normal value', 'names': {'en': 'Normal value'}}, 'UNIT_MULT': {'id': '0', 'order': 0, 'name': 'Units', 'names': {'en': 'Units'}}, 'DECIMALS': {'id': '0', 'order': 0, 'name': 'Zero', 'names': {'en': 'Zero'}}}",OECD,EXACT,0.0
SVN,2005,foreign_born,217218.0,A,"OECD International Migration Database (stocks of foreign-born population, measure B14)",evidence/api/oecd/OECD_B14_foreign-born_2001-2022_retrieved_2026-10-07.json,217218.0,"{'OBS_STATUS': {'id': 'A', 'order': 0, 'name': 'Normal value', 'names': {'en': 'Normal value'}}, 'UNIT_MULT': {'id': '0', 'order': 0, 'name': 'Units', 'names': {'en': 'Units'}}, 'DECIMALS': {'id': '0', 'order': 0, 'name': 'Zero', 'names': {'en': 'Zero'}}}",OECD,EXACT,0.0
SVN,2006,foreign_born,222297.0,A,"OECD International Migration Database (stocks of foreign-born population, measure B14)",evidence/api/oecd/OECD_B14_foreign-born_2001-2022_retrieved_2026-10-07.json,222297.0,"{'OBS_STATUS': {'id': 'A', 'order': 0, 'name': 'Normal value', 'names': {'en': 'Normal value'}}, 'UNIT_MULT': {'id': '0', 'order': 0, 'name': 'Units', 'names': {'en': 'Units'}}, 'DECIMALS': {'id': '0', 'order': 0, 'name': 'Zero', 'names': {'en': 'Zero'}}}",OECD,EXACT,0.0
SVN,2007,foreign_born,227463.0,A,"OECD International Migration Database (stocks of foreign-born population, measure B14)",evidence/api/oecd/OECD_B14_foreign-born_2001-2022_retrieved_2026-10-07.json,227463.0,"{'OBS_STATUS': {'id': 'A', 'order': 0, 'name': 'Normal value', 'names': {'en': 'Normal value'}}, 'UNIT_MULT': {'id': '0', 'order': 0, 'name': 'Units', 'names': {'en': 'Units'}}, 'DECIMALS': {'id': '0', 'order': 0, 'name': 'Zero', 'names': {'en': 'Zero'}}}",OECD,EXACT,0.0
SVN,2008,foreign_born,241698.0,A,"OECD International Migration Database (stocks of foreign-born population, measure B14)",evidence/api/oecd/OECD_B14_foreign-born_2001-2022_retrieved_2026-10-07.json,241698.0,"{'OBS_STATUS': {'id': 'A', 'order': 0, 'name': 'Normal value', 'names': {'en': 'Normal value'}}, 'UNIT_MULT': {'id': '0', 'order': 0, 'name': 'Units', 'names': {'en': 'Units'}}, 'DECIMALS': {'id': '0', 'order': 0, 'name': 'Zero', 'names': {'en': 'Zero'}}}",OECD,EXACT,0.0
SVN,2009,foreign_born,243404.0,A,Eurostat [migr_pop3ctb],evidence/api/eurostat_migr_pop3ctb_2001-2022_retrieved_2026-10-07.json,243404.0,b,Eurostat,EXACT,0.0
SVN,2010,foreign_born,253786.0,A,Eurostat [migr_pop3ctb],evidence/api/eurostat_migr_pop3ctb_2001-2022_retrieved_2026-10-07.json,253786.0,,Eurostat,EXACT,0.0
SVN,2011,foreign_born,228588.0,A,Eurostat [migr_pop3ctb],evidence/api/eurostat_migr_pop3ctb_2001-2022_retrieved_2026-10-07.json,228588.0,,Eurostat,EXACT,0.0
SVN,2012,foreign_born,230109.0,A,Eurostat [migr_pop3ctb],evidence/api/eurostat_migr_pop3ctb_2001-2022_retrieved_2026-10-07.json,230109.0,,Eurostat,EXACT,0.0
SVN,2013,foreign_born,232703.0,A,Eurostat [migr_pop3ctb],evidence/api/eurostat_migr_pop3ctb_2001-2022_retrieved_2026-10-07.json,232703.0,,Eurostat,EXACT,0.0
SVN,2014,foreign_born,235310.0,A,Eurostat [migr_pop3ctb],evidence/api/eurostat_migr_pop3ctb_2001-2022_retrieved_2026-10-07.json,235310.0,,Eurostat,EXACT,0.0
SVN,2015,foreign_born,237616.0,A,Eurostat [migr_pop3ctb],evidence/api/eurostat_migr_pop3ctb_2001-2022_retrieved_2026-10-07.json,237616.0,,Eurostat,EXACT,0.0
SVN,2016,foreign_born,241203.0,A,Eurostat [migr_pop3ctb],evidence/api/eurostat_migr_pop3ctb_2001-2022_retrieved_2026-10-07.json,241203.0,,Eurostat,EXACT,0.0
SVN,2017,foreign_born,245369.0,A,Eurostat [migr_pop3ctb],evidence/api/eurostat_migr_pop3ctb_2001-2022_retrieved_2026-10-07.json,245369.0,,Eurostat,EXACT,0.0
SVN,2018,foreign_born,250226.0,A,Eurostat [migr_pop3ctb],evidence/api/eurostat_migr_pop3ctb_2001-2022_retrieved_2026-10-07.json,250226.0,,Eurostat,EXACT,0.0
SVN,2019,foreign_born,265072.0,A,Eurostat [migr_pop3ctb],evidence/api/eurostat_migr_pop3ctb_2001-2022_retrieved_2026-10-07.json,265072.0,,Eurostat,EXACT,0.0
SVN,2020,foreign_born,281621.0,A,Eurostat [migr_pop3ctb],evidence/api/eurostat_migr_pop3ctb_2001-2022_retrieved_2026-10-07.json,281621.0,,Eurostat,EXACT,0.0
SVN,2021,foreign_born,292824.0,A,Eurostat [migr_pop3ctb],evidence/api/eurostat_migr_pop3ctb_2001-2022_retrieved_2026-10-07.json,292824.0,,Eurostat,EXACT,0.0
SVN,2022,foreign_born,294533.0,A,Eurostat [migr_pop3ctb],evidence/api/eurostat_migr_pop3ctb_2001-2022_retrieved_2026-10-07.json,294533.0,,Eurostat,EXACT,0.0
ZAF,2005,foreign_born,1513855.0,A,UN DESA International Migrant Stock (World Bank indicator SM.POP.TOTL),evidence/api/wb_SM_POP_TOTL_2001-2022_retrieved_2026-10-07.json,1513855.0,,WB,EXACT,0.0
ZAF,2010,foreign_born,2274466.0,A,UN DESA International Migrant Stock (World Bank indicator SM.POP.TOTL),evidence/api/wb_SM_POP_TOTL_2001-2022_retrieved_2026-10-07.json,2274466.0,,WB,EXACT,0.0
ZAF,2015,foreign_born,3162564.0,A,UN DESA International Migrant Stock (World Bank indicator SM.POP.TOTL),evidence/api/wb_SM_POP_TOTL_2001-2022_retrieved_2026-10-07.json,3162564.0,,WB,EXACT,0.0
ZAF,2020,foreign_born,2639076.0,A,UN DESA International Migrant Stock (World Bank indicator SM.POP.TOTL),evidence/api/wb_SM_POP_TOTL_2001-2022_retrieved_2026-10-07.json,2639076.0,,WB,EXACT,0.0
ESP,2001,foreign_born,1969270.0,A,"OECD International Migration Database (stocks of foreign-born population, measure B14)",evidence/api/oecd/OECD_B14_foreign-born_2001-2022_retrieved_2026-10-07.json,1969270.0,"{'OBS_STATUS': {'id': 'A', 'order': 0, 'name': 'Normal value', 'names': {'en': 'Normal value'}}, 'UNIT_MULT': {'id': '0', 'order': 0, 'name': 'Units', 'names': {'en': 'Units'}}, 'DECIMALS': {'id': '0', 'order': 0, 'name': 'Zero', 'names': {'en': 'Zero'}}}",OECD,EXACT,0.0
ESP,2002,foreign_born,2334096.0,A,Eurostat [migr_pop3ctb],evidence/api/eurostat_migr_pop3ctb_2001-2022_retrieved_2026-10-07.json,2334096.0,,Eurostat,EXACT,0.0
ESP,2003,foreign_born,2984092.0,A,Eurostat [migr_pop3ctb],evidence/api/eurostat_migr_pop3ctb_2001-2022_retrieved_2026-10-07.json,2984092.0,,Eurostat,EXACT,0.0
ESP,2004,foreign_born,3547669.0,A,Eurostat [migr_pop3ctb],evidence/api/eurostat_migr_pop3ctb_2001-2022_retrieved_2026-10-07.json,3547669.0,,Eurostat,EXACT,0.0
ESP,2005,foreign_born,4107228.0,A,Eurostat [migr_pop3ctb],evidence/api/eurostat_migr_pop3ctb_2001-2022_retrieved_2026-10-07.json,4107228.0,,Eurostat,EXACT,0.0
ESP,2006,foreign_born,4637971.0,A,Eurostat [migr_pop3ctb],evidence/api/eurostat_migr_pop3ctb_2001-2022_retrieved_2026-10-07.json,4637971.0,,Eurostat,EXACT,0.0
ESP,2007,foreign_born,5200060.0,A,Eurostat [migr_pop3ctb],evidence/api/eurostat_migr_pop3ctb_2001-2022_retrieved_2026-10-07.json,5200060.0,,Eurostat,EXACT,0.0
ESP,2008,foreign_born,5878921.0,A,Eurostat [migr_pop3ctb],evidence/api/eurostat_migr_pop3ctb_2001-2022_retrieved_2026-10-07.json,5878921.0,,Eurostat,EXACT,0.0
ESP,2009,foreign_born,6225516.0,A,Eurostat [migr_pop3ctb],evidence/api/eurostat_migr_pop3ctb_2001-2022_retrieved_2026-10-07.json,6225516.0,,Eurostat,EXACT,0.0
ESP,2010,foreign_born,6280062.0,A,Eurostat [migr_pop3ctb],evidence/api/eurostat_migr_pop3ctb_2001-2022_retrieved_2026-10-07.json,6280062.0,,Eurostat,EXACT,0.0
ESP,2011,foreign_born,6282205.0,A,Eurostat [migr_pop3ctb],evidence/api/eurostat_migr_pop3ctb_2001-2022_retrieved_2026-10-07.json,6282205.0,,Eurostat,EXACT,0.0
ESP,2012,foreign_born,6294954.0,A,Eurostat [migr_pop3ctb],evidence/api/eurostat_migr_pop3ctb_2001-2022_retrieved_2026-10-07.json,6294954.0,,Eurostat,EXACT,0.0
ESP,2013,foreign_born,6165635.0,A,Eurostat [migr_pop3ctb],evidence/api/eurostat_migr_pop3ctb_2001-2022_retrieved_2026-10-07.json,6165635.0,,Eurostat,EXACT,0.0
ESP,2014,foreign_born,5952770.0,A,Eurostat [migr_pop3ctb],evidence/api/eurostat_migr_pop3ctb_2001-2022_retrieved_2026-10-07.json,5952770.0,,Eurostat,EXACT,0.0
ESP,2015,foreign_born,5883891.0,A,Eurostat [migr_pop3ctb],evidence/api/eurostat_migr_pop3ctb_2001-2022_retrieved_2026-10-07.json,5883891.0,,Eurostat,EXACT,0.0
ESP,2016,foreign_born,5913165.0,A,Eurostat [migr_pop3ctb],evidence/api/eurostat_migr_pop3ctb_2001-2022_retrieved_2026-10-07.json,5913165.0,,Eurostat,EXACT,0.0
ESP,2017,foreign_born,6014708.0,A,Eurostat [migr_pop3ctb],evidence/api/eurostat_migr_pop3ctb_2001-2022_retrieved_2026-10-07.json,6014708.0,,Eurostat,EXACT,0.0
ESP,2018,foreign_born,6207509.0,A,Eurostat [migr_pop3ctb],evidence/api/eurostat_migr_pop3ctb_2001-2022_retrieved_2026-10-07.json,6207509.0,,Eurostat,EXACT,0.0
ESP,2019,foreign_born,6549309.0,A,Eurostat [migr_pop3ctb],evidence/api/eurostat_migr_pop3ctb_2001-2022_retrieved_2026-10-07.json,6549309.0,,Eurostat,EXACT,0.0
ESP,2020,foreign_born,7014753.0,A,Eurostat [migr_pop3ctb],evidence/api/eurostat_migr_pop3ctb_2001-2022_retrieved_2026-10-07.json,7014753.0,,Eurostat,EXACT,0.0
ESP,2021,foreign_born,7254797.0,A,Eurostat [migr_pop3ctb],evidence/api/eurostat_migr_pop3ctb_2001-2022_retrieved_2026-10-07.json,7254797.0,,Eurostat,EXACT,0.0
ESP,2022,foreign_born,7468144.0,A,Eurostat [migr_pop3ctb],evidence/api/eurostat_migr_pop3ctb_2001-2022_retrieved_2026-10-07.json,7468144.0,,Eurostat,EXACT,0.0
SUR,2005,foreign_born,33662.0,A,UN DESA International Migrant Stock (World Bank indicator SM.POP.TOTL),evidence/api/wb_SM_POP_TOTL_2001-2022_retrieved_2026-10-07.json,33662.0,,WB,EXACT,0.0
SUR,2010,foreign_born,39713.0,A,UN DESA International Migrant Stock (World Bank indicator SM.POP.TOTL),evidence/api/wb_SM_POP_TOTL_2001-2022_retrieved_2026-10-07.json,39713.0,,WB,EXACT,0.0
SUR,2015,foreign_born,43127.0,A,UN DESA International Migrant Stock (World Bank indicator SM.POP.TOTL),evidence/api/wb_SM_POP_TOTL_2001-2022_retrieved_2026-10-07.json,43127.0,,WB,EXACT,0.0
SUR,2020,foreign_born,47801.0,A,UN DESA International Migrant Stock (World Bank indicator SM.POP.TOTL),evidence/api/wb_SM_POP_TOTL_2001-2022_retrieved_2026-10-07.json,47801.0,,WB,EXACT,0.0
SWE,2001,foreign_born,1003798.0,A,"OECD International Migration Database (stocks of foreign-born population, measure B14)",evidence/api/oecd/OECD_B14_foreign-born_2001-2022_retrieved_2026-10-07.json,1003798.0,"{'OBS_STATUS': {'id': 'A', 'order': 0, 'name': 'Normal value', 'names': {'en': 'Normal value'}}, 'UNIT_MULT': {'id': '0', 'order': 0, 'name': 'Units', 'names': {'en': 'Units'}}, 'DECIMALS': {'id': '0', 'order': 0, 'name': 'Zero', 'names': {'en': 'Zero'}}}",OECD,EXACT,0.0
SWE,2002,foreign_born,1027974.0,A,"OECD International Migration Database (stocks of foreign-born population, measure B14)",evidence/api/oecd/OECD_B14_foreign-born_2001-2022_retrieved_2026-10-07.json,1027974.0,"{'OBS_STATUS': {'id': 'A', 'order': 0, 'name': 'Normal value', 'names': {'en': 'Normal value'}}, 'UNIT_MULT': {'id': '0', 'order': 0, 'name': 'Units', 'names': {'en': 'Units'}}, 'DECIMALS': {'id': '0', 'order': 0, 'name': 'Zero', 'names': {'en': 'Zero'}}}",OECD,EXACT,0.0
SWE,2003,foreign_born,1053463.0,A,"OECD International Migration Database (stocks of foreign-born population, measure B14)",evidence/api/oecd/OECD_B14_foreign-born_2001-2022_retrieved_2026-10-07.json,1053463.0,"{'OBS_STATUS': {'id': 'A', 'order': 0, 'name': 'Normal value', 'names': {'en': 'Normal value'}}, 'UNIT_MULT': {'id': '0', 'order': 0, 'name': 'Units', 'names': {'en': 'Units'}}, 'DECIMALS': {'id': '0', 'order': 0, 'name': 'Zero', 'names': {'en': 'Zero'}}}",OECD,EXACT,0.0
SWE,2004,foreign_born,1078075.0,A,"OECD International Migration Database (stocks of foreign-born population, measure B14)",evidence/api/oecd/OECD_B14_foreign-born_2001-2022_retrieved_2026-10-07.json,1078075.0,"{'OBS_STATUS': {'id': 'A', 'order': 0, 'name': 'Normal value', 'names': {'en': 'Normal value'}}, 'UNIT_MULT': {'id': '0', 'order': 0, 'name': 'Units', 'names': {'en': 'Units'}}, 'DECIMALS': {'id': '0', 'order': 0, 'name': 'Zero', 'names': {'en': 'Zero'}}}",OECD,EXACT,0.0
SWE,2005,foreign_born,1100262.0,A,"OECD International Migration Database (stocks of foreign-born population, measure B14)",evidence/api/oecd/OECD_B14_foreign-born_2001-2022_retrieved_2026-10-07.json,1100262.0,"{'OBS_STATUS': {'id': 'A', 'order': 0, 'name': 'Normal value', 'names': {'en': 'Normal value'}}, 'UNIT_MULT': {'id': '0', 'order': 0, 'name': 'Units', 'names': {'en': 'Units'}}, 'DECIMALS': {'id': '0', 'order': 0, 'name': 'Zero', 'names': {'en': 'Zero'}}}",OECD,EXACT,0.0
SWE,2006,foreign_born,1125790.0,A,"OECD International Migration Database (stocks of foreign-born population, measure B14)",evidence/api/oecd/OECD_B14_foreign-born_2001-2022_retrieved_2026-10-07.json,1125790.0,"{'OBS_STATUS': {'id': 'A', 'order': 0, 'name': 'Normal value', 'names': {'en': 'Normal value'}}, 'UNIT_MULT': {'id': '0', 'order': 0, 'name': 'Units', 'names': {'en': 'Units'}}, 'DECIMALS': {'id': '0', 'order': 0, 'name': 'Zero', 'names': {'en': 'Zero'}}}",OECD,EXACT,0.0
SWE,2007,foreign_born,1175200.0,A,"OECD International Migration Database (stocks of foreign-born population, measure B14)",evidence/api/oecd/OECD_B14_foreign-born_2001-2022_retrieved_2026-10-07.json,1175200.0,"{'OBS_STATUS': {'id': 'A', 'order': 0, 'name': 'Normal value', 'names': {'en': 'Normal value'}}, 'UNIT_MULT': {'id': '0', 'order': 0, 'name': 'Units', 'names': {'en': 'Units'}}, 'DECIMALS': {'id': '0', 'order': 0, 'name': 'Zero', 'names': {'en': 'Zero'}}}",OECD,EXACT,0.0
SWE,2008,foreign_born,1227770.0,A,"OECD International Migration Database (stocks of foreign-born population, measure B14)",evidence/api/oecd/OECD_B14_foreign-born_2001-2022_retrieved_2026-10-07.json,1227770.0,"{'OBS_STATUS': {'id': 'A', 'order': 0, 'name': 'Normal value', 'names': {'en': 'Normal value'}}, 'UNIT_MULT': {'id': '0', 'order': 0, 'name': 'Units', 'names': {'en': 'Units'}}, 'DECIMALS': {'id': '0', 'order': 0, 'name': 'Zero', 'names': {'en': 'Zero'}}}",OECD,EXACT,0.0
SWE,2009,foreign_born,1280908.0,A,Eurostat [migr_pop3ctb],evidence/api/eurostat_migr_pop3ctb_2001-2022_retrieved_2026-10-07.json,1280908.0,,Eurostat,EXACT,0.0
SWE,2010,foreign_born,1337214.0,A,Eurostat [migr_pop3ctb],evidence/api/eurostat_migr_pop3ctb_2001-2022_retrieved_2026-10-07.json,1337214.0,,Eurostat,EXACT,0.0
SWE,2011,foreign_born,1384111.0,A,Eurostat [migr_pop3ctb],evidence/api/eurostat_migr_pop3ctb_2001-2022_retrieved_2026-10-07.json,1384111.0,,Eurostat,EXACT,0.0
SWE,2012,foreign_born,1426402.0,A,Eurostat [migr_pop3ctb],evidence/api/eurostat_migr_pop3ctb_2001-2022_retrieved_2026-10-07.json,1426402.0,,Eurostat,EXACT,0.0
SWE,2013,foreign_born,1472353.0,A,Eurostat [migr_pop3ctb],evidence/api/eurostat_migr_pop3ctb_2001-2022_retrieved_2026-10-07.json,1472353.0,,Eurostat,EXACT,0.0
SWE,2014,foreign_born,1532563.0,A,Eurostat [migr_pop3ctb],evidence/api/eurostat_migr_pop3ctb_2001-2022_retrieved_2026-10-07.json,1532563.0,,Eurostat,EXACT,0.0
SWE,2015,foreign_born,1602522.0,A,Eurostat [migr_pop3ctb],evidence/api/eurostat_migr_pop3ctb_2001-2022_retrieved_2026-10-07.json,1602522.0,,Eurostat,EXACT,0.0
SWE,2016,foreign_born,1675116.0,A,Eurostat [migr_pop3ctb],evidence/api/eurostat_migr_pop3ctb_2001-2022_retrieved_2026-10-07.json,1675116.0,,Eurostat,EXACT,0.0
SWE,2017,foreign_born,1783179.0,A,Eurostat [migr_pop3ctb],evidence/api/eurostat_migr_pop3ctb_2001-2022_retrieved_2026-10-07.json,1783179.0,,Eurostat,EXACT,0.0
SWE,2018,foreign_born,1875637.0,A,Eurostat [migr_pop3ctb],evidence/api/eurostat_migr_pop3ctb_2001-2022_retrieved_2026-10-07.json,1875637.0,,Eurostat,EXACT,0.0
SWE,2019,foreign_born,1954065.0,A,Eurostat [migr_pop3ctb],evidence/api/eurostat_migr_pop3ctb_2001-2022_retrieved_2026-10-07.json,1954065.0,,Eurostat,EXACT,0.0
SWE,2020,foreign_born,2018191.0,A,Eurostat [migr_pop3ctb],evidence/api/eurostat_migr_pop3ctb_2001-2022_retrieved_2026-10-07.json,2018191.0,,Eurostat,EXACT,0.0
SWE,2021,foreign_born,2045234.0,A,Eurostat [migr_pop3ctb],evidence/api/eurostat_migr_pop3ctb_2001-2022_retrieved_2026-10-07.json,2045234.0,,Eurostat,EXACT,0.0
SWE,2022,foreign_born,2089008.0,A,Eurostat [migr_pop3ctb],evidence/api/eurostat_migr_pop3ctb_2001-2022_retrieved_2026-10-07.json,2089008.0,,Eurostat,EXACT,0.0
CHE,2001,foreign_born,1570756.0,A,"OECD International Migration Database (stocks of foreign-born population, measure B14)",evidence/api/oecd/OECD_B14_foreign-born_2001-2022_retrieved_2026-10-07.json,1570756.0,"{'OBS_STATUS': {'id': 'A', 'order': 0, 'name': 'Normal value', 'names': {'en': 'Normal value'}}, 'UNIT_MULT': {'id': '0', 'order': 0, 'name': 'Units', 'names': {'en': 'Units'}}, 'DECIMALS': {'id': '0', 'order': 0, 'name': 'Zero', 'names': {'en': 'Zero'}}}",OECD,EXACT,0.0
CHE,2011,foreign_born,1940349.0,A,Eurostat [migr_pop3ctb],evidence/api/eurostat_migr_pop3ctb_2001-2022_retrieved_2026-10-07.json,1940349.0,b,Eurostat,EXACT,0.0
CHE,2012,foreign_born,2033702.0,A,Eurostat [migr_pop3ctb],evidence/api/eurostat_migr_pop3ctb_2001-2022_retrieved_2026-10-07.json,2033702.0,,Eurostat,EXACT,0.0
CHE,2013,foreign_born,2102964.0,A,Eurostat [migr_pop3ctb],evidence/api/eurostat_migr_pop3ctb_2001-2022_retrieved_2026-10-07.json,2102964.0,,Eurostat,EXACT,0.0
CHE,2014,foreign_born,2183206.0,A,Eurostat [migr_pop3ctb],evidence/api/eurostat_migr_pop3ctb_2001-2022_retrieved_2026-10-07.json,2183206.0,,Eurostat,EXACT,0.0
CHE,2015,foreign_born,2258196.0,A,Eurostat [migr_pop3ctb],evidence/api/eurostat_migr_pop3ctb_2001-2022_retrieved_2026-10-07.json,2258196.0,,Eurostat,EXACT,0.0
CHE,2016,foreign_born,2324461.0,A,Eurostat [migr_pop3ctb],evidence/api/eurostat_migr_pop3ctb_2001-2022_retrieved_2026-10-07.json,2324461.0,,Eurostat,EXACT,0.0
CHE,2017,foreign_born,2391480.0,A,Eurostat [migr_pop3ctb],evidence/api/eurostat_migr_pop3ctb_2001-2022_retrieved_2026-10-07.json,2391480.0,,Eurostat,EXACT,0.0
CHE,2018,foreign_born,2432519.0,A,Eurostat [migr_pop3ctb],evidence/api/eurostat_migr_pop3ctb_2001-2022_retrieved_2026-10-07.json,2432519.0,,Eurostat,EXACT,0.0
CHE,2019,foreign_born,2469381.0,A,Eurostat [migr_pop3ctb],evidence/api/eurostat_migr_pop3ctb_2001-2022_retrieved_2026-10-07.json,2469381.0,,Eurostat,EXACT,0.0
CHE,2020,foreign_born,2509692.0,A,Eurostat [migr_pop3ctb],evidence/api/eurostat_migr_pop3ctb_2001-2022_retrieved_2026-10-07.json,2509692.0,,Eurostat,EXACT,0.0
CHE,2021,foreign_born,2553225.0,A,Eurostat [migr_pop3ctb],evidence/api/eurostat_migr_pop3ctb_2001-2022_retrieved_2026-10-07.json,2553225.0,,Eurostat,EXACT,0.0
CHE,2022,foreign_born,2598146.0,A,Eurostat [migr_pop3ctb],evidence/api/eurostat_migr_pop3ctb_2001-2022_retrieved_2026-10-07.json,2598146.0,,Eurostat,EXACT,0.0
THA,2005,foreign_born,1705845.0,A,UN DESA International Migrant Stock (World Bank indicator SM.POP.TOTL),evidence/api/wb_SM_POP_TOTL_2001-2022_retrieved_2026-10-07.json,1705845.0,,WB,EXACT,0.0
THA,2010,foreign_born,2640454.0,A,UN DESA International Migrant Stock (World Bank indicator SM.POP.TOTL),evidence/api/wb_SM_POP_TOTL_2001-2022_retrieved_2026-10-07.json,2640454.0,,WB,EXACT,0.0
THA,2015,foreign_born,2853248.0,A,UN DESA International Migrant Stock (World Bank indicator SM.POP.TOTL),evidence/api/wb_SM_POP_TOTL_2001-2022_retrieved_2026-10-07.json,2853248.0,,WB,EXACT,0.0
THA,2020,foreign_born,3015007.0,A,UN DESA International Migrant Stock (World Bank indicator SM.POP.TOTL),evidence/api/wb_SM_POP_TOTL_2001-2022_retrieved_2026-10-07.json,3015007.0,,WB,EXACT,0.0
TUR,2001,foreign_born,1278671.0,A,"OECD International Migration Database (stocks of foreign-born population, measure B14)",evidence/api/oecd/OECD_B14_foreign-born_2001-2022_retrieved_2026-10-07.json,1278671.0,"{'OBS_STATUS': {'id': 'A', 'order': 0, 'name': 'Normal value', 'names': {'en': 'Normal value'}}, 'UNIT_MULT': {'id': '0', 'order': 0, 'name': 'Units', 'names': {'en': 'Units'}}, 'DECIMALS': {'id': '0', 'order': 0, 'name': 'Zero', 'names': {'en': 'Zero'}}}",OECD,EXACT,0.0
TUR,2014,foreign_born,1459775.0,A,"OECD International Migration Database (stocks of foreign-born population, measure B14)",evidence/api/oecd/OECD_B14_foreign-born_2001-2022_retrieved_2026-10-07.json,1459775.0,"{'OBS_STATUS': {'id': 'A', 'order': 0, 'name': 'Normal value', 'names': {'en': 'Normal value'}}, 'UNIT_MULT': {'id': '0', 'order': 0, 'name': 'Units', 'names': {'en': 'Units'}}, 'DECIMALS': {'id': '0', 'order': 0, 'name': 'Zero', 'names': {'en': 'Zero'}}}",OECD,EXACT,0.0
TUR,2015,foreign_born,1592437.0,A,"OECD International Migration Database (stocks of foreign-born population, measure B14)",evidence/api/oecd/OECD_B14_foreign-born_2001-2022_retrieved_2026-10-07.json,1592437.0,"{'OBS_STATUS': {'id': 'A', 'order': 0, 'name': 'Normal value', 'names': {'en': 'Normal value'}}, 'UNIT_MULT': {'id': '0', 'order': 0, 'name': 'Units', 'names': {'en': 'Units'}}, 'DECIMALS': {'id': '0', 'order': 0, 'name': 'Zero', 'names': {'en': 'Zero'}}}",OECD,EXACT,0.0
TUR,2016,foreign_born,1777290.0,A,"OECD International Migration Database (stocks of foreign-born population, measure B14)",evidence/api/oecd/OECD_B14_foreign-born_2001-2022_retrieved_2026-10-07.json,1777290.0,"{'OBS_STATUS': {'id': 'A', 'order': 0, 'name': 'Normal value', 'names': {'en': 'Normal value'}}, 'UNIT_MULT': {'id': '0', 'order': 0, 'name': 'Units', 'names': {'en': 'Units'}}, 'DECIMALS': {'id': '0', 'order': 0, 'name': 'Zero', 'names': {'en': 'Zero'}}}",OECD,EXACT,0.0
TUR,2017,foreign_born,1923894.0,A,"OECD International Migration Database (stocks of foreign-born population, measure B14)",evidence/api/oecd/OECD_B14_foreign-born_2001-2022_retrieved_2026-10-07.json,1923894.0,"{'OBS_STATUS': {'id': 'A', 'order': 0, 'name': 'Normal value', 'names': {'en': 'Normal value'}}, 'UNIT_MULT': {'id': '0', 'order': 0, 'name': 'Units', 'names': {'en': 'Units'}}, 'DECIMALS': {'id': '0', 'order': 0, 'name': 'Zero', 'names': {'en': 'Zero'}}}",OECD,EXACT,0.0
TUR,2018,foreign_born,2278490.0,A,"OECD International Migration Database (stocks of foreign-born population, measure B14)",evidence/api/oecd/OECD_B14_foreign-born_2001-2022_retrieved_2026-10-07.json,2278490.0,"{'OBS_STATUS': {'id': 'A', 'order': 0, 'name': 'Normal value', 'names': {'en': 'Normal value'}}, 'UNIT_MULT': {'id': '0', 'order': 0, 'name': 'Units', 'names': {'en': 'Units'}}, 'DECIMALS': {'id': '0', 'order': 0, 'name': 'Zero', 'names': {'en': 'Zero'}}}",OECD,EXACT,0.0
TUR,2019,foreign_born,2668594.0,A,"OECD International Migration Database (stocks of foreign-born population, measure B14)",evidence/api/oecd/OECD_B14_foreign-born_2001-2022_retrieved_2026-10-07.json,2668594.0,"{'OBS_STATUS': {'id': 'A', 'order': 0, 'name': 'Normal value', 'names': {'en': 'Normal value'}}, 'UNIT_MULT': {'id': '0', 'order': 0, 'name': 'Units', 'names': {'en': 'Units'}}, 'DECIMALS': {'id': '0', 'order': 0, 'name': 'Zero', 'names': {'en': 'Zero'}}}",OECD,EXACT,0.0
TUR,2020,foreign_born,2609982.0,A,"OECD International Migration Database (stocks of foreign-born population, measure B14)",evidence/api/oecd/OECD_B14_foreign-born_2001-2022_retrieved_2026-10-07.json,2609982.0,"{'OBS_STATUS': {'id': 'A', 'order': 0, 'name': 'Normal value', 'names': {'en': 'Normal value'}}, 'UNIT_MULT': {'id': '0', 'order': 0, 'name': 'Units', 'names': {'en': 'Units'}}, 'DECIMALS': {'id': '0', 'order': 0, 'name': 'Zero', 'names': {'en': 'Zero'}}}",OECD,EXACT,0.0
TUR,2021,foreign_born,3141351.0,A,"OECD International Migration Database (stocks of foreign-born population, measure B14)",evidence/api/oecd/OECD_B14_foreign-born_2001-2022_retrieved_2026-10-07.json,3141351.0,"{'OBS_STATUS': {'id': 'A', 'order': 0, 'name': 'Normal value', 'names': {'en': 'Normal value'}}, 'UNIT_MULT': {'id': '0', 'order': 0, 'name': 'Units', 'names': {'en': 'Units'}}, 'DECIMALS': {'id': '0', 'order': 0, 'name': 'Zero', 'names': {'en': 'Zero'}}}",OECD,EXACT,0.0
TUR,2022,foreign_born,3242683.0,A,"OECD International Migration Database (stocks of foreign-born population, measure B14)",evidence/api/oecd/OECD_B14_foreign-born_2001-2022_retrieved_2026-10-07.json,3242683.0,"{'OBS_STATUS': {'id': 'A', 'order': 0, 'name': 'Normal value', 'names': {'en': 'Normal value'}}, 'UNIT_MULT': {'id': '0', 'order': 0, 'name': 'Units', 'names': {'en': 'Units'}}, 'DECIMALS': {'id': '0', 'order': 0, 'name': 'Zero', 'names': {'en': 'Zero'}}}",OECD,EXACT,0.0
GBR,2006,foreign_born,5757000.0,A,"OECD International Migration Database (stocks of foreign-born population, measure B14)",evidence/api/oecd/OECD_B14_foreign-born_2001-2022_retrieved_2026-10-07.json,5757000.0,"{'OBS_STATUS': {'id': 'A', 'order': 0, 'name': 'Normal value', 'names': {'en': 'Normal value'}}, 'UNIT_MULT': {'id': '0', 'order': 0, 'name': 'Units', 'names': {'en': 'Units'}}, 'DECIMALS': {'id': '0', 'order': 0, 'name': 'Zero', 'names': {'en': 'Zero'}}}",OECD,EXACT,0.0
GBR,2007,foreign_born,6192000.0,A,"OECD International Migration Database (stocks of foreign-born population, measure B14)",evidence/api/oecd/OECD_B14_foreign-born_2001-2022_retrieved_2026-10-07.json,6192000.0,"{'OBS_STATUS': {'id': 'A', 'order': 0, 'name': 'Normal value', 'names': {'en': 'Normal value'}}, 'UNIT_MULT': {'id': '0', 'order': 0, 'name': 'Units', 'names': {'en': 'Units'}}, 'DECIMALS': {'id': '0', 'order': 0, 'name': 'Zero', 'names': {'en': 'Zero'}}}",OECD,EXACT,0.0
GBR,2008,foreign_born,6633000.0,A,"OECD International Migration Database (stocks of foreign-born population, measure B14)",evidence/api/oecd/OECD_B14_foreign-born_2001-2022_retrieved_2026-10-07.json,6633000.0,"{'OBS_STATUS': {'id': 'A', 'order': 0, 'name': 'Normal value', 'names': {'en': 'Normal value'}}, 'UNIT_MULT': {'id': '0', 'order': 0, 'name': 'Units', 'names': {'en': 'Units'}}, 'DECIMALS': {'id': '0', 'order': 0, 'name': 'Zero', 'names': {'en': 'Zero'}}}",OECD,EXACT,0.0
GBR,2009,foreign_born,6861616.0,A,Eurostat [migr_pop3ctb],evidence/api/eurostat_migr_pop3ctb_2001-2022_retrieved_2026-10-07.json,6861616.0,,Eurostat,EXACT,0.0
GBR,2010,foreign_born,7119664.0,A,Eurostat [migr_pop3ctb],evidence/api/eurostat_migr_pop3ctb_2001-2022_retrieved_2026-10-07.json,7119664.0,,Eurostat,EXACT,0.0
GBR,2011,foreign_born,7342547.0,A,Eurostat [migr_pop3ctb],evidence/api/eurostat_migr_pop3ctb_2001-2022_retrieved_2026-10-07.json,7342547.0,,Eurostat,EXACT,0.0
GBR,2012,foreign_born,7762334.0,A,Eurostat [migr_pop3ctb],evidence/api/eurostat_migr_pop3ctb_2001-2022_retrieved_2026-10-07.json,7762334.0,,Eurostat,EXACT,0.0
GBR,2013,foreign_born,7923428.0,A,Eurostat [migr_pop3ctb],evidence/api/eurostat_migr_pop3ctb_2001-2022_retrieved_2026-10-07.json,7923428.0,,Eurostat,EXACT,0.0
GBR,2014,foreign_born,8039324.0,A,Eurostat [migr_pop3ctb],evidence/api/eurostat_migr_pop3ctb_2001-2022_retrieved_2026-10-07.json,8039324.0,,Eurostat,EXACT,0.0
GBR,2015,foreign_born,8406996.0,A,Eurostat [migr_pop3ctb],evidence/api/eurostat_migr_pop3ctb_2001-2022_retrieved_2026-10-07.json,8406996.0,,Eurostat,EXACT,0.0
GBR,2016,foreign_born,8696511.0,A,Eurostat [migr_pop3ctb],evidence/api/eurostat_migr_pop3ctb_2001-2022_retrieved_2026-10-07.json,8696511.0,,Eurostat,EXACT,0.0
GBR,2017,foreign_born,9298018.0,A,Eurostat [migr_pop3ctb],evidence/api/eurostat_migr_pop3ctb_2001-2022_retrieved_2026-10-07.json,9298018.0,,Eurostat,EXACT,0.0
GBR,2018,foreign_born,9512464.0,A,Eurostat [migr_pop3ctb],evidence/api/eurostat_migr_pop3ctb_2001-2022_retrieved_2026-10-07.json,9512464.0,,Eurostat,EXACT,0.0
GBR,2019,foreign_born,9469015.0,A,Eurostat [migr_pop3ctb],evidence/api/eurostat_migr_pop3ctb_2001-2022_retrieved_2026-10-07.json,9469015.0,,Eurostat,EXACT,0.0
USA,2001,foreign_born,31548128.0,A,"OECD International Migration Database (stocks of foreign-born population, measure B14)",evidence/api/oecd/OECD_B14_foreign-born_2001-2022_retrieved_2026-10-07.json,31548128.0,"{'OBS_STATUS': {'id': 'A', 'order': 0, 'name': 'Normal value', 'names': {'en': 'Normal value'}}, 'UNIT_MULT': {'id': '0', 'order': 0, 'name': 'Units', 'names': {'en': 'Units'}}, 'DECIMALS': {'id': '0', 'order': 0, 'name': 'Zero', 'names': {'en': 'Zero'}}}",OECD,EXACT,0.0
USA,2002,foreign_born,33096150.0,A,"OECD International Migration Database (stocks of foreign-born population, measure B14)",evidence/api/oecd/OECD_B14_foreign-born_2001-2022_retrieved_2026-10-07.json,33096150.0,"{'OBS_STATUS': {'id': 'A', 'order': 0, 'name': 'Normal value', 'names': {'en': 'Normal value'}}, 'UNIT_MULT': {'id': '0', 'order': 0, 'name': 'Units', 'names': {'en': 'Units'}}, 'DECIMALS': {'id': '0', 'order': 0, 'name': 'Zero', 'names': {'en': 'Zero'}}}",OECD,EXACT,0.0
USA,2003,foreign_born,33667678.0,A,"OECD International Migration Database (stocks of foreign-born population, measure B14)",evidence/api/oecd/OECD_B14_foreign-born_2001-2022_retrieved_2026-10-07.json,33667678.0,"{'OBS_STATUS': {'id': 'A', 'order': 0, 'name': 'Normal value', 'names': {'en': 'Normal value'}}, 'UNIT_MULT': {'id': '0', 'order': 0, 'name': 'Units', 'names': {'en': 'Units'}}, 'DECIMALS': {'id': '0', 'order': 0, 'name': 'Zero', 'names': {'en': 'Zero'}}}",OECD,EXACT,0.0
USA,2004,foreign_born,34257701.0,A,"OECD International Migration Database (stocks of foreign-born population, measure B14)",evidence/api/oecd/OECD_B14_foreign-born_2001-2022_retrieved_2026-10-07.json,34257701.0,"{'OBS_STATUS': {'id': 'A', 'order': 0, 'name': 'Normal value', 'names': {'en': 'Normal value'}}, 'UNIT_MULT': {'id': '0', 'order': 0, 'name': 'Units', 'names': {'en': 'Units'}}, 'DECIMALS': {'id': '0', 'order': 0, 'name': 'Zero', 'names': {'en': 'Zero'}}}",OECD,EXACT,0.0
USA,2005,foreign_born,35769603.0,A,"OECD International Migration Database (stocks of foreign-born population, measure B14)",evidence/api/oecd/OECD_B14_foreign-born_2001-2022_retrieved_2026-10-07.json,35769603.0,"{'OBS_STATUS': {'id': 'A', 'order': 0, 'name': 'Normal value', 'names': {'en': 'Normal value'}}, 'UNIT_MULT': {'id': '0', 'order': 0, 'name': 'Units', 'names': {'en': 'Units'}}, 'DECIMALS': {'id': '0', 'order': 0, 'name': 'Zero', 'names': {'en': 'Zero'}}}",OECD,EXACT,0.0
USA,2006,foreign_born,37469387.0,A,"OECD International Migration Database (stocks of foreign-born population, measure B14)",evidence/api/oecd/OECD_B14_foreign-born_2001-2022_retrieved_2026-10-07.json,37469387.0,"{'OBS_STATUS': {'id': 'A', 'order': 0, 'name': 'Normal value', 'names': {'en': 'Normal value'}}, 'UNIT_MULT': {'id': '0', 'order': 0, 'name': 'Units', 'names': {'en': 'Units'}}, 'DECIMALS': {'id': '0', 'order': 0, 'name': 'Zero', 'names': {'en': 'Zero'}}}",OECD,EXACT,0.0
USA,2007,foreign_born,38048456.0,A,"OECD International Migration Database (stocks of foreign-born population, measure B14)",evidence/api/oecd/OECD_B14_foreign-born_2001-2022_retrieved_2026-10-07.json,38048456.0,"{'OBS_STATUS': {'id': 'A', 'order': 0, 'name': 'Normal value', 'names': {'en': 'Normal value'}}, 'UNIT_MULT': {'id': '0', 'order': 0, 'name': 'Units', 'names': {'en': 'Units'}}, 'DECIMALS': {'id': '0', 'order': 0, 'name': 'Zero', 'names': {'en': 'Zero'}}}",OECD,EXACT,0.0
USA,2008,foreign_born,38016102.0,A,"OECD International Migration Database (stocks of foreign-born population, measure B14)",evidence/api/oecd/OECD_B14_foreign-born_2001-2022_retrieved_2026-10-07.json,38016102.0,"{'OBS_STATUS': {'id': 'A', 'order': 0, 'name': 'Normal value', 'names': {'en': 'Normal value'}}, 'UNIT_MULT': {'id': '0', 'order': 0, 'name': 'Units', 'names': {'en': 'Units'}}, 'DECIMALS': {'id': '0', 'order': 0, 'name': 'Zero', 'names': {'en': 'Zero'}}}",OECD,EXACT,0.0
USA,2009,foreign_born,38452822.0,A,"OECD International Migration Database (stocks of foreign-born population, measure B14)",evidence/api/oecd/OECD_B14_foreign-born_2001-2022_retrieved_2026-10-07.json,38452822.0,"{'OBS_STATUS': {'id': 'A', 'order': 0, 'name': 'Normal value', 'names': {'en': 'Normal value'}}, 'UNIT_MULT': {'id': '0', 'order': 0, 'name': 'Units', 'names': {'en': 'Units'}}, 'DECIMALS': {'id': '0', 'order': 0, 'name': 'Zero', 'names': {'en': 'Zero'}}}",OECD,EXACT,0.0
USA,2010,foreign_born,39916875.0,A,"OECD International Migration Database (stocks of foreign-born population, measure B14)",evidence/api/oecd/OECD_B14_foreign-born_2001-2022_retrieved_2026-10-07.json,39916875.0,"{'OBS_STATUS': {'id': 'A', 'order': 0, 'name': 'Normal value', 'names': {'en': 'Normal value'}}, 'UNIT_MULT': {'id': '0', 'order': 0, 'name': 'Units', 'names': {'en': 'Units'}}, 'DECIMALS': {'id': '0', 'order': 0, 'name': 'Zero', 'names': {'en': 'Zero'}}}",OECD,EXACT,0.0
USA,2011,foreign_born,40381570.0,A,"OECD International Migration Database (stocks of foreign-born population, measure B14)",evidence/api/oecd/OECD_B14_foreign-born_2001-2022_retrieved_2026-10-07.json,40381570.0,"{'OBS_STATUS': {'id': 'A', 'order': 0, 'name': 'Normal value', 'names': {'en': 'Normal value'}}, 'UNIT_MULT': {'id': '0', 'order': 0, 'name': 'Units', 'names': {'en': 'Units'}}, 'DECIMALS': {'id': '0', 'order': 0, 'name': 'Zero', 'names': {'en': 'Zero'}}}",OECD,EXACT,0.0
USA,2012,foreign_born,40738224.0,A,"OECD International Migration Database (stocks of foreign-born population, measure B14)",evidence/api/oecd/OECD_B14_foreign-born_2001-2022_retrieved_2026-10-07.json,40738224.0,"{'OBS_STATUS': {'id': 'A', 'order': 0, 'name': 'Normal value', 'names': {'en': 'Normal value'}}, 'UNIT_MULT': {'id': '0', 'order': 0, 'name': 'Units', 'names': {'en': 'Units'}}, 'DECIMALS': {'id': '0', 'order': 0, 'name': 'Zero', 'names': {'en': 'Zero'}}}",OECD,EXACT,0.0
USA,2013,foreign_born,41344354.0,A,"OECD International Migration Database (stocks of foreign-born population, measure B14)",evidence/api/oecd/OECD_B14_foreign-born_2001-2022_retrieved_2026-10-07.json,41344354.0,"{'OBS_STATUS': {'id': 'A', 'order': 0, 'name': 'Normal value', 'names': {'en': 'Normal value'}}, 'UNIT_MULT': {'id': '0', 'order': 0, 'name': 'Units', 'names': {'en': 'Units'}}, 'DECIMALS': {'id': '0', 'order': 0, 'name': 'Zero', 'names': {'en': 'Zero'}}}",OECD,EXACT,0.0
USA,2014,foreign_born,42390705.0,A,"OECD International Migration Database (stocks of foreign-born population, measure B14)",evidence/api/oecd/OECD_B14_foreign-born_2001-2022_retrieved_2026-10-07.json,42390705.0,"{'OBS_STATUS': {'id': 'A', 'order': 0, 'name': 'Normal value', 'names': {'en': 'Normal value'}}, 'UNIT_MULT': {'id': '0', 'order': 0, 'name': 'Units', 'names': {'en': 'Units'}}, 'DECIMALS': {'id': '0', 'order': 0, 'name': 'Zero', 'names': {'en': 'Zero'}}}",OECD,EXACT,0.0
USA,2015,foreign_born,43289646.0,A,"OECD International Migration Database (stocks of foreign-born population, measure B14)",evidence/api/oecd/OECD_B14_foreign-born_2001-2022_retrieved_2026-10-07.json,43289646.0,"{'OBS_STATUS': {'id': 'A', 'order': 0, 'name': 'Normal value', 'names': {'en': 'Normal value'}}, 'UNIT_MULT': {'id': '0', 'order': 0, 'name': 'Units', 'names': {'en': 'Units'}}, 'DECIMALS': {'id': '0', 'order': 0, 'name': 'Zero', 'names': {'en': 'Zero'}}}",OECD,EXACT,0.0
USA,2016,foreign_born,43738901.0,A,"OECD International Migration Database (stocks of foreign-born population, measure B14)",evidence/api/oecd/OECD_B14_foreign-born_2001-2022_retrieved_2026-10-07.json,43738901.0,"{'OBS_STATUS': {'id': 'A', 'order': 0, 'name': 'Normal value', 'names': {'en': 'Normal value'}}, 'UNIT_MULT': {'id': '0', 'order': 0, 'name': 'Units', 'names': {'en': 'Units'}}, 'DECIMALS': {'id': '0', 'order': 0, 'name': 'Zero', 'names': {'en': 'Zero'}}}",OECD,EXACT,0.0
USA,2017,foreign_born,44525458.0,A,"OECD International Migration Database (stocks of foreign-born population, measure B14)",evidence/api/oecd/OECD_B14_foreign-born_2001-2022_retrieved_2026-10-07.json,44525458.0,"{'OBS_STATUS': {'id': 'A', 'order': 0, 'name': 'Normal value', 'names': {'en': 'Normal value'}}, 'UNIT_MULT': {'id': '0', 'order': 0, 'name': 'Units', 'names': {'en': 'Units'}}, 'DECIMALS': {'id': '0', 'order': 0, 'name': 'Zero', 'names': {'en': 'Zero'}}}",OECD,EXACT,0.0
USA,2018,foreign_born,44728502.0,A,"OECD International Migration Database (stocks of foreign-born population, measure B14)",evidence/api/oecd/OECD_B14_foreign-born_2001-2022_retrieved_2026-10-07.json,44728502.0,"{'OBS_STATUS': {'id': 'A', 'order': 0, 'name': 'Normal value', 'names': {'en': 'Normal value'}}, 'UNIT_MULT': {'id': '0', 'order': 0, 'name': 'Units', 'names': {'en': 'Units'}}, 'DECIMALS': {'id': '0', 'order': 0, 'name': 'Zero', 'names': {'en': 'Zero'}}}",OECD,EXACT,0.0
USA,2019,foreign_born,44932799.0,A,"OECD International Migration Database (stocks of foreign-born population, measure B14)",evidence/api/oecd/OECD_B14_foreign-born_2001-2022_retrieved_2026-10-07.json,44932799.0,"{'OBS_STATUS': {'id': 'A', 'order': 0, 'name': 'Normal value', 'names': {'en': 'Normal value'}}, 'UNIT_MULT': {'id': '0', 'order': 0, 'name': 'Units', 'names': {'en': 'Units'}}, 'DECIMALS': {'id': '0', 'order': 0, 'name': 'Zero', 'names': {'en': 'Zero'}}}",OECD,EXACT,0.0
USA,2020,foreign_born,44258250.0,A,"OECD International Migration Database (stocks of foreign-born population, measure B14)",evidence/api/oecd/OECD_B14_foreign-born_2001-2022_retrieved_2026-10-07.json,44258250.0,"{'OBS_STATUS': {'id': 'A', 'order': 0, 'name': 'Normal value', 'names': {'en': 'Normal value'}}, 'UNIT_MULT': {'id': '0', 'order': 0, 'name': 'Units', 'names': {'en': 'Units'}}, 'DECIMALS': {'id': '0', 'order': 0, 'name': 'Zero', 'names': {'en': 'Zero'}}}",OECD,EXACT,0.0
USA,2021,foreign_born,45272945.0,A,"OECD International Migration Database (stocks of foreign-born population, measure B14)",evidence/api/oecd/OECD_B14_foreign-born_2001-2022_retrieved_2026-10-07.json,45272945.0,"{'OBS_STATUS': {'id': 'A', 'order': 0, 'name': 'Normal value', 'names': {'en': 'Normal value'}}, 'UNIT_MULT': {'id': '0', 'order': 0, 'name': 'Units', 'names': {'en': 'Units'}}, 'DECIMALS': {'id': '0', 'order': 0, 'name': 'Zero', 'names': {'en': 'Zero'}}}",OECD,EXACT,0.0
USA,2022,foreign_born,47331480.0,A,"OECD International Migration Database (stocks of foreign-born population, measure B14)",evidence/api/oecd/OECD_B14_foreign-born_2001-2022_retrieved_2026-10-07.json,47331480.0,"{'OBS_STATUS': {'id': 'A', 'order': 0, 'name': 'Normal value', 'names': {'en': 'Normal value'}}, 'UNIT_MULT': {'id': '0', 'order': 0, 'name': 'Units', 'names': {'en': 'Units'}}, 'DECIMALS': {'id': '0', 'order': 0, 'name': 'Zero', 'names': {'en': 'Zero'}}}",OECD,EXACT,0.0
AUT,2001,foreign_nationals,709696.0,A,Eurostat [migr_pop1ctz],evidence/api/eurostat_migr_pop1ctz_2001-2022_retrieved_2026-10-07.json,709696.0,,Eurostat,EXACT,0.0
AUT,2002,foreign_nationals,704836.0,A,Eurostat [migr_pop1ctz],evidence/api/eurostat_migr_pop1ctz_2001-2022_retrieved_2026-10-07.json,704836.0,,Eurostat,EXACT,0.0
AUT,2003,foreign_nationals,727052.0,A,Eurostat [migr_pop1ctz],evidence/api/eurostat_migr_pop1ctz_2001-2022_retrieved_2026-10-07.json,727052.0,,Eurostat,EXACT,0.0
AUT,2004,foreign_nationals,738579.0,A,Eurostat [migr_pop1ctz],evidence/api/eurostat_migr_pop1ctz_2001-2022_retrieved_2026-10-07.json,738579.0,,Eurostat,EXACT,0.0
AUT,2005,foreign_nationals,761005.0,A,Eurostat [migr_pop1ctz],evidence/api/eurostat_migr_pop1ctz_2001-2022_retrieved_2026-10-07.json,761005.0,,Eurostat,EXACT,0.0
AUT,2006,foreign_nationals,783539.0,A,Eurostat [migr_pop1ctz],evidence/api/eurostat_migr_pop1ctz_2001-2022_retrieved_2026-10-07.json,783539.0,,Eurostat,EXACT,0.0
AUT,2007,foreign_nationals,793364.0,A,Eurostat [migr_pop1ctz],evidence/api/eurostat_migr_pop1ctz_2001-2022_retrieved_2026-10-07.json,793364.0,,Eurostat,EXACT,0.0
AUT,2008,foreign_nationals,826485.0,A,Eurostat [migr_pop1ctz],evidence/api/eurostat_migr_pop1ctz_2001-2022_retrieved_2026-10-07.json,826485.0,,Eurostat,EXACT,0.0
AUT,2009,foreign_nationals,855557.0,A,Eurostat [migr_pop1ctz],evidence/api/eurostat_migr_pop1ctz_2001-2022_retrieved_2026-10-07.json,855557.0,,Eurostat,EXACT,0.0
AUT,2010,foreign_nationals,879102.0,A,Eurostat [migr_pop1ctz],evidence/api/eurostat_migr_pop1ctz_2001-2022_retrieved_2026-10-07.json,879102.0,,Eurostat,EXACT,0.0
AUT,2011,foreign_nationals,908591.0,A,Eurostat [migr_pop1ctz],evidence/api/eurostat_migr_pop1ctz_2001-2022_retrieved_2026-10-07.json,908591.0,,Eurostat,EXACT,0.0
AUT,2012,foreign_nationals,946610.0,A,Eurostat [migr_pop1ctz],evidence/api/eurostat_migr_pop1ctz_2001-2022_retrieved_2026-10-07.json,946610.0,,Eurostat,EXACT,0.0
AUT,2013,foreign_nationals,999095.0,A,Eurostat [migr_pop1ctz],evidence/api/eurostat_migr_pop1ctz_2001-2022_retrieved_2026-10-07.json,999095.0,,Eurostat,EXACT,0.0
AUT,2014,foreign_nationals,1060446.0,A,Eurostat [migr_pop1ctz],evidence/api/eurostat_migr_pop1ctz_2001-2022_retrieved_2026-10-07.json,1060446.0,,Eurostat,EXACT,0.0
AUT,2015,foreign_nationals,1139736.0,A,Eurostat [migr_pop1ctz],evidence/api/eurostat_migr_pop1ctz_2001-2022_retrieved_2026-10-07.json,1139736.0,,Eurostat,EXACT,0.0
AUT,2016,foreign_nationals,1260188.0,A,Eurostat [migr_pop1ctz],evidence/api/eurostat_migr_pop1ctz_2001-2022_retrieved_2026-10-07.json,1260188.0,,Eurostat,EXACT,0.0
AUT,2017,foreign_nationals,1333239.0,A,Eurostat [migr_pop1ctz],evidence/api/eurostat_migr_pop1ctz_2001-2022_retrieved_2026-10-07.json,1333239.0,,Eurostat,EXACT,0.0
AUT,2018,foreign_nationals,1385823.0,A,Eurostat [migr_pop1ctz],evidence/api/eurostat_migr_pop1ctz_2001-2022_retrieved_2026-10-07.json,1385823.0,,Eurostat,EXACT,0.0
AUT,2019,foreign_nationals,1427105.0,A,Eurostat [migr_pop1ctz],evidence/api/eurostat_migr_pop1ctz_2001-2022_retrieved_2026-10-07.json,1427105.0,,Eurostat,EXACT,0.0
AUT,2020,foreign_nationals,1473453.0,A,Eurostat [migr_pop1ctz],evidence/api/eurostat_migr_pop1ctz_2001-2022_retrieved_2026-10-07.json,1473453.0,,Eurostat,EXACT,0.0
AUT,2021,foreign_nationals,1517372.0,A,Eurostat [migr_pop1ctz],evidence/api/eurostat_migr_pop1ctz_2001-2022_retrieved_2026-10-07.json,1517372.0,,Eurostat,EXACT,0.0
AUT,2022,foreign_nationals,1572316.0,A,Eurostat [migr_pop1ctz],evidence/api/eurostat_migr_pop1ctz_2001-2022_retrieved_2026-10-07.json,1572316.0,,Eurostat,EXACT,0.0
BEL,2001,foreign_nationals,861192.0,A,Eurostat [migr_pop1ctz],evidence/api/eurostat_migr_pop1ctz_2001-2022_retrieved_2026-10-07.json,861192.0,,Eurostat,EXACT,0.0
BEL,2002,foreign_nationals,846287.0,A,Eurostat [migr_pop1ctz],evidence/api/eurostat_migr_pop1ctz_2001-2022_retrieved_2026-10-07.json,846287.0,,Eurostat,EXACT,0.0
BEL,2003,foreign_nationals,847932.0,A,Eurostat [migr_pop1ctz],evidence/api/eurostat_migr_pop1ctz_2001-2022_retrieved_2026-10-07.json,847932.0,,Eurostat,EXACT,0.0
BEL,2004,foreign_nationals,860287.0,A,Eurostat [migr_pop1ctz],evidence/api/eurostat_migr_pop1ctz_2001-2022_retrieved_2026-10-07.json,860287.0,,Eurostat,EXACT,0.0
BEL,2005,foreign_nationals,870862.0,A,Eurostat [migr_pop1ctz],evidence/api/eurostat_migr_pop1ctz_2001-2022_retrieved_2026-10-07.json,870862.0,,Eurostat,EXACT,0.0
BEL,2006,foreign_nationals,900473.0,A,Eurostat [migr_pop1ctz],evidence/api/eurostat_migr_pop1ctz_2001-2022_retrieved_2026-10-07.json,900473.0,e,Eurostat,EXACT,0.0
BEL,2007,foreign_nationals,932161.0,A,Eurostat [migr_pop1ctz],evidence/api/eurostat_migr_pop1ctz_2001-2022_retrieved_2026-10-07.json,932161.0,,Eurostat,EXACT,0.0
BEL,2008,foreign_nationals,971448.0,A,Eurostat [migr_pop1ctz],evidence/api/eurostat_migr_pop1ctz_2001-2022_retrieved_2026-10-07.json,971448.0,,Eurostat,EXACT,0.0
BEL,2009,foreign_nationals,1009055.0,A,Eurostat [migr_pop1ctz],evidence/api/eurostat_migr_pop1ctz_2001-2022_retrieved_2026-10-07.json,1009055.0,p,Eurostat,EXACT,0.0
BEL,2010,foreign_nationals,1052844.0,A,Eurostat [migr_pop1ctz],evidence/api/eurostat_migr_pop1ctz_2001-2022_retrieved_2026-10-07.json,1052844.0,p,Eurostat,EXACT,0.0
BEL,2011,foreign_nationals,1162608.0,A,Eurostat [migr_pop1ctz],evidence/api/eurostat_migr_pop1ctz_2001-2022_retrieved_2026-10-07.json,1162608.0,b,Eurostat,EXACT,0.0
BEL,2012,foreign_nationals,1197598.0,A,Eurostat [migr_pop1ctz],evidence/api/eurostat_migr_pop1ctz_2001-2022_retrieved_2026-10-07.json,1197598.0,,Eurostat,EXACT,0.0
BEL,2013,foreign_nationals,1222741.0,A,Eurostat [migr_pop1ctz],evidence/api/eurostat_migr_pop1ctz_2001-2022_retrieved_2026-10-07.json,1222741.0,,Eurostat,EXACT,0.0
BEL,2014,foreign_nationals,1237696.0,A,Eurostat [migr_pop1ctz],evidence/api/eurostat_migr_pop1ctz_2001-2022_retrieved_2026-10-07.json,1237696.0,,Eurostat,EXACT,0.0
BEL,2015,foreign_nationals,1272751.0,A,Eurostat [migr_pop1ctz],evidence/api/eurostat_migr_pop1ctz_2001-2022_retrieved_2026-10-07.json,1272751.0,,Eurostat,EXACT,0.0
BEL,2016,foreign_nationals,1327421.0,A,Eurostat [migr_pop1ctz],evidence/api/eurostat_migr_pop1ctz_2001-2022_retrieved_2026-10-07.json,1327421.0,,Eurostat,EXACT,0.0
BEL,2017,foreign_nationals,1346358.0,A,Eurostat [migr_pop1ctz],evidence/api/eurostat_migr_pop1ctz_2001-2022_retrieved_2026-10-07.json,1346358.0,,Eurostat,EXACT,0.0
BEL,2018,foreign_nationals,1366070.0,A,Eurostat [migr_pop1ctz],evidence/api/eurostat_migr_pop1ctz_2001-2022_retrieved_2026-10-07.json,1366070.0,,Eurostat,EXACT,0.0
BEL,2019,foreign_nationals,1400238.0,A,Eurostat [migr_pop1ctz],evidence/api/eurostat_migr_pop1ctz_2001-2022_retrieved_2026-10-07.json,1400238.0,,Eurostat,EXACT,0.0
BEL,2020,foreign_nationals,1437580.0,A,Eurostat [migr_pop1ctz],evidence/api/eurostat_migr_pop1ctz_2001-2022_retrieved_2026-10-07.json,1437580.0,,Eurostat,EXACT,0.0
BEL,2021,foreign_nationals,1454039.0,A,Eurostat [migr_pop1ctz],evidence/api/eurostat_migr_pop1ctz_2001-2022_retrieved_2026-10-07.json,1454039.0,,Eurostat,EXACT,0.0
BEL,2022,foreign_nationals,1488896.0,A,Eurostat [migr_pop1ctz],evidence/api/eurostat_migr_pop1ctz_2001-2022_retrieved_2026-10-07.json,1488896.0,,Eurostat,EXACT,0.0
BGR,2008,foreign_nationals,36265.0,A,Eurostat [migr_pop1ctz],evidence/api/eurostat_migr_pop1ctz_2001-2022_retrieved_2026-10-07.json,36265.0,,Eurostat,EXACT,0.0
BGR,2009,foreign_nationals,37132.0,A,Eurostat [migr_pop1ctz],evidence/api/eurostat_migr_pop1ctz_2001-2022_retrieved_2026-10-07.json,37132.0,,Eurostat,EXACT,0.0
BGR,2010,foreign_nationals,38002.0,A,Eurostat [migr_pop1ctz],evidence/api/eurostat_migr_pop1ctz_2001-2022_retrieved_2026-10-07.json,38002.0,,Eurostat,EXACT,0.0
BGR,2011,foreign_nationals,38815.0,A,Eurostat [migr_pop1ctz],evidence/api/eurostat_migr_pop1ctz_2001-2022_retrieved_2026-10-07.json,38815.0,,Eurostat,EXACT,0.0
BGR,2012,foreign_nationals,39432.0,A,Eurostat [migr_pop1ctz],evidence/api/eurostat_migr_pop1ctz_2001-2022_retrieved_2026-10-07.json,39432.0,,Eurostat,EXACT,0.0
BGR,2013,foreign_nationals,44506.0,A,Eurostat [migr_pop1ctz],evidence/api/eurostat_migr_pop1ctz_2001-2022_retrieved_2026-10-07.json,44506.0,,Eurostat,EXACT,0.0
BGR,2014,foreign_nationals,53253.0,A,Eurostat [migr_pop1ctz],evidence/api/eurostat_migr_pop1ctz_2001-2022_retrieved_2026-10-07.json,53253.0,,Eurostat,EXACT,0.0
BGR,2015,foreign_nationals,63879.0,A,Eurostat [migr_pop1ctz],evidence/api/eurostat_migr_pop1ctz_2001-2022_retrieved_2026-10-07.json,63879.0,,Eurostat,EXACT,0.0
BGR,2016,foreign_nationals,71491.0,A,Eurostat [migr_pop1ctz],evidence/api/eurostat_migr_pop1ctz_2001-2022_retrieved_2026-10-07.json,71491.0,,Eurostat,EXACT,0.0
BGR,2017,foreign_nationals,76562.0,A,Eurostat [migr_pop1ctz],evidence/api/eurostat_migr_pop1ctz_2001-2022_retrieved_2026-10-07.json,76562.0,,Eurostat,EXACT,0.0
BGR,2018,foreign_nationals,82370.0,A,Eurostat [migr_pop1ctz],evidence/api/eurostat_migr_pop1ctz_2001-2022_retrieved_2026-10-07.json,82370.0,,Eurostat,EXACT,0.0
BGR,2019,foreign_nationals,91243.0,A,Eurostat [migr_pop1ctz],evidence/api/eurostat_migr_pop1ctz_2001-2022_retrieved_2026-10-07.json,91243.0,,Eurostat,EXACT,0.0
BGR,2020,foreign_nationals,100768.0,A,Eurostat [migr_pop1ctz],evidence/api/eurostat_migr_pop1ctz_2001-2022_retrieved_2026-10-07.json,100768.0,,Eurostat,EXACT,0.0
BGR,2021,foreign_nationals,108438.0,A,Eurostat [migr_pop1ctz],evidence/api/eurostat_migr_pop1ctz_2001-2022_retrieved_2026-10-07.json,108438.0,,Eurostat,EXACT,0.0
BGR,2022,foreign_nationals,63861.0,A,Eurostat [migr_pop1ctz],evidence/api/eurostat_migr_pop1ctz_2001-2022_retrieved_2026-10-07.json,63861.0,,Eurostat,EXACT,0.0
CHL,2017,foreign_nationals,746465.0,A,"OECD International Migration Database (stocks of foreign population, measure B15)",evidence/api/oecd/OECD_B15_foreign-population_2001-2022_retrieved_2026-10-07.json,746465.0,"{'OBS_STATUS': {'id': 'A', 'order': 0, 'name': 'Normal value', 'names': {'en': 'Normal value'}}, 'UNIT_MULT': {'id': '0', 'order': 0, 'name': 'Units', 'names': {'en': 'Units'}}, 'DECIMALS': {'id': '0', 'order': 0, 'name': 'Zero', 'names': {'en': 'Zero'}}}",OECD,EXACT,0.0
CHL,2018,foreign_nationals,1306859.0,A,"OECD International Migration Database (stocks of foreign population, measure B15)",evidence/api/oecd/OECD_B15_foreign-population_2001-2022_retrieved_2026-10-07.json,1306859.0,"{'OBS_STATUS': {'id': 'A', 'order': 0, 'name': 'Normal value', 'names': {'en': 'Normal value'}}, 'UNIT_MULT': {'id': '0', 'order': 0, 'name': 'Units', 'names': {'en': 'Units'}}, 'DECIMALS': {'id': '0', 'order': 0, 'name': 'Zero', 'names': {'en': 'Zero'}}}",OECD,EXACT,0.0
CHL,2019,foreign_nationals,1486810.0,A,"OECD International Migration Database (stocks of foreign population, measure B15)",evidence/api/oecd/OECD_B15_foreign-population_2001-2022_retrieved_2026-10-07.json,1486810.0,"{'OBS_STATUS': {'id': 'A', 'order': 0, 'name': 'Normal value', 'names': {'en': 'Normal value'}}, 'UNIT_MULT': {'id': '0', 'order': 0, 'name': 'Units', 'names': {'en': 'Units'}}, 'DECIMALS': {'id': '0', 'order': 0, 'name': 'Zero', 'names': {'en': 'Zero'}}}",OECD,EXACT,0.0
CHL,2020,foreign_nationals,1534813.0,A,"OECD International Migration Database (stocks of foreign population, measure B15)",evidence/api/oecd/OECD_B15_foreign-population_2001-2022_retrieved_2026-10-07.json,1534813.0,"{'OBS_STATUS': {'id': 'A', 'order': 0, 'name': 'Normal value', 'names': {'en': 'Normal value'}}, 'UNIT_MULT': {'id': '0', 'order': 0, 'name': 'Units', 'names': {'en': 'Units'}}, 'DECIMALS': {'id': '0', 'order': 0, 'name': 'Zero', 'names': {'en': 'Zero'}}}",OECD,EXACT,0.0
CHL,2021,foreign_nationals,1630812.0,A,"OECD International Migration Database (stocks of foreign population, measure B15)",evidence/api/oecd/OECD_B15_foreign-population_2001-2022_retrieved_2026-10-07.json,1630812.0,"{'OBS_STATUS': {'id': 'A', 'order': 0, 'name': 'Normal value', 'names': {'en': 'Normal value'}}, 'UNIT_MULT': {'id': '0', 'order': 0, 'name': 'Units', 'names': {'en': 'Units'}}, 'DECIMALS': {'id': '0', 'order': 0, 'name': 'Zero', 'names': {'en': 'Zero'}}}",OECD,EXACT,0.0
CHL,2022,foreign_nationals,1836137.0,A,"OECD International Migration Database (stocks of foreign population, measure B15)",evidence/api/oecd/OECD_B15_foreign-population_2001-2022_retrieved_2026-10-07.json,1836137.0,"{'OBS_STATUS': {'id': 'A', 'order': 0, 'name': 'Normal value', 'names': {'en': 'Normal value'}}, 'UNIT_MULT': {'id': '0', 'order': 0, 'name': 'Units', 'names': {'en': 'Units'}}, 'DECIMALS': {'id': '0', 'order': 0, 'name': 'Zero', 'names': {'en': 'Zero'}}}",OECD,EXACT,0.0
HRV,2013,foreign_nationals,24142.0,A,Eurostat [migr_pop1ctz],evidence/api/eurostat_migr_pop1ctz_2001-2022_retrieved_2026-10-07.json,24142.0,,Eurostat,EXACT,0.0
HRV,2014,foreign_nationals,23801.0,A,Eurostat [migr_pop1ctz],evidence/api/eurostat_migr_pop1ctz_2001-2022_retrieved_2026-10-07.json,23801.0,,Eurostat,EXACT,0.0
HRV,2015,foreign_nationals,24125.0,A,Eurostat [migr_pop1ctz],evidence/api/eurostat_migr_pop1ctz_2001-2022_retrieved_2026-10-07.json,24125.0,,Eurostat,EXACT,0.0
HRV,2016,foreign_nationals,24231.0,A,Eurostat [migr_pop1ctz],evidence/api/eurostat_migr_pop1ctz_2001-2022_retrieved_2026-10-07.json,24231.0,,Eurostat,EXACT,0.0
HRV,2017,foreign_nationals,24102.0,A,Eurostat [migr_pop1ctz],evidence/api/eurostat_migr_pop1ctz_2001-2022_retrieved_2026-10-07.json,24102.0,,Eurostat,EXACT,0.0
HRV,2018,foreign_nationals,24024.0,A,Eurostat [migr_pop1ctz],evidence/api/eurostat_migr_pop1ctz_2001-2022_retrieved_2026-10-07.json,24024.0,,Eurostat,EXACT,0.0
HRV,2019,foreign_nationals,23878.0,A,Eurostat [migr_pop1ctz],evidence/api/eurostat_migr_pop1ctz_2001-2022_retrieved_2026-10-07.json,23878.0,,Eurostat,EXACT,0.0
HRV,2020,foreign_nationals,24631.0,A,Eurostat [migr_pop1ctz],evidence/api/eurostat_migr_pop1ctz_2001-2022_retrieved_2026-10-07.json,24631.0,,Eurostat,EXACT,0.0
HRV,2021,foreign_nationals,26259.0,A,Eurostat [migr_pop1ctz],evidence/api/eurostat_migr_pop1ctz_2001-2022_retrieved_2026-10-07.json,26259.0,,Eurostat,EXACT,0.0
HRV,2022,foreign_nationals,35919.0,A,Eurostat [migr_pop1ctz],evidence/api/eurostat_migr_pop1ctz_2001-2022_retrieved_2026-10-07.json,35919.0,b,Eurostat,EXACT,0.0
CZE,2001,foreign_nationals,180242.0,A,Eurostat [migr_pop1ctz],evidence/api/eurostat_migr_pop1ctz_2001-2022_retrieved_2026-10-07.json,180242.0,,Eurostat,EXACT,0.0
CZE,2002,foreign_nationals,163805.0,A,Eurostat [migr_pop1ctz],evidence/api/eurostat_migr_pop1ctz_2001-2022_retrieved_2026-10-07.json,163805.0,,Eurostat,EXACT,0.0
CZE,2003,foreign_nationals,179154.0,A,Eurostat [migr_pop1ctz],evidence/api/eurostat_migr_pop1ctz_2001-2022_retrieved_2026-10-07.json,179154.0,,Eurostat,EXACT,0.0
CZE,2004,foreign_nationals,195394.0,A,Eurostat [migr_pop1ctz],evidence/api/eurostat_migr_pop1ctz_2001-2022_retrieved_2026-10-07.json,195394.0,,Eurostat,EXACT,0.0
CZE,2005,foreign_nationals,193467.0,A,Eurostat [migr_pop1ctz],evidence/api/eurostat_migr_pop1ctz_2001-2022_retrieved_2026-10-07.json,193467.0,,Eurostat,EXACT,0.0
CZE,2006,foreign_nationals,258325.0,A,Eurostat [migr_pop1ctz],evidence/api/eurostat_migr_pop1ctz_2001-2022_retrieved_2026-10-07.json,258325.0,,Eurostat,EXACT,0.0
CZE,2007,foreign_nationals,296202.0,A,Eurostat [migr_pop1ctz],evidence/api/eurostat_migr_pop1ctz_2001-2022_retrieved_2026-10-07.json,296202.0,,Eurostat,EXACT,0.0
CZE,2008,foreign_nationals,347649.0,A,Eurostat [migr_pop1ctz],evidence/api/eurostat_migr_pop1ctz_2001-2022_retrieved_2026-10-07.json,347649.0,,Eurostat,EXACT,0.0
CZE,2009,foreign_nationals,407541.0,A,Eurostat [migr_pop1ctz],evidence/api/eurostat_migr_pop1ctz_2001-2022_retrieved_2026-10-07.json,407541.0,,Eurostat,EXACT,0.0
CZE,2010,foreign_nationals,424419.0,A,Eurostat [migr_pop1ctz],evidence/api/eurostat_migr_pop1ctz_2001-2022_retrieved_2026-10-07.json,424419.0,,Eurostat,EXACT,0.0
CZE,2011,foreign_nationals,416737.0,A,Eurostat [migr_pop1ctz],evidence/api/eurostat_migr_pop1ctz_2001-2022_retrieved_2026-10-07.json,416737.0,,Eurostat,EXACT,0.0
CZE,2012,foreign_nationals,422966.0,A,Eurostat [migr_pop1ctz],evidence/api/eurostat_migr_pop1ctz_2001-2022_retrieved_2026-10-07.json,422966.0,,Eurostat,EXACT,0.0
CZE,2013,foreign_nationals,422280.0,A,Eurostat [migr_pop1ctz],evidence/api/eurostat_migr_pop1ctz_2001-2022_retrieved_2026-10-07.json,422280.0,,Eurostat,EXACT,0.0
CZE,2014,foreign_nationals,434581.0,A,Eurostat [migr_pop1ctz],evidence/api/eurostat_migr_pop1ctz_2001-2022_retrieved_2026-10-07.json,434581.0,,Eurostat,EXACT,0.0
CZE,2015,foreign_nationals,457323.0,A,Eurostat [migr_pop1ctz],evidence/api/eurostat_migr_pop1ctz_2001-2022_retrieved_2026-10-07.json,457323.0,,Eurostat,EXACT,0.0
CZE,2016,foreign_nationals,476345.0,A,Eurostat [migr_pop1ctz],evidence/api/eurostat_migr_pop1ctz_2001-2022_retrieved_2026-10-07.json,476345.0,,Eurostat,EXACT,0.0
CZE,2017,foreign_nationals,510841.0,A,Eurostat [migr_pop1ctz],evidence/api/eurostat_migr_pop1ctz_2001-2022_retrieved_2026-10-07.json,510841.0,,Eurostat,EXACT,0.0
CZE,2018,foreign_nationals,515422.0,A,Eurostat [migr_pop1ctz],evidence/api/eurostat_migr_pop1ctz_2001-2022_retrieved_2026-10-07.json,515422.0,,Eurostat,EXACT,0.0
CZE,2019,foreign_nationals,557458.0,A,Eurostat [migr_pop1ctz],evidence/api/eurostat_migr_pop1ctz_2001-2022_retrieved_2026-10-07.json,557458.0,,Eurostat,EXACT,0.0
CZE,2020,foreign_nationals,586646.0,A,Eurostat [migr_pop1ctz],evidence/api/eurostat_migr_pop1ctz_2001-2022_retrieved_2026-10-07.json,586646.0,,Eurostat,EXACT,0.0
CZE,2021,foreign_nationals,488532.0,A,Eurostat [migr_pop1ctz],evidence/api/eurostat_migr_pop1ctz_2001-2022_retrieved_2026-10-07.json,488532.0,b,Eurostat,EXACT,0.0
CZE,2022,foreign_nationals,538237.0,A,Eurostat [migr_pop1ctz],evidence/api/eurostat_migr_pop1ctz_2001-2022_retrieved_2026-10-07.json,538237.0,,Eurostat,EXACT,0.0
DNK,2001,foreign_nationals,258556.0,A,Eurostat [migr_pop1ctz],evidence/api/eurostat_migr_pop1ctz_2001-2022_retrieved_2026-10-07.json,258556.0,,Eurostat,EXACT,0.0
DNK,2002,foreign_nationals,266627.0,A,Eurostat [migr_pop1ctz],evidence/api/eurostat_migr_pop1ctz_2001-2022_retrieved_2026-10-07.json,266627.0,,Eurostat,EXACT,0.0
DNK,2003,foreign_nationals,265332.0,A,Eurostat [migr_pop1ctz],evidence/api/eurostat_migr_pop1ctz_2001-2022_retrieved_2026-10-07.json,265332.0,,Eurostat,EXACT,0.0
DNK,2004,foreign_nationals,271111.0,A,Eurostat [migr_pop1ctz],evidence/api/eurostat_migr_pop1ctz_2001-2022_retrieved_2026-10-07.json,271111.0,,Eurostat,EXACT,0.0
DNK,2005,foreign_nationals,267512.0,A,Eurostat [migr_pop1ctz],evidence/api/eurostat_migr_pop1ctz_2001-2022_retrieved_2026-10-07.json,267512.0,,Eurostat,EXACT,0.0
DNK,2006,foreign_nationals,269964.0,A,Eurostat [migr_pop1ctz],evidence/api/eurostat_migr_pop1ctz_2001-2022_retrieved_2026-10-07.json,269964.0,,Eurostat,EXACT,0.0
DNK,2007,foreign_nationals,278010.0,A,Eurostat [migr_pop1ctz],evidence/api/eurostat_migr_pop1ctz_2001-2022_retrieved_2026-10-07.json,278010.0,,Eurostat,EXACT,0.0
DNK,2008,foreign_nationals,298450.0,A,Eurostat [migr_pop1ctz],evidence/api/eurostat_migr_pop1ctz_2001-2022_retrieved_2026-10-07.json,298450.0,,Eurostat,EXACT,0.0
DNK,2009,foreign_nationals,320033.0,A,Eurostat [migr_pop1ctz],evidence/api/eurostat_migr_pop1ctz_2001-2022_retrieved_2026-10-07.json,320033.0,,Eurostat,EXACT,0.0
DNK,2010,foreign_nationals,329797.0,A,Eurostat [migr_pop1ctz],evidence/api/eurostat_migr_pop1ctz_2001-2022_retrieved_2026-10-07.json,329797.0,,Eurostat,EXACT,0.0
DNK,2011,foreign_nationals,345884.0,A,Eurostat [migr_pop1ctz],evidence/api/eurostat_migr_pop1ctz_2001-2022_retrieved_2026-10-07.json,345884.0,,Eurostat,EXACT,0.0
DNK,2012,foreign_nationals,358714.0,A,Eurostat [migr_pop1ctz],evidence/api/eurostat_migr_pop1ctz_2001-2022_retrieved_2026-10-07.json,358714.0,,Eurostat,EXACT,0.0
DNK,2013,foreign_nationals,374569.0,A,Eurostat [migr_pop1ctz],evidence/api/eurostat_migr_pop1ctz_2001-2022_retrieved_2026-10-07.json,374569.0,,Eurostat,EXACT,0.0
DNK,2014,foreign_nationals,397221.0,A,Eurostat [migr_pop1ctz],evidence/api/eurostat_migr_pop1ctz_2001-2022_retrieved_2026-10-07.json,397221.0,,Eurostat,EXACT,0.0
DNK,2015,foreign_nationals,422492.0,A,Eurostat [migr_pop1ctz],evidence/api/eurostat_migr_pop1ctz_2001-2022_retrieved_2026-10-07.json,422492.0,,Eurostat,EXACT,0.0
DNK,2016,foreign_nationals,463088.0,A,Eurostat [migr_pop1ctz],evidence/api/eurostat_migr_pop1ctz_2001-2022_retrieved_2026-10-07.json,463088.0,,Eurostat,EXACT,0.0
DNK,2017,foreign_nationals,484934.0,A,Eurostat [migr_pop1ctz],evidence/api/eurostat_migr_pop1ctz_2001-2022_retrieved_2026-10-07.json,484934.0,,Eurostat,EXACT,0.0
DNK,2018,foreign_nationals,505934.0,A,Eurostat [migr_pop1ctz],evidence/api/eurostat_migr_pop1ctz_2001-2022_retrieved_2026-10-07.json,505934.0,,Eurostat,EXACT,0.0
DNK,2019,foreign_nationals,525849.0,A,Eurostat [migr_pop1ctz],evidence/api/eurostat_migr_pop1ctz_2001-2022_retrieved_2026-10-07.json,525849.0,,Eurostat,EXACT,0.0
DNK,2020,foreign_nationals,537071.0,A,Eurostat [migr_pop1ctz],evidence/api/eurostat_migr_pop1ctz_2001-2022_retrieved_2026-10-07.json,537071.0,,Eurostat,EXACT,0.0
DNK,2021,foreign_nationals,539443.0,A,Eurostat [migr_pop1ctz],evidence/api/eurostat_migr_pop1ctz_2001-2022_retrieved_2026-10-07.json,539443.0,,Eurostat,EXACT,0.0
DNK,2022,foreign_nationals,562205.0,A,Eurostat [migr_pop1ctz],evidence/api/eurostat_migr_pop1ctz_2001-2022_retrieved_2026-10-07.json,562205.0,,Eurostat,EXACT,0.0
FIN,2001,foreign_nationals,90569.0,A,Eurostat [migr_pop1ctz],evidence/api/eurostat_migr_pop1ctz_2001-2022_retrieved_2026-10-07.json,90569.0,,Eurostat,EXACT,0.0
FIN,2002,foreign_nationals,98142.0,A,Eurostat [migr_pop1ctz],evidence/api/eurostat_migr_pop1ctz_2001-2022_retrieved_2026-10-07.json,98142.0,,Eurostat,EXACT,0.0
FIN,2003,foreign_nationals,103206.0,A,Eurostat [migr_pop1ctz],evidence/api/eurostat_migr_pop1ctz_2001-2022_retrieved_2026-10-07.json,103206.0,,Eurostat,EXACT,0.0
FIN,2004,foreign_nationals,106545.0,A,Eurostat [migr_pop1ctz],evidence/api/eurostat_migr_pop1ctz_2001-2022_retrieved_2026-10-07.json,106545.0,,Eurostat,EXACT,0.0
FIN,2005,foreign_nationals,107804.0,A,Eurostat [migr_pop1ctz],evidence/api/eurostat_migr_pop1ctz_2001-2022_retrieved_2026-10-07.json,107804.0,,Eurostat,EXACT,0.0
FIN,2006,foreign_nationals,112529.0,A,Eurostat [migr_pop1ctz],evidence/api/eurostat_migr_pop1ctz_2001-2022_retrieved_2026-10-07.json,112529.0,,Eurostat,EXACT,0.0
FIN,2007,foreign_nationals,121110.0,A,Eurostat [migr_pop1ctz],evidence/api/eurostat_migr_pop1ctz_2001-2022_retrieved_2026-10-07.json,121110.0,,Eurostat,EXACT,0.0
FIN,2008,foreign_nationals,132708.0,A,Eurostat [migr_pop1ctz],evidence/api/eurostat_migr_pop1ctz_2001-2022_retrieved_2026-10-07.json,132708.0,,Eurostat,EXACT,0.0
FIN,2009,foreign_nationals,142288.0,A,Eurostat [migr_pop1ctz],evidence/api/eurostat_migr_pop1ctz_2001-2022_retrieved_2026-10-07.json,142288.0,,Eurostat,EXACT,0.0
FIN,2010,foreign_nationals,154623.0,A,Eurostat [migr_pop1ctz],evidence/api/eurostat_migr_pop1ctz_2001-2022_retrieved_2026-10-07.json,154623.0,,Eurostat,EXACT,0.0
FIN,2011,foreign_nationals,166627.0,A,Eurostat [migr_pop1ctz],evidence/api/eurostat_migr_pop1ctz_2001-2022_retrieved_2026-10-07.json,166627.0,,Eurostat,EXACT,0.0
FIN,2012,foreign_nationals,181697.0,A,Eurostat [migr_pop1ctz],evidence/api/eurostat_migr_pop1ctz_2001-2022_retrieved_2026-10-07.json,181697.0,,Eurostat,EXACT,0.0
FIN,2013,foreign_nationals,194250.0,A,Eurostat [migr_pop1ctz],evidence/api/eurostat_migr_pop1ctz_2001-2022_retrieved_2026-10-07.json,194250.0,,Eurostat,EXACT,0.0
FIN,2014,foreign_nationals,206168.0,A,Eurostat [migr_pop1ctz],evidence/api/eurostat_migr_pop1ctz_2001-2022_retrieved_2026-10-07.json,206168.0,,Eurostat,EXACT,0.0
FIN,2015,foreign_nationals,218215.0,A,Eurostat [migr_pop1ctz],evidence/api/eurostat_migr_pop1ctz_2001-2022_retrieved_2026-10-07.json,218215.0,,Eurostat,EXACT,0.0
FIN,2016,foreign_nationals,228224.0,A,Eurostat [migr_pop1ctz],evidence/api/eurostat_migr_pop1ctz_2001-2022_retrieved_2026-10-07.json,228224.0,,Eurostat,EXACT,0.0
FIN,2017,foreign_nationals,242003.0,A,Eurostat [migr_pop1ctz],evidence/api/eurostat_migr_pop1ctz_2001-2022_retrieved_2026-10-07.json,242003.0,,Eurostat,EXACT,0.0
FIN,2018,foreign_nationals,247848.0,A,Eurostat [migr_pop1ctz],evidence/api/eurostat_migr_pop1ctz_2001-2022_retrieved_2026-10-07.json,247848.0,,Eurostat,EXACT,0.0
FIN,2019,foreign_nationals,256026.0,A,Eurostat [migr_pop1ctz],evidence/api/eurostat_migr_pop1ctz_2001-2022_retrieved_2026-10-07.json,256026.0,,Eurostat,EXACT,0.0
FIN,2020,foreign_nationals,266079.0,A,Eurostat [migr_pop1ctz],evidence/api/eurostat_migr_pop1ctz_2001-2022_retrieved_2026-10-07.json,266079.0,,Eurostat,EXACT,0.0
FIN,2021,foreign_nationals,277217.0,A,Eurostat [migr_pop1ctz],evidence/api/eurostat_migr_pop1ctz_2001-2022_retrieved_2026-10-07.json,277217.0,,Eurostat,EXACT,0.0
FIN,2022,foreign_nationals,294638.0,A,Eurostat [migr_pop1ctz],evidence/api/eurostat_migr_pop1ctz_2001-2022_retrieved_2026-10-07.json,294638.0,,Eurostat,EXACT,0.0
FRA,2006,foreign_nationals,3541820.0,A,"OECD International Migration Database (stocks of foreign population, measure B15)",evidence/api/oecd/OECD_B15_foreign-population_2001-2022_retrieved_2026-10-07.json,3541820.0,"{'OBS_STATUS': {'id': 'A', 'order': 0, 'name': 'Normal value', 'names': {'en': 'Normal value'}}, 'UNIT_MULT': {'id': '0', 'order': 0, 'name': 'Units', 'names': {'en': 'Units'}}, 'DECIMALS': {'id': '0', 'order': 0, 'name': 'Zero', 'names': {'en': 'Zero'}}}",OECD,EXACT,0.0
FRA,2007,foreign_nationals,3685544.0,A,Eurostat [migr_pop1ctz],evidence/api/eurostat_migr_pop1ctz_2001-2022_retrieved_2026-10-07.json,3685544.0,e,Eurostat,EXACT,0.0
FRA,2008,foreign_nationals,3709814.0,A,Eurostat [migr_pop1ctz],evidence/api/eurostat_migr_pop1ctz_2001-2022_retrieved_2026-10-07.json,3709814.0,e,Eurostat,EXACT,0.0
FRA,2009,foreign_nationals,3750406.0,A,Eurostat [migr_pop1ctz],evidence/api/eurostat_migr_pop1ctz_2001-2022_retrieved_2026-10-07.json,3750406.0,,Eurostat,EXACT,0.0
FRA,2010,foreign_nationals,3824590.0,A,Eurostat [migr_pop1ctz],evidence/api/eurostat_migr_pop1ctz_2001-2022_retrieved_2026-10-07.json,3824590.0,,Eurostat,EXACT,0.0
FRA,2011,foreign_nationals,3875096.0,A,Eurostat [migr_pop1ctz],evidence/api/eurostat_migr_pop1ctz_2001-2022_retrieved_2026-10-07.json,3875096.0,,Eurostat,EXACT,0.0
FRA,2012,foreign_nationals,3944725.0,A,Eurostat [migr_pop1ctz],evidence/api/eurostat_migr_pop1ctz_2001-2022_retrieved_2026-10-07.json,3944725.0,b,Eurostat,EXACT,0.0
FRA,2013,foreign_nationals,4092106.0,A,Eurostat [migr_pop1ctz],evidence/api/eurostat_migr_pop1ctz_2001-2022_retrieved_2026-10-07.json,4092106.0,,Eurostat,EXACT,0.0
FRA,2014,foreign_nationals,4227226.0,A,Eurostat [migr_pop1ctz],evidence/api/eurostat_migr_pop1ctz_2001-2022_retrieved_2026-10-07.json,4227226.0,b,Eurostat,EXACT,0.0
FRA,2015,foreign_nationals,4431376.0,A,Eurostat [migr_pop1ctz],evidence/api/eurostat_migr_pop1ctz_2001-2022_retrieved_2026-10-07.json,4431376.0,,Eurostat,EXACT,0.0
FRA,2016,foreign_nationals,4544793.0,A,Eurostat [migr_pop1ctz],evidence/api/eurostat_migr_pop1ctz_2001-2022_retrieved_2026-10-07.json,4544793.0,,Eurostat,EXACT,0.0
FRA,2017,foreign_nationals,4605669.0,A,Eurostat [migr_pop1ctz],evidence/api/eurostat_migr_pop1ctz_2001-2022_retrieved_2026-10-07.json,4605669.0,,Eurostat,EXACT,0.0
FRA,2018,foreign_nationals,4950717.0,A,Eurostat [migr_pop1ctz],evidence/api/eurostat_migr_pop1ctz_2001-2022_retrieved_2026-10-07.json,4950717.0,,Eurostat,EXACT,0.0
FRA,2019,foreign_nationals,5042171.0,A,Eurostat [migr_pop1ctz],evidence/api/eurostat_migr_pop1ctz_2001-2022_retrieved_2026-10-07.json,5042171.0,,Eurostat,EXACT,0.0
FRA,2020,foreign_nationals,5173605.0,A,Eurostat [migr_pop1ctz],evidence/api/eurostat_migr_pop1ctz_2001-2022_retrieved_2026-10-07.json,5173605.0,,Eurostat,EXACT,0.0
FRA,2021,foreign_nationals,5302510.0,A,Eurostat [migr_pop1ctz],evidence/api/eurostat_migr_pop1ctz_2001-2022_retrieved_2026-10-07.json,5302510.0,,Eurostat,EXACT,0.0
FRA,2022,foreign_nationals,5458039.0,A,Eurostat [migr_pop1ctz],evidence/api/eurostat_migr_pop1ctz_2001-2022_retrieved_2026-10-07.json,5458039.0,,Eurostat,EXACT,0.0
DEU,2001,foreign_nationals,7210710.0,A,Eurostat [migr_pop1ctz],evidence/api/eurostat_migr_pop1ctz_2001-2022_retrieved_2026-10-07.json,7210710.0,,Eurostat,EXACT,0.0
DEU,2002,foreign_nationals,7262099.0,A,Eurostat [migr_pop1ctz],evidence/api/eurostat_migr_pop1ctz_2001-2022_retrieved_2026-10-07.json,7262099.0,,Eurostat,EXACT,0.0
DEU,2003,foreign_nationals,7291969.0,A,Eurostat [migr_pop1ctz],evidence/api/eurostat_migr_pop1ctz_2001-2022_retrieved_2026-10-07.json,7291969.0,,Eurostat,EXACT,0.0
DEU,2004,foreign_nationals,7291306.0,A,Eurostat [migr_pop1ctz],evidence/api/eurostat_migr_pop1ctz_2001-2022_retrieved_2026-10-07.json,7291306.0,,Eurostat,EXACT,0.0
DEU,2005,foreign_nationals,7242810.0,A,Eurostat [migr_pop1ctz],evidence/api/eurostat_migr_pop1ctz_2001-2022_retrieved_2026-10-07.json,7242810.0,,Eurostat,EXACT,0.0
DEU,2006,foreign_nationals,6711072.0,A,Eurostat [migr_pop1ctz],evidence/api/eurostat_migr_pop1ctz_2001-2022_retrieved_2026-10-07.json,6711072.0,,Eurostat,EXACT,0.0
DEU,2007,foreign_nationals,7207716.0,A,Eurostat [migr_pop1ctz],evidence/api/eurostat_migr_pop1ctz_2001-2022_retrieved_2026-10-07.json,7207716.0,,Eurostat,EXACT,0.0
DEU,2008,foreign_nationals,7255395.0,A,Eurostat [migr_pop1ctz],evidence/api/eurostat_migr_pop1ctz_2001-2022_retrieved_2026-10-07.json,7255395.0,,Eurostat,EXACT,0.0
DEU,2009,foreign_nationals,7185921.0,A,Eurostat [migr_pop1ctz],evidence/api/eurostat_migr_pop1ctz_2001-2022_retrieved_2026-10-07.json,7185921.0,,Eurostat,EXACT,0.0
DEU,2010,foreign_nationals,7130919.0,A,Eurostat [migr_pop1ctz],evidence/api/eurostat_migr_pop1ctz_2001-2022_retrieved_2026-10-07.json,7130919.0,,Eurostat,EXACT,0.0
DEU,2011,foreign_nationals,6107216.0,A,Eurostat [migr_pop1ctz],evidence/api/eurostat_migr_pop1ctz_2001-2022_retrieved_2026-10-07.json,6107216.0,,Eurostat,EXACT,0.0
DEU,2012,foreign_nationals,6342394.0,A,Eurostat [migr_pop1ctz],evidence/api/eurostat_migr_pop1ctz_2001-2022_retrieved_2026-10-07.json,6342394.0,,Eurostat,EXACT,0.0
DEU,2013,foreign_nationals,6643699.0,A,Eurostat [migr_pop1ctz],evidence/api/eurostat_migr_pop1ctz_2001-2022_retrieved_2026-10-07.json,6643699.0,,Eurostat,EXACT,0.0
DEU,2014,foreign_nationals,7015236.0,A,Eurostat [migr_pop1ctz],evidence/api/eurostat_migr_pop1ctz_2001-2022_retrieved_2026-10-07.json,7015236.0,,Eurostat,EXACT,0.0
DEU,2015,foreign_nationals,7539774.0,A,Eurostat [migr_pop1ctz],evidence/api/eurostat_migr_pop1ctz_2001-2022_retrieved_2026-10-07.json,7539774.0,,Eurostat,EXACT,0.0
DEU,2016,foreign_nationals,8651958.0,A,Eurostat [migr_pop1ctz],evidence/api/eurostat_migr_pop1ctz_2001-2022_retrieved_2026-10-07.json,8651958.0,,Eurostat,EXACT,0.0
DEU,2017,foreign_nationals,9219989.0,A,Eurostat [migr_pop1ctz],evidence/api/eurostat_migr_pop1ctz_2001-2022_retrieved_2026-10-07.json,9219989.0,,Eurostat,EXACT,0.0
DEU,2018,foreign_nationals,9678868.0,A,Eurostat [migr_pop1ctz],evidence/api/eurostat_migr_pop1ctz_2001-2022_retrieved_2026-10-07.json,9678868.0,,Eurostat,EXACT,0.0
DEU,2019,foreign_nationals,10089292.0,A,Eurostat [migr_pop1ctz],evidence/api/eurostat_migr_pop1ctz_2001-2022_retrieved_2026-10-07.json,10089292.0,,Eurostat,EXACT,0.0
DEU,2020,foreign_nationals,10398022.0,A,Eurostat [migr_pop1ctz],evidence/api/eurostat_migr_pop1ctz_2001-2022_retrieved_2026-10-07.json,10398022.0,,Eurostat,EXACT,0.0
DEU,2021,foreign_nationals,10585053.0,A,Eurostat [migr_pop1ctz],evidence/api/eurostat_migr_pop1ctz_2001-2022_retrieved_2026-10-07.json,10585053.0,,Eurostat,EXACT,0.0
DEU,2022,foreign_nationals,10893053.0,A,Eurostat [migr_pop1ctz],evidence/api/eurostat_migr_pop1ctz_2001-2022_retrieved_2026-10-07.json,10893053.0,,Eurostat,EXACT,0.0
HUN,2001,foreign_nationals,115436.0,A,Eurostat [migr_pop1ctz],evidence/api/eurostat_migr_pop1ctz_2001-2022_retrieved_2026-10-07.json,115436.0,,Eurostat,EXACT,0.0
HUN,2002,foreign_nationals,116085.0,A,Eurostat [migr_pop1ctz],evidence/api/eurostat_migr_pop1ctz_2001-2022_retrieved_2026-10-07.json,116085.0,p,Eurostat,EXACT,0.0
HUN,2003,foreign_nationals,115599.0,A,Eurostat [migr_pop1ctz],evidence/api/eurostat_migr_pop1ctz_2001-2022_retrieved_2026-10-07.json,115599.0,,Eurostat,EXACT,0.0
HUN,2004,foreign_nationals,130109.0,A,Eurostat [migr_pop1ctz],evidence/api/eurostat_migr_pop1ctz_2001-2022_retrieved_2026-10-07.json,130109.0,,Eurostat,EXACT,0.0
HUN,2005,foreign_nationals,143638.0,A,Eurostat [migr_pop1ctz],evidence/api/eurostat_migr_pop1ctz_2001-2022_retrieved_2026-10-07.json,143638.0,,Eurostat,EXACT,0.0
HUN,2006,foreign_nationals,155978.0,A,Eurostat [migr_pop1ctz],evidence/api/eurostat_migr_pop1ctz_2001-2022_retrieved_2026-10-07.json,155978.0,,Eurostat,EXACT,0.0
HUN,2007,foreign_nationals,167715.0,A,Eurostat [migr_pop1ctz],evidence/api/eurostat_migr_pop1ctz_2001-2022_retrieved_2026-10-07.json,167715.0,,Eurostat,EXACT,0.0
HUN,2008,foreign_nationals,176580.0,A,Eurostat [migr_pop1ctz],evidence/api/eurostat_migr_pop1ctz_2001-2022_retrieved_2026-10-07.json,176580.0,,Eurostat,EXACT,0.0
HUN,2009,foreign_nationals,186365.0,A,Eurostat [migr_pop1ctz],evidence/api/eurostat_migr_pop1ctz_2001-2022_retrieved_2026-10-07.json,186365.0,,Eurostat,EXACT,0.0
HUN,2010,foreign_nationals,200005.0,A,Eurostat [migr_pop1ctz],evidence/api/eurostat_migr_pop1ctz_2001-2022_retrieved_2026-10-07.json,200005.0,,Eurostat,EXACT,0.0
HUN,2011,foreign_nationals,209202.0,A,Eurostat [migr_pop1ctz],evidence/api/eurostat_migr_pop1ctz_2001-2022_retrieved_2026-10-07.json,209202.0,,Eurostat,EXACT,0.0
HUN,2012,foreign_nationals,143125.0,A,Eurostat [migr_pop1ctz],evidence/api/eurostat_migr_pop1ctz_2001-2022_retrieved_2026-10-07.json,143125.0,,Eurostat,EXACT,0.0
HUN,2013,foreign_nationals,141122.0,A,Eurostat [migr_pop1ctz],evidence/api/eurostat_migr_pop1ctz_2001-2022_retrieved_2026-10-07.json,141122.0,,Eurostat,EXACT,0.0
HUN,2014,foreign_nationals,140301.0,A,Eurostat [migr_pop1ctz],evidence/api/eurostat_migr_pop1ctz_2001-2022_retrieved_2026-10-07.json,140301.0,,Eurostat,EXACT,0.0
HUN,2015,foreign_nationals,145727.0,A,Eurostat [migr_pop1ctz],evidence/api/eurostat_migr_pop1ctz_2001-2022_retrieved_2026-10-07.json,145727.0,,Eurostat,EXACT,0.0
HUN,2016,foreign_nationals,156366.0,A,Eurostat [migr_pop1ctz],evidence/api/eurostat_migr_pop1ctz_2001-2022_retrieved_2026-10-07.json,156366.0,,Eurostat,EXACT,0.0
HUN,2017,foreign_nationals,150885.0,A,Eurostat [migr_pop1ctz],evidence/api/eurostat_migr_pop1ctz_2001-2022_retrieved_2026-10-07.json,150885.0,,Eurostat,EXACT,0.0
HUN,2018,foreign_nationals,161549.0,A,Eurostat [migr_pop1ctz],evidence/api/eurostat_migr_pop1ctz_2001-2022_retrieved_2026-10-07.json,161549.0,,Eurostat,EXACT,0.0
HUN,2019,foreign_nationals,180525.0,A,Eurostat [migr_pop1ctz],evidence/api/eurostat_migr_pop1ctz_2001-2022_retrieved_2026-10-07.json,180525.0,,Eurostat,EXACT,0.0
HUN,2020,foreign_nationals,199707.0,A,Eurostat [migr_pop1ctz],evidence/api/eurostat_migr_pop1ctz_2001-2022_retrieved_2026-10-07.json,199707.0,,Eurostat,EXACT,0.0
HUN,2021,foreign_nationals,194240.0,A,Eurostat [migr_pop1ctz],evidence/api/eurostat_migr_pop1ctz_2001-2022_retrieved_2026-10-07.json,194240.0,,Eurostat,EXACT,0.0
HUN,2022,foreign_nationals,202299.0,A,Eurostat [migr_pop1ctz],evidence/api/eurostat_migr_pop1ctz_2001-2022_retrieved_2026-10-07.json,202299.0,,Eurostat,EXACT,0.0
ISL,2001,foreign_nationals,8821.0,A,Eurostat [migr_pop1ctz],evidence/api/eurostat_migr_pop1ctz_2001-2022_retrieved_2026-10-07.json,8821.0,,Eurostat,EXACT,0.0
ISL,2002,foreign_nationals,9847.0,A,Eurostat [migr_pop1ctz],evidence/api/eurostat_migr_pop1ctz_2001-2022_retrieved_2026-10-07.json,9847.0,,Eurostat,EXACT,0.0
ISL,2003,foreign_nationals,10218.0,A,Eurostat [migr_pop1ctz],evidence/api/eurostat_migr_pop1ctz_2001-2022_retrieved_2026-10-07.json,10218.0,,Eurostat,EXACT,0.0
ISL,2004,foreign_nationals,10151.0,A,Eurostat [migr_pop1ctz],evidence/api/eurostat_migr_pop1ctz_2001-2022_retrieved_2026-10-07.json,10151.0,,Eurostat,EXACT,0.0
ISL,2005,foreign_nationals,10607.0,A,Eurostat [migr_pop1ctz],evidence/api/eurostat_migr_pop1ctz_2001-2022_retrieved_2026-10-07.json,10607.0,,Eurostat,EXACT,0.0
ISL,2006,foreign_nationals,13746.0,A,Eurostat [migr_pop1ctz],evidence/api/eurostat_migr_pop1ctz_2001-2022_retrieved_2026-10-07.json,13746.0,,Eurostat,EXACT,0.0
ISL,2007,foreign_nationals,18563.0,A,"OECD International Migration Database (stocks of foreign population, measure B15)",evidence/api/oecd/OECD_B15_foreign-population_2001-2022_retrieved_2026-10-07.json,18563.0,"{'OBS_STATUS': {'id': 'A', 'order': 0, 'name': 'Normal value', 'names': {'en': 'Normal value'}}, 'UNIT_MULT': {'id': '0', 'order': 0, 'name': 'Units', 'names': {'en': 'Units'}}, 'DECIMALS': {'id': '0', 'order': 0, 'name': 'Zero', 'names': {'en': 'Zero'}}}",OECD,EXACT,0.0
ISL,2008,foreign_nationals,23420.0,A,Eurostat [migr_pop1ctz],evidence/api/eurostat_migr_pop1ctz_2001-2022_retrieved_2026-10-07.json,23420.0,,Eurostat,EXACT,0.0
ISL,2009,foreign_nationals,24379.0,A,Eurostat [migr_pop1ctz],evidence/api/eurostat_migr_pop1ctz_2001-2022_retrieved_2026-10-07.json,24379.0,,Eurostat,EXACT,0.0
ISL,2010,foreign_nationals,21701.0,A,Eurostat [migr_pop1ctz],evidence/api/eurostat_migr_pop1ctz_2001-2022_retrieved_2026-10-07.json,21701.0,,Eurostat,EXACT,0.0
ISL,2011,foreign_nationals,21143.0,A,Eurostat [migr_pop1ctz],evidence/api/eurostat_migr_pop1ctz_2001-2022_retrieved_2026-10-07.json,21143.0,,Eurostat,EXACT,0.0
ISL,2012,foreign_nationals,20957.0,A,Eurostat [migr_pop1ctz],evidence/api/eurostat_migr_pop1ctz_2001-2022_retrieved_2026-10-07.json,20957.0,,Eurostat,EXACT,0.0
ISL,2013,foreign_nationals,21446.0,A,Eurostat [migr_pop1ctz],evidence/api/eurostat_migr_pop1ctz_2001-2022_retrieved_2026-10-07.json,21446.0,,Eurostat,EXACT,0.0
ISL,2014,foreign_nationals,22744.0,A,Eurostat [migr_pop1ctz],evidence/api/eurostat_migr_pop1ctz_2001-2022_retrieved_2026-10-07.json,22744.0,,Eurostat,EXACT,0.0
ISL,2015,foreign_nationals,24294.0,A,Eurostat [migr_pop1ctz],evidence/api/eurostat_migr_pop1ctz_2001-2022_retrieved_2026-10-07.json,24294.0,,Eurostat,EXACT,0.0
ISL,2016,foreign_nationals,26485.0,A,Eurostat [migr_pop1ctz],evidence/api/eurostat_migr_pop1ctz_2001-2022_retrieved_2026-10-07.json,26485.0,,Eurostat,EXACT,0.0
ISL,2017,foreign_nationals,30275.0,A,Eurostat [migr_pop1ctz],evidence/api/eurostat_migr_pop1ctz_2001-2022_retrieved_2026-10-07.json,30275.0,,Eurostat,EXACT,0.0
ISL,2018,foreign_nationals,37830.0,A,Eurostat [migr_pop1ctz],evidence/api/eurostat_migr_pop1ctz_2001-2022_retrieved_2026-10-07.json,37830.0,,Eurostat,EXACT,0.0
ISL,2019,foreign_nationals,44269.0,A,Eurostat [migr_pop1ctz],evidence/api/eurostat_migr_pop1ctz_2001-2022_retrieved_2026-10-07.json,44269.0,,Eurostat,EXACT,0.0
ISL,2020,foreign_nationals,49391.0,A,Eurostat [migr_pop1ctz],evidence/api/eurostat_migr_pop1ctz_2001-2022_retrieved_2026-10-07.json,49391.0,,Eurostat,EXACT,0.0
ISL,2021,foreign_nationals,51283.0,A,Eurostat [migr_pop1ctz],evidence/api/eurostat_migr_pop1ctz_2001-2022_retrieved_2026-10-07.json,51283.0,,Eurostat,EXACT,0.0
ISL,2022,foreign_nationals,54959.0,A,Eurostat [migr_pop1ctz],evidence/api/eurostat_migr_pop1ctz_2001-2022_retrieved_2026-10-07.json,54959.0,,Eurostat,EXACT,0.0
ITA,2001,foreign_nationals,1379749.0,A,"OECD International Migration Database (stocks of foreign population, measure B15)",evidence/api/oecd/OECD_B15_foreign-population_2001-2022_retrieved_2026-10-07.json,1379749.0,"{'OBS_STATUS': {'id': 'A', 'order': 0, 'name': 'Normal value', 'names': {'en': 'Normal value'}}, 'UNIT_MULT': {'id': '0', 'order': 0, 'name': 'Units', 'names': {'en': 'Units'}}, 'DECIMALS': {'id': '0', 'order': 0, 'name': 'Zero', 'names': {'en': 'Zero'}}}",OECD,EXACT,0.0
ITA,2002,foreign_nationals,1341414.0,A,Eurostat [migr_pop1ctz],evidence/api/eurostat_migr_pop1ctz_2001-2022_retrieved_2026-10-07.json,1341414.0,,Eurostat,EXACT,0.0
ITA,2003,foreign_nationals,1483277.0,A,Eurostat [migr_pop1ctz],evidence/api/eurostat_migr_pop1ctz_2001-2022_retrieved_2026-10-07.json,1483277.0,,Eurostat,EXACT,0.0
ITA,2004,foreign_nationals,1893927.0,A,Eurostat [migr_pop1ctz],evidence/api/eurostat_migr_pop1ctz_2001-2022_retrieved_2026-10-07.json,1893927.0,,Eurostat,EXACT,0.0
ITA,2005,foreign_nationals,2269018.0,A,Eurostat [migr_pop1ctz],evidence/api/eurostat_migr_pop1ctz_2001-2022_retrieved_2026-10-07.json,2269018.0,,Eurostat,EXACT,0.0
ITA,2006,foreign_nationals,2498411.0,A,Eurostat [migr_pop1ctz],evidence/api/eurostat_migr_pop1ctz_2001-2022_retrieved_2026-10-07.json,2498411.0,,Eurostat,EXACT,0.0
ITA,2007,foreign_nationals,2692022.0,A,Eurostat [migr_pop1ctz],evidence/api/eurostat_migr_pop1ctz_2001-2022_retrieved_2026-10-07.json,2692022.0,,Eurostat,EXACT,0.0
ITA,2008,foreign_nationals,3151553.0,A,Eurostat [migr_pop1ctz],evidence/api/eurostat_migr_pop1ctz_2001-2022_retrieved_2026-10-07.json,3151553.0,,Eurostat,EXACT,0.0
ITA,2009,foreign_nationals,3558853.0,A,Eurostat [migr_pop1ctz],evidence/api/eurostat_migr_pop1ctz_2001-2022_retrieved_2026-10-07.json,3558853.0,,Eurostat,EXACT,0.0
ITA,2010,foreign_nationals,3836349.0,A,Eurostat [migr_pop1ctz],evidence/api/eurostat_migr_pop1ctz_2001-2022_retrieved_2026-10-07.json,3836349.0,,Eurostat,EXACT,0.0
ITA,2011,foreign_nationals,4101335.0,A,Eurostat [migr_pop1ctz],evidence/api/eurostat_migr_pop1ctz_2001-2022_retrieved_2026-10-07.json,4101335.0,,Eurostat,EXACT,0.0
ITA,2012,foreign_nationals,4319201.0,A,Eurostat [migr_pop1ctz],evidence/api/eurostat_migr_pop1ctz_2001-2022_retrieved_2026-10-07.json,4319201.0,,Eurostat,EXACT,0.0
ITA,2013,foreign_nationals,4610493.0,A,Eurostat [migr_pop1ctz],evidence/api/eurostat_migr_pop1ctz_2001-2022_retrieved_2026-10-07.json,4610493.0,,Eurostat,EXACT,0.0
ITA,2014,foreign_nationals,4787166.0,A,Eurostat [migr_pop1ctz],evidence/api/eurostat_migr_pop1ctz_2001-2022_retrieved_2026-10-07.json,4787166.0,,Eurostat,EXACT,0.0
ITA,2015,foreign_nationals,4835245.0,A,Eurostat [migr_pop1ctz],evidence/api/eurostat_migr_pop1ctz_2001-2022_retrieved_2026-10-07.json,4835245.0,,Eurostat,EXACT,0.0
ITA,2016,foreign_nationals,4831042.0,A,Eurostat [migr_pop1ctz],evidence/api/eurostat_migr_pop1ctz_2001-2022_retrieved_2026-10-07.json,4831042.0,,Eurostat,EXACT,0.0
ITA,2017,foreign_nationals,4818633.0,A,Eurostat [migr_pop1ctz],evidence/api/eurostat_migr_pop1ctz_2001-2022_retrieved_2026-10-07.json,4818633.0,,Eurostat,EXACT,0.0
ITA,2018,foreign_nationals,4883451.0,A,Eurostat [migr_pop1ctz],evidence/api/eurostat_migr_pop1ctz_2001-2022_retrieved_2026-10-07.json,4883451.0,,Eurostat,EXACT,0.0
ITA,2019,foreign_nationals,4996158.0,A,Eurostat [migr_pop1ctz],evidence/api/eurostat_migr_pop1ctz_2001-2022_retrieved_2026-10-07.json,4996158.0,b,Eurostat,EXACT,0.0
ITA,2020,foreign_nationals,5039637.0,A,Eurostat [migr_pop1ctz],evidence/api/eurostat_migr_pop1ctz_2001-2022_retrieved_2026-10-07.json,5039637.0,,Eurostat,EXACT,0.0
ITA,2021,foreign_nationals,5171894.0,A,Eurostat [migr_pop1ctz],evidence/api/eurostat_migr_pop1ctz_2001-2022_retrieved_2026-10-07.json,5171894.0,,Eurostat,EXACT,0.0
ITA,2022,foreign_nationals,5030716.0,A,Eurostat [migr_pop1ctz],evidence/api/eurostat_migr_pop1ctz_2001-2022_retrieved_2026-10-07.json,5030716.0,,Eurostat,EXACT,0.0
JPN,2001,foreign_nationals,1686444.0,A,"OECD International Migration Database (stocks of foreign population, measure B15)",evidence/api/oecd/OECD_B15_foreign-population_2001-2022_retrieved_2026-10-07.json,1686444.0,"{'OBS_STATUS': {'id': 'A', 'order': 0, 'name': 'Normal value', 'names': {'en': 'Normal value'}}, 'UNIT_MULT': {'id': '0', 'order': 0, 'name': 'Units', 'names': {'en': 'Units'}}, 'DECIMALS': {'id': '0', 'order': 0, 'name': 'Zero', 'names': {'en': 'Zero'}}}",OECD,EXACT,0.0
JPN,2002,foreign_nationals,1778462.0,A,"OECD International Migration Database (stocks of foreign population, measure B15)",evidence/api/oecd/OECD_B15_foreign-population_2001-2022_retrieved_2026-10-07.json,1778462.0,"{'OBS_STATUS': {'id': 'A', 'order': 0, 'name': 'Normal value', 'names': {'en': 'Normal value'}}, 'UNIT_MULT': {'id': '0', 'order': 0, 'name': 'Units', 'names': {'en': 'Units'}}, 'DECIMALS': {'id': '0', 'order': 0, 'name': 'Zero', 'names': {'en': 'Zero'}}}",OECD,EXACT,0.0
JPN,2003,foreign_nationals,1851758.0,A,"OECD International Migration Database (stocks of foreign population, measure B15)",evidence/api/oecd/OECD_B15_foreign-population_2001-2022_retrieved_2026-10-07.json,1851758.0,"{'OBS_STATUS': {'id': 'A', 'order': 0, 'name': 'Normal value', 'names': {'en': 'Normal value'}}, 'UNIT_MULT': {'id': '0', 'order': 0, 'name': 'Units', 'names': {'en': 'Units'}}, 'DECIMALS': {'id': '0', 'order': 0, 'name': 'Zero', 'names': {'en': 'Zero'}}}",OECD,EXACT,0.0
JPN,2004,foreign_nationals,1915030.0,A,"OECD International Migration Database (stocks of foreign population, measure B15)",evidence/api/oecd/OECD_B15_foreign-population_2001-2022_retrieved_2026-10-07.json,1915030.0,"{'OBS_STATUS': {'id': 'A', 'order': 0, 'name': 'Normal value', 'names': {'en': 'Normal value'}}, 'UNIT_MULT': {'id': '0', 'order': 0, 'name': 'Units', 'names': {'en': 'Units'}}, 'DECIMALS': {'id': '0', 'order': 0, 'name': 'Zero', 'names': {'en': 'Zero'}}}",OECD,EXACT,0.0
JPN,2005,foreign_nationals,1973747.0,A,"OECD International Migration Database (stocks of foreign population, measure B15)",evidence/api/oecd/OECD_B15_foreign-population_2001-2022_retrieved_2026-10-07.json,1973747.0,"{'OBS_STATUS': {'id': 'A', 'order': 0, 'name': 'Normal value', 'names': {'en': 'Normal value'}}, 'UNIT_MULT': {'id': '0', 'order': 0, 'name': 'Units', 'names': {'en': 'Units'}}, 'DECIMALS': {'id': '0', 'order': 0, 'name': 'Zero', 'names': {'en': 'Zero'}}}",OECD,EXACT,0.0
JPN,2006,foreign_nationals,2011555.0,A,"OECD International Migration Database (stocks of foreign population, measure B15)",evidence/api/oecd/OECD_B15_foreign-population_2001-2022_retrieved_2026-10-07.json,2011555.0,"{'OBS_STATUS': {'id': 'A', 'order': 0, 'name': 'Normal value', 'names': {'en': 'Normal value'}}, 'UNIT_MULT': {'id': '0', 'order': 0, 'name': 'Units', 'names': {'en': 'Units'}}, 'DECIMALS': {'id': '0', 'order': 0, 'name': 'Zero', 'names': {'en': 'Zero'}}}",OECD,EXACT,0.0
JPN,2007,foreign_nationals,2083202.0,A,"OECD International Migration Database (stocks of foreign population, measure B15)",evidence/api/oecd/OECD_B15_foreign-population_2001-2022_retrieved_2026-10-07.json,2083202.0,"{'OBS_STATUS': {'id': 'A', 'order': 0, 'name': 'Normal value', 'names': {'en': 'Normal value'}}, 'UNIT_MULT': {'id': '0', 'order': 0, 'name': 'Units', 'names': {'en': 'Units'}}, 'DECIMALS': {'id': '0', 'order': 0, 'name': 'Zero', 'names': {'en': 'Zero'}}}",OECD,EXACT,0.0
JPN,2008,foreign_nationals,2151400.0,A,"OECD International Migration Database (stocks of foreign population, measure B15)",evidence/api/oecd/OECD_B15_foreign-population_2001-2022_retrieved_2026-10-07.json,2151400.0,"{'OBS_STATUS': {'id': 'A', 'order': 0, 'name': 'Normal value', 'names': {'en': 'Normal value'}}, 'UNIT_MULT': {'id': '0', 'order': 0, 'name': 'Units', 'names': {'en': 'Units'}}, 'DECIMALS': {'id': '0', 'order': 0, 'name': 'Zero', 'names': {'en': 'Zero'}}}",OECD,EXACT,0.0
JPN,2009,foreign_nationals,2215901.0,A,"OECD International Migration Database (stocks of foreign population, measure B15)",evidence/api/oecd/OECD_B15_foreign-population_2001-2022_retrieved_2026-10-07.json,2215901.0,"{'OBS_STATUS': {'id': 'A', 'order': 0, 'name': 'Normal value', 'names': {'en': 'Normal value'}}, 'UNIT_MULT': {'id': '0', 'order': 0, 'name': 'Units', 'names': {'en': 'Units'}}, 'DECIMALS': {'id': '0', 'order': 0, 'name': 'Zero', 'names': {'en': 'Zero'}}}",OECD,EXACT,0.0
JPN,2010,foreign_nationals,2184724.0,A,"OECD International Migration Database (stocks of foreign population, measure B15)",evidence/api/oecd/OECD_B15_foreign-population_2001-2022_retrieved_2026-10-07.json,2184724.0,"{'OBS_STATUS': {'id': 'A', 'order': 0, 'name': 'Normal value', 'names': {'en': 'Normal value'}}, 'UNIT_MULT': {'id': '0', 'order': 0, 'name': 'Units', 'names': {'en': 'Units'}}, 'DECIMALS': {'id': '0', 'order': 0, 'name': 'Zero', 'names': {'en': 'Zero'}}}",OECD,EXACT,0.0
JPN,2011,foreign_nationals,2132913.0,A,"OECD International Migration Database (stocks of foreign population, measure B15)",evidence/api/oecd/OECD_B15_foreign-population_2001-2022_retrieved_2026-10-07.json,2132913.0,"{'OBS_STATUS': {'id': 'A', 'order': 0, 'name': 'Normal value', 'names': {'en': 'Normal value'}}, 'UNIT_MULT': {'id': '0', 'order': 0, 'name': 'Units', 'names': {'en': 'Units'}}, 'DECIMALS': {'id': '0', 'order': 0, 'name': 'Zero', 'names': {'en': 'Zero'}}}",OECD,EXACT,0.0
JPN,2012,foreign_nationals,2078508.0,A,"OECD International Migration Database (stocks of foreign population, measure B15)",evidence/api/oecd/OECD_B15_foreign-population_2001-2022_retrieved_2026-10-07.json,2078508.0,"{'OBS_STATUS': {'id': 'A', 'order': 0, 'name': 'Normal value', 'names': {'en': 'Normal value'}}, 'UNIT_MULT': {'id': '0', 'order': 0, 'name': 'Units', 'names': {'en': 'Units'}}, 'DECIMALS': {'id': '0', 'order': 0, 'name': 'Zero', 'names': {'en': 'Zero'}}}",OECD,EXACT,0.0
JPN,2013,foreign_nationals,2033656.0,A,"OECD International Migration Database (stocks of foreign population, measure B15)",evidence/api/oecd/OECD_B15_foreign-population_2001-2022_retrieved_2026-10-07.json,2033656.0,"{'OBS_STATUS': {'id': 'A', 'order': 0, 'name': 'Normal value', 'names': {'en': 'Normal value'}}, 'UNIT_MULT': {'id': '0', 'order': 0, 'name': 'Units', 'names': {'en': 'Units'}}, 'DECIMALS': {'id': '0', 'order': 0, 'name': 'Zero', 'names': {'en': 'Zero'}}}",OECD,EXACT,0.0
JPN,2014,foreign_nationals,2066445.0,A,"OECD International Migration Database (stocks of foreign population, measure B15)",evidence/api/oecd/OECD_B15_foreign-population_2001-2022_retrieved_2026-10-07.json,2066445.0,"{'OBS_STATUS': {'id': 'A', 'order': 0, 'name': 'Normal value', 'names': {'en': 'Normal value'}}, 'UNIT_MULT': {'id': '0', 'order': 0, 'name': 'Units', 'names': {'en': 'Units'}}, 'DECIMALS': {'id': '0', 'order': 0, 'name': 'Zero', 'names': {'en': 'Zero'}}}",OECD,EXACT,0.0
JPN,2015,foreign_nationals,2121831.0,A,"OECD International Migration Database (stocks of foreign population, measure B15)",evidence/api/oecd/OECD_B15_foreign-population_2001-2022_retrieved_2026-10-07.json,2121831.0,"{'OBS_STATUS': {'id': 'A', 'order': 0, 'name': 'Normal value', 'names': {'en': 'Normal value'}}, 'UNIT_MULT': {'id': '0', 'order': 0, 'name': 'Units', 'names': {'en': 'Units'}}, 'DECIMALS': {'id': '0', 'order': 0, 'name': 'Zero', 'names': {'en': 'Zero'}}}",OECD,EXACT,0.0
JPN,2016,foreign_nationals,2232189.0,A,"OECD International Migration Database (stocks of foreign population, measure B15)",evidence/api/oecd/OECD_B15_foreign-population_2001-2022_retrieved_2026-10-07.json,2232189.0,"{'OBS_STATUS': {'id': 'A', 'order': 0, 'name': 'Normal value', 'names': {'en': 'Normal value'}}, 'UNIT_MULT': {'id': '0', 'order': 0, 'name': 'Units', 'names': {'en': 'Units'}}, 'DECIMALS': {'id': '0', 'order': 0, 'name': 'Zero', 'names': {'en': 'Zero'}}}",OECD,EXACT,0.0
JPN,2017,foreign_nationals,2382822.0,A,"OECD International Migration Database (stocks of foreign population, measure B15)",evidence/api/oecd/OECD_B15_foreign-population_2001-2022_retrieved_2026-10-07.json,2382822.0,"{'OBS_STATUS': {'id': 'A', 'order': 0, 'name': 'Normal value', 'names': {'en': 'Normal value'}}, 'UNIT_MULT': {'id': '0', 'order': 0, 'name': 'Units', 'names': {'en': 'Units'}}, 'DECIMALS': {'id': '0', 'order': 0, 'name': 'Zero', 'names': {'en': 'Zero'}}}",OECD,EXACT,0.0
JPN,2018,foreign_nationals,2561848.0,A,"OECD International Migration Database (stocks of foreign population, measure B15)",evidence/api/oecd/OECD_B15_foreign-population_2001-2022_retrieved_2026-10-07.json,2561848.0,"{'OBS_STATUS': {'id': 'A', 'order': 0, 'name': 'Normal value', 'names': {'en': 'Normal value'}}, 'UNIT_MULT': {'id': '0', 'order': 0, 'name': 'Units', 'names': {'en': 'Units'}}, 'DECIMALS': {'id': '0', 'order': 0, 'name': 'Zero', 'names': {'en': 'Zero'}}}",OECD,EXACT,0.0
JPN,2019,foreign_nationals,2731093.0,A,"OECD International Migration Database (stocks of foreign population, measure B15)",evidence/api/oecd/OECD_B15_foreign-population_2001-2022_retrieved_2026-10-07.json,2731093.0,"{'OBS_STATUS': {'id': 'A', 'order': 0, 'name': 'Normal value', 'names': {'en': 'Normal value'}}, 'UNIT_MULT': {'id': '0', 'order': 0, 'name': 'Units', 'names': {'en': 'Units'}}, 'DECIMALS': {'id': '0', 'order': 0, 'name': 'Zero', 'names': {'en': 'Zero'}}}",OECD,EXACT,0.0
JPN,2020,foreign_nationals,2933137.0,A,"OECD International Migration Database (stocks of foreign population, measure B15)",evidence/api/oecd/OECD_B15_foreign-population_2001-2022_retrieved_2026-10-07.json,2933137.0,"{'OBS_STATUS': {'id': 'A', 'order': 0, 'name': 'Normal value', 'names': {'en': 'Normal value'}}, 'UNIT_MULT': {'id': '0', 'order': 0, 'name': 'Units', 'names': {'en': 'Units'}}, 'DECIMALS': {'id': '0', 'order': 0, 'name': 'Zero', 'names': {'en': 'Zero'}}}",OECD,EXACT,0.0
JPN,2021,foreign_nationals,2887116.0,A,"OECD International Migration Database (stocks of foreign population, measure B15)",evidence/api/oecd/OECD_B15_foreign-population_2001-2022_retrieved_2026-10-07.json,2887116.0,"{'OBS_STATUS': {'id': 'A', 'order': 0, 'name': 'Normal value', 'names': {'en': 'Normal value'}}, 'UNIT_MULT': {'id': '0', 'order': 0, 'name': 'Units', 'names': {'en': 'Units'}}, 'DECIMALS': {'id': '0', 'order': 0, 'name': 'Zero', 'names': {'en': 'Zero'}}}",OECD,EXACT,0.0
JPN,2022,foreign_nationals,2760635.0,A,"OECD International Migration Database (stocks of foreign population, measure B15)",evidence/api/oecd/OECD_B15_foreign-population_2001-2022_retrieved_2026-10-07.json,2760635.0,"{'OBS_STATUS': {'id': 'A', 'order': 0, 'name': 'Normal value', 'names': {'en': 'Normal value'}}, 'UNIT_MULT': {'id': '0', 'order': 0, 'name': 'Units', 'names': {'en': 'Units'}}, 'DECIMALS': {'id': '0', 'order': 0, 'name': 'Zero', 'names': {'en': 'Zero'}}}",OECD,EXACT,0.0
KOR,2001,foreign_nationals,210249.0,A,"OECD International Migration Database (stocks of foreign population, measure B15)",evidence/api/oecd/OECD_B15_foreign-population_2001-2022_retrieved_2026-10-07.json,210249.0,"{'OBS_STATUS': {'id': 'A', 'order': 0, 'name': 'Normal value', 'names': {'en': 'Normal value'}}, 'UNIT_MULT': {'id': '0', 'order': 0, 'name': 'Units', 'names': {'en': 'Units'}}, 'DECIMALS': {'id': '0', 'order': 0, 'name': 'Zero', 'names': {'en': 'Zero'}}}",OECD,EXACT,0.0
KOR,2002,foreign_nationals,229648.0,A,"OECD International Migration Database (stocks of foreign population, measure B15)",evidence/api/oecd/OECD_B15_foreign-population_2001-2022_retrieved_2026-10-07.json,229648.0,"{'OBS_STATUS': {'id': 'A', 'order': 0, 'name': 'Normal value', 'names': {'en': 'Normal value'}}, 'UNIT_MULT': {'id': '0', 'order': 0, 'name': 'Units', 'names': {'en': 'Units'}}, 'DECIMALS': {'id': '0', 'order': 0, 'name': 'Zero', 'names': {'en': 'Zero'}}}",OECD,EXACT,0.0
KOR,2003,foreign_nationals,271666.0,A,"OECD International Migration Database (stocks of foreign population, measure B15)",evidence/api/oecd/OECD_B15_foreign-population_2001-2022_retrieved_2026-10-07.json,271666.0,"{'OBS_STATUS': {'id': 'A', 'order': 0, 'name': 'Normal value', 'names': {'en': 'Normal value'}}, 'UNIT_MULT': {'id': '0', 'order': 0, 'name': 'Units', 'names': {'en': 'Units'}}, 'DECIMALS': {'id': '0', 'order': 0, 'name': 'Zero', 'names': {'en': 'Zero'}}}",OECD,EXACT,0.0
KOR,2004,foreign_nationals,460261.0,A,"OECD International Migration Database (stocks of foreign population, measure B15)",evidence/api/oecd/OECD_B15_foreign-population_2001-2022_retrieved_2026-10-07.json,460261.0,"{'OBS_STATUS': {'id': 'A', 'order': 0, 'name': 'Normal value', 'names': {'en': 'Normal value'}}, 'UNIT_MULT': {'id': '0', 'order': 0, 'name': 'Units', 'names': {'en': 'Units'}}, 'DECIMALS': {'id': '0', 'order': 0, 'name': 'Zero', 'names': {'en': 'Zero'}}}",OECD,EXACT,0.0
KOR,2005,foreign_nationals,491409.0,A,"OECD International Migration Database (stocks of foreign population, measure B15)",evidence/api/oecd/OECD_B15_foreign-population_2001-2022_retrieved_2026-10-07.json,491409.0,"{'OBS_STATUS': {'id': 'A', 'order': 0, 'name': 'Normal value', 'names': {'en': 'Normal value'}}, 'UNIT_MULT': {'id': '0', 'order': 0, 'name': 'Units', 'names': {'en': 'Units'}}, 'DECIMALS': {'id': '0', 'order': 0, 'name': 'Zero', 'names': {'en': 'Zero'}}}",OECD,EXACT,0.0
KOR,2006,foreign_nationals,510509.0,A,"OECD International Migration Database (stocks of foreign population, measure B15)",evidence/api/oecd/OECD_B15_foreign-population_2001-2022_retrieved_2026-10-07.json,510509.0,"{'OBS_STATUS': {'id': 'A', 'order': 0, 'name': 'Normal value', 'names': {'en': 'Normal value'}}, 'UNIT_MULT': {'id': '0', 'order': 0, 'name': 'Units', 'names': {'en': 'Units'}}, 'DECIMALS': {'id': '0', 'order': 0, 'name': 'Zero', 'names': {'en': 'Zero'}}}",OECD,EXACT,0.0
KOR,2007,foreign_nationals,660607.0,A,"OECD International Migration Database (stocks of foreign population, measure B15)",evidence/api/oecd/OECD_B15_foreign-population_2001-2022_retrieved_2026-10-07.json,660607.0,"{'OBS_STATUS': {'id': 'A', 'order': 0, 'name': 'Normal value', 'names': {'en': 'Normal value'}}, 'UNIT_MULT': {'id': '0', 'order': 0, 'name': 'Units', 'names': {'en': 'Units'}}, 'DECIMALS': {'id': '0', 'order': 0, 'name': 'Zero', 'names': {'en': 'Zero'}}}",OECD,EXACT,0.0
KOR,2008,foreign_nationals,800262.0,A,"OECD International Migration Database (stocks of foreign population, measure B15)",evidence/api/oecd/OECD_B15_foreign-population_2001-2022_retrieved_2026-10-07.json,800262.0,"{'OBS_STATUS': {'id': 'A', 'order': 0, 'name': 'Normal value', 'names': {'en': 'Normal value'}}, 'UNIT_MULT': {'id': '0', 'order': 0, 'name': 'Units', 'names': {'en': 'Units'}}, 'DECIMALS': {'id': '0', 'order': 0, 'name': 'Zero', 'names': {'en': 'Zero'}}}",OECD,EXACT,0.0
KOR,2009,foreign_nationals,997300.0,A,"OECD International Migration Database (stocks of foreign population, measure B15)",evidence/api/oecd/OECD_B15_foreign-population_2001-2022_retrieved_2026-10-07.json,997300.0,"{'OBS_STATUS': {'id': 'A', 'order': 0, 'name': 'Normal value', 'names': {'en': 'Normal value'}}, 'UNIT_MULT': {'id': '0', 'order': 0, 'name': 'Units', 'names': {'en': 'Units'}}, 'DECIMALS': {'id': '0', 'order': 0, 'name': 'Zero', 'names': {'en': 'Zero'}}}",OECD,EXACT,0.0
KOR,2010,foreign_nationals,1010020.0,A,"OECD International Migration Database (stocks of foreign population, measure B15)",evidence/api/oecd/OECD_B15_foreign-population_2001-2022_retrieved_2026-10-07.json,1010020.0,"{'OBS_STATUS': {'id': 'A', 'order': 0, 'name': 'Normal value', 'names': {'en': 'Normal value'}}, 'UNIT_MULT': {'id': '0', 'order': 0, 'name': 'Units', 'names': {'en': 'Units'}}, 'DECIMALS': {'id': '0', 'order': 0, 'name': 'Zero', 'names': {'en': 'Zero'}}}",OECD,EXACT,0.0
KOR,2011,foreign_nationals,1088638.0,A,"OECD International Migration Database (stocks of foreign population, measure B15)",evidence/api/oecd/OECD_B15_foreign-population_2001-2022_retrieved_2026-10-07.json,1088638.0,"{'OBS_STATUS': {'id': 'A', 'order': 0, 'name': 'Normal value', 'names': {'en': 'Normal value'}}, 'UNIT_MULT': {'id': '0', 'order': 0, 'name': 'Units', 'names': {'en': 'Units'}}, 'DECIMALS': {'id': '0', 'order': 0, 'name': 'Zero', 'names': {'en': 'Zero'}}}",OECD,EXACT,0.0
KOR,2012,foreign_nationals,1200079.0,A,"OECD International Migration Database (stocks of foreign population, measure B15)",evidence/api/oecd/OECD_B15_foreign-population_2001-2022_retrieved_2026-10-07.json,1200079.0,"{'OBS_STATUS': {'id': 'A', 'order': 0, 'name': 'Normal value', 'names': {'en': 'Normal value'}}, 'UNIT_MULT': {'id': '0', 'order': 0, 'name': 'Units', 'names': {'en': 'Units'}}, 'DECIMALS': {'id': '0', 'order': 0, 'name': 'Zero', 'names': {'en': 'Zero'}}}",OECD,EXACT,0.0
KOR,2013,foreign_nationals,1202270.0,A,"OECD International Migration Database (stocks of foreign population, measure B15)",evidence/api/oecd/OECD_B15_foreign-population_2001-2022_retrieved_2026-10-07.json,1202270.0,"{'OBS_STATUS': {'id': 'A', 'order': 0, 'name': 'Normal value', 'names': {'en': 'Normal value'}}, 'UNIT_MULT': {'id': '0', 'order': 0, 'name': 'Units', 'names': {'en': 'Units'}}, 'DECIMALS': {'id': '0', 'order': 0, 'name': 'Zero', 'names': {'en': 'Zero'}}}",OECD,EXACT,0.0
KOR,2014,foreign_nationals,1303777.0,A,"OECD International Migration Database (stocks of foreign population, measure B15)",evidence/api/oecd/OECD_B15_foreign-population_2001-2022_retrieved_2026-10-07.json,1303777.0,"{'OBS_STATUS': {'id': 'A', 'order': 0, 'name': 'Normal value', 'names': {'en': 'Normal value'}}, 'UNIT_MULT': {'id': '0', 'order': 0, 'name': 'Units', 'names': {'en': 'Units'}}, 'DECIMALS': {'id': '0', 'order': 0, 'name': 'Zero', 'names': {'en': 'Zero'}}}",OECD,EXACT,0.0
KOR,2015,foreign_nationals,1488882.0,A,"OECD International Migration Database (stocks of foreign population, measure B15)",evidence/api/oecd/OECD_B15_foreign-population_2001-2022_retrieved_2026-10-07.json,1488882.0,"{'OBS_STATUS': {'id': 'A', 'order': 0, 'name': 'Normal value', 'names': {'en': 'Normal value'}}, 'UNIT_MULT': {'id': '0', 'order': 0, 'name': 'Units', 'names': {'en': 'Units'}}, 'DECIMALS': {'id': '0', 'order': 0, 'name': 'Zero', 'names': {'en': 'Zero'}}}",OECD,EXACT,0.0
KOR,2016,foreign_nationals,1594768.0,A,"OECD International Migration Database (stocks of foreign population, measure B15)",evidence/api/oecd/OECD_B15_foreign-population_2001-2022_retrieved_2026-10-07.json,1594768.0,"{'OBS_STATUS': {'id': 'A', 'order': 0, 'name': 'Normal value', 'names': {'en': 'Normal value'}}, 'UNIT_MULT': {'id': '0', 'order': 0, 'name': 'Units', 'names': {'en': 'Units'}}, 'DECIMALS': {'id': '0', 'order': 0, 'name': 'Zero', 'names': {'en': 'Zero'}}}",OECD,EXACT,0.0
KOR,2017,foreign_nationals,1662759.0,A,"OECD International Migration Database (stocks of foreign population, measure B15)",evidence/api/oecd/OECD_B15_foreign-population_2001-2022_retrieved_2026-10-07.json,1662759.0,"{'OBS_STATUS': {'id': 'A', 'order': 0, 'name': 'Normal value', 'names': {'en': 'Normal value'}}, 'UNIT_MULT': {'id': '0', 'order': 0, 'name': 'Units', 'names': {'en': 'Units'}}, 'DECIMALS': {'id': '0', 'order': 0, 'name': 'Zero', 'names': {'en': 'Zero'}}}",OECD,EXACT,0.0
KOR,2018,foreign_nationals,1749563.0,A,"OECD International Migration Database (stocks of foreign population, measure B15)",evidence/api/oecd/OECD_B15_foreign-population_2001-2022_retrieved_2026-10-07.json,1749563.0,"{'OBS_STATUS': {'id': 'A', 'order': 0, 'name': 'Normal value', 'names': {'en': 'Normal value'}}, 'UNIT_MULT': {'id': '0', 'order': 0, 'name': 'Units', 'names': {'en': 'Units'}}, 'DECIMALS': {'id': '0', 'order': 0, 'name': 'Zero', 'names': {'en': 'Zero'}}}",OECD,EXACT,0.0
KOR,2019,foreign_nationals,1951097.0,A,"OECD International Migration Database (stocks of foreign population, measure B15)",evidence/api/oecd/OECD_B15_foreign-population_2001-2022_retrieved_2026-10-07.json,1951097.0,"{'OBS_STATUS': {'id': 'A', 'order': 0, 'name': 'Normal value', 'names': {'en': 'Normal value'}}, 'UNIT_MULT': {'id': '0', 'order': 0, 'name': 'Units', 'names': {'en': 'Units'}}, 'DECIMALS': {'id': '0', 'order': 0, 'name': 'Zero', 'names': {'en': 'Zero'}}}",OECD,EXACT,0.0
KOR,2020,foreign_nationals,2024578.0,A,"OECD International Migration Database (stocks of foreign population, measure B15)",evidence/api/oecd/OECD_B15_foreign-population_2001-2022_retrieved_2026-10-07.json,2024578.0,"{'OBS_STATUS': {'id': 'A', 'order': 0, 'name': 'Normal value', 'names': {'en': 'Normal value'}}, 'UNIT_MULT': {'id': '0', 'order': 0, 'name': 'Units', 'names': {'en': 'Units'}}, 'DECIMALS': {'id': '0', 'order': 0, 'name': 'Zero', 'names': {'en': 'Zero'}}}",OECD,EXACT,0.0
KOR,2021,foreign_nationals,1889454.0,A,"OECD International Migration Database (stocks of foreign population, measure B15)",evidence/api/oecd/OECD_B15_foreign-population_2001-2022_retrieved_2026-10-07.json,1889454.0,"{'OBS_STATUS': {'id': 'A', 'order': 0, 'name': 'Normal value', 'names': {'en': 'Normal value'}}, 'UNIT_MULT': {'id': '0', 'order': 0, 'name': 'Units', 'names': {'en': 'Units'}}, 'DECIMALS': {'id': '0', 'order': 0, 'name': 'Zero', 'names': {'en': 'Zero'}}}",OECD,EXACT,0.0
KOR,2022,foreign_nationals,1829774.0,A,"OECD International Migration Database (stocks of foreign population, measure B15)",evidence/api/oecd/OECD_B15_foreign-population_2001-2022_retrieved_2026-10-07.json,1829774.0,"{'OBS_STATUS': {'id': 'A', 'order': 0, 'name': 'Normal value', 'names': {'en': 'Normal value'}}, 'UNIT_MULT': {'id': '0', 'order': 0, 'name': 'Units', 'names': {'en': 'Units'}}, 'DECIMALS': {'id': '0', 'order': 0, 'name': 'Zero', 'names': {'en': 'Zero'}}}",OECD,EXACT,0.0
LTU,2001,foreign_nationals,35094.0,A,Eurostat [migr_pop1ctz],evidence/api/eurostat_migr_pop1ctz_2001-2022_retrieved_2026-10-07.json,35094.0,,Eurostat,EXACT,0.0
LTU,2002,foreign_nationals,32665.0,A,Eurostat [migr_pop1ctz],evidence/api/eurostat_migr_pop1ctz_2001-2022_retrieved_2026-10-07.json,32665.0,,Eurostat,EXACT,0.0
LTU,2003,foreign_nationals,33609.0,A,Eurostat [migr_pop1ctz],evidence/api/eurostat_migr_pop1ctz_2001-2022_retrieved_2026-10-07.json,33609.0,,Eurostat,EXACT,0.0
LTU,2004,foreign_nationals,33708.0,A,Eurostat [migr_pop1ctz],evidence/api/eurostat_migr_pop1ctz_2001-2022_retrieved_2026-10-07.json,33708.0,,Eurostat,EXACT,0.0
LTU,2005,foreign_nationals,33672.0,A,Eurostat [migr_pop1ctz],evidence/api/eurostat_migr_pop1ctz_2001-2022_retrieved_2026-10-07.json,33672.0,,Eurostat,EXACT,0.0
LTU,2006,foreign_nationals,32685.0,A,Eurostat [migr_pop1ctz],evidence/api/eurostat_migr_pop1ctz_2001-2022_retrieved_2026-10-07.json,32685.0,,Eurostat,EXACT,0.0
LTU,2007,foreign_nationals,32240.0,A,Eurostat [migr_pop1ctz],evidence/api/eurostat_migr_pop1ctz_2001-2022_retrieved_2026-10-07.json,32240.0,,Eurostat,EXACT,0.0
LTU,2008,foreign_nationals,31998.0,A,Eurostat [migr_pop1ctz],evidence/api/eurostat_migr_pop1ctz_2001-2022_retrieved_2026-10-07.json,31998.0,,Eurostat,EXACT,0.0
LTU,2009,foreign_nationals,30907.0,A,Eurostat [migr_pop1ctz],evidence/api/eurostat_migr_pop1ctz_2001-2022_retrieved_2026-10-07.json,30907.0,,Eurostat,EXACT,0.0
LTU,2010,foreign_nationals,27318.0,A,Eurostat [migr_pop1ctz],evidence/api/eurostat_migr_pop1ctz_2001-2022_retrieved_2026-10-07.json,27318.0,,Eurostat,EXACT,0.0
LTU,2011,foreign_nationals,24031.0,A,Eurostat [migr_pop1ctz],evidence/api/eurostat_migr_pop1ctz_2001-2022_retrieved_2026-10-07.json,24031.0,,Eurostat,EXACT,0.0
LTU,2012,foreign_nationals,22865.0,A,Eurostat [migr_pop1ctz],evidence/api/eurostat_migr_pop1ctz_2001-2022_retrieved_2026-10-07.json,22865.0,,Eurostat,EXACT,0.0
LTU,2013,foreign_nationals,21498.0,A,Eurostat [migr_pop1ctz],evidence/api/eurostat_migr_pop1ctz_2001-2022_retrieved_2026-10-07.json,21498.0,,Eurostat,EXACT,0.0
LTU,2014,foreign_nationals,20410.0,A,Eurostat [migr_pop1ctz],evidence/api/eurostat_migr_pop1ctz_2001-2022_retrieved_2026-10-07.json,20410.0,,Eurostat,EXACT,0.0
LTU,2015,foreign_nationals,20254.0,A,Eurostat [migr_pop1ctz],evidence/api/eurostat_migr_pop1ctz_2001-2022_retrieved_2026-10-07.json,20254.0,,Eurostat,EXACT,0.0
LTU,2016,foreign_nationals,19123.0,A,Eurostat [migr_pop1ctz],evidence/api/eurostat_migr_pop1ctz_2001-2022_retrieved_2026-10-07.json,19123.0,,Eurostat,EXACT,0.0
LTU,2017,foreign_nationals,18665.0,A,Eurostat [migr_pop1ctz],evidence/api/eurostat_migr_pop1ctz_2001-2022_retrieved_2026-10-07.json,18665.0,,Eurostat,EXACT,0.0
LTU,2018,foreign_nationals,18923.0,A,Eurostat [migr_pop1ctz],evidence/api/eurostat_migr_pop1ctz_2001-2022_retrieved_2026-10-07.json,18923.0,,Eurostat,EXACT,0.0
LTU,2019,foreign_nationals,20202.0,A,Eurostat [migr_pop1ctz],evidence/api/eurostat_migr_pop1ctz_2001-2022_retrieved_2026-10-07.json,20202.0,,Eurostat,EXACT,0.0
LTU,2020,foreign_nationals,20680.0,A,Eurostat [migr_pop1ctz],evidence/api/eurostat_migr_pop1ctz_2001-2022_retrieved_2026-10-07.json,20680.0,,Eurostat,EXACT,0.0
LTU,2021,foreign_nationals,20001.0,A,Eurostat [migr_pop1ctz],evidence/api/eurostat_migr_pop1ctz_2001-2022_retrieved_2026-10-07.json,20001.0,,Eurostat,EXACT,0.0
LTU,2022,foreign_nationals,34310.0,A,Eurostat [migr_pop1ctz],evidence/api/eurostat_migr_pop1ctz_2001-2022_retrieved_2026-10-07.json,34310.0,,Eurostat,EXACT,0.0
MEX,2010,foreign_nationals,262672.0,A,"OECD International Migration Database (stocks of foreign population, measure B15)",evidence/api/oecd/OECD_B15_foreign-population_2001-2022_retrieved_2026-10-07.json,262672.0,"{'OBS_STATUS': {'id': 'A', 'order': 0, 'name': 'Normal value', 'names': {'en': 'Normal value'}}, 'UNIT_MULT': {'id': '0', 'order': 0, 'name': 'Units', 'names': {'en': 'Units'}}, 'DECIMALS': {'id': '0', 'order': 0, 'name': 'Zero', 'names': {'en': 'Zero'}}}",OECD,EXACT,0.0
MEX,2011,foreign_nationals,281053.0,A,"OECD International Migration Database (stocks of foreign population, measure B15)",evidence/api/oecd/OECD_B15_foreign-population_2001-2022_retrieved_2026-10-07.json,281053.0,"{'OBS_STATUS': {'id': 'A', 'order': 0, 'name': 'Normal value', 'names': {'en': 'Normal value'}}, 'UNIT_MULT': {'id': '0', 'order': 0, 'name': 'Units', 'names': {'en': 'Units'}}, 'DECIMALS': {'id': '0', 'order': 0, 'name': 'Zero', 'names': {'en': 'Zero'}}}",OECD,EXACT,0.0
MEX,2012,foreign_nationals,303936.0,A,"OECD International Migration Database (stocks of foreign population, measure B15)",evidence/api/oecd/OECD_B15_foreign-population_2001-2022_retrieved_2026-10-07.json,303936.0,"{'OBS_STATUS': {'id': 'A', 'order': 0, 'name': 'Normal value', 'names': {'en': 'Normal value'}}, 'UNIT_MULT': {'id': '0', 'order': 0, 'name': 'Units', 'names': {'en': 'Units'}}, 'DECIMALS': {'id': '0', 'order': 0, 'name': 'Zero', 'names': {'en': 'Zero'}}}",OECD,EXACT,0.0
MEX,2013,foreign_nationals,296447.0,A,"OECD International Migration Database (stocks of foreign population, measure B15)",evidence/api/oecd/OECD_B15_foreign-population_2001-2022_retrieved_2026-10-07.json,296447.0,"{'OBS_STATUS': {'id': 'A', 'order': 0, 'name': 'Normal value', 'names': {'en': 'Normal value'}}, 'UNIT_MULT': {'id': '0', 'order': 0, 'name': 'Units', 'names': {'en': 'Units'}}, 'DECIMALS': {'id': '0', 'order': 0, 'name': 'Zero', 'names': {'en': 'Zero'}}}",OECD,EXACT,0.0
MEX,2015,foreign_nationals,325979.0,A,"OECD International Migration Database (stocks of foreign population, measure B15)",evidence/api/oecd/OECD_B15_foreign-population_2001-2022_retrieved_2026-10-07.json,325979.0,"{'OBS_STATUS': {'id': 'A', 'order': 0, 'name': 'Normal value', 'names': {'en': 'Normal value'}}, 'UNIT_MULT': {'id': '0', 'order': 0, 'name': 'Units', 'names': {'en': 'Units'}}, 'DECIMALS': {'id': '0', 'order': 0, 'name': 'Zero', 'names': {'en': 'Zero'}}}",OECD,EXACT,0.0
MEX,2016,foreign_nationals,355206.0,A,"OECD International Migration Database (stocks of foreign population, measure B15)",evidence/api/oecd/OECD_B15_foreign-population_2001-2022_retrieved_2026-10-07.json,355206.0,"{'OBS_STATUS': {'id': 'A', 'order': 0, 'name': 'Normal value', 'names': {'en': 'Normal value'}}, 'UNIT_MULT': {'id': '0', 'order': 0, 'name': 'Units', 'names': {'en': 'Units'}}, 'DECIMALS': {'id': '0', 'order': 0, 'name': 'Zero', 'names': {'en': 'Zero'}}}",OECD,EXACT,0.0
MEX,2017,foreign_nationals,381770.0,A,"OECD International Migration Database (stocks of foreign population, measure B15)",evidence/api/oecd/OECD_B15_foreign-population_2001-2022_retrieved_2026-10-07.json,381770.0,"{'OBS_STATUS': {'id': 'A', 'order': 0, 'name': 'Normal value', 'names': {'en': 'Normal value'}}, 'UNIT_MULT': {'id': '0', 'order': 0, 'name': 'Units', 'names': {'en': 'Units'}}, 'DECIMALS': {'id': '0', 'order': 0, 'name': 'Zero', 'names': {'en': 'Zero'}}}",OECD,EXACT,0.0
MEX,2018,foreign_nationals,423864.0,A,"OECD International Migration Database (stocks of foreign population, measure B15)",evidence/api/oecd/OECD_B15_foreign-population_2001-2022_retrieved_2026-10-07.json,423864.0,"{'OBS_STATUS': {'id': 'A', 'order': 0, 'name': 'Normal value', 'names': {'en': 'Normal value'}}, 'UNIT_MULT': {'id': '0', 'order': 0, 'name': 'Units', 'names': {'en': 'Units'}}, 'DECIMALS': {'id': '0', 'order': 0, 'name': 'Zero', 'names': {'en': 'Zero'}}}",OECD,EXACT,0.0
MEX,2019,foreign_nationals,461988.0,A,"OECD International Migration Database (stocks of foreign population, measure B15)",evidence/api/oecd/OECD_B15_foreign-population_2001-2022_retrieved_2026-10-07.json,461988.0,"{'OBS_STATUS': {'id': 'A', 'order': 0, 'name': 'Normal value', 'names': {'en': 'Normal value'}}, 'UNIT_MULT': {'id': '0', 'order': 0, 'name': 'Units', 'names': {'en': 'Units'}}, 'DECIMALS': {'id': '0', 'order': 0, 'name': 'Zero', 'names': {'en': 'Zero'}}}",OECD,EXACT,0.0
MEX,2020,foreign_nationals,480328.0,A,"OECD International Migration Database (stocks of foreign population, measure B15)",evidence/api/oecd/OECD_B15_foreign-population_2001-2022_retrieved_2026-10-07.json,480328.0,"{'OBS_STATUS': {'id': 'A', 'order': 0, 'name': 'Normal value', 'names': {'en': 'Normal value'}}, 'UNIT_MULT': {'id': '0', 'order': 0, 'name': 'Units', 'names': {'en': 'Units'}}, 'DECIMALS': {'id': '0', 'order': 0, 'name': 'Zero', 'names': {'en': 'Zero'}}}",OECD,EXACT,0.0
MEX,2021,foreign_nationals,579843.0,A,"OECD International Migration Database (stocks of foreign population, measure B15)",evidence/api/oecd/OECD_B15_foreign-population_2001-2022_retrieved_2026-10-07.json,579843.0,"{'OBS_STATUS': {'id': 'A', 'order': 0, 'name': 'Normal value', 'names': {'en': 'Normal value'}}, 'UNIT_MULT': {'id': '0', 'order': 0, 'name': 'Units', 'names': {'en': 'Units'}}, 'DECIMALS': {'id': '0', 'order': 0, 'name': 'Zero', 'names': {'en': 'Zero'}}}",OECD,EXACT,0.0
MEX,2022,foreign_nationals,720371.0,A,"OECD International Migration Database (stocks of foreign population, measure B15)",evidence/api/oecd/OECD_B15_foreign-population_2001-2022_retrieved_2026-10-07.json,720371.0,"{'OBS_STATUS': {'id': 'A', 'order': 0, 'name': 'Normal value', 'names': {'en': 'Normal value'}}, 'UNIT_MULT': {'id': '0', 'order': 0, 'name': 'Units', 'names': {'en': 'Units'}}, 'DECIMALS': {'id': '0', 'order': 0, 'name': 'Zero', 'names': {'en': 'Zero'}}}",OECD,EXACT,0.0
NLD,2001,foreign_nationals,588437.0,A,Eurostat [migr_pop1ctz],evidence/api/eurostat_migr_pop1ctz_2001-2022_retrieved_2026-10-07.json,588437.0,,Eurostat,EXACT,0.0
NLD,2002,foreign_nationals,590962.0,A,Eurostat [migr_pop1ctz],evidence/api/eurostat_migr_pop1ctz_2001-2022_retrieved_2026-10-07.json,590962.0,,Eurostat,EXACT,0.0
NLD,2003,foreign_nationals,592779.0,A,Eurostat [migr_pop1ctz],evidence/api/eurostat_migr_pop1ctz_2001-2022_retrieved_2026-10-07.json,592779.0,,Eurostat,EXACT,0.0
NLD,2004,foreign_nationals,599356.0,A,Eurostat [migr_pop1ctz],evidence/api/eurostat_migr_pop1ctz_2001-2022_retrieved_2026-10-07.json,599356.0,,Eurostat,EXACT,0.0
NLD,2005,foreign_nationals,601974.0,A,Eurostat [migr_pop1ctz],evidence/api/eurostat_migr_pop1ctz_2001-2022_retrieved_2026-10-07.json,601974.0,,Eurostat,EXACT,0.0
NLD,2006,foreign_nationals,599648.0,A,Eurostat [migr_pop1ctz],evidence/api/eurostat_migr_pop1ctz_2001-2022_retrieved_2026-10-07.json,599648.0,,Eurostat,EXACT,0.0
NLD,2007,foreign_nationals,597552.0,A,Eurostat [migr_pop1ctz],evidence/api/eurostat_migr_pop1ctz_2001-2022_retrieved_2026-10-07.json,597552.0,,Eurostat,EXACT,0.0
NLD,2008,foreign_nationals,688375.0,A,Eurostat [migr_pop1ctz],evidence/api/eurostat_migr_pop1ctz_2001-2022_retrieved_2026-10-07.json,688375.0,,Eurostat,EXACT,0.0
NLD,2009,foreign_nationals,637136.0,A,Eurostat [migr_pop1ctz],evidence/api/eurostat_migr_pop1ctz_2001-2022_retrieved_2026-10-07.json,637136.0,,Eurostat,EXACT,0.0
NLD,2010,foreign_nationals,652188.0,A,Eurostat [migr_pop1ctz],evidence/api/eurostat_migr_pop1ctz_2001-2022_retrieved_2026-10-07.json,652188.0,,Eurostat,EXACT,0.0
NLD,2011,foreign_nationals,673235.0,A,Eurostat [migr_pop1ctz],evidence/api/eurostat_migr_pop1ctz_2001-2022_retrieved_2026-10-07.json,673235.0,,Eurostat,EXACT,0.0
NLD,2012,foreign_nationals,697741.0,A,Eurostat [migr_pop1ctz],evidence/api/eurostat_migr_pop1ctz_2001-2022_retrieved_2026-10-07.json,697741.0,,Eurostat,EXACT,0.0
NLD,2013,foreign_nationals,714552.0,A,Eurostat [migr_pop1ctz],evidence/api/eurostat_migr_pop1ctz_2001-2022_retrieved_2026-10-07.json,714552.0,,Eurostat,EXACT,0.0
NLD,2014,foreign_nationals,735354.0,A,Eurostat [migr_pop1ctz],evidence/api/eurostat_migr_pop1ctz_2001-2022_retrieved_2026-10-07.json,735354.0,,Eurostat,EXACT,0.0
NLD,2015,foreign_nationals,773288.0,A,Eurostat [migr_pop1ctz],evidence/api/eurostat_migr_pop1ctz_2001-2022_retrieved_2026-10-07.json,773288.0,,Eurostat,EXACT,0.0
NLD,2016,foreign_nationals,834786.0,A,Eurostat [migr_pop1ctz],evidence/api/eurostat_migr_pop1ctz_2001-2022_retrieved_2026-10-07.json,834786.0,,Eurostat,EXACT,0.0
NLD,2017,foreign_nationals,914997.0,A,Eurostat [migr_pop1ctz],evidence/api/eurostat_migr_pop1ctz_2001-2022_retrieved_2026-10-07.json,914997.0,,Eurostat,EXACT,0.0
NLD,2018,foreign_nationals,991440.0,A,Eurostat [migr_pop1ctz],evidence/api/eurostat_migr_pop1ctz_2001-2022_retrieved_2026-10-07.json,991440.0,,Eurostat,EXACT,0.0
NLD,2019,foreign_nationals,1068107.0,A,Eurostat [migr_pop1ctz],evidence/api/eurostat_migr_pop1ctz_2001-2022_retrieved_2026-10-07.json,1068107.0,,Eurostat,EXACT,0.0
NLD,2020,foreign_nationals,1154830.0,A,Eurostat [migr_pop1ctz],evidence/api/eurostat_migr_pop1ctz_2001-2022_retrieved_2026-10-07.json,1154830.0,,Eurostat,EXACT,0.0
NLD,2021,foreign_nationals,1171380.0,A,Eurostat [migr_pop1ctz],evidence/api/eurostat_migr_pop1ctz_2001-2022_retrieved_2026-10-07.json,1171380.0,,Eurostat,EXACT,0.0
NLD,2022,foreign_nationals,1230012.0,A,Eurostat [migr_pop1ctz],evidence/api/eurostat_migr_pop1ctz_2001-2022_retrieved_2026-10-07.json,1230012.0,,Eurostat,EXACT,0.0
NOR,2001,foreign_nationals,184136.0,A,Eurostat [migr_pop1ctz],evidence/api/eurostat_migr_pop1ctz_2001-2022_retrieved_2026-10-07.json,184136.0,,Eurostat,EXACT,0.0
NOR,2002,foreign_nationals,185735.0,A,Eurostat [migr_pop1ctz],evidence/api/eurostat_migr_pop1ctz_2001-2022_retrieved_2026-10-07.json,185735.0,,Eurostat,EXACT,0.0
NOR,2003,foreign_nationals,197627.0,A,Eurostat [migr_pop1ctz],evidence/api/eurostat_migr_pop1ctz_2001-2022_retrieved_2026-10-07.json,197627.0,,Eurostat,EXACT,0.0
NOR,2004,foreign_nationals,204676.0,A,Eurostat [migr_pop1ctz],evidence/api/eurostat_migr_pop1ctz_2001-2022_retrieved_2026-10-07.json,204676.0,,Eurostat,EXACT,0.0
NOR,2005,foreign_nationals,213242.0,A,Eurostat [migr_pop1ctz],evidence/api/eurostat_migr_pop1ctz_2001-2022_retrieved_2026-10-07.json,213242.0,,Eurostat,EXACT,0.0
NOR,2006,foreign_nationals,222209.0,A,Eurostat [migr_pop1ctz],evidence/api/eurostat_migr_pop1ctz_2001-2022_retrieved_2026-10-07.json,222209.0,,Eurostat,EXACT,0.0
NOR,2007,foreign_nationals,238237.0,A,Eurostat [migr_pop1ctz],evidence/api/eurostat_migr_pop1ctz_2001-2022_retrieved_2026-10-07.json,238237.0,,Eurostat,EXACT,0.0
NOR,2008,foreign_nationals,266260.0,A,Eurostat [migr_pop1ctz],evidence/api/eurostat_migr_pop1ctz_2001-2022_retrieved_2026-10-07.json,266260.0,,Eurostat,EXACT,0.0
NOR,2009,foreign_nationals,302908.0,A,Eurostat [migr_pop1ctz],evidence/api/eurostat_migr_pop1ctz_2001-2022_retrieved_2026-10-07.json,302908.0,,Eurostat,EXACT,0.0
NOR,2010,foreign_nationals,333791.0,A,Eurostat [migr_pop1ctz],evidence/api/eurostat_migr_pop1ctz_2001-2022_retrieved_2026-10-07.json,333791.0,,Eurostat,EXACT,0.0
NOR,2011,foreign_nationals,369132.0,A,Eurostat [migr_pop1ctz],evidence/api/eurostat_migr_pop1ctz_2001-2022_retrieved_2026-10-07.json,369132.0,,Eurostat,EXACT,0.0
NOR,2012,foreign_nationals,407171.0,A,Eurostat [migr_pop1ctz],evidence/api/eurostat_migr_pop1ctz_2001-2022_retrieved_2026-10-07.json,407171.0,,Eurostat,EXACT,0.0
NOR,2013,foreign_nationals,448665.0,A,Eurostat [migr_pop1ctz],evidence/api/eurostat_migr_pop1ctz_2001-2022_retrieved_2026-10-07.json,448665.0,,Eurostat,EXACT,0.0
NOR,2014,foreign_nationals,483057.0,A,Eurostat [migr_pop1ctz],evidence/api/eurostat_migr_pop1ctz_2001-2022_retrieved_2026-10-07.json,483057.0,,Eurostat,EXACT,0.0
NOR,2015,foreign_nationals,512024.0,A,Eurostat [migr_pop1ctz],evidence/api/eurostat_migr_pop1ctz_2001-2022_retrieved_2026-10-07.json,512024.0,,Eurostat,EXACT,0.0
NOR,2016,foreign_nationals,538087.0,A,Eurostat [migr_pop1ctz],evidence/api/eurostat_migr_pop1ctz_2001-2022_retrieved_2026-10-07.json,538087.0,,Eurostat,EXACT,0.0
NOR,2017,foreign_nationals,559059.0,A,Eurostat [migr_pop1ctz],evidence/api/eurostat_migr_pop1ctz_2001-2022_retrieved_2026-10-07.json,559059.0,,Eurostat,EXACT,0.0
NOR,2018,foreign_nationals,567594.0,A,Eurostat [migr_pop1ctz],evidence/api/eurostat_migr_pop1ctz_2001-2022_retrieved_2026-10-07.json,567594.0,,Eurostat,EXACT,0.0
NOR,2019,foreign_nationals,584062.0,A,Eurostat [migr_pop1ctz],evidence/api/eurostat_migr_pop1ctz_2001-2022_retrieved_2026-10-07.json,584062.0,,Eurostat,EXACT,0.0
NOR,2020,foreign_nationals,604362.0,A,Eurostat [migr_pop1ctz],evidence/api/eurostat_migr_pop1ctz_2001-2022_retrieved_2026-10-07.json,604362.0,,Eurostat,EXACT,0.0
NOR,2021,foreign_nationals,601525.0,A,Eurostat [migr_pop1ctz],evidence/api/eurostat_migr_pop1ctz_2001-2022_retrieved_2026-10-07.json,601525.0,,Eurostat,EXACT,0.0
NOR,2022,foreign_nationals,585964.0,A,Eurostat [migr_pop1ctz],evidence/api/eurostat_migr_pop1ctz_2001-2022_retrieved_2026-10-07.json,585964.0,,Eurostat,EXACT,0.0
POL,2001,foreign_nationals,41000.0,A,Eurostat [migr_pop1ctz],evidence/api/eurostat_migr_pop1ctz_2001-2022_retrieved_2026-10-07.json,41000.0,,Eurostat,EXACT,0.0
POL,2002,foreign_nationals,41375.0,A,Eurostat [migr_pop1ctz],evidence/api/eurostat_migr_pop1ctz_2001-2022_retrieved_2026-10-07.json,41375.0,,Eurostat,EXACT,0.0
POL,2003,foreign_nationals,41650.0,A,Eurostat [migr_pop1ctz],evidence/api/eurostat_migr_pop1ctz_2001-2022_retrieved_2026-10-07.json,41650.0,,Eurostat,EXACT,0.0
POL,2004,foreign_nationals,41950.0,A,Eurostat [migr_pop1ctz],evidence/api/eurostat_migr_pop1ctz_2001-2022_retrieved_2026-10-07.json,41950.0,,Eurostat,EXACT,0.0
POL,2005,foreign_nationals,42763.0,A,Eurostat [migr_pop1ctz],evidence/api/eurostat_migr_pop1ctz_2001-2022_retrieved_2026-10-07.json,42763.0,,Eurostat,EXACT,0.0
POL,2006,foreign_nationals,49499.0,A,Eurostat [migr_pop1ctz],evidence/api/eurostat_migr_pop1ctz_2001-2022_retrieved_2026-10-07.json,49499.0,e,Eurostat,EXACT,0.0
POL,2007,foreign_nationals,44431.0,A,Eurostat [migr_pop1ctz],evidence/api/eurostat_migr_pop1ctz_2001-2022_retrieved_2026-10-07.json,44431.0,,Eurostat,EXACT,0.0
POL,2008,foreign_nationals,57842.0,A,Eurostat [migr_pop1ctz],evidence/api/eurostat_migr_pop1ctz_2001-2022_retrieved_2026-10-07.json,57842.0,,Eurostat,EXACT,0.0
POL,2009,foreign_nationals,60431.0,A,"OECD International Migration Database (stocks of foreign population, measure B15)",evidence/api/oecd/OECD_B15_foreign-population_2001-2022_retrieved_2026-10-07.json,60431.0,"{'OBS_STATUS': {'id': 'A', 'order': 0, 'name': 'Normal value', 'names': {'en': 'Normal value'}}, 'UNIT_MULT': {'id': '0', 'order': 0, 'name': 'Units', 'names': {'en': 'Units'}}, 'DECIMALS': {'id': '0', 'order': 0, 'name': 'Zero', 'names': {'en': 'Zero'}}}",OECD,EXACT,0.0
POL,2010,foreign_nationals,75210.0,A,Eurostat [migr_pop1ctz],evidence/api/eurostat_migr_pop1ctz_2001-2022_retrieved_2026-10-07.json,75210.0,,Eurostat,EXACT,0.0
POL,2011,foreign_nationals,79338.0,A,Eurostat [migr_pop1ctz],evidence/api/eurostat_migr_pop1ctz_2001-2022_retrieved_2026-10-07.json,79338.0,p,Eurostat,EXACT,0.0
POL,2012,foreign_nationals,85829.0,A,Eurostat [migr_pop1ctz],evidence/api/eurostat_migr_pop1ctz_2001-2022_retrieved_2026-10-07.json,85829.0,p,Eurostat,EXACT,0.0
POL,2013,foreign_nationals,93265.0,A,Eurostat [migr_pop1ctz],evidence/api/eurostat_migr_pop1ctz_2001-2022_retrieved_2026-10-07.json,93265.0,,Eurostat,EXACT,0.0
POL,2014,foreign_nationals,101204.0,A,Eurostat [migr_pop1ctz],evidence/api/eurostat_migr_pop1ctz_2001-2022_retrieved_2026-10-07.json,101204.0,p,Eurostat,EXACT,0.0
POL,2015,foreign_nationals,108279.0,A,Eurostat [migr_pop1ctz],evidence/api/eurostat_migr_pop1ctz_2001-2022_retrieved_2026-10-07.json,108279.0,p,Eurostat,EXACT,0.0
POL,2016,foreign_nationals,149586.0,A,Eurostat [migr_pop1ctz],evidence/api/eurostat_migr_pop1ctz_2001-2022_retrieved_2026-10-07.json,149586.0,ep,Eurostat,EXACT,0.0
POL,2017,foreign_nationals,210328.0,A,Eurostat [migr_pop1ctz],evidence/api/eurostat_migr_pop1ctz_2001-2022_retrieved_2026-10-07.json,210328.0,ep,Eurostat,EXACT,0.0
POL,2018,foreign_nationals,239230.0,A,Eurostat [migr_pop1ctz],evidence/api/eurostat_migr_pop1ctz_2001-2022_retrieved_2026-10-07.json,239230.0,ep,Eurostat,EXACT,0.0
POL,2019,foreign_nationals,289751.0,A,Eurostat [migr_pop1ctz],evidence/api/eurostat_migr_pop1ctz_2001-2022_retrieved_2026-10-07.json,289751.0,,Eurostat,EXACT,0.0
POL,2020,foreign_nationals,358239.0,A,Eurostat [migr_pop1ctz],evidence/api/eurostat_migr_pop1ctz_2001-2022_retrieved_2026-10-07.json,358239.0,ep,Eurostat,EXACT,0.0
POL,2021,foreign_nationals,447442.0,A,Eurostat [migr_pop1ctz],evidence/api/eurostat_migr_pop1ctz_2001-2022_retrieved_2026-10-07.json,447442.0,ep,Eurostat,EXACT,0.0
POL,2022,foreign_nationals,441661.0,A,Eurostat [migr_pop1ctz],evidence/api/eurostat_migr_pop1ctz_2001-2022_retrieved_2026-10-07.json,441661.0,ep,Eurostat,EXACT,0.0
PRT,2001,foreign_nationals,216479.0,A,Eurostat [migr_pop1ctz],evidence/api/eurostat_migr_pop1ctz_2001-2022_retrieved_2026-10-07.json,216479.0,,Eurostat,EXACT,0.0
PRT,2002,foreign_nationals,224926.0,A,Eurostat [migr_pop1ctz],evidence/api/eurostat_migr_pop1ctz_2001-2022_retrieved_2026-10-07.json,224926.0,,Eurostat,EXACT,0.0
PRT,2003,foreign_nationals,238737.0,A,Eurostat [migr_pop1ctz],evidence/api/eurostat_migr_pop1ctz_2001-2022_retrieved_2026-10-07.json,238737.0,,Eurostat,EXACT,0.0
PRT,2004,foreign_nationals,434252.0,A,"OECD International Migration Database (stocks of foreign population, measure B15)",evidence/api/oecd/OECD_B15_foreign-population_2001-2022_retrieved_2026-10-07.json,434252.0,"{'OBS_STATUS': {'id': 'A', 'order': 0, 'name': 'Normal value', 'names': {'en': 'Normal value'}}, 'UNIT_MULT': {'id': '0', 'order': 0, 'name': 'Units', 'names': {'en': 'Units'}}, 'DECIMALS': {'id': '0', 'order': 0, 'name': 'Zero', 'names': {'en': 'Zero'}}}",OECD,EXACT,0.0
PRT,2005,foreign_nationals,449182.0,A,"OECD International Migration Database (stocks of foreign population, measure B15)",evidence/api/oecd/OECD_B15_foreign-population_2001-2022_retrieved_2026-10-07.json,449182.0,"{'OBS_STATUS': {'id': 'A', 'order': 0, 'name': 'Normal value', 'names': {'en': 'Normal value'}}, 'UNIT_MULT': {'id': '0', 'order': 0, 'name': 'Units', 'names': {'en': 'Units'}}, 'DECIMALS': {'id': '0', 'order': 0, 'name': 'Zero', 'names': {'en': 'Zero'}}}",OECD,EXACT,0.0
PRT,2006,foreign_nationals,276000.0,A,Eurostat [migr_pop1ctz],evidence/api/eurostat_migr_pop1ctz_2001-2022_retrieved_2026-10-07.json,276000.0,e,Eurostat,EXACT,0.0
PRT,2007,foreign_nationals,434869.0,A,Eurostat [migr_pop1ctz],evidence/api/eurostat_migr_pop1ctz_2001-2022_retrieved_2026-10-07.json,434869.0,,Eurostat,EXACT,0.0
PRT,2008,foreign_nationals,446333.0,A,Eurostat [migr_pop1ctz],evidence/api/eurostat_migr_pop1ctz_2001-2022_retrieved_2026-10-07.json,446333.0,,Eurostat,EXACT,0.0
PRT,2009,foreign_nationals,440277.0,A,Eurostat [migr_pop1ctz],evidence/api/eurostat_migr_pop1ctz_2001-2022_retrieved_2026-10-07.json,440277.0,,Eurostat,EXACT,0.0
PRT,2010,foreign_nationals,454191.0,A,Eurostat [migr_pop1ctz],evidence/api/eurostat_migr_pop1ctz_2001-2022_retrieved_2026-10-07.json,454191.0,,Eurostat,EXACT,0.0
PRT,2011,foreign_nationals,445262.0,A,Eurostat [migr_pop1ctz],evidence/api/eurostat_migr_pop1ctz_2001-2022_retrieved_2026-10-07.json,445262.0,,Eurostat,EXACT,0.0
PRT,2012,foreign_nationals,413011.0,A,Eurostat [migr_pop1ctz],evidence/api/eurostat_migr_pop1ctz_2001-2022_retrieved_2026-10-07.json,413011.0,,Eurostat,EXACT,0.0
PRT,2013,foreign_nationals,393908.0,A,Eurostat [migr_pop1ctz],evidence/api/eurostat_migr_pop1ctz_2001-2022_retrieved_2026-10-07.json,393908.0,,Eurostat,EXACT,0.0
PRT,2014,foreign_nationals,377436.0,A,Eurostat [migr_pop1ctz],evidence/api/eurostat_migr_pop1ctz_2001-2022_retrieved_2026-10-07.json,377436.0,,Eurostat,EXACT,0.0
PRT,2015,foreign_nationals,366869.0,A,Eurostat [migr_pop1ctz],evidence/api/eurostat_migr_pop1ctz_2001-2022_retrieved_2026-10-07.json,366869.0,,Eurostat,EXACT,0.0
PRT,2016,foreign_nationals,360961.0,A,Eurostat [migr_pop1ctz],evidence/api/eurostat_migr_pop1ctz_2001-2022_retrieved_2026-10-07.json,360961.0,,Eurostat,EXACT,0.0
PRT,2017,foreign_nationals,370080.0,A,Eurostat [migr_pop1ctz],evidence/api/eurostat_migr_pop1ctz_2001-2022_retrieved_2026-10-07.json,370080.0,,Eurostat,EXACT,0.0
PRT,2018,foreign_nationals,387943.0,A,Eurostat [migr_pop1ctz],evidence/api/eurostat_migr_pop1ctz_2001-2022_retrieved_2026-10-07.json,387943.0,,Eurostat,EXACT,0.0
PRT,2019,foreign_nationals,441863.0,A,Eurostat [migr_pop1ctz],evidence/api/eurostat_migr_pop1ctz_2001-2022_retrieved_2026-10-07.json,441863.0,,Eurostat,EXACT,0.0
PRT,2020,foreign_nationals,520487.0,A,Eurostat [migr_pop1ctz],evidence/api/eurostat_migr_pop1ctz_2001-2022_retrieved_2026-10-07.json,520487.0,,Eurostat,EXACT,0.0
PRT,2021,foreign_nationals,595794.0,A,Eurostat [migr_pop1ctz],evidence/api/eurostat_migr_pop1ctz_2001-2022_retrieved_2026-10-07.json,595794.0,,Eurostat,EXACT,0.0
PRT,2022,foreign_nationals,643347.0,A,Eurostat [migr_pop1ctz],evidence/api/eurostat_migr_pop1ctz_2001-2022_retrieved_2026-10-07.json,643347.0,,Eurostat,EXACT,0.0
SVK,2001,foreign_nationals,28801.0,A,"OECD International Migration Database (stocks of foreign population, measure B15)",evidence/api/oecd/OECD_B15_foreign-population_2001-2022_retrieved_2026-10-07.json,28801.0,"{'OBS_STATUS': {'id': 'A', 'order': 0, 'name': 'Normal value', 'names': {'en': 'Normal value'}}, 'UNIT_MULT': {'id': '0', 'order': 0, 'name': 'Units', 'names': {'en': 'Units'}}, 'DECIMALS': {'id': '0', 'order': 0, 'name': 'Zero', 'names': {'en': 'Zero'}}}",OECD,EXACT,0.0
SVK,2002,foreign_nationals,29418.0,A,"OECD International Migration Database (stocks of foreign population, measure B15)",evidence/api/oecd/OECD_B15_foreign-population_2001-2022_retrieved_2026-10-07.json,29418.0,"{'OBS_STATUS': {'id': 'A', 'order': 0, 'name': 'Normal value', 'names': {'en': 'Normal value'}}, 'UNIT_MULT': {'id': '0', 'order': 0, 'name': 'Units', 'names': {'en': 'Units'}}, 'DECIMALS': {'id': '0', 'order': 0, 'name': 'Zero', 'names': {'en': 'Zero'}}}",OECD,EXACT,0.0
SVK,2003,foreign_nationals,29854.0,A,Eurostat [migr_pop1ctz],evidence/api/eurostat_migr_pop1ctz_2001-2022_retrieved_2026-10-07.json,29854.0,,Eurostat,EXACT,0.0
SVK,2004,foreign_nationals,29854.0,A,Eurostat [migr_pop1ctz],evidence/api/eurostat_migr_pop1ctz_2001-2022_retrieved_2026-10-07.json,29854.0,b,Eurostat,EXACT,0.0
SVK,2005,foreign_nationals,22152.0,A,Eurostat [migr_pop1ctz],evidence/api/eurostat_migr_pop1ctz_2001-2022_retrieved_2026-10-07.json,22152.0,,Eurostat,EXACT,0.0
SVK,2006,foreign_nationals,25561.0,A,Eurostat [migr_pop1ctz],evidence/api/eurostat_migr_pop1ctz_2001-2022_retrieved_2026-10-07.json,25561.0,,Eurostat,EXACT,0.0
SVK,2007,foreign_nationals,32125.0,A,Eurostat [migr_pop1ctz],evidence/api/eurostat_migr_pop1ctz_2001-2022_retrieved_2026-10-07.json,32125.0,,Eurostat,EXACT,0.0
SVK,2008,foreign_nationals,40904.0,A,Eurostat [migr_pop1ctz],evidence/api/eurostat_migr_pop1ctz_2001-2022_retrieved_2026-10-07.json,40904.0,,Eurostat,EXACT,0.0
SVK,2009,foreign_nationals,61361.0,A,Eurostat [migr_pop1ctz],evidence/api/eurostat_migr_pop1ctz_2001-2022_retrieved_2026-10-07.json,61361.0,b,Eurostat,EXACT,0.0
SVK,2010,foreign_nationals,65894.0,A,Eurostat [migr_pop1ctz],evidence/api/eurostat_migr_pop1ctz_2001-2022_retrieved_2026-10-07.json,65894.0,,Eurostat,EXACT,0.0
SVK,2011,foreign_nationals,69607.0,A,Eurostat [migr_pop1ctz],evidence/api/eurostat_migr_pop1ctz_2001-2022_retrieved_2026-10-07.json,69607.0,,Eurostat,EXACT,0.0
SVK,2012,foreign_nationals,70727.0,A,Eurostat [migr_pop1ctz],evidence/api/eurostat_migr_pop1ctz_2001-2022_retrieved_2026-10-07.json,70727.0,,Eurostat,EXACT,0.0
SVK,2013,foreign_nationals,72925.0,A,Eurostat [migr_pop1ctz],evidence/api/eurostat_migr_pop1ctz_2001-2022_retrieved_2026-10-07.json,72925.0,,Eurostat,EXACT,0.0
SVK,2014,foreign_nationals,59151.0,A,Eurostat [migr_pop1ctz],evidence/api/eurostat_migr_pop1ctz_2001-2022_retrieved_2026-10-07.json,59151.0,,Eurostat,EXACT,0.0
SVK,2015,foreign_nationals,61766.0,A,Eurostat [migr_pop1ctz],evidence/api/eurostat_migr_pop1ctz_2001-2022_retrieved_2026-10-07.json,61766.0,,Eurostat,EXACT,0.0
SVK,2016,foreign_nationals,65840.0,A,Eurostat [migr_pop1ctz],evidence/api/eurostat_migr_pop1ctz_2001-2022_retrieved_2026-10-07.json,65840.0,,Eurostat,EXACT,0.0
SVK,2017,foreign_nationals,69695.0,A,Eurostat [migr_pop1ctz],evidence/api/eurostat_migr_pop1ctz_2001-2022_retrieved_2026-10-07.json,69695.0,,Eurostat,EXACT,0.0
SVK,2018,foreign_nationals,72883.0,A,Eurostat [migr_pop1ctz],evidence/api/eurostat_migr_pop1ctz_2001-2022_retrieved_2026-10-07.json,72883.0,,Eurostat,EXACT,0.0
SVK,2019,foreign_nationals,76116.0,A,Eurostat [migr_pop1ctz],evidence/api/eurostat_migr_pop1ctz_2001-2022_retrieved_2026-10-07.json,76116.0,,Eurostat,EXACT,0.0
SVK,2020,foreign_nationals,78936.0,A,Eurostat [migr_pop1ctz],evidence/api/eurostat_migr_pop1ctz_2001-2022_retrieved_2026-10-07.json,78936.0,,Eurostat,EXACT,0.0
SVK,2021,foreign_nationals,82075.0,A,Eurostat [migr_pop1ctz],evidence/api/eurostat_migr_pop1ctz_2001-2022_retrieved_2026-10-07.json,82075.0,,Eurostat,EXACT,0.0
SVK,2022,foreign_nationals,60142.0,A,Eurostat [migr_pop1ctz],evidence/api/eurostat_migr_pop1ctz_2001-2022_retrieved_2026-10-07.json,60142.0,,Eurostat,EXACT,0.0
SVN,2001,foreign_nationals,42141.0,A,Eurostat [migr_pop1ctz],evidence/api/eurostat_migr_pop1ctz_2001-2022_retrieved_2026-10-07.json,42141.0,,Eurostat,EXACT,0.0
SVN,2002,foreign_nationals,45180.0,A,Eurostat [migr_pop1ctz],evidence/api/eurostat_migr_pop1ctz_2001-2022_retrieved_2026-10-07.json,45180.0,,Eurostat,EXACT,0.0
SVN,2003,foreign_nationals,44591.0,A,Eurostat [migr_pop1ctz],evidence/api/eurostat_migr_pop1ctz_2001-2022_retrieved_2026-10-07.json,44591.0,,Eurostat,EXACT,0.0
SVN,2004,foreign_nationals,45209.0,A,Eurostat [migr_pop1ctz],evidence/api/eurostat_migr_pop1ctz_2001-2022_retrieved_2026-10-07.json,45209.0,,Eurostat,EXACT,0.0
SVN,2005,foreign_nationals,44258.0,A,Eurostat [migr_pop1ctz],evidence/api/eurostat_migr_pop1ctz_2001-2022_retrieved_2026-10-07.json,44258.0,,Eurostat,EXACT,0.0
SVN,2006,foreign_nationals,48943.0,A,Eurostat [migr_pop1ctz],evidence/api/eurostat_migr_pop1ctz_2001-2022_retrieved_2026-10-07.json,48943.0,,Eurostat,EXACT,0.0
SVN,2007,foreign_nationals,53524.0,A,Eurostat [migr_pop1ctz],evidence/api/eurostat_migr_pop1ctz_2001-2022_retrieved_2026-10-07.json,53524.0,,Eurostat,EXACT,0.0
SVN,2008,foreign_nationals,68621.0,A,Eurostat [migr_pop1ctz],evidence/api/eurostat_migr_pop1ctz_2001-2022_retrieved_2026-10-07.json,68621.0,,Eurostat,EXACT,0.0
SVN,2009,foreign_nationals,70554.0,A,Eurostat [migr_pop1ctz],evidence/api/eurostat_migr_pop1ctz_2001-2022_retrieved_2026-10-07.json,70554.0,b,Eurostat,EXACT,0.0
SVN,2010,foreign_nationals,82176.0,A,Eurostat [migr_pop1ctz],evidence/api/eurostat_migr_pop1ctz_2001-2022_retrieved_2026-10-07.json,82176.0,,Eurostat,EXACT,0.0
SVN,2011,foreign_nationals,82746.0,A,Eurostat [migr_pop1ctz],evidence/api/eurostat_migr_pop1ctz_2001-2022_retrieved_2026-10-07.json,82746.0,,Eurostat,EXACT,0.0
SVN,2012,foreign_nationals,85555.0,A,Eurostat [migr_pop1ctz],evidence/api/eurostat_migr_pop1ctz_2001-2022_retrieved_2026-10-07.json,85555.0,,Eurostat,EXACT,0.0
SVN,2013,foreign_nationals,91385.0,A,Eurostat [migr_pop1ctz],evidence/api/eurostat_migr_pop1ctz_2001-2022_retrieved_2026-10-07.json,91385.0,,Eurostat,EXACT,0.0
SVN,2014,foreign_nationals,96608.0,A,Eurostat [migr_pop1ctz],evidence/api/eurostat_migr_pop1ctz_2001-2022_retrieved_2026-10-07.json,96608.0,,Eurostat,EXACT,0.0
SVN,2015,foreign_nationals,101532.0,A,Eurostat [migr_pop1ctz],evidence/api/eurostat_migr_pop1ctz_2001-2022_retrieved_2026-10-07.json,101532.0,,Eurostat,EXACT,0.0
SVN,2016,foreign_nationals,107766.0,A,Eurostat [migr_pop1ctz],evidence/api/eurostat_migr_pop1ctz_2001-2022_retrieved_2026-10-07.json,107766.0,,Eurostat,EXACT,0.0
SVN,2017,foreign_nationals,114438.0,A,Eurostat [migr_pop1ctz],evidence/api/eurostat_migr_pop1ctz_2001-2022_retrieved_2026-10-07.json,114438.0,,Eurostat,EXACT,0.0
SVN,2018,foreign_nationals,121875.0,A,Eurostat [migr_pop1ctz],evidence/api/eurostat_migr_pop1ctz_2001-2022_retrieved_2026-10-07.json,121875.0,,Eurostat,EXACT,0.0
SVN,2019,foreign_nationals,138193.0,A,Eurostat [migr_pop1ctz],evidence/api/eurostat_migr_pop1ctz_2001-2022_retrieved_2026-10-07.json,138193.0,,Eurostat,EXACT,0.0
SVN,2020,foreign_nationals,156351.0,A,Eurostat [migr_pop1ctz],evidence/api/eurostat_migr_pop1ctz_2001-2022_retrieved_2026-10-07.json,156351.0,,Eurostat,EXACT,0.0
SVN,2021,foreign_nationals,168651.0,A,Eurostat [migr_pop1ctz],evidence/api/eurostat_migr_pop1ctz_2001-2022_retrieved_2026-10-07.json,168651.0,,Eurostat,EXACT,0.0
SVN,2022,foreign_nationals,172442.0,A,Eurostat [migr_pop1ctz],evidence/api/eurostat_migr_pop1ctz_2001-2022_retrieved_2026-10-07.json,172442.0,,Eurostat,EXACT,0.0
ESP,2001,foreign_nationals,1370657.0,A,"OECD International Migration Database (stocks of foreign population, measure B15)",evidence/api/oecd/OECD_B15_foreign-population_2001-2022_retrieved_2026-10-07.json,1370657.0,"{'OBS_STATUS': {'id': 'A', 'order': 0, 'name': 'Normal value', 'names': {'en': 'Normal value'}}, 'UNIT_MULT': {'id': '0', 'order': 0, 'name': 'Units', 'names': {'en': 'Units'}}, 'DECIMALS': {'id': '0', 'order': 0, 'name': 'Zero', 'names': {'en': 'Zero'}}}",OECD,EXACT,0.0
ESP,2002,foreign_nationals,1737969.0,A,Eurostat [migr_pop1ctz],evidence/api/eurostat_migr_pop1ctz_2001-2022_retrieved_2026-10-07.json,1737969.0,,Eurostat,EXACT,0.0
ESP,2003,foreign_nationals,2362023.0,A,Eurostat [migr_pop1ctz],evidence/api/eurostat_migr_pop1ctz_2001-2022_retrieved_2026-10-07.json,2362023.0,,Eurostat,EXACT,0.0
ESP,2004,foreign_nationals,2900790.0,A,Eurostat [migr_pop1ctz],evidence/api/eurostat_migr_pop1ctz_2001-2022_retrieved_2026-10-07.json,2900790.0,,Eurostat,EXACT,0.0
ESP,2005,foreign_nationals,3430204.0,A,Eurostat [migr_pop1ctz],evidence/api/eurostat_migr_pop1ctz_2001-2022_retrieved_2026-10-07.json,3430204.0,,Eurostat,EXACT,0.0
ESP,2006,foreign_nationals,3930916.0,A,Eurostat [migr_pop1ctz],evidence/api/eurostat_migr_pop1ctz_2001-2022_retrieved_2026-10-07.json,3930916.0,,Eurostat,EXACT,0.0
ESP,2007,foreign_nationals,4449431.0,A,Eurostat [migr_pop1ctz],evidence/api/eurostat_migr_pop1ctz_2001-2022_retrieved_2026-10-07.json,4449431.0,,Eurostat,EXACT,0.0
ESP,2008,foreign_nationals,5086293.0,A,Eurostat [migr_pop1ctz],evidence/api/eurostat_migr_pop1ctz_2001-2022_retrieved_2026-10-07.json,5086293.0,,Eurostat,EXACT,0.0
ESP,2009,foreign_nationals,5386659.0,A,Eurostat [migr_pop1ctz],evidence/api/eurostat_migr_pop1ctz_2001-2022_retrieved_2026-10-07.json,5386659.0,,Eurostat,EXACT,0.0
ESP,2010,foreign_nationals,5402575.0,A,Eurostat [migr_pop1ctz],evidence/api/eurostat_migr_pop1ctz_2001-2022_retrieved_2026-10-07.json,5402575.0,,Eurostat,EXACT,0.0
ESP,2011,foreign_nationals,5312439.0,A,Eurostat [migr_pop1ctz],evidence/api/eurostat_migr_pop1ctz_2001-2022_retrieved_2026-10-07.json,5312439.0,,Eurostat,EXACT,0.0
ESP,2012,foreign_nationals,5236030.0,A,Eurostat [migr_pop1ctz],evidence/api/eurostat_migr_pop1ctz_2001-2022_retrieved_2026-10-07.json,5236030.0,,Eurostat,EXACT,0.0
ESP,2013,foreign_nationals,5064584.0,A,Eurostat [migr_pop1ctz],evidence/api/eurostat_migr_pop1ctz_2001-2022_retrieved_2026-10-07.json,5064584.0,,Eurostat,EXACT,0.0
ESP,2014,foreign_nationals,4676352.0,A,Eurostat [migr_pop1ctz],evidence/api/eurostat_migr_pop1ctz_2001-2022_retrieved_2026-10-07.json,4676352.0,,Eurostat,EXACT,0.0
ESP,2015,foreign_nationals,4453985.0,A,Eurostat [migr_pop1ctz],evidence/api/eurostat_migr_pop1ctz_2001-2022_retrieved_2026-10-07.json,4453985.0,,Eurostat,EXACT,0.0
ESP,2016,foreign_nationals,4419334.0,A,Eurostat [migr_pop1ctz],evidence/api/eurostat_migr_pop1ctz_2001-2022_retrieved_2026-10-07.json,4419334.0,,Eurostat,EXACT,0.0
ESP,2017,foreign_nationals,4417653.0,A,Eurostat [migr_pop1ctz],evidence/api/eurostat_migr_pop1ctz_2001-2022_retrieved_2026-10-07.json,4417653.0,,Eurostat,EXACT,0.0
ESP,2018,foreign_nationals,4577322.0,A,Eurostat [migr_pop1ctz],evidence/api/eurostat_migr_pop1ctz_2001-2022_retrieved_2026-10-07.json,4577322.0,,Eurostat,EXACT,0.0
ESP,2019,foreign_nationals,4850762.0,A,Eurostat [migr_pop1ctz],evidence/api/eurostat_migr_pop1ctz_2001-2022_retrieved_2026-10-07.json,4850762.0,,Eurostat,EXACT,0.0
ESP,2020,foreign_nationals,5241278.0,A,Eurostat [migr_pop1ctz],evidence/api/eurostat_migr_pop1ctz_2001-2022_retrieved_2026-10-07.json,5241278.0,,Eurostat,EXACT,0.0
ESP,2021,foreign_nationals,5402702.0,A,Eurostat [migr_pop1ctz],evidence/api/eurostat_migr_pop1ctz_2001-2022_retrieved_2026-10-07.json,5402702.0,,Eurostat,EXACT,0.0
ESP,2022,foreign_nationals,5509134.0,A,Eurostat [migr_pop1ctz],evidence/api/eurostat_migr_pop1ctz_2001-2022_retrieved_2026-10-07.json,5509134.0,,Eurostat,EXACT,0.0
SWE,2001,foreign_nationals,473379.0,A,Eurostat [migr_pop1ctz],evidence/api/eurostat_migr_pop1ctz_2001-2022_retrieved_2026-10-07.json,473379.0,,Eurostat,EXACT,0.0
SWE,2002,foreign_nationals,472765.0,A,Eurostat [migr_pop1ctz],evidence/api/eurostat_migr_pop1ctz_2001-2022_retrieved_2026-10-07.json,472765.0,,Eurostat,EXACT,0.0
SWE,2003,foreign_nationals,471320.0,A,Eurostat [migr_pop1ctz],evidence/api/eurostat_migr_pop1ctz_2001-2022_retrieved_2026-10-07.json,471320.0,,Eurostat,EXACT,0.0
SWE,2004,foreign_nationals,473556.0,A,Eurostat [migr_pop1ctz],evidence/api/eurostat_migr_pop1ctz_2001-2022_retrieved_2026-10-07.json,473556.0,,Eurostat,EXACT,0.0
SWE,2005,foreign_nationals,478776.0,A,Eurostat [migr_pop1ctz],evidence/api/eurostat_migr_pop1ctz_2001-2022_retrieved_2026-10-07.json,478776.0,,Eurostat,EXACT,0.0
SWE,2006,foreign_nationals,477760.0,A,Eurostat [migr_pop1ctz],evidence/api/eurostat_migr_pop1ctz_2001-2022_retrieved_2026-10-07.json,477760.0,,Eurostat,EXACT,0.0
SWE,2007,foreign_nationals,472329.0,A,Eurostat [migr_pop1ctz],evidence/api/eurostat_migr_pop1ctz_2001-2022_retrieved_2026-10-07.json,472329.0,,Eurostat,EXACT,0.0
SWE,2008,foreign_nationals,524488.0,A,Eurostat [migr_pop1ctz],evidence/api/eurostat_migr_pop1ctz_2001-2022_retrieved_2026-10-07.json,524488.0,,Eurostat,EXACT,0.0
SWE,2009,foreign_nationals,547664.0,A,Eurostat [migr_pop1ctz],evidence/api/eurostat_migr_pop1ctz_2001-2022_retrieved_2026-10-07.json,547664.0,,Eurostat,EXACT,0.0
SWE,2010,foreign_nationals,590475.0,A,Eurostat [migr_pop1ctz],evidence/api/eurostat_migr_pop1ctz_2001-2022_retrieved_2026-10-07.json,590475.0,,Eurostat,EXACT,0.0
SWE,2011,foreign_nationals,622275.0,A,Eurostat [migr_pop1ctz],evidence/api/eurostat_migr_pop1ctz_2001-2022_retrieved_2026-10-07.json,622275.0,,Eurostat,EXACT,0.0
SWE,2012,foreign_nationals,646095.0,A,Eurostat [migr_pop1ctz],evidence/api/eurostat_migr_pop1ctz_2001-2022_retrieved_2026-10-07.json,646095.0,,Eurostat,EXACT,0.0
SWE,2013,foreign_nationals,659374.0,A,Eurostat [migr_pop1ctz],evidence/api/eurostat_migr_pop1ctz_2001-2022_retrieved_2026-10-07.json,659374.0,,Eurostat,EXACT,0.0
SWE,2014,foreign_nationals,687192.0,A,Eurostat [migr_pop1ctz],evidence/api/eurostat_migr_pop1ctz_2001-2022_retrieved_2026-10-07.json,687192.0,,Eurostat,EXACT,0.0
SWE,2015,foreign_nationals,731215.0,A,Eurostat [migr_pop1ctz],evidence/api/eurostat_migr_pop1ctz_2001-2022_retrieved_2026-10-07.json,731215.0,,Eurostat,EXACT,0.0
SWE,2016,foreign_nationals,773232.0,A,Eurostat [migr_pop1ctz],evidence/api/eurostat_migr_pop1ctz_2001-2022_retrieved_2026-10-07.json,773232.0,,Eurostat,EXACT,0.0
SWE,2017,foreign_nationals,841165.0,A,Eurostat [migr_pop1ctz],evidence/api/eurostat_migr_pop1ctz_2001-2022_retrieved_2026-10-07.json,841165.0,,Eurostat,EXACT,0.0
SWE,2018,foreign_nationals,885839.0,A,Eurostat [migr_pop1ctz],evidence/api/eurostat_migr_pop1ctz_2001-2022_retrieved_2026-10-07.json,885839.0,,Eurostat,EXACT,0.0
SWE,2019,foreign_nationals,920144.0,A,Eurostat [migr_pop1ctz],evidence/api/eurostat_migr_pop1ctz_2001-2022_retrieved_2026-10-07.json,920144.0,,Eurostat,EXACT,0.0
SWE,2020,foreign_nationals,927774.0,A,Eurostat [migr_pop1ctz],evidence/api/eurostat_migr_pop1ctz_2001-2022_retrieved_2026-10-07.json,927774.0,,Eurostat,EXACT,0.0
SWE,2021,foreign_nationals,892254.0,A,Eurostat [migr_pop1ctz],evidence/api/eurostat_migr_pop1ctz_2001-2022_retrieved_2026-10-07.json,892254.0,,Eurostat,EXACT,0.0
SWE,2022,foreign_nationals,868193.0,A,Eurostat [migr_pop1ctz],evidence/api/eurostat_migr_pop1ctz_2001-2022_retrieved_2026-10-07.json,868193.0,,Eurostat,EXACT,0.0
CHE,2001,foreign_nationals,1424341.0,A,Eurostat [migr_pop1ctz],evidence/api/eurostat_migr_pop1ctz_2001-2022_retrieved_2026-10-07.json,1424341.0,,Eurostat,EXACT,0.0
CHE,2002,foreign_nationals,1447525.0,A,Eurostat [migr_pop1ctz],evidence/api/eurostat_migr_pop1ctz_2001-2022_retrieved_2026-10-07.json,1447525.0,,Eurostat,EXACT,0.0
CHE,2003,foreign_nationals,1476934.0,A,Eurostat [migr_pop1ctz],evidence/api/eurostat_migr_pop1ctz_2001-2022_retrieved_2026-10-07.json,1476934.0,,Eurostat,EXACT,0.0
CHE,2004,foreign_nationals,1500872.0,A,Eurostat [migr_pop1ctz],evidence/api/eurostat_migr_pop1ctz_2001-2022_retrieved_2026-10-07.json,1500872.0,,Eurostat,EXACT,0.0
CHE,2005,foreign_nationals,1524616.0,A,Eurostat [migr_pop1ctz],evidence/api/eurostat_migr_pop1ctz_2001-2022_retrieved_2026-10-07.json,1524616.0,,Eurostat,EXACT,0.0
CHE,2006,foreign_nationals,1541825.0,A,Eurostat [migr_pop1ctz],evidence/api/eurostat_migr_pop1ctz_2001-2022_retrieved_2026-10-07.json,1541825.0,,Eurostat,EXACT,0.0
CHE,2007,foreign_nationals,1554417.0,A,Eurostat [migr_pop1ctz],evidence/api/eurostat_migr_pop1ctz_2001-2022_retrieved_2026-10-07.json,1554417.0,,Eurostat,EXACT,0.0
CHE,2008,foreign_nationals,1602093.0,A,Eurostat [migr_pop1ctz],evidence/api/eurostat_migr_pop1ctz_2001-2022_retrieved_2026-10-07.json,1602093.0,,Eurostat,EXACT,0.0
CHE,2009,foreign_nationals,1669715.0,A,Eurostat [migr_pop1ctz],evidence/api/eurostat_migr_pop1ctz_2001-2022_retrieved_2026-10-07.json,1669715.0,,Eurostat,EXACT,0.0
CHE,2010,foreign_nationals,1714004.0,A,Eurostat [migr_pop1ctz],evidence/api/eurostat_migr_pop1ctz_2001-2022_retrieved_2026-10-07.json,1714004.0,,Eurostat,EXACT,0.0
CHE,2011,foreign_nationals,1765750.0,A,Eurostat [migr_pop1ctz],evidence/api/eurostat_migr_pop1ctz_2001-2022_retrieved_2026-10-07.json,1765750.0,b,Eurostat,EXACT,0.0
CHE,2012,foreign_nationals,1815063.0,A,Eurostat [migr_pop1ctz],evidence/api/eurostat_migr_pop1ctz_2001-2022_retrieved_2026-10-07.json,1815063.0,,Eurostat,EXACT,0.0
CHE,2013,foreign_nationals,1869070.0,A,Eurostat [migr_pop1ctz],evidence/api/eurostat_migr_pop1ctz_2001-2022_retrieved_2026-10-07.json,1869070.0,,Eurostat,EXACT,0.0
CHE,2014,foreign_nationals,1936412.0,A,Eurostat [migr_pop1ctz],evidence/api/eurostat_migr_pop1ctz_2001-2022_retrieved_2026-10-07.json,1936412.0,,Eurostat,EXACT,0.0
CHE,2015,foreign_nationals,1997179.0,A,Eurostat [migr_pop1ctz],evidence/api/eurostat_migr_pop1ctz_2001-2022_retrieved_2026-10-07.json,1997179.0,,Eurostat,EXACT,0.0
CHE,2016,foreign_nationals,2047200.0,A,Eurostat [migr_pop1ctz],evidence/api/eurostat_migr_pop1ctz_2001-2022_retrieved_2026-10-07.json,2047200.0,,Eurostat,EXACT,0.0
CHE,2017,foreign_nationals,2099319.0,A,Eurostat [migr_pop1ctz],evidence/api/eurostat_migr_pop1ctz_2001-2022_retrieved_2026-10-07.json,2099319.0,,Eurostat,EXACT,0.0
CHE,2018,foreign_nationals,2124540.0,A,Eurostat [migr_pop1ctz],evidence/api/eurostat_migr_pop1ctz_2001-2022_retrieved_2026-10-07.json,2124540.0,,Eurostat,EXACT,0.0
CHE,2019,foreign_nationals,2146381.0,A,Eurostat [migr_pop1ctz],evidence/api/eurostat_migr_pop1ctz_2001-2022_retrieved_2026-10-07.json,2146381.0,,Eurostat,EXACT,0.0
CHE,2020,foreign_nationals,2173429.0,A,Eurostat [migr_pop1ctz],evidence/api/eurostat_migr_pop1ctz_2001-2022_retrieved_2026-10-07.json,2173429.0,,Eurostat,EXACT,0.0
CHE,2021,foreign_nationals,2208864.0,A,Eurostat [migr_pop1ctz],evidence/api/eurostat_migr_pop1ctz_2001-2022_retrieved_2026-10-07.json,2208864.0,,Eurostat,EXACT,0.0
CHE,2022,foreign_nationals,2242343.0,A,Eurostat [migr_pop1ctz],evidence/api/eurostat_migr_pop1ctz_2001-2022_retrieved_2026-10-07.json,2242343.0,,Eurostat,EXACT,0.0
TWN,2001,foreign_nationals,383534.0,A,"Taiwan Ministry of the Interior, Department of Statistics, statistical query system (內政統計查詢網), 外僑居留人數─按國籍別職業別分",evidence/countries/TWN/foreign_nationals__MOI_statis_c0930103_ROC85-111__retrieved_2026-10-07.csv,383534.0,,TWN MOI,EXACT,0.0
TWN,2002,foreign_nationals,405379.0,A,"Taiwan Ministry of the Interior, Department of Statistics, statistical query system (內政統計查詢網), 外僑居留人數─按國籍別職業別分",evidence/countries/TWN/foreign_nationals__MOI_statis_c0930103_ROC85-111__retrieved_2026-10-07.csv,405379.0,,TWN MOI,EXACT,0.0
TWN,2003,foreign_nationals,404986.0,A,"Taiwan Ministry of the Interior, Department of Statistics, statistical query system (內政統計查詢網), 外僑居留人數─按國籍別職業別分",evidence/countries/TWN/foreign_nationals__MOI_statis_c0930103_ROC85-111__retrieved_2026-10-07.csv,404986.0,,TWN MOI,EXACT,0.0
TWN,2004,foreign_nationals,423145.0,A,"Taiwan Ministry of the Interior, Department of Statistics, statistical query system (內政統計查詢網), 外僑居留人數─按國籍別職業別分",evidence/countries/TWN/foreign_nationals__MOI_statis_c0930103_ROC85-111__retrieved_2026-10-07.csv,423145.0,,TWN MOI,EXACT,0.0
TWN,2005,foreign_nationals,429703.0,A,"Taiwan Ministry of the Interior, Department of Statistics, statistical query system (內政統計查詢網), 外僑居留人數─按國籍別職業別分",evidence/countries/TWN/foreign_nationals__MOI_statis_c0930103_ROC85-111__retrieved_2026-10-07.csv,429703.0,,TWN MOI,EXACT,0.0
TWN,2006,foreign_nationals,428240.0,A,"Taiwan Ministry of the Interior, Department of Statistics, statistical query system (內政統計查詢網), 外僑居留人數─按國籍別職業別分",evidence/countries/TWN/foreign_nationals__MOI_statis_c0930103_ROC85-111__retrieved_2026-10-07.csv,428240.0,,TWN MOI,EXACT,0.0
TWN,2007,foreign_nationals,433169.0,A,"Taiwan Ministry of the Interior, Department of Statistics, statistical query system (內政統計查詢網), 外僑居留人數─按國籍別職業別分",evidence/countries/TWN/foreign_nationals__MOI_statis_c0930103_ROC85-111__retrieved_2026-10-07.csv,433169.0,,TWN MOI,EXACT,0.0
TWN,2008,foreign_nationals,417385.0,A,"Taiwan Ministry of the Interior, Department of Statistics, statistical query system (內政統計查詢網), 外僑居留人數─按國籍別職業別分",evidence/countries/TWN/foreign_nationals__MOI_statis_c0930103_ROC85-111__retrieved_2026-10-07.csv,417385.0,,TWN MOI,EXACT,0.0
TWN,2009,foreign_nationals,403700.0,A,"Taiwan Ministry of the Interior, Department of Statistics, statistical query system (內政統計查詢網), 外僑居留人數─按國籍別職業別分",evidence/countries/TWN/foreign_nationals__MOI_statis_c0930103_ROC85-111__retrieved_2026-10-07.csv,403700.0,,TWN MOI,EXACT,0.0
TWN,2010,foreign_nationals,418802.0,A,"Taiwan Ministry of the Interior, Department of Statistics, statistical query system (內政統計查詢網), 外僑居留人數─按國籍別職業別分",evidence/countries/TWN/foreign_nationals__MOI_statis_c0930103_ROC85-111__retrieved_2026-10-07.csv,418802.0,,TWN MOI,EXACT,0.0
TWN,2011,foreign_nationals,466206.0,A,"Taiwan Ministry of the Interior, Department of Statistics, statistical query system (內政統計查詢網), 外僑居留人數─按國籍別職業別分",evidence/countries/TWN/foreign_nationals__MOI_statis_c0930103_ROC85-111__retrieved_2026-10-07.csv,466206.0,,TWN MOI,EXACT,0.0
TWN,2012,foreign_nationals,483921.0,B,"Taiwan Ministry of the Interior, Department of Statistics (內政統計通報), foreign residents 外僑居留人數",evidence/countries/TWN/foreign_nationals__MOI_statis_c0930103_ROC85-111__retrieved_2026-10-07.csv,483921.0,,TWN MOI,EXACT,0.0
TWN,2013,foreign_nationals,525109.0,B,"Taiwan Ministry of the Interior, Department of Statistics (內政統計通報), foreign residents 外僑居留人數",evidence/countries/TWN/foreign_nationals__MOI_statis_c0930103_ROC85-111__retrieved_2026-10-07.csv,525109.0,,TWN MOI,EXACT,0.0
TWN,2014,foreign_nationals,629633.0,B,"Taiwan Ministry of the Interior, Department of Statistics (內政統計通報), foreign residents 外僑居留人數",evidence/countries/TWN/foreign_nationals__MOI_statis_c0930103_ROC85-111__retrieved_2026-10-07.csv,629633.0,,TWN MOI,EXACT,0.0
TWN,2015,foreign_nationals,637843.0,B,"Taiwan Ministry of the Interior, Department of Statistics (內政統計通報), foreign residents 外僑居留人數",evidence/countries/TWN/foreign_nationals__MOI_statis_c0930103_ROC85-111__retrieved_2026-10-07.csv,637843.0,,TWN MOI,EXACT,0.0
TWN,2016,foreign_nationals,671375.0,B,"Taiwan Ministry of the Interior, Department of Statistics (內政統計通報), foreign residents 外僑居留人數",evidence/countries/TWN/foreign_nationals__MOI_statis_c0930103_ROC85-111__retrieved_2026-10-07.csv,671375.0,,TWN MOI,EXACT,0.0
TWN,2017,foreign_nationals,717736.0,B,"Taiwan Ministry of the Interior, Department of Statistics (內政統計通報), foreign residents 外僑居留人數",evidence/countries/TWN/foreign_nationals__MOI_statis_c0930103_ROC85-111__retrieved_2026-10-07.csv,717736.0,,TWN MOI,EXACT,0.0
TWN,2018,foreign_nationals,758583.0,B,"Taiwan Ministry of the Interior, Department of Statistics (內政統計通報), foreign residents 外僑居留人數",evidence/countries/TWN/foreign_nationals__MOI_statis_c0930103_ROC85-111__retrieved_2026-10-07.csv,758583.0,,TWN MOI,EXACT,0.0
TWN,2019,foreign_nationals,785341.0,B,"Taiwan Ministry of the Interior, Department of Statistics (內政統計通報), foreign residents 外僑居留人數",evidence/countries/TWN/foreign_nationals__MOI_statis_c0930103_ROC85-111__retrieved_2026-10-07.csv,785341.0,,TWN MOI,EXACT,0.0
TWN,2020,foreign_nationals,797122.0,B,"Taiwan Ministry of the Interior, Department of Statistics (內政統計通報), foreign residents 外僑居留人數",evidence/countries/TWN/foreign_nationals__MOI_statis_c0930103_ROC85-111__retrieved_2026-10-07.csv,797122.0,,TWN MOI,EXACT,0.0
TWN,2021,foreign_nationals,752900.0,B,"Taiwan Ministry of the Interior, Department of Statistics (內政統計通報), foreign residents 外僑居留人數",evidence/countries/TWN/foreign_nationals__MOI_statis_c0930103_ROC85-111__retrieved_2026-10-07.csv,752900.0,,TWN MOI,EXACT,0.0
TWN,2022,foreign_nationals,796696.0,B,"Taiwan Ministry of the Interior, Department of Statistics (內政統計通報), foreign residents 外僑居留人數",evidence/countries/TWN/foreign_nationals__MOI_statis_c0930103_ROC85-111__retrieved_2026-10-07.csv,796696.0,,TWN MOI,EXACT,0.0
TUR,2001,foreign_nationals,271280.0,A,"OECD International Migration Database (stocks of foreign population, measure B15)",evidence/api/oecd/OECD_B15_foreign-population_2001-2022_retrieved_2026-10-07.json,271280.0,"{'OBS_STATUS': {'id': 'A', 'order': 0, 'name': 'Normal value', 'names': {'en': 'Normal value'}}, 'UNIT_MULT': {'id': '0', 'order': 0, 'name': 'Units', 'names': {'en': 'Units'}}, 'DECIMALS': {'id': '0', 'order': 0, 'name': 'Zero', 'names': {'en': 'Zero'}}}",OECD,EXACT,0.0
TUR,2008,foreign_nationals,98064.0,A,"OECD International Migration Database (stocks of foreign population, measure B15)",evidence/api/oecd/OECD_B15_foreign-population_2001-2022_retrieved_2026-10-07.json,98064.0,"{'OBS_STATUS': {'id': 'A', 'order': 0, 'name': 'Normal value', 'names': {'en': 'Normal value'}}, 'UNIT_MULT': {'id': '0', 'order': 0, 'name': 'Units', 'names': {'en': 'Units'}}, 'DECIMALS': {'id': '0', 'order': 0, 'name': 'Zero', 'names': {'en': 'Zero'}}}",OECD,EXACT,0.0
TUR,2009,foreign_nationals,104441.0,A,"OECD International Migration Database (stocks of foreign population, measure B15)",evidence/api/oecd/OECD_B15_foreign-population_2001-2022_retrieved_2026-10-07.json,104441.0,"{'OBS_STATUS': {'id': 'A', 'order': 0, 'name': 'Normal value', 'names': {'en': 'Normal value'}}, 'UNIT_MULT': {'id': '0', 'order': 0, 'name': 'Units', 'names': {'en': 'Units'}}, 'DECIMALS': {'id': '0', 'order': 0, 'name': 'Zero', 'names': {'en': 'Zero'}}}",OECD,EXACT,0.0
TUR,2010,foreign_nationals,167344.0,A,"OECD International Migration Database (stocks of foreign population, measure B15)",evidence/api/oecd/OECD_B15_foreign-population_2001-2022_retrieved_2026-10-07.json,167344.0,"{'OBS_STATUS': {'id': 'A', 'order': 0, 'name': 'Normal value', 'names': {'en': 'Normal value'}}, 'UNIT_MULT': {'id': '0', 'order': 0, 'name': 'Units', 'names': {'en': 'Units'}}, 'DECIMALS': {'id': '0', 'order': 0, 'name': 'Zero', 'names': {'en': 'Zero'}}}",OECD,EXACT,0.0
TUR,2011,foreign_nationals,190531.0,A,"OECD International Migration Database (stocks of foreign population, measure B15)",evidence/api/oecd/OECD_B15_foreign-population_2001-2022_retrieved_2026-10-07.json,190531.0,"{'OBS_STATUS': {'id': 'A', 'order': 0, 'name': 'Normal value', 'names': {'en': 'Normal value'}}, 'UNIT_MULT': {'id': '0', 'order': 0, 'name': 'Units', 'names': {'en': 'Units'}}, 'DECIMALS': {'id': '0', 'order': 0, 'name': 'Zero', 'names': {'en': 'Zero'}}}",OECD,EXACT,0.0
TUR,2012,foreign_nationals,242128.0,A,"OECD International Migration Database (stocks of foreign population, measure B15)",evidence/api/oecd/OECD_B15_foreign-population_2001-2022_retrieved_2026-10-07.json,242128.0,"{'OBS_STATUS': {'id': 'A', 'order': 0, 'name': 'Normal value', 'names': {'en': 'Normal value'}}, 'UNIT_MULT': {'id': '0', 'order': 0, 'name': 'Units', 'names': {'en': 'Units'}}, 'DECIMALS': {'id': '0', 'order': 0, 'name': 'Zero', 'names': {'en': 'Zero'}}}",OECD,EXACT,0.0
TUR,2013,foreign_nationals,278664.0,A,"OECD International Migration Database (stocks of foreign population, measure B15)",evidence/api/oecd/OECD_B15_foreign-population_2001-2022_retrieved_2026-10-07.json,278664.0,"{'OBS_STATUS': {'id': 'A', 'order': 0, 'name': 'Normal value', 'names': {'en': 'Normal value'}}, 'UNIT_MULT': {'id': '0', 'order': 0, 'name': 'Units', 'names': {'en': 'Units'}}, 'DECIMALS': {'id': '0', 'order': 0, 'name': 'Zero', 'names': {'en': 'Zero'}}}",OECD,EXACT,0.0
TUR,2014,foreign_nationals,456506.0,A,"OECD International Migration Database (stocks of foreign population, measure B15)",evidence/api/oecd/OECD_B15_foreign-population_2001-2022_retrieved_2026-10-07.json,456506.0,"{'OBS_STATUS': {'id': 'A', 'order': 0, 'name': 'Normal value', 'names': {'en': 'Normal value'}}, 'UNIT_MULT': {'id': '0', 'order': 0, 'name': 'Units', 'names': {'en': 'Units'}}, 'DECIMALS': {'id': '0', 'order': 0, 'name': 'Zero', 'names': {'en': 'Zero'}}}",OECD,EXACT,0.0
TUR,2015,foreign_nationals,518279.0,A,"OECD International Migration Database (stocks of foreign population, measure B15)",evidence/api/oecd/OECD_B15_foreign-population_2001-2022_retrieved_2026-10-07.json,518279.0,"{'OBS_STATUS': {'id': 'A', 'order': 0, 'name': 'Normal value', 'names': {'en': 'Normal value'}}, 'UNIT_MULT': {'id': '0', 'order': 0, 'name': 'Units', 'names': {'en': 'Units'}}, 'DECIMALS': {'id': '0', 'order': 0, 'name': 'Zero', 'names': {'en': 'Zero'}}}",OECD,EXACT,0.0
TUR,2016,foreign_nationals,650308.0,A,"OECD International Migration Database (stocks of foreign population, measure B15)",evidence/api/oecd/OECD_B15_foreign-population_2001-2022_retrieved_2026-10-07.json,650308.0,"{'OBS_STATUS': {'id': 'A', 'order': 0, 'name': 'Normal value', 'names': {'en': 'Normal value'}}, 'UNIT_MULT': {'id': '0', 'order': 0, 'name': 'Units', 'names': {'en': 'Units'}}, 'DECIMALS': {'id': '0', 'order': 0, 'name': 'Zero', 'names': {'en': 'Zero'}}}",OECD,EXACT,0.0
TUR,2017,foreign_nationals,816410.0,A,"OECD International Migration Database (stocks of foreign population, measure B15)",evidence/api/oecd/OECD_B15_foreign-population_2001-2022_retrieved_2026-10-07.json,816410.0,"{'OBS_STATUS': {'id': 'A', 'order': 0, 'name': 'Normal value', 'names': {'en': 'Normal value'}}, 'UNIT_MULT': {'id': '0', 'order': 0, 'name': 'Units', 'names': {'en': 'Units'}}, 'DECIMALS': {'id': '0', 'order': 0, 'name': 'Zero', 'names': {'en': 'Zero'}}}",OECD,EXACT,0.0
TUR,2018,foreign_nationals,919061.0,A,"OECD International Migration Database (stocks of foreign population, measure B15)",evidence/api/oecd/OECD_B15_foreign-population_2001-2022_retrieved_2026-10-07.json,919061.0,"{'OBS_STATUS': {'id': 'A', 'order': 0, 'name': 'Normal value', 'names': {'en': 'Normal value'}}, 'UNIT_MULT': {'id': '0', 'order': 0, 'name': 'Units', 'names': {'en': 'Units'}}, 'DECIMALS': {'id': '0', 'order': 0, 'name': 'Zero', 'names': {'en': 'Zero'}}}",OECD,EXACT,0.0
TUR,2019,foreign_nationals,1211034.0,A,"OECD International Migration Database (stocks of foreign population, measure B15)",evidence/api/oecd/OECD_B15_foreign-population_2001-2022_retrieved_2026-10-07.json,1211034.0,"{'OBS_STATUS': {'id': 'A', 'order': 0, 'name': 'Normal value', 'names': {'en': 'Normal value'}}, 'UNIT_MULT': {'id': '0', 'order': 0, 'name': 'Units', 'names': {'en': 'Units'}}, 'DECIMALS': {'id': '0', 'order': 0, 'name': 'Zero', 'names': {'en': 'Zero'}}}",OECD,EXACT,0.0
TUR,2020,foreign_nationals,1531180.0,A,"OECD International Migration Database (stocks of foreign population, measure B15)",evidence/api/oecd/OECD_B15_foreign-population_2001-2022_retrieved_2026-10-07.json,1531180.0,"{'OBS_STATUS': {'id': 'A', 'order': 0, 'name': 'Normal value', 'names': {'en': 'Normal value'}}, 'UNIT_MULT': {'id': '0', 'order': 0, 'name': 'Units', 'names': {'en': 'Units'}}, 'DECIMALS': {'id': '0', 'order': 0, 'name': 'Zero', 'names': {'en': 'Zero'}}}",OECD,EXACT,0.0
TUR,2021,foreign_nationals,1792036.0,A,"OECD International Migration Database (stocks of foreign population, measure B15)",evidence/api/oecd/OECD_B15_foreign-population_2001-2022_retrieved_2026-10-07.json,1792036.0,"{'OBS_STATUS': {'id': 'A', 'order': 0, 'name': 'Normal value', 'names': {'en': 'Normal value'}}, 'UNIT_MULT': {'id': '0', 'order': 0, 'name': 'Units', 'names': {'en': 'Units'}}, 'DECIMALS': {'id': '0', 'order': 0, 'name': 'Zero', 'names': {'en': 'Zero'}}}",OECD,EXACT,0.0
TUR,2022,foreign_nationals,1823836.0,A,"OECD International Migration Database (stocks of foreign population, measure B15)",evidence/api/oecd/OECD_B15_foreign-population_2001-2022_retrieved_2026-10-07.json,1823836.0,"{'OBS_STATUS': {'id': 'A', 'order': 0, 'name': 'Normal value', 'names': {'en': 'Normal value'}}, 'UNIT_MULT': {'id': '0', 'order': 0, 'name': 'Units', 'names': {'en': 'Units'}}, 'DECIMALS': {'id': '0', 'order': 0, 'name': 'Zero', 'names': {'en': 'Zero'}}}",OECD,EXACT,0.0
GBR,2001,foreign_nationals,2649219.0,A,Eurostat [migr_pop1ctz],evidence/api/eurostat_migr_pop1ctz_2001-2022_retrieved_2026-10-07.json,2649219.0,,Eurostat,EXACT,0.0
GBR,2002,foreign_nationals,2587000.0,A,"OECD International Migration Database (stocks of foreign population, measure B15)",evidence/api/oecd/OECD_B15_foreign-population_2001-2022_retrieved_2026-10-07.json,2587000.0,"{'OBS_STATUS': {'id': 'A', 'order': 0, 'name': 'Normal value', 'names': {'en': 'Normal value'}}, 'UNIT_MULT': {'id': '0', 'order': 0, 'name': 'Units', 'names': {'en': 'Units'}}, 'DECIMALS': {'id': '0', 'order': 0, 'name': 'Zero', 'names': {'en': 'Zero'}}}",OECD,EXACT,0.0
GBR,2003,foreign_nationals,2753753.0,A,Eurostat [migr_pop1ctz],evidence/api/eurostat_migr_pop1ctz_2001-2022_retrieved_2026-10-07.json,2753753.0,,Eurostat,EXACT,0.0
GBR,2004,foreign_nationals,2926657.0,A,Eurostat [migr_pop1ctz],evidence/api/eurostat_migr_pop1ctz_2001-2022_retrieved_2026-10-07.json,2926657.0,,Eurostat,EXACT,0.0
GBR,2005,foreign_nationals,3066055.0,A,Eurostat [migr_pop1ctz],evidence/api/eurostat_migr_pop1ctz_2001-2022_retrieved_2026-10-07.json,3066055.0,,Eurostat,EXACT,0.0
GBR,2006,foreign_nationals,3425000.0,A,Eurostat [migr_pop1ctz],evidence/api/eurostat_migr_pop1ctz_2001-2022_retrieved_2026-10-07.json,3425000.0,e,Eurostat,EXACT,0.0
GBR,2007,foreign_nationals,3659900.0,A,Eurostat [migr_pop1ctz],evidence/api/eurostat_migr_pop1ctz_2001-2022_retrieved_2026-10-07.json,3659900.0,e,Eurostat,EXACT,0.0
GBR,2008,foreign_nationals,4020800.0,A,Eurostat [migr_pop1ctz],evidence/api/eurostat_migr_pop1ctz_2001-2022_retrieved_2026-10-07.json,4020800.0,e,Eurostat,EXACT,0.0
GBR,2009,foreign_nationals,4244092.0,A,Eurostat [migr_pop1ctz],evidence/api/eurostat_migr_pop1ctz_2001-2022_retrieved_2026-10-07.json,4244092.0,,Eurostat,EXACT,0.0
GBR,2010,foreign_nationals,4435587.0,A,Eurostat [migr_pop1ctz],evidence/api/eurostat_migr_pop1ctz_2001-2022_retrieved_2026-10-07.json,4435587.0,,Eurostat,EXACT,0.0
GBR,2011,foreign_nationals,4546862.0,A,Eurostat [migr_pop1ctz],evidence/api/eurostat_migr_pop1ctz_2001-2022_retrieved_2026-10-07.json,4546862.0,,Eurostat,EXACT,0.0
GBR,2012,foreign_nationals,4884405.0,A,Eurostat [migr_pop1ctz],evidence/api/eurostat_migr_pop1ctz_2001-2022_retrieved_2026-10-07.json,4884405.0,,Eurostat,EXACT,0.0
GBR,2013,foreign_nationals,4978600.0,A,Eurostat [migr_pop1ctz],evidence/api/eurostat_migr_pop1ctz_2001-2022_retrieved_2026-10-07.json,4978600.0,,Eurostat,EXACT,0.0
GBR,2014,foreign_nationals,5049401.0,A,Eurostat [migr_pop1ctz],evidence/api/eurostat_migr_pop1ctz_2001-2022_retrieved_2026-10-07.json,5049401.0,,Eurostat,EXACT,0.0
GBR,2015,foreign_nationals,5419192.0,A,Eurostat [migr_pop1ctz],evidence/api/eurostat_migr_pop1ctz_2001-2022_retrieved_2026-10-07.json,5419192.0,,Eurostat,EXACT,0.0
GBR,2016,foreign_nationals,5639712.0,A,Eurostat [migr_pop1ctz],evidence/api/eurostat_migr_pop1ctz_2001-2022_retrieved_2026-10-07.json,5639712.0,,Eurostat,EXACT,0.0
GBR,2017,foreign_nationals,6073524.0,A,Eurostat [migr_pop1ctz],evidence/api/eurostat_migr_pop1ctz_2001-2022_retrieved_2026-10-07.json,6073524.0,,Eurostat,EXACT,0.0
GBR,2018,foreign_nationals,6285974.0,A,Eurostat [migr_pop1ctz],evidence/api/eurostat_migr_pop1ctz_2001-2022_retrieved_2026-10-07.json,6285974.0,,Eurostat,EXACT,0.0
GBR,2019,foreign_nationals,6171948.0,A,Eurostat [migr_pop1ctz],evidence/api/eurostat_migr_pop1ctz_2001-2022_retrieved_2026-10-07.json,6171948.0,,Eurostat,EXACT,0.0
USA,2001,foreign_nationals,17757696.0,A,"OECD International Migration Database (stocks of foreign population, measure B15)",evidence/api/oecd/OECD_B15_foreign-population_2001-2022_retrieved_2026-10-07.json,17757696.0,"{'OBS_STATUS': {'id': 'A', 'order': 0, 'name': 'Normal value', 'names': {'en': 'Normal value'}}, 'UNIT_MULT': {'id': '0', 'order': 0, 'name': 'Units', 'names': {'en': 'Units'}}, 'DECIMALS': {'id': '0', 'order': 0, 'name': 'Zero', 'names': {'en': 'Zero'}}}",OECD,EXACT,0.0
USA,2002,foreign_nationals,18533679.0,A,"OECD International Migration Database (stocks of foreign population, measure B15)",evidence/api/oecd/OECD_B15_foreign-population_2001-2022_retrieved_2026-10-07.json,18533679.0,"{'OBS_STATUS': {'id': 'A', 'order': 0, 'name': 'Normal value', 'names': {'en': 'Normal value'}}, 'UNIT_MULT': {'id': '0', 'order': 0, 'name': 'Units', 'names': {'en': 'Units'}}, 'DECIMALS': {'id': '0', 'order': 0, 'name': 'Zero', 'names': {'en': 'Zero'}}}",OECD,EXACT,0.0
USA,2003,foreign_nationals,20490602.0,A,"OECD International Migration Database (stocks of foreign population, measure B15)",evidence/api/oecd/OECD_B15_foreign-population_2001-2022_retrieved_2026-10-07.json,20490602.0,"{'OBS_STATUS': {'id': 'A', 'order': 0, 'name': 'Normal value', 'names': {'en': 'Normal value'}}, 'UNIT_MULT': {'id': '0', 'order': 0, 'name': 'Units', 'names': {'en': 'Units'}}, 'DECIMALS': {'id': '0', 'order': 0, 'name': 'Zero', 'names': {'en': 'Zero'}}}",OECD,EXACT,0.0
USA,2004,foreign_nationals,20634068.0,A,"OECD International Migration Database (stocks of foreign population, measure B15)",evidence/api/oecd/OECD_B15_foreign-population_2001-2022_retrieved_2026-10-07.json,20634068.0,"{'OBS_STATUS': {'id': 'A', 'order': 0, 'name': 'Normal value', 'names': {'en': 'Normal value'}}, 'UNIT_MULT': {'id': '0', 'order': 0, 'name': 'Units', 'names': {'en': 'Units'}}, 'DECIMALS': {'id': '0', 'order': 0, 'name': 'Zero', 'names': {'en': 'Zero'}}}",OECD,EXACT,0.0
USA,2005,foreign_nationals,19857656.0,A,"OECD International Migration Database (stocks of foreign population, measure B15)",evidence/api/oecd/OECD_B15_foreign-population_2001-2022_retrieved_2026-10-07.json,19857656.0,"{'OBS_STATUS': {'id': 'A', 'order': 0, 'name': 'Normal value', 'names': {'en': 'Normal value'}}, 'UNIT_MULT': {'id': '0', 'order': 0, 'name': 'Units', 'names': {'en': 'Units'}}, 'DECIMALS': {'id': '0', 'order': 0, 'name': 'Zero', 'names': {'en': 'Zero'}}}",OECD,EXACT,0.0
USA,2006,foreign_nationals,20836032.0,A,"OECD International Migration Database (stocks of foreign population, measure B15)",evidence/api/oecd/OECD_B15_foreign-population_2001-2022_retrieved_2026-10-07.json,20836032.0,"{'OBS_STATUS': {'id': 'A', 'order': 0, 'name': 'Normal value', 'names': {'en': 'Normal value'}}, 'UNIT_MULT': {'id': '0', 'order': 0, 'name': 'Units', 'names': {'en': 'Units'}}, 'DECIMALS': {'id': '0', 'order': 0, 'name': 'Zero', 'names': {'en': 'Zero'}}}",OECD,EXACT,0.0
USA,2007,foreign_nationals,21696303.0,A,"OECD International Migration Database (stocks of foreign population, measure B15)",evidence/api/oecd/OECD_B15_foreign-population_2001-2022_retrieved_2026-10-07.json,21696303.0,"{'OBS_STATUS': {'id': 'A', 'order': 0, 'name': 'Normal value', 'names': {'en': 'Normal value'}}, 'UNIT_MULT': {'id': '0', 'order': 0, 'name': 'Units', 'names': {'en': 'Units'}}, 'DECIMALS': {'id': '0', 'order': 0, 'name': 'Zero', 'names': {'en': 'Zero'}}}",OECD,EXACT,0.0
USA,2008,foreign_nationals,21843559.0,A,"OECD International Migration Database (stocks of foreign population, measure B15)",evidence/api/oecd/OECD_B15_foreign-population_2001-2022_retrieved_2026-10-07.json,21843559.0,"{'OBS_STATUS': {'id': 'A', 'order': 0, 'name': 'Normal value', 'names': {'en': 'Normal value'}}, 'UNIT_MULT': {'id': '0', 'order': 0, 'name': 'Units', 'names': {'en': 'Units'}}, 'DECIMALS': {'id': '0', 'order': 0, 'name': 'Zero', 'names': {'en': 'Zero'}}}",OECD,EXACT,0.0
USA,2009,foreign_nationals,21685745.0,A,"OECD International Migration Database (stocks of foreign population, measure B15)",evidence/api/oecd/OECD_B15_foreign-population_2001-2022_retrieved_2026-10-07.json,21685745.0,"{'OBS_STATUS': {'id': 'A', 'order': 0, 'name': 'Normal value', 'names': {'en': 'Normal value'}}, 'UNIT_MULT': {'id': '0', 'order': 0, 'name': 'Units', 'names': {'en': 'Units'}}, 'DECIMALS': {'id': '0', 'order': 0, 'name': 'Zero', 'names': {'en': 'Zero'}}}",OECD,EXACT,0.0
USA,2010,foreign_nationals,21640993.0,A,"OECD International Migration Database (stocks of foreign population, measure B15)",evidence/api/oecd/OECD_B15_foreign-population_2001-2022_retrieved_2026-10-07.json,21640993.0,"{'OBS_STATUS': {'id': 'A', 'order': 0, 'name': 'Normal value', 'names': {'en': 'Normal value'}}, 'UNIT_MULT': {'id': '0', 'order': 0, 'name': 'Units', 'names': {'en': 'Units'}}, 'DECIMALS': {'id': '0', 'order': 0, 'name': 'Zero', 'names': {'en': 'Zero'}}}",OECD,EXACT,0.0
USA,2011,foreign_nationals,22225536.0,A,"OECD International Migration Database (stocks of foreign population, measure B15)",evidence/api/oecd/OECD_B15_foreign-population_2001-2022_retrieved_2026-10-07.json,22225536.0,"{'OBS_STATUS': {'id': 'A', 'order': 0, 'name': 'Normal value', 'names': {'en': 'Normal value'}}, 'UNIT_MULT': {'id': '0', 'order': 0, 'name': 'Units', 'names': {'en': 'Units'}}, 'DECIMALS': {'id': '0', 'order': 0, 'name': 'Zero', 'names': {'en': 'Zero'}}}",OECD,EXACT,0.0
USA,2012,foreign_nationals,22114981.0,A,"OECD International Migration Database (stocks of foreign population, measure B15)",evidence/api/oecd/OECD_B15_foreign-population_2001-2022_retrieved_2026-10-07.json,22114981.0,"{'OBS_STATUS': {'id': 'A', 'order': 0, 'name': 'Normal value', 'names': {'en': 'Normal value'}}, 'UNIT_MULT': {'id': '0', 'order': 0, 'name': 'Units', 'names': {'en': 'Units'}}, 'DECIMALS': {'id': '0', 'order': 0, 'name': 'Zero', 'names': {'en': 'Zero'}}}",OECD,EXACT,0.0
USA,2013,foreign_nationals,22016426.0,A,"OECD International Migration Database (stocks of foreign population, measure B15)",evidence/api/oecd/OECD_B15_foreign-population_2001-2022_retrieved_2026-10-07.json,22016426.0,"{'OBS_STATUS': {'id': 'A', 'order': 0, 'name': 'Normal value', 'names': {'en': 'Normal value'}}, 'UNIT_MULT': {'id': '0', 'order': 0, 'name': 'Units', 'names': {'en': 'Units'}}, 'DECIMALS': {'id': '0', 'order': 0, 'name': 'Zero', 'names': {'en': 'Zero'}}}",OECD,EXACT,0.0
USA,2014,foreign_nationals,21325130.0,A,"OECD International Migration Database (stocks of foreign population, measure B15)",evidence/api/oecd/OECD_B15_foreign-population_2001-2022_retrieved_2026-10-07.json,21325130.0,"{'OBS_STATUS': {'id': 'A', 'order': 0, 'name': 'Normal value', 'names': {'en': 'Normal value'}}, 'UNIT_MULT': {'id': '0', 'order': 0, 'name': 'Units', 'names': {'en': 'Units'}}, 'DECIMALS': {'id': '0', 'order': 0, 'name': 'Zero', 'names': {'en': 'Zero'}}}",OECD,EXACT,0.0
USA,2015,foreign_nationals,22236160.0,A,"OECD International Migration Database (stocks of foreign population, measure B15)",evidence/api/oecd/OECD_B15_foreign-population_2001-2022_retrieved_2026-10-07.json,22236160.0,"{'OBS_STATUS': {'id': 'A', 'order': 0, 'name': 'Normal value', 'names': {'en': 'Normal value'}}, 'UNIT_MULT': {'id': '0', 'order': 0, 'name': 'Units', 'names': {'en': 'Units'}}, 'DECIMALS': {'id': '0', 'order': 0, 'name': 'Zero', 'names': {'en': 'Zero'}}}",OECD,EXACT,0.0
USA,2016,foreign_nationals,22824242.0,A,"OECD International Migration Database (stocks of foreign population, measure B15)",evidence/api/oecd/OECD_B15_foreign-population_2001-2022_retrieved_2026-10-07.json,22824242.0,"{'OBS_STATUS': {'id': 'A', 'order': 0, 'name': 'Normal value', 'names': {'en': 'Normal value'}}, 'UNIT_MULT': {'id': '0', 'order': 0, 'name': 'Units', 'names': {'en': 'Units'}}, 'DECIMALS': {'id': '0', 'order': 0, 'name': 'Zero', 'names': {'en': 'Zero'}}}",OECD,EXACT,0.0
USA,2017,foreign_nationals,22758740.0,A,"OECD International Migration Database (stocks of foreign population, measure B15)",evidence/api/oecd/OECD_B15_foreign-population_2001-2022_retrieved_2026-10-07.json,22758740.0,"{'OBS_STATUS': {'id': 'A', 'order': 0, 'name': 'Normal value', 'names': {'en': 'Normal value'}}, 'UNIT_MULT': {'id': '0', 'order': 0, 'name': 'Units', 'names': {'en': 'Units'}}, 'DECIMALS': {'id': '0', 'order': 0, 'name': 'Zero', 'names': {'en': 'Zero'}}}",OECD,EXACT,0.0
USA,2018,foreign_nationals,22941910.0,A,"OECD International Migration Database (stocks of foreign population, measure B15)",evidence/api/oecd/OECD_B15_foreign-population_2001-2022_retrieved_2026-10-07.json,22941910.0,"{'OBS_STATUS': {'id': 'A', 'order': 0, 'name': 'Normal value', 'names': {'en': 'Normal value'}}, 'UNIT_MULT': {'id': '0', 'order': 0, 'name': 'Units', 'names': {'en': 'Units'}}, 'DECIMALS': {'id': '0', 'order': 0, 'name': 'Zero', 'names': {'en': 'Zero'}}}",OECD,EXACT,0.0
USA,2019,foreign_nationals,22518810.0,A,"OECD International Migration Database (stocks of foreign population, measure B15)",evidence/api/oecd/OECD_B15_foreign-population_2001-2022_retrieved_2026-10-07.json,22518809.52,"{'OBS_STATUS': {'id': 'A', 'order': 0, 'name': 'Normal value', 'names': {'en': 'Normal value'}}, 'UNIT_MULT': {'id': '0', 'order': 0, 'name': 'Units', 'names': {'en': 'Units'}}, 'DECIMALS': {'id': '0', 'order': 0, 'name': 'Zero', 'names': {'en': 'Zero'}}}",OECD,EXACT,0.48000000044703484
USA,2020,foreign_nationals,21433675.0,A,"OECD International Migration Database (stocks of foreign population, measure B15)",evidence/api/oecd/OECD_B15_foreign-population_2001-2022_retrieved_2026-10-07.json,21433675.3,"{'OBS_STATUS': {'id': 'A', 'order': 0, 'name': 'Normal value', 'names': {'en': 'Normal value'}}, 'UNIT_MULT': {'id': '0', 'order': 0, 'name': 'Units', 'names': {'en': 'Units'}}, 'DECIMALS': {'id': '0', 'order': 0, 'name': 'Zero', 'names': {'en': 'Zero'}}}",OECD,EXACT,-0.30000000074505806
USA,2021,foreign_nationals,22164662.0,A,"OECD International Migration Database (stocks of foreign population, measure B15)",evidence/api/oecd/OECD_B15_foreign-population_2001-2022_retrieved_2026-10-07.json,22164661.53,"{'OBS_STATUS': {'id': 'A', 'order': 0, 'name': 'Normal value', 'names': {'en': 'Normal value'}}, 'UNIT_MULT': {'id': '0', 'order': 0, 'name': 'Units', 'names': {'en': 'Units'}}, 'DECIMALS': {'id': '0', 'order': 0, 'name': 'Zero', 'names': {'en': 'Zero'}}}",OECD,EXACT,0.4699999988079071
USA,2022,foreign_nationals,23825209.0,A,"OECD International Migration Database (stocks of foreign population, measure B15)",evidence/api/oecd/OECD_B15_foreign-population_2001-2022_retrieved_2026-10-07.json,23825209.06,"{'OBS_STATUS': {'id': 'A', 'order': 0, 'name': 'Normal value', 'names': {'en': 'Normal value'}}, 'UNIT_MULT': {'id': '0', 'order': 0, 'name': 'Units', 'names': {'en': 'Units'}}, 'DECIMALS': {'id': '0', 'order': 0, 'name': 'Zero', 'names': {'en': 'Zero'}}}",OECD,EXACT,-0.05999999865889549
ITA,2010,irregular_stock,454000.0,A,"Fondazione ISMU, Stime stranieri irregolari 1991-2021 (agg. maggio 2022)",evidence/countries/ITA/irregular_stock__ISMU_Stime_irregolari_1991_2021_agg_maggio2022.xls,454000.0,,ISMU,EXACT,0.0
ITA,2011,irregular_stock,443000.0,A,"Fondazione ISMU, Stime stranieri irregolari 1991-2021 (agg. maggio 2022)",evidence/countries/ITA/irregular_stock__ISMU_Stime_irregolari_1991_2021_agg_maggio2022.xls,443000.0,,ISMU,EXACT,0.0
ITA,2012,irregular_stock,326000.0,A,"Fondazione ISMU, Stime stranieri irregolari 1991-2021 (agg. maggio 2022)",evidence/countries/ITA/irregular_stock__ISMU_Stime_irregolari_1991_2021_agg_maggio2022.xls,326000.0,,ISMU,EXACT,0.0
ITA,2013,irregular_stock,294000.0,A,"Fondazione ISMU, Stime stranieri irregolari 1991-2021 (agg. maggio 2022)",evidence/countries/ITA/irregular_stock__ISMU_Stime_irregolari_1991_2021_agg_maggio2022.xls,294000.0,,ISMU,EXACT,0.0
ITA,2014,irregular_stock,350000.0,A,"Fondazione ISMU, Stime stranieri irregolari 1991-2021 (agg. maggio 2022)",evidence/countries/ITA/irregular_stock__ISMU_Stime_irregolari_1991_2021_agg_maggio2022.xls,350000.0,,ISMU,EXACT,0.0
KOR,2011,irregular_proxy_overstayers,167780.0,A,"법무부 출입국·외국인정책본부, 2015년도 출입국·외국인정책 통계연보, 표 6-1 연도별 불법체류자 현황 (Ministry of Justice, Korea Immigration Statistical Yearbook 2015, Table 6-1)",evidence/countries/KOR/irregular_proxy_overstayers__MOJ_annual_illegal_stay_2011-2025_datagokr.csv,167780.0,,KOR MOJ,EXACT,0.0
KOR,2012,irregular_proxy_overstayers,177854.0,A,"법무부 출입국·외국인정책본부, 2015년도 출입국·외국인정책 통계연보, 표 6-1 연도별 불법체류자 현황 (Ministry of Justice, Korea Immigration Statistical Yearbook 2015, Table 6-1)",evidence/countries/KOR/irregular_proxy_overstayers__MOJ_annual_illegal_stay_2011-2025_datagokr.csv,177854.0,,KOR MOJ,EXACT,0.0
KOR,2013,irregular_proxy_overstayers,183106.0,A,"법무부 출입국·외국인정책본부, 2015년도 출입국·외국인정책 통계연보, 표 6-1 연도별 불법체류자 현황 (Ministry of Justice, Korea Immigration Statistical Yearbook 2015, Table 6-1)",evidence/countries/KOR/irregular_proxy_overstayers__MOJ_annual_illegal_stay_2011-2025_datagokr.csv,183106.0,,KOR MOJ,EXACT,0.0
KOR,2014,irregular_proxy_overstayers,208778.0,A,"법무부 출입국·외국인정책본부, 2015년도 출입국·외국인정책 통계연보, 표 6-1 연도별 불법체류자 현황 (Ministry of Justice, Korea Immigration Statistical Yearbook 2015, Table 6-1)",evidence/countries/KOR/irregular_proxy_overstayers__MOJ_annual_illegal_stay_2011-2025_datagokr.csv,208778.0,,KOR MOJ,EXACT,0.0
KOR,2015,irregular_proxy_overstayers,214168.0,A,"법무부 출입국·외국인정책본부, 2015년도 출입국·외국인정책 통계연보, 표 6-1 연도별 불법체류자 현황 (Ministry of Justice, Korea Immigration Statistical Yearbook 2015, Table 6-1)",evidence/countries/KOR/irregular_proxy_overstayers__MOJ_annual_illegal_stay_2011-2025_datagokr.csv,214168.0,,KOR MOJ,EXACT,0.0
KOR,2018,irregular_proxy_overstayers,355126.0,A,"Ministry of Justice of Korea, Immigration and Foreign Policy Statistics (불법체류외국인), reported via EKW",evidence/countries/KOR/irregular_proxy_overstayers__MOJ_annual_illegal_stay_2011-2025_datagokr.csv,355126.0,,KOR MOJ,EXACT,0.0
KOR,2020,irregular_proxy_overstayers,392196.0,A,"Ministry of Justice of Korea, Immigration and Foreign Policy Statistics (불법체류외국인), reported via EKW",evidence/countries/KOR/irregular_proxy_overstayers__MOJ_annual_illegal_stay_2011-2025_datagokr.csv,392196.0,,KOR MOJ,EXACT,0.0
KOR,2021,irregular_proxy_overstayers,388700.0,A,"Ministry of Justice of Korea, Immigration and Foreign Policy Statistics (불법체류외국인), reported via EKW",evidence/countries/KOR/irregular_proxy_overstayers__MOJ_annual_illegal_stay_2011-2025_datagokr.csv,388700.0,,KOR MOJ,EXACT,0.0
KOR,2022,irregular_proxy_overstayers,411270.0,A,"Ministry of Justice of Korea, Immigration and Foreign Policy Statistics (불법체류외국인), reported via EKW",evidence/countries/KOR/irregular_proxy_overstayers__MOJ_annual_illegal_stay_2011-2025_datagokr.csv,411270.0,,KOR MOJ,EXACT,0.0
AUT,2010,irregular_proxy_detections,15220.0,A,"Eurostat, Third country nationals found to be illegally present (migr_eipre)",evidence/api/eurostat_migr_eipre_REVERIFY_2026-08-18.json,15220.0,,Eurostat,EXACT,0.0
AUT,2011,irregular_proxy_detections,20080.0,A,"Eurostat, Third country nationals found to be illegally present (migr_eipre)",evidence/api/eurostat_migr_eipre_REVERIFY_2026-08-18.json,20080.0,,Eurostat,EXACT,0.0
AUT,2012,irregular_proxy_detections,23135.0,A,"Eurostat, Third country nationals found to be illegally present (migr_eipre)",evidence/api/eurostat_migr_eipre_REVERIFY_2026-08-18.json,23135.0,,Eurostat,EXACT,0.0
AUT,2013,irregular_proxy_detections,25960.0,A,"Eurostat, Third country nationals found to be illegally present (migr_eipre)",evidence/api/eurostat_migr_eipre_REVERIFY_2026-08-18.json,25960.0,,Eurostat,EXACT,0.0
AUT,2014,irregular_proxy_detections,33055.0,A,"Eurostat, Third country nationals found to be illegally present (migr_eipre)",evidence/api/eurostat_migr_eipre_REVERIFY_2026-08-18.json,33055.0,,Eurostat,EXACT,0.0
AUT,2015,irregular_proxy_detections,86220.0,A,"Eurostat, Third country nationals found to be illegally present (migr_eipre)",evidence/api/eurostat_migr_eipre_REVERIFY_2026-08-18.json,86220.0,,Eurostat,EXACT,0.0
AUT,2016,irregular_proxy_detections,49810.0,A,"Eurostat, Third country nationals found to be illegally present (migr_eipre)",evidence/api/eurostat_migr_eipre_REVERIFY_2026-08-18.json,49810.0,,Eurostat,EXACT,0.0
AUT,2017,irregular_proxy_detections,26660.0,A,"Eurostat, Third country nationals found to be illegally present (migr_eipre)",evidence/api/eurostat_migr_eipre_REVERIFY_2026-08-18.json,26660.0,,Eurostat,EXACT,0.0
AUT,2018,irregular_proxy_detections,18840.0,A,"Eurostat, Third country nationals found to be illegally present (migr_eipre)",evidence/api/eurostat_migr_eipre_REVERIFY_2026-08-18.json,18840.0,,Eurostat,EXACT,0.0
AUT,2019,irregular_proxy_detections,16090.0,A,"Eurostat, Third country nationals found to be illegally present (migr_eipre)",evidence/api/eurostat_migr_eipre_REVERIFY_2026-08-18.json,16090.0,,Eurostat,EXACT,0.0
AUT,2020,irregular_proxy_detections,18715.0,A,"Eurostat, Third country nationals found to be illegally present (migr_eipre)",evidence/api/eurostat_migr_eipre_REVERIFY_2026-08-18.json,18715.0,,Eurostat,EXACT,0.0
AUT,2021,irregular_proxy_detections,38410.0,A,"Eurostat, Third country nationals found to be illegally present (migr_eipre)",evidence/api/eurostat_migr_eipre_REVERIFY_2026-08-18.json,38410.0,,Eurostat,EXACT,0.0
AUT,2022,irregular_proxy_detections,105545.0,A,"Eurostat, Third country nationals found to be illegally present (migr_eipre)",evidence/api/eurostat_migr_eipre_REVERIFY_2026-08-18.json,105545.0,,Eurostat,EXACT,0.0
BEL,2010,irregular_proxy_detections,12115.0,A,"Eurostat, Third country nationals found to be illegally present (migr_eipre)",evidence/api/eurostat_migr_eipre_REVERIFY_2026-08-18.json,12115.0,,Eurostat,EXACT,0.0
BEL,2011,irregular_proxy_detections,13550.0,A,"Eurostat, Third country nationals found to be illegally present (migr_eipre)",evidence/api/eurostat_migr_eipre_REVERIFY_2026-08-18.json,13550.0,,Eurostat,EXACT,0.0
BEL,2012,irregular_proxy_detections,15085.0,A,"Eurostat, Third country nationals found to be illegally present (migr_eipre)",evidence/api/eurostat_migr_eipre_REVERIFY_2026-08-18.json,15085.0,,Eurostat,EXACT,0.0
BEL,2013,irregular_proxy_detections,15075.0,A,"Eurostat, Third country nationals found to be illegally present (migr_eipre)",evidence/api/eurostat_migr_eipre_REVERIFY_2026-08-18.json,15075.0,,Eurostat,EXACT,0.0
BEL,2014,irregular_proxy_detections,15540.0,A,"Eurostat, Third country nationals found to be illegally present (migr_eipre)",evidence/api/eurostat_migr_eipre_REVERIFY_2026-08-18.json,15540.0,,Eurostat,EXACT,0.0
BEL,2015,irregular_proxy_detections,16275.0,A,"Eurostat, Third country nationals found to be illegally present (migr_eipre)",evidence/api/eurostat_migr_eipre_REVERIFY_2026-08-18.json,16275.0,,Eurostat,EXACT,0.0
BEL,2016,irregular_proxy_detections,19320.0,A,"Eurostat, Third country nationals found to be illegally present (migr_eipre)",evidence/api/eurostat_migr_eipre_REVERIFY_2026-08-18.json,19320.0,,Eurostat,EXACT,0.0
BEL,2017,irregular_proxy_detections,18285.0,A,"Eurostat, Third country nationals found to be illegally present (migr_eipre)",evidence/api/eurostat_migr_eipre_REVERIFY_2026-08-18.json,18285.0,,Eurostat,EXACT,0.0
BEL,2018,irregular_proxy_detections,19145.0,A,"Eurostat, Third country nationals found to be illegally present (migr_eipre)",evidence/api/eurostat_migr_eipre_REVERIFY_2026-08-18.json,19145.0,,Eurostat,EXACT,0.0
BEL,2019,irregular_proxy_detections,17585.0,A,"Eurostat, Third country nationals found to be illegally present (migr_eipre)",evidence/api/eurostat_migr_eipre_REVERIFY_2026-08-18.json,17585.0,,Eurostat,EXACT,0.0
BEL,2020,irregular_proxy_detections,11495.0,A,"Eurostat, Third country nationals found to be illegally present (migr_eipre)",evidence/api/eurostat_migr_eipre_REVERIFY_2026-08-18.json,11495.0,,Eurostat,EXACT,0.0
BEL,2021,irregular_proxy_detections,10885.0,A,"Eurostat, Third country nationals found to be illegally present (migr_eipre)",evidence/api/eurostat_migr_eipre_REVERIFY_2026-08-18.json,10885.0,,Eurostat,EXACT,0.0
BEL,2022,irregular_proxy_detections,10965.0,A,"Eurostat, Third country nationals found to be illegally present (migr_eipre)",evidence/api/eurostat_migr_eipre_REVERIFY_2026-08-18.json,10965.0,,Eurostat,EXACT,0.0
BGR,2010,irregular_proxy_detections,1705.0,A,"Eurostat, Third country nationals found to be illegally present (migr_eipre)",evidence/api/eurostat_migr_eipre_REVERIFY_2026-08-18.json,1705.0,,Eurostat,EXACT,0.0
BGR,2011,irregular_proxy_detections,1355.0,A,"Eurostat, Third country nationals found to be illegally present (migr_eipre)",evidence/api/eurostat_migr_eipre_REVERIFY_2026-08-18.json,1355.0,,Eurostat,EXACT,0.0
BGR,2012,irregular_proxy_detections,2050.0,A,"Eurostat, Third country nationals found to be illegally present (migr_eipre)",evidence/api/eurostat_migr_eipre_REVERIFY_2026-08-18.json,2050.0,,Eurostat,EXACT,0.0
BGR,2013,irregular_proxy_detections,5260.0,A,"Eurostat, Third country nationals found to be illegally present (migr_eipre)",evidence/api/eurostat_migr_eipre_REVERIFY_2026-08-18.json,5260.0,,Eurostat,EXACT,0.0
BGR,2014,irregular_proxy_detections,12870.0,A,"Eurostat, Third country nationals found to be illegally present (migr_eipre)",evidence/api/eurostat_migr_eipre_REVERIFY_2026-08-18.json,12870.0,,Eurostat,EXACT,0.0
BGR,2015,irregular_proxy_detections,20810.0,A,"Eurostat, Third country nationals found to be illegally present (migr_eipre)",evidence/api/eurostat_migr_eipre_REVERIFY_2026-08-18.json,20810.0,,Eurostat,EXACT,0.0
BGR,2016,irregular_proxy_detections,14125.0,A,"Eurostat, Third country nationals found to be illegally present (migr_eipre)",evidence/api/eurostat_migr_eipre_REVERIFY_2026-08-18.json,14125.0,,Eurostat,EXACT,0.0
BGR,2017,irregular_proxy_detections,2595.0,A,"Eurostat, Third country nationals found to be illegally present (migr_eipre)",evidence/api/eurostat_migr_eipre_REVERIFY_2026-08-18.json,2595.0,,Eurostat,EXACT,0.0
BGR,2018,irregular_proxy_detections,1305.0,A,"Eurostat, Third country nationals found to be illegally present (migr_eipre)",evidence/api/eurostat_migr_eipre_REVERIFY_2026-08-18.json,1305.0,,Eurostat,EXACT,0.0
BGR,2019,irregular_proxy_detections,655.0,A,"Eurostat, Third country nationals found to be illegally present (migr_eipre)",evidence/api/eurostat_migr_eipre_REVERIFY_2026-08-18.json,655.0,,Eurostat,EXACT,0.0
BGR,2020,irregular_proxy_detections,670.0,A,"Eurostat, Third country nationals found to be illegally present (migr_eipre)",evidence/api/eurostat_migr_eipre_REVERIFY_2026-08-18.json,670.0,,Eurostat,EXACT,0.0
BGR,2021,irregular_proxy_detections,3200.0,A,"Eurostat, Third country nationals found to be illegally present (migr_eipre)",evidence/api/eurostat_migr_eipre_REVERIFY_2026-08-18.json,3200.0,,Eurostat,EXACT,0.0
BGR,2022,irregular_proxy_detections,10135.0,A,"Eurostat, Third country nationals found to be illegally present (migr_eipre)",evidence/api/eurostat_migr_eipre_REVERIFY_2026-08-18.json,10135.0,,Eurostat,EXACT,0.0
HRV,2013,irregular_proxy_detections,4150.0,A,"Eurostat, Third country nationals found to be illegally present (migr_eipre)",evidence/api/eurostat_migr_eipre_REVERIFY_2026-08-18.json,4150.0,,Eurostat,EXACT,0.0
HRV,2014,irregular_proxy_detections,2500.0,A,"Eurostat, Third country nationals found to be illegally present (migr_eipre)",evidence/api/eurostat_migr_eipre_REVERIFY_2026-08-18.json,2500.0,,Eurostat,EXACT,0.0
HRV,2015,irregular_proxy_detections,3295.0,A,"Eurostat, Third country nationals found to be illegally present (migr_eipre)",evidence/api/eurostat_migr_eipre_REVERIFY_2026-08-18.json,3295.0,,Eurostat,EXACT,0.0
HRV,2016,irregular_proxy_detections,3320.0,A,"Eurostat, Third country nationals found to be illegally present (migr_eipre)",evidence/api/eurostat_migr_eipre_REVERIFY_2026-08-18.json,3320.0,,Eurostat,EXACT,0.0
HRV,2017,irregular_proxy_detections,3495.0,A,"Eurostat, Third country nationals found to be illegally present (migr_eipre)",evidence/api/eurostat_migr_eipre_REVERIFY_2026-08-18.json,3495.0,,Eurostat,EXACT,0.0
HRV,2018,irregular_proxy_detections,5580.0,A,"Eurostat, Third country nationals found to be illegally present (migr_eipre)",evidence/api/eurostat_migr_eipre_REVERIFY_2026-08-18.json,5580.0,,Eurostat,EXACT,0.0
HRV,2019,irregular_proxy_detections,13630.0,A,"Eurostat, Third country nationals found to be illegally present (migr_eipre)",evidence/api/eurostat_migr_eipre_REVERIFY_2026-08-18.json,13630.0,,Eurostat,EXACT,0.0
HRV,2020,irregular_proxy_detections,22240.0,A,"Eurostat, Third country nationals found to be illegally present (migr_eipre)",evidence/api/eurostat_migr_eipre_REVERIFY_2026-08-18.json,22240.0,,Eurostat,EXACT,0.0
HRV,2021,irregular_proxy_detections,13540.0,A,"Eurostat, Third country nationals found to be illegally present (migr_eipre)",evidence/api/eurostat_migr_eipre_REVERIFY_2026-08-18.json,13540.0,,Eurostat,EXACT,0.0
HRV,2022,irregular_proxy_detections,43830.0,A,"Eurostat, Third country nationals found to be illegally present (migr_eipre)",evidence/api/eurostat_migr_eipre_REVERIFY_2026-08-18.json,43830.0,,Eurostat,EXACT,0.0
CZE,2010,irregular_proxy_detections,2655.0,A,"Eurostat, Third country nationals found to be illegally present (migr_eipre)",evidence/api/eurostat_migr_eipre_REVERIFY_2026-08-18.json,2655.0,,Eurostat,EXACT,0.0
CZE,2011,irregular_proxy_detections,3085.0,A,"Eurostat, Third country nationals found to be illegally present (migr_eipre)",evidence/api/eurostat_migr_eipre_REVERIFY_2026-08-18.json,3085.0,,Eurostat,EXACT,0.0
CZE,2012,irregular_proxy_detections,3315.0,A,"Eurostat, Third country nationals found to be illegally present (migr_eipre)",evidence/api/eurostat_migr_eipre_REVERIFY_2026-08-18.json,3315.0,,Eurostat,EXACT,0.0
CZE,2013,irregular_proxy_detections,3695.0,A,"Eurostat, Third country nationals found to be illegally present (migr_eipre)",evidence/api/eurostat_migr_eipre_REVERIFY_2026-08-18.json,3695.0,,Eurostat,EXACT,0.0
CZE,2014,irregular_proxy_detections,4430.0,A,"Eurostat, Third country nationals found to be illegally present (migr_eipre)",evidence/api/eurostat_migr_eipre_REVERIFY_2026-08-18.json,4430.0,,Eurostat,EXACT,0.0
CZE,2015,irregular_proxy_detections,8165.0,A,"Eurostat, Third country nationals found to be illegally present (migr_eipre)",evidence/api/eurostat_migr_eipre_REVERIFY_2026-08-18.json,8165.0,,Eurostat,EXACT,0.0
CZE,2016,irregular_proxy_detections,4885.0,A,"Eurostat, Third country nationals found to be illegally present (migr_eipre)",evidence/api/eurostat_migr_eipre_REVERIFY_2026-08-18.json,4885.0,,Eurostat,EXACT,0.0
CZE,2017,irregular_proxy_detections,4360.0,A,"Eurostat, Third country nationals found to be illegally present (migr_eipre)",evidence/api/eurostat_migr_eipre_REVERIFY_2026-08-18.json,4360.0,,Eurostat,EXACT,0.0
CZE,2018,irregular_proxy_detections,4505.0,A,"Eurostat, Third country nationals found to be illegally present (migr_eipre)",evidence/api/eurostat_migr_eipre_REVERIFY_2026-08-18.json,4505.0,,Eurostat,EXACT,0.0
CZE,2019,irregular_proxy_detections,4995.0,A,"Eurostat, Third country nationals found to be illegally present (migr_eipre)",evidence/api/eurostat_migr_eipre_REVERIFY_2026-08-18.json,4995.0,,Eurostat,EXACT,0.0
CZE,2020,irregular_proxy_detections,6515.0,A,"Eurostat, Third country nationals found to be illegally present (migr_eipre)",evidence/api/eurostat_migr_eipre_REVERIFY_2026-08-18.json,6515.0,,Eurostat,EXACT,0.0
CZE,2021,irregular_proxy_detections,11040.0,A,"Eurostat, Third country nationals found to be illegally present (migr_eipre)",evidence/api/eurostat_migr_eipre_REVERIFY_2026-08-18.json,11040.0,,Eurostat,EXACT,0.0
CZE,2022,irregular_proxy_detections,29130.0,A,"Eurostat, Third country nationals found to be illegally present (migr_eipre)",evidence/api/eurostat_migr_eipre_REVERIFY_2026-08-18.json,29130.0,,Eurostat,EXACT,0.0
DNK,2010,irregular_proxy_detections,665.0,A,"Eurostat, Third country nationals found to be illegally present (migr_eipre)",evidence/api/eurostat_migr_eipre_REVERIFY_2026-08-18.json,665.0,,Eurostat,EXACT,0.0
DNK,2011,irregular_proxy_detections,400.0,A,"Eurostat, Third country nationals found to be illegally present (migr_eipre)",evidence/api/eurostat_migr_eipre_REVERIFY_2026-08-18.json,400.0,,Eurostat,EXACT,0.0
DNK,2012,irregular_proxy_detections,630.0,A,"Eurostat, Third country nationals found to be illegally present (migr_eipre)",evidence/api/eurostat_migr_eipre_REVERIFY_2026-08-18.json,630.0,,Eurostat,EXACT,0.0
DNK,2013,irregular_proxy_detections,395.0,A,"Eurostat, Third country nationals found to be illegally present (migr_eipre)",evidence/api/eurostat_migr_eipre_REVERIFY_2026-08-18.json,395.0,,Eurostat,EXACT,0.0
DNK,2014,irregular_proxy_detections,515.0,A,"Eurostat, Third country nationals found to be illegally present (migr_eipre)",evidence/api/eurostat_migr_eipre_REVERIFY_2026-08-18.json,515.0,,Eurostat,EXACT,0.0
DNK,2015,irregular_proxy_detections,2165.0,A,"Eurostat, Third country nationals found to be illegally present (migr_eipre)",evidence/api/eurostat_migr_eipre_REVERIFY_2026-08-18.json,2165.0,,Eurostat,EXACT,0.0
DNK,2016,irregular_proxy_detections,1390.0,A,"Eurostat, Third country nationals found to be illegally present (migr_eipre)",evidence/api/eurostat_migr_eipre_REVERIFY_2026-08-18.json,1390.0,,Eurostat,EXACT,0.0
DNK,2017,irregular_proxy_detections,1105.0,A,"Eurostat, Third country nationals found to be illegally present (migr_eipre)",evidence/api/eurostat_migr_eipre_REVERIFY_2026-08-18.json,1105.0,,Eurostat,EXACT,0.0
DNK,2018,irregular_proxy_detections,1135.0,A,"Eurostat, Third country nationals found to be illegally present (migr_eipre)",evidence/api/eurostat_migr_eipre_REVERIFY_2026-08-18.json,1135.0,,Eurostat,EXACT,0.0
DNK,2019,irregular_proxy_detections,1195.0,A,"Eurostat, Third country nationals found to be illegally present (migr_eipre)",evidence/api/eurostat_migr_eipre_REVERIFY_2026-08-18.json,1195.0,,Eurostat,EXACT,0.0
DNK,2020,irregular_proxy_detections,490.0,A,"Eurostat, Third country nationals found to be illegally present (migr_eipre)",evidence/api/eurostat_migr_eipre_REVERIFY_2026-08-18.json,490.0,,Eurostat,EXACT,0.0
DNK,2021,irregular_proxy_detections,425.0,A,"Eurostat, Third country nationals found to be illegally present (migr_eipre)",evidence/api/eurostat_migr_eipre_REVERIFY_2026-08-18.json,425.0,,Eurostat,EXACT,0.0
DNK,2022,irregular_proxy_detections,510.0,A,"Eurostat, Third country nationals found to be illegally present (migr_eipre)",evidence/api/eurostat_migr_eipre_REVERIFY_2026-08-18.json,510.0,,Eurostat,EXACT,0.0
FIN,2010,irregular_proxy_detections,3755.0,A,"Eurostat, Third country nationals found to be illegally present (migr_eipre)",evidence/api/eurostat_migr_eipre_REVERIFY_2026-08-18.json,3755.0,,Eurostat,EXACT,0.0
FIN,2011,irregular_proxy_detections,3305.0,A,"Eurostat, Third country nationals found to be illegally present (migr_eipre)",evidence/api/eurostat_migr_eipre_REVERIFY_2026-08-18.json,3305.0,,Eurostat,EXACT,0.0
FIN,2012,irregular_proxy_detections,3620.0,A,"Eurostat, Third country nationals found to be illegally present (migr_eipre)",evidence/api/eurostat_migr_eipre_REVERIFY_2026-08-18.json,3620.0,,Eurostat,EXACT,0.0
FIN,2013,irregular_proxy_detections,3365.0,A,"Eurostat, Third country nationals found to be illegally present (migr_eipre)",evidence/api/eurostat_migr_eipre_REVERIFY_2026-08-18.json,3365.0,,Eurostat,EXACT,0.0
FIN,2014,irregular_proxy_detections,2930.0,A,"Eurostat, Third country nationals found to be illegally present (migr_eipre)",evidence/api/eurostat_migr_eipre_REVERIFY_2026-08-18.json,2930.0,,Eurostat,EXACT,0.0
FIN,2015,irregular_proxy_detections,14285.0,A,"Eurostat, Third country nationals found to be illegally present (migr_eipre)",evidence/api/eurostat_migr_eipre_REVERIFY_2026-08-18.json,14285.0,,Eurostat,EXACT,0.0
FIN,2016,irregular_proxy_detections,2130.0,A,"Eurostat, Third country nationals found to be illegally present (migr_eipre)",evidence/api/eurostat_migr_eipre_REVERIFY_2026-08-18.json,2130.0,,Eurostat,EXACT,0.0
FIN,2017,irregular_proxy_detections,930.0,A,"Eurostat, Third country nationals found to be illegally present (migr_eipre)",evidence/api/eurostat_migr_eipre_REVERIFY_2026-08-18.json,930.0,,Eurostat,EXACT,0.0
FIN,2018,irregular_proxy_detections,1305.0,A,"Eurostat, Third country nationals found to be illegally present (migr_eipre)",evidence/api/eurostat_migr_eipre_REVERIFY_2026-08-18.json,1305.0,,Eurostat,EXACT,0.0
FIN,2019,irregular_proxy_detections,1220.0,A,"Eurostat, Third country nationals found to be illegally present (migr_eipre)",evidence/api/eurostat_migr_eipre_REVERIFY_2026-08-18.json,1220.0,,Eurostat,EXACT,0.0
FIN,2020,irregular_proxy_detections,1145.0,A,"Eurostat, Third country nationals found to be illegally present (migr_eipre)",evidence/api/eurostat_migr_eipre_REVERIFY_2026-08-18.json,1145.0,,Eurostat,EXACT,0.0
FIN,2021,irregular_proxy_detections,1090.0,A,"Eurostat, Third country nationals found to be illegally present (migr_eipre)",evidence/api/eurostat_migr_eipre_REVERIFY_2026-08-18.json,1090.0,,Eurostat,EXACT,0.0
FIN,2022,irregular_proxy_detections,1190.0,A,"Eurostat, Third country nationals found to be illegally present (migr_eipre)",evidence/api/eurostat_migr_eipre_REVERIFY_2026-08-18.json,1190.0,,Eurostat,EXACT,0.0
FRA,2010,irregular_proxy_detections,56220.0,A,"Eurostat, Third country nationals found to be illegally present (migr_eipre)",evidence/api/eurostat_migr_eipre_REVERIFY_2026-08-18.json,56220.0,,Eurostat,EXACT,0.0
FRA,2011,irregular_proxy_detections,57975.0,A,"Eurostat, Third country nationals found to be illegally present (migr_eipre)",evidence/api/eurostat_migr_eipre_REVERIFY_2026-08-18.json,57975.0,,Eurostat,EXACT,0.0
FRA,2012,irregular_proxy_detections,49760.0,A,"Eurostat, Third country nationals found to be illegally present (migr_eipre)",evidence/api/eurostat_migr_eipre_REVERIFY_2026-08-18.json,49760.0,,Eurostat,EXACT,0.0
FRA,2013,irregular_proxy_detections,48965.0,A,"Eurostat, Third country nationals found to be illegally present (migr_eipre)",evidence/api/eurostat_migr_eipre_REVERIFY_2026-08-18.json,48965.0,,Eurostat,EXACT,0.0
FRA,2014,irregular_proxy_detections,96375.0,A,"Eurostat, Third country nationals found to be illegally present (migr_eipre)",evidence/api/eurostat_migr_eipre_REVERIFY_2026-08-18.json,96375.0,b,Eurostat,EXACT,0.0
FRA,2015,irregular_proxy_detections,109720.0,A,"Eurostat, Third country nationals found to be illegally present (migr_eipre)",evidence/api/eurostat_migr_eipre_REVERIFY_2026-08-18.json,109720.0,,Eurostat,EXACT,0.0
FRA,2016,irregular_proxy_detections,91985.0,A,"Eurostat, Third country nationals found to be illegally present (migr_eipre)",evidence/api/eurostat_migr_eipre_REVERIFY_2026-08-18.json,91985.0,,Eurostat,EXACT,0.0
FRA,2017,irregular_proxy_detections,115085.0,A,"Eurostat, Third country nationals found to be illegally present (migr_eipre)",evidence/api/eurostat_migr_eipre_REVERIFY_2026-08-18.json,115085.0,,Eurostat,EXACT,0.0
FRA,2018,irregular_proxy_detections,105880.0,A,"Eurostat, Third country nationals found to be illegally present (migr_eipre)",evidence/api/eurostat_migr_eipre_REVERIFY_2026-08-18.json,105880.0,,Eurostat,EXACT,0.0
FRA,2019,irregular_proxy_detections,120455.0,A,"Eurostat, Third country nationals found to be illegally present (migr_eipre)",evidence/api/eurostat_migr_eipre_REVERIFY_2026-08-18.json,120455.0,,Eurostat,EXACT,0.0
FRA,2020,irregular_proxy_detections,103915.0,A,"Eurostat, Third country nationals found to be illegally present (migr_eipre)",evidence/api/eurostat_migr_eipre_REVERIFY_2026-08-18.json,103915.0,,Eurostat,EXACT,0.0
FRA,2021,irregular_proxy_detections,117265.0,A,"Eurostat, Third country nationals found to be illegally present (migr_eipre)",evidence/api/eurostat_migr_eipre_REVERIFY_2026-08-18.json,117265.0,,Eurostat,EXACT,0.0
FRA,2022,irregular_proxy_detections,115135.0,A,"Eurostat, Third country nationals found to be illegally present (migr_eipre)",evidence/api/eurostat_migr_eipre_REVERIFY_2026-08-18.json,115135.0,,Eurostat,EXACT,0.0
DEU,2010,irregular_proxy_detections,50250.0,A,"Eurostat, Third country nationals found to be illegally present (migr_eipre)",evidence/api/eurostat_migr_eipre_REVERIFY_2026-08-18.json,50250.0,,Eurostat,EXACT,0.0
DEU,2011,irregular_proxy_detections,56345.0,A,"Eurostat, Third country nationals found to be illegally present (migr_eipre)",evidence/api/eurostat_migr_eipre_REVERIFY_2026-08-18.json,56345.0,,Eurostat,EXACT,0.0
DEU,2012,irregular_proxy_detections,64815.0,A,"Eurostat, Third country nationals found to be illegally present (migr_eipre)",evidence/api/eurostat_migr_eipre_REVERIFY_2026-08-18.json,64815.0,,Eurostat,EXACT,0.0
DEU,2013,irregular_proxy_detections,86305.0,A,"Eurostat, Third country nationals found to be illegally present (migr_eipre)",evidence/api/eurostat_migr_eipre_REVERIFY_2026-08-18.json,86305.0,,Eurostat,EXACT,0.0
DEU,2014,irregular_proxy_detections,128290.0,A,"Eurostat, Third country nationals found to be illegally present (migr_eipre)",evidence/api/eurostat_migr_eipre_REVERIFY_2026-08-18.json,128290.0,,Eurostat,EXACT,0.0
DEU,2015,irregular_proxy_detections,376435.0,A,"Eurostat, Third country nationals found to be illegally present (migr_eipre)",evidence/api/eurostat_migr_eipre_REVERIFY_2026-08-18.json,376435.0,,Eurostat,EXACT,0.0
DEU,2016,irregular_proxy_detections,370555.0,A,"Eurostat, Third country nationals found to be illegally present (migr_eipre)",evidence/api/eurostat_migr_eipre_REVERIFY_2026-08-18.json,370555.0,,Eurostat,EXACT,0.0
DEU,2017,irregular_proxy_detections,156710.0,A,"Eurostat, Third country nationals found to be illegally present (migr_eipre)",evidence/api/eurostat_migr_eipre_REVERIFY_2026-08-18.json,156710.0,,Eurostat,EXACT,0.0
DEU,2018,irregular_proxy_detections,134125.0,A,"Eurostat, Third country nationals found to be illegally present (migr_eipre)",evidence/api/eurostat_migr_eipre_REVERIFY_2026-08-18.json,134125.0,,Eurostat,EXACT,0.0
DEU,2019,irregular_proxy_detections,133525.0,A,"Eurostat, Third country nationals found to be illegally present (migr_eipre)",evidence/api/eurostat_migr_eipre_REVERIFY_2026-08-18.json,133525.0,,Eurostat,EXACT,0.0
DEU,2020,irregular_proxy_detections,117930.0,A,"Eurostat, Third country nationals found to be illegally present (migr_eipre)",evidence/api/eurostat_migr_eipre_REVERIFY_2026-08-18.json,117930.0,,Eurostat,EXACT,0.0
DEU,2021,irregular_proxy_detections,120285.0,A,"Eurostat, Third country nationals found to be illegally present (migr_eipre)",evidence/api/eurostat_migr_eipre_REVERIFY_2026-08-18.json,120285.0,,Eurostat,EXACT,0.0
DEU,2022,irregular_proxy_detections,198310.0,A,"Eurostat, Third country nationals found to be illegally present (migr_eipre)",evidence/api/eurostat_migr_eipre_REVERIFY_2026-08-18.json,198310.0,,Eurostat,EXACT,0.0
HUN,2010,irregular_proxy_detections,6970.0,A,"Eurostat, Third country nationals found to be illegally present (migr_eipre)",evidence/api/eurostat_migr_eipre_REVERIFY_2026-08-18.json,6970.0,,Eurostat,EXACT,0.0
HUN,2011,irregular_proxy_detections,9655.0,A,"Eurostat, Third country nationals found to be illegally present (migr_eipre)",evidence/api/eurostat_migr_eipre_REVERIFY_2026-08-18.json,9655.0,,Eurostat,EXACT,0.0
HUN,2012,irregular_proxy_detections,12175.0,A,"Eurostat, Third country nationals found to be illegally present (migr_eipre)",evidence/api/eurostat_migr_eipre_REVERIFY_2026-08-18.json,12175.0,,Eurostat,EXACT,0.0
HUN,2013,irregular_proxy_detections,28755.0,A,"Eurostat, Third country nationals found to be illegally present (migr_eipre)",evidence/api/eurostat_migr_eipre_REVERIFY_2026-08-18.json,28755.0,,Eurostat,EXACT,0.0
HUN,2014,irregular_proxy_detections,56170.0,A,"Eurostat, Third country nationals found to be illegally present (migr_eipre)",evidence/api/eurostat_migr_eipre_REVERIFY_2026-08-18.json,56170.0,,Eurostat,EXACT,0.0
HUN,2015,irregular_proxy_detections,424055.0,A,"Eurostat, Third country nationals found to be illegally present (migr_eipre)",evidence/api/eurostat_migr_eipre_REVERIFY_2026-08-18.json,424055.0,,Eurostat,EXACT,0.0
HUN,2016,irregular_proxy_detections,41560.0,A,"Eurostat, Third country nationals found to be illegally present (migr_eipre)",evidence/api/eurostat_migr_eipre_REVERIFY_2026-08-18.json,41560.0,,Eurostat,EXACT,0.0
HUN,2017,irregular_proxy_detections,25730.0,A,"Eurostat, Third country nationals found to be illegally present (migr_eipre)",evidence/api/eurostat_migr_eipre_REVERIFY_2026-08-18.json,25730.0,,Eurostat,EXACT,0.0
HUN,2018,irregular_proxy_detections,18915.0,A,"Eurostat, Third country nationals found to be illegally present (migr_eipre)",evidence/api/eurostat_migr_eipre_REVERIFY_2026-08-18.json,18915.0,,Eurostat,EXACT,0.0
HUN,2019,irregular_proxy_detections,36440.0,A,"Eurostat, Third country nationals found to be illegally present (migr_eipre)",evidence/api/eurostat_migr_eipre_REVERIFY_2026-08-18.json,36440.0,,Eurostat,EXACT,0.0
HUN,2020,irregular_proxy_detections,89370.0,A,"Eurostat, Third country nationals found to be illegally present (migr_eipre)",evidence/api/eurostat_migr_eipre_REVERIFY_2026-08-18.json,89370.0,,Eurostat,EXACT,0.0
HUN,2021,irregular_proxy_detections,134140.0,A,"Eurostat, Third country nationals found to be illegally present (migr_eipre)",evidence/api/eurostat_migr_eipre_REVERIFY_2026-08-18.json,134140.0,,Eurostat,EXACT,0.0
HUN,2022,irregular_proxy_detections,222515.0,A,"Eurostat, Third country nationals found to be illegally present (migr_eipre)",evidence/api/eurostat_migr_eipre_REVERIFY_2026-08-18.json,222515.0,,Eurostat,EXACT,0.0
ISL,2016,irregular_proxy_detections,30.0,A,"Eurostat, Third country nationals found to be illegally present (migr_eipre)",evidence/api/eurostat_migr_eipre_REVERIFY_2026-08-18.json,30.0,,Eurostat,EXACT,0.0
ISL,2017,irregular_proxy_detections,15.0,A,"Eurostat, Third country nationals found to be illegally present (migr_eipre)",evidence/api/eurostat_migr_eipre_REVERIFY_2026-08-18.json,15.0,,Eurostat,EXACT,0.0
ISL,2019,irregular_proxy_detections,110.0,A,"Eurostat, Third country nationals found to be illegally present (migr_eipre)",evidence/api/eurostat_migr_eipre_REVERIFY_2026-08-18.json,110.0,,Eurostat,EXACT,0.0
ISL,2021,irregular_proxy_detections,130.0,A,"Eurostat, Third country nationals found to be illegally present (migr_eipre)",evidence/api/eurostat_migr_eipre_REVERIFY_2026-08-18.json,130.0,,Eurostat,EXACT,0.0
ITA,2010,irregular_proxy_detections,46955.0,A,"Eurostat, Third country nationals found to be illegally present (migr_eipre)",evidence/api/eurostat_migr_eipre_REVERIFY_2026-08-18.json,46955.0,,Eurostat,EXACT,0.0
ITA,2011,irregular_proxy_detections,29505.0,A,"Eurostat, Third country nationals found to be illegally present (migr_eipre)",evidence/api/eurostat_migr_eipre_REVERIFY_2026-08-18.json,29505.0,,Eurostat,EXACT,0.0
ITA,2012,irregular_proxy_detections,29345.0,A,"Eurostat, Third country nationals found to be illegally present (migr_eipre)",evidence/api/eurostat_migr_eipre_REVERIFY_2026-08-18.json,29345.0,,Eurostat,EXACT,0.0
ITA,2013,irregular_proxy_detections,23945.0,A,"Eurostat, Third country nationals found to be illegally present (migr_eipre)",evidence/api/eurostat_migr_eipre_REVERIFY_2026-08-18.json,23945.0,,Eurostat,EXACT,0.0
ITA,2014,irregular_proxy_detections,25300.0,A,"Eurostat, Third country nationals found to be illegally present (migr_eipre)",evidence/api/eurostat_migr_eipre_REVERIFY_2026-08-18.json,25300.0,,Eurostat,EXACT,0.0
ITA,2015,irregular_proxy_detections,27305.0,A,"Eurostat, Third country nationals found to be illegally present (migr_eipre)",evidence/api/eurostat_migr_eipre_REVERIFY_2026-08-18.json,27305.0,,Eurostat,EXACT,0.0
ITA,2016,irregular_proxy_detections,32365.0,A,"Eurostat, Third country nationals found to be illegally present (migr_eipre)",evidence/api/eurostat_migr_eipre_REVERIFY_2026-08-18.json,32365.0,,Eurostat,EXACT,0.0
ITA,2017,irregular_proxy_detections,36230.0,A,"Eurostat, Third country nationals found to be illegally present (migr_eipre)",evidence/api/eurostat_migr_eipre_REVERIFY_2026-08-18.json,36230.0,,Eurostat,EXACT,0.0
ITA,2018,irregular_proxy_detections,26780.0,A,"Eurostat, Third country nationals found to be illegally present (migr_eipre)",evidence/api/eurostat_migr_eipre_REVERIFY_2026-08-18.json,26780.0,,Eurostat,EXACT,0.0
ITA,2019,irregular_proxy_detections,26885.0,A,"Eurostat, Third country nationals found to be illegally present (migr_eipre)",evidence/api/eurostat_migr_eipre_REVERIFY_2026-08-18.json,26885.0,,Eurostat,EXACT,0.0
ITA,2020,irregular_proxy_detections,22785.0,A,"Eurostat, Third country nationals found to be illegally present (migr_eipre)",evidence/api/eurostat_migr_eipre_REVERIFY_2026-08-18.json,22785.0,,Eurostat,EXACT,0.0
ITA,2021,irregular_proxy_detections,92070.0,A,"Eurostat, Third country nationals found to be illegally present (migr_eipre)",evidence/api/eurostat_migr_eipre_REVERIFY_2026-08-18.json,92070.0,,Eurostat,EXACT,0.0
ITA,2022,irregular_proxy_detections,138420.0,A,"Eurostat, Third country nationals found to be illegally present (migr_eipre)",evidence/api/eurostat_migr_eipre_REVERIFY_2026-08-18.json,138420.0,,Eurostat,EXACT,0.0
LTU,2010,irregular_proxy_detections,1345.0,A,"Eurostat, Third country nationals found to be illegally present (migr_eipre)",evidence/api/eurostat_migr_eipre_REVERIFY_2026-08-18.json,1345.0,,Eurostat,EXACT,0.0
LTU,2011,irregular_proxy_detections,1895.0,A,"Eurostat, Third country nationals found to be illegally present (migr_eipre)",evidence/api/eurostat_migr_eipre_REVERIFY_2026-08-18.json,1895.0,,Eurostat,EXACT,0.0
LTU,2012,irregular_proxy_detections,2080.0,A,"Eurostat, Third country nationals found to be illegally present (migr_eipre)",evidence/api/eurostat_migr_eipre_REVERIFY_2026-08-18.json,2080.0,,Eurostat,EXACT,0.0
LTU,2013,irregular_proxy_detections,1910.0,A,"Eurostat, Third country nationals found to be illegally present (migr_eipre)",evidence/api/eurostat_migr_eipre_REVERIFY_2026-08-18.json,1910.0,,Eurostat,EXACT,0.0
LTU,2014,irregular_proxy_detections,2465.0,A,"Eurostat, Third country nationals found to be illegally present (migr_eipre)",evidence/api/eurostat_migr_eipre_REVERIFY_2026-08-18.json,2465.0,,Eurostat,EXACT,0.0
LTU,2015,irregular_proxy_detections,2040.0,A,"Eurostat, Third country nationals found to be illegally present (migr_eipre)",evidence/api/eurostat_migr_eipre_REVERIFY_2026-08-18.json,2040.0,,Eurostat,EXACT,0.0
LTU,2016,irregular_proxy_detections,1920.0,A,"Eurostat, Third country nationals found to be illegally present (migr_eipre)",evidence/api/eurostat_migr_eipre_REVERIFY_2026-08-18.json,1920.0,,Eurostat,EXACT,0.0
LTU,2017,irregular_proxy_detections,2210.0,A,"Eurostat, Third country nationals found to be illegally present (migr_eipre)",evidence/api/eurostat_migr_eipre_REVERIFY_2026-08-18.json,2210.0,,Eurostat,EXACT,0.0
LTU,2018,irregular_proxy_detections,2660.0,A,"Eurostat, Third country nationals found to be illegally present (migr_eipre)",evidence/api/eurostat_migr_eipre_REVERIFY_2026-08-18.json,2660.0,,Eurostat,EXACT,0.0
LTU,2019,irregular_proxy_detections,2440.0,A,"Eurostat, Third country nationals found to be illegally present (migr_eipre)",evidence/api/eurostat_migr_eipre_REVERIFY_2026-08-18.json,2440.0,,Eurostat,EXACT,0.0
LTU,2020,irregular_proxy_detections,1960.0,A,"Eurostat, Third country nationals found to be illegally present (migr_eipre)",evidence/api/eurostat_migr_eipre_REVERIFY_2026-08-18.json,1960.0,,Eurostat,EXACT,0.0
LTU,2021,irregular_proxy_detections,5025.0,A,"Eurostat, Third country nationals found to be illegally present (migr_eipre)",evidence/api/eurostat_migr_eipre_REVERIFY_2026-08-18.json,5025.0,,Eurostat,EXACT,0.0
LTU,2022,irregular_proxy_detections,3450.0,A,"Eurostat, Third country nationals found to be illegally present (migr_eipre)",evidence/api/eurostat_migr_eipre_REVERIFY_2026-08-18.json,3450.0,,Eurostat,EXACT,0.0
NLD,2010,irregular_proxy_detections,7580.0,A,"Eurostat, Third country nationals found to be illegally present (migr_eipre)",evidence/api/eurostat_migr_eipre_REVERIFY_2026-08-18.json,7580.0,,Eurostat,EXACT,0.0
NLD,2011,irregular_proxy_detections,6145.0,A,"Eurostat, Third country nationals found to be illegally present (migr_eipre)",evidence/api/eurostat_migr_eipre_REVERIFY_2026-08-18.json,6145.0,,Eurostat,EXACT,0.0
NLD,2012,irregular_proxy_detections,4005.0,A,"Eurostat, Third country nationals found to be illegally present (migr_eipre)",evidence/api/eurostat_migr_eipre_REVERIFY_2026-08-18.json,4005.0,,Eurostat,EXACT,0.0
NLD,2013,irregular_proxy_detections,2715.0,A,"Eurostat, Third country nationals found to be illegally present (migr_eipre)",evidence/api/eurostat_migr_eipre_REVERIFY_2026-08-18.json,2715.0,,Eurostat,EXACT,0.0
NLD,2014,irregular_proxy_detections,2645.0,A,"Eurostat, Third country nationals found to be illegally present (migr_eipre)",evidence/api/eurostat_migr_eipre_REVERIFY_2026-08-18.json,2645.0,,Eurostat,EXACT,0.0
NLD,2015,irregular_proxy_detections,3150.0,A,"Eurostat, Third country nationals found to be illegally present (migr_eipre)",evidence/api/eurostat_migr_eipre_REVERIFY_2026-08-18.json,3150.0,b,Eurostat,EXACT,0.0
NLD,2016,irregular_proxy_detections,2760.0,A,"Eurostat, Third country nationals found to be illegally present (migr_eipre)",evidence/api/eurostat_migr_eipre_REVERIFY_2026-08-18.json,2760.0,,Eurostat,EXACT,0.0
NLD,2017,irregular_proxy_detections,2120.0,A,"Eurostat, Third country nationals found to be illegally present (migr_eipre)",evidence/api/eurostat_migr_eipre_REVERIFY_2026-08-18.json,2120.0,,Eurostat,EXACT,0.0
NLD,2018,irregular_proxy_detections,2790.0,A,"Eurostat, Third country nationals found to be illegally present (migr_eipre)",evidence/api/eurostat_migr_eipre_REVERIFY_2026-08-18.json,2790.0,,Eurostat,EXACT,0.0
NLD,2019,irregular_proxy_detections,3565.0,A,"Eurostat, Third country nationals found to be illegally present (migr_eipre)",evidence/api/eurostat_migr_eipre_REVERIFY_2026-08-18.json,3565.0,,Eurostat,EXACT,0.0
NLD,2020,irregular_proxy_detections,3640.0,A,"Eurostat, Third country nationals found to be illegally present (migr_eipre)",evidence/api/eurostat_migr_eipre_REVERIFY_2026-08-18.json,3640.0,,Eurostat,EXACT,0.0
NLD,2021,irregular_proxy_detections,5010.0,A,"Eurostat, Third country nationals found to be illegally present (migr_eipre)",evidence/api/eurostat_migr_eipre_REVERIFY_2026-08-18.json,5010.0,,Eurostat,EXACT,0.0
NLD,2022,irregular_proxy_detections,5475.0,A,"Eurostat, Third country nationals found to be illegally present (migr_eipre)",evidence/api/eurostat_migr_eipre_REVERIFY_2026-08-18.json,5475.0,,Eurostat,EXACT,0.0
NOR,2010,irregular_proxy_detections,2410.0,A,"Eurostat, Third country nationals found to be illegally present (migr_eipre)",evidence/api/eurostat_migr_eipre_REVERIFY_2026-08-18.json,2410.0,,Eurostat,EXACT,0.0
NOR,2011,irregular_proxy_detections,1925.0,A,"Eurostat, Third country nationals found to be illegally present (migr_eipre)",evidence/api/eurostat_migr_eipre_REVERIFY_2026-08-18.json,1925.0,,Eurostat,EXACT,0.0
NOR,2012,irregular_proxy_detections,2760.0,A,"Eurostat, Third country nationals found to be illegally present (migr_eipre)",evidence/api/eurostat_migr_eipre_REVERIFY_2026-08-18.json,2760.0,,Eurostat,EXACT,0.0
NOR,2013,irregular_proxy_detections,3180.0,A,"Eurostat, Third country nationals found to be illegally present (migr_eipre)",evidence/api/eurostat_migr_eipre_REVERIFY_2026-08-18.json,3180.0,,Eurostat,EXACT,0.0
NOR,2014,irregular_proxy_detections,3720.0,A,"Eurostat, Third country nationals found to be illegally present (migr_eipre)",evidence/api/eurostat_migr_eipre_REVERIFY_2026-08-18.json,3720.0,,Eurostat,EXACT,0.0
NOR,2015,irregular_proxy_detections,5455.0,A,"Eurostat, Third country nationals found to be illegally present (migr_eipre)",evidence/api/eurostat_migr_eipre_REVERIFY_2026-08-18.json,5455.0,,Eurostat,EXACT,0.0
NOR,2016,irregular_proxy_detections,5330.0,A,"Eurostat, Third country nationals found to be illegally present (migr_eipre)",evidence/api/eurostat_migr_eipre_REVERIFY_2026-08-18.json,5330.0,,Eurostat,EXACT,0.0
NOR,2017,irregular_proxy_detections,3850.0,A,"Eurostat, Third country nationals found to be illegally present (migr_eipre)",evidence/api/eurostat_migr_eipre_REVERIFY_2026-08-18.json,3850.0,,Eurostat,EXACT,0.0
NOR,2018,irregular_proxy_detections,3230.0,A,"Eurostat, Third country nationals found to be illegally present (migr_eipre)",evidence/api/eurostat_migr_eipre_REVERIFY_2026-08-18.json,3230.0,,Eurostat,EXACT,0.0
NOR,2019,irregular_proxy_detections,2915.0,A,"Eurostat, Third country nationals found to be illegally present (migr_eipre)",evidence/api/eurostat_migr_eipre_REVERIFY_2026-08-18.json,2915.0,,Eurostat,EXACT,0.0
NOR,2020,irregular_proxy_detections,1900.0,A,"Eurostat, Third country nationals found to be illegally present (migr_eipre)",evidence/api/eurostat_migr_eipre_REVERIFY_2026-08-18.json,1900.0,,Eurostat,EXACT,0.0
NOR,2021,irregular_proxy_detections,1430.0,A,"Eurostat, Third country nationals found to be illegally present (migr_eipre)",evidence/api/eurostat_migr_eipre_REVERIFY_2026-08-18.json,1430.0,,Eurostat,EXACT,0.0
NOR,2022,irregular_proxy_detections,2305.0,A,"Eurostat, Third country nationals found to be illegally present (migr_eipre)",evidence/api/eurostat_migr_eipre_REVERIFY_2026-08-18.json,2305.0,,Eurostat,EXACT,0.0
POL,2010,irregular_proxy_detections,4005.0,A,"Eurostat, Third country nationals found to be illegally present (migr_eipre)",evidence/api/eurostat_migr_eipre_REVERIFY_2026-08-18.json,4005.0,,Eurostat,EXACT,0.0
POL,2011,irregular_proxy_detections,6875.0,A,"Eurostat, Third country nationals found to be illegally present (migr_eipre)",evidence/api/eurostat_migr_eipre_REVERIFY_2026-08-18.json,6875.0,,Eurostat,EXACT,0.0
POL,2012,irregular_proxy_detections,8140.0,A,"Eurostat, Third country nationals found to be illegally present (migr_eipre)",evidence/api/eurostat_migr_eipre_REVERIFY_2026-08-18.json,8140.0,,Eurostat,EXACT,0.0
POL,2013,irregular_proxy_detections,9280.0,A,"Eurostat, Third country nationals found to be illegally present (migr_eipre)",evidence/api/eurostat_migr_eipre_REVERIFY_2026-08-18.json,9280.0,,Eurostat,EXACT,0.0
POL,2014,irregular_proxy_detections,12050.0,A,"Eurostat, Third country nationals found to be illegally present (migr_eipre)",evidence/api/eurostat_migr_eipre_REVERIFY_2026-08-18.json,12050.0,,Eurostat,EXACT,0.0
POL,2015,irregular_proxy_detections,16835.0,A,"Eurostat, Third country nationals found to be illegally present (migr_eipre)",evidence/api/eurostat_migr_eipre_REVERIFY_2026-08-18.json,16835.0,,Eurostat,EXACT,0.0
POL,2016,irregular_proxy_detections,23375.0,A,"Eurostat, Third country nationals found to be illegally present (migr_eipre)",evidence/api/eurostat_migr_eipre_REVERIFY_2026-08-18.json,23375.0,,Eurostat,EXACT,0.0
POL,2017,irregular_proxy_detections,28470.0,A,"Eurostat, Third country nationals found to be illegally present (migr_eipre)",evidence/api/eurostat_migr_eipre_REVERIFY_2026-08-18.json,28470.0,,Eurostat,EXACT,0.0
POL,2018,irregular_proxy_detections,31245.0,A,"Eurostat, Third country nationals found to be illegally present (migr_eipre)",evidence/api/eurostat_migr_eipre_REVERIFY_2026-08-18.json,31245.0,,Eurostat,EXACT,0.0
POL,2019,irregular_proxy_detections,30900.0,A,"Eurostat, Third country nationals found to be illegally present (migr_eipre)",evidence/api/eurostat_migr_eipre_REVERIFY_2026-08-18.json,30900.0,,Eurostat,EXACT,0.0
POL,2020,irregular_proxy_detections,12170.0,A,"Eurostat, Third country nationals found to be illegally present (migr_eipre)",evidence/api/eurostat_migr_eipre_REVERIFY_2026-08-18.json,12170.0,,Eurostat,EXACT,0.0
POL,2021,irregular_proxy_detections,12795.0,A,"Eurostat, Third country nationals found to be illegally present (migr_eipre)",evidence/api/eurostat_migr_eipre_REVERIFY_2026-08-18.json,12795.0,,Eurostat,EXACT,0.0
POL,2022,irregular_proxy_detections,10510.0,A,"Eurostat, Third country nationals found to be illegally present (migr_eipre)",evidence/api/eurostat_migr_eipre_REVERIFY_2026-08-18.json,10510.0,,Eurostat,EXACT,0.0
PRT,2010,irregular_proxy_detections,10085.0,A,"Eurostat, Third country nationals found to be illegally present (migr_eipre)",evidence/api/eurostat_migr_eipre_REVERIFY_2026-08-18.json,10085.0,,Eurostat,EXACT,0.0
PRT,2011,irregular_proxy_detections,9230.0,A,"Eurostat, Third country nationals found to be illegally present (migr_eipre)",evidence/api/eurostat_migr_eipre_REVERIFY_2026-08-18.json,9230.0,,Eurostat,EXACT,0.0
PRT,2012,irregular_proxy_detections,9110.0,A,"Eurostat, Third country nationals found to be illegally present (migr_eipre)",evidence/api/eurostat_migr_eipre_REVERIFY_2026-08-18.json,9110.0,,Eurostat,EXACT,0.0
PRT,2013,irregular_proxy_detections,5155.0,A,"Eurostat, Third country nationals found to be illegally present (migr_eipre)",evidence/api/eurostat_migr_eipre_REVERIFY_2026-08-18.json,5155.0,,Eurostat,EXACT,0.0
PRT,2014,irregular_proxy_detections,4530.0,A,"Eurostat, Third country nationals found to be illegally present (migr_eipre)",evidence/api/eurostat_migr_eipre_REVERIFY_2026-08-18.json,4530.0,,Eurostat,EXACT,0.0
PRT,2015,irregular_proxy_detections,5145.0,A,"Eurostat, Third country nationals found to be illegally present (migr_eipre)",evidence/api/eurostat_migr_eipre_REVERIFY_2026-08-18.json,5145.0,,Eurostat,EXACT,0.0
PRT,2016,irregular_proxy_detections,6500.0,A,"Eurostat, Third country nationals found to be illegally present (migr_eipre)",evidence/api/eurostat_migr_eipre_REVERIFY_2026-08-18.json,6500.0,,Eurostat,EXACT,0.0
PRT,2017,irregular_proxy_detections,6005.0,A,"Eurostat, Third country nationals found to be illegally present (migr_eipre)",evidence/api/eurostat_migr_eipre_REVERIFY_2026-08-18.json,6005.0,,Eurostat,EXACT,0.0
PRT,2018,irregular_proxy_detections,4760.0,A,"Eurostat, Third country nationals found to be illegally present (migr_eipre)",evidence/api/eurostat_migr_eipre_REVERIFY_2026-08-18.json,4760.0,,Eurostat,EXACT,0.0
PRT,2019,irregular_proxy_detections,5890.0,A,"Eurostat, Third country nationals found to be illegally present (migr_eipre)",evidence/api/eurostat_migr_eipre_REVERIFY_2026-08-18.json,5890.0,,Eurostat,EXACT,0.0
PRT,2020,irregular_proxy_detections,3145.0,A,"Eurostat, Third country nationals found to be illegally present (migr_eipre)",evidence/api/eurostat_migr_eipre_REVERIFY_2026-08-18.json,3145.0,,Eurostat,EXACT,0.0
PRT,2021,irregular_proxy_detections,1855.0,A,"Eurostat, Third country nationals found to be illegally present (migr_eipre)",evidence/api/eurostat_migr_eipre_REVERIFY_2026-08-18.json,1855.0,,Eurostat,EXACT,0.0
PRT,2022,irregular_proxy_detections,2170.0,A,"Eurostat, Third country nationals found to be illegally present (migr_eipre)",evidence/api/eurostat_migr_eipre_REVERIFY_2026-08-18.json,2170.0,,Eurostat,EXACT,0.0
SVK,2010,irregular_proxy_detections,1440.0,A,"Eurostat, Third country nationals found to be illegally present (migr_eipre)",evidence/api/eurostat_migr_eipre_REVERIFY_2026-08-18.json,1440.0,,Eurostat,EXACT,0.0
SVK,2011,irregular_proxy_detections,1145.0,A,"Eurostat, Third country nationals found to be illegally present (migr_eipre)",evidence/api/eurostat_migr_eipre_REVERIFY_2026-08-18.json,1145.0,,Eurostat,EXACT,0.0
SVK,2012,irregular_proxy_detections,1395.0,A,"Eurostat, Third country nationals found to be illegally present (migr_eipre)",evidence/api/eurostat_migr_eipre_REVERIFY_2026-08-18.json,1395.0,,Eurostat,EXACT,0.0
SVK,2013,irregular_proxy_detections,1025.0,A,"Eurostat, Third country nationals found to be illegally present (migr_eipre)",evidence/api/eurostat_migr_eipre_REVERIFY_2026-08-18.json,1025.0,,Eurostat,EXACT,0.0
SVK,2014,irregular_proxy_detections,1155.0,A,"Eurostat, Third country nationals found to be illegally present (migr_eipre)",evidence/api/eurostat_migr_eipre_REVERIFY_2026-08-18.json,1155.0,,Eurostat,EXACT,0.0
SVK,2015,irregular_proxy_detections,1985.0,A,"Eurostat, Third country nationals found to be illegally present (migr_eipre)",evidence/api/eurostat_migr_eipre_REVERIFY_2026-08-18.json,1985.0,,Eurostat,EXACT,0.0
SVK,2016,irregular_proxy_detections,2035.0,A,"Eurostat, Third country nationals found to be illegally present (migr_eipre)",evidence/api/eurostat_migr_eipre_REVERIFY_2026-08-18.json,2035.0,,Eurostat,EXACT,0.0
SVK,2017,irregular_proxy_detections,2590.0,A,"Eurostat, Third country nationals found to be illegally present (migr_eipre)",evidence/api/eurostat_migr_eipre_REVERIFY_2026-08-18.json,2590.0,,Eurostat,EXACT,0.0
SVK,2018,irregular_proxy_detections,2635.0,A,"Eurostat, Third country nationals found to be illegally present (migr_eipre)",evidence/api/eurostat_migr_eipre_REVERIFY_2026-08-18.json,2635.0,,Eurostat,EXACT,0.0
SVK,2019,irregular_proxy_detections,2005.0,A,"Eurostat, Third country nationals found to be illegally present (migr_eipre)",evidence/api/eurostat_migr_eipre_REVERIFY_2026-08-18.json,2005.0,,Eurostat,EXACT,0.0
SVK,2020,irregular_proxy_detections,1215.0,A,"Eurostat, Third country nationals found to be illegally present (migr_eipre)",evidence/api/eurostat_migr_eipre_REVERIFY_2026-08-18.json,1215.0,,Eurostat,EXACT,0.0
SVK,2021,irregular_proxy_detections,1715.0,A,"Eurostat, Third country nationals found to be illegally present (migr_eipre)",evidence/api/eurostat_migr_eipre_REVERIFY_2026-08-18.json,1715.0,,Eurostat,EXACT,0.0
SVK,2022,irregular_proxy_detections,11705.0,A,"Eurostat, Third country nationals found to be illegally present (migr_eipre)",evidence/api/eurostat_migr_eipre_REVERIFY_2026-08-18.json,11705.0,,Eurostat,EXACT,0.0
SVN,2010,irregular_proxy_detections,3415.0,A,"Eurostat, Third country nationals found to be illegally present (migr_eipre)",evidence/api/eurostat_migr_eipre_REVERIFY_2026-08-18.json,3415.0,,Eurostat,EXACT,0.0
SVN,2011,irregular_proxy_detections,4350.0,A,"Eurostat, Third country nationals found to be illegally present (migr_eipre)",evidence/api/eurostat_migr_eipre_REVERIFY_2026-08-18.json,4350.0,,Eurostat,EXACT,0.0
SVN,2012,irregular_proxy_detections,1555.0,A,"Eurostat, Third country nationals found to be illegally present (migr_eipre)",evidence/api/eurostat_migr_eipre_REVERIFY_2026-08-18.json,1555.0,,Eurostat,EXACT,0.0
SVN,2013,irregular_proxy_detections,1040.0,A,"Eurostat, Third country nationals found to be illegally present (migr_eipre)",evidence/api/eurostat_migr_eipre_REVERIFY_2026-08-18.json,1040.0,,Eurostat,EXACT,0.0
SVN,2014,irregular_proxy_detections,1025.0,A,"Eurostat, Third country nationals found to be illegally present (migr_eipre)",evidence/api/eurostat_migr_eipre_REVERIFY_2026-08-18.json,1025.0,,Eurostat,EXACT,0.0
SVN,2015,irregular_proxy_detections,1025.0,A,"Eurostat, Third country nationals found to be illegally present (migr_eipre)",evidence/api/eurostat_migr_eipre_REVERIFY_2026-08-18.json,1025.0,,Eurostat,EXACT,0.0
SVN,2016,irregular_proxy_detections,2475.0,A,"Eurostat, Third country nationals found to be illegally present (migr_eipre)",evidence/api/eurostat_migr_eipre_REVERIFY_2026-08-18.json,2475.0,,Eurostat,EXACT,0.0
SVN,2017,irregular_proxy_detections,4180.0,A,"Eurostat, Third country nationals found to be illegally present (migr_eipre)",evidence/api/eurostat_migr_eipre_REVERIFY_2026-08-18.json,4180.0,,Eurostat,EXACT,0.0
SVN,2018,irregular_proxy_detections,4345.0,A,"Eurostat, Third country nationals found to be illegally present (migr_eipre)",evidence/api/eurostat_migr_eipre_REVERIFY_2026-08-18.json,4345.0,,Eurostat,EXACT,0.0
SVN,2019,irregular_proxy_detections,5765.0,A,"Eurostat, Third country nationals found to be illegally present (migr_eipre)",evidence/api/eurostat_migr_eipre_REVERIFY_2026-08-18.json,5765.0,,Eurostat,EXACT,0.0
SVN,2020,irregular_proxy_detections,4605.0,A,"Eurostat, Third country nationals found to be illegally present (migr_eipre)",evidence/api/eurostat_migr_eipre_REVERIFY_2026-08-18.json,4605.0,,Eurostat,EXACT,0.0
SVN,2021,irregular_proxy_detections,14430.0,A,"Eurostat, Third country nationals found to be illegally present (migr_eipre)",evidence/api/eurostat_migr_eipre_REVERIFY_2026-08-18.json,14430.0,,Eurostat,EXACT,0.0
SVN,2022,irregular_proxy_detections,35215.0,A,"Eurostat, Third country nationals found to be illegally present (migr_eipre)",evidence/api/eurostat_migr_eipre_REVERIFY_2026-08-18.json,35215.0,,Eurostat,EXACT,0.0
ESP,2010,irregular_proxy_detections,70315.0,A,"Eurostat, Third country nationals found to be illegally present (migr_eipre)",evidence/api/eurostat_migr_eipre_REVERIFY_2026-08-18.json,70315.0,,Eurostat,EXACT,0.0
ESP,2011,irregular_proxy_detections,68825.0,A,"Eurostat, Third country nationals found to be illegally present (migr_eipre)",evidence/api/eurostat_migr_eipre_REVERIFY_2026-08-18.json,68825.0,,Eurostat,EXACT,0.0
ESP,2012,irregular_proxy_detections,52485.0,A,"Eurostat, Third country nationals found to be illegally present (migr_eipre)",evidence/api/eurostat_migr_eipre_REVERIFY_2026-08-18.json,52485.0,,Eurostat,EXACT,0.0
ESP,2013,irregular_proxy_detections,46195.0,A,"Eurostat, Third country nationals found to be illegally present (migr_eipre)",evidence/api/eurostat_migr_eipre_REVERIFY_2026-08-18.json,46195.0,,Eurostat,EXACT,0.0
ESP,2014,irregular_proxy_detections,47885.0,A,"Eurostat, Third country nationals found to be illegally present (migr_eipre)",evidence/api/eurostat_migr_eipre_REVERIFY_2026-08-18.json,47885.0,,Eurostat,EXACT,0.0
ESP,2015,irregular_proxy_detections,42605.0,A,"Eurostat, Third country nationals found to be illegally present (migr_eipre)",evidence/api/eurostat_migr_eipre_REVERIFY_2026-08-18.json,42605.0,,Eurostat,EXACT,0.0
ESP,2016,irregular_proxy_detections,37295.0,A,"Eurostat, Third country nationals found to be illegally present (migr_eipre)",evidence/api/eurostat_migr_eipre_REVERIFY_2026-08-18.json,37295.0,,Eurostat,EXACT,0.0
ESP,2017,irregular_proxy_detections,44625.0,A,"Eurostat, Third country nationals found to be illegally present (migr_eipre)",evidence/api/eurostat_migr_eipre_REVERIFY_2026-08-18.json,44625.0,,Eurostat,EXACT,0.0
ESP,2018,irregular_proxy_detections,78280.0,A,"Eurostat, Third country nationals found to be illegally present (migr_eipre)",evidence/api/eurostat_migr_eipre_REVERIFY_2026-08-18.json,78280.0,,Eurostat,EXACT,0.0
ESP,2019,irregular_proxy_detections,62865.0,A,"Eurostat, Third country nationals found to be illegally present (migr_eipre)",evidence/api/eurostat_migr_eipre_REVERIFY_2026-08-18.json,62865.0,,Eurostat,EXACT,0.0
ESP,2020,irregular_proxy_detections,72265.0,A,"Eurostat, Third country nationals found to be illegally present (migr_eipre)",evidence/api/eurostat_migr_eipre_REVERIFY_2026-08-18.json,72265.0,,Eurostat,EXACT,0.0
ESP,2021,irregular_proxy_detections,30615.0,A,"Eurostat, Third country nationals found to be illegally present (migr_eipre)",evidence/api/eurostat_migr_eipre_REVERIFY_2026-08-18.json,30615.0,,Eurostat,EXACT,0.0
ESP,2022,irregular_proxy_detections,68100.0,A,"Eurostat, Third country nationals found to be illegally present (migr_eipre)",evidence/api/eurostat_migr_eipre_REVERIFY_2026-08-18.json,68100.0,,Eurostat,EXACT,0.0
SWE,2010,irregular_proxy_detections,27460.0,A,"Eurostat, Third country nationals found to be illegally present (migr_eipre)",evidence/api/eurostat_migr_eipre_REVERIFY_2026-08-18.json,27460.0,,Eurostat,EXACT,0.0
SWE,2011,irregular_proxy_detections,20765.0,A,"Eurostat, Third country nationals found to be illegally present (migr_eipre)",evidence/api/eurostat_migr_eipre_REVERIFY_2026-08-18.json,20765.0,,Eurostat,EXACT,0.0
SWE,2012,irregular_proxy_detections,23205.0,A,"Eurostat, Third country nationals found to be illegally present (migr_eipre)",evidence/api/eurostat_migr_eipre_REVERIFY_2026-08-18.json,23205.0,,Eurostat,EXACT,0.0
SWE,2013,irregular_proxy_detections,24400.0,A,"Eurostat, Third country nationals found to be illegally present (migr_eipre)",evidence/api/eurostat_migr_eipre_REVERIFY_2026-08-18.json,24400.0,,Eurostat,EXACT,0.0
SWE,2014,irregular_proxy_detections,72835.0,A,"Eurostat, Third country nationals found to be illegally present (migr_eipre)",evidence/api/eurostat_migr_eipre_REVERIFY_2026-08-18.json,72835.0,b,Eurostat,EXACT,0.0
SWE,2015,irregular_proxy_detections,1445.0,A,"Eurostat, Third country nationals found to be illegally present (migr_eipre)",evidence/api/eurostat_migr_eipre_REVERIFY_2026-08-18.json,1445.0,b,Eurostat,EXACT,0.0
SWE,2016,irregular_proxy_detections,1210.0,A,"Eurostat, Third country nationals found to be illegally present (migr_eipre)",evidence/api/eurostat_migr_eipre_REVERIFY_2026-08-18.json,1210.0,,Eurostat,EXACT,0.0
SWE,2017,irregular_proxy_detections,2145.0,A,"Eurostat, Third country nationals found to be illegally present (migr_eipre)",evidence/api/eurostat_migr_eipre_REVERIFY_2026-08-18.json,2145.0,,Eurostat,EXACT,0.0
SWE,2018,irregular_proxy_detections,1720.0,A,"Eurostat, Third country nationals found to be illegally present (migr_eipre)",evidence/api/eurostat_migr_eipre_REVERIFY_2026-08-18.json,1720.0,,Eurostat,EXACT,0.0
SWE,2019,irregular_proxy_detections,2170.0,A,"Eurostat, Third country nationals found to be illegally present (migr_eipre)",evidence/api/eurostat_migr_eipre_REVERIFY_2026-08-18.json,2170.0,,Eurostat,EXACT,0.0
SWE,2020,irregular_proxy_detections,2615.0,A,"Eurostat, Third country nationals found to be illegally present (migr_eipre)",evidence/api/eurostat_migr_eipre_REVERIFY_2026-08-18.json,2615.0,,Eurostat,EXACT,0.0
SWE,2021,irregular_proxy_detections,2635.0,A,"Eurostat, Third country nationals found to be illegally present (migr_eipre)",evidence/api/eurostat_migr_eipre_REVERIFY_2026-08-18.json,2635.0,,Eurostat,EXACT,0.0
SWE,2022,irregular_proxy_detections,2455.0,A,"Eurostat, Third country nationals found to be illegally present (migr_eipre)",evidence/api/eurostat_migr_eipre_REVERIFY_2026-08-18.json,2455.0,,Eurostat,EXACT,0.0
CHE,2010,irregular_proxy_detections,12020.0,A,"Eurostat, Third country nationals found to be illegally present (migr_eipre)",evidence/api/eurostat_migr_eipre_REVERIFY_2026-08-18.json,12020.0,,Eurostat,EXACT,0.0
CHE,2011,irregular_proxy_detections,12630.0,A,"Eurostat, Third country nationals found to be illegally present (migr_eipre)",evidence/api/eurostat_migr_eipre_REVERIFY_2026-08-18.json,12630.0,,Eurostat,EXACT,0.0
CHE,2012,irregular_proxy_detections,14170.0,A,"Eurostat, Third country nationals found to be illegally present (migr_eipre)",evidence/api/eurostat_migr_eipre_REVERIFY_2026-08-18.json,14170.0,,Eurostat,EXACT,0.0
CHE,2013,irregular_proxy_detections,15045.0,A,"Eurostat, Third country nationals found to be illegally present (migr_eipre)",evidence/api/eurostat_migr_eipre_REVERIFY_2026-08-18.json,15045.0,,Eurostat,EXACT,0.0
CHE,2014,irregular_proxy_detections,13800.0,A,"Eurostat, Third country nationals found to be illegally present (migr_eipre)",evidence/api/eurostat_migr_eipre_REVERIFY_2026-08-18.json,13800.0,,Eurostat,EXACT,0.0
CHE,2015,irregular_proxy_detections,15555.0,A,"Eurostat, Third country nationals found to be illegally present (migr_eipre)",evidence/api/eurostat_migr_eipre_REVERIFY_2026-08-18.json,15555.0,,Eurostat,EXACT,0.0
CHE,2016,irregular_proxy_detections,15765.0,A,"Eurostat, Third country nationals found to be illegally present (migr_eipre)",evidence/api/eurostat_migr_eipre_REVERIFY_2026-08-18.json,15765.0,,Eurostat,EXACT,0.0
CHE,2017,irregular_proxy_detections,13940.0,A,"Eurostat, Third country nationals found to be illegally present (migr_eipre)",evidence/api/eurostat_migr_eipre_REVERIFY_2026-08-18.json,13940.0,,Eurostat,EXACT,0.0
CHE,2018,irregular_proxy_detections,14420.0,A,"Eurostat, Third country nationals found to be illegally present (migr_eipre)",evidence/api/eurostat_migr_eipre_REVERIFY_2026-08-18.json,14420.0,,Eurostat,EXACT,0.0
CHE,2019,irregular_proxy_detections,13885.0,A,"Eurostat, Third country nationals found to be illegally present (migr_eipre)",evidence/api/eurostat_migr_eipre_REVERIFY_2026-08-18.json,13885.0,,Eurostat,EXACT,0.0
CHE,2020,irregular_proxy_detections,11020.0,A,"Eurostat, Third country nationals found to be illegally present (migr_eipre)",evidence/api/eurostat_migr_eipre_REVERIFY_2026-08-18.json,11020.0,,Eurostat,EXACT,0.0
CHE,2021,irregular_proxy_detections,12175.0,A,"Eurostat, Third country nationals found to be illegally present (migr_eipre)",evidence/api/eurostat_migr_eipre_REVERIFY_2026-08-18.json,12175.0,,Eurostat,EXACT,0.0
CHE,2022,irregular_proxy_detections,15130.0,A,"Eurostat, Third country nationals found to be illegally present (migr_eipre)",evidence/api/eurostat_migr_eipre_REVERIFY_2026-08-18.json,15130.0,,Eurostat,EXACT,0.0
GBR,2010,irregular_proxy_detections,53700.0,A,"Eurostat, Third country nationals found to be illegally present (migr_eipre)",evidence/api/eurostat_migr_eipre_REVERIFY_2026-08-18.json,53700.0,,Eurostat,EXACT,0.0
GBR,2011,irregular_proxy_detections,54150.0,A,"Eurostat, Third country nationals found to be illegally present (migr_eipre)",evidence/api/eurostat_migr_eipre_REVERIFY_2026-08-18.json,54150.0,,Eurostat,EXACT,0.0
GBR,2012,irregular_proxy_detections,49365.0,A,"Eurostat, Third country nationals found to be illegally present (migr_eipre)",evidence/api/eurostat_migr_eipre_REVERIFY_2026-08-18.json,49365.0,,Eurostat,EXACT,0.0
GBR,2013,irregular_proxy_detections,57415.0,A,"Eurostat, Third country nationals found to be illegally present (migr_eipre)",evidence/api/eurostat_migr_eipre_REVERIFY_2026-08-18.json,57415.0,,Eurostat,EXACT,0.0
GBR,2014,irregular_proxy_detections,65365.0,A,"Eurostat, Third country nationals found to be illegally present (migr_eipre)",evidence/api/eurostat_migr_eipre_REVERIFY_2026-08-18.json,65365.0,,Eurostat,EXACT,0.0
GBR,2015,irregular_proxy_detections,70020.0,A,"Eurostat, Third country nationals found to be illegally present (migr_eipre)",evidence/api/eurostat_migr_eipre_REVERIFY_2026-08-18.json,70020.0,,Eurostat,EXACT,0.0
GBR,2016,irregular_proxy_detections,59895.0,A,"Eurostat, Third country nationals found to be illegally present (migr_eipre)",evidence/api/eurostat_migr_eipre_REVERIFY_2026-08-18.json,59895.0,,Eurostat,EXACT,0.0
GBR,2017,irregular_proxy_detections,54910.0,A,"Eurostat, Third country nationals found to be illegally present (migr_eipre)",evidence/api/eurostat_migr_eipre_REVERIFY_2026-08-18.json,54910.0,,Eurostat,EXACT,0.0
GBR,2018,irregular_proxy_detections,27830.0,A,"Eurostat, Third country nationals found to be illegally present (migr_eipre)",evidence/api/eurostat_migr_eipre_REVERIFY_2026-08-18.json,27830.0,,Eurostat,EXACT,0.0
GBR,2019,irregular_proxy_detections,22275.0,A,"Eurostat, Third country nationals found to be illegally present (migr_eipre)",evidence/api/eurostat_migr_eipre_REVERIFY_2026-08-18.json,22275.0,,Eurostat,EXACT,0.0
