iso3,year,variable,value,source_id,source_name,source_url,local_file,ref_date,grade,source_type,flag,note,verification,collected_on
AUS,2001,foreign_born,4482120,OECD_fb,"OECD International Migration Database (stocks of foreign-born population, measure B14)","https://sdmx.oecd.org/public/rest/data/OECD.ELS.IMD,DSD_MIG_F@DF_MIG_POPF,1.0/AUS+AUT+BEL+BGR+CHE+CHL+CHN+CZE+DEU+DNK+ESP+FIN+FRA+GBR+HRV+HUN+IND+ISL+ISR+ITA+JPN+KOR+LTU+MEX+NLD+NOR+NZL+PHL+POL+PRT+RUS+SUR+SVK+SVN+SWE+THA+TUR+TWN+USA+ZAF.W.A.B14._T._Z._Z.PS?startPeriod=2001&endPeriod=2022&format=jsondata&dimensionAtObservation=AllDimensions",evidence/api/oecd/OECD_B14_foreign-born_2001-2022_retrieved_2026-10-07.json,Mid-year / 30 June,A,annual,,Overseas-born estimated resident population; reference date 30 June. OECD IMD series sourced from ABS.,Read directly from the archived API response (evidence/api/oecd/OECD_B14_foreign-born_2001-2022_retrieved_2026-10-07.json); retrieved 2026-10-07.,2026-10-07
AUS,2002,foreign_born,4534510,OECD_fb,"OECD International Migration Database (stocks of foreign-born population, measure B14)","https://sdmx.oecd.org/public/rest/data/OECD.ELS.IMD,DSD_MIG_F@DF_MIG_POPF,1.0/AUS+AUT+BEL+BGR+CHE+CHL+CHN+CZE+DEU+DNK+ESP+FIN+FRA+GBR+HRV+HUN+IND+ISL+ISR+ITA+JPN+KOR+LTU+MEX+NLD+NOR+NZL+PHL+POL+PRT+RUS+SUR+SVK+SVN+SWE+THA+TUR+TWN+USA+ZAF.W.A.B14._T._Z._Z.PS?startPeriod=2001&endPeriod=2022&format=jsondata&dimensionAtObservation=AllDimensions",evidence/api/oecd/OECD_B14_foreign-born_2001-2022_retrieved_2026-10-07.json,Mid-year / 30 June,A,annual,,Overseas-born estimated resident population; reference date 30 June. OECD IMD series sourced from ABS.,Read directly from the archived API response (evidence/api/oecd/OECD_B14_foreign-born_2001-2022_retrieved_2026-10-07.json); retrieved 2026-10-07.,2026-10-07
AUS,2003,foreign_born,4655610,OECD_fb,"OECD International Migration Database (stocks of foreign-born population, measure B14)","https://sdmx.oecd.org/public/rest/data/OECD.ELS.IMD,DSD_MIG_F@DF_MIG_POPF,1.0/AUS+AUT+BEL+BGR+CHE+CHL+CHN+CZE+DEU+DNK+ESP+FIN+FRA+GBR+HRV+HUN+IND+ISL+ISR+ITA+JPN+KOR+LTU+MEX+NLD+NOR+NZL+PHL+POL+PRT+RUS+SUR+SVK+SVN+SWE+THA+TUR+TWN+USA+ZAF.W.A.B14._T._Z._Z.PS?startPeriod=2001&endPeriod=2022&format=jsondata&dimensionAtObservation=AllDimensions",evidence/api/oecd/OECD_B14_foreign-born_2001-2022_retrieved_2026-10-07.json,Mid-year / 30 June,A,annual,,Overseas-born estimated resident population; reference date 30 June. OECD IMD series sourced from ABS.,Read directly from the archived API response (evidence/api/oecd/OECD_B14_foreign-born_2001-2022_retrieved_2026-10-07.json); retrieved 2026-10-07.,2026-10-07
AUS,2004,foreign_born,4752950,OECD_fb,"OECD International Migration Database (stocks of foreign-born population, measure B14)","https://sdmx.oecd.org/public/rest/data/OECD.ELS.IMD,DSD_MIG_F@DF_MIG_POPF,1.0/AUS+AUT+BEL+BGR+CHE+CHL+CHN+CZE+DEU+DNK+ESP+FIN+FRA+GBR+HRV+HUN+IND+ISL+ISR+ITA+JPN+KOR+LTU+MEX+NLD+NOR+NZL+PHL+POL+PRT+RUS+SUR+SVK+SVN+SWE+THA+TUR+TWN+USA+ZAF.W.A.B14._T._Z._Z.PS?startPeriod=2001&endPeriod=2022&format=jsondata&dimensionAtObservation=AllDimensions",evidence/api/oecd/OECD_B14_foreign-born_2001-2022_retrieved_2026-10-07.json,Mid-year / 30 June,A,annual,,Overseas-born estimated resident population; reference date 30 June. OECD IMD series sourced from ABS.,Read directly from the archived API response (evidence/api/oecd/OECD_B14_foreign-born_2001-2022_retrieved_2026-10-07.json); retrieved 2026-10-07.,2026-10-07
AUS,2005,foreign_born,4877090,OECD_fb,"OECD International Migration Database (stocks of foreign-born population, measure B14)","https://sdmx.oecd.org/public/rest/data/OECD.ELS.IMD,DSD_MIG_F@DF_MIG_POPF,1.0/AUS+AUT+BEL+BGR+CHE+CHL+CHN+CZE+DEU+DNK+ESP+FIN+FRA+GBR+HRV+HUN+IND+ISL+ISR+ITA+JPN+KOR+LTU+MEX+NLD+NOR+NZL+PHL+POL+PRT+RUS+SUR+SVK+SVN+SWE+THA+TUR+TWN+USA+ZAF.W.A.B14._T._Z._Z.PS?startPeriod=2001&endPeriod=2022&format=jsondata&dimensionAtObservation=AllDimensions",evidence/api/oecd/OECD_B14_foreign-born_2001-2022_retrieved_2026-10-07.json,Mid-year / 30 June,A,annual,,Overseas-born estimated resident population; reference date 30 June. OECD IMD series sourced from ABS.,Read directly from the archived API response (evidence/api/oecd/OECD_B14_foreign-born_2001-2022_retrieved_2026-10-07.json); retrieved 2026-10-07.,2026-10-07
AUS,2006,foreign_born,5031630,OECD_fb,"OECD International Migration Database (stocks of foreign-born population, measure B14)","https://sdmx.oecd.org/public/rest/data/OECD.ELS.IMD,DSD_MIG_F@DF_MIG_POPF,1.0/AUS+AUT+BEL+BGR+CHE+CHL+CHN+CZE+DEU+DNK+ESP+FIN+FRA+GBR+HRV+HUN+IND+ISL+ISR+ITA+JPN+KOR+LTU+MEX+NLD+NOR+NZL+PHL+POL+PRT+RUS+SUR+SVK+SVN+SWE+THA+TUR+TWN+USA+ZAF.W.A.B14._T._Z._Z.PS?startPeriod=2001&endPeriod=2022&format=jsondata&dimensionAtObservation=AllDimensions",evidence/api/oecd/OECD_B14_foreign-born_2001-2022_retrieved_2026-10-07.json,Mid-year / 30 June,A,annual,,Overseas-born estimated resident population; reference date 30 June. OECD IMD series sourced from ABS.,Read directly from the archived API response (evidence/api/oecd/OECD_B14_foreign-born_2001-2022_retrieved_2026-10-07.json); retrieved 2026-10-07.,2026-10-07
AUS,2007,foreign_born,5233250,OECD_fb,"OECD International Migration Database (stocks of foreign-born population, measure B14)","https://sdmx.oecd.org/public/rest/data/OECD.ELS.IMD,DSD_MIG_F@DF_MIG_POPF,1.0/AUS+AUT+BEL+BGR+CHE+CHL+CHN+CZE+DEU+DNK+ESP+FIN+FRA+GBR+HRV+HUN+IND+ISL+ISR+ITA+JPN+KOR+LTU+MEX+NLD+NOR+NZL+PHL+POL+PRT+RUS+SUR+SVK+SVN+SWE+THA+TUR+TWN+USA+ZAF.W.A.B14._T._Z._Z.PS?startPeriod=2001&endPeriod=2022&format=jsondata&dimensionAtObservation=AllDimensions",evidence/api/oecd/OECD_B14_foreign-born_2001-2022_retrieved_2026-10-07.json,Mid-year / 30 June,A,annual,,Overseas-born estimated resident population; reference date 30 June. OECD IMD series sourced from ABS.,Read directly from the archived API response (evidence/api/oecd/OECD_B14_foreign-born_2001-2022_retrieved_2026-10-07.json); retrieved 2026-10-07.,2026-10-07
AUS,2008,foreign_born,5477900,OECD_fb,"OECD International Migration Database (stocks of foreign-born population, measure B14)","https://sdmx.oecd.org/public/rest/data/OECD.ELS.IMD,DSD_MIG_F@DF_MIG_POPF,1.0/AUS+AUT+BEL+BGR+CHE+CHL+CHN+CZE+DEU+DNK+ESP+FIN+FRA+GBR+HRV+HUN+IND+ISL+ISR+ITA+JPN+KOR+LTU+MEX+NLD+NOR+NZL+PHL+POL+PRT+RUS+SUR+SVK+SVN+SWE+THA+TUR+TWN+USA+ZAF.W.A.B14._T._Z._Z.PS?startPeriod=2001&endPeriod=2022&format=jsondata&dimensionAtObservation=AllDimensions",evidence/api/oecd/OECD_B14_foreign-born_2001-2022_retrieved_2026-10-07.json,Mid-year / 30 June,A,annual,,Overseas-born estimated resident population; reference date 30 June. OECD IMD series sourced from ABS.,Read directly from the archived API response (evidence/api/oecd/OECD_B14_foreign-born_2001-2022_retrieved_2026-10-07.json); retrieved 2026-10-07.,2026-10-07
AUS,2009,foreign_born,5729880,OECD_fb,"OECD International Migration Database (stocks of foreign-born population, measure B14)","https://sdmx.oecd.org/public/rest/data/OECD.ELS.IMD,DSD_MIG_F@DF_MIG_POPF,1.0/AUS+AUT+BEL+BGR+CHE+CHL+CHN+CZE+DEU+DNK+ESP+FIN+FRA+GBR+HRV+HUN+IND+ISL+ISR+ITA+JPN+KOR+LTU+MEX+NLD+NOR+NZL+PHL+POL+PRT+RUS+SUR+SVK+SVN+SWE+THA+TUR+TWN+USA+ZAF.W.A.B14._T._Z._Z.PS?startPeriod=2001&endPeriod=2022&format=jsondata&dimensionAtObservation=AllDimensions",evidence/api/oecd/OECD_B14_foreign-born_2001-2022_retrieved_2026-10-07.json,Mid-year / 30 June,A,annual,,Overseas-born estimated resident population; reference date 30 June. OECD IMD series sourced from ABS.,Read directly from the archived API response (evidence/api/oecd/OECD_B14_foreign-born_2001-2022_retrieved_2026-10-07.json); retrieved 2026-10-07.,2026-10-07
AUT,2001,foreign_born,843000,OECD_fb,"OECD International Migration Database (stocks of foreign-born population, measure B14)","https://sdmx.oecd.org/public/rest/data/OECD.ELS.IMD,DSD_MIG_F@DF_MIG_POPF,1.0/AUS+AUT+BEL+BGR+CHE+CHL+CHN+CZE+DEU+DNK+ESP+FIN+FRA+GBR+HRV+HUN+IND+ISL+ISR+ITA+JPN+KOR+LTU+MEX+NLD+NOR+NZL+PHL+POL+PRT+RUS+SUR+SVK+SVN+SWE+THA+TUR+TWN+USA+ZAF.W.A.B14._T._Z._Z.PS?startPeriod=2001&endPeriod=2022&format=jsondata&dimensionAtObservation=AllDimensions",evidence/api/oecd/OECD_B14_foreign-born_2001-2022_retrieved_2026-10-07.json,See note,A,annual,splice,"OECD IMD stock. The reference date differs by country and is not carried in the API response; consult the OECD IMD metadata for this country. SPLICE: this country's published series from 2010 on uses Eurostat [migr_pop3ctb]; OECD International Migration Database is used here because Eurostat [migr_pop3ctb] does not reach 2001. Over the 13 years where both exist, OECD International Migration Database is +0.22% on average (range +0.03% to +0.44%) relative to Eurostat [migr_pop3ctb].",Read directly from the archived API response (evidence/api/oecd/OECD_B14_foreign-born_2001-2022_retrieved_2026-10-07.json); retrieved 2026-10-07.,2026-10-07
AUT,2002,foreign_born,1112094,OECD_fb,"OECD International Migration Database (stocks of foreign-born population, measure B14)","https://sdmx.oecd.org/public/rest/data/OECD.ELS.IMD,DSD_MIG_F@DF_MIG_POPF,1.0/AUS+AUT+BEL+BGR+CHE+CHL+CHN+CZE+DEU+DNK+ESP+FIN+FRA+GBR+HRV+HUN+IND+ISL+ISR+ITA+JPN+KOR+LTU+MEX+NLD+NOR+NZL+PHL+POL+PRT+RUS+SUR+SVK+SVN+SWE+THA+TUR+TWN+USA+ZAF.W.A.B14._T._Z._Z.PS?startPeriod=2001&endPeriod=2022&format=jsondata&dimensionAtObservation=AllDimensions",evidence/api/oecd/OECD_B14_foreign-born_2001-2022_retrieved_2026-10-07.json,See note,A,annual,splice,"OECD IMD stock. The reference date differs by country and is not carried in the API response; consult the OECD IMD metadata for this country. SPLICE: this country's published series from 2010 on uses Eurostat [migr_pop3ctb]; OECD International Migration Database is used here because Eurostat [migr_pop3ctb] does not reach 2002. Over the 13 years where both exist, OECD International Migration Database is +0.22% on average (range +0.03% to +0.44%) relative to Eurostat [migr_pop3ctb].",Read directly from the archived API response (evidence/api/oecd/OECD_B14_foreign-born_2001-2022_retrieved_2026-10-07.json); retrieved 2026-10-07.,2026-10-07
AUT,2003,foreign_born,1137351,OECD_fb,"OECD International Migration Database (stocks of foreign-born population, measure B14)","https://sdmx.oecd.org/public/rest/data/OECD.ELS.IMD,DSD_MIG_F@DF_MIG_POPF,1.0/AUS+AUT+BEL+BGR+CHE+CHL+CHN+CZE+DEU+DNK+ESP+FIN+FRA+GBR+HRV+HUN+IND+ISL+ISR+ITA+JPN+KOR+LTU+MEX+NLD+NOR+NZL+PHL+POL+PRT+RUS+SUR+SVK+SVN+SWE+THA+TUR+TWN+USA+ZAF.W.A.B14._T._Z._Z.PS?startPeriod=2001&endPeriod=2022&format=jsondata&dimensionAtObservation=AllDimensions",evidence/api/oecd/OECD_B14_foreign-born_2001-2022_retrieved_2026-10-07.json,See note,A,annual,splice,"OECD IMD stock. The reference date differs by country and is not carried in the API response; consult the OECD IMD metadata for this country. SPLICE: this country's published series from 2010 on uses Eurostat [migr_pop3ctb]; OECD International Migration Database is used here because Eurostat [migr_pop3ctb] does not reach 2003. Over the 13 years where both exist, OECD International Migration Database is +0.22% on average (range +0.03% to +0.44%) relative to Eurostat [migr_pop3ctb].",Read directly from the archived API response (evidence/api/oecd/OECD_B14_foreign-born_2001-2022_retrieved_2026-10-07.json); retrieved 2026-10-07.,2026-10-07
AUT,2004,foreign_born,1141212,OECD_fb,"OECD International Migration Database (stocks of foreign-born population, measure B14)","https://sdmx.oecd.org/public/rest/data/OECD.ELS.IMD,DSD_MIG_F@DF_MIG_POPF,1.0/AUS+AUT+BEL+BGR+CHE+CHL+CHN+CZE+DEU+DNK+ESP+FIN+FRA+GBR+HRV+HUN+IND+ISL+ISR+ITA+JPN+KOR+LTU+MEX+NLD+NOR+NZL+PHL+POL+PRT+RUS+SUR+SVK+SVN+SWE+THA+TUR+TWN+USA+ZAF.W.A.B14._T._Z._Z.PS?startPeriod=2001&endPeriod=2022&format=jsondata&dimensionAtObservation=AllDimensions",evidence/api/oecd/OECD_B14_foreign-born_2001-2022_retrieved_2026-10-07.json,See note,A,annual,splice,"OECD IMD stock. The reference date differs by country and is not carried in the API response; consult the OECD IMD metadata for this country. SPLICE: this country's published series from 2010 on uses Eurostat [migr_pop3ctb]; OECD International Migration Database is used here because Eurostat [migr_pop3ctb] does not reach 2004. Over the 13 years where both exist, OECD International Migration Database is +0.22% on average (range +0.03% to +0.44%) relative to Eurostat [migr_pop3ctb].",Read directly from the archived API response (evidence/api/oecd/OECD_B14_foreign-born_2001-2022_retrieved_2026-10-07.json); retrieved 2026-10-07.,2026-10-07
AUT,2005,foreign_born,1154776,OECD_fb,"OECD International Migration Database (stocks of foreign-born population, measure B14)","https://sdmx.oecd.org/public/rest/data/OECD.ELS.IMD,DSD_MIG_F@DF_MIG_POPF,1.0/AUS+AUT+BEL+BGR+CHE+CHL+CHN+CZE+DEU+DNK+ESP+FIN+FRA+GBR+HRV+HUN+IND+ISL+ISR+ITA+JPN+KOR+LTU+MEX+NLD+NOR+NZL+PHL+POL+PRT+RUS+SUR+SVK+SVN+SWE+THA+TUR+TWN+USA+ZAF.W.A.B14._T._Z._Z.PS?startPeriod=2001&endPeriod=2022&format=jsondata&dimensionAtObservation=AllDimensions",evidence/api/oecd/OECD_B14_foreign-born_2001-2022_retrieved_2026-10-07.json,See note,A,annual,splice,"OECD IMD stock. The reference date differs by country and is not carried in the API response; consult the OECD IMD metadata for this country. SPLICE: this country's published series from 2010 on uses Eurostat [migr_pop3ctb]; OECD International Migration Database is used here because Eurostat [migr_pop3ctb] does not reach 2005. Over the 13 years where both exist, OECD International Migration Database is +0.22% on average (range +0.03% to +0.44%) relative to Eurostat [migr_pop3ctb].",Read directly from the archived API response (evidence/api/oecd/OECD_B14_foreign-born_2001-2022_retrieved_2026-10-07.json); retrieved 2026-10-07.,2026-10-07
AUT,2006,foreign_born,1195156,OECD_fb,"OECD International Migration Database (stocks of foreign-born population, measure B14)","https://sdmx.oecd.org/public/rest/data/OECD.ELS.IMD,DSD_MIG_F@DF_MIG_POPF,1.0/AUS+AUT+BEL+BGR+CHE+CHL+CHN+CZE+DEU+DNK+ESP+FIN+FRA+GBR+HRV+HUN+IND+ISL+ISR+ITA+JPN+KOR+LTU+MEX+NLD+NOR+NZL+PHL+POL+PRT+RUS+SUR+SVK+SVN+SWE+THA+TUR+TWN+USA+ZAF.W.A.B14._T._Z._Z.PS?startPeriod=2001&endPeriod=2022&format=jsondata&dimensionAtObservation=AllDimensions",evidence/api/oecd/OECD_B14_foreign-born_2001-2022_retrieved_2026-10-07.json,See note,A,annual,splice,"OECD IMD stock. The reference date differs by country and is not carried in the API response; consult the OECD IMD metadata for this country. SPLICE: this country's published series from 2010 on uses Eurostat [migr_pop3ctb]; OECD International Migration Database is used here because Eurostat [migr_pop3ctb] does not reach 2006. Over the 13 years where both exist, OECD International Migration Database is +0.22% on average (range +0.03% to +0.44%) relative to Eurostat [migr_pop3ctb].",Read directly from the archived API response (evidence/api/oecd/OECD_B14_foreign-born_2001-2022_retrieved_2026-10-07.json); retrieved 2026-10-07.,2026-10-07
AUT,2007,foreign_born,1215695,OECD_fb,"OECD International Migration Database (stocks of foreign-born population, measure B14)","https://sdmx.oecd.org/public/rest/data/OECD.ELS.IMD,DSD_MIG_F@DF_MIG_POPF,1.0/AUS+AUT+BEL+BGR+CHE+CHL+CHN+CZE+DEU+DNK+ESP+FIN+FRA+GBR+HRV+HUN+IND+ISL+ISR+ITA+JPN+KOR+LTU+MEX+NLD+NOR+NZL+PHL+POL+PRT+RUS+SUR+SVK+SVN+SWE+THA+TUR+TWN+USA+ZAF.W.A.B14._T._Z._Z.PS?startPeriod=2001&endPeriod=2022&format=jsondata&dimensionAtObservation=AllDimensions",evidence/api/oecd/OECD_B14_foreign-born_2001-2022_retrieved_2026-10-07.json,See note,A,annual,splice,"OECD IMD stock. The reference date differs by country and is not carried in the API response; consult the OECD IMD metadata for this country. SPLICE: this country's published series from 2010 on uses Eurostat [migr_pop3ctb]; OECD International Migration Database is used here because Eurostat [migr_pop3ctb] does not reach 2007. Over the 13 years where both exist, OECD International Migration Database is +0.22% on average (range +0.03% to +0.44%) relative to Eurostat [migr_pop3ctb].",Read directly from the archived API response (evidence/api/oecd/OECD_B14_foreign-born_2001-2022_retrieved_2026-10-07.json); retrieved 2026-10-07.,2026-10-07
AUT,2008,foreign_born,1234879,EUROSTAT_fb,Eurostat [migr_pop3ctb],https://ec.europa.eu/eurostat/api/dissemination/statistics/1.0/data/migr_pop3ctb?format=JSON&lang=EN&age=TOTAL&sex=T&unit=NR&c_birth=FOR&sinceTimePeriod=2001&untilTimePeriod=2022,evidence/api/eurostat_migr_pop3ctb_2001-2022_retrieved_2026-10-07.json,1 January,A,annual,,stock at 1 Jan; c_birth=FOR (born in a foreign country),Read directly from the archived API response (evidence/api/eurostat_migr_pop3ctb_2001-2022_retrieved_2026-10-07.json); retrieved 2026-10-07.,2026-10-07
AUT,2009,foreign_born,1259626,EUROSTAT_fb,Eurostat [migr_pop3ctb],https://ec.europa.eu/eurostat/api/dissemination/statistics/1.0/data/migr_pop3ctb?format=JSON&lang=EN&age=TOTAL&sex=T&unit=NR&c_birth=FOR&sinceTimePeriod=2001&untilTimePeriod=2022,evidence/api/eurostat_migr_pop3ctb_2001-2022_retrieved_2026-10-07.json,1 January,A,annual,,stock at 1 Jan; c_birth=FOR (born in a foreign country),Read directly from the archived API response (evidence/api/eurostat_migr_pop3ctb_2001-2022_retrieved_2026-10-07.json); retrieved 2026-10-07.,2026-10-07
BEL,2001,foreign_born,1080790,OECD_fb,"OECD International Migration Database (stocks of foreign-born population, measure B14)","https://sdmx.oecd.org/public/rest/data/OECD.ELS.IMD,DSD_MIG_F@DF_MIG_POPF,1.0/AUS+AUT+BEL+BGR+CHE+CHL+CHN+CZE+DEU+DNK+ESP+FIN+FRA+GBR+HRV+HUN+IND+ISL+ISR+ITA+JPN+KOR+LTU+MEX+NLD+NOR+NZL+PHL+POL+PRT+RUS+SUR+SVK+SVN+SWE+THA+TUR+TWN+USA+ZAF.W.A.B14._T._Z._Z.PS?startPeriod=2001&endPeriod=2022&format=jsondata&dimensionAtObservation=AllDimensions",evidence/api/oecd/OECD_B14_foreign-born_2001-2022_retrieved_2026-10-07.json,See note,A,annual,splice,"OECD IMD stock. The reference date differs by country and is not carried in the API response; consult the OECD IMD metadata for this country. SPLICE: this country's published series from 2010 on uses Eurostat [migr_pop3ctb]; OECD International Migration Database is used here because Eurostat [migr_pop3ctb] does not reach 2001. Over the 13 years where both exist, OECD International Migration Database is +0.30% on average (range +0.03% to +1.41%) relative to Eurostat [migr_pop3ctb].",Read directly from the archived API response (evidence/api/oecd/OECD_B14_foreign-born_2001-2022_retrieved_2026-10-07.json); retrieved 2026-10-07.,2026-10-07
BEL,2002,foreign_born,1117261,OECD_fb,"OECD International Migration Database (stocks of foreign-born population, measure B14)","https://sdmx.oecd.org/public/rest/data/OECD.ELS.IMD,DSD_MIG_F@DF_MIG_POPF,1.0/AUS+AUT+BEL+BGR+CHE+CHL+CHN+CZE+DEU+DNK+ESP+FIN+FRA+GBR+HRV+HUN+IND+ISL+ISR+ITA+JPN+KOR+LTU+MEX+NLD+NOR+NZL+PHL+POL+PRT+RUS+SUR+SVK+SVN+SWE+THA+TUR+TWN+USA+ZAF.W.A.B14._T._Z._Z.PS?startPeriod=2001&endPeriod=2022&format=jsondata&dimensionAtObservation=AllDimensions",evidence/api/oecd/OECD_B14_foreign-born_2001-2022_retrieved_2026-10-07.json,See note,A,annual,splice,"OECD IMD stock. The reference date differs by country and is not carried in the API response; consult the OECD IMD metadata for this country. SPLICE: this country's published series from 2010 on uses Eurostat [migr_pop3ctb]; OECD International Migration Database is used here because Eurostat [migr_pop3ctb] does not reach 2002. Over the 13 years where both exist, OECD International Migration Database is +0.30% on average (range +0.03% to +1.41%) relative to Eurostat [migr_pop3ctb].",Read directly from the archived API response (evidence/api/oecd/OECD_B14_foreign-born_2001-2022_retrieved_2026-10-07.json); retrieved 2026-10-07.,2026-10-07
BEL,2003,foreign_born,1156732,OECD_fb,"OECD International Migration Database (stocks of foreign-born population, measure B14)","https://sdmx.oecd.org/public/rest/data/OECD.ELS.IMD,DSD_MIG_F@DF_MIG_POPF,1.0/AUS+AUT+BEL+BGR+CHE+CHL+CHN+CZE+DEU+DNK+ESP+FIN+FRA+GBR+HRV+HUN+IND+ISL+ISR+ITA+JPN+KOR+LTU+MEX+NLD+NOR+NZL+PHL+POL+PRT+RUS+SUR+SVK+SVN+SWE+THA+TUR+TWN+USA+ZAF.W.A.B14._T._Z._Z.PS?startPeriod=2001&endPeriod=2022&format=jsondata&dimensionAtObservation=AllDimensions",evidence/api/oecd/OECD_B14_foreign-born_2001-2022_retrieved_2026-10-07.json,See note,A,annual,splice,"OECD IMD stock. The reference date differs by country and is not carried in the API response; consult the OECD IMD metadata for this country. SPLICE: this country's published series from 2010 on uses Eurostat [migr_pop3ctb]; OECD International Migration Database is used here because Eurostat [migr_pop3ctb] does not reach 2003. Over the 13 years where both exist, OECD International Migration Database is +0.30% on average (range +0.03% to +1.41%) relative to Eurostat [migr_pop3ctb].",Read directly from the archived API response (evidence/api/oecd/OECD_B14_foreign-born_2001-2022_retrieved_2026-10-07.json); retrieved 2026-10-07.,2026-10-07
BEL,2004,foreign_born,1185456,OECD_fb,"OECD International Migration Database (stocks of foreign-born population, measure B14)","https://sdmx.oecd.org/public/rest/data/OECD.ELS.IMD,DSD_MIG_F@DF_MIG_POPF,1.0/AUS+AUT+BEL+BGR+CHE+CHL+CHN+CZE+DEU+DNK+ESP+FIN+FRA+GBR+HRV+HUN+IND+ISL+ISR+ITA+JPN+KOR+LTU+MEX+NLD+NOR+NZL+PHL+POL+PRT+RUS+SUR+SVK+SVN+SWE+THA+TUR+TWN+USA+ZAF.W.A.B14._T._Z._Z.PS?startPeriod=2001&endPeriod=2022&format=jsondata&dimensionAtObservation=AllDimensions",evidence/api/oecd/OECD_B14_foreign-born_2001-2022_retrieved_2026-10-07.json,See note,A,annual,splice,"OECD IMD stock. The reference date differs by country and is not carried in the API response; consult the OECD IMD metadata for this country. SPLICE: this country's published series from 2010 on uses Eurostat [migr_pop3ctb]; OECD International Migration Database is used here because Eurostat [migr_pop3ctb] does not reach 2004. Over the 13 years where both exist, OECD International Migration Database is +0.30% on average (range +0.03% to +1.41%) relative to Eurostat [migr_pop3ctb].",Read directly from the archived API response (evidence/api/oecd/OECD_B14_foreign-born_2001-2022_retrieved_2026-10-07.json); retrieved 2026-10-07.,2026-10-07
BEL,2005,foreign_born,1220062,OECD_fb,"OECD International Migration Database (stocks of foreign-born population, measure B14)","https://sdmx.oecd.org/public/rest/data/OECD.ELS.IMD,DSD_MIG_F@DF_MIG_POPF,1.0/AUS+AUT+BEL+BGR+CHE+CHL+CHN+CZE+DEU+DNK+ESP+FIN+FRA+GBR+HRV+HUN+IND+ISL+ISR+ITA+JPN+KOR+LTU+MEX+NLD+NOR+NZL+PHL+POL+PRT+RUS+SUR+SVK+SVN+SWE+THA+TUR+TWN+USA+ZAF.W.A.B14._T._Z._Z.PS?startPeriod=2001&endPeriod=2022&format=jsondata&dimensionAtObservation=AllDimensions",evidence/api/oecd/OECD_B14_foreign-born_2001-2022_retrieved_2026-10-07.json,See note,A,annual,splice,"OECD IMD stock. The reference date differs by country and is not carried in the API response; consult the OECD IMD metadata for this country. SPLICE: this country's published series from 2010 on uses Eurostat [migr_pop3ctb]; OECD International Migration Database is used here because Eurostat [migr_pop3ctb] does not reach 2005. Over the 13 years where both exist, OECD International Migration Database is +0.30% on average (range +0.03% to +1.41%) relative to Eurostat [migr_pop3ctb].",Read directly from the archived API response (evidence/api/oecd/OECD_B14_foreign-born_2001-2022_retrieved_2026-10-07.json); retrieved 2026-10-07.,2026-10-07
BEL,2006,foreign_born,1268915,OECD_fb,"OECD International Migration Database (stocks of foreign-born population, measure B14)","https://sdmx.oecd.org/public/rest/data/OECD.ELS.IMD,DSD_MIG_F@DF_MIG_POPF,1.0/AUS+AUT+BEL+BGR+CHE+CHL+CHN+CZE+DEU+DNK+ESP+FIN+FRA+GBR+HRV+HUN+IND+ISL+ISR+ITA+JPN+KOR+LTU+MEX+NLD+NOR+NZL+PHL+POL+PRT+RUS+SUR+SVK+SVN+SWE+THA+TUR+TWN+USA+ZAF.W.A.B14._T._Z._Z.PS?startPeriod=2001&endPeriod=2022&format=jsondata&dimensionAtObservation=AllDimensions",evidence/api/oecd/OECD_B14_foreign-born_2001-2022_retrieved_2026-10-07.json,See note,A,annual,splice,"OECD IMD stock. The reference date differs by country and is not carried in the API response; consult the OECD IMD metadata for this country. SPLICE: this country's published series from 2010 on uses Eurostat [migr_pop3ctb]; OECD International Migration Database is used here because Eurostat [migr_pop3ctb] does not reach 2006. Over the 13 years where both exist, OECD International Migration Database is +0.30% on average (range +0.03% to +1.41%) relative to Eurostat [migr_pop3ctb].",Read directly from the archived API response (evidence/api/oecd/OECD_B14_foreign-born_2001-2022_retrieved_2026-10-07.json); retrieved 2026-10-07.,2026-10-07
BEL,2007,foreign_born,1319302,OECD_fb,"OECD International Migration Database (stocks of foreign-born population, measure B14)","https://sdmx.oecd.org/public/rest/data/OECD.ELS.IMD,DSD_MIG_F@DF_MIG_POPF,1.0/AUS+AUT+BEL+BGR+CHE+CHL+CHN+CZE+DEU+DNK+ESP+FIN+FRA+GBR+HRV+HUN+IND+ISL+ISR+ITA+JPN+KOR+LTU+MEX+NLD+NOR+NZL+PHL+POL+PRT+RUS+SUR+SVK+SVN+SWE+THA+TUR+TWN+USA+ZAF.W.A.B14._T._Z._Z.PS?startPeriod=2001&endPeriod=2022&format=jsondata&dimensionAtObservation=AllDimensions",evidence/api/oecd/OECD_B14_foreign-born_2001-2022_retrieved_2026-10-07.json,See note,A,annual,splice,"OECD IMD stock. The reference date differs by country and is not carried in the API response; consult the OECD IMD metadata for this country. SPLICE: this country's published series from 2010 on uses Eurostat [migr_pop3ctb]; OECD International Migration Database is used here because Eurostat [migr_pop3ctb] does not reach 2007. Over the 13 years where both exist, OECD International Migration Database is +0.30% on average (range +0.03% to +1.41%) relative to Eurostat [migr_pop3ctb].",Read directly from the archived API response (evidence/api/oecd/OECD_B14_foreign-born_2001-2022_retrieved_2026-10-07.json); retrieved 2026-10-07.,2026-10-07
BEL,2008,foreign_born,1380323,OECD_fb,"OECD International Migration Database (stocks of foreign-born population, measure B14)","https://sdmx.oecd.org/public/rest/data/OECD.ELS.IMD,DSD_MIG_F@DF_MIG_POPF,1.0/AUS+AUT+BEL+BGR+CHE+CHL+CHN+CZE+DEU+DNK+ESP+FIN+FRA+GBR+HRV+HUN+IND+ISL+ISR+ITA+JPN+KOR+LTU+MEX+NLD+NOR+NZL+PHL+POL+PRT+RUS+SUR+SVK+SVN+SWE+THA+TUR+TWN+USA+ZAF.W.A.B14._T._Z._Z.PS?startPeriod=2001&endPeriod=2022&format=jsondata&dimensionAtObservation=AllDimensions",evidence/api/oecd/OECD_B14_foreign-born_2001-2022_retrieved_2026-10-07.json,See note,A,annual,splice,"OECD IMD stock. The reference date differs by country and is not carried in the API response; consult the OECD IMD metadata for this country. SPLICE: this country's published series from 2010 on uses Eurostat [migr_pop3ctb]; OECD International Migration Database is used here because Eurostat [migr_pop3ctb] does not reach 2008. Over the 13 years where both exist, OECD International Migration Database is +0.30% on average (range +0.03% to +1.41%) relative to Eurostat [migr_pop3ctb].",Read directly from the archived API response (evidence/api/oecd/OECD_B14_foreign-born_2001-2022_retrieved_2026-10-07.json); retrieved 2026-10-07.,2026-10-07
BEL,2009,foreign_born,1443937,EUROSTAT_fb,Eurostat [migr_pop3ctb],https://ec.europa.eu/eurostat/api/dissemination/statistics/1.0/data/migr_pop3ctb?format=JSON&lang=EN&age=TOTAL&sex=T&unit=NR&c_birth=FOR&sinceTimePeriod=2001&untilTimePeriod=2022,evidence/api/eurostat_migr_pop3ctb_2001-2022_retrieved_2026-10-07.json,1 January,A,annual,Eurostat flag: provisional,stock at 1 Jan; c_birth=FOR (born in a foreign country) Eurostat flag: provisional,Read directly from the archived API response (evidence/api/eurostat_migr_pop3ctb_2001-2022_retrieved_2026-10-07.json); retrieved 2026-10-07.,2026-10-07
CHE,2001,foreign_born,1570756,OECD_fb,"OECD International Migration Database (stocks of foreign-born population, measure B14)","https://sdmx.oecd.org/public/rest/data/OECD.ELS.IMD,DSD_MIG_F@DF_MIG_POPF,1.0/AUS+AUT+BEL+BGR+CHE+CHL+CHN+CZE+DEU+DNK+ESP+FIN+FRA+GBR+HRV+HUN+IND+ISL+ISR+ITA+JPN+KOR+LTU+MEX+NLD+NOR+NZL+PHL+POL+PRT+RUS+SUR+SVK+SVN+SWE+THA+TUR+TWN+USA+ZAF.W.A.B14._T._Z._Z.PS?startPeriod=2001&endPeriod=2022&format=jsondata&dimensionAtObservation=AllDimensions",evidence/api/oecd/OECD_B14_foreign-born_2001-2022_retrieved_2026-10-07.json,See note,A,annual,splice,"OECD IMD stock. The reference date differs by country and is not carried in the API response; consult the OECD IMD metadata for this country. SPLICE: this country's published series from 2011 on uses Eurostat [migr_pop3ctb]; OECD International Migration Database is used here because Eurostat [migr_pop3ctb] does not reach 2001. Over the 12 years where both exist, OECD International Migration Database is +4.29% on average (range +2.86% to +6.95%) relative to Eurostat [migr_pop3ctb].",Read directly from the archived API response (evidence/api/oecd/OECD_B14_foreign-born_2001-2022_retrieved_2026-10-07.json); retrieved 2026-10-07.,2026-10-07
CHL,2003,foreign_born,184464,OECD_fb,"OECD International Migration Database (stocks of foreign-born population, measure B14)","https://sdmx.oecd.org/public/rest/data/OECD.ELS.IMD,DSD_MIG_F@DF_MIG_POPF,1.0/AUS+AUT+BEL+BGR+CHE+CHL+CHN+CZE+DEU+DNK+ESP+FIN+FRA+GBR+HRV+HUN+IND+ISL+ISR+ITA+JPN+KOR+LTU+MEX+NLD+NOR+NZL+PHL+POL+PRT+RUS+SUR+SVK+SVN+SWE+THA+TUR+TWN+USA+ZAF.W.A.B14._T._Z._Z.PS?startPeriod=2001&endPeriod=2022&format=jsondata&dimensionAtObservation=AllDimensions",evidence/api/oecd/OECD_B14_foreign-born_2001-2022_retrieved_2026-10-07.json,See note,A,annual,,OECD IMD foreign-born stock for Chile; derived from INE/SERMIG foreign-resident estimates and Censo 2017. NOTE: OECD labels this series one year later than the corresponding B15 foreign-national series (e.g. 1534813 appears as 2021 here and as 2020 under B15). Values recorded exactly as published.,Read directly from the archived API response (evidence/api/oecd/OECD_B14_foreign-born_2001-2022_retrieved_2026-10-07.json); retrieved 2026-10-07.,2026-10-07
CHL,2004,foreign_born,223000,OECD_fb,"OECD International Migration Database (stocks of foreign-born population, measure B14)","https://sdmx.oecd.org/public/rest/data/OECD.ELS.IMD,DSD_MIG_F@DF_MIG_POPF,1.0/AUS+AUT+BEL+BGR+CHE+CHL+CHN+CZE+DEU+DNK+ESP+FIN+FRA+GBR+HRV+HUN+IND+ISL+ISR+ITA+JPN+KOR+LTU+MEX+NLD+NOR+NZL+PHL+POL+PRT+RUS+SUR+SVK+SVN+SWE+THA+TUR+TWN+USA+ZAF.W.A.B14._T._Z._Z.PS?startPeriod=2001&endPeriod=2022&format=jsondata&dimensionAtObservation=AllDimensions",evidence/api/oecd/OECD_B14_foreign-born_2001-2022_retrieved_2026-10-07.json,See note,A,annual,,OECD IMD foreign-born stock for Chile; derived from INE/SERMIG foreign-resident estimates and Censo 2017. NOTE: OECD labels this series one year later than the corresponding B15 foreign-national series (e.g. 1534813 appears as 2021 here and as 2020 under B15). Values recorded exactly as published.,Read directly from the archived API response (evidence/api/oecd/OECD_B14_foreign-born_2001-2022_retrieved_2026-10-07.json); retrieved 2026-10-07.,2026-10-07
CHL,2005,foreign_born,235545,OECD_fb,"OECD International Migration Database (stocks of foreign-born population, measure B14)","https://sdmx.oecd.org/public/rest/data/OECD.ELS.IMD,DSD_MIG_F@DF_MIG_POPF,1.0/AUS+AUT+BEL+BGR+CHE+CHL+CHN+CZE+DEU+DNK+ESP+FIN+FRA+GBR+HRV+HUN+IND+ISL+ISR+ITA+JPN+KOR+LTU+MEX+NLD+NOR+NZL+PHL+POL+PRT+RUS+SUR+SVK+SVN+SWE+THA+TUR+TWN+USA+ZAF.W.A.B14._T._Z._Z.PS?startPeriod=2001&endPeriod=2022&format=jsondata&dimensionAtObservation=AllDimensions",evidence/api/oecd/OECD_B14_foreign-born_2001-2022_retrieved_2026-10-07.json,See note,A,annual,,OECD IMD foreign-born stock for Chile; derived from INE/SERMIG foreign-resident estimates and Censo 2017. NOTE: OECD labels this series one year later than the corresponding B15 foreign-national series (e.g. 1534813 appears as 2021 here and as 2020 under B15). Values recorded exactly as published.,Read directly from the archived API response (evidence/api/oecd/OECD_B14_foreign-born_2001-2022_retrieved_2026-10-07.json); retrieved 2026-10-07.,2026-10-07
CHL,2006,foreign_born,247365,OECD_fb,"OECD International Migration Database (stocks of foreign-born population, measure B14)","https://sdmx.oecd.org/public/rest/data/OECD.ELS.IMD,DSD_MIG_F@DF_MIG_POPF,1.0/AUS+AUT+BEL+BGR+CHE+CHL+CHN+CZE+DEU+DNK+ESP+FIN+FRA+GBR+HRV+HUN+IND+ISL+ISR+ITA+JPN+KOR+LTU+MEX+NLD+NOR+NZL+PHL+POL+PRT+RUS+SUR+SVK+SVN+SWE+THA+TUR+TWN+USA+ZAF.W.A.B14._T._Z._Z.PS?startPeriod=2001&endPeriod=2022&format=jsondata&dimensionAtObservation=AllDimensions",evidence/api/oecd/OECD_B14_foreign-born_2001-2022_retrieved_2026-10-07.json,See note,A,annual,,OECD IMD foreign-born stock for Chile; derived from INE/SERMIG foreign-resident estimates and Censo 2017. NOTE: OECD labels this series one year later than the corresponding B15 foreign-national series (e.g. 1534813 appears as 2021 here and as 2020 under B15). Values recorded exactly as published.,Read directly from the archived API response (evidence/api/oecd/OECD_B14_foreign-born_2001-2022_retrieved_2026-10-07.json); retrieved 2026-10-07.,2026-10-07
CHL,2007,foreign_born,258829,OECD_fb,"OECD International Migration Database (stocks of foreign-born population, measure B14)","https://sdmx.oecd.org/public/rest/data/OECD.ELS.IMD,DSD_MIG_F@DF_MIG_POPF,1.0/AUS+AUT+BEL+BGR+CHE+CHL+CHN+CZE+DEU+DNK+ESP+FIN+FRA+GBR+HRV+HUN+IND+ISL+ISR+ITA+JPN+KOR+LTU+MEX+NLD+NOR+NZL+PHL+POL+PRT+RUS+SUR+SVK+SVN+SWE+THA+TUR+TWN+USA+ZAF.W.A.B14._T._Z._Z.PS?startPeriod=2001&endPeriod=2022&format=jsondata&dimensionAtObservation=AllDimensions",evidence/api/oecd/OECD_B14_foreign-born_2001-2022_retrieved_2026-10-07.json,See note,A,annual,,OECD IMD foreign-born stock for Chile; derived from INE/SERMIG foreign-resident estimates and Censo 2017. NOTE: OECD labels this series one year later than the corresponding B15 foreign-national series (e.g. 1534813 appears as 2021 here and as 2020 under B15). Values recorded exactly as published.,Read directly from the archived API response (evidence/api/oecd/OECD_B14_foreign-born_2001-2022_retrieved_2026-10-07.json); retrieved 2026-10-07.,2026-10-07
CHL,2008,foreign_born,290901,OECD_fb,"OECD International Migration Database (stocks of foreign-born population, measure B14)","https://sdmx.oecd.org/public/rest/data/OECD.ELS.IMD,DSD_MIG_F@DF_MIG_POPF,1.0/AUS+AUT+BEL+BGR+CHE+CHL+CHN+CZE+DEU+DNK+ESP+FIN+FRA+GBR+HRV+HUN+IND+ISL+ISR+ITA+JPN+KOR+LTU+MEX+NLD+NOR+NZL+PHL+POL+PRT+RUS+SUR+SVK+SVN+SWE+THA+TUR+TWN+USA+ZAF.W.A.B14._T._Z._Z.PS?startPeriod=2001&endPeriod=2022&format=jsondata&dimensionAtObservation=AllDimensions",evidence/api/oecd/OECD_B14_foreign-born_2001-2022_retrieved_2026-10-07.json,See note,A,annual,,OECD IMD foreign-born stock for Chile; derived from INE/SERMIG foreign-resident estimates and Censo 2017. NOTE: OECD labels this series one year later than the corresponding B15 foreign-national series (e.g. 1534813 appears as 2021 here and as 2020 under B15). Values recorded exactly as published.,Read directly from the archived API response (evidence/api/oecd/OECD_B14_foreign-born_2001-2022_retrieved_2026-10-07.json); retrieved 2026-10-07.,2026-10-07
CHL,2009,foreign_born,317057,OECD_fb,"OECD International Migration Database (stocks of foreign-born population, measure B14)","https://sdmx.oecd.org/public/rest/data/OECD.ELS.IMD,DSD_MIG_F@DF_MIG_POPF,1.0/AUS+AUT+BEL+BGR+CHE+CHL+CHN+CZE+DEU+DNK+ESP+FIN+FRA+GBR+HRV+HUN+IND+ISL+ISR+ITA+JPN+KOR+LTU+MEX+NLD+NOR+NZL+PHL+POL+PRT+RUS+SUR+SVK+SVN+SWE+THA+TUR+TWN+USA+ZAF.W.A.B14._T._Z._Z.PS?startPeriod=2001&endPeriod=2022&format=jsondata&dimensionAtObservation=AllDimensions",evidence/api/oecd/OECD_B14_foreign-born_2001-2022_retrieved_2026-10-07.json,See note,A,annual,,OECD IMD foreign-born stock for Chile; derived from INE/SERMIG foreign-resident estimates and Censo 2017. NOTE: OECD labels this series one year later than the corresponding B15 foreign-national series (e.g. 1534813 appears as 2021 here and as 2020 under B15). Values recorded exactly as published.,Read directly from the archived API response (evidence/api/oecd/OECD_B14_foreign-born_2001-2022_retrieved_2026-10-07.json); retrieved 2026-10-07.,2026-10-07
CZE,2001,foreign_born,448477,OECD_fb,"OECD International Migration Database (stocks of foreign-born population, measure B14)","https://sdmx.oecd.org/public/rest/data/OECD.ELS.IMD,DSD_MIG_F@DF_MIG_POPF,1.0/AUS+AUT+BEL+BGR+CHE+CHL+CHN+CZE+DEU+DNK+ESP+FIN+FRA+GBR+HRV+HUN+IND+ISL+ISR+ITA+JPN+KOR+LTU+MEX+NLD+NOR+NZL+PHL+POL+PRT+RUS+SUR+SVK+SVN+SWE+THA+TUR+TWN+USA+ZAF.W.A.B14._T._Z._Z.PS?startPeriod=2001&endPeriod=2022&format=jsondata&dimensionAtObservation=AllDimensions",evidence/api/oecd/OECD_B14_foreign-born_2001-2022_retrieved_2026-10-07.json,See note,A,annual,splice (large gap),"OECD IMD stock. The reference date differs by country and is not carried in the API response; consult the OECD IMD metadata for this country. LARGE LEVEL GAP (5% or more): a step of this size at the join is a source effect, not a change in migration. SPLICE: this country's published series from 2010 on uses Eurostat [migr_pop3ctb]; OECD International Migration Database is used here because Eurostat [migr_pop3ctb] does not reach 2001. Over the 12 years where both exist, OECD International Migration Database is +10.95% on average (range +0.00% to +92.07%) relative to Eurostat [migr_pop3ctb].",Read directly from the archived API response (evidence/api/oecd/OECD_B14_foreign-born_2001-2022_retrieved_2026-10-07.json); retrieved 2026-10-07.,2026-10-07
CZE,2009,foreign_born,384161,EUROSTAT_fb,Eurostat [migr_pop3ctb],https://ec.europa.eu/eurostat/api/dissemination/statistics/1.0/data/migr_pop3ctb?format=JSON&lang=EN&age=TOTAL&sex=T&unit=NR&c_birth=FOR&sinceTimePeriod=2001&untilTimePeriod=2022,evidence/api/eurostat_migr_pop3ctb_2001-2022_retrieved_2026-10-07.json,1 January,A,annual,,stock at 1 Jan; c_birth=FOR (born in a foreign country),Read directly from the archived API response (evidence/api/eurostat_migr_pop3ctb_2001-2022_retrieved_2026-10-07.json); retrieved 2026-10-07.,2026-10-07
DEU,2006,foreign_born,10371000,OECD_fb,"OECD International Migration Database (stocks of foreign-born population, measure B14)","https://sdmx.oecd.org/public/rest/data/OECD.ELS.IMD,DSD_MIG_F@DF_MIG_POPF,1.0/AUS+AUT+BEL+BGR+CHE+CHL+CHN+CZE+DEU+DNK+ESP+FIN+FRA+GBR+HRV+HUN+IND+ISL+ISR+ITA+JPN+KOR+LTU+MEX+NLD+NOR+NZL+PHL+POL+PRT+RUS+SUR+SVK+SVN+SWE+THA+TUR+TWN+USA+ZAF.W.A.B14._T._Z._Z.PS?startPeriod=2001&endPeriod=2022&format=jsondata&dimensionAtObservation=AllDimensions",evidence/api/oecd/OECD_B14_foreign-born_2001-2022_retrieved_2026-10-07.json,See note,A,annual,splice,"OECD IMD stock. The reference date differs by country and is not carried in the API response; consult the OECD IMD metadata for this country. SPLICE: this country's published series from 2010 on uses Eurostat [migr_pop3ctb]; OECD International Migration Database is used here because Eurostat [migr_pop3ctb] does not reach 2006. Over the 13 years where both exist, OECD International Migration Database is +1.56% on average (range -9.14% to +17.54%) relative to Eurostat [migr_pop3ctb].",Read directly from the archived API response (evidence/api/oecd/OECD_B14_foreign-born_2001-2022_retrieved_2026-10-07.json); retrieved 2026-10-07.,2026-10-07
DEU,2007,foreign_born,10410000,OECD_fb,"OECD International Migration Database (stocks of foreign-born population, measure B14)","https://sdmx.oecd.org/public/rest/data/OECD.ELS.IMD,DSD_MIG_F@DF_MIG_POPF,1.0/AUS+AUT+BEL+BGR+CHE+CHL+CHN+CZE+DEU+DNK+ESP+FIN+FRA+GBR+HRV+HUN+IND+ISL+ISR+ITA+JPN+KOR+LTU+MEX+NLD+NOR+NZL+PHL+POL+PRT+RUS+SUR+SVK+SVN+SWE+THA+TUR+TWN+USA+ZAF.W.A.B14._T._Z._Z.PS?startPeriod=2001&endPeriod=2022&format=jsondata&dimensionAtObservation=AllDimensions",evidence/api/oecd/OECD_B14_foreign-born_2001-2022_retrieved_2026-10-07.json,See note,A,annual,splice,"OECD IMD stock. The reference date differs by country and is not carried in the API response; consult the OECD IMD metadata for this country. SPLICE: this country's published series from 2010 on uses Eurostat [migr_pop3ctb]; OECD International Migration Database is used here because Eurostat [migr_pop3ctb] does not reach 2007. Over the 13 years where both exist, OECD International Migration Database is +1.56% on average (range -9.14% to +17.54%) relative to Eurostat [migr_pop3ctb].",Read directly from the archived API response (evidence/api/oecd/OECD_B14_foreign-born_2001-2022_retrieved_2026-10-07.json); retrieved 2026-10-07.,2026-10-07
DEU,2008,foreign_born,10505000,OECD_fb,"OECD International Migration Database (stocks of foreign-born population, measure B14)","https://sdmx.oecd.org/public/rest/data/OECD.ELS.IMD,DSD_MIG_F@DF_MIG_POPF,1.0/AUS+AUT+BEL+BGR+CHE+CHL+CHN+CZE+DEU+DNK+ESP+FIN+FRA+GBR+HRV+HUN+IND+ISL+ISR+ITA+JPN+KOR+LTU+MEX+NLD+NOR+NZL+PHL+POL+PRT+RUS+SUR+SVK+SVN+SWE+THA+TUR+TWN+USA+ZAF.W.A.B14._T._Z._Z.PS?startPeriod=2001&endPeriod=2022&format=jsondata&dimensionAtObservation=AllDimensions",evidence/api/oecd/OECD_B14_foreign-born_2001-2022_retrieved_2026-10-07.json,See note,A,annual,splice,"OECD IMD stock. The reference date differs by country and is not carried in the API response; consult the OECD IMD metadata for this country. SPLICE: this country's published series from 2010 on uses Eurostat [migr_pop3ctb]; OECD International Migration Database is used here because Eurostat [migr_pop3ctb] does not reach 2008. Over the 13 years where both exist, OECD International Migration Database is +1.56% on average (range -9.14% to +17.54%) relative to Eurostat [migr_pop3ctb].",Read directly from the archived API response (evidence/api/oecd/OECD_B14_foreign-born_2001-2022_retrieved_2026-10-07.json); retrieved 2026-10-07.,2026-10-07
DEU,2009,foreign_born,9548865,EUROSTAT_fb,Eurostat [migr_pop3ctb],https://ec.europa.eu/eurostat/api/dissemination/statistics/1.0/data/migr_pop3ctb?format=JSON&lang=EN&age=TOTAL&sex=T&unit=NR&c_birth=FOR&sinceTimePeriod=2001&untilTimePeriod=2022,evidence/api/eurostat_migr_pop3ctb_2001-2022_retrieved_2026-10-07.json,1 January,A,annual,,stock at 1 Jan; c_birth=FOR (born in a foreign country),Read directly from the archived API response (evidence/api/eurostat_migr_pop3ctb_2001-2022_retrieved_2026-10-07.json); retrieved 2026-10-07.,2026-10-07
DNK,2001,foreign_born,308674,OECD_fb,"OECD International Migration Database (stocks of foreign-born population, measure B14)","https://sdmx.oecd.org/public/rest/data/OECD.ELS.IMD,DSD_MIG_F@DF_MIG_POPF,1.0/AUS+AUT+BEL+BGR+CHE+CHL+CHN+CZE+DEU+DNK+ESP+FIN+FRA+GBR+HRV+HUN+IND+ISL+ISR+ITA+JPN+KOR+LTU+MEX+NLD+NOR+NZL+PHL+POL+PRT+RUS+SUR+SVK+SVN+SWE+THA+TUR+TWN+USA+ZAF.W.A.B14._T._Z._Z.PS?startPeriod=2001&endPeriod=2022&format=jsondata&dimensionAtObservation=AllDimensions",evidence/api/oecd/OECD_B14_foreign-born_2001-2022_retrieved_2026-10-07.json,See note,A,annual,splice (large gap),"OECD IMD stock. The reference date differs by country and is not carried in the API response; consult the OECD IMD metadata for this country. LARGE LEVEL GAP (5% or more): a step of this size at the join is a source effect, not a change in migration. SPLICE: this country's published series from 2010 on uses Eurostat [migr_pop3ctb]; OECD International Migration Database is used here because Eurostat [migr_pop3ctb] does not reach 2001. Over the 13 years where both exist, OECD International Migration Database is -15.47% on average (range -17.24% to -14.07%) relative to Eurostat [migr_pop3ctb].",Read directly from the archived API response (evidence/api/oecd/OECD_B14_foreign-born_2001-2022_retrieved_2026-10-07.json); retrieved 2026-10-07.,2026-10-07
DNK,2002,foreign_born,321794,OECD_fb,"OECD International Migration Database (stocks of foreign-born population, measure B14)","https://sdmx.oecd.org/public/rest/data/OECD.ELS.IMD,DSD_MIG_F@DF_MIG_POPF,1.0/AUS+AUT+BEL+BGR+CHE+CHL+CHN+CZE+DEU+DNK+ESP+FIN+FRA+GBR+HRV+HUN+IND+ISL+ISR+ITA+JPN+KOR+LTU+MEX+NLD+NOR+NZL+PHL+POL+PRT+RUS+SUR+SVK+SVN+SWE+THA+TUR+TWN+USA+ZAF.W.A.B14._T._Z._Z.PS?startPeriod=2001&endPeriod=2022&format=jsondata&dimensionAtObservation=AllDimensions",evidence/api/oecd/OECD_B14_foreign-born_2001-2022_retrieved_2026-10-07.json,See note,A,annual,splice (large gap),"OECD IMD stock. The reference date differs by country and is not carried in the API response; consult the OECD IMD metadata for this country. LARGE LEVEL GAP (5% or more): a step of this size at the join is a source effect, not a change in migration. SPLICE: this country's published series from 2010 on uses Eurostat [migr_pop3ctb]; OECD International Migration Database is used here because Eurostat [migr_pop3ctb] does not reach 2002. Over the 13 years where both exist, OECD International Migration Database is -15.47% on average (range -17.24% to -14.07%) relative to Eurostat [migr_pop3ctb].",Read directly from the archived API response (evidence/api/oecd/OECD_B14_foreign-born_2001-2022_retrieved_2026-10-07.json); retrieved 2026-10-07.,2026-10-07
DNK,2003,foreign_born,331506,OECD_fb,"OECD International Migration Database (stocks of foreign-born population, measure B14)","https://sdmx.oecd.org/public/rest/data/OECD.ELS.IMD,DSD_MIG_F@DF_MIG_POPF,1.0/AUS+AUT+BEL+BGR+CHE+CHL+CHN+CZE+DEU+DNK+ESP+FIN+FRA+GBR+HRV+HUN+IND+ISL+ISR+ITA+JPN+KOR+LTU+MEX+NLD+NOR+NZL+PHL+POL+PRT+RUS+SUR+SVK+SVN+SWE+THA+TUR+TWN+USA+ZAF.W.A.B14._T._Z._Z.PS?startPeriod=2001&endPeriod=2022&format=jsondata&dimensionAtObservation=AllDimensions",evidence/api/oecd/OECD_B14_foreign-born_2001-2022_retrieved_2026-10-07.json,See note,A,annual,splice (large gap),"OECD IMD stock. The reference date differs by country and is not carried in the API response; consult the OECD IMD metadata for this country. LARGE LEVEL GAP (5% or more): a step of this size at the join is a source effect, not a change in migration. SPLICE: this country's published series from 2010 on uses Eurostat [migr_pop3ctb]; OECD International Migration Database is used here because Eurostat [migr_pop3ctb] does not reach 2003. Over the 13 years where both exist, OECD International Migration Database is -15.47% on average (range -17.24% to -14.07%) relative to Eurostat [migr_pop3ctb].",Read directly from the archived API response (evidence/api/oecd/OECD_B14_foreign-born_2001-2022_retrieved_2026-10-07.json); retrieved 2026-10-07.,2026-10-07
DNK,2004,foreign_born,337802,OECD_fb,"OECD International Migration Database (stocks of foreign-born population, measure B14)","https://sdmx.oecd.org/public/rest/data/OECD.ELS.IMD,DSD_MIG_F@DF_MIG_POPF,1.0/AUS+AUT+BEL+BGR+CHE+CHL+CHN+CZE+DEU+DNK+ESP+FIN+FRA+GBR+HRV+HUN+IND+ISL+ISR+ITA+JPN+KOR+LTU+MEX+NLD+NOR+NZL+PHL+POL+PRT+RUS+SUR+SVK+SVN+SWE+THA+TUR+TWN+USA+ZAF.W.A.B14._T._Z._Z.PS?startPeriod=2001&endPeriod=2022&format=jsondata&dimensionAtObservation=AllDimensions",evidence/api/oecd/OECD_B14_foreign-born_2001-2022_retrieved_2026-10-07.json,See note,A,annual,splice (large gap),"OECD IMD stock. The reference date differs by country and is not carried in the API response; consult the OECD IMD metadata for this country. LARGE LEVEL GAP (5% or more): a step of this size at the join is a source effect, not a change in migration. SPLICE: this country's published series from 2010 on uses Eurostat [migr_pop3ctb]; OECD International Migration Database is used here because Eurostat [migr_pop3ctb] does not reach 2004. Over the 13 years where both exist, OECD International Migration Database is -15.47% on average (range -17.24% to -14.07%) relative to Eurostat [migr_pop3ctb].",Read directly from the archived API response (evidence/api/oecd/OECD_B14_foreign-born_2001-2022_retrieved_2026-10-07.json); retrieved 2026-10-07.,2026-10-07
DNK,2005,foreign_born,343367,OECD_fb,"OECD International Migration Database (stocks of foreign-born population, measure B14)","https://sdmx.oecd.org/public/rest/data/OECD.ELS.IMD,DSD_MIG_F@DF_MIG_POPF,1.0/AUS+AUT+BEL+BGR+CHE+CHL+CHN+CZE+DEU+DNK+ESP+FIN+FRA+GBR+HRV+HUN+IND+ISL+ISR+ITA+JPN+KOR+LTU+MEX+NLD+NOR+NZL+PHL+POL+PRT+RUS+SUR+SVK+SVN+SWE+THA+TUR+TWN+USA+ZAF.W.A.B14._T._Z._Z.PS?startPeriod=2001&endPeriod=2022&format=jsondata&dimensionAtObservation=AllDimensions",evidence/api/oecd/OECD_B14_foreign-born_2001-2022_retrieved_2026-10-07.json,See note,A,annual,splice (large gap),"OECD IMD stock. The reference date differs by country and is not carried in the API response; consult the OECD IMD metadata for this country. LARGE LEVEL GAP (5% or more): a step of this size at the join is a source effect, not a change in migration. SPLICE: this country's published series from 2010 on uses Eurostat [migr_pop3ctb]; OECD International Migration Database is used here because Eurostat [migr_pop3ctb] does not reach 2005. Over the 13 years where both exist, OECD International Migration Database is -15.47% on average (range -17.24% to -14.07%) relative to Eurostat [migr_pop3ctb].",Read directly from the archived API response (evidence/api/oecd/OECD_B14_foreign-born_2001-2022_retrieved_2026-10-07.json); retrieved 2026-10-07.,2026-10-07
DNK,2006,foreign_born,350436,OECD_fb,"OECD International Migration Database (stocks of foreign-born population, measure B14)","https://sdmx.oecd.org/public/rest/data/OECD.ELS.IMD,DSD_MIG_F@DF_MIG_POPF,1.0/AUS+AUT+BEL+BGR+CHE+CHL+CHN+CZE+DEU+DNK+ESP+FIN+FRA+GBR+HRV+HUN+IND+ISL+ISR+ITA+JPN+KOR+LTU+MEX+NLD+NOR+NZL+PHL+POL+PRT+RUS+SUR+SVK+SVN+SWE+THA+TUR+TWN+USA+ZAF.W.A.B14._T._Z._Z.PS?startPeriod=2001&endPeriod=2022&format=jsondata&dimensionAtObservation=AllDimensions",evidence/api/oecd/OECD_B14_foreign-born_2001-2022_retrieved_2026-10-07.json,See note,A,annual,splice (large gap),"OECD IMD stock. The reference date differs by country and is not carried in the API response; consult the OECD IMD metadata for this country. LARGE LEVEL GAP (5% or more): a step of this size at the join is a source effect, not a change in migration. SPLICE: this country's published series from 2010 on uses Eurostat [migr_pop3ctb]; OECD International Migration Database is used here because Eurostat [migr_pop3ctb] does not reach 2006. Over the 13 years where both exist, OECD International Migration Database is -15.47% on average (range -17.24% to -14.07%) relative to Eurostat [migr_pop3ctb].",Read directly from the archived API response (evidence/api/oecd/OECD_B14_foreign-born_2001-2022_retrieved_2026-10-07.json); retrieved 2026-10-07.,2026-10-07
DNK,2007,foreign_born,360902,OECD_fb,"OECD International Migration Database (stocks of foreign-born population, measure B14)","https://sdmx.oecd.org/public/rest/data/OECD.ELS.IMD,DSD_MIG_F@DF_MIG_POPF,1.0/AUS+AUT+BEL+BGR+CHE+CHL+CHN+CZE+DEU+DNK+ESP+FIN+FRA+GBR+HRV+HUN+IND+ISL+ISR+ITA+JPN+KOR+LTU+MEX+NLD+NOR+NZL+PHL+POL+PRT+RUS+SUR+SVK+SVN+SWE+THA+TUR+TWN+USA+ZAF.W.A.B14._T._Z._Z.PS?startPeriod=2001&endPeriod=2022&format=jsondata&dimensionAtObservation=AllDimensions",evidence/api/oecd/OECD_B14_foreign-born_2001-2022_retrieved_2026-10-07.json,See note,A,annual,splice (large gap),"OECD IMD stock. The reference date differs by country and is not carried in the API response; consult the OECD IMD metadata for this country. LARGE LEVEL GAP (5% or more): a step of this size at the join is a source effect, not a change in migration. SPLICE: this country's published series from 2010 on uses Eurostat [migr_pop3ctb]; OECD International Migration Database is used here because Eurostat [migr_pop3ctb] does not reach 2007. Over the 13 years where both exist, OECD International Migration Database is -15.47% on average (range -17.24% to -14.07%) relative to Eurostat [migr_pop3ctb].",Read directly from the archived API response (evidence/api/oecd/OECD_B14_foreign-born_2001-2022_retrieved_2026-10-07.json); retrieved 2026-10-07.,2026-10-07
DNK,2008,foreign_born,378665,OECD_fb,"OECD International Migration Database (stocks of foreign-born population, measure B14)","https://sdmx.oecd.org/public/rest/data/OECD.ELS.IMD,DSD_MIG_F@DF_MIG_POPF,1.0/AUS+AUT+BEL+BGR+CHE+CHL+CHN+CZE+DEU+DNK+ESP+FIN+FRA+GBR+HRV+HUN+IND+ISL+ISR+ITA+JPN+KOR+LTU+MEX+NLD+NOR+NZL+PHL+POL+PRT+RUS+SUR+SVK+SVN+SWE+THA+TUR+TWN+USA+ZAF.W.A.B14._T._Z._Z.PS?startPeriod=2001&endPeriod=2022&format=jsondata&dimensionAtObservation=AllDimensions",evidence/api/oecd/OECD_B14_foreign-born_2001-2022_retrieved_2026-10-07.json,See note,A,annual,splice (large gap),"OECD IMD stock. The reference date differs by country and is not carried in the API response; consult the OECD IMD metadata for this country. LARGE LEVEL GAP (5% or more): a step of this size at the join is a source effect, not a change in migration. SPLICE: this country's published series from 2010 on uses Eurostat [migr_pop3ctb]; OECD International Migration Database is used here because Eurostat [migr_pop3ctb] does not reach 2008. Over the 13 years where both exist, OECD International Migration Database is -15.47% on average (range -17.24% to -14.07%) relative to Eurostat [migr_pop3ctb].",Read directly from the archived API response (evidence/api/oecd/OECD_B14_foreign-born_2001-2022_retrieved_2026-10-07.json); retrieved 2026-10-07.,2026-10-07
DNK,2009,foreign_born,486003,EUROSTAT_fb,Eurostat [migr_pop3ctb],https://ec.europa.eu/eurostat/api/dissemination/statistics/1.0/data/migr_pop3ctb?format=JSON&lang=EN&age=TOTAL&sex=T&unit=NR&c_birth=FOR&sinceTimePeriod=2001&untilTimePeriod=2022,evidence/api/eurostat_migr_pop3ctb_2001-2022_retrieved_2026-10-07.json,1 January,A,annual,,stock at 1 Jan; c_birth=FOR (born in a foreign country),Read directly from the archived API response (evidence/api/eurostat_migr_pop3ctb_2001-2022_retrieved_2026-10-07.json); retrieved 2026-10-07.,2026-10-07
ESP,2001,foreign_born,1969270,OECD_fb,"OECD International Migration Database (stocks of foreign-born population, measure B14)","https://sdmx.oecd.org/public/rest/data/OECD.ELS.IMD,DSD_MIG_F@DF_MIG_POPF,1.0/AUS+AUT+BEL+BGR+CHE+CHL+CHN+CZE+DEU+DNK+ESP+FIN+FRA+GBR+HRV+HUN+IND+ISL+ISR+ITA+JPN+KOR+LTU+MEX+NLD+NOR+NZL+PHL+POL+PRT+RUS+SUR+SVK+SVN+SWE+THA+TUR+TWN+USA+ZAF.W.A.B14._T._Z._Z.PS?startPeriod=2001&endPeriod=2022&format=jsondata&dimensionAtObservation=AllDimensions",evidence/api/oecd/OECD_B14_foreign-born_2001-2022_retrieved_2026-10-07.json,See note,A,annual,splice,"OECD IMD stock. The reference date differs by country and is not carried in the API response; consult the OECD IMD metadata for this country. SPLICE: this country's published series from 2010 on uses Eurostat [migr_pop3ctb]; OECD International Migration Database is used here because Eurostat [migr_pop3ctb] does not reach 2001. Over the 13 years where both exist, OECD International Migration Database is +0.00% on average (range -0.26% to +0.16%) relative to Eurostat [migr_pop3ctb].",Read directly from the archived API response (evidence/api/oecd/OECD_B14_foreign-born_2001-2022_retrieved_2026-10-07.json); retrieved 2026-10-07.,2026-10-07
ESP,2002,foreign_born,2334096,EUROSTAT_fb,Eurostat [migr_pop3ctb],https://ec.europa.eu/eurostat/api/dissemination/statistics/1.0/data/migr_pop3ctb?format=JSON&lang=EN&age=TOTAL&sex=T&unit=NR&c_birth=FOR&sinceTimePeriod=2001&untilTimePeriod=2022,evidence/api/eurostat_migr_pop3ctb_2001-2022_retrieved_2026-10-07.json,1 January,A,annual,,stock at 1 Jan; c_birth=FOR (born in a foreign country),Read directly from the archived API response (evidence/api/eurostat_migr_pop3ctb_2001-2022_retrieved_2026-10-07.json); retrieved 2026-10-07.,2026-10-07
ESP,2003,foreign_born,2984092,EUROSTAT_fb,Eurostat [migr_pop3ctb],https://ec.europa.eu/eurostat/api/dissemination/statistics/1.0/data/migr_pop3ctb?format=JSON&lang=EN&age=TOTAL&sex=T&unit=NR&c_birth=FOR&sinceTimePeriod=2001&untilTimePeriod=2022,evidence/api/eurostat_migr_pop3ctb_2001-2022_retrieved_2026-10-07.json,1 January,A,annual,,stock at 1 Jan; c_birth=FOR (born in a foreign country),Read directly from the archived API response (evidence/api/eurostat_migr_pop3ctb_2001-2022_retrieved_2026-10-07.json); retrieved 2026-10-07.,2026-10-07
ESP,2004,foreign_born,3547669,EUROSTAT_fb,Eurostat [migr_pop3ctb],https://ec.europa.eu/eurostat/api/dissemination/statistics/1.0/data/migr_pop3ctb?format=JSON&lang=EN&age=TOTAL&sex=T&unit=NR&c_birth=FOR&sinceTimePeriod=2001&untilTimePeriod=2022,evidence/api/eurostat_migr_pop3ctb_2001-2022_retrieved_2026-10-07.json,1 January,A,annual,,stock at 1 Jan; c_birth=FOR (born in a foreign country),Read directly from the archived API response (evidence/api/eurostat_migr_pop3ctb_2001-2022_retrieved_2026-10-07.json); retrieved 2026-10-07.,2026-10-07
ESP,2005,foreign_born,4107228,EUROSTAT_fb,Eurostat [migr_pop3ctb],https://ec.europa.eu/eurostat/api/dissemination/statistics/1.0/data/migr_pop3ctb?format=JSON&lang=EN&age=TOTAL&sex=T&unit=NR&c_birth=FOR&sinceTimePeriod=2001&untilTimePeriod=2022,evidence/api/eurostat_migr_pop3ctb_2001-2022_retrieved_2026-10-07.json,1 January,A,annual,,stock at 1 Jan; c_birth=FOR (born in a foreign country),Read directly from the archived API response (evidence/api/eurostat_migr_pop3ctb_2001-2022_retrieved_2026-10-07.json); retrieved 2026-10-07.,2026-10-07
ESP,2006,foreign_born,4637971,EUROSTAT_fb,Eurostat [migr_pop3ctb],https://ec.europa.eu/eurostat/api/dissemination/statistics/1.0/data/migr_pop3ctb?format=JSON&lang=EN&age=TOTAL&sex=T&unit=NR&c_birth=FOR&sinceTimePeriod=2001&untilTimePeriod=2022,evidence/api/eurostat_migr_pop3ctb_2001-2022_retrieved_2026-10-07.json,1 January,A,annual,,stock at 1 Jan; c_birth=FOR (born in a foreign country),Read directly from the archived API response (evidence/api/eurostat_migr_pop3ctb_2001-2022_retrieved_2026-10-07.json); retrieved 2026-10-07.,2026-10-07
ESP,2007,foreign_born,5200060,EUROSTAT_fb,Eurostat [migr_pop3ctb],https://ec.europa.eu/eurostat/api/dissemination/statistics/1.0/data/migr_pop3ctb?format=JSON&lang=EN&age=TOTAL&sex=T&unit=NR&c_birth=FOR&sinceTimePeriod=2001&untilTimePeriod=2022,evidence/api/eurostat_migr_pop3ctb_2001-2022_retrieved_2026-10-07.json,1 January,A,annual,,stock at 1 Jan; c_birth=FOR (born in a foreign country),Read directly from the archived API response (evidence/api/eurostat_migr_pop3ctb_2001-2022_retrieved_2026-10-07.json); retrieved 2026-10-07.,2026-10-07
ESP,2008,foreign_born,5878921,EUROSTAT_fb,Eurostat [migr_pop3ctb],https://ec.europa.eu/eurostat/api/dissemination/statistics/1.0/data/migr_pop3ctb?format=JSON&lang=EN&age=TOTAL&sex=T&unit=NR&c_birth=FOR&sinceTimePeriod=2001&untilTimePeriod=2022,evidence/api/eurostat_migr_pop3ctb_2001-2022_retrieved_2026-10-07.json,1 January,A,annual,,stock at 1 Jan; c_birth=FOR (born in a foreign country),Read directly from the archived API response (evidence/api/eurostat_migr_pop3ctb_2001-2022_retrieved_2026-10-07.json); retrieved 2026-10-07.,2026-10-07
ESP,2009,foreign_born,6225516,EUROSTAT_fb,Eurostat [migr_pop3ctb],https://ec.europa.eu/eurostat/api/dissemination/statistics/1.0/data/migr_pop3ctb?format=JSON&lang=EN&age=TOTAL&sex=T&unit=NR&c_birth=FOR&sinceTimePeriod=2001&untilTimePeriod=2022,evidence/api/eurostat_migr_pop3ctb_2001-2022_retrieved_2026-10-07.json,1 January,A,annual,,stock at 1 Jan; c_birth=FOR (born in a foreign country),Read directly from the archived API response (evidence/api/eurostat_migr_pop3ctb_2001-2022_retrieved_2026-10-07.json); retrieved 2026-10-07.,2026-10-07
FIN,2001,foreign_born,136203,OECD_fb,"OECD International Migration Database (stocks of foreign-born population, measure B14)","https://sdmx.oecd.org/public/rest/data/OECD.ELS.IMD,DSD_MIG_F@DF_MIG_POPF,1.0/AUS+AUT+BEL+BGR+CHE+CHL+CHN+CZE+DEU+DNK+ESP+FIN+FRA+GBR+HRV+HUN+IND+ISL+ISR+ITA+JPN+KOR+LTU+MEX+NLD+NOR+NZL+PHL+POL+PRT+RUS+SUR+SVK+SVN+SWE+THA+TUR+TWN+USA+ZAF.W.A.B14._T._Z._Z.PS?startPeriod=2001&endPeriod=2022&format=jsondata&dimensionAtObservation=AllDimensions",evidence/api/oecd/OECD_B14_foreign-born_2001-2022_retrieved_2026-10-07.json,See note,A,annual,splice,"OECD IMD stock. The reference date differs by country and is not carried in the API response; consult the OECD IMD metadata for this country. SPLICE: this country's published series from 2010 on uses Eurostat [migr_pop3ctb]; OECD International Migration Database is used here because Eurostat [migr_pop3ctb] does not reach 2001. Over the 13 years where both exist, OECD International Migration Database is +2.42% on average (range +2.02% to +3.24%) relative to Eurostat [migr_pop3ctb].",Read directly from the archived API response (evidence/api/oecd/OECD_B14_foreign-born_2001-2022_retrieved_2026-10-07.json); retrieved 2026-10-07.,2026-10-07
FIN,2002,foreign_born,145139,OECD_fb,"OECD International Migration Database (stocks of foreign-born population, measure B14)","https://sdmx.oecd.org/public/rest/data/OECD.ELS.IMD,DSD_MIG_F@DF_MIG_POPF,1.0/AUS+AUT+BEL+BGR+CHE+CHL+CHN+CZE+DEU+DNK+ESP+FIN+FRA+GBR+HRV+HUN+IND+ISL+ISR+ITA+JPN+KOR+LTU+MEX+NLD+NOR+NZL+PHL+POL+PRT+RUS+SUR+SVK+SVN+SWE+THA+TUR+TWN+USA+ZAF.W.A.B14._T._Z._Z.PS?startPeriod=2001&endPeriod=2022&format=jsondata&dimensionAtObservation=AllDimensions",evidence/api/oecd/OECD_B14_foreign-born_2001-2022_retrieved_2026-10-07.json,See note,A,annual,splice,"OECD IMD stock. The reference date differs by country and is not carried in the API response; consult the OECD IMD metadata for this country. SPLICE: this country's published series from 2010 on uses Eurostat [migr_pop3ctb]; OECD International Migration Database is used here because Eurostat [migr_pop3ctb] does not reach 2002. Over the 13 years where both exist, OECD International Migration Database is +2.42% on average (range +2.02% to +3.24%) relative to Eurostat [migr_pop3ctb].",Read directly from the archived API response (evidence/api/oecd/OECD_B14_foreign-born_2001-2022_retrieved_2026-10-07.json); retrieved 2026-10-07.,2026-10-07
FIN,2003,foreign_born,152057,OECD_fb,"OECD International Migration Database (stocks of foreign-born population, measure B14)","https://sdmx.oecd.org/public/rest/data/OECD.ELS.IMD,DSD_MIG_F@DF_MIG_POPF,1.0/AUS+AUT+BEL+BGR+CHE+CHL+CHN+CZE+DEU+DNK+ESP+FIN+FRA+GBR+HRV+HUN+IND+ISL+ISR+ITA+JPN+KOR+LTU+MEX+NLD+NOR+NZL+PHL+POL+PRT+RUS+SUR+SVK+SVN+SWE+THA+TUR+TWN+USA+ZAF.W.A.B14._T._Z._Z.PS?startPeriod=2001&endPeriod=2022&format=jsondata&dimensionAtObservation=AllDimensions",evidence/api/oecd/OECD_B14_foreign-born_2001-2022_retrieved_2026-10-07.json,See note,A,annual,splice,"OECD IMD stock. The reference date differs by country and is not carried in the API response; consult the OECD IMD metadata for this country. SPLICE: this country's published series from 2010 on uses Eurostat [migr_pop3ctb]; OECD International Migration Database is used here because Eurostat [migr_pop3ctb] does not reach 2003. Over the 13 years where both exist, OECD International Migration Database is +2.42% on average (range +2.02% to +3.24%) relative to Eurostat [migr_pop3ctb].",Read directly from the archived API response (evidence/api/oecd/OECD_B14_foreign-born_2001-2022_retrieved_2026-10-07.json); retrieved 2026-10-07.,2026-10-07
FIN,2004,foreign_born,158867,OECD_fb,"OECD International Migration Database (stocks of foreign-born population, measure B14)","https://sdmx.oecd.org/public/rest/data/OECD.ELS.IMD,DSD_MIG_F@DF_MIG_POPF,1.0/AUS+AUT+BEL+BGR+CHE+CHL+CHN+CZE+DEU+DNK+ESP+FIN+FRA+GBR+HRV+HUN+IND+ISL+ISR+ITA+JPN+KOR+LTU+MEX+NLD+NOR+NZL+PHL+POL+PRT+RUS+SUR+SVK+SVN+SWE+THA+TUR+TWN+USA+ZAF.W.A.B14._T._Z._Z.PS?startPeriod=2001&endPeriod=2022&format=jsondata&dimensionAtObservation=AllDimensions",evidence/api/oecd/OECD_B14_foreign-born_2001-2022_retrieved_2026-10-07.json,See note,A,annual,splice,"OECD IMD stock. The reference date differs by country and is not carried in the API response; consult the OECD IMD metadata for this country. SPLICE: this country's published series from 2010 on uses Eurostat [migr_pop3ctb]; OECD International Migration Database is used here because Eurostat [migr_pop3ctb] does not reach 2004. Over the 13 years where both exist, OECD International Migration Database is +2.42% on average (range +2.02% to +3.24%) relative to Eurostat [migr_pop3ctb].",Read directly from the archived API response (evidence/api/oecd/OECD_B14_foreign-born_2001-2022_retrieved_2026-10-07.json); retrieved 2026-10-07.,2026-10-07
FIN,2005,foreign_born,166361,OECD_fb,"OECD International Migration Database (stocks of foreign-born population, measure B14)","https://sdmx.oecd.org/public/rest/data/OECD.ELS.IMD,DSD_MIG_F@DF_MIG_POPF,1.0/AUS+AUT+BEL+BGR+CHE+CHL+CHN+CZE+DEU+DNK+ESP+FIN+FRA+GBR+HRV+HUN+IND+ISL+ISR+ITA+JPN+KOR+LTU+MEX+NLD+NOR+NZL+PHL+POL+PRT+RUS+SUR+SVK+SVN+SWE+THA+TUR+TWN+USA+ZAF.W.A.B14._T._Z._Z.PS?startPeriod=2001&endPeriod=2022&format=jsondata&dimensionAtObservation=AllDimensions",evidence/api/oecd/OECD_B14_foreign-born_2001-2022_retrieved_2026-10-07.json,See note,A,annual,splice,"OECD IMD stock. The reference date differs by country and is not carried in the API response; consult the OECD IMD metadata for this country. SPLICE: this country's published series from 2010 on uses Eurostat [migr_pop3ctb]; OECD International Migration Database is used here because Eurostat [migr_pop3ctb] does not reach 2005. Over the 13 years where both exist, OECD International Migration Database is +2.42% on average (range +2.02% to +3.24%) relative to Eurostat [migr_pop3ctb].",Read directly from the archived API response (evidence/api/oecd/OECD_B14_foreign-born_2001-2022_retrieved_2026-10-07.json); retrieved 2026-10-07.,2026-10-07
FIN,2006,foreign_born,176612,OECD_fb,"OECD International Migration Database (stocks of foreign-born population, measure B14)","https://sdmx.oecd.org/public/rest/data/OECD.ELS.IMD,DSD_MIG_F@DF_MIG_POPF,1.0/AUS+AUT+BEL+BGR+CHE+CHL+CHN+CZE+DEU+DNK+ESP+FIN+FRA+GBR+HRV+HUN+IND+ISL+ISR+ITA+JPN+KOR+LTU+MEX+NLD+NOR+NZL+PHL+POL+PRT+RUS+SUR+SVK+SVN+SWE+THA+TUR+TWN+USA+ZAF.W.A.B14._T._Z._Z.PS?startPeriod=2001&endPeriod=2022&format=jsondata&dimensionAtObservation=AllDimensions",evidence/api/oecd/OECD_B14_foreign-born_2001-2022_retrieved_2026-10-07.json,See note,A,annual,splice,"OECD IMD stock. The reference date differs by country and is not carried in the API response; consult the OECD IMD metadata for this country. SPLICE: this country's published series from 2010 on uses Eurostat [migr_pop3ctb]; OECD International Migration Database is used here because Eurostat [migr_pop3ctb] does not reach 2006. Over the 13 years where both exist, OECD International Migration Database is +2.42% on average (range +2.02% to +3.24%) relative to Eurostat [migr_pop3ctb].",Read directly from the archived API response (evidence/api/oecd/OECD_B14_foreign-born_2001-2022_retrieved_2026-10-07.json); retrieved 2026-10-07.,2026-10-07
FIN,2007,foreign_born,187910,OECD_fb,"OECD International Migration Database (stocks of foreign-born population, measure B14)","https://sdmx.oecd.org/public/rest/data/OECD.ELS.IMD,DSD_MIG_F@DF_MIG_POPF,1.0/AUS+AUT+BEL+BGR+CHE+CHL+CHN+CZE+DEU+DNK+ESP+FIN+FRA+GBR+HRV+HUN+IND+ISL+ISR+ITA+JPN+KOR+LTU+MEX+NLD+NOR+NZL+PHL+POL+PRT+RUS+SUR+SVK+SVN+SWE+THA+TUR+TWN+USA+ZAF.W.A.B14._T._Z._Z.PS?startPeriod=2001&endPeriod=2022&format=jsondata&dimensionAtObservation=AllDimensions",evidence/api/oecd/OECD_B14_foreign-born_2001-2022_retrieved_2026-10-07.json,See note,A,annual,splice,"OECD IMD stock. The reference date differs by country and is not carried in the API response; consult the OECD IMD metadata for this country. SPLICE: this country's published series from 2010 on uses Eurostat [migr_pop3ctb]; OECD International Migration Database is used here because Eurostat [migr_pop3ctb] does not reach 2007. Over the 13 years where both exist, OECD International Migration Database is +2.42% on average (range +2.02% to +3.24%) relative to Eurostat [migr_pop3ctb].",Read directly from the archived API response (evidence/api/oecd/OECD_B14_foreign-born_2001-2022_retrieved_2026-10-07.json); retrieved 2026-10-07.,2026-10-07
FIN,2008,foreign_born,202528,OECD_fb,"OECD International Migration Database (stocks of foreign-born population, measure B14)","https://sdmx.oecd.org/public/rest/data/OECD.ELS.IMD,DSD_MIG_F@DF_MIG_POPF,1.0/AUS+AUT+BEL+BGR+CHE+CHL+CHN+CZE+DEU+DNK+ESP+FIN+FRA+GBR+HRV+HUN+IND+ISL+ISR+ITA+JPN+KOR+LTU+MEX+NLD+NOR+NZL+PHL+POL+PRT+RUS+SUR+SVK+SVN+SWE+THA+TUR+TWN+USA+ZAF.W.A.B14._T._Z._Z.PS?startPeriod=2001&endPeriod=2022&format=jsondata&dimensionAtObservation=AllDimensions",evidence/api/oecd/OECD_B14_foreign-born_2001-2022_retrieved_2026-10-07.json,See note,A,annual,splice,"OECD IMD stock. The reference date differs by country and is not carried in the API response; consult the OECD IMD metadata for this country. SPLICE: this country's published series from 2010 on uses Eurostat [migr_pop3ctb]; OECD International Migration Database is used here because Eurostat [migr_pop3ctb] does not reach 2008. Over the 13 years where both exist, OECD International Migration Database is +2.42% on average (range +2.02% to +3.24%) relative to Eurostat [migr_pop3ctb].",Read directly from the archived API response (evidence/api/oecd/OECD_B14_foreign-born_2001-2022_retrieved_2026-10-07.json); retrieved 2026-10-07.,2026-10-07
FIN,2009,foreign_born,214118,EUROSTAT_fb,Eurostat [migr_pop3ctb],https://ec.europa.eu/eurostat/api/dissemination/statistics/1.0/data/migr_pop3ctb?format=JSON&lang=EN&age=TOTAL&sex=T&unit=NR&c_birth=FOR&sinceTimePeriod=2001&untilTimePeriod=2022,evidence/api/eurostat_migr_pop3ctb_2001-2022_retrieved_2026-10-07.json,1 January,A,annual,,stock at 1 Jan; c_birth=FOR (born in a foreign country),Read directly from the archived API response (evidence/api/eurostat_migr_pop3ctb_2001-2022_retrieved_2026-10-07.json); retrieved 2026-10-07.,2026-10-07
FRA,2006,foreign_born,6910060,OECD_fb,"OECD International Migration Database (stocks of foreign-born population, measure B14)","https://sdmx.oecd.org/public/rest/data/OECD.ELS.IMD,DSD_MIG_F@DF_MIG_POPF,1.0/AUS+AUT+BEL+BGR+CHE+CHL+CHN+CZE+DEU+DNK+ESP+FIN+FRA+GBR+HRV+HUN+IND+ISL+ISR+ITA+JPN+KOR+LTU+MEX+NLD+NOR+NZL+PHL+POL+PRT+RUS+SUR+SVK+SVN+SWE+THA+TUR+TWN+USA+ZAF.W.A.B14._T._Z._Z.PS?startPeriod=2001&endPeriod=2022&format=jsondata&dimensionAtObservation=AllDimensions",evidence/api/oecd/OECD_B14_foreign-born_2001-2022_retrieved_2026-10-07.json,See note,A,annual,splice,"OECD IMD stock. The reference date differs by country and is not carried in the API response; consult the OECD IMD metadata for this country. SPLICE: this country's published series from 2010 on uses Eurostat [migr_pop3ctb]; OECD International Migration Database is used here because Eurostat [migr_pop3ctb] does not reach 2006. Over the 13 years where both exist, OECD International Migration Database is +0.07% on average (range -0.30% to +0.62%) relative to Eurostat [migr_pop3ctb].",Read directly from the archived API response (evidence/api/oecd/OECD_B14_foreign-born_2001-2022_retrieved_2026-10-07.json); retrieved 2026-10-07.,2026-10-07
FRA,2007,foreign_born,7013242,EUROSTAT_fb,Eurostat [migr_pop3ctb],https://ec.europa.eu/eurostat/api/dissemination/statistics/1.0/data/migr_pop3ctb?format=JSON&lang=EN&age=TOTAL&sex=T&unit=NR&c_birth=FOR&sinceTimePeriod=2001&untilTimePeriod=2022,evidence/api/eurostat_migr_pop3ctb_2001-2022_retrieved_2026-10-07.json,1 January,A,annual,,stock at 1 Jan; c_birth=FOR (born in a foreign country),Read directly from the archived API response (evidence/api/eurostat_migr_pop3ctb_2001-2022_retrieved_2026-10-07.json); retrieved 2026-10-07.,2026-10-07
FRA,2008,foreign_born,7076824,EUROSTAT_fb,Eurostat [migr_pop3ctb],https://ec.europa.eu/eurostat/api/dissemination/statistics/1.0/data/migr_pop3ctb?format=JSON&lang=EN&age=TOTAL&sex=T&unit=NR&c_birth=FOR&sinceTimePeriod=2001&untilTimePeriod=2022,evidence/api/eurostat_migr_pop3ctb_2001-2022_retrieved_2026-10-07.json,1 January,A,annual,,stock at 1 Jan; c_birth=FOR (born in a foreign country),Read directly from the archived API response (evidence/api/eurostat_migr_pop3ctb_2001-2022_retrieved_2026-10-07.json); retrieved 2026-10-07.,2026-10-07
FRA,2009,foreign_born,7245620,EUROSTAT_fb,Eurostat [migr_pop3ctb],https://ec.europa.eu/eurostat/api/dissemination/statistics/1.0/data/migr_pop3ctb?format=JSON&lang=EN&age=TOTAL&sex=T&unit=NR&c_birth=FOR&sinceTimePeriod=2001&untilTimePeriod=2022,evidence/api/eurostat_migr_pop3ctb_2001-2022_retrieved_2026-10-07.json,1 January,A,annual,,stock at 1 Jan; c_birth=FOR (born in a foreign country),Read directly from the archived API response (evidence/api/eurostat_migr_pop3ctb_2001-2022_retrieved_2026-10-07.json); retrieved 2026-10-07.,2026-10-07
GBR,2006,foreign_born,5757000,OECD_fb,"OECD International Migration Database (stocks of foreign-born population, measure B14)","https://sdmx.oecd.org/public/rest/data/OECD.ELS.IMD,DSD_MIG_F@DF_MIG_POPF,1.0/AUS+AUT+BEL+BGR+CHE+CHL+CHN+CZE+DEU+DNK+ESP+FIN+FRA+GBR+HRV+HUN+IND+ISL+ISR+ITA+JPN+KOR+LTU+MEX+NLD+NOR+NZL+PHL+POL+PRT+RUS+SUR+SVK+SVN+SWE+THA+TUR+TWN+USA+ZAF.W.A.B14._T._Z._Z.PS?startPeriod=2001&endPeriod=2022&format=jsondata&dimensionAtObservation=AllDimensions",evidence/api/oecd/OECD_B14_foreign-born_2001-2022_retrieved_2026-10-07.json,See note,A,annual,splice,"OECD IMD stock. The reference date differs by country and is not carried in the API response; consult the OECD IMD metadata for this country. SPLICE: this country's published series from 2010 on uses Eurostat [migr_pop3ctb]; OECD International Migration Database is used here because Eurostat [migr_pop3ctb] does not reach 2006. Over the 10 years where both exist, OECD International Migration Database is -0.11% on average (range -2.25% to +2.32%) relative to Eurostat [migr_pop3ctb].",Read directly from the archived API response (evidence/api/oecd/OECD_B14_foreign-born_2001-2022_retrieved_2026-10-07.json); retrieved 2026-10-07.,2026-10-07
GBR,2007,foreign_born,6192000,OECD_fb,"OECD International Migration Database (stocks of foreign-born population, measure B14)","https://sdmx.oecd.org/public/rest/data/OECD.ELS.IMD,DSD_MIG_F@DF_MIG_POPF,1.0/AUS+AUT+BEL+BGR+CHE+CHL+CHN+CZE+DEU+DNK+ESP+FIN+FRA+GBR+HRV+HUN+IND+ISL+ISR+ITA+JPN+KOR+LTU+MEX+NLD+NOR+NZL+PHL+POL+PRT+RUS+SUR+SVK+SVN+SWE+THA+TUR+TWN+USA+ZAF.W.A.B14._T._Z._Z.PS?startPeriod=2001&endPeriod=2022&format=jsondata&dimensionAtObservation=AllDimensions",evidence/api/oecd/OECD_B14_foreign-born_2001-2022_retrieved_2026-10-07.json,See note,A,annual,splice,"OECD IMD stock. The reference date differs by country and is not carried in the API response; consult the OECD IMD metadata for this country. SPLICE: this country's published series from 2010 on uses Eurostat [migr_pop3ctb]; OECD International Migration Database is used here because Eurostat [migr_pop3ctb] does not reach 2007. Over the 10 years where both exist, OECD International Migration Database is -0.11% on average (range -2.25% to +2.32%) relative to Eurostat [migr_pop3ctb].",Read directly from the archived API response (evidence/api/oecd/OECD_B14_foreign-born_2001-2022_retrieved_2026-10-07.json); retrieved 2026-10-07.,2026-10-07
GBR,2008,foreign_born,6633000,OECD_fb,"OECD International Migration Database (stocks of foreign-born population, measure B14)","https://sdmx.oecd.org/public/rest/data/OECD.ELS.IMD,DSD_MIG_F@DF_MIG_POPF,1.0/AUS+AUT+BEL+BGR+CHE+CHL+CHN+CZE+DEU+DNK+ESP+FIN+FRA+GBR+HRV+HUN+IND+ISL+ISR+ITA+JPN+KOR+LTU+MEX+NLD+NOR+NZL+PHL+POL+PRT+RUS+SUR+SVK+SVN+SWE+THA+TUR+TWN+USA+ZAF.W.A.B14._T._Z._Z.PS?startPeriod=2001&endPeriod=2022&format=jsondata&dimensionAtObservation=AllDimensions",evidence/api/oecd/OECD_B14_foreign-born_2001-2022_retrieved_2026-10-07.json,See note,A,annual,splice,"OECD IMD stock. The reference date differs by country and is not carried in the API response; consult the OECD IMD metadata for this country. SPLICE: this country's published series from 2010 on uses Eurostat [migr_pop3ctb]; OECD International Migration Database is used here because Eurostat [migr_pop3ctb] does not reach 2008. Over the 10 years where both exist, OECD International Migration Database is -0.11% on average (range -2.25% to +2.32%) relative to Eurostat [migr_pop3ctb].",Read directly from the archived API response (evidence/api/oecd/OECD_B14_foreign-born_2001-2022_retrieved_2026-10-07.json); retrieved 2026-10-07.,2026-10-07
GBR,2009,foreign_born,6861616,EUROSTAT_fb,Eurostat [migr_pop3ctb],https://ec.europa.eu/eurostat/api/dissemination/statistics/1.0/data/migr_pop3ctb?format=JSON&lang=EN&age=TOTAL&sex=T&unit=NR&c_birth=FOR&sinceTimePeriod=2001&untilTimePeriod=2022,evidence/api/eurostat_migr_pop3ctb_2001-2022_retrieved_2026-10-07.json,1 January,A,annual,,stock at 1 Jan; c_birth=FOR (born in a foreign country),Read directly from the archived API response (evidence/api/eurostat_migr_pop3ctb_2001-2022_retrieved_2026-10-07.json); retrieved 2026-10-07.,2026-10-07
HUN,2001,foreign_born,294573,OECD_fb,"OECD International Migration Database (stocks of foreign-born population, measure B14)","https://sdmx.oecd.org/public/rest/data/OECD.ELS.IMD,DSD_MIG_F@DF_MIG_POPF,1.0/AUS+AUT+BEL+BGR+CHE+CHL+CHN+CZE+DEU+DNK+ESP+FIN+FRA+GBR+HRV+HUN+IND+ISL+ISR+ITA+JPN+KOR+LTU+MEX+NLD+NOR+NZL+PHL+POL+PRT+RUS+SUR+SVK+SVN+SWE+THA+TUR+TWN+USA+ZAF.W.A.B14._T._Z._Z.PS?startPeriod=2001&endPeriod=2022&format=jsondata&dimensionAtObservation=AllDimensions",evidence/api/oecd/OECD_B14_foreign-born_2001-2022_retrieved_2026-10-07.json,See note,A,annual,splice,"OECD IMD stock. The reference date differs by country and is not carried in the API response; consult the OECD IMD metadata for this country. SPLICE: this country's published series from 2010 on uses Eurostat [migr_pop3ctb]; OECD International Migration Database is used here because Eurostat [migr_pop3ctb] does not reach 2001. Over the 13 years where both exist, OECD International Migration Database is +0.01% on average (range -0.52% to +0.23%) relative to Eurostat [migr_pop3ctb].",Read directly from the archived API response (evidence/api/oecd/OECD_B14_foreign-born_2001-2022_retrieved_2026-10-07.json); retrieved 2026-10-07.,2026-10-07
HUN,2002,foreign_born,300069,OECD_fb,"OECD International Migration Database (stocks of foreign-born population, measure B14)","https://sdmx.oecd.org/public/rest/data/OECD.ELS.IMD,DSD_MIG_F@DF_MIG_POPF,1.0/AUS+AUT+BEL+BGR+CHE+CHL+CHN+CZE+DEU+DNK+ESP+FIN+FRA+GBR+HRV+HUN+IND+ISL+ISR+ITA+JPN+KOR+LTU+MEX+NLD+NOR+NZL+PHL+POL+PRT+RUS+SUR+SVK+SVN+SWE+THA+TUR+TWN+USA+ZAF.W.A.B14._T._Z._Z.PS?startPeriod=2001&endPeriod=2022&format=jsondata&dimensionAtObservation=AllDimensions",evidence/api/oecd/OECD_B14_foreign-born_2001-2022_retrieved_2026-10-07.json,See note,A,annual,splice,"OECD IMD stock. The reference date differs by country and is not carried in the API response; consult the OECD IMD metadata for this country. SPLICE: this country's published series from 2010 on uses Eurostat [migr_pop3ctb]; OECD International Migration Database is used here because Eurostat [migr_pop3ctb] does not reach 2002. Over the 13 years where both exist, OECD International Migration Database is +0.01% on average (range -0.52% to +0.23%) relative to Eurostat [migr_pop3ctb].",Read directly from the archived API response (evidence/api/oecd/OECD_B14_foreign-born_2001-2022_retrieved_2026-10-07.json); retrieved 2026-10-07.,2026-10-07
HUN,2003,foreign_born,302750,OECD_fb,"OECD International Migration Database (stocks of foreign-born population, measure B14)","https://sdmx.oecd.org/public/rest/data/OECD.ELS.IMD,DSD_MIG_F@DF_MIG_POPF,1.0/AUS+AUT+BEL+BGR+CHE+CHL+CHN+CZE+DEU+DNK+ESP+FIN+FRA+GBR+HRV+HUN+IND+ISL+ISR+ITA+JPN+KOR+LTU+MEX+NLD+NOR+NZL+PHL+POL+PRT+RUS+SUR+SVK+SVN+SWE+THA+TUR+TWN+USA+ZAF.W.A.B14._T._Z._Z.PS?startPeriod=2001&endPeriod=2022&format=jsondata&dimensionAtObservation=AllDimensions",evidence/api/oecd/OECD_B14_foreign-born_2001-2022_retrieved_2026-10-07.json,See note,A,annual,splice,"OECD IMD stock. The reference date differs by country and is not carried in the API response; consult the OECD IMD metadata for this country. SPLICE: this country's published series from 2010 on uses Eurostat [migr_pop3ctb]; OECD International Migration Database is used here because Eurostat [migr_pop3ctb] does not reach 2003. Over the 13 years where both exist, OECD International Migration Database is +0.01% on average (range -0.52% to +0.23%) relative to Eurostat [migr_pop3ctb].",Read directly from the archived API response (evidence/api/oecd/OECD_B14_foreign-born_2001-2022_retrieved_2026-10-07.json); retrieved 2026-10-07.,2026-10-07
HUN,2004,foreign_born,307817,OECD_fb,"OECD International Migration Database (stocks of foreign-born population, measure B14)","https://sdmx.oecd.org/public/rest/data/OECD.ELS.IMD,DSD_MIG_F@DF_MIG_POPF,1.0/AUS+AUT+BEL+BGR+CHE+CHL+CHN+CZE+DEU+DNK+ESP+FIN+FRA+GBR+HRV+HUN+IND+ISL+ISR+ITA+JPN+KOR+LTU+MEX+NLD+NOR+NZL+PHL+POL+PRT+RUS+SUR+SVK+SVN+SWE+THA+TUR+TWN+USA+ZAF.W.A.B14._T._Z._Z.PS?startPeriod=2001&endPeriod=2022&format=jsondata&dimensionAtObservation=AllDimensions",evidence/api/oecd/OECD_B14_foreign-born_2001-2022_retrieved_2026-10-07.json,See note,A,annual,splice,"OECD IMD stock. The reference date differs by country and is not carried in the API response; consult the OECD IMD metadata for this country. SPLICE: this country's published series from 2010 on uses Eurostat [migr_pop3ctb]; OECD International Migration Database is used here because Eurostat [migr_pop3ctb] does not reach 2004. Over the 13 years where both exist, OECD International Migration Database is +0.01% on average (range -0.52% to +0.23%) relative to Eurostat [migr_pop3ctb].",Read directly from the archived API response (evidence/api/oecd/OECD_B14_foreign-born_2001-2022_retrieved_2026-10-07.json); retrieved 2026-10-07.,2026-10-07
HUN,2005,foreign_born,319000,OECD_fb,"OECD International Migration Database (stocks of foreign-born population, measure B14)","https://sdmx.oecd.org/public/rest/data/OECD.ELS.IMD,DSD_MIG_F@DF_MIG_POPF,1.0/AUS+AUT+BEL+BGR+CHE+CHL+CHN+CZE+DEU+DNK+ESP+FIN+FRA+GBR+HRV+HUN+IND+ISL+ISR+ITA+JPN+KOR+LTU+MEX+NLD+NOR+NZL+PHL+POL+PRT+RUS+SUR+SVK+SVN+SWE+THA+TUR+TWN+USA+ZAF.W.A.B14._T._Z._Z.PS?startPeriod=2001&endPeriod=2022&format=jsondata&dimensionAtObservation=AllDimensions",evidence/api/oecd/OECD_B14_foreign-born_2001-2022_retrieved_2026-10-07.json,See note,A,annual,splice,"OECD IMD stock. The reference date differs by country and is not carried in the API response; consult the OECD IMD metadata for this country. SPLICE: this country's published series from 2010 on uses Eurostat [migr_pop3ctb]; OECD International Migration Database is used here because Eurostat [migr_pop3ctb] does not reach 2005. Over the 13 years where both exist, OECD International Migration Database is +0.01% on average (range -0.52% to +0.23%) relative to Eurostat [migr_pop3ctb].",Read directly from the archived API response (evidence/api/oecd/OECD_B14_foreign-born_2001-2022_retrieved_2026-10-07.json); retrieved 2026-10-07.,2026-10-07
HUN,2006,foreign_born,331493,OECD_fb,"OECD International Migration Database (stocks of foreign-born population, measure B14)","https://sdmx.oecd.org/public/rest/data/OECD.ELS.IMD,DSD_MIG_F@DF_MIG_POPF,1.0/AUS+AUT+BEL+BGR+CHE+CHL+CHN+CZE+DEU+DNK+ESP+FIN+FRA+GBR+HRV+HUN+IND+ISL+ISR+ITA+JPN+KOR+LTU+MEX+NLD+NOR+NZL+PHL+POL+PRT+RUS+SUR+SVK+SVN+SWE+THA+TUR+TWN+USA+ZAF.W.A.B14._T._Z._Z.PS?startPeriod=2001&endPeriod=2022&format=jsondata&dimensionAtObservation=AllDimensions",evidence/api/oecd/OECD_B14_foreign-born_2001-2022_retrieved_2026-10-07.json,See note,A,annual,splice,"OECD IMD stock. The reference date differs by country and is not carried in the API response; consult the OECD IMD metadata for this country. SPLICE: this country's published series from 2010 on uses Eurostat [migr_pop3ctb]; OECD International Migration Database is used here because Eurostat [migr_pop3ctb] does not reach 2006. Over the 13 years where both exist, OECD International Migration Database is +0.01% on average (range -0.52% to +0.23%) relative to Eurostat [migr_pop3ctb].",Read directly from the archived API response (evidence/api/oecd/OECD_B14_foreign-born_2001-2022_retrieved_2026-10-07.json); retrieved 2026-10-07.,2026-10-07
HUN,2007,foreign_born,344600,OECD_fb,"OECD International Migration Database (stocks of foreign-born population, measure B14)","https://sdmx.oecd.org/public/rest/data/OECD.ELS.IMD,DSD_MIG_F@DF_MIG_POPF,1.0/AUS+AUT+BEL+BGR+CHE+CHL+CHN+CZE+DEU+DNK+ESP+FIN+FRA+GBR+HRV+HUN+IND+ISL+ISR+ITA+JPN+KOR+LTU+MEX+NLD+NOR+NZL+PHL+POL+PRT+RUS+SUR+SVK+SVN+SWE+THA+TUR+TWN+USA+ZAF.W.A.B14._T._Z._Z.PS?startPeriod=2001&endPeriod=2022&format=jsondata&dimensionAtObservation=AllDimensions",evidence/api/oecd/OECD_B14_foreign-born_2001-2022_retrieved_2026-10-07.json,See note,A,annual,splice,"OECD IMD stock. The reference date differs by country and is not carried in the API response; consult the OECD IMD metadata for this country. SPLICE: this country's published series from 2010 on uses Eurostat [migr_pop3ctb]; OECD International Migration Database is used here because Eurostat [migr_pop3ctb] does not reach 2007. Over the 13 years where both exist, OECD International Migration Database is +0.01% on average (range -0.52% to +0.23%) relative to Eurostat [migr_pop3ctb].",Read directly from the archived API response (evidence/api/oecd/OECD_B14_foreign-born_2001-2022_retrieved_2026-10-07.json); retrieved 2026-10-07.,2026-10-07
HUN,2008,foreign_born,381781,OECD_fb,"OECD International Migration Database (stocks of foreign-born population, measure B14)","https://sdmx.oecd.org/public/rest/data/OECD.ELS.IMD,DSD_MIG_F@DF_MIG_POPF,1.0/AUS+AUT+BEL+BGR+CHE+CHL+CHN+CZE+DEU+DNK+ESP+FIN+FRA+GBR+HRV+HUN+IND+ISL+ISR+ITA+JPN+KOR+LTU+MEX+NLD+NOR+NZL+PHL+POL+PRT+RUS+SUR+SVK+SVN+SWE+THA+TUR+TWN+USA+ZAF.W.A.B14._T._Z._Z.PS?startPeriod=2001&endPeriod=2022&format=jsondata&dimensionAtObservation=AllDimensions",evidence/api/oecd/OECD_B14_foreign-born_2001-2022_retrieved_2026-10-07.json,See note,A,annual,splice,"OECD IMD stock. The reference date differs by country and is not carried in the API response; consult the OECD IMD metadata for this country. SPLICE: this country's published series from 2010 on uses Eurostat [migr_pop3ctb]; OECD International Migration Database is used here because Eurostat [migr_pop3ctb] does not reach 2008. Over the 13 years where both exist, OECD International Migration Database is +0.01% on average (range -0.52% to +0.23%) relative to Eurostat [migr_pop3ctb].",Read directly from the archived API response (evidence/api/oecd/OECD_B14_foreign-born_2001-2022_retrieved_2026-10-07.json); retrieved 2026-10-07.,2026-10-07
HUN,2009,foreign_born,424031,EUROSTAT_fb,Eurostat [migr_pop3ctb],https://ec.europa.eu/eurostat/api/dissemination/statistics/1.0/data/migr_pop3ctb?format=JSON&lang=EN&age=TOTAL&sex=T&unit=NR&c_birth=FOR&sinceTimePeriod=2001&untilTimePeriod=2022,evidence/api/eurostat_migr_pop3ctb_2001-2022_retrieved_2026-10-07.json,1 January,A,annual,,stock at 1 Jan; c_birth=FOR (born in a foreign country),Read directly from the archived API response (evidence/api/eurostat_migr_pop3ctb_2001-2022_retrieved_2026-10-07.json); retrieved 2026-10-07.,2026-10-07
ISL,2001,foreign_born,16927,OECD_fb,"OECD International Migration Database (stocks of foreign-born population, measure B14)","https://sdmx.oecd.org/public/rest/data/OECD.ELS.IMD,DSD_MIG_F@DF_MIG_POPF,1.0/AUS+AUT+BEL+BGR+CHE+CHL+CHN+CZE+DEU+DNK+ESP+FIN+FRA+GBR+HRV+HUN+IND+ISL+ISR+ITA+JPN+KOR+LTU+MEX+NLD+NOR+NZL+PHL+POL+PRT+RUS+SUR+SVK+SVN+SWE+THA+TUR+TWN+USA+ZAF.W.A.B14._T._Z._Z.PS?startPeriod=2001&endPeriod=2022&format=jsondata&dimensionAtObservation=AllDimensions",evidence/api/oecd/OECD_B14_foreign-born_2001-2022_retrieved_2026-10-07.json,See note,A,annual,splice,"OECD IMD stock. The reference date differs by country and is not carried in the API response; consult the OECD IMD metadata for this country. SPLICE: this country's published series from 2010 on uses Eurostat [migr_pop3ctb]; OECD International Migration Database is used here because Eurostat [migr_pop3ctb] does not reach 2001. Over the 13 years where both exist, OECD International Migration Database is +0.74% on average (range +0.00% to +2.40%) relative to Eurostat [migr_pop3ctb].",Read directly from the archived API response (evidence/api/oecd/OECD_B14_foreign-born_2001-2022_retrieved_2026-10-07.json); retrieved 2026-10-07.,2026-10-07
ISL,2002,foreign_born,18338,OECD_fb,"OECD International Migration Database (stocks of foreign-born population, measure B14)","https://sdmx.oecd.org/public/rest/data/OECD.ELS.IMD,DSD_MIG_F@DF_MIG_POPF,1.0/AUS+AUT+BEL+BGR+CHE+CHL+CHN+CZE+DEU+DNK+ESP+FIN+FRA+GBR+HRV+HUN+IND+ISL+ISR+ITA+JPN+KOR+LTU+MEX+NLD+NOR+NZL+PHL+POL+PRT+RUS+SUR+SVK+SVN+SWE+THA+TUR+TWN+USA+ZAF.W.A.B14._T._Z._Z.PS?startPeriod=2001&endPeriod=2022&format=jsondata&dimensionAtObservation=AllDimensions",evidence/api/oecd/OECD_B14_foreign-born_2001-2022_retrieved_2026-10-07.json,See note,A,annual,splice,"OECD IMD stock. The reference date differs by country and is not carried in the API response; consult the OECD IMD metadata for this country. SPLICE: this country's published series from 2010 on uses Eurostat [migr_pop3ctb]; OECD International Migration Database is used here because Eurostat [migr_pop3ctb] does not reach 2002. Over the 13 years where both exist, OECD International Migration Database is +0.74% on average (range +0.00% to +2.40%) relative to Eurostat [migr_pop3ctb].",Read directly from the archived API response (evidence/api/oecd/OECD_B14_foreign-born_2001-2022_retrieved_2026-10-07.json); retrieved 2026-10-07.,2026-10-07
ISL,2003,foreign_born,19072,OECD_fb,"OECD International Migration Database (stocks of foreign-born population, measure B14)","https://sdmx.oecd.org/public/rest/data/OECD.ELS.IMD,DSD_MIG_F@DF_MIG_POPF,1.0/AUS+AUT+BEL+BGR+CHE+CHL+CHN+CZE+DEU+DNK+ESP+FIN+FRA+GBR+HRV+HUN+IND+ISL+ISR+ITA+JPN+KOR+LTU+MEX+NLD+NOR+NZL+PHL+POL+PRT+RUS+SUR+SVK+SVN+SWE+THA+TUR+TWN+USA+ZAF.W.A.B14._T._Z._Z.PS?startPeriod=2001&endPeriod=2022&format=jsondata&dimensionAtObservation=AllDimensions",evidence/api/oecd/OECD_B14_foreign-born_2001-2022_retrieved_2026-10-07.json,See note,A,annual,splice,"OECD IMD stock. The reference date differs by country and is not carried in the API response; consult the OECD IMD metadata for this country. SPLICE: this country's published series from 2010 on uses Eurostat [migr_pop3ctb]; OECD International Migration Database is used here because Eurostat [migr_pop3ctb] does not reach 2003. Over the 13 years where both exist, OECD International Migration Database is +0.74% on average (range +0.00% to +2.40%) relative to Eurostat [migr_pop3ctb].",Read directly from the archived API response (evidence/api/oecd/OECD_B14_foreign-born_2001-2022_retrieved_2026-10-07.json); retrieved 2026-10-07.,2026-10-07
ISL,2004,foreign_born,19530,OECD_fb,"OECD International Migration Database (stocks of foreign-born population, measure B14)","https://sdmx.oecd.org/public/rest/data/OECD.ELS.IMD,DSD_MIG_F@DF_MIG_POPF,1.0/AUS+AUT+BEL+BGR+CHE+CHL+CHN+CZE+DEU+DNK+ESP+FIN+FRA+GBR+HRV+HUN+IND+ISL+ISR+ITA+JPN+KOR+LTU+MEX+NLD+NOR+NZL+PHL+POL+PRT+RUS+SUR+SVK+SVN+SWE+THA+TUR+TWN+USA+ZAF.W.A.B14._T._Z._Z.PS?startPeriod=2001&endPeriod=2022&format=jsondata&dimensionAtObservation=AllDimensions",evidence/api/oecd/OECD_B14_foreign-born_2001-2022_retrieved_2026-10-07.json,See note,A,annual,splice,"OECD IMD stock. The reference date differs by country and is not carried in the API response; consult the OECD IMD metadata for this country. SPLICE: this country's published series from 2010 on uses Eurostat [migr_pop3ctb]; OECD International Migration Database is used here because Eurostat [migr_pop3ctb] does not reach 2004. Over the 13 years where both exist, OECD International Migration Database is +0.74% on average (range +0.00% to +2.40%) relative to Eurostat [migr_pop3ctb].",Read directly from the archived API response (evidence/api/oecd/OECD_B14_foreign-born_2001-2022_retrieved_2026-10-07.json); retrieved 2026-10-07.,2026-10-07
ISL,2005,foreign_born,20669,OECD_fb,"OECD International Migration Database (stocks of foreign-born population, measure B14)","https://sdmx.oecd.org/public/rest/data/OECD.ELS.IMD,DSD_MIG_F@DF_MIG_POPF,1.0/AUS+AUT+BEL+BGR+CHE+CHL+CHN+CZE+DEU+DNK+ESP+FIN+FRA+GBR+HRV+HUN+IND+ISL+ISR+ITA+JPN+KOR+LTU+MEX+NLD+NOR+NZL+PHL+POL+PRT+RUS+SUR+SVK+SVN+SWE+THA+TUR+TWN+USA+ZAF.W.A.B14._T._Z._Z.PS?startPeriod=2001&endPeriod=2022&format=jsondata&dimensionAtObservation=AllDimensions",evidence/api/oecd/OECD_B14_foreign-born_2001-2022_retrieved_2026-10-07.json,See note,A,annual,splice,"OECD IMD stock. The reference date differs by country and is not carried in the API response; consult the OECD IMD metadata for this country. SPLICE: this country's published series from 2010 on uses Eurostat [migr_pop3ctb]; OECD International Migration Database is used here because Eurostat [migr_pop3ctb] does not reach 2005. Over the 13 years where both exist, OECD International Migration Database is +0.74% on average (range +0.00% to +2.40%) relative to Eurostat [migr_pop3ctb].",Read directly from the archived API response (evidence/api/oecd/OECD_B14_foreign-born_2001-2022_retrieved_2026-10-07.json); retrieved 2026-10-07.,2026-10-07
ISL,2006,foreign_born,24678,OECD_fb,"OECD International Migration Database (stocks of foreign-born population, measure B14)","https://sdmx.oecd.org/public/rest/data/OECD.ELS.IMD,DSD_MIG_F@DF_MIG_POPF,1.0/AUS+AUT+BEL+BGR+CHE+CHL+CHN+CZE+DEU+DNK+ESP+FIN+FRA+GBR+HRV+HUN+IND+ISL+ISR+ITA+JPN+KOR+LTU+MEX+NLD+NOR+NZL+PHL+POL+PRT+RUS+SUR+SVK+SVN+SWE+THA+TUR+TWN+USA+ZAF.W.A.B14._T._Z._Z.PS?startPeriod=2001&endPeriod=2022&format=jsondata&dimensionAtObservation=AllDimensions",evidence/api/oecd/OECD_B14_foreign-born_2001-2022_retrieved_2026-10-07.json,See note,A,annual,splice,"OECD IMD stock. The reference date differs by country and is not carried in the API response; consult the OECD IMD metadata for this country. SPLICE: this country's published series from 2010 on uses Eurostat [migr_pop3ctb]; OECD International Migration Database is used here because Eurostat [migr_pop3ctb] does not reach 2006. Over the 13 years where both exist, OECD International Migration Database is +0.74% on average (range +0.00% to +2.40%) relative to Eurostat [migr_pop3ctb].",Read directly from the archived API response (evidence/api/oecd/OECD_B14_foreign-born_2001-2022_retrieved_2026-10-07.json); retrieved 2026-10-07.,2026-10-07
ISL,2007,foreign_born,30387,OECD_fb,"OECD International Migration Database (stocks of foreign-born population, measure B14)","https://sdmx.oecd.org/public/rest/data/OECD.ELS.IMD,DSD_MIG_F@DF_MIG_POPF,1.0/AUS+AUT+BEL+BGR+CHE+CHL+CHN+CZE+DEU+DNK+ESP+FIN+FRA+GBR+HRV+HUN+IND+ISL+ISR+ITA+JPN+KOR+LTU+MEX+NLD+NOR+NZL+PHL+POL+PRT+RUS+SUR+SVK+SVN+SWE+THA+TUR+TWN+USA+ZAF.W.A.B14._T._Z._Z.PS?startPeriod=2001&endPeriod=2022&format=jsondata&dimensionAtObservation=AllDimensions",evidence/api/oecd/OECD_B14_foreign-born_2001-2022_retrieved_2026-10-07.json,See note,A,annual,splice,"OECD IMD stock. The reference date differs by country and is not carried in the API response; consult the OECD IMD metadata for this country. SPLICE: this country's published series from 2010 on uses Eurostat [migr_pop3ctb]; OECD International Migration Database is used here because Eurostat [migr_pop3ctb] does not reach 2007. Over the 13 years where both exist, OECD International Migration Database is +0.74% on average (range +0.00% to +2.40%) relative to Eurostat [migr_pop3ctb].",Read directly from the archived API response (evidence/api/oecd/OECD_B14_foreign-born_2001-2022_retrieved_2026-10-07.json); retrieved 2026-10-07.,2026-10-07
ISL,2008,foreign_born,35885,EUROSTAT_fb,Eurostat [migr_pop3ctb],https://ec.europa.eu/eurostat/api/dissemination/statistics/1.0/data/migr_pop3ctb?format=JSON&lang=EN&age=TOTAL&sex=T&unit=NR&c_birth=FOR&sinceTimePeriod=2001&untilTimePeriod=2022,evidence/api/eurostat_migr_pop3ctb_2001-2022_retrieved_2026-10-07.json,1 January,A,annual,,stock at 1 Jan; c_birth=FOR (born in a foreign country),Read directly from the archived API response (evidence/api/eurostat_migr_pop3ctb_2001-2022_retrieved_2026-10-07.json); retrieved 2026-10-07.,2026-10-07
ISL,2009,foreign_born,37552,EUROSTAT_fb,Eurostat [migr_pop3ctb],https://ec.europa.eu/eurostat/api/dissemination/statistics/1.0/data/migr_pop3ctb?format=JSON&lang=EN&age=TOTAL&sex=T&unit=NR&c_birth=FOR&sinceTimePeriod=2001&untilTimePeriod=2022,evidence/api/eurostat_migr_pop3ctb_2001-2022_retrieved_2026-10-07.json,1 January,A,annual,,stock at 1 Jan; c_birth=FOR (born in a foreign country),Read directly from the archived API response (evidence/api/eurostat_migr_pop3ctb_2001-2022_retrieved_2026-10-07.json); retrieved 2026-10-07.,2026-10-07
ISR,2001,foreign_born,1958000,OECD_fb,"OECD International Migration Database (stocks of foreign-born population, measure B14)","https://sdmx.oecd.org/public/rest/data/OECD.ELS.IMD,DSD_MIG_F@DF_MIG_POPF,1.0/AUS+AUT+BEL+BGR+CHE+CHL+CHN+CZE+DEU+DNK+ESP+FIN+FRA+GBR+HRV+HUN+IND+ISL+ISR+ITA+JPN+KOR+LTU+MEX+NLD+NOR+NZL+PHL+POL+PRT+RUS+SUR+SVK+SVN+SWE+THA+TUR+TWN+USA+ZAF.W.A.B14._T._Z._Z.PS?startPeriod=2001&endPeriod=2022&format=jsondata&dimensionAtObservation=AllDimensions",evidence/api/oecd/OECD_B14_foreign-born_2001-2022_retrieved_2026-10-07.json,31 December,A,annual,,Population born abroad; OECD IMD series sourced from Israel CBS. Reference date 31 December. Figures for 2010-2015 are rounded by the source to the nearest 100 or 1000.,Read directly from the archived API response (evidence/api/oecd/OECD_B14_foreign-born_2001-2022_retrieved_2026-10-07.json); retrieved 2026-10-07.,2026-10-07
ISR,2002,foreign_born,1978000,OECD_fb,"OECD International Migration Database (stocks of foreign-born population, measure B14)","https://sdmx.oecd.org/public/rest/data/OECD.ELS.IMD,DSD_MIG_F@DF_MIG_POPF,1.0/AUS+AUT+BEL+BGR+CHE+CHL+CHN+CZE+DEU+DNK+ESP+FIN+FRA+GBR+HRV+HUN+IND+ISL+ISR+ITA+JPN+KOR+LTU+MEX+NLD+NOR+NZL+PHL+POL+PRT+RUS+SUR+SVK+SVN+SWE+THA+TUR+TWN+USA+ZAF.W.A.B14._T._Z._Z.PS?startPeriod=2001&endPeriod=2022&format=jsondata&dimensionAtObservation=AllDimensions",evidence/api/oecd/OECD_B14_foreign-born_2001-2022_retrieved_2026-10-07.json,31 December,A,annual,,Population born abroad; OECD IMD series sourced from Israel CBS. Reference date 31 December. Figures for 2010-2015 are rounded by the source to the nearest 100 or 1000.,Read directly from the archived API response (evidence/api/oecd/OECD_B14_foreign-born_2001-2022_retrieved_2026-10-07.json); retrieved 2026-10-07.,2026-10-07
ISR,2003,foreign_born,1983000,OECD_fb,"OECD International Migration Database (stocks of foreign-born population, measure B14)","https://sdmx.oecd.org/public/rest/data/OECD.ELS.IMD,DSD_MIG_F@DF_MIG_POPF,1.0/AUS+AUT+BEL+BGR+CHE+CHL+CHN+CZE+DEU+DNK+ESP+FIN+FRA+GBR+HRV+HUN+IND+ISL+ISR+ITA+JPN+KOR+LTU+MEX+NLD+NOR+NZL+PHL+POL+PRT+RUS+SUR+SVK+SVN+SWE+THA+TUR+TWN+USA+ZAF.W.A.B14._T._Z._Z.PS?startPeriod=2001&endPeriod=2022&format=jsondata&dimensionAtObservation=AllDimensions",evidence/api/oecd/OECD_B14_foreign-born_2001-2022_retrieved_2026-10-07.json,31 December,A,annual,,Population born abroad; OECD IMD series sourced from Israel CBS. Reference date 31 December. Figures for 2010-2015 are rounded by the source to the nearest 100 or 1000.,Read directly from the archived API response (evidence/api/oecd/OECD_B14_foreign-born_2001-2022_retrieved_2026-10-07.json); retrieved 2026-10-07.,2026-10-07
ISR,2004,foreign_born,1975000,OECD_fb,"OECD International Migration Database (stocks of foreign-born population, measure B14)","https://sdmx.oecd.org/public/rest/data/OECD.ELS.IMD,DSD_MIG_F@DF_MIG_POPF,1.0/AUS+AUT+BEL+BGR+CHE+CHL+CHN+CZE+DEU+DNK+ESP+FIN+FRA+GBR+HRV+HUN+IND+ISL+ISR+ITA+JPN+KOR+LTU+MEX+NLD+NOR+NZL+PHL+POL+PRT+RUS+SUR+SVK+SVN+SWE+THA+TUR+TWN+USA+ZAF.W.A.B14._T._Z._Z.PS?startPeriod=2001&endPeriod=2022&format=jsondata&dimensionAtObservation=AllDimensions",evidence/api/oecd/OECD_B14_foreign-born_2001-2022_retrieved_2026-10-07.json,31 December,A,annual,,Population born abroad; OECD IMD series sourced from Israel CBS. Reference date 31 December. Figures for 2010-2015 are rounded by the source to the nearest 100 or 1000.,Read directly from the archived API response (evidence/api/oecd/OECD_B14_foreign-born_2001-2022_retrieved_2026-10-07.json); retrieved 2026-10-07.,2026-10-07
ISR,2005,foreign_born,1961000,OECD_fb,"OECD International Migration Database (stocks of foreign-born population, measure B14)","https://sdmx.oecd.org/public/rest/data/OECD.ELS.IMD,DSD_MIG_F@DF_MIG_POPF,1.0/AUS+AUT+BEL+BGR+CHE+CHL+CHN+CZE+DEU+DNK+ESP+FIN+FRA+GBR+HRV+HUN+IND+ISL+ISR+ITA+JPN+KOR+LTU+MEX+NLD+NOR+NZL+PHL+POL+PRT+RUS+SUR+SVK+SVN+SWE+THA+TUR+TWN+USA+ZAF.W.A.B14._T._Z._Z.PS?startPeriod=2001&endPeriod=2022&format=jsondata&dimensionAtObservation=AllDimensions",evidence/api/oecd/OECD_B14_foreign-born_2001-2022_retrieved_2026-10-07.json,31 December,A,annual,,Population born abroad; OECD IMD series sourced from Israel CBS. Reference date 31 December. Figures for 2010-2015 are rounded by the source to the nearest 100 or 1000.,Read directly from the archived API response (evidence/api/oecd/OECD_B14_foreign-born_2001-2022_retrieved_2026-10-07.json); retrieved 2026-10-07.,2026-10-07
ISR,2006,foreign_born,1948000,OECD_fb,"OECD International Migration Database (stocks of foreign-born population, measure B14)","https://sdmx.oecd.org/public/rest/data/OECD.ELS.IMD,DSD_MIG_F@DF_MIG_POPF,1.0/AUS+AUT+BEL+BGR+CHE+CHL+CHN+CZE+DEU+DNK+ESP+FIN+FRA+GBR+HRV+HUN+IND+ISL+ISR+ITA+JPN+KOR+LTU+MEX+NLD+NOR+NZL+PHL+POL+PRT+RUS+SUR+SVK+SVN+SWE+THA+TUR+TWN+USA+ZAF.W.A.B14._T._Z._Z.PS?startPeriod=2001&endPeriod=2022&format=jsondata&dimensionAtObservation=AllDimensions",evidence/api/oecd/OECD_B14_foreign-born_2001-2022_retrieved_2026-10-07.json,31 December,A,annual,,Population born abroad; OECD IMD series sourced from Israel CBS. Reference date 31 December. Figures for 2010-2015 are rounded by the source to the nearest 100 or 1000.,Read directly from the archived API response (evidence/api/oecd/OECD_B14_foreign-born_2001-2022_retrieved_2026-10-07.json); retrieved 2026-10-07.,2026-10-07
ISR,2007,foreign_born,1930000,OECD_fb,"OECD International Migration Database (stocks of foreign-born population, measure B14)","https://sdmx.oecd.org/public/rest/data/OECD.ELS.IMD,DSD_MIG_F@DF_MIG_POPF,1.0/AUS+AUT+BEL+BGR+CHE+CHL+CHN+CZE+DEU+DNK+ESP+FIN+FRA+GBR+HRV+HUN+IND+ISL+ISR+ITA+JPN+KOR+LTU+MEX+NLD+NOR+NZL+PHL+POL+PRT+RUS+SUR+SVK+SVN+SWE+THA+TUR+TWN+USA+ZAF.W.A.B14._T._Z._Z.PS?startPeriod=2001&endPeriod=2022&format=jsondata&dimensionAtObservation=AllDimensions",evidence/api/oecd/OECD_B14_foreign-born_2001-2022_retrieved_2026-10-07.json,31 December,A,annual,,Population born abroad; OECD IMD series sourced from Israel CBS. Reference date 31 December. Figures for 2010-2015 are rounded by the source to the nearest 100 or 1000.,Read directly from the archived API response (evidence/api/oecd/OECD_B14_foreign-born_2001-2022_retrieved_2026-10-07.json); retrieved 2026-10-07.,2026-10-07
ISR,2008,foreign_born,1916200,OECD_fb,"OECD International Migration Database (stocks of foreign-born population, measure B14)","https://sdmx.oecd.org/public/rest/data/OECD.ELS.IMD,DSD_MIG_F@DF_MIG_POPF,1.0/AUS+AUT+BEL+BGR+CHE+CHL+CHN+CZE+DEU+DNK+ESP+FIN+FRA+GBR+HRV+HUN+IND+ISL+ISR+ITA+JPN+KOR+LTU+MEX+NLD+NOR+NZL+PHL+POL+PRT+RUS+SUR+SVK+SVN+SWE+THA+TUR+TWN+USA+ZAF.W.A.B14._T._Z._Z.PS?startPeriod=2001&endPeriod=2022&format=jsondata&dimensionAtObservation=AllDimensions",evidence/api/oecd/OECD_B14_foreign-born_2001-2022_retrieved_2026-10-07.json,31 December,A,annual,,Population born abroad; OECD IMD series sourced from Israel CBS. Reference date 31 December. Figures for 2010-2015 are rounded by the source to the nearest 100 or 1000.,Read directly from the archived API response (evidence/api/oecd/OECD_B14_foreign-born_2001-2022_retrieved_2026-10-07.json); retrieved 2026-10-07.,2026-10-07
ISR,2009,foreign_born,1899400,OECD_fb,"OECD International Migration Database (stocks of foreign-born population, measure B14)","https://sdmx.oecd.org/public/rest/data/OECD.ELS.IMD,DSD_MIG_F@DF_MIG_POPF,1.0/AUS+AUT+BEL+BGR+CHE+CHL+CHN+CZE+DEU+DNK+ESP+FIN+FRA+GBR+HRV+HUN+IND+ISL+ISR+ITA+JPN+KOR+LTU+MEX+NLD+NOR+NZL+PHL+POL+PRT+RUS+SUR+SVK+SVN+SWE+THA+TUR+TWN+USA+ZAF.W.A.B14._T._Z._Z.PS?startPeriod=2001&endPeriod=2022&format=jsondata&dimensionAtObservation=AllDimensions",evidence/api/oecd/OECD_B14_foreign-born_2001-2022_retrieved_2026-10-07.json,31 December,A,annual,,Population born abroad; OECD IMD series sourced from Israel CBS. Reference date 31 December. Figures for 2010-2015 are rounded by the source to the nearest 100 or 1000.,Read directly from the archived API response (evidence/api/oecd/OECD_B14_foreign-born_2001-2022_retrieved_2026-10-07.json); retrieved 2026-10-07.,2026-10-07
ITA,2002,foreign_born,2261729,EUROSTAT_fb,Eurostat [migr_pop3ctb],https://ec.europa.eu/eurostat/api/dissemination/statistics/1.0/data/migr_pop3ctb?format=JSON&lang=EN&age=TOTAL&sex=T&unit=NR&c_birth=FOR&sinceTimePeriod=2001&untilTimePeriod=2022,evidence/api/eurostat_migr_pop3ctb_2001-2022_retrieved_2026-10-07.json,1 January,A,annual,,stock at 1 Jan; c_birth=FOR (born in a foreign country),Read directly from the archived API response (evidence/api/eurostat_migr_pop3ctb_2001-2022_retrieved_2026-10-07.json); retrieved 2026-10-07.,2026-10-07
ITA,2003,foreign_born,2417218,EUROSTAT_fb,Eurostat [migr_pop3ctb],https://ec.europa.eu/eurostat/api/dissemination/statistics/1.0/data/migr_pop3ctb?format=JSON&lang=EN&age=TOTAL&sex=T&unit=NR&c_birth=FOR&sinceTimePeriod=2001&untilTimePeriod=2022,evidence/api/eurostat_migr_pop3ctb_2001-2022_retrieved_2026-10-07.json,1 January,A,annual,,stock at 1 Jan; c_birth=FOR (born in a foreign country),Read directly from the archived API response (evidence/api/eurostat_migr_pop3ctb_2001-2022_retrieved_2026-10-07.json); retrieved 2026-10-07.,2026-10-07
ITA,2004,foreign_born,2817326,EUROSTAT_fb,Eurostat [migr_pop3ctb],https://ec.europa.eu/eurostat/api/dissemination/statistics/1.0/data/migr_pop3ctb?format=JSON&lang=EN&age=TOTAL&sex=T&unit=NR&c_birth=FOR&sinceTimePeriod=2001&untilTimePeriod=2022,evidence/api/eurostat_migr_pop3ctb_2001-2022_retrieved_2026-10-07.json,1 January,A,annual,,stock at 1 Jan; c_birth=FOR (born in a foreign country),Read directly from the archived API response (evidence/api/eurostat_migr_pop3ctb_2001-2022_retrieved_2026-10-07.json); retrieved 2026-10-07.,2026-10-07
ITA,2005,foreign_born,3169038,EUROSTAT_fb,Eurostat [migr_pop3ctb],https://ec.europa.eu/eurostat/api/dissemination/statistics/1.0/data/migr_pop3ctb?format=JSON&lang=EN&age=TOTAL&sex=T&unit=NR&c_birth=FOR&sinceTimePeriod=2001&untilTimePeriod=2022,evidence/api/eurostat_migr_pop3ctb_2001-2022_retrieved_2026-10-07.json,1 January,A,annual,,stock at 1 Jan; c_birth=FOR (born in a foreign country),Read directly from the archived API response (evidence/api/eurostat_migr_pop3ctb_2001-2022_retrieved_2026-10-07.json); retrieved 2026-10-07.,2026-10-07
ITA,2006,foreign_born,3384810,EUROSTAT_fb,Eurostat [migr_pop3ctb],https://ec.europa.eu/eurostat/api/dissemination/statistics/1.0/data/migr_pop3ctb?format=JSON&lang=EN&age=TOTAL&sex=T&unit=NR&c_birth=FOR&sinceTimePeriod=2001&untilTimePeriod=2022,evidence/api/eurostat_migr_pop3ctb_2001-2022_retrieved_2026-10-07.json,1 January,A,annual,,stock at 1 Jan; c_birth=FOR (born in a foreign country),Read directly from the archived API response (evidence/api/eurostat_migr_pop3ctb_2001-2022_retrieved_2026-10-07.json); retrieved 2026-10-07.,2026-10-07
ITA,2007,foreign_born,3563728,EUROSTAT_fb,Eurostat [migr_pop3ctb],https://ec.europa.eu/eurostat/api/dissemination/statistics/1.0/data/migr_pop3ctb?format=JSON&lang=EN&age=TOTAL&sex=T&unit=NR&c_birth=FOR&sinceTimePeriod=2001&untilTimePeriod=2022,evidence/api/eurostat_migr_pop3ctb_2001-2022_retrieved_2026-10-07.json,1 January,A,annual,,stock at 1 Jan; c_birth=FOR (born in a foreign country),Read directly from the archived API response (evidence/api/eurostat_migr_pop3ctb_2001-2022_retrieved_2026-10-07.json); retrieved 2026-10-07.,2026-10-07
ITA,2008,foreign_born,3989058,EUROSTAT_fb,Eurostat [migr_pop3ctb],https://ec.europa.eu/eurostat/api/dissemination/statistics/1.0/data/migr_pop3ctb?format=JSON&lang=EN&age=TOTAL&sex=T&unit=NR&c_birth=FOR&sinceTimePeriod=2001&untilTimePeriod=2022,evidence/api/eurostat_migr_pop3ctb_2001-2022_retrieved_2026-10-07.json,1 January,A,annual,,stock at 1 Jan; c_birth=FOR (born in a foreign country),Read directly from the archived API response (evidence/api/eurostat_migr_pop3ctb_2001-2022_retrieved_2026-10-07.json); retrieved 2026-10-07.,2026-10-07
ITA,2009,foreign_born,4358808,EUROSTAT_fb,Eurostat [migr_pop3ctb],https://ec.europa.eu/eurostat/api/dissemination/statistics/1.0/data/migr_pop3ctb?format=JSON&lang=EN&age=TOTAL&sex=T&unit=NR&c_birth=FOR&sinceTimePeriod=2001&untilTimePeriod=2022,evidence/api/eurostat_migr_pop3ctb_2001-2022_retrieved_2026-10-07.json,1 January,A,annual,,stock at 1 Jan; c_birth=FOR (born in a foreign country),Read directly from the archived API response (evidence/api/eurostat_migr_pop3ctb_2001-2022_retrieved_2026-10-07.json); retrieved 2026-10-07.,2026-10-07
LTU,2001,foreign_born,246500,OECD_fb,"OECD International Migration Database (stocks of foreign-born population, measure B14)","https://sdmx.oecd.org/public/rest/data/OECD.ELS.IMD,DSD_MIG_F@DF_MIG_POPF,1.0/AUS+AUT+BEL+BGR+CHE+CHL+CHN+CZE+DEU+DNK+ESP+FIN+FRA+GBR+HRV+HUN+IND+ISL+ISR+ITA+JPN+KOR+LTU+MEX+NLD+NOR+NZL+PHL+POL+PRT+RUS+SUR+SVK+SVN+SWE+THA+TUR+TWN+USA+ZAF.W.A.B14._T._Z._Z.PS?startPeriod=2001&endPeriod=2022&format=jsondata&dimensionAtObservation=AllDimensions",evidence/api/oecd/OECD_B14_foreign-born_2001-2022_retrieved_2026-10-07.json,See note,A,annual,splice (large gap),"OECD IMD stock. The reference date differs by country and is not carried in the API response; consult the OECD IMD metadata for this country. LARGE LEVEL GAP (5% or more): a step of this size at the join is a source effect, not a change in migration. SPLICE: this country's published series from 2010 on uses Eurostat [migr_pop3ctb]; OECD International Migration Database is used here because Eurostat [migr_pop3ctb] does not reach 2001. Over the 13 years where both exist, OECD International Migration Database is +9.69% on average (range -7.07% to +43.80%) relative to Eurostat [migr_pop3ctb].",Read directly from the archived API response (evidence/api/oecd/OECD_B14_foreign-born_2001-2022_retrieved_2026-10-07.json); retrieved 2026-10-07.,2026-10-07
LTU,2002,foreign_born,218241,EUROSTAT_fb,Eurostat [migr_pop3ctb],https://ec.europa.eu/eurostat/api/dissemination/statistics/1.0/data/migr_pop3ctb?format=JSON&lang=EN&age=TOTAL&sex=T&unit=NR&c_birth=FOR&sinceTimePeriod=2001&untilTimePeriod=2022,evidence/api/eurostat_migr_pop3ctb_2001-2022_retrieved_2026-10-07.json,1 January,A,annual,,stock at 1 Jan; c_birth=FOR (born in a foreign country),Read directly from the archived API response (evidence/api/eurostat_migr_pop3ctb_2001-2022_retrieved_2026-10-07.json); retrieved 2026-10-07.,2026-10-07
LTU,2003,foreign_born,214034,EUROSTAT_fb,Eurostat [migr_pop3ctb],https://ec.europa.eu/eurostat/api/dissemination/statistics/1.0/data/migr_pop3ctb?format=JSON&lang=EN&age=TOTAL&sex=T&unit=NR&c_birth=FOR&sinceTimePeriod=2001&untilTimePeriod=2022,evidence/api/eurostat_migr_pop3ctb_2001-2022_retrieved_2026-10-07.json,1 January,A,annual,,stock at 1 Jan; c_birth=FOR (born in a foreign country),Read directly from the archived API response (evidence/api/eurostat_migr_pop3ctb_2001-2022_retrieved_2026-10-07.json); retrieved 2026-10-07.,2026-10-07
LTU,2004,foreign_born,208317,EUROSTAT_fb,Eurostat [migr_pop3ctb],https://ec.europa.eu/eurostat/api/dissemination/statistics/1.0/data/migr_pop3ctb?format=JSON&lang=EN&age=TOTAL&sex=T&unit=NR&c_birth=FOR&sinceTimePeriod=2001&untilTimePeriod=2022,evidence/api/eurostat_migr_pop3ctb_2001-2022_retrieved_2026-10-07.json,1 January,A,annual,,stock at 1 Jan; c_birth=FOR (born in a foreign country),Read directly from the archived API response (evidence/api/eurostat_migr_pop3ctb_2001-2022_retrieved_2026-10-07.json); retrieved 2026-10-07.,2026-10-07
LTU,2005,foreign_born,201209,EUROSTAT_fb,Eurostat [migr_pop3ctb],https://ec.europa.eu/eurostat/api/dissemination/statistics/1.0/data/migr_pop3ctb?format=JSON&lang=EN&age=TOTAL&sex=T&unit=NR&c_birth=FOR&sinceTimePeriod=2001&untilTimePeriod=2022,evidence/api/eurostat_migr_pop3ctb_2001-2022_retrieved_2026-10-07.json,1 January,A,annual,,stock at 1 Jan; c_birth=FOR (born in a foreign country),Read directly from the archived API response (evidence/api/eurostat_migr_pop3ctb_2001-2022_retrieved_2026-10-07.json); retrieved 2026-10-07.,2026-10-07
LTU,2006,foreign_born,192071,EUROSTAT_fb,Eurostat [migr_pop3ctb],https://ec.europa.eu/eurostat/api/dissemination/statistics/1.0/data/migr_pop3ctb?format=JSON&lang=EN&age=TOTAL&sex=T&unit=NR&c_birth=FOR&sinceTimePeriod=2001&untilTimePeriod=2022,evidence/api/eurostat_migr_pop3ctb_2001-2022_retrieved_2026-10-07.json,1 January,A,annual,,stock at 1 Jan; c_birth=FOR (born in a foreign country),Read directly from the archived API response (evidence/api/eurostat_migr_pop3ctb_2001-2022_retrieved_2026-10-07.json); retrieved 2026-10-07.,2026-10-07
LTU,2007,foreign_born,184703,EUROSTAT_fb,Eurostat [migr_pop3ctb],https://ec.europa.eu/eurostat/api/dissemination/statistics/1.0/data/migr_pop3ctb?format=JSON&lang=EN&age=TOTAL&sex=T&unit=NR&c_birth=FOR&sinceTimePeriod=2001&untilTimePeriod=2022,evidence/api/eurostat_migr_pop3ctb_2001-2022_retrieved_2026-10-07.json,1 January,A,annual,,stock at 1 Jan; c_birth=FOR (born in a foreign country),Read directly from the archived API response (evidence/api/eurostat_migr_pop3ctb_2001-2022_retrieved_2026-10-07.json); retrieved 2026-10-07.,2026-10-07
LTU,2008,foreign_born,177836,EUROSTAT_fb,Eurostat [migr_pop3ctb],https://ec.europa.eu/eurostat/api/dissemination/statistics/1.0/data/migr_pop3ctb?format=JSON&lang=EN&age=TOTAL&sex=T&unit=NR&c_birth=FOR&sinceTimePeriod=2001&untilTimePeriod=2022,evidence/api/eurostat_migr_pop3ctb_2001-2022_retrieved_2026-10-07.json,1 January,A,annual,,stock at 1 Jan; c_birth=FOR (born in a foreign country),Read directly from the archived API response (evidence/api/eurostat_migr_pop3ctb_2001-2022_retrieved_2026-10-07.json); retrieved 2026-10-07.,2026-10-07
LTU,2009,foreign_born,171179,EUROSTAT_fb,Eurostat [migr_pop3ctb],https://ec.europa.eu/eurostat/api/dissemination/statistics/1.0/data/migr_pop3ctb?format=JSON&lang=EN&age=TOTAL&sex=T&unit=NR&c_birth=FOR&sinceTimePeriod=2001&untilTimePeriod=2022,evidence/api/eurostat_migr_pop3ctb_2001-2022_retrieved_2026-10-07.json,1 January,A,annual,,stock at 1 Jan; c_birth=FOR (born in a foreign country),Read directly from the archived API response (evidence/api/eurostat_migr_pop3ctb_2001-2022_retrieved_2026-10-07.json); retrieved 2026-10-07.,2026-10-07
MEX,2005,foreign_born,611825,OECD_fb,"OECD International Migration Database (stocks of foreign-born population, measure B14)","https://sdmx.oecd.org/public/rest/data/OECD.ELS.IMD,DSD_MIG_F@DF_MIG_POPF,1.0/AUS+AUT+BEL+BGR+CHE+CHL+CHN+CZE+DEU+DNK+ESP+FIN+FRA+GBR+HRV+HUN+IND+ISL+ISR+ITA+JPN+KOR+LTU+MEX+NLD+NOR+NZL+PHL+POL+PRT+RUS+SUR+SVK+SVN+SWE+THA+TUR+TWN+USA+ZAF.W.A.B14._T._Z._Z.PS?startPeriod=2001&endPeriod=2022&format=jsondata&dimensionAtObservation=AllDimensions",evidence/api/oecd/OECD_B14_foreign-born_2001-2022_retrieved_2026-10-07.json,See note,A,annual,,"Population born abroad; OECD IMD series sourced from INEGI. 2010 value (961121) corresponds to the Censo de Población y Vivienda 2010. Years 2016, 2017, 2019, 2021 and 2022 are not published.",Read directly from the archived API response (evidence/api/oecd/OECD_B14_foreign-born_2001-2022_retrieved_2026-10-07.json); retrieved 2026-10-07.,2026-10-07
MEX,2006,foreign_born,631194,OECD_fb,"OECD International Migration Database (stocks of foreign-born population, measure B14)","https://sdmx.oecd.org/public/rest/data/OECD.ELS.IMD,DSD_MIG_F@DF_MIG_POPF,1.0/AUS+AUT+BEL+BGR+CHE+CHL+CHN+CZE+DEU+DNK+ESP+FIN+FRA+GBR+HRV+HUN+IND+ISL+ISR+ITA+JPN+KOR+LTU+MEX+NLD+NOR+NZL+PHL+POL+PRT+RUS+SUR+SVK+SVN+SWE+THA+TUR+TWN+USA+ZAF.W.A.B14._T._Z._Z.PS?startPeriod=2001&endPeriod=2022&format=jsondata&dimensionAtObservation=AllDimensions",evidence/api/oecd/OECD_B14_foreign-born_2001-2022_retrieved_2026-10-07.json,See note,A,annual,,"Population born abroad; OECD IMD series sourced from INEGI. 2010 value (961121) corresponds to the Censo de Población y Vivienda 2010. Years 2016, 2017, 2019, 2021 and 2022 are not published.",Read directly from the archived API response (evidence/api/oecd/OECD_B14_foreign-born_2001-2022_retrieved_2026-10-07.json); retrieved 2026-10-07.,2026-10-07
MEX,2007,foreign_born,722590,OECD_fb,"OECD International Migration Database (stocks of foreign-born population, measure B14)","https://sdmx.oecd.org/public/rest/data/OECD.ELS.IMD,DSD_MIG_F@DF_MIG_POPF,1.0/AUS+AUT+BEL+BGR+CHE+CHL+CHN+CZE+DEU+DNK+ESP+FIN+FRA+GBR+HRV+HUN+IND+ISL+ISR+ITA+JPN+KOR+LTU+MEX+NLD+NOR+NZL+PHL+POL+PRT+RUS+SUR+SVK+SVN+SWE+THA+TUR+TWN+USA+ZAF.W.A.B14._T._Z._Z.PS?startPeriod=2001&endPeriod=2022&format=jsondata&dimensionAtObservation=AllDimensions",evidence/api/oecd/OECD_B14_foreign-born_2001-2022_retrieved_2026-10-07.json,See note,A,annual,,"Population born abroad; OECD IMD series sourced from INEGI. 2010 value (961121) corresponds to the Censo de Población y Vivienda 2010. Years 2016, 2017, 2019, 2021 and 2022 are not published.",Read directly from the archived API response (evidence/api/oecd/OECD_B14_foreign-born_2001-2022_retrieved_2026-10-07.json); retrieved 2026-10-07.,2026-10-07
MEX,2008,foreign_born,772470,OECD_fb,"OECD International Migration Database (stocks of foreign-born population, measure B14)","https://sdmx.oecd.org/public/rest/data/OECD.ELS.IMD,DSD_MIG_F@DF_MIG_POPF,1.0/AUS+AUT+BEL+BGR+CHE+CHL+CHN+CZE+DEU+DNK+ESP+FIN+FRA+GBR+HRV+HUN+IND+ISL+ISR+ITA+JPN+KOR+LTU+MEX+NLD+NOR+NZL+PHL+POL+PRT+RUS+SUR+SVK+SVN+SWE+THA+TUR+TWN+USA+ZAF.W.A.B14._T._Z._Z.PS?startPeriod=2001&endPeriod=2022&format=jsondata&dimensionAtObservation=AllDimensions",evidence/api/oecd/OECD_B14_foreign-born_2001-2022_retrieved_2026-10-07.json,See note,A,annual,,"Population born abroad; OECD IMD series sourced from INEGI. 2010 value (961121) corresponds to the Censo de Población y Vivienda 2010. Years 2016, 2017, 2019, 2021 and 2022 are not published.",Read directly from the archived API response (evidence/api/oecd/OECD_B14_foreign-born_2001-2022_retrieved_2026-10-07.json); retrieved 2026-10-07.,2026-10-07
MEX,2009,foreign_born,885651,OECD_fb,"OECD International Migration Database (stocks of foreign-born population, measure B14)","https://sdmx.oecd.org/public/rest/data/OECD.ELS.IMD,DSD_MIG_F@DF_MIG_POPF,1.0/AUS+AUT+BEL+BGR+CHE+CHL+CHN+CZE+DEU+DNK+ESP+FIN+FRA+GBR+HRV+HUN+IND+ISL+ISR+ITA+JPN+KOR+LTU+MEX+NLD+NOR+NZL+PHL+POL+PRT+RUS+SUR+SVK+SVN+SWE+THA+TUR+TWN+USA+ZAF.W.A.B14._T._Z._Z.PS?startPeriod=2001&endPeriod=2022&format=jsondata&dimensionAtObservation=AllDimensions",evidence/api/oecd/OECD_B14_foreign-born_2001-2022_retrieved_2026-10-07.json,See note,A,annual,,"Population born abroad; OECD IMD series sourced from INEGI. 2010 value (961121) corresponds to the Censo de Población y Vivienda 2010. Years 2016, 2017, 2019, 2021 and 2022 are not published.",Read directly from the archived API response (evidence/api/oecd/OECD_B14_foreign-born_2001-2022_retrieved_2026-10-07.json); retrieved 2026-10-07.,2026-10-07
NLD,2001,foreign_born,1615377,OECD_fb,"OECD International Migration Database (stocks of foreign-born population, measure B14)","https://sdmx.oecd.org/public/rest/data/OECD.ELS.IMD,DSD_MIG_F@DF_MIG_POPF,1.0/AUS+AUT+BEL+BGR+CHE+CHL+CHN+CZE+DEU+DNK+ESP+FIN+FRA+GBR+HRV+HUN+IND+ISL+ISR+ITA+JPN+KOR+LTU+MEX+NLD+NOR+NZL+PHL+POL+PRT+RUS+SUR+SVK+SVN+SWE+THA+TUR+TWN+USA+ZAF.W.A.B14._T._Z._Z.PS?startPeriod=2001&endPeriod=2022&format=jsondata&dimensionAtObservation=AllDimensions",evidence/api/oecd/OECD_B14_foreign-born_2001-2022_retrieved_2026-10-07.json,See note,A,annual,splice,"OECD IMD stock. The reference date differs by country and is not carried in the API response; consult the OECD IMD metadata for this country. SPLICE: this country's published series from 2010 on uses Eurostat [migr_pop3ctb]; OECD International Migration Database is used here because Eurostat [migr_pop3ctb] does not reach 2001. Over the 13 years where both exist, OECD International Migration Database is +0.00% on average (range +0.00% to +0.00%) relative to Eurostat [migr_pop3ctb].",Read directly from the archived API response (evidence/api/oecd/OECD_B14_foreign-born_2001-2022_retrieved_2026-10-07.json); retrieved 2026-10-07.,2026-10-07
NLD,2002,foreign_born,1674581,OECD_fb,"OECD International Migration Database (stocks of foreign-born population, measure B14)","https://sdmx.oecd.org/public/rest/data/OECD.ELS.IMD,DSD_MIG_F@DF_MIG_POPF,1.0/AUS+AUT+BEL+BGR+CHE+CHL+CHN+CZE+DEU+DNK+ESP+FIN+FRA+GBR+HRV+HUN+IND+ISL+ISR+ITA+JPN+KOR+LTU+MEX+NLD+NOR+NZL+PHL+POL+PRT+RUS+SUR+SVK+SVN+SWE+THA+TUR+TWN+USA+ZAF.W.A.B14._T._Z._Z.PS?startPeriod=2001&endPeriod=2022&format=jsondata&dimensionAtObservation=AllDimensions",evidence/api/oecd/OECD_B14_foreign-born_2001-2022_retrieved_2026-10-07.json,See note,A,annual,splice,"OECD IMD stock. The reference date differs by country and is not carried in the API response; consult the OECD IMD metadata for this country. SPLICE: this country's published series from 2010 on uses Eurostat [migr_pop3ctb]; OECD International Migration Database is used here because Eurostat [migr_pop3ctb] does not reach 2002. Over the 13 years where both exist, OECD International Migration Database is +0.00% on average (range +0.00% to +0.00%) relative to Eurostat [migr_pop3ctb].",Read directly from the archived API response (evidence/api/oecd/OECD_B14_foreign-born_2001-2022_retrieved_2026-10-07.json); retrieved 2026-10-07.,2026-10-07
NLD,2003,foreign_born,1714155,OECD_fb,"OECD International Migration Database (stocks of foreign-born population, measure B14)","https://sdmx.oecd.org/public/rest/data/OECD.ELS.IMD,DSD_MIG_F@DF_MIG_POPF,1.0/AUS+AUT+BEL+BGR+CHE+CHL+CHN+CZE+DEU+DNK+ESP+FIN+FRA+GBR+HRV+HUN+IND+ISL+ISR+ITA+JPN+KOR+LTU+MEX+NLD+NOR+NZL+PHL+POL+PRT+RUS+SUR+SVK+SVN+SWE+THA+TUR+TWN+USA+ZAF.W.A.B14._T._Z._Z.PS?startPeriod=2001&endPeriod=2022&format=jsondata&dimensionAtObservation=AllDimensions",evidence/api/oecd/OECD_B14_foreign-born_2001-2022_retrieved_2026-10-07.json,See note,A,annual,splice,"OECD IMD stock. The reference date differs by country and is not carried in the API response; consult the OECD IMD metadata for this country. SPLICE: this country's published series from 2010 on uses Eurostat [migr_pop3ctb]; OECD International Migration Database is used here because Eurostat [migr_pop3ctb] does not reach 2003. Over the 13 years where both exist, OECD International Migration Database is +0.00% on average (range +0.00% to +0.00%) relative to Eurostat [migr_pop3ctb].",Read directly from the archived API response (evidence/api/oecd/OECD_B14_foreign-born_2001-2022_retrieved_2026-10-07.json); retrieved 2026-10-07.,2026-10-07
NLD,2004,foreign_born,1731788,OECD_fb,"OECD International Migration Database (stocks of foreign-born population, measure B14)","https://sdmx.oecd.org/public/rest/data/OECD.ELS.IMD,DSD_MIG_F@DF_MIG_POPF,1.0/AUS+AUT+BEL+BGR+CHE+CHL+CHN+CZE+DEU+DNK+ESP+FIN+FRA+GBR+HRV+HUN+IND+ISL+ISR+ITA+JPN+KOR+LTU+MEX+NLD+NOR+NZL+PHL+POL+PRT+RUS+SUR+SVK+SVN+SWE+THA+TUR+TWN+USA+ZAF.W.A.B14._T._Z._Z.PS?startPeriod=2001&endPeriod=2022&format=jsondata&dimensionAtObservation=AllDimensions",evidence/api/oecd/OECD_B14_foreign-born_2001-2022_retrieved_2026-10-07.json,See note,A,annual,splice,"OECD IMD stock. The reference date differs by country and is not carried in the API response; consult the OECD IMD metadata for this country. SPLICE: this country's published series from 2010 on uses Eurostat [migr_pop3ctb]; OECD International Migration Database is used here because Eurostat [migr_pop3ctb] does not reach 2004. Over the 13 years where both exist, OECD International Migration Database is +0.00% on average (range +0.00% to +0.00%) relative to Eurostat [migr_pop3ctb].",Read directly from the archived API response (evidence/api/oecd/OECD_B14_foreign-born_2001-2022_retrieved_2026-10-07.json); retrieved 2026-10-07.,2026-10-07
NLD,2005,foreign_born,1736107,OECD_fb,"OECD International Migration Database (stocks of foreign-born population, measure B14)","https://sdmx.oecd.org/public/rest/data/OECD.ELS.IMD,DSD_MIG_F@DF_MIG_POPF,1.0/AUS+AUT+BEL+BGR+CHE+CHL+CHN+CZE+DEU+DNK+ESP+FIN+FRA+GBR+HRV+HUN+IND+ISL+ISR+ITA+JPN+KOR+LTU+MEX+NLD+NOR+NZL+PHL+POL+PRT+RUS+SUR+SVK+SVN+SWE+THA+TUR+TWN+USA+ZAF.W.A.B14._T._Z._Z.PS?startPeriod=2001&endPeriod=2022&format=jsondata&dimensionAtObservation=AllDimensions",evidence/api/oecd/OECD_B14_foreign-born_2001-2022_retrieved_2026-10-07.json,See note,A,annual,splice,"OECD IMD stock. The reference date differs by country and is not carried in the API response; consult the OECD IMD metadata for this country. SPLICE: this country's published series from 2010 on uses Eurostat [migr_pop3ctb]; OECD International Migration Database is used here because Eurostat [migr_pop3ctb] does not reach 2005. Over the 13 years where both exist, OECD International Migration Database is +0.00% on average (range +0.00% to +0.00%) relative to Eurostat [migr_pop3ctb].",Read directly from the archived API response (evidence/api/oecd/OECD_B14_foreign-born_2001-2022_retrieved_2026-10-07.json); retrieved 2026-10-07.,2026-10-07
NLD,2006,foreign_born,1734722,OECD_fb,"OECD International Migration Database (stocks of foreign-born population, measure B14)","https://sdmx.oecd.org/public/rest/data/OECD.ELS.IMD,DSD_MIG_F@DF_MIG_POPF,1.0/AUS+AUT+BEL+BGR+CHE+CHL+CHN+CZE+DEU+DNK+ESP+FIN+FRA+GBR+HRV+HUN+IND+ISL+ISR+ITA+JPN+KOR+LTU+MEX+NLD+NOR+NZL+PHL+POL+PRT+RUS+SUR+SVK+SVN+SWE+THA+TUR+TWN+USA+ZAF.W.A.B14._T._Z._Z.PS?startPeriod=2001&endPeriod=2022&format=jsondata&dimensionAtObservation=AllDimensions",evidence/api/oecd/OECD_B14_foreign-born_2001-2022_retrieved_2026-10-07.json,See note,A,annual,splice,"OECD IMD stock. The reference date differs by country and is not carried in the API response; consult the OECD IMD metadata for this country. SPLICE: this country's published series from 2010 on uses Eurostat [migr_pop3ctb]; OECD International Migration Database is used here because Eurostat [migr_pop3ctb] does not reach 2006. Over the 13 years where both exist, OECD International Migration Database is +0.00% on average (range +0.00% to +0.00%) relative to Eurostat [migr_pop3ctb].",Read directly from the archived API response (evidence/api/oecd/OECD_B14_foreign-born_2001-2022_retrieved_2026-10-07.json); retrieved 2026-10-07.,2026-10-07
NLD,2007,foreign_born,1732379,OECD_fb,"OECD International Migration Database (stocks of foreign-born population, measure B14)","https://sdmx.oecd.org/public/rest/data/OECD.ELS.IMD,DSD_MIG_F@DF_MIG_POPF,1.0/AUS+AUT+BEL+BGR+CHE+CHL+CHN+CZE+DEU+DNK+ESP+FIN+FRA+GBR+HRV+HUN+IND+ISL+ISR+ITA+JPN+KOR+LTU+MEX+NLD+NOR+NZL+PHL+POL+PRT+RUS+SUR+SVK+SVN+SWE+THA+TUR+TWN+USA+ZAF.W.A.B14._T._Z._Z.PS?startPeriod=2001&endPeriod=2022&format=jsondata&dimensionAtObservation=AllDimensions",evidence/api/oecd/OECD_B14_foreign-born_2001-2022_retrieved_2026-10-07.json,See note,A,annual,splice,"OECD IMD stock. The reference date differs by country and is not carried in the API response; consult the OECD IMD metadata for this country. SPLICE: this country's published series from 2010 on uses Eurostat [migr_pop3ctb]; OECD International Migration Database is used here because Eurostat [migr_pop3ctb] does not reach 2007. Over the 13 years where both exist, OECD International Migration Database is +0.00% on average (range +0.00% to +0.00%) relative to Eurostat [migr_pop3ctb].",Read directly from the archived API response (evidence/api/oecd/OECD_B14_foreign-born_2001-2022_retrieved_2026-10-07.json); retrieved 2026-10-07.,2026-10-07
NLD,2008,foreign_born,1751033,OECD_fb,"OECD International Migration Database (stocks of foreign-born population, measure B14)","https://sdmx.oecd.org/public/rest/data/OECD.ELS.IMD,DSD_MIG_F@DF_MIG_POPF,1.0/AUS+AUT+BEL+BGR+CHE+CHL+CHN+CZE+DEU+DNK+ESP+FIN+FRA+GBR+HRV+HUN+IND+ISL+ISR+ITA+JPN+KOR+LTU+MEX+NLD+NOR+NZL+PHL+POL+PRT+RUS+SUR+SVK+SVN+SWE+THA+TUR+TWN+USA+ZAF.W.A.B14._T._Z._Z.PS?startPeriod=2001&endPeriod=2022&format=jsondata&dimensionAtObservation=AllDimensions",evidence/api/oecd/OECD_B14_foreign-born_2001-2022_retrieved_2026-10-07.json,See note,A,annual,splice,"OECD IMD stock. The reference date differs by country and is not carried in the API response; consult the OECD IMD metadata for this country. SPLICE: this country's published series from 2010 on uses Eurostat [migr_pop3ctb]; OECD International Migration Database is used here because Eurostat [migr_pop3ctb] does not reach 2008. Over the 13 years where both exist, OECD International Migration Database is +0.00% on average (range +0.00% to +0.00%) relative to Eurostat [migr_pop3ctb].",Read directly from the archived API response (evidence/api/oecd/OECD_B14_foreign-born_2001-2022_retrieved_2026-10-07.json); retrieved 2026-10-07.,2026-10-07
NLD,2009,foreign_born,1793744,EUROSTAT_fb,Eurostat [migr_pop3ctb],https://ec.europa.eu/eurostat/api/dissemination/statistics/1.0/data/migr_pop3ctb?format=JSON&lang=EN&age=TOTAL&sex=T&unit=NR&c_birth=FOR&sinceTimePeriod=2001&untilTimePeriod=2022,evidence/api/eurostat_migr_pop3ctb_2001-2022_retrieved_2026-10-07.json,1 January,A,annual,,stock at 1 Jan; c_birth=FOR (born in a foreign country),Read directly from the archived API response (evidence/api/eurostat_migr_pop3ctb_2001-2022_retrieved_2026-10-07.json); retrieved 2026-10-07.,2026-10-07
NOR,2001,foreign_born,305035,OECD_fb,"OECD International Migration Database (stocks of foreign-born population, measure B14)","https://sdmx.oecd.org/public/rest/data/OECD.ELS.IMD,DSD_MIG_F@DF_MIG_POPF,1.0/AUS+AUT+BEL+BGR+CHE+CHL+CHN+CZE+DEU+DNK+ESP+FIN+FRA+GBR+HRV+HUN+IND+ISL+ISR+ITA+JPN+KOR+LTU+MEX+NLD+NOR+NZL+PHL+POL+PRT+RUS+SUR+SVK+SVN+SWE+THA+TUR+TWN+USA+ZAF.W.A.B14._T._Z._Z.PS?startPeriod=2001&endPeriod=2022&format=jsondata&dimensionAtObservation=AllDimensions",evidence/api/oecd/OECD_B14_foreign-born_2001-2022_retrieved_2026-10-07.json,See note,A,annual,splice,"OECD IMD stock. The reference date differs by country and is not carried in the API response; consult the OECD IMD metadata for this country. SPLICE: this country's published series from 2010 on uses Eurostat [migr_pop3ctb]; OECD International Migration Database is used here because Eurostat [migr_pop3ctb] does not reach 2001. Over the 13 years where both exist, OECD International Migration Database is -0.70% on average (range -0.95% to +0.00%) relative to Eurostat [migr_pop3ctb].",Read directly from the archived API response (evidence/api/oecd/OECD_B14_foreign-born_2001-2022_retrieved_2026-10-07.json); retrieved 2026-10-07.,2026-10-07
NOR,2002,foreign_born,315147,OECD_fb,"OECD International Migration Database (stocks of foreign-born population, measure B14)","https://sdmx.oecd.org/public/rest/data/OECD.ELS.IMD,DSD_MIG_F@DF_MIG_POPF,1.0/AUS+AUT+BEL+BGR+CHE+CHL+CHN+CZE+DEU+DNK+ESP+FIN+FRA+GBR+HRV+HUN+IND+ISL+ISR+ITA+JPN+KOR+LTU+MEX+NLD+NOR+NZL+PHL+POL+PRT+RUS+SUR+SVK+SVN+SWE+THA+TUR+TWN+USA+ZAF.W.A.B14._T._Z._Z.PS?startPeriod=2001&endPeriod=2022&format=jsondata&dimensionAtObservation=AllDimensions",evidence/api/oecd/OECD_B14_foreign-born_2001-2022_retrieved_2026-10-07.json,See note,A,annual,splice,"OECD IMD stock. The reference date differs by country and is not carried in the API response; consult the OECD IMD metadata for this country. SPLICE: this country's published series from 2010 on uses Eurostat [migr_pop3ctb]; OECD International Migration Database is used here because Eurostat [migr_pop3ctb] does not reach 2002. Over the 13 years where both exist, OECD International Migration Database is -0.70% on average (range -0.95% to +0.00%) relative to Eurostat [migr_pop3ctb].",Read directly from the archived API response (evidence/api/oecd/OECD_B14_foreign-born_2001-2022_retrieved_2026-10-07.json); retrieved 2026-10-07.,2026-10-07
NOR,2003,foreign_born,333855,OECD_fb,"OECD International Migration Database (stocks of foreign-born population, measure B14)","https://sdmx.oecd.org/public/rest/data/OECD.ELS.IMD,DSD_MIG_F@DF_MIG_POPF,1.0/AUS+AUT+BEL+BGR+CHE+CHL+CHN+CZE+DEU+DNK+ESP+FIN+FRA+GBR+HRV+HUN+IND+ISL+ISR+ITA+JPN+KOR+LTU+MEX+NLD+NOR+NZL+PHL+POL+PRT+RUS+SUR+SVK+SVN+SWE+THA+TUR+TWN+USA+ZAF.W.A.B14._T._Z._Z.PS?startPeriod=2001&endPeriod=2022&format=jsondata&dimensionAtObservation=AllDimensions",evidence/api/oecd/OECD_B14_foreign-born_2001-2022_retrieved_2026-10-07.json,See note,A,annual,splice,"OECD IMD stock. The reference date differs by country and is not carried in the API response; consult the OECD IMD metadata for this country. SPLICE: this country's published series from 2010 on uses Eurostat [migr_pop3ctb]; OECD International Migration Database is used here because Eurostat [migr_pop3ctb] does not reach 2003. Over the 13 years where both exist, OECD International Migration Database is -0.70% on average (range -0.95% to +0.00%) relative to Eurostat [migr_pop3ctb].",Read directly from the archived API response (evidence/api/oecd/OECD_B14_foreign-born_2001-2022_retrieved_2026-10-07.json); retrieved 2026-10-07.,2026-10-07
NOR,2004,foreign_born,347280,OECD_fb,"OECD International Migration Database (stocks of foreign-born population, measure B14)","https://sdmx.oecd.org/public/rest/data/OECD.ELS.IMD,DSD_MIG_F@DF_MIG_POPF,1.0/AUS+AUT+BEL+BGR+CHE+CHL+CHN+CZE+DEU+DNK+ESP+FIN+FRA+GBR+HRV+HUN+IND+ISL+ISR+ITA+JPN+KOR+LTU+MEX+NLD+NOR+NZL+PHL+POL+PRT+RUS+SUR+SVK+SVN+SWE+THA+TUR+TWN+USA+ZAF.W.A.B14._T._Z._Z.PS?startPeriod=2001&endPeriod=2022&format=jsondata&dimensionAtObservation=AllDimensions",evidence/api/oecd/OECD_B14_foreign-born_2001-2022_retrieved_2026-10-07.json,See note,A,annual,splice,"OECD IMD stock. The reference date differs by country and is not carried in the API response; consult the OECD IMD metadata for this country. SPLICE: this country's published series from 2010 on uses Eurostat [migr_pop3ctb]; OECD International Migration Database is used here because Eurostat [migr_pop3ctb] does not reach 2004. Over the 13 years where both exist, OECD International Migration Database is -0.70% on average (range -0.95% to +0.00%) relative to Eurostat [migr_pop3ctb].",Read directly from the archived API response (evidence/api/oecd/OECD_B14_foreign-born_2001-2022_retrieved_2026-10-07.json); retrieved 2026-10-07.,2026-10-07
NOR,2005,foreign_born,361143,OECD_fb,"OECD International Migration Database (stocks of foreign-born population, measure B14)","https://sdmx.oecd.org/public/rest/data/OECD.ELS.IMD,DSD_MIG_F@DF_MIG_POPF,1.0/AUS+AUT+BEL+BGR+CHE+CHL+CHN+CZE+DEU+DNK+ESP+FIN+FRA+GBR+HRV+HUN+IND+ISL+ISR+ITA+JPN+KOR+LTU+MEX+NLD+NOR+NZL+PHL+POL+PRT+RUS+SUR+SVK+SVN+SWE+THA+TUR+TWN+USA+ZAF.W.A.B14._T._Z._Z.PS?startPeriod=2001&endPeriod=2022&format=jsondata&dimensionAtObservation=AllDimensions",evidence/api/oecd/OECD_B14_foreign-born_2001-2022_retrieved_2026-10-07.json,See note,A,annual,splice,"OECD IMD stock. The reference date differs by country and is not carried in the API response; consult the OECD IMD metadata for this country. SPLICE: this country's published series from 2010 on uses Eurostat [migr_pop3ctb]; OECD International Migration Database is used here because Eurostat [migr_pop3ctb] does not reach 2005. Over the 13 years where both exist, OECD International Migration Database is -0.70% on average (range -0.95% to +0.00%) relative to Eurostat [migr_pop3ctb].",Read directly from the archived API response (evidence/api/oecd/OECD_B14_foreign-born_2001-2022_retrieved_2026-10-07.json); retrieved 2026-10-07.,2026-10-07
NOR,2006,foreign_born,380367,OECD_fb,"OECD International Migration Database (stocks of foreign-born population, measure B14)","https://sdmx.oecd.org/public/rest/data/OECD.ELS.IMD,DSD_MIG_F@DF_MIG_POPF,1.0/AUS+AUT+BEL+BGR+CHE+CHL+CHN+CZE+DEU+DNK+ESP+FIN+FRA+GBR+HRV+HUN+IND+ISL+ISR+ITA+JPN+KOR+LTU+MEX+NLD+NOR+NZL+PHL+POL+PRT+RUS+SUR+SVK+SVN+SWE+THA+TUR+TWN+USA+ZAF.W.A.B14._T._Z._Z.PS?startPeriod=2001&endPeriod=2022&format=jsondata&dimensionAtObservation=AllDimensions",evidence/api/oecd/OECD_B14_foreign-born_2001-2022_retrieved_2026-10-07.json,See note,A,annual,splice,"OECD IMD stock. The reference date differs by country and is not carried in the API response; consult the OECD IMD metadata for this country. SPLICE: this country's published series from 2010 on uses Eurostat [migr_pop3ctb]; OECD International Migration Database is used here because Eurostat [migr_pop3ctb] does not reach 2006. Over the 13 years where both exist, OECD International Migration Database is -0.70% on average (range -0.95% to +0.00%) relative to Eurostat [migr_pop3ctb].",Read directly from the archived API response (evidence/api/oecd/OECD_B14_foreign-born_2001-2022_retrieved_2026-10-07.json); retrieved 2026-10-07.,2026-10-07
NOR,2007,foreign_born,405109,OECD_fb,"OECD International Migration Database (stocks of foreign-born population, measure B14)","https://sdmx.oecd.org/public/rest/data/OECD.ELS.IMD,DSD_MIG_F@DF_MIG_POPF,1.0/AUS+AUT+BEL+BGR+CHE+CHL+CHN+CZE+DEU+DNK+ESP+FIN+FRA+GBR+HRV+HUN+IND+ISL+ISR+ITA+JPN+KOR+LTU+MEX+NLD+NOR+NZL+PHL+POL+PRT+RUS+SUR+SVK+SVN+SWE+THA+TUR+TWN+USA+ZAF.W.A.B14._T._Z._Z.PS?startPeriod=2001&endPeriod=2022&format=jsondata&dimensionAtObservation=AllDimensions",evidence/api/oecd/OECD_B14_foreign-born_2001-2022_retrieved_2026-10-07.json,See note,A,annual,splice,"OECD IMD stock. The reference date differs by country and is not carried in the API response; consult the OECD IMD metadata for this country. SPLICE: this country's published series from 2010 on uses Eurostat [migr_pop3ctb]; OECD International Migration Database is used here because Eurostat [migr_pop3ctb] does not reach 2007. Over the 13 years where both exist, OECD International Migration Database is -0.70% on average (range -0.95% to +0.00%) relative to Eurostat [migr_pop3ctb].",Read directly from the archived API response (evidence/api/oecd/OECD_B14_foreign-born_2001-2022_retrieved_2026-10-07.json); retrieved 2026-10-07.,2026-10-07
NOR,2008,foreign_born,445360,OECD_fb,"OECD International Migration Database (stocks of foreign-born population, measure B14)","https://sdmx.oecd.org/public/rest/data/OECD.ELS.IMD,DSD_MIG_F@DF_MIG_POPF,1.0/AUS+AUT+BEL+BGR+CHE+CHL+CHN+CZE+DEU+DNK+ESP+FIN+FRA+GBR+HRV+HUN+IND+ISL+ISR+ITA+JPN+KOR+LTU+MEX+NLD+NOR+NZL+PHL+POL+PRT+RUS+SUR+SVK+SVN+SWE+THA+TUR+TWN+USA+ZAF.W.A.B14._T._Z._Z.PS?startPeriod=2001&endPeriod=2022&format=jsondata&dimensionAtObservation=AllDimensions",evidence/api/oecd/OECD_B14_foreign-born_2001-2022_retrieved_2026-10-07.json,See note,A,annual,splice,"OECD IMD stock. The reference date differs by country and is not carried in the API response; consult the OECD IMD metadata for this country. SPLICE: this country's published series from 2010 on uses Eurostat [migr_pop3ctb]; OECD International Migration Database is used here because Eurostat [migr_pop3ctb] does not reach 2008. Over the 13 years where both exist, OECD International Migration Database is -0.70% on average (range -0.95% to +0.00%) relative to Eurostat [migr_pop3ctb].",Read directly from the archived API response (evidence/api/oecd/OECD_B14_foreign-born_2001-2022_retrieved_2026-10-07.json); retrieved 2026-10-07.,2026-10-07
NOR,2009,foreign_born,488753,EUROSTAT_fb,Eurostat [migr_pop3ctb],https://ec.europa.eu/eurostat/api/dissemination/statistics/1.0/data/migr_pop3ctb?format=JSON&lang=EN&age=TOTAL&sex=T&unit=NR&c_birth=FOR&sinceTimePeriod=2001&untilTimePeriod=2022,evidence/api/eurostat_migr_pop3ctb_2001-2022_retrieved_2026-10-07.json,1 January,A,annual,,stock at 1 Jan; c_birth=FOR (born in a foreign country),Read directly from the archived API response (evidence/api/eurostat_migr_pop3ctb_2001-2022_retrieved_2026-10-07.json); retrieved 2026-10-07.,2026-10-07
NZL,2001,foreign_born,698625,OECD_fb,"OECD International Migration Database (stocks of foreign-born population, measure B14)","https://sdmx.oecd.org/public/rest/data/OECD.ELS.IMD,DSD_MIG_F@DF_MIG_POPF,1.0/AUS+AUT+BEL+BGR+CHE+CHL+CHN+CZE+DEU+DNK+ESP+FIN+FRA+GBR+HRV+HUN+IND+ISL+ISR+ITA+JPN+KOR+LTU+MEX+NLD+NOR+NZL+PHL+POL+PRT+RUS+SUR+SVK+SVN+SWE+THA+TUR+TWN+USA+ZAF.W.A.B14._T._Z._Z.PS?startPeriod=2001&endPeriod=2022&format=jsondata&dimensionAtObservation=AllDimensions",evidence/api/oecd/OECD_B14_foreign-born_2001-2022_retrieved_2026-10-07.json,Census reference date,A,annual,,"Overseas-born usually resident population from the New Zealand Census of Population and Dwellings (census years only), as compiled by OECD IMD.",Read directly from the archived API response (evidence/api/oecd/OECD_B14_foreign-born_2001-2022_retrieved_2026-10-07.json); retrieved 2026-10-07.,2026-10-07
NZL,2006,foreign_born,879537,OECD_fb,"OECD International Migration Database (stocks of foreign-born population, measure B14)","https://sdmx.oecd.org/public/rest/data/OECD.ELS.IMD,DSD_MIG_F@DF_MIG_POPF,1.0/AUS+AUT+BEL+BGR+CHE+CHL+CHN+CZE+DEU+DNK+ESP+FIN+FRA+GBR+HRV+HUN+IND+ISL+ISR+ITA+JPN+KOR+LTU+MEX+NLD+NOR+NZL+PHL+POL+PRT+RUS+SUR+SVK+SVN+SWE+THA+TUR+TWN+USA+ZAF.W.A.B14._T._Z._Z.PS?startPeriod=2001&endPeriod=2022&format=jsondata&dimensionAtObservation=AllDimensions",evidence/api/oecd/OECD_B14_foreign-born_2001-2022_retrieved_2026-10-07.json,Census reference date,A,annual,,"Overseas-born usually resident population from the New Zealand Census of Population and Dwellings (census years only), as compiled by OECD IMD.",Read directly from the archived API response (evidence/api/oecd/OECD_B14_foreign-born_2001-2022_retrieved_2026-10-07.json); retrieved 2026-10-07.,2026-10-07
POL,2001,foreign_born,776185,OECD_fb,"OECD International Migration Database (stocks of foreign-born population, measure B14)","https://sdmx.oecd.org/public/rest/data/OECD.ELS.IMD,DSD_MIG_F@DF_MIG_POPF,1.0/AUS+AUT+BEL+BGR+CHE+CHL+CHN+CZE+DEU+DNK+ESP+FIN+FRA+GBR+HRV+HUN+IND+ISL+ISR+ITA+JPN+KOR+LTU+MEX+NLD+NOR+NZL+PHL+POL+PRT+RUS+SUR+SVK+SVN+SWE+THA+TUR+TWN+USA+ZAF.W.A.B14._T._Z._Z.PS?startPeriod=2001&endPeriod=2022&format=jsondata&dimensionAtObservation=AllDimensions",evidence/api/oecd/OECD_B14_foreign-born_2001-2022_retrieved_2026-10-07.json,See note,A,annual,splice (large gap),"OECD IMD stock. The reference date differs by country and is not carried in the API response; consult the OECD IMD metadata for this country. LARGE LEVEL GAP (5% or more): a step of this size at the join is a source effect, not a change in migration. SPLICE: this country's published series from 2010 on uses Eurostat [migr_pop3ctb]; OECD International Migration Database is used here because Eurostat [migr_pop3ctb] does not reach 2001. Over the 1 years where both exist, OECD International Migration Database is +5.88% on average (range +5.88% to +5.88%) relative to Eurostat [migr_pop3ctb].",Read directly from the archived API response (evidence/api/oecd/OECD_B14_foreign-born_2001-2022_retrieved_2026-10-07.json); retrieved 2026-10-07.,2026-10-07
POL,2009,foreign_born,453248,EUROSTAT_fb,Eurostat [migr_pop3ctb],https://ec.europa.eu/eurostat/api/dissemination/statistics/1.0/data/migr_pop3ctb?format=JSON&lang=EN&age=TOTAL&sex=T&unit=NR&c_birth=FOR&sinceTimePeriod=2001&untilTimePeriod=2022,evidence/api/eurostat_migr_pop3ctb_2001-2022_retrieved_2026-10-07.json,1 January,A,annual,,stock at 1 Jan; c_birth=FOR (born in a foreign country),Read directly from the archived API response (evidence/api/eurostat_migr_pop3ctb_2001-2022_retrieved_2026-10-07.json); retrieved 2026-10-07.,2026-10-07
PRT,2002,foreign_born,651472,OECD_fb,"OECD International Migration Database (stocks of foreign-born population, measure B14)","https://sdmx.oecd.org/public/rest/data/OECD.ELS.IMD,DSD_MIG_F@DF_MIG_POPF,1.0/AUS+AUT+BEL+BGR+CHE+CHL+CHN+CZE+DEU+DNK+ESP+FIN+FRA+GBR+HRV+HUN+IND+ISL+ISR+ITA+JPN+KOR+LTU+MEX+NLD+NOR+NZL+PHL+POL+PRT+RUS+SUR+SVK+SVN+SWE+THA+TUR+TWN+USA+ZAF.W.A.B14._T._Z._Z.PS?startPeriod=2001&endPeriod=2022&format=jsondata&dimensionAtObservation=AllDimensions",evidence/api/oecd/OECD_B14_foreign-born_2001-2022_retrieved_2026-10-07.json,See note,A,annual,splice (large gap),"OECD IMD stock. The reference date differs by country and is not carried in the API response; consult the OECD IMD metadata for this country. LARGE LEVEL GAP (5% or more): a step of this size at the join is a source effect, not a change in migration. SPLICE: this country's published series from 2010 on uses Eurostat [migr_pop3ctb]; OECD International Migration Database is used here because Eurostat [migr_pop3ctb] does not reach 2002. Over the 2 years where both exist, OECD International Migration Database is -5.89% on average (range -27.18% to +15.40%) relative to Eurostat [migr_pop3ctb].",Read directly from the archived API response (evidence/api/oecd/OECD_B14_foreign-born_2001-2022_retrieved_2026-10-07.json); retrieved 2026-10-07.,2026-10-07
PRT,2009,foreign_born,853328,EUROSTAT_fb,Eurostat [migr_pop3ctb],https://ec.europa.eu/eurostat/api/dissemination/statistics/1.0/data/migr_pop3ctb?format=JSON&lang=EN&age=TOTAL&sex=T&unit=NR&c_birth=FOR&sinceTimePeriod=2001&untilTimePeriod=2022,evidence/api/eurostat_migr_pop3ctb_2001-2022_retrieved_2026-10-07.json,1 January,A,annual,,stock at 1 Jan; c_birth=FOR (born in a foreign country),Read directly from the archived API response (evidence/api/eurostat_migr_pop3ctb_2001-2022_retrieved_2026-10-07.json); retrieved 2026-10-07.,2026-10-07
SVK,2008,foreign_born,61361,OECD_fb,"OECD International Migration Database (stocks of foreign-born population, measure B14)","https://sdmx.oecd.org/public/rest/data/OECD.ELS.IMD,DSD_MIG_F@DF_MIG_POPF,1.0/AUS+AUT+BEL+BGR+CHE+CHL+CHN+CZE+DEU+DNK+ESP+FIN+FRA+GBR+HRV+HUN+IND+ISL+ISR+ITA+JPN+KOR+LTU+MEX+NLD+NOR+NZL+PHL+POL+PRT+RUS+SUR+SVK+SVN+SWE+THA+TUR+TWN+USA+ZAF.W.A.B14._T._Z._Z.PS?startPeriod=2001&endPeriod=2022&format=jsondata&dimensionAtObservation=AllDimensions",evidence/api/oecd/OECD_B14_foreign-born_2001-2022_retrieved_2026-10-07.json,See note,A,annual,splice (large gap),"OECD IMD stock. The reference date differs by country and is not carried in the API response; consult the OECD IMD metadata for this country. LARGE LEVEL GAP (5% or more): a step of this size at the join is a source effect, not a change in migration. SPLICE: this country's published series from 2010 on uses Eurostat [migr_pop3ctb]; OECD International Migration Database is used here because Eurostat [migr_pop3ctb] does not reach 2008. Over the 13 years where both exist, OECD International Migration Database is +19.71% on average (range +0.00% to +118.41%) relative to Eurostat [migr_pop3ctb].",Read directly from the archived API response (evidence/api/oecd/OECD_B14_foreign-born_2001-2022_retrieved_2026-10-07.json); retrieved 2026-10-07.,2026-10-07
SVN,2001,foreign_born,214946,OECD_fb,"OECD International Migration Database (stocks of foreign-born population, measure B14)","https://sdmx.oecd.org/public/rest/data/OECD.ELS.IMD,DSD_MIG_F@DF_MIG_POPF,1.0/AUS+AUT+BEL+BGR+CHE+CHL+CHN+CZE+DEU+DNK+ESP+FIN+FRA+GBR+HRV+HUN+IND+ISL+ISR+ITA+JPN+KOR+LTU+MEX+NLD+NOR+NZL+PHL+POL+PRT+RUS+SUR+SVK+SVN+SWE+THA+TUR+TWN+USA+ZAF.W.A.B14._T._Z._Z.PS?startPeriod=2001&endPeriod=2022&format=jsondata&dimensionAtObservation=AllDimensions",evidence/api/oecd/OECD_B14_foreign-born_2001-2022_retrieved_2026-10-07.json,See note,A,annual,splice,"OECD IMD stock. The reference date differs by country and is not carried in the API response; consult the OECD IMD metadata for this country. SPLICE: this country's published series from 2010 on uses Eurostat [migr_pop3ctb]; OECD International Migration Database is used here because Eurostat [migr_pop3ctb] does not reach 2001. Over the 13 years where both exist, OECD International Migration Database is +0.00% on average (range +0.00% to +0.00%) relative to Eurostat [migr_pop3ctb].",Read directly from the archived API response (evidence/api/oecd/OECD_B14_foreign-born_2001-2022_retrieved_2026-10-07.json); retrieved 2026-10-07.,2026-10-07
SVN,2002,foreign_born,217191,OECD_fb,"OECD International Migration Database (stocks of foreign-born population, measure B14)","https://sdmx.oecd.org/public/rest/data/OECD.ELS.IMD,DSD_MIG_F@DF_MIG_POPF,1.0/AUS+AUT+BEL+BGR+CHE+CHL+CHN+CZE+DEU+DNK+ESP+FIN+FRA+GBR+HRV+HUN+IND+ISL+ISR+ITA+JPN+KOR+LTU+MEX+NLD+NOR+NZL+PHL+POL+PRT+RUS+SUR+SVK+SVN+SWE+THA+TUR+TWN+USA+ZAF.W.A.B14._T._Z._Z.PS?startPeriod=2001&endPeriod=2022&format=jsondata&dimensionAtObservation=AllDimensions",evidence/api/oecd/OECD_B14_foreign-born_2001-2022_retrieved_2026-10-07.json,See note,A,annual,splice,"OECD IMD stock. The reference date differs by country and is not carried in the API response; consult the OECD IMD metadata for this country. SPLICE: this country's published series from 2010 on uses Eurostat [migr_pop3ctb]; OECD International Migration Database is used here because Eurostat [migr_pop3ctb] does not reach 2002. Over the 13 years where both exist, OECD International Migration Database is +0.00% on average (range +0.00% to +0.00%) relative to Eurostat [migr_pop3ctb].",Read directly from the archived API response (evidence/api/oecd/OECD_B14_foreign-born_2001-2022_retrieved_2026-10-07.json); retrieved 2026-10-07.,2026-10-07
SVN,2003,foreign_born,217927,OECD_fb,"OECD International Migration Database (stocks of foreign-born population, measure B14)","https://sdmx.oecd.org/public/rest/data/OECD.ELS.IMD,DSD_MIG_F@DF_MIG_POPF,1.0/AUS+AUT+BEL+BGR+CHE+CHL+CHN+CZE+DEU+DNK+ESP+FIN+FRA+GBR+HRV+HUN+IND+ISL+ISR+ITA+JPN+KOR+LTU+MEX+NLD+NOR+NZL+PHL+POL+PRT+RUS+SUR+SVK+SVN+SWE+THA+TUR+TWN+USA+ZAF.W.A.B14._T._Z._Z.PS?startPeriod=2001&endPeriod=2022&format=jsondata&dimensionAtObservation=AllDimensions",evidence/api/oecd/OECD_B14_foreign-born_2001-2022_retrieved_2026-10-07.json,See note,A,annual,splice,"OECD IMD stock. The reference date differs by country and is not carried in the API response; consult the OECD IMD metadata for this country. SPLICE: this country's published series from 2010 on uses Eurostat [migr_pop3ctb]; OECD International Migration Database is used here because Eurostat [migr_pop3ctb] does not reach 2003. Over the 13 years where both exist, OECD International Migration Database is +0.00% on average (range +0.00% to +0.00%) relative to Eurostat [migr_pop3ctb].",Read directly from the archived API response (evidence/api/oecd/OECD_B14_foreign-born_2001-2022_retrieved_2026-10-07.json); retrieved 2026-10-07.,2026-10-07
SVN,2004,foreign_born,219531,OECD_fb,"OECD International Migration Database (stocks of foreign-born population, measure B14)","https://sdmx.oecd.org/public/rest/data/OECD.ELS.IMD,DSD_MIG_F@DF_MIG_POPF,1.0/AUS+AUT+BEL+BGR+CHE+CHL+CHN+CZE+DEU+DNK+ESP+FIN+FRA+GBR+HRV+HUN+IND+ISL+ISR+ITA+JPN+KOR+LTU+MEX+NLD+NOR+NZL+PHL+POL+PRT+RUS+SUR+SVK+SVN+SWE+THA+TUR+TWN+USA+ZAF.W.A.B14._T._Z._Z.PS?startPeriod=2001&endPeriod=2022&format=jsondata&dimensionAtObservation=AllDimensions",evidence/api/oecd/OECD_B14_foreign-born_2001-2022_retrieved_2026-10-07.json,See note,A,annual,splice,"OECD IMD stock. The reference date differs by country and is not carried in the API response; consult the OECD IMD metadata for this country. SPLICE: this country's published series from 2010 on uses Eurostat [migr_pop3ctb]; OECD International Migration Database is used here because Eurostat [migr_pop3ctb] does not reach 2004. Over the 13 years where both exist, OECD International Migration Database is +0.00% on average (range +0.00% to +0.00%) relative to Eurostat [migr_pop3ctb].",Read directly from the archived API response (evidence/api/oecd/OECD_B14_foreign-born_2001-2022_retrieved_2026-10-07.json); retrieved 2026-10-07.,2026-10-07
SVN,2005,foreign_born,217218,OECD_fb,"OECD International Migration Database (stocks of foreign-born population, measure B14)","https://sdmx.oecd.org/public/rest/data/OECD.ELS.IMD,DSD_MIG_F@DF_MIG_POPF,1.0/AUS+AUT+BEL+BGR+CHE+CHL+CHN+CZE+DEU+DNK+ESP+FIN+FRA+GBR+HRV+HUN+IND+ISL+ISR+ITA+JPN+KOR+LTU+MEX+NLD+NOR+NZL+PHL+POL+PRT+RUS+SUR+SVK+SVN+SWE+THA+TUR+TWN+USA+ZAF.W.A.B14._T._Z._Z.PS?startPeriod=2001&endPeriod=2022&format=jsondata&dimensionAtObservation=AllDimensions",evidence/api/oecd/OECD_B14_foreign-born_2001-2022_retrieved_2026-10-07.json,See note,A,annual,splice,"OECD IMD stock. The reference date differs by country and is not carried in the API response; consult the OECD IMD metadata for this country. SPLICE: this country's published series from 2010 on uses Eurostat [migr_pop3ctb]; OECD International Migration Database is used here because Eurostat [migr_pop3ctb] does not reach 2005. Over the 13 years where both exist, OECD International Migration Database is +0.00% on average (range +0.00% to +0.00%) relative to Eurostat [migr_pop3ctb].",Read directly from the archived API response (evidence/api/oecd/OECD_B14_foreign-born_2001-2022_retrieved_2026-10-07.json); retrieved 2026-10-07.,2026-10-07
SVN,2006,foreign_born,222297,OECD_fb,"OECD International Migration Database (stocks of foreign-born population, measure B14)","https://sdmx.oecd.org/public/rest/data/OECD.ELS.IMD,DSD_MIG_F@DF_MIG_POPF,1.0/AUS+AUT+BEL+BGR+CHE+CHL+CHN+CZE+DEU+DNK+ESP+FIN+FRA+GBR+HRV+HUN+IND+ISL+ISR+ITA+JPN+KOR+LTU+MEX+NLD+NOR+NZL+PHL+POL+PRT+RUS+SUR+SVK+SVN+SWE+THA+TUR+TWN+USA+ZAF.W.A.B14._T._Z._Z.PS?startPeriod=2001&endPeriod=2022&format=jsondata&dimensionAtObservation=AllDimensions",evidence/api/oecd/OECD_B14_foreign-born_2001-2022_retrieved_2026-10-07.json,See note,A,annual,splice,"OECD IMD stock. The reference date differs by country and is not carried in the API response; consult the OECD IMD metadata for this country. SPLICE: this country's published series from 2010 on uses Eurostat [migr_pop3ctb]; OECD International Migration Database is used here because Eurostat [migr_pop3ctb] does not reach 2006. Over the 13 years where both exist, OECD International Migration Database is +0.00% on average (range +0.00% to +0.00%) relative to Eurostat [migr_pop3ctb].",Read directly from the archived API response (evidence/api/oecd/OECD_B14_foreign-born_2001-2022_retrieved_2026-10-07.json); retrieved 2026-10-07.,2026-10-07
SVN,2007,foreign_born,227463,OECD_fb,"OECD International Migration Database (stocks of foreign-born population, measure B14)","https://sdmx.oecd.org/public/rest/data/OECD.ELS.IMD,DSD_MIG_F@DF_MIG_POPF,1.0/AUS+AUT+BEL+BGR+CHE+CHL+CHN+CZE+DEU+DNK+ESP+FIN+FRA+GBR+HRV+HUN+IND+ISL+ISR+ITA+JPN+KOR+LTU+MEX+NLD+NOR+NZL+PHL+POL+PRT+RUS+SUR+SVK+SVN+SWE+THA+TUR+TWN+USA+ZAF.W.A.B14._T._Z._Z.PS?startPeriod=2001&endPeriod=2022&format=jsondata&dimensionAtObservation=AllDimensions",evidence/api/oecd/OECD_B14_foreign-born_2001-2022_retrieved_2026-10-07.json,See note,A,annual,splice,"OECD IMD stock. The reference date differs by country and is not carried in the API response; consult the OECD IMD metadata for this country. SPLICE: this country's published series from 2010 on uses Eurostat [migr_pop3ctb]; OECD International Migration Database is used here because Eurostat [migr_pop3ctb] does not reach 2007. Over the 13 years where both exist, OECD International Migration Database is +0.00% on average (range +0.00% to +0.00%) relative to Eurostat [migr_pop3ctb].",Read directly from the archived API response (evidence/api/oecd/OECD_B14_foreign-born_2001-2022_retrieved_2026-10-07.json); retrieved 2026-10-07.,2026-10-07
SVN,2008,foreign_born,241698,OECD_fb,"OECD International Migration Database (stocks of foreign-born population, measure B14)","https://sdmx.oecd.org/public/rest/data/OECD.ELS.IMD,DSD_MIG_F@DF_MIG_POPF,1.0/AUS+AUT+BEL+BGR+CHE+CHL+CHN+CZE+DEU+DNK+ESP+FIN+FRA+GBR+HRV+HUN+IND+ISL+ISR+ITA+JPN+KOR+LTU+MEX+NLD+NOR+NZL+PHL+POL+PRT+RUS+SUR+SVK+SVN+SWE+THA+TUR+TWN+USA+ZAF.W.A.B14._T._Z._Z.PS?startPeriod=2001&endPeriod=2022&format=jsondata&dimensionAtObservation=AllDimensions",evidence/api/oecd/OECD_B14_foreign-born_2001-2022_retrieved_2026-10-07.json,See note,A,annual,splice,"OECD IMD stock. The reference date differs by country and is not carried in the API response; consult the OECD IMD metadata for this country. SPLICE: this country's published series from 2010 on uses Eurostat [migr_pop3ctb]; OECD International Migration Database is used here because Eurostat [migr_pop3ctb] does not reach 2008. Over the 13 years where both exist, OECD International Migration Database is +0.00% on average (range +0.00% to +0.00%) relative to Eurostat [migr_pop3ctb].",Read directly from the archived API response (evidence/api/oecd/OECD_B14_foreign-born_2001-2022_retrieved_2026-10-07.json); retrieved 2026-10-07.,2026-10-07
SVN,2009,foreign_born,243404,EUROSTAT_fb,Eurostat [migr_pop3ctb],https://ec.europa.eu/eurostat/api/dissemination/statistics/1.0/data/migr_pop3ctb?format=JSON&lang=EN&age=TOTAL&sex=T&unit=NR&c_birth=FOR&sinceTimePeriod=2001&untilTimePeriod=2022,evidence/api/eurostat_migr_pop3ctb_2001-2022_retrieved_2026-10-07.json,1 January,A,annual,Eurostat flag: break in time series,stock at 1 Jan; c_birth=FOR (born in a foreign country) Eurostat flag: break in time series,Read directly from the archived API response (evidence/api/eurostat_migr_pop3ctb_2001-2022_retrieved_2026-10-07.json); retrieved 2026-10-07.,2026-10-07
SWE,2001,foreign_born,1003798,OECD_fb,"OECD International Migration Database (stocks of foreign-born population, measure B14)","https://sdmx.oecd.org/public/rest/data/OECD.ELS.IMD,DSD_MIG_F@DF_MIG_POPF,1.0/AUS+AUT+BEL+BGR+CHE+CHL+CHN+CZE+DEU+DNK+ESP+FIN+FRA+GBR+HRV+HUN+IND+ISL+ISR+ITA+JPN+KOR+LTU+MEX+NLD+NOR+NZL+PHL+POL+PRT+RUS+SUR+SVK+SVN+SWE+THA+TUR+TWN+USA+ZAF.W.A.B14._T._Z._Z.PS?startPeriod=2001&endPeriod=2022&format=jsondata&dimensionAtObservation=AllDimensions",evidence/api/oecd/OECD_B14_foreign-born_2001-2022_retrieved_2026-10-07.json,See note,A,annual,splice,"OECD IMD stock. The reference date differs by country and is not carried in the API response; consult the OECD IMD metadata for this country. SPLICE: this country's published series from 2010 on uses Eurostat [migr_pop3ctb]; OECD International Migration Database is used here because Eurostat [migr_pop3ctb] does not reach 2001. Over the 13 years where both exist, OECD International Migration Database is +0.07% on average (range +0.06% to +0.08%) relative to Eurostat [migr_pop3ctb].",Read directly from the archived API response (evidence/api/oecd/OECD_B14_foreign-born_2001-2022_retrieved_2026-10-07.json); retrieved 2026-10-07.,2026-10-07
SWE,2002,foreign_born,1027974,OECD_fb,"OECD International Migration Database (stocks of foreign-born population, measure B14)","https://sdmx.oecd.org/public/rest/data/OECD.ELS.IMD,DSD_MIG_F@DF_MIG_POPF,1.0/AUS+AUT+BEL+BGR+CHE+CHL+CHN+CZE+DEU+DNK+ESP+FIN+FRA+GBR+HRV+HUN+IND+ISL+ISR+ITA+JPN+KOR+LTU+MEX+NLD+NOR+NZL+PHL+POL+PRT+RUS+SUR+SVK+SVN+SWE+THA+TUR+TWN+USA+ZAF.W.A.B14._T._Z._Z.PS?startPeriod=2001&endPeriod=2022&format=jsondata&dimensionAtObservation=AllDimensions",evidence/api/oecd/OECD_B14_foreign-born_2001-2022_retrieved_2026-10-07.json,See note,A,annual,splice,"OECD IMD stock. The reference date differs by country and is not carried in the API response; consult the OECD IMD metadata for this country. SPLICE: this country's published series from 2010 on uses Eurostat [migr_pop3ctb]; OECD International Migration Database is used here because Eurostat [migr_pop3ctb] does not reach 2002. Over the 13 years where both exist, OECD International Migration Database is +0.07% on average (range +0.06% to +0.08%) relative to Eurostat [migr_pop3ctb].",Read directly from the archived API response (evidence/api/oecd/OECD_B14_foreign-born_2001-2022_retrieved_2026-10-07.json); retrieved 2026-10-07.,2026-10-07
SWE,2003,foreign_born,1053463,OECD_fb,"OECD International Migration Database (stocks of foreign-born population, measure B14)","https://sdmx.oecd.org/public/rest/data/OECD.ELS.IMD,DSD_MIG_F@DF_MIG_POPF,1.0/AUS+AUT+BEL+BGR+CHE+CHL+CHN+CZE+DEU+DNK+ESP+FIN+FRA+GBR+HRV+HUN+IND+ISL+ISR+ITA+JPN+KOR+LTU+MEX+NLD+NOR+NZL+PHL+POL+PRT+RUS+SUR+SVK+SVN+SWE+THA+TUR+TWN+USA+ZAF.W.A.B14._T._Z._Z.PS?startPeriod=2001&endPeriod=2022&format=jsondata&dimensionAtObservation=AllDimensions",evidence/api/oecd/OECD_B14_foreign-born_2001-2022_retrieved_2026-10-07.json,See note,A,annual,splice,"OECD IMD stock. The reference date differs by country and is not carried in the API response; consult the OECD IMD metadata for this country. SPLICE: this country's published series from 2010 on uses Eurostat [migr_pop3ctb]; OECD International Migration Database is used here because Eurostat [migr_pop3ctb] does not reach 2003. Over the 13 years where both exist, OECD International Migration Database is +0.07% on average (range +0.06% to +0.08%) relative to Eurostat [migr_pop3ctb].",Read directly from the archived API response (evidence/api/oecd/OECD_B14_foreign-born_2001-2022_retrieved_2026-10-07.json); retrieved 2026-10-07.,2026-10-07
SWE,2004,foreign_born,1078075,OECD_fb,"OECD International Migration Database (stocks of foreign-born population, measure B14)","https://sdmx.oecd.org/public/rest/data/OECD.ELS.IMD,DSD_MIG_F@DF_MIG_POPF,1.0/AUS+AUT+BEL+BGR+CHE+CHL+CHN+CZE+DEU+DNK+ESP+FIN+FRA+GBR+HRV+HUN+IND+ISL+ISR+ITA+JPN+KOR+LTU+MEX+NLD+NOR+NZL+PHL+POL+PRT+RUS+SUR+SVK+SVN+SWE+THA+TUR+TWN+USA+ZAF.W.A.B14._T._Z._Z.PS?startPeriod=2001&endPeriod=2022&format=jsondata&dimensionAtObservation=AllDimensions",evidence/api/oecd/OECD_B14_foreign-born_2001-2022_retrieved_2026-10-07.json,See note,A,annual,splice,"OECD IMD stock. The reference date differs by country and is not carried in the API response; consult the OECD IMD metadata for this country. SPLICE: this country's published series from 2010 on uses Eurostat [migr_pop3ctb]; OECD International Migration Database is used here because Eurostat [migr_pop3ctb] does not reach 2004. Over the 13 years where both exist, OECD International Migration Database is +0.07% on average (range +0.06% to +0.08%) relative to Eurostat [migr_pop3ctb].",Read directly from the archived API response (evidence/api/oecd/OECD_B14_foreign-born_2001-2022_retrieved_2026-10-07.json); retrieved 2026-10-07.,2026-10-07
SWE,2005,foreign_born,1100262,OECD_fb,"OECD International Migration Database (stocks of foreign-born population, measure B14)","https://sdmx.oecd.org/public/rest/data/OECD.ELS.IMD,DSD_MIG_F@DF_MIG_POPF,1.0/AUS+AUT+BEL+BGR+CHE+CHL+CHN+CZE+DEU+DNK+ESP+FIN+FRA+GBR+HRV+HUN+IND+ISL+ISR+ITA+JPN+KOR+LTU+MEX+NLD+NOR+NZL+PHL+POL+PRT+RUS+SUR+SVK+SVN+SWE+THA+TUR+TWN+USA+ZAF.W.A.B14._T._Z._Z.PS?startPeriod=2001&endPeriod=2022&format=jsondata&dimensionAtObservation=AllDimensions",evidence/api/oecd/OECD_B14_foreign-born_2001-2022_retrieved_2026-10-07.json,See note,A,annual,splice,"OECD IMD stock. The reference date differs by country and is not carried in the API response; consult the OECD IMD metadata for this country. SPLICE: this country's published series from 2010 on uses Eurostat [migr_pop3ctb]; OECD International Migration Database is used here because Eurostat [migr_pop3ctb] does not reach 2005. Over the 13 years where both exist, OECD International Migration Database is +0.07% on average (range +0.06% to +0.08%) relative to Eurostat [migr_pop3ctb].",Read directly from the archived API response (evidence/api/oecd/OECD_B14_foreign-born_2001-2022_retrieved_2026-10-07.json); retrieved 2026-10-07.,2026-10-07
SWE,2006,foreign_born,1125790,OECD_fb,"OECD International Migration Database (stocks of foreign-born population, measure B14)","https://sdmx.oecd.org/public/rest/data/OECD.ELS.IMD,DSD_MIG_F@DF_MIG_POPF,1.0/AUS+AUT+BEL+BGR+CHE+CHL+CHN+CZE+DEU+DNK+ESP+FIN+FRA+GBR+HRV+HUN+IND+ISL+ISR+ITA+JPN+KOR+LTU+MEX+NLD+NOR+NZL+PHL+POL+PRT+RUS+SUR+SVK+SVN+SWE+THA+TUR+TWN+USA+ZAF.W.A.B14._T._Z._Z.PS?startPeriod=2001&endPeriod=2022&format=jsondata&dimensionAtObservation=AllDimensions",evidence/api/oecd/OECD_B14_foreign-born_2001-2022_retrieved_2026-10-07.json,See note,A,annual,splice,"OECD IMD stock. The reference date differs by country and is not carried in the API response; consult the OECD IMD metadata for this country. SPLICE: this country's published series from 2010 on uses Eurostat [migr_pop3ctb]; OECD International Migration Database is used here because Eurostat [migr_pop3ctb] does not reach 2006. Over the 13 years where both exist, OECD International Migration Database is +0.07% on average (range +0.06% to +0.08%) relative to Eurostat [migr_pop3ctb].",Read directly from the archived API response (evidence/api/oecd/OECD_B14_foreign-born_2001-2022_retrieved_2026-10-07.json); retrieved 2026-10-07.,2026-10-07
SWE,2007,foreign_born,1175200,OECD_fb,"OECD International Migration Database (stocks of foreign-born population, measure B14)","https://sdmx.oecd.org/public/rest/data/OECD.ELS.IMD,DSD_MIG_F@DF_MIG_POPF,1.0/AUS+AUT+BEL+BGR+CHE+CHL+CHN+CZE+DEU+DNK+ESP+FIN+FRA+GBR+HRV+HUN+IND+ISL+ISR+ITA+JPN+KOR+LTU+MEX+NLD+NOR+NZL+PHL+POL+PRT+RUS+SUR+SVK+SVN+SWE+THA+TUR+TWN+USA+ZAF.W.A.B14._T._Z._Z.PS?startPeriod=2001&endPeriod=2022&format=jsondata&dimensionAtObservation=AllDimensions",evidence/api/oecd/OECD_B14_foreign-born_2001-2022_retrieved_2026-10-07.json,See note,A,annual,splice,"OECD IMD stock. The reference date differs by country and is not carried in the API response; consult the OECD IMD metadata for this country. SPLICE: this country's published series from 2010 on uses Eurostat [migr_pop3ctb]; OECD International Migration Database is used here because Eurostat [migr_pop3ctb] does not reach 2007. Over the 13 years where both exist, OECD International Migration Database is +0.07% on average (range +0.06% to +0.08%) relative to Eurostat [migr_pop3ctb].",Read directly from the archived API response (evidence/api/oecd/OECD_B14_foreign-born_2001-2022_retrieved_2026-10-07.json); retrieved 2026-10-07.,2026-10-07
SWE,2008,foreign_born,1227770,OECD_fb,"OECD International Migration Database (stocks of foreign-born population, measure B14)","https://sdmx.oecd.org/public/rest/data/OECD.ELS.IMD,DSD_MIG_F@DF_MIG_POPF,1.0/AUS+AUT+BEL+BGR+CHE+CHL+CHN+CZE+DEU+DNK+ESP+FIN+FRA+GBR+HRV+HUN+IND+ISL+ISR+ITA+JPN+KOR+LTU+MEX+NLD+NOR+NZL+PHL+POL+PRT+RUS+SUR+SVK+SVN+SWE+THA+TUR+TWN+USA+ZAF.W.A.B14._T._Z._Z.PS?startPeriod=2001&endPeriod=2022&format=jsondata&dimensionAtObservation=AllDimensions",evidence/api/oecd/OECD_B14_foreign-born_2001-2022_retrieved_2026-10-07.json,See note,A,annual,splice,"OECD IMD stock. The reference date differs by country and is not carried in the API response; consult the OECD IMD metadata for this country. SPLICE: this country's published series from 2010 on uses Eurostat [migr_pop3ctb]; OECD International Migration Database is used here because Eurostat [migr_pop3ctb] does not reach 2008. Over the 13 years where both exist, OECD International Migration Database is +0.07% on average (range +0.06% to +0.08%) relative to Eurostat [migr_pop3ctb].",Read directly from the archived API response (evidence/api/oecd/OECD_B14_foreign-born_2001-2022_retrieved_2026-10-07.json); retrieved 2026-10-07.,2026-10-07
SWE,2009,foreign_born,1280908,EUROSTAT_fb,Eurostat [migr_pop3ctb],https://ec.europa.eu/eurostat/api/dissemination/statistics/1.0/data/migr_pop3ctb?format=JSON&lang=EN&age=TOTAL&sex=T&unit=NR&c_birth=FOR&sinceTimePeriod=2001&untilTimePeriod=2022,evidence/api/eurostat_migr_pop3ctb_2001-2022_retrieved_2026-10-07.json,1 January,A,annual,,stock at 1 Jan; c_birth=FOR (born in a foreign country),Read directly from the archived API response (evidence/api/eurostat_migr_pop3ctb_2001-2022_retrieved_2026-10-07.json); retrieved 2026-10-07.,2026-10-07
TUR,2001,foreign_born,1278671,OECD_fb,"OECD International Migration Database (stocks of foreign-born population, measure B14)","https://sdmx.oecd.org/public/rest/data/OECD.ELS.IMD,DSD_MIG_F@DF_MIG_POPF,1.0/AUS+AUT+BEL+BGR+CHE+CHL+CHN+CZE+DEU+DNK+ESP+FIN+FRA+GBR+HRV+HUN+IND+ISL+ISR+ITA+JPN+KOR+LTU+MEX+NLD+NOR+NZL+PHL+POL+PRT+RUS+SUR+SVK+SVN+SWE+THA+TUR+TWN+USA+ZAF.W.A.B14._T._Z._Z.PS?startPeriod=2001&endPeriod=2022&format=jsondata&dimensionAtObservation=AllDimensions",evidence/api/oecd/OECD_B14_foreign-born_2001-2022_retrieved_2026-10-07.json,See note,A,annual,,"Foreign-born population, OECD IMD series sourced from TurkStat. Unlike the foreign-national (B15) series, this INCLUDES Syrians under temporary protection, which explains the much larger level.",Read directly from the archived API response (evidence/api/oecd/OECD_B14_foreign-born_2001-2022_retrieved_2026-10-07.json); retrieved 2026-10-07.,2026-10-07
USA,2001,foreign_born,31548128,OECD_fb,"OECD International Migration Database (stocks of foreign-born population, measure B14)","https://sdmx.oecd.org/public/rest/data/OECD.ELS.IMD,DSD_MIG_F@DF_MIG_POPF,1.0/AUS+AUT+BEL+BGR+CHE+CHL+CHN+CZE+DEU+DNK+ESP+FIN+FRA+GBR+HRV+HUN+IND+ISL+ISR+ITA+JPN+KOR+LTU+MEX+NLD+NOR+NZL+PHL+POL+PRT+RUS+SUR+SVK+SVN+SWE+THA+TUR+TWN+USA+ZAF.W.A.B14._T._Z._Z.PS?startPeriod=2001&endPeriod=2022&format=jsondata&dimensionAtObservation=AllDimensions",evidence/api/oecd/OECD_B14_foreign-born_2001-2022_retrieved_2026-10-07.json,Census reference date,A,annual,,"Foreign-born resident population, Census Bureau American Community Survey 1-year estimates, as compiled by OECD IMD. The 2020 value derives from the ACS 2020 experimental estimates because the standard 2020 1-year release was not published.",Read directly from the archived API response (evidence/api/oecd/OECD_B14_foreign-born_2001-2022_retrieved_2026-10-07.json); retrieved 2026-10-07.,2026-10-07
USA,2002,foreign_born,33096150,OECD_fb,"OECD International Migration Database (stocks of foreign-born population, measure B14)","https://sdmx.oecd.org/public/rest/data/OECD.ELS.IMD,DSD_MIG_F@DF_MIG_POPF,1.0/AUS+AUT+BEL+BGR+CHE+CHL+CHN+CZE+DEU+DNK+ESP+FIN+FRA+GBR+HRV+HUN+IND+ISL+ISR+ITA+JPN+KOR+LTU+MEX+NLD+NOR+NZL+PHL+POL+PRT+RUS+SUR+SVK+SVN+SWE+THA+TUR+TWN+USA+ZAF.W.A.B14._T._Z._Z.PS?startPeriod=2001&endPeriod=2022&format=jsondata&dimensionAtObservation=AllDimensions",evidence/api/oecd/OECD_B14_foreign-born_2001-2022_retrieved_2026-10-07.json,Census reference date,A,annual,,"Foreign-born resident population, Census Bureau American Community Survey 1-year estimates, as compiled by OECD IMD. The 2020 value derives from the ACS 2020 experimental estimates because the standard 2020 1-year release was not published.",Read directly from the archived API response (evidence/api/oecd/OECD_B14_foreign-born_2001-2022_retrieved_2026-10-07.json); retrieved 2026-10-07.,2026-10-07
USA,2003,foreign_born,33667678,OECD_fb,"OECD International Migration Database (stocks of foreign-born population, measure B14)","https://sdmx.oecd.org/public/rest/data/OECD.ELS.IMD,DSD_MIG_F@DF_MIG_POPF,1.0/AUS+AUT+BEL+BGR+CHE+CHL+CHN+CZE+DEU+DNK+ESP+FIN+FRA+GBR+HRV+HUN+IND+ISL+ISR+ITA+JPN+KOR+LTU+MEX+NLD+NOR+NZL+PHL+POL+PRT+RUS+SUR+SVK+SVN+SWE+THA+TUR+TWN+USA+ZAF.W.A.B14._T._Z._Z.PS?startPeriod=2001&endPeriod=2022&format=jsondata&dimensionAtObservation=AllDimensions",evidence/api/oecd/OECD_B14_foreign-born_2001-2022_retrieved_2026-10-07.json,Census reference date,A,annual,,"Foreign-born resident population, Census Bureau American Community Survey 1-year estimates, as compiled by OECD IMD. The 2020 value derives from the ACS 2020 experimental estimates because the standard 2020 1-year release was not published.",Read directly from the archived API response (evidence/api/oecd/OECD_B14_foreign-born_2001-2022_retrieved_2026-10-07.json); retrieved 2026-10-07.,2026-10-07
USA,2004,foreign_born,34257701,OECD_fb,"OECD International Migration Database (stocks of foreign-born population, measure B14)","https://sdmx.oecd.org/public/rest/data/OECD.ELS.IMD,DSD_MIG_F@DF_MIG_POPF,1.0/AUS+AUT+BEL+BGR+CHE+CHL+CHN+CZE+DEU+DNK+ESP+FIN+FRA+GBR+HRV+HUN+IND+ISL+ISR+ITA+JPN+KOR+LTU+MEX+NLD+NOR+NZL+PHL+POL+PRT+RUS+SUR+SVK+SVN+SWE+THA+TUR+TWN+USA+ZAF.W.A.B14._T._Z._Z.PS?startPeriod=2001&endPeriod=2022&format=jsondata&dimensionAtObservation=AllDimensions",evidence/api/oecd/OECD_B14_foreign-born_2001-2022_retrieved_2026-10-07.json,Census reference date,A,annual,,"Foreign-born resident population, Census Bureau American Community Survey 1-year estimates, as compiled by OECD IMD. The 2020 value derives from the ACS 2020 experimental estimates because the standard 2020 1-year release was not published.",Read directly from the archived API response (evidence/api/oecd/OECD_B14_foreign-born_2001-2022_retrieved_2026-10-07.json); retrieved 2026-10-07.,2026-10-07
USA,2005,foreign_born,35769603,OECD_fb,"OECD International Migration Database (stocks of foreign-born population, measure B14)","https://sdmx.oecd.org/public/rest/data/OECD.ELS.IMD,DSD_MIG_F@DF_MIG_POPF,1.0/AUS+AUT+BEL+BGR+CHE+CHL+CHN+CZE+DEU+DNK+ESP+FIN+FRA+GBR+HRV+HUN+IND+ISL+ISR+ITA+JPN+KOR+LTU+MEX+NLD+NOR+NZL+PHL+POL+PRT+RUS+SUR+SVK+SVN+SWE+THA+TUR+TWN+USA+ZAF.W.A.B14._T._Z._Z.PS?startPeriod=2001&endPeriod=2022&format=jsondata&dimensionAtObservation=AllDimensions",evidence/api/oecd/OECD_B14_foreign-born_2001-2022_retrieved_2026-10-07.json,Census reference date,A,annual,,"Foreign-born resident population, Census Bureau American Community Survey 1-year estimates, as compiled by OECD IMD. The 2020 value derives from the ACS 2020 experimental estimates because the standard 2020 1-year release was not published.",Read directly from the archived API response (evidence/api/oecd/OECD_B14_foreign-born_2001-2022_retrieved_2026-10-07.json); retrieved 2026-10-07.,2026-10-07
USA,2006,foreign_born,37469387,OECD_fb,"OECD International Migration Database (stocks of foreign-born population, measure B14)","https://sdmx.oecd.org/public/rest/data/OECD.ELS.IMD,DSD_MIG_F@DF_MIG_POPF,1.0/AUS+AUT+BEL+BGR+CHE+CHL+CHN+CZE+DEU+DNK+ESP+FIN+FRA+GBR+HRV+HUN+IND+ISL+ISR+ITA+JPN+KOR+LTU+MEX+NLD+NOR+NZL+PHL+POL+PRT+RUS+SUR+SVK+SVN+SWE+THA+TUR+TWN+USA+ZAF.W.A.B14._T._Z._Z.PS?startPeriod=2001&endPeriod=2022&format=jsondata&dimensionAtObservation=AllDimensions",evidence/api/oecd/OECD_B14_foreign-born_2001-2022_retrieved_2026-10-07.json,Census reference date,A,annual,,"Foreign-born resident population, Census Bureau American Community Survey 1-year estimates, as compiled by OECD IMD. The 2020 value derives from the ACS 2020 experimental estimates because the standard 2020 1-year release was not published.",Read directly from the archived API response (evidence/api/oecd/OECD_B14_foreign-born_2001-2022_retrieved_2026-10-07.json); retrieved 2026-10-07.,2026-10-07
USA,2007,foreign_born,38048456,OECD_fb,"OECD International Migration Database (stocks of foreign-born population, measure B14)","https://sdmx.oecd.org/public/rest/data/OECD.ELS.IMD,DSD_MIG_F@DF_MIG_POPF,1.0/AUS+AUT+BEL+BGR+CHE+CHL+CHN+CZE+DEU+DNK+ESP+FIN+FRA+GBR+HRV+HUN+IND+ISL+ISR+ITA+JPN+KOR+LTU+MEX+NLD+NOR+NZL+PHL+POL+PRT+RUS+SUR+SVK+SVN+SWE+THA+TUR+TWN+USA+ZAF.W.A.B14._T._Z._Z.PS?startPeriod=2001&endPeriod=2022&format=jsondata&dimensionAtObservation=AllDimensions",evidence/api/oecd/OECD_B14_foreign-born_2001-2022_retrieved_2026-10-07.json,Census reference date,A,annual,,"Foreign-born resident population, Census Bureau American Community Survey 1-year estimates, as compiled by OECD IMD. The 2020 value derives from the ACS 2020 experimental estimates because the standard 2020 1-year release was not published.",Read directly from the archived API response (evidence/api/oecd/OECD_B14_foreign-born_2001-2022_retrieved_2026-10-07.json); retrieved 2026-10-07.,2026-10-07
USA,2008,foreign_born,38016102,OECD_fb,"OECD International Migration Database (stocks of foreign-born population, measure B14)","https://sdmx.oecd.org/public/rest/data/OECD.ELS.IMD,DSD_MIG_F@DF_MIG_POPF,1.0/AUS+AUT+BEL+BGR+CHE+CHL+CHN+CZE+DEU+DNK+ESP+FIN+FRA+GBR+HRV+HUN+IND+ISL+ISR+ITA+JPN+KOR+LTU+MEX+NLD+NOR+NZL+PHL+POL+PRT+RUS+SUR+SVK+SVN+SWE+THA+TUR+TWN+USA+ZAF.W.A.B14._T._Z._Z.PS?startPeriod=2001&endPeriod=2022&format=jsondata&dimensionAtObservation=AllDimensions",evidence/api/oecd/OECD_B14_foreign-born_2001-2022_retrieved_2026-10-07.json,Census reference date,A,annual,,"Foreign-born resident population, Census Bureau American Community Survey 1-year estimates, as compiled by OECD IMD. The 2020 value derives from the ACS 2020 experimental estimates because the standard 2020 1-year release was not published.",Read directly from the archived API response (evidence/api/oecd/OECD_B14_foreign-born_2001-2022_retrieved_2026-10-07.json); retrieved 2026-10-07.,2026-10-07
USA,2009,foreign_born,38452822,OECD_fb,"OECD International Migration Database (stocks of foreign-born population, measure B14)","https://sdmx.oecd.org/public/rest/data/OECD.ELS.IMD,DSD_MIG_F@DF_MIG_POPF,1.0/AUS+AUT+BEL+BGR+CHE+CHL+CHN+CZE+DEU+DNK+ESP+FIN+FRA+GBR+HRV+HUN+IND+ISL+ISR+ITA+JPN+KOR+LTU+MEX+NLD+NOR+NZL+PHL+POL+PRT+RUS+SUR+SVK+SVN+SWE+THA+TUR+TWN+USA+ZAF.W.A.B14._T._Z._Z.PS?startPeriod=2001&endPeriod=2022&format=jsondata&dimensionAtObservation=AllDimensions",evidence/api/oecd/OECD_B14_foreign-born_2001-2022_retrieved_2026-10-07.json,Census reference date,A,annual,,"Foreign-born resident population, Census Bureau American Community Survey 1-year estimates, as compiled by OECD IMD. The 2020 value derives from the ACS 2020 experimental estimates because the standard 2020 1-year release was not published.",Read directly from the archived API response (evidence/api/oecd/OECD_B14_foreign-born_2001-2022_retrieved_2026-10-07.json); retrieved 2026-10-07.,2026-10-07
AUT,2001,foreign_nationals,709696,EUROSTAT_fn,Eurostat [migr_pop1ctz],https://ec.europa.eu/eurostat/api/dissemination/statistics/1.0/data/migr_pop1ctz?format=JSON&lang=EN&age=TOTAL&sex=T&unit=NR&citizen=FOR_STLS&sinceTimePeriod=2001&untilTimePeriod=2022,evidence/api/eurostat_migr_pop1ctz_2001-2022_retrieved_2026-10-07.json,1 January,A,annual,,stock at 1 Jan; citizen=FOR_STLS (foreign citizens incl. stateless),Read directly from the archived API response (evidence/api/eurostat_migr_pop1ctz_2001-2022_retrieved_2026-10-07.json); retrieved 2026-10-07.,2026-10-07
AUT,2002,foreign_nationals,704836,EUROSTAT_fn,Eurostat [migr_pop1ctz],https://ec.europa.eu/eurostat/api/dissemination/statistics/1.0/data/migr_pop1ctz?format=JSON&lang=EN&age=TOTAL&sex=T&unit=NR&citizen=FOR_STLS&sinceTimePeriod=2001&untilTimePeriod=2022,evidence/api/eurostat_migr_pop1ctz_2001-2022_retrieved_2026-10-07.json,1 January,A,annual,,stock at 1 Jan; citizen=FOR_STLS (foreign citizens incl. stateless),Read directly from the archived API response (evidence/api/eurostat_migr_pop1ctz_2001-2022_retrieved_2026-10-07.json); retrieved 2026-10-07.,2026-10-07
AUT,2003,foreign_nationals,727052,EUROSTAT_fn,Eurostat [migr_pop1ctz],https://ec.europa.eu/eurostat/api/dissemination/statistics/1.0/data/migr_pop1ctz?format=JSON&lang=EN&age=TOTAL&sex=T&unit=NR&citizen=FOR_STLS&sinceTimePeriod=2001&untilTimePeriod=2022,evidence/api/eurostat_migr_pop1ctz_2001-2022_retrieved_2026-10-07.json,1 January,A,annual,,stock at 1 Jan; citizen=FOR_STLS (foreign citizens incl. stateless),Read directly from the archived API response (evidence/api/eurostat_migr_pop1ctz_2001-2022_retrieved_2026-10-07.json); retrieved 2026-10-07.,2026-10-07
AUT,2004,foreign_nationals,738579,EUROSTAT_fn,Eurostat [migr_pop1ctz],https://ec.europa.eu/eurostat/api/dissemination/statistics/1.0/data/migr_pop1ctz?format=JSON&lang=EN&age=TOTAL&sex=T&unit=NR&citizen=FOR_STLS&sinceTimePeriod=2001&untilTimePeriod=2022,evidence/api/eurostat_migr_pop1ctz_2001-2022_retrieved_2026-10-07.json,1 January,A,annual,,stock at 1 Jan; citizen=FOR_STLS (foreign citizens incl. stateless),Read directly from the archived API response (evidence/api/eurostat_migr_pop1ctz_2001-2022_retrieved_2026-10-07.json); retrieved 2026-10-07.,2026-10-07
AUT,2005,foreign_nationals,761005,EUROSTAT_fn,Eurostat [migr_pop1ctz],https://ec.europa.eu/eurostat/api/dissemination/statistics/1.0/data/migr_pop1ctz?format=JSON&lang=EN&age=TOTAL&sex=T&unit=NR&citizen=FOR_STLS&sinceTimePeriod=2001&untilTimePeriod=2022,evidence/api/eurostat_migr_pop1ctz_2001-2022_retrieved_2026-10-07.json,1 January,A,annual,,stock at 1 Jan; citizen=FOR_STLS (foreign citizens incl. stateless),Read directly from the archived API response (evidence/api/eurostat_migr_pop1ctz_2001-2022_retrieved_2026-10-07.json); retrieved 2026-10-07.,2026-10-07
AUT,2006,foreign_nationals,783539,EUROSTAT_fn,Eurostat [migr_pop1ctz],https://ec.europa.eu/eurostat/api/dissemination/statistics/1.0/data/migr_pop1ctz?format=JSON&lang=EN&age=TOTAL&sex=T&unit=NR&citizen=FOR_STLS&sinceTimePeriod=2001&untilTimePeriod=2022,evidence/api/eurostat_migr_pop1ctz_2001-2022_retrieved_2026-10-07.json,1 January,A,annual,,stock at 1 Jan; citizen=FOR_STLS (foreign citizens incl. stateless),Read directly from the archived API response (evidence/api/eurostat_migr_pop1ctz_2001-2022_retrieved_2026-10-07.json); retrieved 2026-10-07.,2026-10-07
AUT,2007,foreign_nationals,793364,EUROSTAT_fn,Eurostat [migr_pop1ctz],https://ec.europa.eu/eurostat/api/dissemination/statistics/1.0/data/migr_pop1ctz?format=JSON&lang=EN&age=TOTAL&sex=T&unit=NR&citizen=FOR_STLS&sinceTimePeriod=2001&untilTimePeriod=2022,evidence/api/eurostat_migr_pop1ctz_2001-2022_retrieved_2026-10-07.json,1 January,A,annual,,stock at 1 Jan; citizen=FOR_STLS (foreign citizens incl. stateless),Read directly from the archived API response (evidence/api/eurostat_migr_pop1ctz_2001-2022_retrieved_2026-10-07.json); retrieved 2026-10-07.,2026-10-07
AUT,2008,foreign_nationals,826485,EUROSTAT_fn,Eurostat [migr_pop1ctz],https://ec.europa.eu/eurostat/api/dissemination/statistics/1.0/data/migr_pop1ctz?format=JSON&lang=EN&age=TOTAL&sex=T&unit=NR&citizen=FOR_STLS&sinceTimePeriod=2001&untilTimePeriod=2022,evidence/api/eurostat_migr_pop1ctz_2001-2022_retrieved_2026-10-07.json,1 January,A,annual,,stock at 1 Jan; citizen=FOR_STLS (foreign citizens incl. stateless),Read directly from the archived API response (evidence/api/eurostat_migr_pop1ctz_2001-2022_retrieved_2026-10-07.json); retrieved 2026-10-07.,2026-10-07
AUT,2009,foreign_nationals,855557,EUROSTAT_fn,Eurostat [migr_pop1ctz],https://ec.europa.eu/eurostat/api/dissemination/statistics/1.0/data/migr_pop1ctz?format=JSON&lang=EN&age=TOTAL&sex=T&unit=NR&citizen=FOR_STLS&sinceTimePeriod=2001&untilTimePeriod=2022,evidence/api/eurostat_migr_pop1ctz_2001-2022_retrieved_2026-10-07.json,1 January,A,annual,,stock at 1 Jan; citizen=FOR_STLS (foreign citizens incl. stateless),Read directly from the archived API response (evidence/api/eurostat_migr_pop1ctz_2001-2022_retrieved_2026-10-07.json); retrieved 2026-10-07.,2026-10-07
BEL,2001,foreign_nationals,861192,EUROSTAT_fn,Eurostat [migr_pop1ctz],https://ec.europa.eu/eurostat/api/dissemination/statistics/1.0/data/migr_pop1ctz?format=JSON&lang=EN&age=TOTAL&sex=T&unit=NR&citizen=FOR_STLS&sinceTimePeriod=2001&untilTimePeriod=2022,evidence/api/eurostat_migr_pop1ctz_2001-2022_retrieved_2026-10-07.json,1 January,A,annual,,stock at 1 Jan; citizen=FOR_STLS (foreign citizens incl. stateless),Read directly from the archived API response (evidence/api/eurostat_migr_pop1ctz_2001-2022_retrieved_2026-10-07.json); retrieved 2026-10-07.,2026-10-07
BEL,2002,foreign_nationals,846287,EUROSTAT_fn,Eurostat [migr_pop1ctz],https://ec.europa.eu/eurostat/api/dissemination/statistics/1.0/data/migr_pop1ctz?format=JSON&lang=EN&age=TOTAL&sex=T&unit=NR&citizen=FOR_STLS&sinceTimePeriod=2001&untilTimePeriod=2022,evidence/api/eurostat_migr_pop1ctz_2001-2022_retrieved_2026-10-07.json,1 January,A,annual,,stock at 1 Jan; citizen=FOR_STLS (foreign citizens incl. stateless),Read directly from the archived API response (evidence/api/eurostat_migr_pop1ctz_2001-2022_retrieved_2026-10-07.json); retrieved 2026-10-07.,2026-10-07
BEL,2003,foreign_nationals,847932,EUROSTAT_fn,Eurostat [migr_pop1ctz],https://ec.europa.eu/eurostat/api/dissemination/statistics/1.0/data/migr_pop1ctz?format=JSON&lang=EN&age=TOTAL&sex=T&unit=NR&citizen=FOR_STLS&sinceTimePeriod=2001&untilTimePeriod=2022,evidence/api/eurostat_migr_pop1ctz_2001-2022_retrieved_2026-10-07.json,1 January,A,annual,,stock at 1 Jan; citizen=FOR_STLS (foreign citizens incl. stateless),Read directly from the archived API response (evidence/api/eurostat_migr_pop1ctz_2001-2022_retrieved_2026-10-07.json); retrieved 2026-10-07.,2026-10-07
BEL,2004,foreign_nationals,860287,EUROSTAT_fn,Eurostat [migr_pop1ctz],https://ec.europa.eu/eurostat/api/dissemination/statistics/1.0/data/migr_pop1ctz?format=JSON&lang=EN&age=TOTAL&sex=T&unit=NR&citizen=FOR_STLS&sinceTimePeriod=2001&untilTimePeriod=2022,evidence/api/eurostat_migr_pop1ctz_2001-2022_retrieved_2026-10-07.json,1 January,A,annual,,stock at 1 Jan; citizen=FOR_STLS (foreign citizens incl. stateless),Read directly from the archived API response (evidence/api/eurostat_migr_pop1ctz_2001-2022_retrieved_2026-10-07.json); retrieved 2026-10-07.,2026-10-07
BEL,2005,foreign_nationals,870862,EUROSTAT_fn,Eurostat [migr_pop1ctz],https://ec.europa.eu/eurostat/api/dissemination/statistics/1.0/data/migr_pop1ctz?format=JSON&lang=EN&age=TOTAL&sex=T&unit=NR&citizen=FOR_STLS&sinceTimePeriod=2001&untilTimePeriod=2022,evidence/api/eurostat_migr_pop1ctz_2001-2022_retrieved_2026-10-07.json,1 January,A,annual,,stock at 1 Jan; citizen=FOR_STLS (foreign citizens incl. stateless),Read directly from the archived API response (evidence/api/eurostat_migr_pop1ctz_2001-2022_retrieved_2026-10-07.json); retrieved 2026-10-07.,2026-10-07
BEL,2006,foreign_nationals,900473,EUROSTAT_fn,Eurostat [migr_pop1ctz],https://ec.europa.eu/eurostat/api/dissemination/statistics/1.0/data/migr_pop1ctz?format=JSON&lang=EN&age=TOTAL&sex=T&unit=NR&citizen=FOR_STLS&sinceTimePeriod=2001&untilTimePeriod=2022,evidence/api/eurostat_migr_pop1ctz_2001-2022_retrieved_2026-10-07.json,1 January,A,annual,Eurostat flag: estimated,stock at 1 Jan; citizen=FOR_STLS (foreign citizens incl. stateless) Eurostat flag: estimated,Read directly from the archived API response (evidence/api/eurostat_migr_pop1ctz_2001-2022_retrieved_2026-10-07.json); retrieved 2026-10-07.,2026-10-07
BEL,2007,foreign_nationals,932161,EUROSTAT_fn,Eurostat [migr_pop1ctz],https://ec.europa.eu/eurostat/api/dissemination/statistics/1.0/data/migr_pop1ctz?format=JSON&lang=EN&age=TOTAL&sex=T&unit=NR&citizen=FOR_STLS&sinceTimePeriod=2001&untilTimePeriod=2022,evidence/api/eurostat_migr_pop1ctz_2001-2022_retrieved_2026-10-07.json,1 January,A,annual,,stock at 1 Jan; citizen=FOR_STLS (foreign citizens incl. stateless),Read directly from the archived API response (evidence/api/eurostat_migr_pop1ctz_2001-2022_retrieved_2026-10-07.json); retrieved 2026-10-07.,2026-10-07
BEL,2008,foreign_nationals,971448,EUROSTAT_fn,Eurostat [migr_pop1ctz],https://ec.europa.eu/eurostat/api/dissemination/statistics/1.0/data/migr_pop1ctz?format=JSON&lang=EN&age=TOTAL&sex=T&unit=NR&citizen=FOR_STLS&sinceTimePeriod=2001&untilTimePeriod=2022,evidence/api/eurostat_migr_pop1ctz_2001-2022_retrieved_2026-10-07.json,1 January,A,annual,,stock at 1 Jan; citizen=FOR_STLS (foreign citizens incl. stateless),Read directly from the archived API response (evidence/api/eurostat_migr_pop1ctz_2001-2022_retrieved_2026-10-07.json); retrieved 2026-10-07.,2026-10-07
BEL,2009,foreign_nationals,1009055,EUROSTAT_fn,Eurostat [migr_pop1ctz],https://ec.europa.eu/eurostat/api/dissemination/statistics/1.0/data/migr_pop1ctz?format=JSON&lang=EN&age=TOTAL&sex=T&unit=NR&citizen=FOR_STLS&sinceTimePeriod=2001&untilTimePeriod=2022,evidence/api/eurostat_migr_pop1ctz_2001-2022_retrieved_2026-10-07.json,1 January,A,annual,Eurostat flag: provisional,stock at 1 Jan; citizen=FOR_STLS (foreign citizens incl. stateless) Eurostat flag: provisional,Read directly from the archived API response (evidence/api/eurostat_migr_pop1ctz_2001-2022_retrieved_2026-10-07.json); retrieved 2026-10-07.,2026-10-07
BGR,2008,foreign_nationals,36265,EUROSTAT_fn,Eurostat [migr_pop1ctz],https://ec.europa.eu/eurostat/api/dissemination/statistics/1.0/data/migr_pop1ctz?format=JSON&lang=EN&age=TOTAL&sex=T&unit=NR&citizen=FOR_STLS&sinceTimePeriod=2001&untilTimePeriod=2022,evidence/api/eurostat_migr_pop1ctz_2001-2022_retrieved_2026-10-07.json,1 January,A,annual,,stock at 1 Jan; citizen=FOR_STLS (foreign citizens incl. stateless),Read directly from the archived API response (evidence/api/eurostat_migr_pop1ctz_2001-2022_retrieved_2026-10-07.json); retrieved 2026-10-07.,2026-10-07
BGR,2009,foreign_nationals,37132,EUROSTAT_fn,Eurostat [migr_pop1ctz],https://ec.europa.eu/eurostat/api/dissemination/statistics/1.0/data/migr_pop1ctz?format=JSON&lang=EN&age=TOTAL&sex=T&unit=NR&citizen=FOR_STLS&sinceTimePeriod=2001&untilTimePeriod=2022,evidence/api/eurostat_migr_pop1ctz_2001-2022_retrieved_2026-10-07.json,1 January,A,annual,,stock at 1 Jan; citizen=FOR_STLS (foreign citizens incl. stateless),Read directly from the archived API response (evidence/api/eurostat_migr_pop1ctz_2001-2022_retrieved_2026-10-07.json); retrieved 2026-10-07.,2026-10-07
CHE,2001,foreign_nationals,1424341,EUROSTAT_fn,Eurostat [migr_pop1ctz],https://ec.europa.eu/eurostat/api/dissemination/statistics/1.0/data/migr_pop1ctz?format=JSON&lang=EN&age=TOTAL&sex=T&unit=NR&citizen=FOR_STLS&sinceTimePeriod=2001&untilTimePeriod=2022,evidence/api/eurostat_migr_pop1ctz_2001-2022_retrieved_2026-10-07.json,1 January,A,annual,,stock at 1 Jan; citizen=FOR_STLS (foreign citizens incl. stateless),Read directly from the archived API response (evidence/api/eurostat_migr_pop1ctz_2001-2022_retrieved_2026-10-07.json); retrieved 2026-10-07.,2026-10-07
CHE,2002,foreign_nationals,1447525,EUROSTAT_fn,Eurostat [migr_pop1ctz],https://ec.europa.eu/eurostat/api/dissemination/statistics/1.0/data/migr_pop1ctz?format=JSON&lang=EN&age=TOTAL&sex=T&unit=NR&citizen=FOR_STLS&sinceTimePeriod=2001&untilTimePeriod=2022,evidence/api/eurostat_migr_pop1ctz_2001-2022_retrieved_2026-10-07.json,1 January,A,annual,,stock at 1 Jan; citizen=FOR_STLS (foreign citizens incl. stateless),Read directly from the archived API response (evidence/api/eurostat_migr_pop1ctz_2001-2022_retrieved_2026-10-07.json); retrieved 2026-10-07.,2026-10-07
CHE,2003,foreign_nationals,1476934,EUROSTAT_fn,Eurostat [migr_pop1ctz],https://ec.europa.eu/eurostat/api/dissemination/statistics/1.0/data/migr_pop1ctz?format=JSON&lang=EN&age=TOTAL&sex=T&unit=NR&citizen=FOR_STLS&sinceTimePeriod=2001&untilTimePeriod=2022,evidence/api/eurostat_migr_pop1ctz_2001-2022_retrieved_2026-10-07.json,1 January,A,annual,,stock at 1 Jan; citizen=FOR_STLS (foreign citizens incl. stateless),Read directly from the archived API response (evidence/api/eurostat_migr_pop1ctz_2001-2022_retrieved_2026-10-07.json); retrieved 2026-10-07.,2026-10-07
CHE,2004,foreign_nationals,1500872,EUROSTAT_fn,Eurostat [migr_pop1ctz],https://ec.europa.eu/eurostat/api/dissemination/statistics/1.0/data/migr_pop1ctz?format=JSON&lang=EN&age=TOTAL&sex=T&unit=NR&citizen=FOR_STLS&sinceTimePeriod=2001&untilTimePeriod=2022,evidence/api/eurostat_migr_pop1ctz_2001-2022_retrieved_2026-10-07.json,1 January,A,annual,,stock at 1 Jan; citizen=FOR_STLS (foreign citizens incl. stateless),Read directly from the archived API response (evidence/api/eurostat_migr_pop1ctz_2001-2022_retrieved_2026-10-07.json); retrieved 2026-10-07.,2026-10-07
CHE,2005,foreign_nationals,1524616,EUROSTAT_fn,Eurostat [migr_pop1ctz],https://ec.europa.eu/eurostat/api/dissemination/statistics/1.0/data/migr_pop1ctz?format=JSON&lang=EN&age=TOTAL&sex=T&unit=NR&citizen=FOR_STLS&sinceTimePeriod=2001&untilTimePeriod=2022,evidence/api/eurostat_migr_pop1ctz_2001-2022_retrieved_2026-10-07.json,1 January,A,annual,,stock at 1 Jan; citizen=FOR_STLS (foreign citizens incl. stateless),Read directly from the archived API response (evidence/api/eurostat_migr_pop1ctz_2001-2022_retrieved_2026-10-07.json); retrieved 2026-10-07.,2026-10-07
CHE,2006,foreign_nationals,1541825,EUROSTAT_fn,Eurostat [migr_pop1ctz],https://ec.europa.eu/eurostat/api/dissemination/statistics/1.0/data/migr_pop1ctz?format=JSON&lang=EN&age=TOTAL&sex=T&unit=NR&citizen=FOR_STLS&sinceTimePeriod=2001&untilTimePeriod=2022,evidence/api/eurostat_migr_pop1ctz_2001-2022_retrieved_2026-10-07.json,1 January,A,annual,,stock at 1 Jan; citizen=FOR_STLS (foreign citizens incl. stateless),Read directly from the archived API response (evidence/api/eurostat_migr_pop1ctz_2001-2022_retrieved_2026-10-07.json); retrieved 2026-10-07.,2026-10-07
CHE,2007,foreign_nationals,1554417,EUROSTAT_fn,Eurostat [migr_pop1ctz],https://ec.europa.eu/eurostat/api/dissemination/statistics/1.0/data/migr_pop1ctz?format=JSON&lang=EN&age=TOTAL&sex=T&unit=NR&citizen=FOR_STLS&sinceTimePeriod=2001&untilTimePeriod=2022,evidence/api/eurostat_migr_pop1ctz_2001-2022_retrieved_2026-10-07.json,1 January,A,annual,,stock at 1 Jan; citizen=FOR_STLS (foreign citizens incl. stateless),Read directly from the archived API response (evidence/api/eurostat_migr_pop1ctz_2001-2022_retrieved_2026-10-07.json); retrieved 2026-10-07.,2026-10-07
CHE,2008,foreign_nationals,1602093,EUROSTAT_fn,Eurostat [migr_pop1ctz],https://ec.europa.eu/eurostat/api/dissemination/statistics/1.0/data/migr_pop1ctz?format=JSON&lang=EN&age=TOTAL&sex=T&unit=NR&citizen=FOR_STLS&sinceTimePeriod=2001&untilTimePeriod=2022,evidence/api/eurostat_migr_pop1ctz_2001-2022_retrieved_2026-10-07.json,1 January,A,annual,,stock at 1 Jan; citizen=FOR_STLS (foreign citizens incl. stateless),Read directly from the archived API response (evidence/api/eurostat_migr_pop1ctz_2001-2022_retrieved_2026-10-07.json); retrieved 2026-10-07.,2026-10-07
CHE,2009,foreign_nationals,1669715,EUROSTAT_fn,Eurostat [migr_pop1ctz],https://ec.europa.eu/eurostat/api/dissemination/statistics/1.0/data/migr_pop1ctz?format=JSON&lang=EN&age=TOTAL&sex=T&unit=NR&citizen=FOR_STLS&sinceTimePeriod=2001&untilTimePeriod=2022,evidence/api/eurostat_migr_pop1ctz_2001-2022_retrieved_2026-10-07.json,1 January,A,annual,,stock at 1 Jan; citizen=FOR_STLS (foreign citizens incl. stateless),Read directly from the archived API response (evidence/api/eurostat_migr_pop1ctz_2001-2022_retrieved_2026-10-07.json); retrieved 2026-10-07.,2026-10-07
CZE,2001,foreign_nationals,180242,EUROSTAT_fn,Eurostat [migr_pop1ctz],https://ec.europa.eu/eurostat/api/dissemination/statistics/1.0/data/migr_pop1ctz?format=JSON&lang=EN&age=TOTAL&sex=T&unit=NR&citizen=FOR_STLS&sinceTimePeriod=2001&untilTimePeriod=2022,evidence/api/eurostat_migr_pop1ctz_2001-2022_retrieved_2026-10-07.json,1 January,A,annual,,stock at 1 Jan; citizen=FOR_STLS (foreign citizens incl. stateless),Read directly from the archived API response (evidence/api/eurostat_migr_pop1ctz_2001-2022_retrieved_2026-10-07.json); retrieved 2026-10-07.,2026-10-07
CZE,2002,foreign_nationals,163805,EUROSTAT_fn,Eurostat [migr_pop1ctz],https://ec.europa.eu/eurostat/api/dissemination/statistics/1.0/data/migr_pop1ctz?format=JSON&lang=EN&age=TOTAL&sex=T&unit=NR&citizen=FOR_STLS&sinceTimePeriod=2001&untilTimePeriod=2022,evidence/api/eurostat_migr_pop1ctz_2001-2022_retrieved_2026-10-07.json,1 January,A,annual,,stock at 1 Jan; citizen=FOR_STLS (foreign citizens incl. stateless),Read directly from the archived API response (evidence/api/eurostat_migr_pop1ctz_2001-2022_retrieved_2026-10-07.json); retrieved 2026-10-07.,2026-10-07
CZE,2003,foreign_nationals,179154,EUROSTAT_fn,Eurostat [migr_pop1ctz],https://ec.europa.eu/eurostat/api/dissemination/statistics/1.0/data/migr_pop1ctz?format=JSON&lang=EN&age=TOTAL&sex=T&unit=NR&citizen=FOR_STLS&sinceTimePeriod=2001&untilTimePeriod=2022,evidence/api/eurostat_migr_pop1ctz_2001-2022_retrieved_2026-10-07.json,1 January,A,annual,,stock at 1 Jan; citizen=FOR_STLS (foreign citizens incl. stateless),Read directly from the archived API response (evidence/api/eurostat_migr_pop1ctz_2001-2022_retrieved_2026-10-07.json); retrieved 2026-10-07.,2026-10-07
CZE,2004,foreign_nationals,195394,EUROSTAT_fn,Eurostat [migr_pop1ctz],https://ec.europa.eu/eurostat/api/dissemination/statistics/1.0/data/migr_pop1ctz?format=JSON&lang=EN&age=TOTAL&sex=T&unit=NR&citizen=FOR_STLS&sinceTimePeriod=2001&untilTimePeriod=2022,evidence/api/eurostat_migr_pop1ctz_2001-2022_retrieved_2026-10-07.json,1 January,A,annual,,stock at 1 Jan; citizen=FOR_STLS (foreign citizens incl. stateless),Read directly from the archived API response (evidence/api/eurostat_migr_pop1ctz_2001-2022_retrieved_2026-10-07.json); retrieved 2026-10-07.,2026-10-07
CZE,2005,foreign_nationals,193467,EUROSTAT_fn,Eurostat [migr_pop1ctz],https://ec.europa.eu/eurostat/api/dissemination/statistics/1.0/data/migr_pop1ctz?format=JSON&lang=EN&age=TOTAL&sex=T&unit=NR&citizen=FOR_STLS&sinceTimePeriod=2001&untilTimePeriod=2022,evidence/api/eurostat_migr_pop1ctz_2001-2022_retrieved_2026-10-07.json,1 January,A,annual,,stock at 1 Jan; citizen=FOR_STLS (foreign citizens incl. stateless),Read directly from the archived API response (evidence/api/eurostat_migr_pop1ctz_2001-2022_retrieved_2026-10-07.json); retrieved 2026-10-07.,2026-10-07
CZE,2006,foreign_nationals,258325,EUROSTAT_fn,Eurostat [migr_pop1ctz],https://ec.europa.eu/eurostat/api/dissemination/statistics/1.0/data/migr_pop1ctz?format=JSON&lang=EN&age=TOTAL&sex=T&unit=NR&citizen=FOR_STLS&sinceTimePeriod=2001&untilTimePeriod=2022,evidence/api/eurostat_migr_pop1ctz_2001-2022_retrieved_2026-10-07.json,1 January,A,annual,,stock at 1 Jan; citizen=FOR_STLS (foreign citizens incl. stateless),Read directly from the archived API response (evidence/api/eurostat_migr_pop1ctz_2001-2022_retrieved_2026-10-07.json); retrieved 2026-10-07.,2026-10-07
CZE,2007,foreign_nationals,296202,EUROSTAT_fn,Eurostat [migr_pop1ctz],https://ec.europa.eu/eurostat/api/dissemination/statistics/1.0/data/migr_pop1ctz?format=JSON&lang=EN&age=TOTAL&sex=T&unit=NR&citizen=FOR_STLS&sinceTimePeriod=2001&untilTimePeriod=2022,evidence/api/eurostat_migr_pop1ctz_2001-2022_retrieved_2026-10-07.json,1 January,A,annual,,stock at 1 Jan; citizen=FOR_STLS (foreign citizens incl. stateless),Read directly from the archived API response (evidence/api/eurostat_migr_pop1ctz_2001-2022_retrieved_2026-10-07.json); retrieved 2026-10-07.,2026-10-07
CZE,2008,foreign_nationals,347649,EUROSTAT_fn,Eurostat [migr_pop1ctz],https://ec.europa.eu/eurostat/api/dissemination/statistics/1.0/data/migr_pop1ctz?format=JSON&lang=EN&age=TOTAL&sex=T&unit=NR&citizen=FOR_STLS&sinceTimePeriod=2001&untilTimePeriod=2022,evidence/api/eurostat_migr_pop1ctz_2001-2022_retrieved_2026-10-07.json,1 January,A,annual,,stock at 1 Jan; citizen=FOR_STLS (foreign citizens incl. stateless),Read directly from the archived API response (evidence/api/eurostat_migr_pop1ctz_2001-2022_retrieved_2026-10-07.json); retrieved 2026-10-07.,2026-10-07
CZE,2009,foreign_nationals,407541,EUROSTAT_fn,Eurostat [migr_pop1ctz],https://ec.europa.eu/eurostat/api/dissemination/statistics/1.0/data/migr_pop1ctz?format=JSON&lang=EN&age=TOTAL&sex=T&unit=NR&citizen=FOR_STLS&sinceTimePeriod=2001&untilTimePeriod=2022,evidence/api/eurostat_migr_pop1ctz_2001-2022_retrieved_2026-10-07.json,1 January,A,annual,,stock at 1 Jan; citizen=FOR_STLS (foreign citizens incl. stateless),Read directly from the archived API response (evidence/api/eurostat_migr_pop1ctz_2001-2022_retrieved_2026-10-07.json); retrieved 2026-10-07.,2026-10-07
DEU,2001,foreign_nationals,7210710,EUROSTAT_fn,Eurostat [migr_pop1ctz],https://ec.europa.eu/eurostat/api/dissemination/statistics/1.0/data/migr_pop1ctz?format=JSON&lang=EN&age=TOTAL&sex=T&unit=NR&citizen=FOR_STLS&sinceTimePeriod=2001&untilTimePeriod=2022,evidence/api/eurostat_migr_pop1ctz_2001-2022_retrieved_2026-10-07.json,1 January,A,annual,,stock at 1 Jan; citizen=FOR_STLS (foreign citizens incl. stateless),Read directly from the archived API response (evidence/api/eurostat_migr_pop1ctz_2001-2022_retrieved_2026-10-07.json); retrieved 2026-10-07.,2026-10-07
DEU,2002,foreign_nationals,7262099,EUROSTAT_fn,Eurostat [migr_pop1ctz],https://ec.europa.eu/eurostat/api/dissemination/statistics/1.0/data/migr_pop1ctz?format=JSON&lang=EN&age=TOTAL&sex=T&unit=NR&citizen=FOR_STLS&sinceTimePeriod=2001&untilTimePeriod=2022,evidence/api/eurostat_migr_pop1ctz_2001-2022_retrieved_2026-10-07.json,1 January,A,annual,,stock at 1 Jan; citizen=FOR_STLS (foreign citizens incl. stateless),Read directly from the archived API response (evidence/api/eurostat_migr_pop1ctz_2001-2022_retrieved_2026-10-07.json); retrieved 2026-10-07.,2026-10-07
DEU,2003,foreign_nationals,7291969,EUROSTAT_fn,Eurostat [migr_pop1ctz],https://ec.europa.eu/eurostat/api/dissemination/statistics/1.0/data/migr_pop1ctz?format=JSON&lang=EN&age=TOTAL&sex=T&unit=NR&citizen=FOR_STLS&sinceTimePeriod=2001&untilTimePeriod=2022,evidence/api/eurostat_migr_pop1ctz_2001-2022_retrieved_2026-10-07.json,1 January,A,annual,,stock at 1 Jan; citizen=FOR_STLS (foreign citizens incl. stateless),Read directly from the archived API response (evidence/api/eurostat_migr_pop1ctz_2001-2022_retrieved_2026-10-07.json); retrieved 2026-10-07.,2026-10-07
DEU,2004,foreign_nationals,7291306,EUROSTAT_fn,Eurostat [migr_pop1ctz],https://ec.europa.eu/eurostat/api/dissemination/statistics/1.0/data/migr_pop1ctz?format=JSON&lang=EN&age=TOTAL&sex=T&unit=NR&citizen=FOR_STLS&sinceTimePeriod=2001&untilTimePeriod=2022,evidence/api/eurostat_migr_pop1ctz_2001-2022_retrieved_2026-10-07.json,1 January,A,annual,,stock at 1 Jan; citizen=FOR_STLS (foreign citizens incl. stateless),Read directly from the archived API response (evidence/api/eurostat_migr_pop1ctz_2001-2022_retrieved_2026-10-07.json); retrieved 2026-10-07.,2026-10-07
DEU,2005,foreign_nationals,7242810,EUROSTAT_fn,Eurostat [migr_pop1ctz],https://ec.europa.eu/eurostat/api/dissemination/statistics/1.0/data/migr_pop1ctz?format=JSON&lang=EN&age=TOTAL&sex=T&unit=NR&citizen=FOR_STLS&sinceTimePeriod=2001&untilTimePeriod=2022,evidence/api/eurostat_migr_pop1ctz_2001-2022_retrieved_2026-10-07.json,1 January,A,annual,,stock at 1 Jan; citizen=FOR_STLS (foreign citizens incl. stateless),Read directly from the archived API response (evidence/api/eurostat_migr_pop1ctz_2001-2022_retrieved_2026-10-07.json); retrieved 2026-10-07.,2026-10-07
DEU,2006,foreign_nationals,6711072,EUROSTAT_fn,Eurostat [migr_pop1ctz],https://ec.europa.eu/eurostat/api/dissemination/statistics/1.0/data/migr_pop1ctz?format=JSON&lang=EN&age=TOTAL&sex=T&unit=NR&citizen=FOR_STLS&sinceTimePeriod=2001&untilTimePeriod=2022,evidence/api/eurostat_migr_pop1ctz_2001-2022_retrieved_2026-10-07.json,1 January,A,annual,,stock at 1 Jan; citizen=FOR_STLS (foreign citizens incl. stateless),Read directly from the archived API response (evidence/api/eurostat_migr_pop1ctz_2001-2022_retrieved_2026-10-07.json); retrieved 2026-10-07.,2026-10-07
DEU,2007,foreign_nationals,7207716,EUROSTAT_fn,Eurostat [migr_pop1ctz],https://ec.europa.eu/eurostat/api/dissemination/statistics/1.0/data/migr_pop1ctz?format=JSON&lang=EN&age=TOTAL&sex=T&unit=NR&citizen=FOR_STLS&sinceTimePeriod=2001&untilTimePeriod=2022,evidence/api/eurostat_migr_pop1ctz_2001-2022_retrieved_2026-10-07.json,1 January,A,annual,,stock at 1 Jan; citizen=FOR_STLS (foreign citizens incl. stateless),Read directly from the archived API response (evidence/api/eurostat_migr_pop1ctz_2001-2022_retrieved_2026-10-07.json); retrieved 2026-10-07.,2026-10-07
DEU,2008,foreign_nationals,7255395,EUROSTAT_fn,Eurostat [migr_pop1ctz],https://ec.europa.eu/eurostat/api/dissemination/statistics/1.0/data/migr_pop1ctz?format=JSON&lang=EN&age=TOTAL&sex=T&unit=NR&citizen=FOR_STLS&sinceTimePeriod=2001&untilTimePeriod=2022,evidence/api/eurostat_migr_pop1ctz_2001-2022_retrieved_2026-10-07.json,1 January,A,annual,,stock at 1 Jan; citizen=FOR_STLS (foreign citizens incl. stateless),Read directly from the archived API response (evidence/api/eurostat_migr_pop1ctz_2001-2022_retrieved_2026-10-07.json); retrieved 2026-10-07.,2026-10-07
DEU,2009,foreign_nationals,7185921,EUROSTAT_fn,Eurostat [migr_pop1ctz],https://ec.europa.eu/eurostat/api/dissemination/statistics/1.0/data/migr_pop1ctz?format=JSON&lang=EN&age=TOTAL&sex=T&unit=NR&citizen=FOR_STLS&sinceTimePeriod=2001&untilTimePeriod=2022,evidence/api/eurostat_migr_pop1ctz_2001-2022_retrieved_2026-10-07.json,1 January,A,annual,,stock at 1 Jan; citizen=FOR_STLS (foreign citizens incl. stateless),Read directly from the archived API response (evidence/api/eurostat_migr_pop1ctz_2001-2022_retrieved_2026-10-07.json); retrieved 2026-10-07.,2026-10-07
DNK,2001,foreign_nationals,258556,EUROSTAT_fn,Eurostat [migr_pop1ctz],https://ec.europa.eu/eurostat/api/dissemination/statistics/1.0/data/migr_pop1ctz?format=JSON&lang=EN&age=TOTAL&sex=T&unit=NR&citizen=FOR_STLS&sinceTimePeriod=2001&untilTimePeriod=2022,evidence/api/eurostat_migr_pop1ctz_2001-2022_retrieved_2026-10-07.json,1 January,A,annual,,stock at 1 Jan; citizen=FOR_STLS (foreign citizens incl. stateless),Read directly from the archived API response (evidence/api/eurostat_migr_pop1ctz_2001-2022_retrieved_2026-10-07.json); retrieved 2026-10-07.,2026-10-07
DNK,2002,foreign_nationals,266627,EUROSTAT_fn,Eurostat [migr_pop1ctz],https://ec.europa.eu/eurostat/api/dissemination/statistics/1.0/data/migr_pop1ctz?format=JSON&lang=EN&age=TOTAL&sex=T&unit=NR&citizen=FOR_STLS&sinceTimePeriod=2001&untilTimePeriod=2022,evidence/api/eurostat_migr_pop1ctz_2001-2022_retrieved_2026-10-07.json,1 January,A,annual,,stock at 1 Jan; citizen=FOR_STLS (foreign citizens incl. stateless),Read directly from the archived API response (evidence/api/eurostat_migr_pop1ctz_2001-2022_retrieved_2026-10-07.json); retrieved 2026-10-07.,2026-10-07
DNK,2003,foreign_nationals,265332,EUROSTAT_fn,Eurostat [migr_pop1ctz],https://ec.europa.eu/eurostat/api/dissemination/statistics/1.0/data/migr_pop1ctz?format=JSON&lang=EN&age=TOTAL&sex=T&unit=NR&citizen=FOR_STLS&sinceTimePeriod=2001&untilTimePeriod=2022,evidence/api/eurostat_migr_pop1ctz_2001-2022_retrieved_2026-10-07.json,1 January,A,annual,,stock at 1 Jan; citizen=FOR_STLS (foreign citizens incl. stateless),Read directly from the archived API response (evidence/api/eurostat_migr_pop1ctz_2001-2022_retrieved_2026-10-07.json); retrieved 2026-10-07.,2026-10-07
DNK,2004,foreign_nationals,271111,EUROSTAT_fn,Eurostat [migr_pop1ctz],https://ec.europa.eu/eurostat/api/dissemination/statistics/1.0/data/migr_pop1ctz?format=JSON&lang=EN&age=TOTAL&sex=T&unit=NR&citizen=FOR_STLS&sinceTimePeriod=2001&untilTimePeriod=2022,evidence/api/eurostat_migr_pop1ctz_2001-2022_retrieved_2026-10-07.json,1 January,A,annual,,stock at 1 Jan; citizen=FOR_STLS (foreign citizens incl. stateless),Read directly from the archived API response (evidence/api/eurostat_migr_pop1ctz_2001-2022_retrieved_2026-10-07.json); retrieved 2026-10-07.,2026-10-07
DNK,2005,foreign_nationals,267512,EUROSTAT_fn,Eurostat [migr_pop1ctz],https://ec.europa.eu/eurostat/api/dissemination/statistics/1.0/data/migr_pop1ctz?format=JSON&lang=EN&age=TOTAL&sex=T&unit=NR&citizen=FOR_STLS&sinceTimePeriod=2001&untilTimePeriod=2022,evidence/api/eurostat_migr_pop1ctz_2001-2022_retrieved_2026-10-07.json,1 January,A,annual,,stock at 1 Jan; citizen=FOR_STLS (foreign citizens incl. stateless),Read directly from the archived API response (evidence/api/eurostat_migr_pop1ctz_2001-2022_retrieved_2026-10-07.json); retrieved 2026-10-07.,2026-10-07
DNK,2006,foreign_nationals,269964,EUROSTAT_fn,Eurostat [migr_pop1ctz],https://ec.europa.eu/eurostat/api/dissemination/statistics/1.0/data/migr_pop1ctz?format=JSON&lang=EN&age=TOTAL&sex=T&unit=NR&citizen=FOR_STLS&sinceTimePeriod=2001&untilTimePeriod=2022,evidence/api/eurostat_migr_pop1ctz_2001-2022_retrieved_2026-10-07.json,1 January,A,annual,,stock at 1 Jan; citizen=FOR_STLS (foreign citizens incl. stateless),Read directly from the archived API response (evidence/api/eurostat_migr_pop1ctz_2001-2022_retrieved_2026-10-07.json); retrieved 2026-10-07.,2026-10-07
DNK,2007,foreign_nationals,278010,EUROSTAT_fn,Eurostat [migr_pop1ctz],https://ec.europa.eu/eurostat/api/dissemination/statistics/1.0/data/migr_pop1ctz?format=JSON&lang=EN&age=TOTAL&sex=T&unit=NR&citizen=FOR_STLS&sinceTimePeriod=2001&untilTimePeriod=2022,evidence/api/eurostat_migr_pop1ctz_2001-2022_retrieved_2026-10-07.json,1 January,A,annual,,stock at 1 Jan; citizen=FOR_STLS (foreign citizens incl. stateless),Read directly from the archived API response (evidence/api/eurostat_migr_pop1ctz_2001-2022_retrieved_2026-10-07.json); retrieved 2026-10-07.,2026-10-07
DNK,2008,foreign_nationals,298450,EUROSTAT_fn,Eurostat [migr_pop1ctz],https://ec.europa.eu/eurostat/api/dissemination/statistics/1.0/data/migr_pop1ctz?format=JSON&lang=EN&age=TOTAL&sex=T&unit=NR&citizen=FOR_STLS&sinceTimePeriod=2001&untilTimePeriod=2022,evidence/api/eurostat_migr_pop1ctz_2001-2022_retrieved_2026-10-07.json,1 January,A,annual,,stock at 1 Jan; citizen=FOR_STLS (foreign citizens incl. stateless),Read directly from the archived API response (evidence/api/eurostat_migr_pop1ctz_2001-2022_retrieved_2026-10-07.json); retrieved 2026-10-07.,2026-10-07
DNK,2009,foreign_nationals,320033,EUROSTAT_fn,Eurostat [migr_pop1ctz],https://ec.europa.eu/eurostat/api/dissemination/statistics/1.0/data/migr_pop1ctz?format=JSON&lang=EN&age=TOTAL&sex=T&unit=NR&citizen=FOR_STLS&sinceTimePeriod=2001&untilTimePeriod=2022,evidence/api/eurostat_migr_pop1ctz_2001-2022_retrieved_2026-10-07.json,1 January,A,annual,,stock at 1 Jan; citizen=FOR_STLS (foreign citizens incl. stateless),Read directly from the archived API response (evidence/api/eurostat_migr_pop1ctz_2001-2022_retrieved_2026-10-07.json); retrieved 2026-10-07.,2026-10-07
ESP,2001,foreign_nationals,1370657,OECD_fn,"OECD International Migration Database (stocks of foreign population, measure B15)","https://sdmx.oecd.org/public/rest/data/OECD.ELS.IMD,DSD_MIG@DF_MIG,1.0/AUS+AUT+BEL+BGR+CHE+CHL+CHN+CZE+DEU+DNK+ESP+FIN+FRA+GBR+HRV+HUN+IND+ISL+ISR+ITA+JPN+KOR+LTU+MEX+NLD+NOR+NZL+PHL+POL+PRT+RUS+SUR+SVK+SVN+SWE+THA+TUR+TWN+USA+ZAF.W.A.B15._T._Z._Z.PS?startPeriod=2001&endPeriod=2022&format=jsondata&dimensionAtObservation=AllDimensions",evidence/api/oecd/OECD_B15_foreign-population_2001-2022_retrieved_2026-10-07.json,See note,A,annual,splice,"OECD IMD stock. The reference date differs by country and is not carried in the API response; consult the OECD IMD metadata for this country. SPLICE: this country's published series from 2010 on uses Eurostat [migr_pop1ctz]; OECD International Migration Database is used here because Eurostat [migr_pop1ctz] does not reach 2001. Over the 13 years where both exist, OECD International Migration Database is -0.05% on average (range -0.31% to +0.16%) relative to Eurostat [migr_pop1ctz].",Read directly from the archived API response (evidence/api/oecd/OECD_B15_foreign-population_2001-2022_retrieved_2026-10-07.json); retrieved 2026-10-07.,2026-10-07
ESP,2002,foreign_nationals,1737969,EUROSTAT_fn,Eurostat [migr_pop1ctz],https://ec.europa.eu/eurostat/api/dissemination/statistics/1.0/data/migr_pop1ctz?format=JSON&lang=EN&age=TOTAL&sex=T&unit=NR&citizen=FOR_STLS&sinceTimePeriod=2001&untilTimePeriod=2022,evidence/api/eurostat_migr_pop1ctz_2001-2022_retrieved_2026-10-07.json,1 January,A,annual,,stock at 1 Jan; citizen=FOR_STLS (foreign citizens incl. stateless),Read directly from the archived API response (evidence/api/eurostat_migr_pop1ctz_2001-2022_retrieved_2026-10-07.json); retrieved 2026-10-07.,2026-10-07
ESP,2003,foreign_nationals,2362023,EUROSTAT_fn,Eurostat [migr_pop1ctz],https://ec.europa.eu/eurostat/api/dissemination/statistics/1.0/data/migr_pop1ctz?format=JSON&lang=EN&age=TOTAL&sex=T&unit=NR&citizen=FOR_STLS&sinceTimePeriod=2001&untilTimePeriod=2022,evidence/api/eurostat_migr_pop1ctz_2001-2022_retrieved_2026-10-07.json,1 January,A,annual,,stock at 1 Jan; citizen=FOR_STLS (foreign citizens incl. stateless),Read directly from the archived API response (evidence/api/eurostat_migr_pop1ctz_2001-2022_retrieved_2026-10-07.json); retrieved 2026-10-07.,2026-10-07
ESP,2004,foreign_nationals,2900790,EUROSTAT_fn,Eurostat [migr_pop1ctz],https://ec.europa.eu/eurostat/api/dissemination/statistics/1.0/data/migr_pop1ctz?format=JSON&lang=EN&age=TOTAL&sex=T&unit=NR&citizen=FOR_STLS&sinceTimePeriod=2001&untilTimePeriod=2022,evidence/api/eurostat_migr_pop1ctz_2001-2022_retrieved_2026-10-07.json,1 January,A,annual,,stock at 1 Jan; citizen=FOR_STLS (foreign citizens incl. stateless),Read directly from the archived API response (evidence/api/eurostat_migr_pop1ctz_2001-2022_retrieved_2026-10-07.json); retrieved 2026-10-07.,2026-10-07
ESP,2005,foreign_nationals,3430204,EUROSTAT_fn,Eurostat [migr_pop1ctz],https://ec.europa.eu/eurostat/api/dissemination/statistics/1.0/data/migr_pop1ctz?format=JSON&lang=EN&age=TOTAL&sex=T&unit=NR&citizen=FOR_STLS&sinceTimePeriod=2001&untilTimePeriod=2022,evidence/api/eurostat_migr_pop1ctz_2001-2022_retrieved_2026-10-07.json,1 January,A,annual,,stock at 1 Jan; citizen=FOR_STLS (foreign citizens incl. stateless),Read directly from the archived API response (evidence/api/eurostat_migr_pop1ctz_2001-2022_retrieved_2026-10-07.json); retrieved 2026-10-07.,2026-10-07
ESP,2006,foreign_nationals,3930916,EUROSTAT_fn,Eurostat [migr_pop1ctz],https://ec.europa.eu/eurostat/api/dissemination/statistics/1.0/data/migr_pop1ctz?format=JSON&lang=EN&age=TOTAL&sex=T&unit=NR&citizen=FOR_STLS&sinceTimePeriod=2001&untilTimePeriod=2022,evidence/api/eurostat_migr_pop1ctz_2001-2022_retrieved_2026-10-07.json,1 January,A,annual,,stock at 1 Jan; citizen=FOR_STLS (foreign citizens incl. stateless),Read directly from the archived API response (evidence/api/eurostat_migr_pop1ctz_2001-2022_retrieved_2026-10-07.json); retrieved 2026-10-07.,2026-10-07
ESP,2007,foreign_nationals,4449431,EUROSTAT_fn,Eurostat [migr_pop1ctz],https://ec.europa.eu/eurostat/api/dissemination/statistics/1.0/data/migr_pop1ctz?format=JSON&lang=EN&age=TOTAL&sex=T&unit=NR&citizen=FOR_STLS&sinceTimePeriod=2001&untilTimePeriod=2022,evidence/api/eurostat_migr_pop1ctz_2001-2022_retrieved_2026-10-07.json,1 January,A,annual,,stock at 1 Jan; citizen=FOR_STLS (foreign citizens incl. stateless),Read directly from the archived API response (evidence/api/eurostat_migr_pop1ctz_2001-2022_retrieved_2026-10-07.json); retrieved 2026-10-07.,2026-10-07
ESP,2008,foreign_nationals,5086293,EUROSTAT_fn,Eurostat [migr_pop1ctz],https://ec.europa.eu/eurostat/api/dissemination/statistics/1.0/data/migr_pop1ctz?format=JSON&lang=EN&age=TOTAL&sex=T&unit=NR&citizen=FOR_STLS&sinceTimePeriod=2001&untilTimePeriod=2022,evidence/api/eurostat_migr_pop1ctz_2001-2022_retrieved_2026-10-07.json,1 January,A,annual,,stock at 1 Jan; citizen=FOR_STLS (foreign citizens incl. stateless),Read directly from the archived API response (evidence/api/eurostat_migr_pop1ctz_2001-2022_retrieved_2026-10-07.json); retrieved 2026-10-07.,2026-10-07
ESP,2009,foreign_nationals,5386659,EUROSTAT_fn,Eurostat [migr_pop1ctz],https://ec.europa.eu/eurostat/api/dissemination/statistics/1.0/data/migr_pop1ctz?format=JSON&lang=EN&age=TOTAL&sex=T&unit=NR&citizen=FOR_STLS&sinceTimePeriod=2001&untilTimePeriod=2022,evidence/api/eurostat_migr_pop1ctz_2001-2022_retrieved_2026-10-07.json,1 January,A,annual,,stock at 1 Jan; citizen=FOR_STLS (foreign citizens incl. stateless),Read directly from the archived API response (evidence/api/eurostat_migr_pop1ctz_2001-2022_retrieved_2026-10-07.json); retrieved 2026-10-07.,2026-10-07
FIN,2001,foreign_nationals,90569,EUROSTAT_fn,Eurostat [migr_pop1ctz],https://ec.europa.eu/eurostat/api/dissemination/statistics/1.0/data/migr_pop1ctz?format=JSON&lang=EN&age=TOTAL&sex=T&unit=NR&citizen=FOR_STLS&sinceTimePeriod=2001&untilTimePeriod=2022,evidence/api/eurostat_migr_pop1ctz_2001-2022_retrieved_2026-10-07.json,1 January,A,annual,,stock at 1 Jan; citizen=FOR_STLS (foreign citizens incl. stateless),Read directly from the archived API response (evidence/api/eurostat_migr_pop1ctz_2001-2022_retrieved_2026-10-07.json); retrieved 2026-10-07.,2026-10-07
FIN,2002,foreign_nationals,98142,EUROSTAT_fn,Eurostat [migr_pop1ctz],https://ec.europa.eu/eurostat/api/dissemination/statistics/1.0/data/migr_pop1ctz?format=JSON&lang=EN&age=TOTAL&sex=T&unit=NR&citizen=FOR_STLS&sinceTimePeriod=2001&untilTimePeriod=2022,evidence/api/eurostat_migr_pop1ctz_2001-2022_retrieved_2026-10-07.json,1 January,A,annual,,stock at 1 Jan; citizen=FOR_STLS (foreign citizens incl. stateless),Read directly from the archived API response (evidence/api/eurostat_migr_pop1ctz_2001-2022_retrieved_2026-10-07.json); retrieved 2026-10-07.,2026-10-07
FIN,2003,foreign_nationals,103206,EUROSTAT_fn,Eurostat [migr_pop1ctz],https://ec.europa.eu/eurostat/api/dissemination/statistics/1.0/data/migr_pop1ctz?format=JSON&lang=EN&age=TOTAL&sex=T&unit=NR&citizen=FOR_STLS&sinceTimePeriod=2001&untilTimePeriod=2022,evidence/api/eurostat_migr_pop1ctz_2001-2022_retrieved_2026-10-07.json,1 January,A,annual,,stock at 1 Jan; citizen=FOR_STLS (foreign citizens incl. stateless),Read directly from the archived API response (evidence/api/eurostat_migr_pop1ctz_2001-2022_retrieved_2026-10-07.json); retrieved 2026-10-07.,2026-10-07
FIN,2004,foreign_nationals,106545,EUROSTAT_fn,Eurostat [migr_pop1ctz],https://ec.europa.eu/eurostat/api/dissemination/statistics/1.0/data/migr_pop1ctz?format=JSON&lang=EN&age=TOTAL&sex=T&unit=NR&citizen=FOR_STLS&sinceTimePeriod=2001&untilTimePeriod=2022,evidence/api/eurostat_migr_pop1ctz_2001-2022_retrieved_2026-10-07.json,1 January,A,annual,,stock at 1 Jan; citizen=FOR_STLS (foreign citizens incl. stateless),Read directly from the archived API response (evidence/api/eurostat_migr_pop1ctz_2001-2022_retrieved_2026-10-07.json); retrieved 2026-10-07.,2026-10-07
FIN,2005,foreign_nationals,107804,EUROSTAT_fn,Eurostat [migr_pop1ctz],https://ec.europa.eu/eurostat/api/dissemination/statistics/1.0/data/migr_pop1ctz?format=JSON&lang=EN&age=TOTAL&sex=T&unit=NR&citizen=FOR_STLS&sinceTimePeriod=2001&untilTimePeriod=2022,evidence/api/eurostat_migr_pop1ctz_2001-2022_retrieved_2026-10-07.json,1 January,A,annual,,stock at 1 Jan; citizen=FOR_STLS (foreign citizens incl. stateless),Read directly from the archived API response (evidence/api/eurostat_migr_pop1ctz_2001-2022_retrieved_2026-10-07.json); retrieved 2026-10-07.,2026-10-07
FIN,2006,foreign_nationals,112529,EUROSTAT_fn,Eurostat [migr_pop1ctz],https://ec.europa.eu/eurostat/api/dissemination/statistics/1.0/data/migr_pop1ctz?format=JSON&lang=EN&age=TOTAL&sex=T&unit=NR&citizen=FOR_STLS&sinceTimePeriod=2001&untilTimePeriod=2022,evidence/api/eurostat_migr_pop1ctz_2001-2022_retrieved_2026-10-07.json,1 January,A,annual,,stock at 1 Jan; citizen=FOR_STLS (foreign citizens incl. stateless),Read directly from the archived API response (evidence/api/eurostat_migr_pop1ctz_2001-2022_retrieved_2026-10-07.json); retrieved 2026-10-07.,2026-10-07
FIN,2007,foreign_nationals,121110,EUROSTAT_fn,Eurostat [migr_pop1ctz],https://ec.europa.eu/eurostat/api/dissemination/statistics/1.0/data/migr_pop1ctz?format=JSON&lang=EN&age=TOTAL&sex=T&unit=NR&citizen=FOR_STLS&sinceTimePeriod=2001&untilTimePeriod=2022,evidence/api/eurostat_migr_pop1ctz_2001-2022_retrieved_2026-10-07.json,1 January,A,annual,,stock at 1 Jan; citizen=FOR_STLS (foreign citizens incl. stateless),Read directly from the archived API response (evidence/api/eurostat_migr_pop1ctz_2001-2022_retrieved_2026-10-07.json); retrieved 2026-10-07.,2026-10-07
FIN,2008,foreign_nationals,132708,EUROSTAT_fn,Eurostat [migr_pop1ctz],https://ec.europa.eu/eurostat/api/dissemination/statistics/1.0/data/migr_pop1ctz?format=JSON&lang=EN&age=TOTAL&sex=T&unit=NR&citizen=FOR_STLS&sinceTimePeriod=2001&untilTimePeriod=2022,evidence/api/eurostat_migr_pop1ctz_2001-2022_retrieved_2026-10-07.json,1 January,A,annual,,stock at 1 Jan; citizen=FOR_STLS (foreign citizens incl. stateless),Read directly from the archived API response (evidence/api/eurostat_migr_pop1ctz_2001-2022_retrieved_2026-10-07.json); retrieved 2026-10-07.,2026-10-07
FIN,2009,foreign_nationals,142288,EUROSTAT_fn,Eurostat [migr_pop1ctz],https://ec.europa.eu/eurostat/api/dissemination/statistics/1.0/data/migr_pop1ctz?format=JSON&lang=EN&age=TOTAL&sex=T&unit=NR&citizen=FOR_STLS&sinceTimePeriod=2001&untilTimePeriod=2022,evidence/api/eurostat_migr_pop1ctz_2001-2022_retrieved_2026-10-07.json,1 January,A,annual,,stock at 1 Jan; citizen=FOR_STLS (foreign citizens incl. stateless),Read directly from the archived API response (evidence/api/eurostat_migr_pop1ctz_2001-2022_retrieved_2026-10-07.json); retrieved 2026-10-07.,2026-10-07
FRA,2006,foreign_nationals,3541820,OECD_fn,"OECD International Migration Database (stocks of foreign population, measure B15)","https://sdmx.oecd.org/public/rest/data/OECD.ELS.IMD,DSD_MIG@DF_MIG,1.0/AUS+AUT+BEL+BGR+CHE+CHL+CHN+CZE+DEU+DNK+ESP+FIN+FRA+GBR+HRV+HUN+IND+ISL+ISR+ITA+JPN+KOR+LTU+MEX+NLD+NOR+NZL+PHL+POL+PRT+RUS+SUR+SVK+SVN+SWE+THA+TUR+TWN+USA+ZAF.W.A.B15._T._Z._Z.PS?startPeriod=2001&endPeriod=2022&format=jsondata&dimensionAtObservation=AllDimensions",evidence/api/oecd/OECD_B15_foreign-population_2001-2022_retrieved_2026-10-07.json,See note,A,annual,splice,"OECD IMD stock. The reference date differs by country and is not carried in the API response; consult the OECD IMD metadata for this country. SPLICE: this country's published series from 2010 on uses Eurostat [migr_pop1ctz]; OECD International Migration Database is used here because Eurostat [migr_pop1ctz] does not reach 2006. Over the 13 years where both exist, OECD International Migration Database is -0.01% on average (range -0.08% to +0.00%) relative to Eurostat [migr_pop1ctz].",Read directly from the archived API response (evidence/api/oecd/OECD_B15_foreign-population_2001-2022_retrieved_2026-10-07.json); retrieved 2026-10-07.,2026-10-07
FRA,2007,foreign_nationals,3685544,EUROSTAT_fn,Eurostat [migr_pop1ctz],https://ec.europa.eu/eurostat/api/dissemination/statistics/1.0/data/migr_pop1ctz?format=JSON&lang=EN&age=TOTAL&sex=T&unit=NR&citizen=FOR_STLS&sinceTimePeriod=2001&untilTimePeriod=2022,evidence/api/eurostat_migr_pop1ctz_2001-2022_retrieved_2026-10-07.json,1 January,A,annual,Eurostat flag: estimated,stock at 1 Jan; citizen=FOR_STLS (foreign citizens incl. stateless) Eurostat flag: estimated,Read directly from the archived API response (evidence/api/eurostat_migr_pop1ctz_2001-2022_retrieved_2026-10-07.json); retrieved 2026-10-07.,2026-10-07
FRA,2008,foreign_nationals,3709814,EUROSTAT_fn,Eurostat [migr_pop1ctz],https://ec.europa.eu/eurostat/api/dissemination/statistics/1.0/data/migr_pop1ctz?format=JSON&lang=EN&age=TOTAL&sex=T&unit=NR&citizen=FOR_STLS&sinceTimePeriod=2001&untilTimePeriod=2022,evidence/api/eurostat_migr_pop1ctz_2001-2022_retrieved_2026-10-07.json,1 January,A,annual,Eurostat flag: estimated,stock at 1 Jan; citizen=FOR_STLS (foreign citizens incl. stateless) Eurostat flag: estimated,Read directly from the archived API response (evidence/api/eurostat_migr_pop1ctz_2001-2022_retrieved_2026-10-07.json); retrieved 2026-10-07.,2026-10-07
FRA,2009,foreign_nationals,3750406,EUROSTAT_fn,Eurostat [migr_pop1ctz],https://ec.europa.eu/eurostat/api/dissemination/statistics/1.0/data/migr_pop1ctz?format=JSON&lang=EN&age=TOTAL&sex=T&unit=NR&citizen=FOR_STLS&sinceTimePeriod=2001&untilTimePeriod=2022,evidence/api/eurostat_migr_pop1ctz_2001-2022_retrieved_2026-10-07.json,1 January,A,annual,,stock at 1 Jan; citizen=FOR_STLS (foreign citizens incl. stateless),Read directly from the archived API response (evidence/api/eurostat_migr_pop1ctz_2001-2022_retrieved_2026-10-07.json); retrieved 2026-10-07.,2026-10-07
GBR,2001,foreign_nationals,2649219,EUROSTAT_fn,Eurostat [migr_pop1ctz],https://ec.europa.eu/eurostat/api/dissemination/statistics/1.0/data/migr_pop1ctz?format=JSON&lang=EN&age=TOTAL&sex=T&unit=NR&citizen=FOR_STLS&sinceTimePeriod=2001&untilTimePeriod=2022,evidence/api/eurostat_migr_pop1ctz_2001-2022_retrieved_2026-10-07.json,1 January,A,annual,,stock at 1 Jan; citizen=FOR_STLS (foreign citizens incl. stateless),Read directly from the archived API response (evidence/api/eurostat_migr_pop1ctz_2001-2022_retrieved_2026-10-07.json); retrieved 2026-10-07.,2026-10-07
GBR,2002,foreign_nationals,2587000,OECD_fn,"OECD International Migration Database (stocks of foreign population, measure B15)","https://sdmx.oecd.org/public/rest/data/OECD.ELS.IMD,DSD_MIG@DF_MIG,1.0/AUS+AUT+BEL+BGR+CHE+CHL+CHN+CZE+DEU+DNK+ESP+FIN+FRA+GBR+HRV+HUN+IND+ISL+ISR+ITA+JPN+KOR+LTU+MEX+NLD+NOR+NZL+PHL+POL+PRT+RUS+SUR+SVK+SVN+SWE+THA+TUR+TWN+USA+ZAF.W.A.B15._T._Z._Z.PS?startPeriod=2001&endPeriod=2022&format=jsondata&dimensionAtObservation=AllDimensions",evidence/api/oecd/OECD_B15_foreign-population_2001-2022_retrieved_2026-10-07.json,See note,A,annual,splice,"OECD IMD stock. The reference date differs by country and is not carried in the API response; consult the OECD IMD metadata for this country. SPLICE: this country's published series from 2010 on uses Eurostat [migr_pop1ctz]; OECD International Migration Database is used here because Eurostat [migr_pop1ctz] does not reach 2002. Over the 10 years where both exist, OECD International Migration Database is +1.20% on average (range -4.69% to +5.52%) relative to Eurostat [migr_pop1ctz].",Read directly from the archived API response (evidence/api/oecd/OECD_B15_foreign-population_2001-2022_retrieved_2026-10-07.json); retrieved 2026-10-07.,2026-10-07
GBR,2003,foreign_nationals,2753753,EUROSTAT_fn,Eurostat [migr_pop1ctz],https://ec.europa.eu/eurostat/api/dissemination/statistics/1.0/data/migr_pop1ctz?format=JSON&lang=EN&age=TOTAL&sex=T&unit=NR&citizen=FOR_STLS&sinceTimePeriod=2001&untilTimePeriod=2022,evidence/api/eurostat_migr_pop1ctz_2001-2022_retrieved_2026-10-07.json,1 January,A,annual,,stock at 1 Jan; citizen=FOR_STLS (foreign citizens incl. stateless),Read directly from the archived API response (evidence/api/eurostat_migr_pop1ctz_2001-2022_retrieved_2026-10-07.json); retrieved 2026-10-07.,2026-10-07
GBR,2004,foreign_nationals,2926657,EUROSTAT_fn,Eurostat [migr_pop1ctz],https://ec.europa.eu/eurostat/api/dissemination/statistics/1.0/data/migr_pop1ctz?format=JSON&lang=EN&age=TOTAL&sex=T&unit=NR&citizen=FOR_STLS&sinceTimePeriod=2001&untilTimePeriod=2022,evidence/api/eurostat_migr_pop1ctz_2001-2022_retrieved_2026-10-07.json,1 January,A,annual,,stock at 1 Jan; citizen=FOR_STLS (foreign citizens incl. stateless),Read directly from the archived API response (evidence/api/eurostat_migr_pop1ctz_2001-2022_retrieved_2026-10-07.json); retrieved 2026-10-07.,2026-10-07
GBR,2005,foreign_nationals,3066055,EUROSTAT_fn,Eurostat [migr_pop1ctz],https://ec.europa.eu/eurostat/api/dissemination/statistics/1.0/data/migr_pop1ctz?format=JSON&lang=EN&age=TOTAL&sex=T&unit=NR&citizen=FOR_STLS&sinceTimePeriod=2001&untilTimePeriod=2022,evidence/api/eurostat_migr_pop1ctz_2001-2022_retrieved_2026-10-07.json,1 January,A,annual,,stock at 1 Jan; citizen=FOR_STLS (foreign citizens incl. stateless),Read directly from the archived API response (evidence/api/eurostat_migr_pop1ctz_2001-2022_retrieved_2026-10-07.json); retrieved 2026-10-07.,2026-10-07
GBR,2006,foreign_nationals,3425000,EUROSTAT_fn,Eurostat [migr_pop1ctz],https://ec.europa.eu/eurostat/api/dissemination/statistics/1.0/data/migr_pop1ctz?format=JSON&lang=EN&age=TOTAL&sex=T&unit=NR&citizen=FOR_STLS&sinceTimePeriod=2001&untilTimePeriod=2022,evidence/api/eurostat_migr_pop1ctz_2001-2022_retrieved_2026-10-07.json,1 January,A,annual,Eurostat flag: estimated,stock at 1 Jan; citizen=FOR_STLS (foreign citizens incl. stateless) Eurostat flag: estimated,Read directly from the archived API response (evidence/api/eurostat_migr_pop1ctz_2001-2022_retrieved_2026-10-07.json); retrieved 2026-10-07.,2026-10-07
GBR,2007,foreign_nationals,3659900,EUROSTAT_fn,Eurostat [migr_pop1ctz],https://ec.europa.eu/eurostat/api/dissemination/statistics/1.0/data/migr_pop1ctz?format=JSON&lang=EN&age=TOTAL&sex=T&unit=NR&citizen=FOR_STLS&sinceTimePeriod=2001&untilTimePeriod=2022,evidence/api/eurostat_migr_pop1ctz_2001-2022_retrieved_2026-10-07.json,1 January,A,annual,Eurostat flag: estimated,stock at 1 Jan; citizen=FOR_STLS (foreign citizens incl. stateless) Eurostat flag: estimated,Read directly from the archived API response (evidence/api/eurostat_migr_pop1ctz_2001-2022_retrieved_2026-10-07.json); retrieved 2026-10-07.,2026-10-07
GBR,2008,foreign_nationals,4020800,EUROSTAT_fn,Eurostat [migr_pop1ctz],https://ec.europa.eu/eurostat/api/dissemination/statistics/1.0/data/migr_pop1ctz?format=JSON&lang=EN&age=TOTAL&sex=T&unit=NR&citizen=FOR_STLS&sinceTimePeriod=2001&untilTimePeriod=2022,evidence/api/eurostat_migr_pop1ctz_2001-2022_retrieved_2026-10-07.json,1 January,A,annual,Eurostat flag: estimated,stock at 1 Jan; citizen=FOR_STLS (foreign citizens incl. stateless) Eurostat flag: estimated,Read directly from the archived API response (evidence/api/eurostat_migr_pop1ctz_2001-2022_retrieved_2026-10-07.json); retrieved 2026-10-07.,2026-10-07
GBR,2009,foreign_nationals,4244092,EUROSTAT_fn,Eurostat [migr_pop1ctz],https://ec.europa.eu/eurostat/api/dissemination/statistics/1.0/data/migr_pop1ctz?format=JSON&lang=EN&age=TOTAL&sex=T&unit=NR&citizen=FOR_STLS&sinceTimePeriod=2001&untilTimePeriod=2022,evidence/api/eurostat_migr_pop1ctz_2001-2022_retrieved_2026-10-07.json,1 January,A,annual,,stock at 1 Jan; citizen=FOR_STLS (foreign citizens incl. stateless),Read directly from the archived API response (evidence/api/eurostat_migr_pop1ctz_2001-2022_retrieved_2026-10-07.json); retrieved 2026-10-07.,2026-10-07
HUN,2001,foreign_nationals,115436,EUROSTAT_fn,Eurostat [migr_pop1ctz],https://ec.europa.eu/eurostat/api/dissemination/statistics/1.0/data/migr_pop1ctz?format=JSON&lang=EN&age=TOTAL&sex=T&unit=NR&citizen=FOR_STLS&sinceTimePeriod=2001&untilTimePeriod=2022,evidence/api/eurostat_migr_pop1ctz_2001-2022_retrieved_2026-10-07.json,1 January,A,annual,,stock at 1 Jan; citizen=FOR_STLS (foreign citizens incl. stateless),Read directly from the archived API response (evidence/api/eurostat_migr_pop1ctz_2001-2022_retrieved_2026-10-07.json); retrieved 2026-10-07.,2026-10-07
HUN,2002,foreign_nationals,116085,EUROSTAT_fn,Eurostat [migr_pop1ctz],https://ec.europa.eu/eurostat/api/dissemination/statistics/1.0/data/migr_pop1ctz?format=JSON&lang=EN&age=TOTAL&sex=T&unit=NR&citizen=FOR_STLS&sinceTimePeriod=2001&untilTimePeriod=2022,evidence/api/eurostat_migr_pop1ctz_2001-2022_retrieved_2026-10-07.json,1 January,A,annual,Eurostat flag: provisional,stock at 1 Jan; citizen=FOR_STLS (foreign citizens incl. stateless) Eurostat flag: provisional,Read directly from the archived API response (evidence/api/eurostat_migr_pop1ctz_2001-2022_retrieved_2026-10-07.json); retrieved 2026-10-07.,2026-10-07
HUN,2003,foreign_nationals,115599,EUROSTAT_fn,Eurostat [migr_pop1ctz],https://ec.europa.eu/eurostat/api/dissemination/statistics/1.0/data/migr_pop1ctz?format=JSON&lang=EN&age=TOTAL&sex=T&unit=NR&citizen=FOR_STLS&sinceTimePeriod=2001&untilTimePeriod=2022,evidence/api/eurostat_migr_pop1ctz_2001-2022_retrieved_2026-10-07.json,1 January,A,annual,,stock at 1 Jan; citizen=FOR_STLS (foreign citizens incl. stateless),Read directly from the archived API response (evidence/api/eurostat_migr_pop1ctz_2001-2022_retrieved_2026-10-07.json); retrieved 2026-10-07.,2026-10-07
HUN,2004,foreign_nationals,130109,EUROSTAT_fn,Eurostat [migr_pop1ctz],https://ec.europa.eu/eurostat/api/dissemination/statistics/1.0/data/migr_pop1ctz?format=JSON&lang=EN&age=TOTAL&sex=T&unit=NR&citizen=FOR_STLS&sinceTimePeriod=2001&untilTimePeriod=2022,evidence/api/eurostat_migr_pop1ctz_2001-2022_retrieved_2026-10-07.json,1 January,A,annual,,stock at 1 Jan; citizen=FOR_STLS (foreign citizens incl. stateless),Read directly from the archived API response (evidence/api/eurostat_migr_pop1ctz_2001-2022_retrieved_2026-10-07.json); retrieved 2026-10-07.,2026-10-07
HUN,2005,foreign_nationals,143638,EUROSTAT_fn,Eurostat [migr_pop1ctz],https://ec.europa.eu/eurostat/api/dissemination/statistics/1.0/data/migr_pop1ctz?format=JSON&lang=EN&age=TOTAL&sex=T&unit=NR&citizen=FOR_STLS&sinceTimePeriod=2001&untilTimePeriod=2022,evidence/api/eurostat_migr_pop1ctz_2001-2022_retrieved_2026-10-07.json,1 January,A,annual,,stock at 1 Jan; citizen=FOR_STLS (foreign citizens incl. stateless),Read directly from the archived API response (evidence/api/eurostat_migr_pop1ctz_2001-2022_retrieved_2026-10-07.json); retrieved 2026-10-07.,2026-10-07
HUN,2006,foreign_nationals,155978,EUROSTAT_fn,Eurostat [migr_pop1ctz],https://ec.europa.eu/eurostat/api/dissemination/statistics/1.0/data/migr_pop1ctz?format=JSON&lang=EN&age=TOTAL&sex=T&unit=NR&citizen=FOR_STLS&sinceTimePeriod=2001&untilTimePeriod=2022,evidence/api/eurostat_migr_pop1ctz_2001-2022_retrieved_2026-10-07.json,1 January,A,annual,,stock at 1 Jan; citizen=FOR_STLS (foreign citizens incl. stateless),Read directly from the archived API response (evidence/api/eurostat_migr_pop1ctz_2001-2022_retrieved_2026-10-07.json); retrieved 2026-10-07.,2026-10-07
HUN,2007,foreign_nationals,167715,EUROSTAT_fn,Eurostat [migr_pop1ctz],https://ec.europa.eu/eurostat/api/dissemination/statistics/1.0/data/migr_pop1ctz?format=JSON&lang=EN&age=TOTAL&sex=T&unit=NR&citizen=FOR_STLS&sinceTimePeriod=2001&untilTimePeriod=2022,evidence/api/eurostat_migr_pop1ctz_2001-2022_retrieved_2026-10-07.json,1 January,A,annual,,stock at 1 Jan; citizen=FOR_STLS (foreign citizens incl. stateless),Read directly from the archived API response (evidence/api/eurostat_migr_pop1ctz_2001-2022_retrieved_2026-10-07.json); retrieved 2026-10-07.,2026-10-07
HUN,2008,foreign_nationals,176580,EUROSTAT_fn,Eurostat [migr_pop1ctz],https://ec.europa.eu/eurostat/api/dissemination/statistics/1.0/data/migr_pop1ctz?format=JSON&lang=EN&age=TOTAL&sex=T&unit=NR&citizen=FOR_STLS&sinceTimePeriod=2001&untilTimePeriod=2022,evidence/api/eurostat_migr_pop1ctz_2001-2022_retrieved_2026-10-07.json,1 January,A,annual,,stock at 1 Jan; citizen=FOR_STLS (foreign citizens incl. stateless),Read directly from the archived API response (evidence/api/eurostat_migr_pop1ctz_2001-2022_retrieved_2026-10-07.json); retrieved 2026-10-07.,2026-10-07
HUN,2009,foreign_nationals,186365,EUROSTAT_fn,Eurostat [migr_pop1ctz],https://ec.europa.eu/eurostat/api/dissemination/statistics/1.0/data/migr_pop1ctz?format=JSON&lang=EN&age=TOTAL&sex=T&unit=NR&citizen=FOR_STLS&sinceTimePeriod=2001&untilTimePeriod=2022,evidence/api/eurostat_migr_pop1ctz_2001-2022_retrieved_2026-10-07.json,1 January,A,annual,,stock at 1 Jan; citizen=FOR_STLS (foreign citizens incl. stateless),Read directly from the archived API response (evidence/api/eurostat_migr_pop1ctz_2001-2022_retrieved_2026-10-07.json); retrieved 2026-10-07.,2026-10-07
ISL,2001,foreign_nationals,8821,EUROSTAT_fn,Eurostat [migr_pop1ctz],https://ec.europa.eu/eurostat/api/dissemination/statistics/1.0/data/migr_pop1ctz?format=JSON&lang=EN&age=TOTAL&sex=T&unit=NR&citizen=FOR_STLS&sinceTimePeriod=2001&untilTimePeriod=2022,evidence/api/eurostat_migr_pop1ctz_2001-2022_retrieved_2026-10-07.json,1 January,A,annual,,stock at 1 Jan; citizen=FOR_STLS (foreign citizens incl. stateless),Read directly from the archived API response (evidence/api/eurostat_migr_pop1ctz_2001-2022_retrieved_2026-10-07.json); retrieved 2026-10-07.,2026-10-07
ISL,2002,foreign_nationals,9847,EUROSTAT_fn,Eurostat [migr_pop1ctz],https://ec.europa.eu/eurostat/api/dissemination/statistics/1.0/data/migr_pop1ctz?format=JSON&lang=EN&age=TOTAL&sex=T&unit=NR&citizen=FOR_STLS&sinceTimePeriod=2001&untilTimePeriod=2022,evidence/api/eurostat_migr_pop1ctz_2001-2022_retrieved_2026-10-07.json,1 January,A,annual,,stock at 1 Jan; citizen=FOR_STLS (foreign citizens incl. stateless),Read directly from the archived API response (evidence/api/eurostat_migr_pop1ctz_2001-2022_retrieved_2026-10-07.json); retrieved 2026-10-07.,2026-10-07
ISL,2003,foreign_nationals,10218,EUROSTAT_fn,Eurostat [migr_pop1ctz],https://ec.europa.eu/eurostat/api/dissemination/statistics/1.0/data/migr_pop1ctz?format=JSON&lang=EN&age=TOTAL&sex=T&unit=NR&citizen=FOR_STLS&sinceTimePeriod=2001&untilTimePeriod=2022,evidence/api/eurostat_migr_pop1ctz_2001-2022_retrieved_2026-10-07.json,1 January,A,annual,,stock at 1 Jan; citizen=FOR_STLS (foreign citizens incl. stateless),Read directly from the archived API response (evidence/api/eurostat_migr_pop1ctz_2001-2022_retrieved_2026-10-07.json); retrieved 2026-10-07.,2026-10-07
ISL,2004,foreign_nationals,10151,EUROSTAT_fn,Eurostat [migr_pop1ctz],https://ec.europa.eu/eurostat/api/dissemination/statistics/1.0/data/migr_pop1ctz?format=JSON&lang=EN&age=TOTAL&sex=T&unit=NR&citizen=FOR_STLS&sinceTimePeriod=2001&untilTimePeriod=2022,evidence/api/eurostat_migr_pop1ctz_2001-2022_retrieved_2026-10-07.json,1 January,A,annual,,stock at 1 Jan; citizen=FOR_STLS (foreign citizens incl. stateless),Read directly from the archived API response (evidence/api/eurostat_migr_pop1ctz_2001-2022_retrieved_2026-10-07.json); retrieved 2026-10-07.,2026-10-07
ISL,2005,foreign_nationals,10607,EUROSTAT_fn,Eurostat [migr_pop1ctz],https://ec.europa.eu/eurostat/api/dissemination/statistics/1.0/data/migr_pop1ctz?format=JSON&lang=EN&age=TOTAL&sex=T&unit=NR&citizen=FOR_STLS&sinceTimePeriod=2001&untilTimePeriod=2022,evidence/api/eurostat_migr_pop1ctz_2001-2022_retrieved_2026-10-07.json,1 January,A,annual,,stock at 1 Jan; citizen=FOR_STLS (foreign citizens incl. stateless),Read directly from the archived API response (evidence/api/eurostat_migr_pop1ctz_2001-2022_retrieved_2026-10-07.json); retrieved 2026-10-07.,2026-10-07
ISL,2006,foreign_nationals,13746,EUROSTAT_fn,Eurostat [migr_pop1ctz],https://ec.europa.eu/eurostat/api/dissemination/statistics/1.0/data/migr_pop1ctz?format=JSON&lang=EN&age=TOTAL&sex=T&unit=NR&citizen=FOR_STLS&sinceTimePeriod=2001&untilTimePeriod=2022,evidence/api/eurostat_migr_pop1ctz_2001-2022_retrieved_2026-10-07.json,1 January,A,annual,,stock at 1 Jan; citizen=FOR_STLS (foreign citizens incl. stateless),Read directly from the archived API response (evidence/api/eurostat_migr_pop1ctz_2001-2022_retrieved_2026-10-07.json); retrieved 2026-10-07.,2026-10-07
ISL,2007,foreign_nationals,18563,OECD_fn,"OECD International Migration Database (stocks of foreign population, measure B15)","https://sdmx.oecd.org/public/rest/data/OECD.ELS.IMD,DSD_MIG@DF_MIG,1.0/AUS+AUT+BEL+BGR+CHE+CHL+CHN+CZE+DEU+DNK+ESP+FIN+FRA+GBR+HRV+HUN+IND+ISL+ISR+ITA+JPN+KOR+LTU+MEX+NLD+NOR+NZL+PHL+POL+PRT+RUS+SUR+SVK+SVN+SWE+THA+TUR+TWN+USA+ZAF.W.A.B15._T._Z._Z.PS?startPeriod=2001&endPeriod=2022&format=jsondata&dimensionAtObservation=AllDimensions",evidence/api/oecd/OECD_B15_foreign-population_2001-2022_retrieved_2026-10-07.json,See note,A,annual,splice,"OECD IMD stock. The reference date differs by country and is not carried in the API response; consult the OECD IMD metadata for this country. SPLICE: this country's published series from 2010 on uses Eurostat [migr_pop1ctz]; OECD International Migration Database is used here because Eurostat [migr_pop1ctz] does not reach 2007. Over the 13 years where both exist, OECD International Migration Database is +0.00% on average (range +0.00% to +0.00%) relative to Eurostat [migr_pop1ctz].",Read directly from the archived API response (evidence/api/oecd/OECD_B15_foreign-population_2001-2022_retrieved_2026-10-07.json); retrieved 2026-10-07.,2026-10-07
ISL,2008,foreign_nationals,23420,EUROSTAT_fn,Eurostat [migr_pop1ctz],https://ec.europa.eu/eurostat/api/dissemination/statistics/1.0/data/migr_pop1ctz?format=JSON&lang=EN&age=TOTAL&sex=T&unit=NR&citizen=FOR_STLS&sinceTimePeriod=2001&untilTimePeriod=2022,evidence/api/eurostat_migr_pop1ctz_2001-2022_retrieved_2026-10-07.json,1 January,A,annual,,stock at 1 Jan; citizen=FOR_STLS (foreign citizens incl. stateless),Read directly from the archived API response (evidence/api/eurostat_migr_pop1ctz_2001-2022_retrieved_2026-10-07.json); retrieved 2026-10-07.,2026-10-07
ISL,2009,foreign_nationals,24379,EUROSTAT_fn,Eurostat [migr_pop1ctz],https://ec.europa.eu/eurostat/api/dissemination/statistics/1.0/data/migr_pop1ctz?format=JSON&lang=EN&age=TOTAL&sex=T&unit=NR&citizen=FOR_STLS&sinceTimePeriod=2001&untilTimePeriod=2022,evidence/api/eurostat_migr_pop1ctz_2001-2022_retrieved_2026-10-07.json,1 January,A,annual,,stock at 1 Jan; citizen=FOR_STLS (foreign citizens incl. stateless),Read directly from the archived API response (evidence/api/eurostat_migr_pop1ctz_2001-2022_retrieved_2026-10-07.json); retrieved 2026-10-07.,2026-10-07
ITA,2001,foreign_nationals,1379749,OECD_fn,"OECD International Migration Database (stocks of foreign population, measure B15)","https://sdmx.oecd.org/public/rest/data/OECD.ELS.IMD,DSD_MIG@DF_MIG,1.0/AUS+AUT+BEL+BGR+CHE+CHL+CHN+CZE+DEU+DNK+ESP+FIN+FRA+GBR+HRV+HUN+IND+ISL+ISR+ITA+JPN+KOR+LTU+MEX+NLD+NOR+NZL+PHL+POL+PRT+RUS+SUR+SVK+SVN+SWE+THA+TUR+TWN+USA+ZAF.W.A.B15._T._Z._Z.PS?startPeriod=2001&endPeriod=2022&format=jsondata&dimensionAtObservation=AllDimensions",evidence/api/oecd/OECD_B15_foreign-population_2001-2022_retrieved_2026-10-07.json,See note,A,annual,splice,"OECD IMD stock. The reference date differs by country and is not carried in the API response; consult the OECD IMD metadata for this country. SPLICE: this country's published series from 2010 on uses Eurostat [migr_pop1ctz]; OECD International Migration Database is used here because Eurostat [migr_pop1ctz] does not reach 2001. Over the 13 years where both exist, OECD International Migration Database is -0.05% on average (range -6.18% to +5.34%) relative to Eurostat [migr_pop1ctz].",Read directly from the archived API response (evidence/api/oecd/OECD_B15_foreign-population_2001-2022_retrieved_2026-10-07.json); retrieved 2026-10-07.,2026-10-07
ITA,2002,foreign_nationals,1341414,EUROSTAT_fn,Eurostat [migr_pop1ctz],https://ec.europa.eu/eurostat/api/dissemination/statistics/1.0/data/migr_pop1ctz?format=JSON&lang=EN&age=TOTAL&sex=T&unit=NR&citizen=FOR_STLS&sinceTimePeriod=2001&untilTimePeriod=2022,evidence/api/eurostat_migr_pop1ctz_2001-2022_retrieved_2026-10-07.json,1 January,A,annual,,stock at 1 Jan; citizen=FOR_STLS (foreign citizens incl. stateless),Read directly from the archived API response (evidence/api/eurostat_migr_pop1ctz_2001-2022_retrieved_2026-10-07.json); retrieved 2026-10-07.,2026-10-07
ITA,2003,foreign_nationals,1483277,EUROSTAT_fn,Eurostat [migr_pop1ctz],https://ec.europa.eu/eurostat/api/dissemination/statistics/1.0/data/migr_pop1ctz?format=JSON&lang=EN&age=TOTAL&sex=T&unit=NR&citizen=FOR_STLS&sinceTimePeriod=2001&untilTimePeriod=2022,evidence/api/eurostat_migr_pop1ctz_2001-2022_retrieved_2026-10-07.json,1 January,A,annual,,stock at 1 Jan; citizen=FOR_STLS (foreign citizens incl. stateless),Read directly from the archived API response (evidence/api/eurostat_migr_pop1ctz_2001-2022_retrieved_2026-10-07.json); retrieved 2026-10-07.,2026-10-07
ITA,2004,foreign_nationals,1893927,EUROSTAT_fn,Eurostat [migr_pop1ctz],https://ec.europa.eu/eurostat/api/dissemination/statistics/1.0/data/migr_pop1ctz?format=JSON&lang=EN&age=TOTAL&sex=T&unit=NR&citizen=FOR_STLS&sinceTimePeriod=2001&untilTimePeriod=2022,evidence/api/eurostat_migr_pop1ctz_2001-2022_retrieved_2026-10-07.json,1 January,A,annual,,stock at 1 Jan; citizen=FOR_STLS (foreign citizens incl. stateless),Read directly from the archived API response (evidence/api/eurostat_migr_pop1ctz_2001-2022_retrieved_2026-10-07.json); retrieved 2026-10-07.,2026-10-07
ITA,2005,foreign_nationals,2269018,EUROSTAT_fn,Eurostat [migr_pop1ctz],https://ec.europa.eu/eurostat/api/dissemination/statistics/1.0/data/migr_pop1ctz?format=JSON&lang=EN&age=TOTAL&sex=T&unit=NR&citizen=FOR_STLS&sinceTimePeriod=2001&untilTimePeriod=2022,evidence/api/eurostat_migr_pop1ctz_2001-2022_retrieved_2026-10-07.json,1 January,A,annual,,stock at 1 Jan; citizen=FOR_STLS (foreign citizens incl. stateless),Read directly from the archived API response (evidence/api/eurostat_migr_pop1ctz_2001-2022_retrieved_2026-10-07.json); retrieved 2026-10-07.,2026-10-07
ITA,2006,foreign_nationals,2498411,EUROSTAT_fn,Eurostat [migr_pop1ctz],https://ec.europa.eu/eurostat/api/dissemination/statistics/1.0/data/migr_pop1ctz?format=JSON&lang=EN&age=TOTAL&sex=T&unit=NR&citizen=FOR_STLS&sinceTimePeriod=2001&untilTimePeriod=2022,evidence/api/eurostat_migr_pop1ctz_2001-2022_retrieved_2026-10-07.json,1 January,A,annual,,stock at 1 Jan; citizen=FOR_STLS (foreign citizens incl. stateless),Read directly from the archived API response (evidence/api/eurostat_migr_pop1ctz_2001-2022_retrieved_2026-10-07.json); retrieved 2026-10-07.,2026-10-07
ITA,2007,foreign_nationals,2692022,EUROSTAT_fn,Eurostat [migr_pop1ctz],https://ec.europa.eu/eurostat/api/dissemination/statistics/1.0/data/migr_pop1ctz?format=JSON&lang=EN&age=TOTAL&sex=T&unit=NR&citizen=FOR_STLS&sinceTimePeriod=2001&untilTimePeriod=2022,evidence/api/eurostat_migr_pop1ctz_2001-2022_retrieved_2026-10-07.json,1 January,A,annual,,stock at 1 Jan; citizen=FOR_STLS (foreign citizens incl. stateless),Read directly from the archived API response (evidence/api/eurostat_migr_pop1ctz_2001-2022_retrieved_2026-10-07.json); retrieved 2026-10-07.,2026-10-07
ITA,2008,foreign_nationals,3151553,EUROSTAT_fn,Eurostat [migr_pop1ctz],https://ec.europa.eu/eurostat/api/dissemination/statistics/1.0/data/migr_pop1ctz?format=JSON&lang=EN&age=TOTAL&sex=T&unit=NR&citizen=FOR_STLS&sinceTimePeriod=2001&untilTimePeriod=2022,evidence/api/eurostat_migr_pop1ctz_2001-2022_retrieved_2026-10-07.json,1 January,A,annual,,stock at 1 Jan; citizen=FOR_STLS (foreign citizens incl. stateless),Read directly from the archived API response (evidence/api/eurostat_migr_pop1ctz_2001-2022_retrieved_2026-10-07.json); retrieved 2026-10-07.,2026-10-07
ITA,2009,foreign_nationals,3558853,EUROSTAT_fn,Eurostat [migr_pop1ctz],https://ec.europa.eu/eurostat/api/dissemination/statistics/1.0/data/migr_pop1ctz?format=JSON&lang=EN&age=TOTAL&sex=T&unit=NR&citizen=FOR_STLS&sinceTimePeriod=2001&untilTimePeriod=2022,evidence/api/eurostat_migr_pop1ctz_2001-2022_retrieved_2026-10-07.json,1 January,A,annual,,stock at 1 Jan; citizen=FOR_STLS (foreign citizens incl. stateless),Read directly from the archived API response (evidence/api/eurostat_migr_pop1ctz_2001-2022_retrieved_2026-10-07.json); retrieved 2026-10-07.,2026-10-07
JPN,2001,foreign_nationals,1686444,OECD_fn,"OECD International Migration Database (stocks of foreign population, measure B15)","https://sdmx.oecd.org/public/rest/data/OECD.ELS.IMD,DSD_MIG@DF_MIG,1.0/AUS+AUT+BEL+BGR+CHE+CHL+CHN+CZE+DEU+DNK+ESP+FIN+FRA+GBR+HRV+HUN+IND+ISL+ISR+ITA+JPN+KOR+LTU+MEX+NLD+NOR+NZL+PHL+POL+PRT+RUS+SUR+SVK+SVN+SWE+THA+TUR+TWN+USA+ZAF.W.A.B15._T._Z._Z.PS?startPeriod=2001&endPeriod=2022&format=jsondata&dimensionAtObservation=AllDimensions",evidence/api/oecd/OECD_B15_foreign-population_2001-2022_retrieved_2026-10-07.json,See note,A,annual,,"Registered foreign residents (在留外国人), OECD IMD series sourced from Japan's Immigration Services Agency. Excludes short stays under 90 days. IMPORTANT REFERENCE-DATE CAVEAT (verified): the OECD year label is offset one year later than Japan's ISA 31-December series. ISA reports end-2021 = 2760635 and end-2020 = 2887116 (https://www.moj.go.jp/isa/publications/press/13_00001.html), whereas OECD labels 2887116 as 2021 and 2760635 as 2022. Values are recorded here exactly as OECD publishes them; to align with the ISA national series subtract one from the year label.",Read directly from the archived API response (evidence/api/oecd/OECD_B15_foreign-population_2001-2022_retrieved_2026-10-07.json); retrieved 2026-10-07.,2026-10-07
JPN,2002,foreign_nationals,1778462,OECD_fn,"OECD International Migration Database (stocks of foreign population, measure B15)","https://sdmx.oecd.org/public/rest/data/OECD.ELS.IMD,DSD_MIG@DF_MIG,1.0/AUS+AUT+BEL+BGR+CHE+CHL+CHN+CZE+DEU+DNK+ESP+FIN+FRA+GBR+HRV+HUN+IND+ISL+ISR+ITA+JPN+KOR+LTU+MEX+NLD+NOR+NZL+PHL+POL+PRT+RUS+SUR+SVK+SVN+SWE+THA+TUR+TWN+USA+ZAF.W.A.B15._T._Z._Z.PS?startPeriod=2001&endPeriod=2022&format=jsondata&dimensionAtObservation=AllDimensions",evidence/api/oecd/OECD_B15_foreign-population_2001-2022_retrieved_2026-10-07.json,See note,A,annual,,"Registered foreign residents (在留外国人), OECD IMD series sourced from Japan's Immigration Services Agency. Excludes short stays under 90 days. IMPORTANT REFERENCE-DATE CAVEAT (verified): the OECD year label is offset one year later than Japan's ISA 31-December series. ISA reports end-2021 = 2760635 and end-2020 = 2887116 (https://www.moj.go.jp/isa/publications/press/13_00001.html), whereas OECD labels 2887116 as 2021 and 2760635 as 2022. Values are recorded here exactly as OECD publishes them; to align with the ISA national series subtract one from the year label.",Read directly from the archived API response (evidence/api/oecd/OECD_B15_foreign-population_2001-2022_retrieved_2026-10-07.json); retrieved 2026-10-07.,2026-10-07
JPN,2003,foreign_nationals,1851758,OECD_fn,"OECD International Migration Database (stocks of foreign population, measure B15)","https://sdmx.oecd.org/public/rest/data/OECD.ELS.IMD,DSD_MIG@DF_MIG,1.0/AUS+AUT+BEL+BGR+CHE+CHL+CHN+CZE+DEU+DNK+ESP+FIN+FRA+GBR+HRV+HUN+IND+ISL+ISR+ITA+JPN+KOR+LTU+MEX+NLD+NOR+NZL+PHL+POL+PRT+RUS+SUR+SVK+SVN+SWE+THA+TUR+TWN+USA+ZAF.W.A.B15._T._Z._Z.PS?startPeriod=2001&endPeriod=2022&format=jsondata&dimensionAtObservation=AllDimensions",evidence/api/oecd/OECD_B15_foreign-population_2001-2022_retrieved_2026-10-07.json,See note,A,annual,,"Registered foreign residents (在留外国人), OECD IMD series sourced from Japan's Immigration Services Agency. Excludes short stays under 90 days. IMPORTANT REFERENCE-DATE CAVEAT (verified): the OECD year label is offset one year later than Japan's ISA 31-December series. ISA reports end-2021 = 2760635 and end-2020 = 2887116 (https://www.moj.go.jp/isa/publications/press/13_00001.html), whereas OECD labels 2887116 as 2021 and 2760635 as 2022. Values are recorded here exactly as OECD publishes them; to align with the ISA national series subtract one from the year label.",Read directly from the archived API response (evidence/api/oecd/OECD_B15_foreign-population_2001-2022_retrieved_2026-10-07.json); retrieved 2026-10-07.,2026-10-07
JPN,2004,foreign_nationals,1915030,OECD_fn,"OECD International Migration Database (stocks of foreign population, measure B15)","https://sdmx.oecd.org/public/rest/data/OECD.ELS.IMD,DSD_MIG@DF_MIG,1.0/AUS+AUT+BEL+BGR+CHE+CHL+CHN+CZE+DEU+DNK+ESP+FIN+FRA+GBR+HRV+HUN+IND+ISL+ISR+ITA+JPN+KOR+LTU+MEX+NLD+NOR+NZL+PHL+POL+PRT+RUS+SUR+SVK+SVN+SWE+THA+TUR+TWN+USA+ZAF.W.A.B15._T._Z._Z.PS?startPeriod=2001&endPeriod=2022&format=jsondata&dimensionAtObservation=AllDimensions",evidence/api/oecd/OECD_B15_foreign-population_2001-2022_retrieved_2026-10-07.json,See note,A,annual,,"Registered foreign residents (在留外国人), OECD IMD series sourced from Japan's Immigration Services Agency. Excludes short stays under 90 days. IMPORTANT REFERENCE-DATE CAVEAT (verified): the OECD year label is offset one year later than Japan's ISA 31-December series. ISA reports end-2021 = 2760635 and end-2020 = 2887116 (https://www.moj.go.jp/isa/publications/press/13_00001.html), whereas OECD labels 2887116 as 2021 and 2760635 as 2022. Values are recorded here exactly as OECD publishes them; to align with the ISA national series subtract one from the year label.",Read directly from the archived API response (evidence/api/oecd/OECD_B15_foreign-population_2001-2022_retrieved_2026-10-07.json); retrieved 2026-10-07.,2026-10-07
JPN,2005,foreign_nationals,1973747,OECD_fn,"OECD International Migration Database (stocks of foreign population, measure B15)","https://sdmx.oecd.org/public/rest/data/OECD.ELS.IMD,DSD_MIG@DF_MIG,1.0/AUS+AUT+BEL+BGR+CHE+CHL+CHN+CZE+DEU+DNK+ESP+FIN+FRA+GBR+HRV+HUN+IND+ISL+ISR+ITA+JPN+KOR+LTU+MEX+NLD+NOR+NZL+PHL+POL+PRT+RUS+SUR+SVK+SVN+SWE+THA+TUR+TWN+USA+ZAF.W.A.B15._T._Z._Z.PS?startPeriod=2001&endPeriod=2022&format=jsondata&dimensionAtObservation=AllDimensions",evidence/api/oecd/OECD_B15_foreign-population_2001-2022_retrieved_2026-10-07.json,See note,A,annual,,"Registered foreign residents (在留外国人), OECD IMD series sourced from Japan's Immigration Services Agency. Excludes short stays under 90 days. IMPORTANT REFERENCE-DATE CAVEAT (verified): the OECD year label is offset one year later than Japan's ISA 31-December series. ISA reports end-2021 = 2760635 and end-2020 = 2887116 (https://www.moj.go.jp/isa/publications/press/13_00001.html), whereas OECD labels 2887116 as 2021 and 2760635 as 2022. Values are recorded here exactly as OECD publishes them; to align with the ISA national series subtract one from the year label.",Read directly from the archived API response (evidence/api/oecd/OECD_B15_foreign-population_2001-2022_retrieved_2026-10-07.json); retrieved 2026-10-07.,2026-10-07
JPN,2006,foreign_nationals,2011555,OECD_fn,"OECD International Migration Database (stocks of foreign population, measure B15)","https://sdmx.oecd.org/public/rest/data/OECD.ELS.IMD,DSD_MIG@DF_MIG,1.0/AUS+AUT+BEL+BGR+CHE+CHL+CHN+CZE+DEU+DNK+ESP+FIN+FRA+GBR+HRV+HUN+IND+ISL+ISR+ITA+JPN+KOR+LTU+MEX+NLD+NOR+NZL+PHL+POL+PRT+RUS+SUR+SVK+SVN+SWE+THA+TUR+TWN+USA+ZAF.W.A.B15._T._Z._Z.PS?startPeriod=2001&endPeriod=2022&format=jsondata&dimensionAtObservation=AllDimensions",evidence/api/oecd/OECD_B15_foreign-population_2001-2022_retrieved_2026-10-07.json,See note,A,annual,,"Registered foreign residents (在留外国人), OECD IMD series sourced from Japan's Immigration Services Agency. Excludes short stays under 90 days. IMPORTANT REFERENCE-DATE CAVEAT (verified): the OECD year label is offset one year later than Japan's ISA 31-December series. ISA reports end-2021 = 2760635 and end-2020 = 2887116 (https://www.moj.go.jp/isa/publications/press/13_00001.html), whereas OECD labels 2887116 as 2021 and 2760635 as 2022. Values are recorded here exactly as OECD publishes them; to align with the ISA national series subtract one from the year label.",Read directly from the archived API response (evidence/api/oecd/OECD_B15_foreign-population_2001-2022_retrieved_2026-10-07.json); retrieved 2026-10-07.,2026-10-07
JPN,2007,foreign_nationals,2083202,OECD_fn,"OECD International Migration Database (stocks of foreign population, measure B15)","https://sdmx.oecd.org/public/rest/data/OECD.ELS.IMD,DSD_MIG@DF_MIG,1.0/AUS+AUT+BEL+BGR+CHE+CHL+CHN+CZE+DEU+DNK+ESP+FIN+FRA+GBR+HRV+HUN+IND+ISL+ISR+ITA+JPN+KOR+LTU+MEX+NLD+NOR+NZL+PHL+POL+PRT+RUS+SUR+SVK+SVN+SWE+THA+TUR+TWN+USA+ZAF.W.A.B15._T._Z._Z.PS?startPeriod=2001&endPeriod=2022&format=jsondata&dimensionAtObservation=AllDimensions",evidence/api/oecd/OECD_B15_foreign-population_2001-2022_retrieved_2026-10-07.json,See note,A,annual,,"Registered foreign residents (在留外国人), OECD IMD series sourced from Japan's Immigration Services Agency. Excludes short stays under 90 days. IMPORTANT REFERENCE-DATE CAVEAT (verified): the OECD year label is offset one year later than Japan's ISA 31-December series. ISA reports end-2021 = 2760635 and end-2020 = 2887116 (https://www.moj.go.jp/isa/publications/press/13_00001.html), whereas OECD labels 2887116 as 2021 and 2760635 as 2022. Values are recorded here exactly as OECD publishes them; to align with the ISA national series subtract one from the year label.",Read directly from the archived API response (evidence/api/oecd/OECD_B15_foreign-population_2001-2022_retrieved_2026-10-07.json); retrieved 2026-10-07.,2026-10-07
JPN,2008,foreign_nationals,2151400,OECD_fn,"OECD International Migration Database (stocks of foreign population, measure B15)","https://sdmx.oecd.org/public/rest/data/OECD.ELS.IMD,DSD_MIG@DF_MIG,1.0/AUS+AUT+BEL+BGR+CHE+CHL+CHN+CZE+DEU+DNK+ESP+FIN+FRA+GBR+HRV+HUN+IND+ISL+ISR+ITA+JPN+KOR+LTU+MEX+NLD+NOR+NZL+PHL+POL+PRT+RUS+SUR+SVK+SVN+SWE+THA+TUR+TWN+USA+ZAF.W.A.B15._T._Z._Z.PS?startPeriod=2001&endPeriod=2022&format=jsondata&dimensionAtObservation=AllDimensions",evidence/api/oecd/OECD_B15_foreign-population_2001-2022_retrieved_2026-10-07.json,See note,A,annual,,"Registered foreign residents (在留外国人), OECD IMD series sourced from Japan's Immigration Services Agency. Excludes short stays under 90 days. IMPORTANT REFERENCE-DATE CAVEAT (verified): the OECD year label is offset one year later than Japan's ISA 31-December series. ISA reports end-2021 = 2760635 and end-2020 = 2887116 (https://www.moj.go.jp/isa/publications/press/13_00001.html), whereas OECD labels 2887116 as 2021 and 2760635 as 2022. Values are recorded here exactly as OECD publishes them; to align with the ISA national series subtract one from the year label.",Read directly from the archived API response (evidence/api/oecd/OECD_B15_foreign-population_2001-2022_retrieved_2026-10-07.json); retrieved 2026-10-07.,2026-10-07
JPN,2009,foreign_nationals,2215901,OECD_fn,"OECD International Migration Database (stocks of foreign population, measure B15)","https://sdmx.oecd.org/public/rest/data/OECD.ELS.IMD,DSD_MIG@DF_MIG,1.0/AUS+AUT+BEL+BGR+CHE+CHL+CHN+CZE+DEU+DNK+ESP+FIN+FRA+GBR+HRV+HUN+IND+ISL+ISR+ITA+JPN+KOR+LTU+MEX+NLD+NOR+NZL+PHL+POL+PRT+RUS+SUR+SVK+SVN+SWE+THA+TUR+TWN+USA+ZAF.W.A.B15._T._Z._Z.PS?startPeriod=2001&endPeriod=2022&format=jsondata&dimensionAtObservation=AllDimensions",evidence/api/oecd/OECD_B15_foreign-population_2001-2022_retrieved_2026-10-07.json,See note,A,annual,,"Registered foreign residents (在留外国人), OECD IMD series sourced from Japan's Immigration Services Agency. Excludes short stays under 90 days. IMPORTANT REFERENCE-DATE CAVEAT (verified): the OECD year label is offset one year later than Japan's ISA 31-December series. ISA reports end-2021 = 2760635 and end-2020 = 2887116 (https://www.moj.go.jp/isa/publications/press/13_00001.html), whereas OECD labels 2887116 as 2021 and 2760635 as 2022. Values are recorded here exactly as OECD publishes them; to align with the ISA national series subtract one from the year label.",Read directly from the archived API response (evidence/api/oecd/OECD_B15_foreign-population_2001-2022_retrieved_2026-10-07.json); retrieved 2026-10-07.,2026-10-07
KOR,2001,foreign_nationals,210249,OECD_fn,"OECD International Migration Database (stocks of foreign population, measure B15)","https://sdmx.oecd.org/public/rest/data/OECD.ELS.IMD,DSD_MIG@DF_MIG,1.0/AUS+AUT+BEL+BGR+CHE+CHL+CHN+CZE+DEU+DNK+ESP+FIN+FRA+GBR+HRV+HUN+IND+ISL+ISR+ITA+JPN+KOR+LTU+MEX+NLD+NOR+NZL+PHL+POL+PRT+RUS+SUR+SVK+SVN+SWE+THA+TUR+TWN+USA+ZAF.W.A.B15._T._Z._Z.PS?startPeriod=2001&endPeriod=2022&format=jsondata&dimensionAtObservation=AllDimensions",evidence/api/oecd/OECD_B15_foreign-population_2001-2022_retrieved_2026-10-07.json,31 December,A,annual,,Foreign residents in Korea (Ministry of Justice / Korea Immigration Service) as compiled by OECD IMD. Reference date 31 December.,Read directly from the archived API response (evidence/api/oecd/OECD_B15_foreign-population_2001-2022_retrieved_2026-10-07.json); retrieved 2026-10-07.,2026-10-07
KOR,2002,foreign_nationals,229648,OECD_fn,"OECD International Migration Database (stocks of foreign population, measure B15)","https://sdmx.oecd.org/public/rest/data/OECD.ELS.IMD,DSD_MIG@DF_MIG,1.0/AUS+AUT+BEL+BGR+CHE+CHL+CHN+CZE+DEU+DNK+ESP+FIN+FRA+GBR+HRV+HUN+IND+ISL+ISR+ITA+JPN+KOR+LTU+MEX+NLD+NOR+NZL+PHL+POL+PRT+RUS+SUR+SVK+SVN+SWE+THA+TUR+TWN+USA+ZAF.W.A.B15._T._Z._Z.PS?startPeriod=2001&endPeriod=2022&format=jsondata&dimensionAtObservation=AllDimensions",evidence/api/oecd/OECD_B15_foreign-population_2001-2022_retrieved_2026-10-07.json,31 December,A,annual,,Foreign residents in Korea (Ministry of Justice / Korea Immigration Service) as compiled by OECD IMD. Reference date 31 December.,Read directly from the archived API response (evidence/api/oecd/OECD_B15_foreign-population_2001-2022_retrieved_2026-10-07.json); retrieved 2026-10-07.,2026-10-07
KOR,2003,foreign_nationals,271666,OECD_fn,"OECD International Migration Database (stocks of foreign population, measure B15)","https://sdmx.oecd.org/public/rest/data/OECD.ELS.IMD,DSD_MIG@DF_MIG,1.0/AUS+AUT+BEL+BGR+CHE+CHL+CHN+CZE+DEU+DNK+ESP+FIN+FRA+GBR+HRV+HUN+IND+ISL+ISR+ITA+JPN+KOR+LTU+MEX+NLD+NOR+NZL+PHL+POL+PRT+RUS+SUR+SVK+SVN+SWE+THA+TUR+TWN+USA+ZAF.W.A.B15._T._Z._Z.PS?startPeriod=2001&endPeriod=2022&format=jsondata&dimensionAtObservation=AllDimensions",evidence/api/oecd/OECD_B15_foreign-population_2001-2022_retrieved_2026-10-07.json,31 December,A,annual,,Foreign residents in Korea (Ministry of Justice / Korea Immigration Service) as compiled by OECD IMD. Reference date 31 December.,Read directly from the archived API response (evidence/api/oecd/OECD_B15_foreign-population_2001-2022_retrieved_2026-10-07.json); retrieved 2026-10-07.,2026-10-07
KOR,2004,foreign_nationals,460261,OECD_fn,"OECD International Migration Database (stocks of foreign population, measure B15)","https://sdmx.oecd.org/public/rest/data/OECD.ELS.IMD,DSD_MIG@DF_MIG,1.0/AUS+AUT+BEL+BGR+CHE+CHL+CHN+CZE+DEU+DNK+ESP+FIN+FRA+GBR+HRV+HUN+IND+ISL+ISR+ITA+JPN+KOR+LTU+MEX+NLD+NOR+NZL+PHL+POL+PRT+RUS+SUR+SVK+SVN+SWE+THA+TUR+TWN+USA+ZAF.W.A.B15._T._Z._Z.PS?startPeriod=2001&endPeriod=2022&format=jsondata&dimensionAtObservation=AllDimensions",evidence/api/oecd/OECD_B15_foreign-population_2001-2022_retrieved_2026-10-07.json,31 December,A,annual,,Foreign residents in Korea (Ministry of Justice / Korea Immigration Service) as compiled by OECD IMD. Reference date 31 December.,Read directly from the archived API response (evidence/api/oecd/OECD_B15_foreign-population_2001-2022_retrieved_2026-10-07.json); retrieved 2026-10-07.,2026-10-07
KOR,2005,foreign_nationals,491409,OECD_fn,"OECD International Migration Database (stocks of foreign population, measure B15)","https://sdmx.oecd.org/public/rest/data/OECD.ELS.IMD,DSD_MIG@DF_MIG,1.0/AUS+AUT+BEL+BGR+CHE+CHL+CHN+CZE+DEU+DNK+ESP+FIN+FRA+GBR+HRV+HUN+IND+ISL+ISR+ITA+JPN+KOR+LTU+MEX+NLD+NOR+NZL+PHL+POL+PRT+RUS+SUR+SVK+SVN+SWE+THA+TUR+TWN+USA+ZAF.W.A.B15._T._Z._Z.PS?startPeriod=2001&endPeriod=2022&format=jsondata&dimensionAtObservation=AllDimensions",evidence/api/oecd/OECD_B15_foreign-population_2001-2022_retrieved_2026-10-07.json,31 December,A,annual,,Foreign residents in Korea (Ministry of Justice / Korea Immigration Service) as compiled by OECD IMD. Reference date 31 December.,Read directly from the archived API response (evidence/api/oecd/OECD_B15_foreign-population_2001-2022_retrieved_2026-10-07.json); retrieved 2026-10-07.,2026-10-07
KOR,2006,foreign_nationals,510509,OECD_fn,"OECD International Migration Database (stocks of foreign population, measure B15)","https://sdmx.oecd.org/public/rest/data/OECD.ELS.IMD,DSD_MIG@DF_MIG,1.0/AUS+AUT+BEL+BGR+CHE+CHL+CHN+CZE+DEU+DNK+ESP+FIN+FRA+GBR+HRV+HUN+IND+ISL+ISR+ITA+JPN+KOR+LTU+MEX+NLD+NOR+NZL+PHL+POL+PRT+RUS+SUR+SVK+SVN+SWE+THA+TUR+TWN+USA+ZAF.W.A.B15._T._Z._Z.PS?startPeriod=2001&endPeriod=2022&format=jsondata&dimensionAtObservation=AllDimensions",evidence/api/oecd/OECD_B15_foreign-population_2001-2022_retrieved_2026-10-07.json,31 December,A,annual,,Foreign residents in Korea (Ministry of Justice / Korea Immigration Service) as compiled by OECD IMD. Reference date 31 December.,Read directly from the archived API response (evidence/api/oecd/OECD_B15_foreign-population_2001-2022_retrieved_2026-10-07.json); retrieved 2026-10-07.,2026-10-07
KOR,2007,foreign_nationals,660607,OECD_fn,"OECD International Migration Database (stocks of foreign population, measure B15)","https://sdmx.oecd.org/public/rest/data/OECD.ELS.IMD,DSD_MIG@DF_MIG,1.0/AUS+AUT+BEL+BGR+CHE+CHL+CHN+CZE+DEU+DNK+ESP+FIN+FRA+GBR+HRV+HUN+IND+ISL+ISR+ITA+JPN+KOR+LTU+MEX+NLD+NOR+NZL+PHL+POL+PRT+RUS+SUR+SVK+SVN+SWE+THA+TUR+TWN+USA+ZAF.W.A.B15._T._Z._Z.PS?startPeriod=2001&endPeriod=2022&format=jsondata&dimensionAtObservation=AllDimensions",evidence/api/oecd/OECD_B15_foreign-population_2001-2022_retrieved_2026-10-07.json,31 December,A,annual,,Foreign residents in Korea (Ministry of Justice / Korea Immigration Service) as compiled by OECD IMD. Reference date 31 December.,Read directly from the archived API response (evidence/api/oecd/OECD_B15_foreign-population_2001-2022_retrieved_2026-10-07.json); retrieved 2026-10-07.,2026-10-07
KOR,2008,foreign_nationals,800262,OECD_fn,"OECD International Migration Database (stocks of foreign population, measure B15)","https://sdmx.oecd.org/public/rest/data/OECD.ELS.IMD,DSD_MIG@DF_MIG,1.0/AUS+AUT+BEL+BGR+CHE+CHL+CHN+CZE+DEU+DNK+ESP+FIN+FRA+GBR+HRV+HUN+IND+ISL+ISR+ITA+JPN+KOR+LTU+MEX+NLD+NOR+NZL+PHL+POL+PRT+RUS+SUR+SVK+SVN+SWE+THA+TUR+TWN+USA+ZAF.W.A.B15._T._Z._Z.PS?startPeriod=2001&endPeriod=2022&format=jsondata&dimensionAtObservation=AllDimensions",evidence/api/oecd/OECD_B15_foreign-population_2001-2022_retrieved_2026-10-07.json,31 December,A,annual,,Foreign residents in Korea (Ministry of Justice / Korea Immigration Service) as compiled by OECD IMD. Reference date 31 December.,Read directly from the archived API response (evidence/api/oecd/OECD_B15_foreign-population_2001-2022_retrieved_2026-10-07.json); retrieved 2026-10-07.,2026-10-07
KOR,2009,foreign_nationals,997300,OECD_fn,"OECD International Migration Database (stocks of foreign population, measure B15)","https://sdmx.oecd.org/public/rest/data/OECD.ELS.IMD,DSD_MIG@DF_MIG,1.0/AUS+AUT+BEL+BGR+CHE+CHL+CHN+CZE+DEU+DNK+ESP+FIN+FRA+GBR+HRV+HUN+IND+ISL+ISR+ITA+JPN+KOR+LTU+MEX+NLD+NOR+NZL+PHL+POL+PRT+RUS+SUR+SVK+SVN+SWE+THA+TUR+TWN+USA+ZAF.W.A.B15._T._Z._Z.PS?startPeriod=2001&endPeriod=2022&format=jsondata&dimensionAtObservation=AllDimensions",evidence/api/oecd/OECD_B15_foreign-population_2001-2022_retrieved_2026-10-07.json,31 December,A,annual,,Foreign residents in Korea (Ministry of Justice / Korea Immigration Service) as compiled by OECD IMD. Reference date 31 December.,Read directly from the archived API response (evidence/api/oecd/OECD_B15_foreign-population_2001-2022_retrieved_2026-10-07.json); retrieved 2026-10-07.,2026-10-07
LTU,2001,foreign_nationals,35094,EUROSTAT_fn,Eurostat [migr_pop1ctz],https://ec.europa.eu/eurostat/api/dissemination/statistics/1.0/data/migr_pop1ctz?format=JSON&lang=EN&age=TOTAL&sex=T&unit=NR&citizen=FOR_STLS&sinceTimePeriod=2001&untilTimePeriod=2022,evidence/api/eurostat_migr_pop1ctz_2001-2022_retrieved_2026-10-07.json,1 January,A,annual,,stock at 1 Jan; citizen=FOR_STLS (foreign citizens incl. stateless),Read directly from the archived API response (evidence/api/eurostat_migr_pop1ctz_2001-2022_retrieved_2026-10-07.json); retrieved 2026-10-07.,2026-10-07
LTU,2002,foreign_nationals,32665,EUROSTAT_fn,Eurostat [migr_pop1ctz],https://ec.europa.eu/eurostat/api/dissemination/statistics/1.0/data/migr_pop1ctz?format=JSON&lang=EN&age=TOTAL&sex=T&unit=NR&citizen=FOR_STLS&sinceTimePeriod=2001&untilTimePeriod=2022,evidence/api/eurostat_migr_pop1ctz_2001-2022_retrieved_2026-10-07.json,1 January,A,annual,,stock at 1 Jan; citizen=FOR_STLS (foreign citizens incl. stateless),Read directly from the archived API response (evidence/api/eurostat_migr_pop1ctz_2001-2022_retrieved_2026-10-07.json); retrieved 2026-10-07.,2026-10-07
LTU,2003,foreign_nationals,33609,EUROSTAT_fn,Eurostat [migr_pop1ctz],https://ec.europa.eu/eurostat/api/dissemination/statistics/1.0/data/migr_pop1ctz?format=JSON&lang=EN&age=TOTAL&sex=T&unit=NR&citizen=FOR_STLS&sinceTimePeriod=2001&untilTimePeriod=2022,evidence/api/eurostat_migr_pop1ctz_2001-2022_retrieved_2026-10-07.json,1 January,A,annual,,stock at 1 Jan; citizen=FOR_STLS (foreign citizens incl. stateless),Read directly from the archived API response (evidence/api/eurostat_migr_pop1ctz_2001-2022_retrieved_2026-10-07.json); retrieved 2026-10-07.,2026-10-07
LTU,2004,foreign_nationals,33708,EUROSTAT_fn,Eurostat [migr_pop1ctz],https://ec.europa.eu/eurostat/api/dissemination/statistics/1.0/data/migr_pop1ctz?format=JSON&lang=EN&age=TOTAL&sex=T&unit=NR&citizen=FOR_STLS&sinceTimePeriod=2001&untilTimePeriod=2022,evidence/api/eurostat_migr_pop1ctz_2001-2022_retrieved_2026-10-07.json,1 January,A,annual,,stock at 1 Jan; citizen=FOR_STLS (foreign citizens incl. stateless),Read directly from the archived API response (evidence/api/eurostat_migr_pop1ctz_2001-2022_retrieved_2026-10-07.json); retrieved 2026-10-07.,2026-10-07
LTU,2005,foreign_nationals,33672,EUROSTAT_fn,Eurostat [migr_pop1ctz],https://ec.europa.eu/eurostat/api/dissemination/statistics/1.0/data/migr_pop1ctz?format=JSON&lang=EN&age=TOTAL&sex=T&unit=NR&citizen=FOR_STLS&sinceTimePeriod=2001&untilTimePeriod=2022,evidence/api/eurostat_migr_pop1ctz_2001-2022_retrieved_2026-10-07.json,1 January,A,annual,,stock at 1 Jan; citizen=FOR_STLS (foreign citizens incl. stateless),Read directly from the archived API response (evidence/api/eurostat_migr_pop1ctz_2001-2022_retrieved_2026-10-07.json); retrieved 2026-10-07.,2026-10-07
LTU,2006,foreign_nationals,32685,EUROSTAT_fn,Eurostat [migr_pop1ctz],https://ec.europa.eu/eurostat/api/dissemination/statistics/1.0/data/migr_pop1ctz?format=JSON&lang=EN&age=TOTAL&sex=T&unit=NR&citizen=FOR_STLS&sinceTimePeriod=2001&untilTimePeriod=2022,evidence/api/eurostat_migr_pop1ctz_2001-2022_retrieved_2026-10-07.json,1 January,A,annual,,stock at 1 Jan; citizen=FOR_STLS (foreign citizens incl. stateless),Read directly from the archived API response (evidence/api/eurostat_migr_pop1ctz_2001-2022_retrieved_2026-10-07.json); retrieved 2026-10-07.,2026-10-07
LTU,2007,foreign_nationals,32240,EUROSTAT_fn,Eurostat [migr_pop1ctz],https://ec.europa.eu/eurostat/api/dissemination/statistics/1.0/data/migr_pop1ctz?format=JSON&lang=EN&age=TOTAL&sex=T&unit=NR&citizen=FOR_STLS&sinceTimePeriod=2001&untilTimePeriod=2022,evidence/api/eurostat_migr_pop1ctz_2001-2022_retrieved_2026-10-07.json,1 January,A,annual,,stock at 1 Jan; citizen=FOR_STLS (foreign citizens incl. stateless),Read directly from the archived API response (evidence/api/eurostat_migr_pop1ctz_2001-2022_retrieved_2026-10-07.json); retrieved 2026-10-07.,2026-10-07
LTU,2008,foreign_nationals,31998,EUROSTAT_fn,Eurostat [migr_pop1ctz],https://ec.europa.eu/eurostat/api/dissemination/statistics/1.0/data/migr_pop1ctz?format=JSON&lang=EN&age=TOTAL&sex=T&unit=NR&citizen=FOR_STLS&sinceTimePeriod=2001&untilTimePeriod=2022,evidence/api/eurostat_migr_pop1ctz_2001-2022_retrieved_2026-10-07.json,1 January,A,annual,,stock at 1 Jan; citizen=FOR_STLS (foreign citizens incl. stateless),Read directly from the archived API response (evidence/api/eurostat_migr_pop1ctz_2001-2022_retrieved_2026-10-07.json); retrieved 2026-10-07.,2026-10-07
LTU,2009,foreign_nationals,30907,EUROSTAT_fn,Eurostat [migr_pop1ctz],https://ec.europa.eu/eurostat/api/dissemination/statistics/1.0/data/migr_pop1ctz?format=JSON&lang=EN&age=TOTAL&sex=T&unit=NR&citizen=FOR_STLS&sinceTimePeriod=2001&untilTimePeriod=2022,evidence/api/eurostat_migr_pop1ctz_2001-2022_retrieved_2026-10-07.json,1 January,A,annual,,stock at 1 Jan; citizen=FOR_STLS (foreign citizens incl. stateless),Read directly from the archived API response (evidence/api/eurostat_migr_pop1ctz_2001-2022_retrieved_2026-10-07.json); retrieved 2026-10-07.,2026-10-07
NLD,2001,foreign_nationals,588437,EUROSTAT_fn,Eurostat [migr_pop1ctz],https://ec.europa.eu/eurostat/api/dissemination/statistics/1.0/data/migr_pop1ctz?format=JSON&lang=EN&age=TOTAL&sex=T&unit=NR&citizen=FOR_STLS&sinceTimePeriod=2001&untilTimePeriod=2022,evidence/api/eurostat_migr_pop1ctz_2001-2022_retrieved_2026-10-07.json,1 January,A,annual,,stock at 1 Jan; citizen=FOR_STLS (foreign citizens incl. stateless),Read directly from the archived API response (evidence/api/eurostat_migr_pop1ctz_2001-2022_retrieved_2026-10-07.json); retrieved 2026-10-07.,2026-10-07
NLD,2002,foreign_nationals,590962,EUROSTAT_fn,Eurostat [migr_pop1ctz],https://ec.europa.eu/eurostat/api/dissemination/statistics/1.0/data/migr_pop1ctz?format=JSON&lang=EN&age=TOTAL&sex=T&unit=NR&citizen=FOR_STLS&sinceTimePeriod=2001&untilTimePeriod=2022,evidence/api/eurostat_migr_pop1ctz_2001-2022_retrieved_2026-10-07.json,1 January,A,annual,,stock at 1 Jan; citizen=FOR_STLS (foreign citizens incl. stateless),Read directly from the archived API response (evidence/api/eurostat_migr_pop1ctz_2001-2022_retrieved_2026-10-07.json); retrieved 2026-10-07.,2026-10-07
NLD,2003,foreign_nationals,592779,EUROSTAT_fn,Eurostat [migr_pop1ctz],https://ec.europa.eu/eurostat/api/dissemination/statistics/1.0/data/migr_pop1ctz?format=JSON&lang=EN&age=TOTAL&sex=T&unit=NR&citizen=FOR_STLS&sinceTimePeriod=2001&untilTimePeriod=2022,evidence/api/eurostat_migr_pop1ctz_2001-2022_retrieved_2026-10-07.json,1 January,A,annual,,stock at 1 Jan; citizen=FOR_STLS (foreign citizens incl. stateless),Read directly from the archived API response (evidence/api/eurostat_migr_pop1ctz_2001-2022_retrieved_2026-10-07.json); retrieved 2026-10-07.,2026-10-07
NLD,2004,foreign_nationals,599356,EUROSTAT_fn,Eurostat [migr_pop1ctz],https://ec.europa.eu/eurostat/api/dissemination/statistics/1.0/data/migr_pop1ctz?format=JSON&lang=EN&age=TOTAL&sex=T&unit=NR&citizen=FOR_STLS&sinceTimePeriod=2001&untilTimePeriod=2022,evidence/api/eurostat_migr_pop1ctz_2001-2022_retrieved_2026-10-07.json,1 January,A,annual,,stock at 1 Jan; citizen=FOR_STLS (foreign citizens incl. stateless),Read directly from the archived API response (evidence/api/eurostat_migr_pop1ctz_2001-2022_retrieved_2026-10-07.json); retrieved 2026-10-07.,2026-10-07
NLD,2005,foreign_nationals,601974,EUROSTAT_fn,Eurostat [migr_pop1ctz],https://ec.europa.eu/eurostat/api/dissemination/statistics/1.0/data/migr_pop1ctz?format=JSON&lang=EN&age=TOTAL&sex=T&unit=NR&citizen=FOR_STLS&sinceTimePeriod=2001&untilTimePeriod=2022,evidence/api/eurostat_migr_pop1ctz_2001-2022_retrieved_2026-10-07.json,1 January,A,annual,,stock at 1 Jan; citizen=FOR_STLS (foreign citizens incl. stateless),Read directly from the archived API response (evidence/api/eurostat_migr_pop1ctz_2001-2022_retrieved_2026-10-07.json); retrieved 2026-10-07.,2026-10-07
NLD,2006,foreign_nationals,599648,EUROSTAT_fn,Eurostat [migr_pop1ctz],https://ec.europa.eu/eurostat/api/dissemination/statistics/1.0/data/migr_pop1ctz?format=JSON&lang=EN&age=TOTAL&sex=T&unit=NR&citizen=FOR_STLS&sinceTimePeriod=2001&untilTimePeriod=2022,evidence/api/eurostat_migr_pop1ctz_2001-2022_retrieved_2026-10-07.json,1 January,A,annual,,stock at 1 Jan; citizen=FOR_STLS (foreign citizens incl. stateless),Read directly from the archived API response (evidence/api/eurostat_migr_pop1ctz_2001-2022_retrieved_2026-10-07.json); retrieved 2026-10-07.,2026-10-07
NLD,2007,foreign_nationals,597552,EUROSTAT_fn,Eurostat [migr_pop1ctz],https://ec.europa.eu/eurostat/api/dissemination/statistics/1.0/data/migr_pop1ctz?format=JSON&lang=EN&age=TOTAL&sex=T&unit=NR&citizen=FOR_STLS&sinceTimePeriod=2001&untilTimePeriod=2022,evidence/api/eurostat_migr_pop1ctz_2001-2022_retrieved_2026-10-07.json,1 January,A,annual,,stock at 1 Jan; citizen=FOR_STLS (foreign citizens incl. stateless),Read directly from the archived API response (evidence/api/eurostat_migr_pop1ctz_2001-2022_retrieved_2026-10-07.json); retrieved 2026-10-07.,2026-10-07
NLD,2008,foreign_nationals,688375,EUROSTAT_fn,Eurostat [migr_pop1ctz],https://ec.europa.eu/eurostat/api/dissemination/statistics/1.0/data/migr_pop1ctz?format=JSON&lang=EN&age=TOTAL&sex=T&unit=NR&citizen=FOR_STLS&sinceTimePeriod=2001&untilTimePeriod=2022,evidence/api/eurostat_migr_pop1ctz_2001-2022_retrieved_2026-10-07.json,1 January,A,annual,,stock at 1 Jan; citizen=FOR_STLS (foreign citizens incl. stateless),Read directly from the archived API response (evidence/api/eurostat_migr_pop1ctz_2001-2022_retrieved_2026-10-07.json); retrieved 2026-10-07.,2026-10-07
NLD,2009,foreign_nationals,637136,EUROSTAT_fn,Eurostat [migr_pop1ctz],https://ec.europa.eu/eurostat/api/dissemination/statistics/1.0/data/migr_pop1ctz?format=JSON&lang=EN&age=TOTAL&sex=T&unit=NR&citizen=FOR_STLS&sinceTimePeriod=2001&untilTimePeriod=2022,evidence/api/eurostat_migr_pop1ctz_2001-2022_retrieved_2026-10-07.json,1 January,A,annual,,stock at 1 Jan; citizen=FOR_STLS (foreign citizens incl. stateless),Read directly from the archived API response (evidence/api/eurostat_migr_pop1ctz_2001-2022_retrieved_2026-10-07.json); retrieved 2026-10-07.,2026-10-07
NOR,2001,foreign_nationals,184136,EUROSTAT_fn,Eurostat [migr_pop1ctz],https://ec.europa.eu/eurostat/api/dissemination/statistics/1.0/data/migr_pop1ctz?format=JSON&lang=EN&age=TOTAL&sex=T&unit=NR&citizen=FOR_STLS&sinceTimePeriod=2001&untilTimePeriod=2022,evidence/api/eurostat_migr_pop1ctz_2001-2022_retrieved_2026-10-07.json,1 January,A,annual,,stock at 1 Jan; citizen=FOR_STLS (foreign citizens incl. stateless),Read directly from the archived API response (evidence/api/eurostat_migr_pop1ctz_2001-2022_retrieved_2026-10-07.json); retrieved 2026-10-07.,2026-10-07
NOR,2002,foreign_nationals,185735,EUROSTAT_fn,Eurostat [migr_pop1ctz],https://ec.europa.eu/eurostat/api/dissemination/statistics/1.0/data/migr_pop1ctz?format=JSON&lang=EN&age=TOTAL&sex=T&unit=NR&citizen=FOR_STLS&sinceTimePeriod=2001&untilTimePeriod=2022,evidence/api/eurostat_migr_pop1ctz_2001-2022_retrieved_2026-10-07.json,1 January,A,annual,,stock at 1 Jan; citizen=FOR_STLS (foreign citizens incl. stateless),Read directly from the archived API response (evidence/api/eurostat_migr_pop1ctz_2001-2022_retrieved_2026-10-07.json); retrieved 2026-10-07.,2026-10-07
NOR,2003,foreign_nationals,197627,EUROSTAT_fn,Eurostat [migr_pop1ctz],https://ec.europa.eu/eurostat/api/dissemination/statistics/1.0/data/migr_pop1ctz?format=JSON&lang=EN&age=TOTAL&sex=T&unit=NR&citizen=FOR_STLS&sinceTimePeriod=2001&untilTimePeriod=2022,evidence/api/eurostat_migr_pop1ctz_2001-2022_retrieved_2026-10-07.json,1 January,A,annual,,stock at 1 Jan; citizen=FOR_STLS (foreign citizens incl. stateless),Read directly from the archived API response (evidence/api/eurostat_migr_pop1ctz_2001-2022_retrieved_2026-10-07.json); retrieved 2026-10-07.,2026-10-07
NOR,2004,foreign_nationals,204676,EUROSTAT_fn,Eurostat [migr_pop1ctz],https://ec.europa.eu/eurostat/api/dissemination/statistics/1.0/data/migr_pop1ctz?format=JSON&lang=EN&age=TOTAL&sex=T&unit=NR&citizen=FOR_STLS&sinceTimePeriod=2001&untilTimePeriod=2022,evidence/api/eurostat_migr_pop1ctz_2001-2022_retrieved_2026-10-07.json,1 January,A,annual,,stock at 1 Jan; citizen=FOR_STLS (foreign citizens incl. stateless),Read directly from the archived API response (evidence/api/eurostat_migr_pop1ctz_2001-2022_retrieved_2026-10-07.json); retrieved 2026-10-07.,2026-10-07
NOR,2005,foreign_nationals,213242,EUROSTAT_fn,Eurostat [migr_pop1ctz],https://ec.europa.eu/eurostat/api/dissemination/statistics/1.0/data/migr_pop1ctz?format=JSON&lang=EN&age=TOTAL&sex=T&unit=NR&citizen=FOR_STLS&sinceTimePeriod=2001&untilTimePeriod=2022,evidence/api/eurostat_migr_pop1ctz_2001-2022_retrieved_2026-10-07.json,1 January,A,annual,,stock at 1 Jan; citizen=FOR_STLS (foreign citizens incl. stateless),Read directly from the archived API response (evidence/api/eurostat_migr_pop1ctz_2001-2022_retrieved_2026-10-07.json); retrieved 2026-10-07.,2026-10-07
NOR,2006,foreign_nationals,222209,EUROSTAT_fn,Eurostat [migr_pop1ctz],https://ec.europa.eu/eurostat/api/dissemination/statistics/1.0/data/migr_pop1ctz?format=JSON&lang=EN&age=TOTAL&sex=T&unit=NR&citizen=FOR_STLS&sinceTimePeriod=2001&untilTimePeriod=2022,evidence/api/eurostat_migr_pop1ctz_2001-2022_retrieved_2026-10-07.json,1 January,A,annual,,stock at 1 Jan; citizen=FOR_STLS (foreign citizens incl. stateless),Read directly from the archived API response (evidence/api/eurostat_migr_pop1ctz_2001-2022_retrieved_2026-10-07.json); retrieved 2026-10-07.,2026-10-07
NOR,2007,foreign_nationals,238237,EUROSTAT_fn,Eurostat [migr_pop1ctz],https://ec.europa.eu/eurostat/api/dissemination/statistics/1.0/data/migr_pop1ctz?format=JSON&lang=EN&age=TOTAL&sex=T&unit=NR&citizen=FOR_STLS&sinceTimePeriod=2001&untilTimePeriod=2022,evidence/api/eurostat_migr_pop1ctz_2001-2022_retrieved_2026-10-07.json,1 January,A,annual,,stock at 1 Jan; citizen=FOR_STLS (foreign citizens incl. stateless),Read directly from the archived API response (evidence/api/eurostat_migr_pop1ctz_2001-2022_retrieved_2026-10-07.json); retrieved 2026-10-07.,2026-10-07
NOR,2008,foreign_nationals,266260,EUROSTAT_fn,Eurostat [migr_pop1ctz],https://ec.europa.eu/eurostat/api/dissemination/statistics/1.0/data/migr_pop1ctz?format=JSON&lang=EN&age=TOTAL&sex=T&unit=NR&citizen=FOR_STLS&sinceTimePeriod=2001&untilTimePeriod=2022,evidence/api/eurostat_migr_pop1ctz_2001-2022_retrieved_2026-10-07.json,1 January,A,annual,,stock at 1 Jan; citizen=FOR_STLS (foreign citizens incl. stateless),Read directly from the archived API response (evidence/api/eurostat_migr_pop1ctz_2001-2022_retrieved_2026-10-07.json); retrieved 2026-10-07.,2026-10-07
NOR,2009,foreign_nationals,302908,EUROSTAT_fn,Eurostat [migr_pop1ctz],https://ec.europa.eu/eurostat/api/dissemination/statistics/1.0/data/migr_pop1ctz?format=JSON&lang=EN&age=TOTAL&sex=T&unit=NR&citizen=FOR_STLS&sinceTimePeriod=2001&untilTimePeriod=2022,evidence/api/eurostat_migr_pop1ctz_2001-2022_retrieved_2026-10-07.json,1 January,A,annual,,stock at 1 Jan; citizen=FOR_STLS (foreign citizens incl. stateless),Read directly from the archived API response (evidence/api/eurostat_migr_pop1ctz_2001-2022_retrieved_2026-10-07.json); retrieved 2026-10-07.,2026-10-07
POL,2001,foreign_nationals,41000,EUROSTAT_fn,Eurostat [migr_pop1ctz],https://ec.europa.eu/eurostat/api/dissemination/statistics/1.0/data/migr_pop1ctz?format=JSON&lang=EN&age=TOTAL&sex=T&unit=NR&citizen=FOR_STLS&sinceTimePeriod=2001&untilTimePeriod=2022,evidence/api/eurostat_migr_pop1ctz_2001-2022_retrieved_2026-10-07.json,1 January,A,annual,,stock at 1 Jan; citizen=FOR_STLS (foreign citizens incl. stateless),Read directly from the archived API response (evidence/api/eurostat_migr_pop1ctz_2001-2022_retrieved_2026-10-07.json); retrieved 2026-10-07.,2026-10-07
POL,2002,foreign_nationals,41375,EUROSTAT_fn,Eurostat [migr_pop1ctz],https://ec.europa.eu/eurostat/api/dissemination/statistics/1.0/data/migr_pop1ctz?format=JSON&lang=EN&age=TOTAL&sex=T&unit=NR&citizen=FOR_STLS&sinceTimePeriod=2001&untilTimePeriod=2022,evidence/api/eurostat_migr_pop1ctz_2001-2022_retrieved_2026-10-07.json,1 January,A,annual,,stock at 1 Jan; citizen=FOR_STLS (foreign citizens incl. stateless),Read directly from the archived API response (evidence/api/eurostat_migr_pop1ctz_2001-2022_retrieved_2026-10-07.json); retrieved 2026-10-07.,2026-10-07
POL,2003,foreign_nationals,41650,EUROSTAT_fn,Eurostat [migr_pop1ctz],https://ec.europa.eu/eurostat/api/dissemination/statistics/1.0/data/migr_pop1ctz?format=JSON&lang=EN&age=TOTAL&sex=T&unit=NR&citizen=FOR_STLS&sinceTimePeriod=2001&untilTimePeriod=2022,evidence/api/eurostat_migr_pop1ctz_2001-2022_retrieved_2026-10-07.json,1 January,A,annual,,stock at 1 Jan; citizen=FOR_STLS (foreign citizens incl. stateless),Read directly from the archived API response (evidence/api/eurostat_migr_pop1ctz_2001-2022_retrieved_2026-10-07.json); retrieved 2026-10-07.,2026-10-07
POL,2004,foreign_nationals,41950,EUROSTAT_fn,Eurostat [migr_pop1ctz],https://ec.europa.eu/eurostat/api/dissemination/statistics/1.0/data/migr_pop1ctz?format=JSON&lang=EN&age=TOTAL&sex=T&unit=NR&citizen=FOR_STLS&sinceTimePeriod=2001&untilTimePeriod=2022,evidence/api/eurostat_migr_pop1ctz_2001-2022_retrieved_2026-10-07.json,1 January,A,annual,,stock at 1 Jan; citizen=FOR_STLS (foreign citizens incl. stateless),Read directly from the archived API response (evidence/api/eurostat_migr_pop1ctz_2001-2022_retrieved_2026-10-07.json); retrieved 2026-10-07.,2026-10-07
POL,2005,foreign_nationals,42763,EUROSTAT_fn,Eurostat [migr_pop1ctz],https://ec.europa.eu/eurostat/api/dissemination/statistics/1.0/data/migr_pop1ctz?format=JSON&lang=EN&age=TOTAL&sex=T&unit=NR&citizen=FOR_STLS&sinceTimePeriod=2001&untilTimePeriod=2022,evidence/api/eurostat_migr_pop1ctz_2001-2022_retrieved_2026-10-07.json,1 January,A,annual,,stock at 1 Jan; citizen=FOR_STLS (foreign citizens incl. stateless),Read directly from the archived API response (evidence/api/eurostat_migr_pop1ctz_2001-2022_retrieved_2026-10-07.json); retrieved 2026-10-07.,2026-10-07
POL,2006,foreign_nationals,49499,EUROSTAT_fn,Eurostat [migr_pop1ctz],https://ec.europa.eu/eurostat/api/dissemination/statistics/1.0/data/migr_pop1ctz?format=JSON&lang=EN&age=TOTAL&sex=T&unit=NR&citizen=FOR_STLS&sinceTimePeriod=2001&untilTimePeriod=2022,evidence/api/eurostat_migr_pop1ctz_2001-2022_retrieved_2026-10-07.json,1 January,A,annual,Eurostat flag: estimated,stock at 1 Jan; citizen=FOR_STLS (foreign citizens incl. stateless) Eurostat flag: estimated,Read directly from the archived API response (evidence/api/eurostat_migr_pop1ctz_2001-2022_retrieved_2026-10-07.json); retrieved 2026-10-07.,2026-10-07
POL,2007,foreign_nationals,44431,EUROSTAT_fn,Eurostat [migr_pop1ctz],https://ec.europa.eu/eurostat/api/dissemination/statistics/1.0/data/migr_pop1ctz?format=JSON&lang=EN&age=TOTAL&sex=T&unit=NR&citizen=FOR_STLS&sinceTimePeriod=2001&untilTimePeriod=2022,evidence/api/eurostat_migr_pop1ctz_2001-2022_retrieved_2026-10-07.json,1 January,A,annual,,stock at 1 Jan; citizen=FOR_STLS (foreign citizens incl. stateless),Read directly from the archived API response (evidence/api/eurostat_migr_pop1ctz_2001-2022_retrieved_2026-10-07.json); retrieved 2026-10-07.,2026-10-07
POL,2008,foreign_nationals,57842,EUROSTAT_fn,Eurostat [migr_pop1ctz],https://ec.europa.eu/eurostat/api/dissemination/statistics/1.0/data/migr_pop1ctz?format=JSON&lang=EN&age=TOTAL&sex=T&unit=NR&citizen=FOR_STLS&sinceTimePeriod=2001&untilTimePeriod=2022,evidence/api/eurostat_migr_pop1ctz_2001-2022_retrieved_2026-10-07.json,1 January,A,annual,,stock at 1 Jan; citizen=FOR_STLS (foreign citizens incl. stateless),Read directly from the archived API response (evidence/api/eurostat_migr_pop1ctz_2001-2022_retrieved_2026-10-07.json); retrieved 2026-10-07.,2026-10-07
POL,2009,foreign_nationals,60431,OECD_fn,"OECD International Migration Database (stocks of foreign population, measure B15)","https://sdmx.oecd.org/public/rest/data/OECD.ELS.IMD,DSD_MIG@DF_MIG,1.0/AUS+AUT+BEL+BGR+CHE+CHL+CHN+CZE+DEU+DNK+ESP+FIN+FRA+GBR+HRV+HUN+IND+ISL+ISR+ITA+JPN+KOR+LTU+MEX+NLD+NOR+NZL+PHL+POL+PRT+RUS+SUR+SVK+SVN+SWE+THA+TUR+TWN+USA+ZAF.W.A.B15._T._Z._Z.PS?startPeriod=2001&endPeriod=2022&format=jsondata&dimensionAtObservation=AllDimensions",evidence/api/oecd/OECD_B15_foreign-population_2001-2022_retrieved_2026-10-07.json,See note,A,annual,splice,"OECD IMD stock. The reference date differs by country and is not carried in the API response; consult the OECD IMD metadata for this country. SPLICE: this country's published series from 2010 on uses Eurostat [migr_pop1ctz]; OECD International Migration Database is used here because Eurostat [migr_pop1ctz] does not reach 2009. Over the 13 years where both exist, OECD International Migration Database is +0.36% on average (range +0.00% to +2.59%) relative to Eurostat [migr_pop1ctz].",Read directly from the archived API response (evidence/api/oecd/OECD_B15_foreign-population_2001-2022_retrieved_2026-10-07.json); retrieved 2026-10-07.,2026-10-07
PRT,2001,foreign_nationals,216479,EUROSTAT_fn,Eurostat [migr_pop1ctz],https://ec.europa.eu/eurostat/api/dissemination/statistics/1.0/data/migr_pop1ctz?format=JSON&lang=EN&age=TOTAL&sex=T&unit=NR&citizen=FOR_STLS&sinceTimePeriod=2001&untilTimePeriod=2022,evidence/api/eurostat_migr_pop1ctz_2001-2022_retrieved_2026-10-07.json,1 January,A,annual,,stock at 1 Jan; citizen=FOR_STLS (foreign citizens incl. stateless),Read directly from the archived API response (evidence/api/eurostat_migr_pop1ctz_2001-2022_retrieved_2026-10-07.json); retrieved 2026-10-07.,2026-10-07
PRT,2002,foreign_nationals,224926,EUROSTAT_fn,Eurostat [migr_pop1ctz],https://ec.europa.eu/eurostat/api/dissemination/statistics/1.0/data/migr_pop1ctz?format=JSON&lang=EN&age=TOTAL&sex=T&unit=NR&citizen=FOR_STLS&sinceTimePeriod=2001&untilTimePeriod=2022,evidence/api/eurostat_migr_pop1ctz_2001-2022_retrieved_2026-10-07.json,1 January,A,annual,,stock at 1 Jan; citizen=FOR_STLS (foreign citizens incl. stateless),Read directly from the archived API response (evidence/api/eurostat_migr_pop1ctz_2001-2022_retrieved_2026-10-07.json); retrieved 2026-10-07.,2026-10-07
PRT,2003,foreign_nationals,238737,EUROSTAT_fn,Eurostat [migr_pop1ctz],https://ec.europa.eu/eurostat/api/dissemination/statistics/1.0/data/migr_pop1ctz?format=JSON&lang=EN&age=TOTAL&sex=T&unit=NR&citizen=FOR_STLS&sinceTimePeriod=2001&untilTimePeriod=2022,evidence/api/eurostat_migr_pop1ctz_2001-2022_retrieved_2026-10-07.json,1 January,A,annual,,stock at 1 Jan; citizen=FOR_STLS (foreign citizens incl. stateless),Read directly from the archived API response (evidence/api/eurostat_migr_pop1ctz_2001-2022_retrieved_2026-10-07.json); retrieved 2026-10-07.,2026-10-07
PRT,2004,foreign_nationals,434252,OECD_fn,"OECD International Migration Database (stocks of foreign population, measure B15)","https://sdmx.oecd.org/public/rest/data/OECD.ELS.IMD,DSD_MIG@DF_MIG,1.0/AUS+AUT+BEL+BGR+CHE+CHL+CHN+CZE+DEU+DNK+ESP+FIN+FRA+GBR+HRV+HUN+IND+ISL+ISR+ITA+JPN+KOR+LTU+MEX+NLD+NOR+NZL+PHL+POL+PRT+RUS+SUR+SVK+SVN+SWE+THA+TUR+TWN+USA+ZAF.W.A.B15._T._Z._Z.PS?startPeriod=2001&endPeriod=2022&format=jsondata&dimensionAtObservation=AllDimensions",evidence/api/oecd/OECD_B15_foreign-population_2001-2022_retrieved_2026-10-07.json,See note,A,annual,splice (large gap),"OECD IMD stock. The reference date differs by country and is not carried in the API response; consult the OECD IMD metadata for this country. LARGE LEVEL GAP (5% or more): a step of this size at the join is a source effect, not a change in migration. SPLICE: this country's published series from 2010 on uses Eurostat [migr_pop1ctz]; OECD International Migration Database is used here because Eurostat [migr_pop1ctz] does not reach 2004. Over the 13 years where both exist, OECD International Migration Database is +7.02% on average (range +0.00% to +13.42%) relative to Eurostat [migr_pop1ctz].",Read directly from the archived API response (evidence/api/oecd/OECD_B15_foreign-population_2001-2022_retrieved_2026-10-07.json); retrieved 2026-10-07.,2026-10-07
PRT,2005,foreign_nationals,449182,OECD_fn,"OECD International Migration Database (stocks of foreign population, measure B15)","https://sdmx.oecd.org/public/rest/data/OECD.ELS.IMD,DSD_MIG@DF_MIG,1.0/AUS+AUT+BEL+BGR+CHE+CHL+CHN+CZE+DEU+DNK+ESP+FIN+FRA+GBR+HRV+HUN+IND+ISL+ISR+ITA+JPN+KOR+LTU+MEX+NLD+NOR+NZL+PHL+POL+PRT+RUS+SUR+SVK+SVN+SWE+THA+TUR+TWN+USA+ZAF.W.A.B15._T._Z._Z.PS?startPeriod=2001&endPeriod=2022&format=jsondata&dimensionAtObservation=AllDimensions",evidence/api/oecd/OECD_B15_foreign-population_2001-2022_retrieved_2026-10-07.json,See note,A,annual,splice (large gap),"OECD IMD stock. The reference date differs by country and is not carried in the API response; consult the OECD IMD metadata for this country. LARGE LEVEL GAP (5% or more): a step of this size at the join is a source effect, not a change in migration. SPLICE: this country's published series from 2010 on uses Eurostat [migr_pop1ctz]; OECD International Migration Database is used here because Eurostat [migr_pop1ctz] does not reach 2005. Over the 13 years where both exist, OECD International Migration Database is +7.02% on average (range +0.00% to +13.42%) relative to Eurostat [migr_pop1ctz].",Read directly from the archived API response (evidence/api/oecd/OECD_B15_foreign-population_2001-2022_retrieved_2026-10-07.json); retrieved 2026-10-07.,2026-10-07
PRT,2006,foreign_nationals,276000,EUROSTAT_fn,Eurostat [migr_pop1ctz],https://ec.europa.eu/eurostat/api/dissemination/statistics/1.0/data/migr_pop1ctz?format=JSON&lang=EN&age=TOTAL&sex=T&unit=NR&citizen=FOR_STLS&sinceTimePeriod=2001&untilTimePeriod=2022,evidence/api/eurostat_migr_pop1ctz_2001-2022_retrieved_2026-10-07.json,1 January,A,annual,Eurostat flag: estimated,stock at 1 Jan; citizen=FOR_STLS (foreign citizens incl. stateless) Eurostat flag: estimated,Read directly from the archived API response (evidence/api/eurostat_migr_pop1ctz_2001-2022_retrieved_2026-10-07.json); retrieved 2026-10-07.,2026-10-07
PRT,2007,foreign_nationals,434869,EUROSTAT_fn,Eurostat [migr_pop1ctz],https://ec.europa.eu/eurostat/api/dissemination/statistics/1.0/data/migr_pop1ctz?format=JSON&lang=EN&age=TOTAL&sex=T&unit=NR&citizen=FOR_STLS&sinceTimePeriod=2001&untilTimePeriod=2022,evidence/api/eurostat_migr_pop1ctz_2001-2022_retrieved_2026-10-07.json,1 January,A,annual,,stock at 1 Jan; citizen=FOR_STLS (foreign citizens incl. stateless),Read directly from the archived API response (evidence/api/eurostat_migr_pop1ctz_2001-2022_retrieved_2026-10-07.json); retrieved 2026-10-07.,2026-10-07
PRT,2008,foreign_nationals,446333,EUROSTAT_fn,Eurostat [migr_pop1ctz],https://ec.europa.eu/eurostat/api/dissemination/statistics/1.0/data/migr_pop1ctz?format=JSON&lang=EN&age=TOTAL&sex=T&unit=NR&citizen=FOR_STLS&sinceTimePeriod=2001&untilTimePeriod=2022,evidence/api/eurostat_migr_pop1ctz_2001-2022_retrieved_2026-10-07.json,1 January,A,annual,,stock at 1 Jan; citizen=FOR_STLS (foreign citizens incl. stateless),Read directly from the archived API response (evidence/api/eurostat_migr_pop1ctz_2001-2022_retrieved_2026-10-07.json); retrieved 2026-10-07.,2026-10-07
PRT,2009,foreign_nationals,440277,EUROSTAT_fn,Eurostat [migr_pop1ctz],https://ec.europa.eu/eurostat/api/dissemination/statistics/1.0/data/migr_pop1ctz?format=JSON&lang=EN&age=TOTAL&sex=T&unit=NR&citizen=FOR_STLS&sinceTimePeriod=2001&untilTimePeriod=2022,evidence/api/eurostat_migr_pop1ctz_2001-2022_retrieved_2026-10-07.json,1 January,A,annual,,stock at 1 Jan; citizen=FOR_STLS (foreign citizens incl. stateless),Read directly from the archived API response (evidence/api/eurostat_migr_pop1ctz_2001-2022_retrieved_2026-10-07.json); retrieved 2026-10-07.,2026-10-07
SVK,2001,foreign_nationals,28801,OECD_fn,"OECD International Migration Database (stocks of foreign population, measure B15)","https://sdmx.oecd.org/public/rest/data/OECD.ELS.IMD,DSD_MIG@DF_MIG,1.0/AUS+AUT+BEL+BGR+CHE+CHL+CHN+CZE+DEU+DNK+ESP+FIN+FRA+GBR+HRV+HUN+IND+ISL+ISR+ITA+JPN+KOR+LTU+MEX+NLD+NOR+NZL+PHL+POL+PRT+RUS+SUR+SVK+SVN+SWE+THA+TUR+TWN+USA+ZAF.W.A.B15._T._Z._Z.PS?startPeriod=2001&endPeriod=2022&format=jsondata&dimensionAtObservation=AllDimensions",evidence/api/oecd/OECD_B15_foreign-population_2001-2022_retrieved_2026-10-07.json,See note,A,annual,splice,"OECD IMD stock. The reference date differs by country and is not carried in the API response; consult the OECD IMD metadata for this country. SPLICE: this country's published series from 2010 on uses Eurostat [migr_pop1ctz]; OECD International Migration Database is used here because Eurostat [migr_pop1ctz] does not reach 2001. Over the 13 years where both exist, OECD International Migration Database is -3.77% on average (range -24.48% to +4.86%) relative to Eurostat [migr_pop1ctz].",Read directly from the archived API response (evidence/api/oecd/OECD_B15_foreign-population_2001-2022_retrieved_2026-10-07.json); retrieved 2026-10-07.,2026-10-07
SVK,2002,foreign_nationals,29418,OECD_fn,"OECD International Migration Database (stocks of foreign population, measure B15)","https://sdmx.oecd.org/public/rest/data/OECD.ELS.IMD,DSD_MIG@DF_MIG,1.0/AUS+AUT+BEL+BGR+CHE+CHL+CHN+CZE+DEU+DNK+ESP+FIN+FRA+GBR+HRV+HUN+IND+ISL+ISR+ITA+JPN+KOR+LTU+MEX+NLD+NOR+NZL+PHL+POL+PRT+RUS+SUR+SVK+SVN+SWE+THA+TUR+TWN+USA+ZAF.W.A.B15._T._Z._Z.PS?startPeriod=2001&endPeriod=2022&format=jsondata&dimensionAtObservation=AllDimensions",evidence/api/oecd/OECD_B15_foreign-population_2001-2022_retrieved_2026-10-07.json,See note,A,annual,splice,"OECD IMD stock. The reference date differs by country and is not carried in the API response; consult the OECD IMD metadata for this country. SPLICE: this country's published series from 2010 on uses Eurostat [migr_pop1ctz]; OECD International Migration Database is used here because Eurostat [migr_pop1ctz] does not reach 2002. Over the 13 years where both exist, OECD International Migration Database is -3.77% on average (range -24.48% to +4.86%) relative to Eurostat [migr_pop1ctz].",Read directly from the archived API response (evidence/api/oecd/OECD_B15_foreign-population_2001-2022_retrieved_2026-10-07.json); retrieved 2026-10-07.,2026-10-07
SVK,2003,foreign_nationals,29854,EUROSTAT_fn,Eurostat [migr_pop1ctz],https://ec.europa.eu/eurostat/api/dissemination/statistics/1.0/data/migr_pop1ctz?format=JSON&lang=EN&age=TOTAL&sex=T&unit=NR&citizen=FOR_STLS&sinceTimePeriod=2001&untilTimePeriod=2022,evidence/api/eurostat_migr_pop1ctz_2001-2022_retrieved_2026-10-07.json,1 January,A,annual,,stock at 1 Jan; citizen=FOR_STLS (foreign citizens incl. stateless),Read directly from the archived API response (evidence/api/eurostat_migr_pop1ctz_2001-2022_retrieved_2026-10-07.json); retrieved 2026-10-07.,2026-10-07
SVK,2004,foreign_nationals,29854,EUROSTAT_fn,Eurostat [migr_pop1ctz],https://ec.europa.eu/eurostat/api/dissemination/statistics/1.0/data/migr_pop1ctz?format=JSON&lang=EN&age=TOTAL&sex=T&unit=NR&citizen=FOR_STLS&sinceTimePeriod=2001&untilTimePeriod=2022,evidence/api/eurostat_migr_pop1ctz_2001-2022_retrieved_2026-10-07.json,1 January,A,annual,Eurostat flag: break in time series,stock at 1 Jan; citizen=FOR_STLS (foreign citizens incl. stateless) Eurostat flag: break in time series,Read directly from the archived API response (evidence/api/eurostat_migr_pop1ctz_2001-2022_retrieved_2026-10-07.json); retrieved 2026-10-07.,2026-10-07
SVK,2005,foreign_nationals,22152,EUROSTAT_fn,Eurostat [migr_pop1ctz],https://ec.europa.eu/eurostat/api/dissemination/statistics/1.0/data/migr_pop1ctz?format=JSON&lang=EN&age=TOTAL&sex=T&unit=NR&citizen=FOR_STLS&sinceTimePeriod=2001&untilTimePeriod=2022,evidence/api/eurostat_migr_pop1ctz_2001-2022_retrieved_2026-10-07.json,1 January,A,annual,,stock at 1 Jan; citizen=FOR_STLS (foreign citizens incl. stateless),Read directly from the archived API response (evidence/api/eurostat_migr_pop1ctz_2001-2022_retrieved_2026-10-07.json); retrieved 2026-10-07.,2026-10-07
SVK,2006,foreign_nationals,25561,EUROSTAT_fn,Eurostat [migr_pop1ctz],https://ec.europa.eu/eurostat/api/dissemination/statistics/1.0/data/migr_pop1ctz?format=JSON&lang=EN&age=TOTAL&sex=T&unit=NR&citizen=FOR_STLS&sinceTimePeriod=2001&untilTimePeriod=2022,evidence/api/eurostat_migr_pop1ctz_2001-2022_retrieved_2026-10-07.json,1 January,A,annual,,stock at 1 Jan; citizen=FOR_STLS (foreign citizens incl. stateless),Read directly from the archived API response (evidence/api/eurostat_migr_pop1ctz_2001-2022_retrieved_2026-10-07.json); retrieved 2026-10-07.,2026-10-07
SVK,2007,foreign_nationals,32125,EUROSTAT_fn,Eurostat [migr_pop1ctz],https://ec.europa.eu/eurostat/api/dissemination/statistics/1.0/data/migr_pop1ctz?format=JSON&lang=EN&age=TOTAL&sex=T&unit=NR&citizen=FOR_STLS&sinceTimePeriod=2001&untilTimePeriod=2022,evidence/api/eurostat_migr_pop1ctz_2001-2022_retrieved_2026-10-07.json,1 January,A,annual,,stock at 1 Jan; citizen=FOR_STLS (foreign citizens incl. stateless),Read directly from the archived API response (evidence/api/eurostat_migr_pop1ctz_2001-2022_retrieved_2026-10-07.json); retrieved 2026-10-07.,2026-10-07
SVK,2008,foreign_nationals,40904,EUROSTAT_fn,Eurostat [migr_pop1ctz],https://ec.europa.eu/eurostat/api/dissemination/statistics/1.0/data/migr_pop1ctz?format=JSON&lang=EN&age=TOTAL&sex=T&unit=NR&citizen=FOR_STLS&sinceTimePeriod=2001&untilTimePeriod=2022,evidence/api/eurostat_migr_pop1ctz_2001-2022_retrieved_2026-10-07.json,1 January,A,annual,,stock at 1 Jan; citizen=FOR_STLS (foreign citizens incl. stateless),Read directly from the archived API response (evidence/api/eurostat_migr_pop1ctz_2001-2022_retrieved_2026-10-07.json); retrieved 2026-10-07.,2026-10-07
SVK,2009,foreign_nationals,61361,EUROSTAT_fn,Eurostat [migr_pop1ctz],https://ec.europa.eu/eurostat/api/dissemination/statistics/1.0/data/migr_pop1ctz?format=JSON&lang=EN&age=TOTAL&sex=T&unit=NR&citizen=FOR_STLS&sinceTimePeriod=2001&untilTimePeriod=2022,evidence/api/eurostat_migr_pop1ctz_2001-2022_retrieved_2026-10-07.json,1 January,A,annual,Eurostat flag: break in time series,stock at 1 Jan; citizen=FOR_STLS (foreign citizens incl. stateless) Eurostat flag: break in time series,Read directly from the archived API response (evidence/api/eurostat_migr_pop1ctz_2001-2022_retrieved_2026-10-07.json); retrieved 2026-10-07.,2026-10-07
SVN,2001,foreign_nationals,42141,EUROSTAT_fn,Eurostat [migr_pop1ctz],https://ec.europa.eu/eurostat/api/dissemination/statistics/1.0/data/migr_pop1ctz?format=JSON&lang=EN&age=TOTAL&sex=T&unit=NR&citizen=FOR_STLS&sinceTimePeriod=2001&untilTimePeriod=2022,evidence/api/eurostat_migr_pop1ctz_2001-2022_retrieved_2026-10-07.json,1 January,A,annual,,stock at 1 Jan; citizen=FOR_STLS (foreign citizens incl. stateless),Read directly from the archived API response (evidence/api/eurostat_migr_pop1ctz_2001-2022_retrieved_2026-10-07.json); retrieved 2026-10-07.,2026-10-07
SVN,2002,foreign_nationals,45180,EUROSTAT_fn,Eurostat [migr_pop1ctz],https://ec.europa.eu/eurostat/api/dissemination/statistics/1.0/data/migr_pop1ctz?format=JSON&lang=EN&age=TOTAL&sex=T&unit=NR&citizen=FOR_STLS&sinceTimePeriod=2001&untilTimePeriod=2022,evidence/api/eurostat_migr_pop1ctz_2001-2022_retrieved_2026-10-07.json,1 January,A,annual,,stock at 1 Jan; citizen=FOR_STLS (foreign citizens incl. stateless),Read directly from the archived API response (evidence/api/eurostat_migr_pop1ctz_2001-2022_retrieved_2026-10-07.json); retrieved 2026-10-07.,2026-10-07
SVN,2003,foreign_nationals,44591,EUROSTAT_fn,Eurostat [migr_pop1ctz],https://ec.europa.eu/eurostat/api/dissemination/statistics/1.0/data/migr_pop1ctz?format=JSON&lang=EN&age=TOTAL&sex=T&unit=NR&citizen=FOR_STLS&sinceTimePeriod=2001&untilTimePeriod=2022,evidence/api/eurostat_migr_pop1ctz_2001-2022_retrieved_2026-10-07.json,1 January,A,annual,,stock at 1 Jan; citizen=FOR_STLS (foreign citizens incl. stateless),Read directly from the archived API response (evidence/api/eurostat_migr_pop1ctz_2001-2022_retrieved_2026-10-07.json); retrieved 2026-10-07.,2026-10-07
SVN,2004,foreign_nationals,45209,EUROSTAT_fn,Eurostat [migr_pop1ctz],https://ec.europa.eu/eurostat/api/dissemination/statistics/1.0/data/migr_pop1ctz?format=JSON&lang=EN&age=TOTAL&sex=T&unit=NR&citizen=FOR_STLS&sinceTimePeriod=2001&untilTimePeriod=2022,evidence/api/eurostat_migr_pop1ctz_2001-2022_retrieved_2026-10-07.json,1 January,A,annual,,stock at 1 Jan; citizen=FOR_STLS (foreign citizens incl. stateless),Read directly from the archived API response (evidence/api/eurostat_migr_pop1ctz_2001-2022_retrieved_2026-10-07.json); retrieved 2026-10-07.,2026-10-07
SVN,2005,foreign_nationals,44258,EUROSTAT_fn,Eurostat [migr_pop1ctz],https://ec.europa.eu/eurostat/api/dissemination/statistics/1.0/data/migr_pop1ctz?format=JSON&lang=EN&age=TOTAL&sex=T&unit=NR&citizen=FOR_STLS&sinceTimePeriod=2001&untilTimePeriod=2022,evidence/api/eurostat_migr_pop1ctz_2001-2022_retrieved_2026-10-07.json,1 January,A,annual,,stock at 1 Jan; citizen=FOR_STLS (foreign citizens incl. stateless),Read directly from the archived API response (evidence/api/eurostat_migr_pop1ctz_2001-2022_retrieved_2026-10-07.json); retrieved 2026-10-07.,2026-10-07
SVN,2006,foreign_nationals,48943,EUROSTAT_fn,Eurostat [migr_pop1ctz],https://ec.europa.eu/eurostat/api/dissemination/statistics/1.0/data/migr_pop1ctz?format=JSON&lang=EN&age=TOTAL&sex=T&unit=NR&citizen=FOR_STLS&sinceTimePeriod=2001&untilTimePeriod=2022,evidence/api/eurostat_migr_pop1ctz_2001-2022_retrieved_2026-10-07.json,1 January,A,annual,,stock at 1 Jan; citizen=FOR_STLS (foreign citizens incl. stateless),Read directly from the archived API response (evidence/api/eurostat_migr_pop1ctz_2001-2022_retrieved_2026-10-07.json); retrieved 2026-10-07.,2026-10-07
SVN,2007,foreign_nationals,53524,EUROSTAT_fn,Eurostat [migr_pop1ctz],https://ec.europa.eu/eurostat/api/dissemination/statistics/1.0/data/migr_pop1ctz?format=JSON&lang=EN&age=TOTAL&sex=T&unit=NR&citizen=FOR_STLS&sinceTimePeriod=2001&untilTimePeriod=2022,evidence/api/eurostat_migr_pop1ctz_2001-2022_retrieved_2026-10-07.json,1 January,A,annual,,stock at 1 Jan; citizen=FOR_STLS (foreign citizens incl. stateless),Read directly from the archived API response (evidence/api/eurostat_migr_pop1ctz_2001-2022_retrieved_2026-10-07.json); retrieved 2026-10-07.,2026-10-07
SVN,2008,foreign_nationals,68621,EUROSTAT_fn,Eurostat [migr_pop1ctz],https://ec.europa.eu/eurostat/api/dissemination/statistics/1.0/data/migr_pop1ctz?format=JSON&lang=EN&age=TOTAL&sex=T&unit=NR&citizen=FOR_STLS&sinceTimePeriod=2001&untilTimePeriod=2022,evidence/api/eurostat_migr_pop1ctz_2001-2022_retrieved_2026-10-07.json,1 January,A,annual,,stock at 1 Jan; citizen=FOR_STLS (foreign citizens incl. stateless),Read directly from the archived API response (evidence/api/eurostat_migr_pop1ctz_2001-2022_retrieved_2026-10-07.json); retrieved 2026-10-07.,2026-10-07
SVN,2009,foreign_nationals,70554,EUROSTAT_fn,Eurostat [migr_pop1ctz],https://ec.europa.eu/eurostat/api/dissemination/statistics/1.0/data/migr_pop1ctz?format=JSON&lang=EN&age=TOTAL&sex=T&unit=NR&citizen=FOR_STLS&sinceTimePeriod=2001&untilTimePeriod=2022,evidence/api/eurostat_migr_pop1ctz_2001-2022_retrieved_2026-10-07.json,1 January,A,annual,Eurostat flag: break in time series,stock at 1 Jan; citizen=FOR_STLS (foreign citizens incl. stateless) Eurostat flag: break in time series,Read directly from the archived API response (evidence/api/eurostat_migr_pop1ctz_2001-2022_retrieved_2026-10-07.json); retrieved 2026-10-07.,2026-10-07
SWE,2001,foreign_nationals,473379,EUROSTAT_fn,Eurostat [migr_pop1ctz],https://ec.europa.eu/eurostat/api/dissemination/statistics/1.0/data/migr_pop1ctz?format=JSON&lang=EN&age=TOTAL&sex=T&unit=NR&citizen=FOR_STLS&sinceTimePeriod=2001&untilTimePeriod=2022,evidence/api/eurostat_migr_pop1ctz_2001-2022_retrieved_2026-10-07.json,1 January,A,annual,,stock at 1 Jan; citizen=FOR_STLS (foreign citizens incl. stateless),Read directly from the archived API response (evidence/api/eurostat_migr_pop1ctz_2001-2022_retrieved_2026-10-07.json); retrieved 2026-10-07.,2026-10-07
SWE,2002,foreign_nationals,472765,EUROSTAT_fn,Eurostat [migr_pop1ctz],https://ec.europa.eu/eurostat/api/dissemination/statistics/1.0/data/migr_pop1ctz?format=JSON&lang=EN&age=TOTAL&sex=T&unit=NR&citizen=FOR_STLS&sinceTimePeriod=2001&untilTimePeriod=2022,evidence/api/eurostat_migr_pop1ctz_2001-2022_retrieved_2026-10-07.json,1 January,A,annual,,stock at 1 Jan; citizen=FOR_STLS (foreign citizens incl. stateless),Read directly from the archived API response (evidence/api/eurostat_migr_pop1ctz_2001-2022_retrieved_2026-10-07.json); retrieved 2026-10-07.,2026-10-07
SWE,2003,foreign_nationals,471320,EUROSTAT_fn,Eurostat [migr_pop1ctz],https://ec.europa.eu/eurostat/api/dissemination/statistics/1.0/data/migr_pop1ctz?format=JSON&lang=EN&age=TOTAL&sex=T&unit=NR&citizen=FOR_STLS&sinceTimePeriod=2001&untilTimePeriod=2022,evidence/api/eurostat_migr_pop1ctz_2001-2022_retrieved_2026-10-07.json,1 January,A,annual,,stock at 1 Jan; citizen=FOR_STLS (foreign citizens incl. stateless),Read directly from the archived API response (evidence/api/eurostat_migr_pop1ctz_2001-2022_retrieved_2026-10-07.json); retrieved 2026-10-07.,2026-10-07
SWE,2004,foreign_nationals,473556,EUROSTAT_fn,Eurostat [migr_pop1ctz],https://ec.europa.eu/eurostat/api/dissemination/statistics/1.0/data/migr_pop1ctz?format=JSON&lang=EN&age=TOTAL&sex=T&unit=NR&citizen=FOR_STLS&sinceTimePeriod=2001&untilTimePeriod=2022,evidence/api/eurostat_migr_pop1ctz_2001-2022_retrieved_2026-10-07.json,1 January,A,annual,,stock at 1 Jan; citizen=FOR_STLS (foreign citizens incl. stateless),Read directly from the archived API response (evidence/api/eurostat_migr_pop1ctz_2001-2022_retrieved_2026-10-07.json); retrieved 2026-10-07.,2026-10-07
SWE,2005,foreign_nationals,478776,EUROSTAT_fn,Eurostat [migr_pop1ctz],https://ec.europa.eu/eurostat/api/dissemination/statistics/1.0/data/migr_pop1ctz?format=JSON&lang=EN&age=TOTAL&sex=T&unit=NR&citizen=FOR_STLS&sinceTimePeriod=2001&untilTimePeriod=2022,evidence/api/eurostat_migr_pop1ctz_2001-2022_retrieved_2026-10-07.json,1 January,A,annual,,stock at 1 Jan; citizen=FOR_STLS (foreign citizens incl. stateless),Read directly from the archived API response (evidence/api/eurostat_migr_pop1ctz_2001-2022_retrieved_2026-10-07.json); retrieved 2026-10-07.,2026-10-07
SWE,2006,foreign_nationals,477760,EUROSTAT_fn,Eurostat [migr_pop1ctz],https://ec.europa.eu/eurostat/api/dissemination/statistics/1.0/data/migr_pop1ctz?format=JSON&lang=EN&age=TOTAL&sex=T&unit=NR&citizen=FOR_STLS&sinceTimePeriod=2001&untilTimePeriod=2022,evidence/api/eurostat_migr_pop1ctz_2001-2022_retrieved_2026-10-07.json,1 January,A,annual,,stock at 1 Jan; citizen=FOR_STLS (foreign citizens incl. stateless),Read directly from the archived API response (evidence/api/eurostat_migr_pop1ctz_2001-2022_retrieved_2026-10-07.json); retrieved 2026-10-07.,2026-10-07
SWE,2007,foreign_nationals,472329,EUROSTAT_fn,Eurostat [migr_pop1ctz],https://ec.europa.eu/eurostat/api/dissemination/statistics/1.0/data/migr_pop1ctz?format=JSON&lang=EN&age=TOTAL&sex=T&unit=NR&citizen=FOR_STLS&sinceTimePeriod=2001&untilTimePeriod=2022,evidence/api/eurostat_migr_pop1ctz_2001-2022_retrieved_2026-10-07.json,1 January,A,annual,,stock at 1 Jan; citizen=FOR_STLS (foreign citizens incl. stateless),Read directly from the archived API response (evidence/api/eurostat_migr_pop1ctz_2001-2022_retrieved_2026-10-07.json); retrieved 2026-10-07.,2026-10-07
SWE,2008,foreign_nationals,524488,EUROSTAT_fn,Eurostat [migr_pop1ctz],https://ec.europa.eu/eurostat/api/dissemination/statistics/1.0/data/migr_pop1ctz?format=JSON&lang=EN&age=TOTAL&sex=T&unit=NR&citizen=FOR_STLS&sinceTimePeriod=2001&untilTimePeriod=2022,evidence/api/eurostat_migr_pop1ctz_2001-2022_retrieved_2026-10-07.json,1 January,A,annual,,stock at 1 Jan; citizen=FOR_STLS (foreign citizens incl. stateless),Read directly from the archived API response (evidence/api/eurostat_migr_pop1ctz_2001-2022_retrieved_2026-10-07.json); retrieved 2026-10-07.,2026-10-07
SWE,2009,foreign_nationals,547664,EUROSTAT_fn,Eurostat [migr_pop1ctz],https://ec.europa.eu/eurostat/api/dissemination/statistics/1.0/data/migr_pop1ctz?format=JSON&lang=EN&age=TOTAL&sex=T&unit=NR&citizen=FOR_STLS&sinceTimePeriod=2001&untilTimePeriod=2022,evidence/api/eurostat_migr_pop1ctz_2001-2022_retrieved_2026-10-07.json,1 January,A,annual,,stock at 1 Jan; citizen=FOR_STLS (foreign citizens incl. stateless),Read directly from the archived API response (evidence/api/eurostat_migr_pop1ctz_2001-2022_retrieved_2026-10-07.json); retrieved 2026-10-07.,2026-10-07
TUR,2001,foreign_nationals,271280,OECD_fn,"OECD International Migration Database (stocks of foreign population, measure B15)","https://sdmx.oecd.org/public/rest/data/OECD.ELS.IMD,DSD_MIG@DF_MIG,1.0/AUS+AUT+BEL+BGR+CHE+CHL+CHN+CZE+DEU+DNK+ESP+FIN+FRA+GBR+HRV+HUN+IND+ISL+ISR+ITA+JPN+KOR+LTU+MEX+NLD+NOR+NZL+PHL+POL+PRT+RUS+SUR+SVK+SVN+SWE+THA+TUR+TWN+USA+ZAF.W.A.B15._T._Z._Z.PS?startPeriod=2001&endPeriod=2022&format=jsondata&dimensionAtObservation=AllDimensions",evidence/api/oecd/OECD_B15_foreign-population_2001-2022_retrieved_2026-10-07.json,31 December,A,annual,,"Foreign nationals registered in the Address Based Population Registration System (ABPRS/ADNKS), TurkStat, as compiled by OECD IMD. Reference date 31 December. EXCLUDES Syrians under temporary protection, who are registered separately (approx. 3.6 million in 2021).",Read directly from the archived API response (evidence/api/oecd/OECD_B15_foreign-population_2001-2022_retrieved_2026-10-07.json); retrieved 2026-10-07.,2026-10-07
TUR,2008,foreign_nationals,98064,OECD_fn,"OECD International Migration Database (stocks of foreign population, measure B15)","https://sdmx.oecd.org/public/rest/data/OECD.ELS.IMD,DSD_MIG@DF_MIG,1.0/AUS+AUT+BEL+BGR+CHE+CHL+CHN+CZE+DEU+DNK+ESP+FIN+FRA+GBR+HRV+HUN+IND+ISL+ISR+ITA+JPN+KOR+LTU+MEX+NLD+NOR+NZL+PHL+POL+PRT+RUS+SUR+SVK+SVN+SWE+THA+TUR+TWN+USA+ZAF.W.A.B15._T._Z._Z.PS?startPeriod=2001&endPeriod=2022&format=jsondata&dimensionAtObservation=AllDimensions",evidence/api/oecd/OECD_B15_foreign-population_2001-2022_retrieved_2026-10-07.json,31 December,A,annual,,"Foreign nationals registered in the Address Based Population Registration System (ABPRS/ADNKS), TurkStat, as compiled by OECD IMD. Reference date 31 December. EXCLUDES Syrians under temporary protection, who are registered separately (approx. 3.6 million in 2021).",Read directly from the archived API response (evidence/api/oecd/OECD_B15_foreign-population_2001-2022_retrieved_2026-10-07.json); retrieved 2026-10-07.,2026-10-07
TUR,2009,foreign_nationals,104441,OECD_fn,"OECD International Migration Database (stocks of foreign population, measure B15)","https://sdmx.oecd.org/public/rest/data/OECD.ELS.IMD,DSD_MIG@DF_MIG,1.0/AUS+AUT+BEL+BGR+CHE+CHL+CHN+CZE+DEU+DNK+ESP+FIN+FRA+GBR+HRV+HUN+IND+ISL+ISR+ITA+JPN+KOR+LTU+MEX+NLD+NOR+NZL+PHL+POL+PRT+RUS+SUR+SVK+SVN+SWE+THA+TUR+TWN+USA+ZAF.W.A.B15._T._Z._Z.PS?startPeriod=2001&endPeriod=2022&format=jsondata&dimensionAtObservation=AllDimensions",evidence/api/oecd/OECD_B15_foreign-population_2001-2022_retrieved_2026-10-07.json,31 December,A,annual,,"Foreign nationals registered in the Address Based Population Registration System (ABPRS/ADNKS), TurkStat, as compiled by OECD IMD. Reference date 31 December. EXCLUDES Syrians under temporary protection, who are registered separately (approx. 3.6 million in 2021).",Read directly from the archived API response (evidence/api/oecd/OECD_B15_foreign-population_2001-2022_retrieved_2026-10-07.json); retrieved 2026-10-07.,2026-10-07
USA,2001,foreign_nationals,17757696,OECD_fn,"OECD International Migration Database (stocks of foreign population, measure B15)","https://sdmx.oecd.org/public/rest/data/OECD.ELS.IMD,DSD_MIG@DF_MIG,1.0/AUS+AUT+BEL+BGR+CHE+CHL+CHN+CZE+DEU+DNK+ESP+FIN+FRA+GBR+HRV+HUN+IND+ISL+ISR+ITA+JPN+KOR+LTU+MEX+NLD+NOR+NZL+PHL+POL+PRT+RUS+SUR+SVK+SVN+SWE+THA+TUR+TWN+USA+ZAF.W.A.B15._T._Z._Z.PS?startPeriod=2001&endPeriod=2022&format=jsondata&dimensionAtObservation=AllDimensions",evidence/api/oecd/OECD_B15_foreign-population_2001-2022_retrieved_2026-10-07.json,Census reference date,A,annual,,"Non-citizen (foreign national) resident population from the Census Bureau American Community Survey, as compiled by OECD IMD. OECD publishes some values with decimals; rounded to the nearest whole person here.",Read directly from the archived API response (evidence/api/oecd/OECD_B15_foreign-population_2001-2022_retrieved_2026-10-07.json); retrieved 2026-10-07.,2026-10-07
USA,2002,foreign_nationals,18533679,OECD_fn,"OECD International Migration Database (stocks of foreign population, measure B15)","https://sdmx.oecd.org/public/rest/data/OECD.ELS.IMD,DSD_MIG@DF_MIG,1.0/AUS+AUT+BEL+BGR+CHE+CHL+CHN+CZE+DEU+DNK+ESP+FIN+FRA+GBR+HRV+HUN+IND+ISL+ISR+ITA+JPN+KOR+LTU+MEX+NLD+NOR+NZL+PHL+POL+PRT+RUS+SUR+SVK+SVN+SWE+THA+TUR+TWN+USA+ZAF.W.A.B15._T._Z._Z.PS?startPeriod=2001&endPeriod=2022&format=jsondata&dimensionAtObservation=AllDimensions",evidence/api/oecd/OECD_B15_foreign-population_2001-2022_retrieved_2026-10-07.json,Census reference date,A,annual,,"Non-citizen (foreign national) resident population from the Census Bureau American Community Survey, as compiled by OECD IMD. OECD publishes some values with decimals; rounded to the nearest whole person here.",Read directly from the archived API response (evidence/api/oecd/OECD_B15_foreign-population_2001-2022_retrieved_2026-10-07.json); retrieved 2026-10-07.,2026-10-07
USA,2003,foreign_nationals,20490602,OECD_fn,"OECD International Migration Database (stocks of foreign population, measure B15)","https://sdmx.oecd.org/public/rest/data/OECD.ELS.IMD,DSD_MIG@DF_MIG,1.0/AUS+AUT+BEL+BGR+CHE+CHL+CHN+CZE+DEU+DNK+ESP+FIN+FRA+GBR+HRV+HUN+IND+ISL+ISR+ITA+JPN+KOR+LTU+MEX+NLD+NOR+NZL+PHL+POL+PRT+RUS+SUR+SVK+SVN+SWE+THA+TUR+TWN+USA+ZAF.W.A.B15._T._Z._Z.PS?startPeriod=2001&endPeriod=2022&format=jsondata&dimensionAtObservation=AllDimensions",evidence/api/oecd/OECD_B15_foreign-population_2001-2022_retrieved_2026-10-07.json,Census reference date,A,annual,,"Non-citizen (foreign national) resident population from the Census Bureau American Community Survey, as compiled by OECD IMD. OECD publishes some values with decimals; rounded to the nearest whole person here.",Read directly from the archived API response (evidence/api/oecd/OECD_B15_foreign-population_2001-2022_retrieved_2026-10-07.json); retrieved 2026-10-07.,2026-10-07
USA,2004,foreign_nationals,20634068,OECD_fn,"OECD International Migration Database (stocks of foreign population, measure B15)","https://sdmx.oecd.org/public/rest/data/OECD.ELS.IMD,DSD_MIG@DF_MIG,1.0/AUS+AUT+BEL+BGR+CHE+CHL+CHN+CZE+DEU+DNK+ESP+FIN+FRA+GBR+HRV+HUN+IND+ISL+ISR+ITA+JPN+KOR+LTU+MEX+NLD+NOR+NZL+PHL+POL+PRT+RUS+SUR+SVK+SVN+SWE+THA+TUR+TWN+USA+ZAF.W.A.B15._T._Z._Z.PS?startPeriod=2001&endPeriod=2022&format=jsondata&dimensionAtObservation=AllDimensions",evidence/api/oecd/OECD_B15_foreign-population_2001-2022_retrieved_2026-10-07.json,Census reference date,A,annual,,"Non-citizen (foreign national) resident population from the Census Bureau American Community Survey, as compiled by OECD IMD. OECD publishes some values with decimals; rounded to the nearest whole person here.",Read directly from the archived API response (evidence/api/oecd/OECD_B15_foreign-population_2001-2022_retrieved_2026-10-07.json); retrieved 2026-10-07.,2026-10-07
USA,2005,foreign_nationals,19857656,OECD_fn,"OECD International Migration Database (stocks of foreign population, measure B15)","https://sdmx.oecd.org/public/rest/data/OECD.ELS.IMD,DSD_MIG@DF_MIG,1.0/AUS+AUT+BEL+BGR+CHE+CHL+CHN+CZE+DEU+DNK+ESP+FIN+FRA+GBR+HRV+HUN+IND+ISL+ISR+ITA+JPN+KOR+LTU+MEX+NLD+NOR+NZL+PHL+POL+PRT+RUS+SUR+SVK+SVN+SWE+THA+TUR+TWN+USA+ZAF.W.A.B15._T._Z._Z.PS?startPeriod=2001&endPeriod=2022&format=jsondata&dimensionAtObservation=AllDimensions",evidence/api/oecd/OECD_B15_foreign-population_2001-2022_retrieved_2026-10-07.json,Census reference date,A,annual,,"Non-citizen (foreign national) resident population from the Census Bureau American Community Survey, as compiled by OECD IMD. OECD publishes some values with decimals; rounded to the nearest whole person here.",Read directly from the archived API response (evidence/api/oecd/OECD_B15_foreign-population_2001-2022_retrieved_2026-10-07.json); retrieved 2026-10-07.,2026-10-07
USA,2006,foreign_nationals,20836032,OECD_fn,"OECD International Migration Database (stocks of foreign population, measure B15)","https://sdmx.oecd.org/public/rest/data/OECD.ELS.IMD,DSD_MIG@DF_MIG,1.0/AUS+AUT+BEL+BGR+CHE+CHL+CHN+CZE+DEU+DNK+ESP+FIN+FRA+GBR+HRV+HUN+IND+ISL+ISR+ITA+JPN+KOR+LTU+MEX+NLD+NOR+NZL+PHL+POL+PRT+RUS+SUR+SVK+SVN+SWE+THA+TUR+TWN+USA+ZAF.W.A.B15._T._Z._Z.PS?startPeriod=2001&endPeriod=2022&format=jsondata&dimensionAtObservation=AllDimensions",evidence/api/oecd/OECD_B15_foreign-population_2001-2022_retrieved_2026-10-07.json,Census reference date,A,annual,,"Non-citizen (foreign national) resident population from the Census Bureau American Community Survey, as compiled by OECD IMD. OECD publishes some values with decimals; rounded to the nearest whole person here.",Read directly from the archived API response (evidence/api/oecd/OECD_B15_foreign-population_2001-2022_retrieved_2026-10-07.json); retrieved 2026-10-07.,2026-10-07
USA,2007,foreign_nationals,21696303,OECD_fn,"OECD International Migration Database (stocks of foreign population, measure B15)","https://sdmx.oecd.org/public/rest/data/OECD.ELS.IMD,DSD_MIG@DF_MIG,1.0/AUS+AUT+BEL+BGR+CHE+CHL+CHN+CZE+DEU+DNK+ESP+FIN+FRA+GBR+HRV+HUN+IND+ISL+ISR+ITA+JPN+KOR+LTU+MEX+NLD+NOR+NZL+PHL+POL+PRT+RUS+SUR+SVK+SVN+SWE+THA+TUR+TWN+USA+ZAF.W.A.B15._T._Z._Z.PS?startPeriod=2001&endPeriod=2022&format=jsondata&dimensionAtObservation=AllDimensions",evidence/api/oecd/OECD_B15_foreign-population_2001-2022_retrieved_2026-10-07.json,Census reference date,A,annual,,"Non-citizen (foreign national) resident population from the Census Bureau American Community Survey, as compiled by OECD IMD. OECD publishes some values with decimals; rounded to the nearest whole person here.",Read directly from the archived API response (evidence/api/oecd/OECD_B15_foreign-population_2001-2022_retrieved_2026-10-07.json); retrieved 2026-10-07.,2026-10-07
USA,2008,foreign_nationals,21843559,OECD_fn,"OECD International Migration Database (stocks of foreign population, measure B15)","https://sdmx.oecd.org/public/rest/data/OECD.ELS.IMD,DSD_MIG@DF_MIG,1.0/AUS+AUT+BEL+BGR+CHE+CHL+CHN+CZE+DEU+DNK+ESP+FIN+FRA+GBR+HRV+HUN+IND+ISL+ISR+ITA+JPN+KOR+LTU+MEX+NLD+NOR+NZL+PHL+POL+PRT+RUS+SUR+SVK+SVN+SWE+THA+TUR+TWN+USA+ZAF.W.A.B15._T._Z._Z.PS?startPeriod=2001&endPeriod=2022&format=jsondata&dimensionAtObservation=AllDimensions",evidence/api/oecd/OECD_B15_foreign-population_2001-2022_retrieved_2026-10-07.json,Census reference date,A,annual,,"Non-citizen (foreign national) resident population from the Census Bureau American Community Survey, as compiled by OECD IMD. OECD publishes some values with decimals; rounded to the nearest whole person here.",Read directly from the archived API response (evidence/api/oecd/OECD_B15_foreign-population_2001-2022_retrieved_2026-10-07.json); retrieved 2026-10-07.,2026-10-07
USA,2009,foreign_nationals,21685745,OECD_fn,"OECD International Migration Database (stocks of foreign population, measure B15)","https://sdmx.oecd.org/public/rest/data/OECD.ELS.IMD,DSD_MIG@DF_MIG,1.0/AUS+AUT+BEL+BGR+CHE+CHL+CHN+CZE+DEU+DNK+ESP+FIN+FRA+GBR+HRV+HUN+IND+ISL+ISR+ITA+JPN+KOR+LTU+MEX+NLD+NOR+NZL+PHL+POL+PRT+RUS+SUR+SVK+SVN+SWE+THA+TUR+TWN+USA+ZAF.W.A.B15._T._Z._Z.PS?startPeriod=2001&endPeriod=2022&format=jsondata&dimensionAtObservation=AllDimensions",evidence/api/oecd/OECD_B15_foreign-population_2001-2022_retrieved_2026-10-07.json,Census reference date,A,annual,,"Non-citizen (foreign national) resident population from the Census Bureau American Community Survey, as compiled by OECD IMD. OECD publishes some values with decimals; rounded to the nearest whole person here.",Read directly from the archived API response (evidence/api/oecd/OECD_B15_foreign-population_2001-2022_retrieved_2026-10-07.json); retrieved 2026-10-07.,2026-10-07
