iso3,year,variable,value,source_id,source_name,source_url,local_file,ref_date,grade,source_type,flag,note,verification,collected_on
AUS,2001,population,19274701,WB_SP_POP_TOTL,"World Bank, World Development Indicators (SP.POP.TOTL), sourced from UN World Population Prospects and national statistical offices",https://api.worldbank.org/v2/country/all/indicator/SP.POP.TOTL,evidence/api/wb_SP_POP_TOTL_2001-2022_retrieved_2026-10-07.json,Mid-year,A,annual,,,Read directly from the archived API response (evidence/api/wb_SP_POP_TOTL_2001-2022_retrieved_2026-10-07.json); retrieved 2026-10-07.,2026-10-07
AUS,2002,population,19495210,WB_SP_POP_TOTL,"World Bank, World Development Indicators (SP.POP.TOTL), sourced from UN World Population Prospects and national statistical offices",https://api.worldbank.org/v2/country/all/indicator/SP.POP.TOTL,evidence/api/wb_SP_POP_TOTL_2001-2022_retrieved_2026-10-07.json,Mid-year,A,annual,,,Read directly from the archived API response (evidence/api/wb_SP_POP_TOTL_2001-2022_retrieved_2026-10-07.json); retrieved 2026-10-07.,2026-10-07
AUS,2003,population,19720737,WB_SP_POP_TOTL,"World Bank, World Development Indicators (SP.POP.TOTL), sourced from UN World Population Prospects and national statistical offices",https://api.worldbank.org/v2/country/all/indicator/SP.POP.TOTL,evidence/api/wb_SP_POP_TOTL_2001-2022_retrieved_2026-10-07.json,Mid-year,A,annual,,,Read directly from the archived API response (evidence/api/wb_SP_POP_TOTL_2001-2022_retrieved_2026-10-07.json); retrieved 2026-10-07.,2026-10-07
AUS,2004,population,19932722,WB_SP_POP_TOTL,"World Bank, World Development Indicators (SP.POP.TOTL), sourced from UN World Population Prospects and national statistical offices",https://api.worldbank.org/v2/country/all/indicator/SP.POP.TOTL,evidence/api/wb_SP_POP_TOTL_2001-2022_retrieved_2026-10-07.json,Mid-year,A,annual,,,Read directly from the archived API response (evidence/api/wb_SP_POP_TOTL_2001-2022_retrieved_2026-10-07.json); retrieved 2026-10-07.,2026-10-07
AUS,2005,population,20176844,WB_SP_POP_TOTL,"World Bank, World Development Indicators (SP.POP.TOTL), sourced from UN World Population Prospects and national statistical offices",https://api.worldbank.org/v2/country/all/indicator/SP.POP.TOTL,evidence/api/wb_SP_POP_TOTL_2001-2022_retrieved_2026-10-07.json,Mid-year,A,annual,,,Read directly from the archived API response (evidence/api/wb_SP_POP_TOTL_2001-2022_retrieved_2026-10-07.json); retrieved 2026-10-07.,2026-10-07
AUS,2006,population,20450966,WB_SP_POP_TOTL,"World Bank, World Development Indicators (SP.POP.TOTL), sourced from UN World Population Prospects and national statistical offices",https://api.worldbank.org/v2/country/all/indicator/SP.POP.TOTL,evidence/api/wb_SP_POP_TOTL_2001-2022_retrieved_2026-10-07.json,Mid-year,A,annual,,,Read directly from the archived API response (evidence/api/wb_SP_POP_TOTL_2001-2022_retrieved_2026-10-07.json); retrieved 2026-10-07.,2026-10-07
AUS,2007,population,20827622,WB_SP_POP_TOTL,"World Bank, World Development Indicators (SP.POP.TOTL), sourced from UN World Population Prospects and national statistical offices",https://api.worldbank.org/v2/country/all/indicator/SP.POP.TOTL,evidence/api/wb_SP_POP_TOTL_2001-2022_retrieved_2026-10-07.json,Mid-year,A,annual,,,Read directly from the archived API response (evidence/api/wb_SP_POP_TOTL_2001-2022_retrieved_2026-10-07.json); retrieved 2026-10-07.,2026-10-07
AUS,2008,population,21249199,WB_SP_POP_TOTL,"World Bank, World Development Indicators (SP.POP.TOTL), sourced from UN World Population Prospects and national statistical offices",https://api.worldbank.org/v2/country/all/indicator/SP.POP.TOTL,evidence/api/wb_SP_POP_TOTL_2001-2022_retrieved_2026-10-07.json,Mid-year,A,annual,,,Read directly from the archived API response (evidence/api/wb_SP_POP_TOTL_2001-2022_retrieved_2026-10-07.json); retrieved 2026-10-07.,2026-10-07
AUS,2009,population,21691653,WB_SP_POP_TOTL,"World Bank, World Development Indicators (SP.POP.TOTL), sourced from UN World Population Prospects and national statistical offices",https://api.worldbank.org/v2/country/all/indicator/SP.POP.TOTL,evidence/api/wb_SP_POP_TOTL_2001-2022_retrieved_2026-10-07.json,Mid-year,A,annual,,,Read directly from the archived API response (evidence/api/wb_SP_POP_TOTL_2001-2022_retrieved_2026-10-07.json); retrieved 2026-10-07.,2026-10-07
AUT,2001,population,8042293,WB_SP_POP_TOTL,"World Bank, World Development Indicators (SP.POP.TOTL), sourced from UN World Population Prospects and national statistical offices",https://api.worldbank.org/v2/country/all/indicator/SP.POP.TOTL,evidence/api/wb_SP_POP_TOTL_2001-2022_retrieved_2026-10-07.json,Mid-year,A,annual,,,Read directly from the archived API response (evidence/api/wb_SP_POP_TOTL_2001-2022_retrieved_2026-10-07.json); retrieved 2026-10-07.,2026-10-07
AUT,2002,population,8081957,WB_SP_POP_TOTL,"World Bank, World Development Indicators (SP.POP.TOTL), sourced from UN World Population Prospects and national statistical offices",https://api.worldbank.org/v2/country/all/indicator/SP.POP.TOTL,evidence/api/wb_SP_POP_TOTL_2001-2022_retrieved_2026-10-07.json,Mid-year,A,annual,,,Read directly from the archived API response (evidence/api/wb_SP_POP_TOTL_2001-2022_retrieved_2026-10-07.json); retrieved 2026-10-07.,2026-10-07
AUT,2003,population,8121423,WB_SP_POP_TOTL,"World Bank, World Development Indicators (SP.POP.TOTL), sourced from UN World Population Prospects and national statistical offices",https://api.worldbank.org/v2/country/all/indicator/SP.POP.TOTL,evidence/api/wb_SP_POP_TOTL_2001-2022_retrieved_2026-10-07.json,Mid-year,A,annual,,,Read directly from the archived API response (evidence/api/wb_SP_POP_TOTL_2001-2022_retrieved_2026-10-07.json); retrieved 2026-10-07.,2026-10-07
AUT,2004,population,8171966,WB_SP_POP_TOTL,"World Bank, World Development Indicators (SP.POP.TOTL), sourced from UN World Population Prospects and national statistical offices",https://api.worldbank.org/v2/country/all/indicator/SP.POP.TOTL,evidence/api/wb_SP_POP_TOTL_2001-2022_retrieved_2026-10-07.json,Mid-year,A,annual,,,Read directly from the archived API response (evidence/api/wb_SP_POP_TOTL_2001-2022_retrieved_2026-10-07.json); retrieved 2026-10-07.,2026-10-07
AUT,2005,population,8227829,WB_SP_POP_TOTL,"World Bank, World Development Indicators (SP.POP.TOTL), sourced from UN World Population Prospects and national statistical offices",https://api.worldbank.org/v2/country/all/indicator/SP.POP.TOTL,evidence/api/wb_SP_POP_TOTL_2001-2022_retrieved_2026-10-07.json,Mid-year,A,annual,,,Read directly from the archived API response (evidence/api/wb_SP_POP_TOTL_2001-2022_retrieved_2026-10-07.json); retrieved 2026-10-07.,2026-10-07
AUT,2006,population,8268641,WB_SP_POP_TOTL,"World Bank, World Development Indicators (SP.POP.TOTL), sourced from UN World Population Prospects and national statistical offices",https://api.worldbank.org/v2/country/all/indicator/SP.POP.TOTL,evidence/api/wb_SP_POP_TOTL_2001-2022_retrieved_2026-10-07.json,Mid-year,A,annual,,,Read directly from the archived API response (evidence/api/wb_SP_POP_TOTL_2001-2022_retrieved_2026-10-07.json); retrieved 2026-10-07.,2026-10-07
AUT,2007,population,8295487,WB_SP_POP_TOTL,"World Bank, World Development Indicators (SP.POP.TOTL), sourced from UN World Population Prospects and national statistical offices",https://api.worldbank.org/v2/country/all/indicator/SP.POP.TOTL,evidence/api/wb_SP_POP_TOTL_2001-2022_retrieved_2026-10-07.json,Mid-year,A,annual,,,Read directly from the archived API response (evidence/api/wb_SP_POP_TOTL_2001-2022_retrieved_2026-10-07.json); retrieved 2026-10-07.,2026-10-07
AUT,2008,population,8321496,WB_SP_POP_TOTL,"World Bank, World Development Indicators (SP.POP.TOTL), sourced from UN World Population Prospects and national statistical offices",https://api.worldbank.org/v2/country/all/indicator/SP.POP.TOTL,evidence/api/wb_SP_POP_TOTL_2001-2022_retrieved_2026-10-07.json,Mid-year,A,annual,,,Read directly from the archived API response (evidence/api/wb_SP_POP_TOTL_2001-2022_retrieved_2026-10-07.json); retrieved 2026-10-07.,2026-10-07
AUT,2009,population,8343323,WB_SP_POP_TOTL,"World Bank, World Development Indicators (SP.POP.TOTL), sourced from UN World Population Prospects and national statistical offices",https://api.worldbank.org/v2/country/all/indicator/SP.POP.TOTL,evidence/api/wb_SP_POP_TOTL_2001-2022_retrieved_2026-10-07.json,Mid-year,A,annual,,,Read directly from the archived API response (evidence/api/wb_SP_POP_TOTL_2001-2022_retrieved_2026-10-07.json); retrieved 2026-10-07.,2026-10-07
BEL,2001,population,10286570,WB_SP_POP_TOTL,"World Bank, World Development Indicators (SP.POP.TOTL), sourced from UN World Population Prospects and national statistical offices",https://api.worldbank.org/v2/country/all/indicator/SP.POP.TOTL,evidence/api/wb_SP_POP_TOTL_2001-2022_retrieved_2026-10-07.json,Mid-year,A,annual,,,Read directly from the archived API response (evidence/api/wb_SP_POP_TOTL_2001-2022_retrieved_2026-10-07.json); retrieved 2026-10-07.,2026-10-07
BEL,2002,population,10332785,WB_SP_POP_TOTL,"World Bank, World Development Indicators (SP.POP.TOTL), sourced from UN World Population Prospects and national statistical offices",https://api.worldbank.org/v2/country/all/indicator/SP.POP.TOTL,evidence/api/wb_SP_POP_TOTL_2001-2022_retrieved_2026-10-07.json,Mid-year,A,annual,,,Read directly from the archived API response (evidence/api/wb_SP_POP_TOTL_2001-2022_retrieved_2026-10-07.json); retrieved 2026-10-07.,2026-10-07
BEL,2003,population,10376133,WB_SP_POP_TOTL,"World Bank, World Development Indicators (SP.POP.TOTL), sourced from UN World Population Prospects and national statistical offices",https://api.worldbank.org/v2/country/all/indicator/SP.POP.TOTL,evidence/api/wb_SP_POP_TOTL_2001-2022_retrieved_2026-10-07.json,Mid-year,A,annual,,,Read directly from the archived API response (evidence/api/wb_SP_POP_TOTL_2001-2022_retrieved_2026-10-07.json); retrieved 2026-10-07.,2026-10-07
BEL,2004,population,10421137,WB_SP_POP_TOTL,"World Bank, World Development Indicators (SP.POP.TOTL), sourced from UN World Population Prospects and national statistical offices",https://api.worldbank.org/v2/country/all/indicator/SP.POP.TOTL,evidence/api/wb_SP_POP_TOTL_2001-2022_retrieved_2026-10-07.json,Mid-year,A,annual,,,Read directly from the archived API response (evidence/api/wb_SP_POP_TOTL_2001-2022_retrieved_2026-10-07.json); retrieved 2026-10-07.,2026-10-07
BEL,2005,population,10478617,WB_SP_POP_TOTL,"World Bank, World Development Indicators (SP.POP.TOTL), sourced from UN World Population Prospects and national statistical offices",https://api.worldbank.org/v2/country/all/indicator/SP.POP.TOTL,evidence/api/wb_SP_POP_TOTL_2001-2022_retrieved_2026-10-07.json,Mid-year,A,annual,,,Read directly from the archived API response (evidence/api/wb_SP_POP_TOTL_2001-2022_retrieved_2026-10-07.json); retrieved 2026-10-07.,2026-10-07
BEL,2006,population,10547958,WB_SP_POP_TOTL,"World Bank, World Development Indicators (SP.POP.TOTL), sourced from UN World Population Prospects and national statistical offices",https://api.worldbank.org/v2/country/all/indicator/SP.POP.TOTL,evidence/api/wb_SP_POP_TOTL_2001-2022_retrieved_2026-10-07.json,Mid-year,A,annual,,,Read directly from the archived API response (evidence/api/wb_SP_POP_TOTL_2001-2022_retrieved_2026-10-07.json); retrieved 2026-10-07.,2026-10-07
BEL,2007,population,10625700,WB_SP_POP_TOTL,"World Bank, World Development Indicators (SP.POP.TOTL), sourced from UN World Population Prospects and national statistical offices",https://api.worldbank.org/v2/country/all/indicator/SP.POP.TOTL,evidence/api/wb_SP_POP_TOTL_2001-2022_retrieved_2026-10-07.json,Mid-year,A,annual,,,Read directly from the archived API response (evidence/api/wb_SP_POP_TOTL_2001-2022_retrieved_2026-10-07.json); retrieved 2026-10-07.,2026-10-07
BEL,2008,population,10709973,WB_SP_POP_TOTL,"World Bank, World Development Indicators (SP.POP.TOTL), sourced from UN World Population Prospects and national statistical offices",https://api.worldbank.org/v2/country/all/indicator/SP.POP.TOTL,evidence/api/wb_SP_POP_TOTL_2001-2022_retrieved_2026-10-07.json,Mid-year,A,annual,,,Read directly from the archived API response (evidence/api/wb_SP_POP_TOTL_2001-2022_retrieved_2026-10-07.json); retrieved 2026-10-07.,2026-10-07
BEL,2009,population,10796493,WB_SP_POP_TOTL,"World Bank, World Development Indicators (SP.POP.TOTL), sourced from UN World Population Prospects and national statistical offices",https://api.worldbank.org/v2/country/all/indicator/SP.POP.TOTL,evidence/api/wb_SP_POP_TOTL_2001-2022_retrieved_2026-10-07.json,Mid-year,A,annual,,,Read directly from the archived API response (evidence/api/wb_SP_POP_TOTL_2001-2022_retrieved_2026-10-07.json); retrieved 2026-10-07.,2026-10-07
BGR,2001,population,8009142,WB_SP_POP_TOTL,"World Bank, World Development Indicators (SP.POP.TOTL), sourced from UN World Population Prospects and national statistical offices",https://api.worldbank.org/v2/country/all/indicator/SP.POP.TOTL,evidence/api/wb_SP_POP_TOTL_2001-2022_retrieved_2026-10-07.json,Mid-year,A,annual,,,Read directly from the archived API response (evidence/api/wb_SP_POP_TOTL_2001-2022_retrieved_2026-10-07.json); retrieved 2026-10-07.,2026-10-07
BGR,2002,population,7837161,WB_SP_POP_TOTL,"World Bank, World Development Indicators (SP.POP.TOTL), sourced from UN World Population Prospects and national statistical offices",https://api.worldbank.org/v2/country/all/indicator/SP.POP.TOTL,evidence/api/wb_SP_POP_TOTL_2001-2022_retrieved_2026-10-07.json,Mid-year,A,annual,,,Read directly from the archived API response (evidence/api/wb_SP_POP_TOTL_2001-2022_retrieved_2026-10-07.json); retrieved 2026-10-07.,2026-10-07
BGR,2003,population,7775327,WB_SP_POP_TOTL,"World Bank, World Development Indicators (SP.POP.TOTL), sourced from UN World Population Prospects and national statistical offices",https://api.worldbank.org/v2/country/all/indicator/SP.POP.TOTL,evidence/api/wb_SP_POP_TOTL_2001-2022_retrieved_2026-10-07.json,Mid-year,A,annual,,,Read directly from the archived API response (evidence/api/wb_SP_POP_TOTL_2001-2022_retrieved_2026-10-07.json); retrieved 2026-10-07.,2026-10-07
BGR,2004,population,7716860,WB_SP_POP_TOTL,"World Bank, World Development Indicators (SP.POP.TOTL), sourced from UN World Population Prospects and national statistical offices",https://api.worldbank.org/v2/country/all/indicator/SP.POP.TOTL,evidence/api/wb_SP_POP_TOTL_2001-2022_retrieved_2026-10-07.json,Mid-year,A,annual,,,Read directly from the archived API response (evidence/api/wb_SP_POP_TOTL_2001-2022_retrieved_2026-10-07.json); retrieved 2026-10-07.,2026-10-07
BGR,2005,population,7658972,WB_SP_POP_TOTL,"World Bank, World Development Indicators (SP.POP.TOTL), sourced from UN World Population Prospects and national statistical offices",https://api.worldbank.org/v2/country/all/indicator/SP.POP.TOTL,evidence/api/wb_SP_POP_TOTL_2001-2022_retrieved_2026-10-07.json,Mid-year,A,annual,,,Read directly from the archived API response (evidence/api/wb_SP_POP_TOTL_2001-2022_retrieved_2026-10-07.json); retrieved 2026-10-07.,2026-10-07
BGR,2006,population,7601022,WB_SP_POP_TOTL,"World Bank, World Development Indicators (SP.POP.TOTL), sourced from UN World Population Prospects and national statistical offices",https://api.worldbank.org/v2/country/all/indicator/SP.POP.TOTL,evidence/api/wb_SP_POP_TOTL_2001-2022_retrieved_2026-10-07.json,Mid-year,A,annual,,,Read directly from the archived API response (evidence/api/wb_SP_POP_TOTL_2001-2022_retrieved_2026-10-07.json); retrieved 2026-10-07.,2026-10-07
BGR,2007,population,7545338,WB_SP_POP_TOTL,"World Bank, World Development Indicators (SP.POP.TOTL), sourced from UN World Population Prospects and national statistical offices",https://api.worldbank.org/v2/country/all/indicator/SP.POP.TOTL,evidence/api/wb_SP_POP_TOTL_2001-2022_retrieved_2026-10-07.json,Mid-year,A,annual,,,Read directly from the archived API response (evidence/api/wb_SP_POP_TOTL_2001-2022_retrieved_2026-10-07.json); retrieved 2026-10-07.,2026-10-07
BGR,2008,population,7492561,WB_SP_POP_TOTL,"World Bank, World Development Indicators (SP.POP.TOTL), sourced from UN World Population Prospects and national statistical offices",https://api.worldbank.org/v2/country/all/indicator/SP.POP.TOTL,evidence/api/wb_SP_POP_TOTL_2001-2022_retrieved_2026-10-07.json,Mid-year,A,annual,,,Read directly from the archived API response (evidence/api/wb_SP_POP_TOTL_2001-2022_retrieved_2026-10-07.json); retrieved 2026-10-07.,2026-10-07
BGR,2009,population,7444443,WB_SP_POP_TOTL,"World Bank, World Development Indicators (SP.POP.TOTL), sourced from UN World Population Prospects and national statistical offices",https://api.worldbank.org/v2/country/all/indicator/SP.POP.TOTL,evidence/api/wb_SP_POP_TOTL_2001-2022_retrieved_2026-10-07.json,Mid-year,A,annual,,,Read directly from the archived API response (evidence/api/wb_SP_POP_TOTL_2001-2022_retrieved_2026-10-07.json); retrieved 2026-10-07.,2026-10-07
CHE,2001,population,7229854,WB_SP_POP_TOTL,"World Bank, World Development Indicators (SP.POP.TOTL), sourced from UN World Population Prospects and national statistical offices",https://api.worldbank.org/v2/country/all/indicator/SP.POP.TOTL,evidence/api/wb_SP_POP_TOTL_2001-2022_retrieved_2026-10-07.json,Mid-year,A,annual,,,Read directly from the archived API response (evidence/api/wb_SP_POP_TOTL_2001-2022_retrieved_2026-10-07.json); retrieved 2026-10-07.,2026-10-07
CHE,2002,population,7284753,WB_SP_POP_TOTL,"World Bank, World Development Indicators (SP.POP.TOTL), sourced from UN World Population Prospects and national statistical offices",https://api.worldbank.org/v2/country/all/indicator/SP.POP.TOTL,evidence/api/wb_SP_POP_TOTL_2001-2022_retrieved_2026-10-07.json,Mid-year,A,annual,,,Read directly from the archived API response (evidence/api/wb_SP_POP_TOTL_2001-2022_retrieved_2026-10-07.json); retrieved 2026-10-07.,2026-10-07
CHE,2003,population,7339001,WB_SP_POP_TOTL,"World Bank, World Development Indicators (SP.POP.TOTL), sourced from UN World Population Prospects and national statistical offices",https://api.worldbank.org/v2/country/all/indicator/SP.POP.TOTL,evidence/api/wb_SP_POP_TOTL_2001-2022_retrieved_2026-10-07.json,Mid-year,A,annual,,,Read directly from the archived API response (evidence/api/wb_SP_POP_TOTL_2001-2022_retrieved_2026-10-07.json); retrieved 2026-10-07.,2026-10-07
CHE,2004,population,7389625,WB_SP_POP_TOTL,"World Bank, World Development Indicators (SP.POP.TOTL), sourced from UN World Population Prospects and national statistical offices",https://api.worldbank.org/v2/country/all/indicator/SP.POP.TOTL,evidence/api/wb_SP_POP_TOTL_2001-2022_retrieved_2026-10-07.json,Mid-year,A,annual,,,Read directly from the archived API response (evidence/api/wb_SP_POP_TOTL_2001-2022_retrieved_2026-10-07.json); retrieved 2026-10-07.,2026-10-07
CHE,2005,population,7437115,WB_SP_POP_TOTL,"World Bank, World Development Indicators (SP.POP.TOTL), sourced from UN World Population Prospects and national statistical offices",https://api.worldbank.org/v2/country/all/indicator/SP.POP.TOTL,evidence/api/wb_SP_POP_TOTL_2001-2022_retrieved_2026-10-07.json,Mid-year,A,annual,,,Read directly from the archived API response (evidence/api/wb_SP_POP_TOTL_2001-2022_retrieved_2026-10-07.json); retrieved 2026-10-07.,2026-10-07
CHE,2006,population,7483934,WB_SP_POP_TOTL,"World Bank, World Development Indicators (SP.POP.TOTL), sourced from UN World Population Prospects and national statistical offices",https://api.worldbank.org/v2/country/all/indicator/SP.POP.TOTL,evidence/api/wb_SP_POP_TOTL_2001-2022_retrieved_2026-10-07.json,Mid-year,A,annual,,,Read directly from the archived API response (evidence/api/wb_SP_POP_TOTL_2001-2022_retrieved_2026-10-07.json); retrieved 2026-10-07.,2026-10-07
CHE,2007,population,7551117,WB_SP_POP_TOTL,"World Bank, World Development Indicators (SP.POP.TOTL), sourced from UN World Population Prospects and national statistical offices",https://api.worldbank.org/v2/country/all/indicator/SP.POP.TOTL,evidence/api/wb_SP_POP_TOTL_2001-2022_retrieved_2026-10-07.json,Mid-year,A,annual,,,Read directly from the archived API response (evidence/api/wb_SP_POP_TOTL_2001-2022_retrieved_2026-10-07.json); retrieved 2026-10-07.,2026-10-07
CHE,2008,population,7647675,WB_SP_POP_TOTL,"World Bank, World Development Indicators (SP.POP.TOTL), sourced from UN World Population Prospects and national statistical offices",https://api.worldbank.org/v2/country/all/indicator/SP.POP.TOTL,evidence/api/wb_SP_POP_TOTL_2001-2022_retrieved_2026-10-07.json,Mid-year,A,annual,,,Read directly from the archived API response (evidence/api/wb_SP_POP_TOTL_2001-2022_retrieved_2026-10-07.json); retrieved 2026-10-07.,2026-10-07
CHE,2009,population,7743831,WB_SP_POP_TOTL,"World Bank, World Development Indicators (SP.POP.TOTL), sourced from UN World Population Prospects and national statistical offices",https://api.worldbank.org/v2/country/all/indicator/SP.POP.TOTL,evidence/api/wb_SP_POP_TOTL_2001-2022_retrieved_2026-10-07.json,Mid-year,A,annual,,,Read directly from the archived API response (evidence/api/wb_SP_POP_TOTL_2001-2022_retrieved_2026-10-07.json); retrieved 2026-10-07.,2026-10-07
CHL,2001,population,15683849,WB_SP_POP_TOTL,"World Bank, World Development Indicators (SP.POP.TOTL), sourced from UN World Population Prospects and national statistical offices",https://api.worldbank.org/v2/country/all/indicator/SP.POP.TOTL,evidence/api/wb_SP_POP_TOTL_2001-2022_retrieved_2026-10-07.json,Mid-year,A,annual,,,Read directly from the archived API response (evidence/api/wb_SP_POP_TOTL_2001-2022_retrieved_2026-10-07.json); retrieved 2026-10-07.,2026-10-07
CHL,2002,population,15857925,WB_SP_POP_TOTL,"World Bank, World Development Indicators (SP.POP.TOTL), sourced from UN World Population Prospects and national statistical offices",https://api.worldbank.org/v2/country/all/indicator/SP.POP.TOTL,evidence/api/wb_SP_POP_TOTL_2001-2022_retrieved_2026-10-07.json,Mid-year,A,annual,,,Read directly from the archived API response (evidence/api/wb_SP_POP_TOTL_2001-2022_retrieved_2026-10-07.json); retrieved 2026-10-07.,2026-10-07
CHL,2003,population,16024752,WB_SP_POP_TOTL,"World Bank, World Development Indicators (SP.POP.TOTL), sourced from UN World Population Prospects and national statistical offices",https://api.worldbank.org/v2/country/all/indicator/SP.POP.TOTL,evidence/api/wb_SP_POP_TOTL_2001-2022_retrieved_2026-10-07.json,Mid-year,A,annual,,,Read directly from the archived API response (evidence/api/wb_SP_POP_TOTL_2001-2022_retrieved_2026-10-07.json); retrieved 2026-10-07.,2026-10-07
CHL,2004,population,16187322,WB_SP_POP_TOTL,"World Bank, World Development Indicators (SP.POP.TOTL), sourced from UN World Population Prospects and national statistical offices",https://api.worldbank.org/v2/country/all/indicator/SP.POP.TOTL,evidence/api/wb_SP_POP_TOTL_2001-2022_retrieved_2026-10-07.json,Mid-year,A,annual,,,Read directly from the archived API response (evidence/api/wb_SP_POP_TOTL_2001-2022_retrieved_2026-10-07.json); retrieved 2026-10-07.,2026-10-07
CHL,2005,population,16348778,WB_SP_POP_TOTL,"World Bank, World Development Indicators (SP.POP.TOTL), sourced from UN World Population Prospects and national statistical offices",https://api.worldbank.org/v2/country/all/indicator/SP.POP.TOTL,evidence/api/wb_SP_POP_TOTL_2001-2022_retrieved_2026-10-07.json,Mid-year,A,annual,,,Read directly from the archived API response (evidence/api/wb_SP_POP_TOTL_2001-2022_retrieved_2026-10-07.json); retrieved 2026-10-07.,2026-10-07
CHL,2006,population,16509195,WB_SP_POP_TOTL,"World Bank, World Development Indicators (SP.POP.TOTL), sourced from UN World Population Prospects and national statistical offices",https://api.worldbank.org/v2/country/all/indicator/SP.POP.TOTL,evidence/api/wb_SP_POP_TOTL_2001-2022_retrieved_2026-10-07.json,Mid-year,A,annual,,,Read directly from the archived API response (evidence/api/wb_SP_POP_TOTL_2001-2022_retrieved_2026-10-07.json); retrieved 2026-10-07.,2026-10-07
CHL,2007,population,16671581,WB_SP_POP_TOTL,"World Bank, World Development Indicators (SP.POP.TOTL), sourced from UN World Population Prospects and national statistical offices",https://api.worldbank.org/v2/country/all/indicator/SP.POP.TOTL,evidence/api/wb_SP_POP_TOTL_2001-2022_retrieved_2026-10-07.json,Mid-year,A,annual,,,Read directly from the archived API response (evidence/api/wb_SP_POP_TOTL_2001-2022_retrieved_2026-10-07.json); retrieved 2026-10-07.,2026-10-07
CHL,2008,population,16838988,WB_SP_POP_TOTL,"World Bank, World Development Indicators (SP.POP.TOTL), sourced from UN World Population Prospects and national statistical offices",https://api.worldbank.org/v2/country/all/indicator/SP.POP.TOTL,evidence/api/wb_SP_POP_TOTL_2001-2022_retrieved_2026-10-07.json,Mid-year,A,annual,,,Read directly from the archived API response (evidence/api/wb_SP_POP_TOTL_2001-2022_retrieved_2026-10-07.json); retrieved 2026-10-07.,2026-10-07
CHL,2009,population,17009731,WB_SP_POP_TOTL,"World Bank, World Development Indicators (SP.POP.TOTL), sourced from UN World Population Prospects and national statistical offices",https://api.worldbank.org/v2/country/all/indicator/SP.POP.TOTL,evidence/api/wb_SP_POP_TOTL_2001-2022_retrieved_2026-10-07.json,Mid-year,A,annual,,,Read directly from the archived API response (evidence/api/wb_SP_POP_TOTL_2001-2022_retrieved_2026-10-07.json); retrieved 2026-10-07.,2026-10-07
CHN,2001,population,1271850000,WB_SP_POP_TOTL,"World Bank, World Development Indicators (SP.POP.TOTL), sourced from UN World Population Prospects and national statistical offices",https://api.worldbank.org/v2/country/all/indicator/SP.POP.TOTL,evidence/api/wb_SP_POP_TOTL_2001-2022_retrieved_2026-10-07.json,Mid-year,A,annual,,,Read directly from the archived API response (evidence/api/wb_SP_POP_TOTL_2001-2022_retrieved_2026-10-07.json); retrieved 2026-10-07.,2026-10-07
CHN,2002,population,1280400000,WB_SP_POP_TOTL,"World Bank, World Development Indicators (SP.POP.TOTL), sourced from UN World Population Prospects and national statistical offices",https://api.worldbank.org/v2/country/all/indicator/SP.POP.TOTL,evidence/api/wb_SP_POP_TOTL_2001-2022_retrieved_2026-10-07.json,Mid-year,A,annual,,,Read directly from the archived API response (evidence/api/wb_SP_POP_TOTL_2001-2022_retrieved_2026-10-07.json); retrieved 2026-10-07.,2026-10-07
CHN,2003,population,1288400000,WB_SP_POP_TOTL,"World Bank, World Development Indicators (SP.POP.TOTL), sourced from UN World Population Prospects and national statistical offices",https://api.worldbank.org/v2/country/all/indicator/SP.POP.TOTL,evidence/api/wb_SP_POP_TOTL_2001-2022_retrieved_2026-10-07.json,Mid-year,A,annual,,,Read directly from the archived API response (evidence/api/wb_SP_POP_TOTL_2001-2022_retrieved_2026-10-07.json); retrieved 2026-10-07.,2026-10-07
CHN,2004,population,1296075000,WB_SP_POP_TOTL,"World Bank, World Development Indicators (SP.POP.TOTL), sourced from UN World Population Prospects and national statistical offices",https://api.worldbank.org/v2/country/all/indicator/SP.POP.TOTL,evidence/api/wb_SP_POP_TOTL_2001-2022_retrieved_2026-10-07.json,Mid-year,A,annual,,,Read directly from the archived API response (evidence/api/wb_SP_POP_TOTL_2001-2022_retrieved_2026-10-07.json); retrieved 2026-10-07.,2026-10-07
CHN,2005,population,1303720000,WB_SP_POP_TOTL,"World Bank, World Development Indicators (SP.POP.TOTL), sourced from UN World Population Prospects and national statistical offices",https://api.worldbank.org/v2/country/all/indicator/SP.POP.TOTL,evidence/api/wb_SP_POP_TOTL_2001-2022_retrieved_2026-10-07.json,Mid-year,A,annual,,,Read directly from the archived API response (evidence/api/wb_SP_POP_TOTL_2001-2022_retrieved_2026-10-07.json); retrieved 2026-10-07.,2026-10-07
CHN,2006,population,1311020000,WB_SP_POP_TOTL,"World Bank, World Development Indicators (SP.POP.TOTL), sourced from UN World Population Prospects and national statistical offices",https://api.worldbank.org/v2/country/all/indicator/SP.POP.TOTL,evidence/api/wb_SP_POP_TOTL_2001-2022_retrieved_2026-10-07.json,Mid-year,A,annual,,,Read directly from the archived API response (evidence/api/wb_SP_POP_TOTL_2001-2022_retrieved_2026-10-07.json); retrieved 2026-10-07.,2026-10-07
CHN,2007,population,1317885000,WB_SP_POP_TOTL,"World Bank, World Development Indicators (SP.POP.TOTL), sourced from UN World Population Prospects and national statistical offices",https://api.worldbank.org/v2/country/all/indicator/SP.POP.TOTL,evidence/api/wb_SP_POP_TOTL_2001-2022_retrieved_2026-10-07.json,Mid-year,A,annual,,,Read directly from the archived API response (evidence/api/wb_SP_POP_TOTL_2001-2022_retrieved_2026-10-07.json); retrieved 2026-10-07.,2026-10-07
CHN,2008,population,1324655000,WB_SP_POP_TOTL,"World Bank, World Development Indicators (SP.POP.TOTL), sourced from UN World Population Prospects and national statistical offices",https://api.worldbank.org/v2/country/all/indicator/SP.POP.TOTL,evidence/api/wb_SP_POP_TOTL_2001-2022_retrieved_2026-10-07.json,Mid-year,A,annual,,,Read directly from the archived API response (evidence/api/wb_SP_POP_TOTL_2001-2022_retrieved_2026-10-07.json); retrieved 2026-10-07.,2026-10-07
CHN,2009,population,1331260000,WB_SP_POP_TOTL,"World Bank, World Development Indicators (SP.POP.TOTL), sourced from UN World Population Prospects and national statistical offices",https://api.worldbank.org/v2/country/all/indicator/SP.POP.TOTL,evidence/api/wb_SP_POP_TOTL_2001-2022_retrieved_2026-10-07.json,Mid-year,A,annual,,,Read directly from the archived API response (evidence/api/wb_SP_POP_TOTL_2001-2022_retrieved_2026-10-07.json); retrieved 2026-10-07.,2026-10-07
CZE,2001,population,10216605,WB_SP_POP_TOTL,"World Bank, World Development Indicators (SP.POP.TOTL), sourced from UN World Population Prospects and national statistical offices",https://api.worldbank.org/v2/country/all/indicator/SP.POP.TOTL,evidence/api/wb_SP_POP_TOTL_2001-2022_retrieved_2026-10-07.json,Mid-year,A,annual,,,Read directly from the archived API response (evidence/api/wb_SP_POP_TOTL_2001-2022_retrieved_2026-10-07.json); retrieved 2026-10-07.,2026-10-07
CZE,2002,population,10196916,WB_SP_POP_TOTL,"World Bank, World Development Indicators (SP.POP.TOTL), sourced from UN World Population Prospects and national statistical offices",https://api.worldbank.org/v2/country/all/indicator/SP.POP.TOTL,evidence/api/wb_SP_POP_TOTL_2001-2022_retrieved_2026-10-07.json,Mid-year,A,annual,,,Read directly from the archived API response (evidence/api/wb_SP_POP_TOTL_2001-2022_retrieved_2026-10-07.json); retrieved 2026-10-07.,2026-10-07
CZE,2003,population,10193998,WB_SP_POP_TOTL,"World Bank, World Development Indicators (SP.POP.TOTL), sourced from UN World Population Prospects and national statistical offices",https://api.worldbank.org/v2/country/all/indicator/SP.POP.TOTL,evidence/api/wb_SP_POP_TOTL_2001-2022_retrieved_2026-10-07.json,Mid-year,A,annual,,,Read directly from the archived API response (evidence/api/wb_SP_POP_TOTL_2001-2022_retrieved_2026-10-07.json); retrieved 2026-10-07.,2026-10-07
CZE,2004,population,10197101,WB_SP_POP_TOTL,"World Bank, World Development Indicators (SP.POP.TOTL), sourced from UN World Population Prospects and national statistical offices",https://api.worldbank.org/v2/country/all/indicator/SP.POP.TOTL,evidence/api/wb_SP_POP_TOTL_2001-2022_retrieved_2026-10-07.json,Mid-year,A,annual,,,Read directly from the archived API response (evidence/api/wb_SP_POP_TOTL_2001-2022_retrieved_2026-10-07.json); retrieved 2026-10-07.,2026-10-07
CZE,2005,population,10211216,WB_SP_POP_TOTL,"World Bank, World Development Indicators (SP.POP.TOTL), sourced from UN World Population Prospects and national statistical offices",https://api.worldbank.org/v2/country/all/indicator/SP.POP.TOTL,evidence/api/wb_SP_POP_TOTL_2001-2022_retrieved_2026-10-07.json,Mid-year,A,annual,,,Read directly from the archived API response (evidence/api/wb_SP_POP_TOTL_2001-2022_retrieved_2026-10-07.json); retrieved 2026-10-07.,2026-10-07
CZE,2006,population,10238905,WB_SP_POP_TOTL,"World Bank, World Development Indicators (SP.POP.TOTL), sourced from UN World Population Prospects and national statistical offices",https://api.worldbank.org/v2/country/all/indicator/SP.POP.TOTL,evidence/api/wb_SP_POP_TOTL_2001-2022_retrieved_2026-10-07.json,Mid-year,A,annual,,,Read directly from the archived API response (evidence/api/wb_SP_POP_TOTL_2001-2022_retrieved_2026-10-07.json); retrieved 2026-10-07.,2026-10-07
CZE,2007,population,10298828,WB_SP_POP_TOTL,"World Bank, World Development Indicators (SP.POP.TOTL), sourced from UN World Population Prospects and national statistical offices",https://api.worldbank.org/v2/country/all/indicator/SP.POP.TOTL,evidence/api/wb_SP_POP_TOTL_2001-2022_retrieved_2026-10-07.json,Mid-year,A,annual,,,Read directly from the archived API response (evidence/api/wb_SP_POP_TOTL_2001-2022_retrieved_2026-10-07.json); retrieved 2026-10-07.,2026-10-07
CZE,2008,population,10384603,WB_SP_POP_TOTL,"World Bank, World Development Indicators (SP.POP.TOTL), sourced from UN World Population Prospects and national statistical offices",https://api.worldbank.org/v2/country/all/indicator/SP.POP.TOTL,evidence/api/wb_SP_POP_TOTL_2001-2022_retrieved_2026-10-07.json,Mid-year,A,annual,,,Read directly from the archived API response (evidence/api/wb_SP_POP_TOTL_2001-2022_retrieved_2026-10-07.json); retrieved 2026-10-07.,2026-10-07
CZE,2009,population,10443936,WB_SP_POP_TOTL,"World Bank, World Development Indicators (SP.POP.TOTL), sourced from UN World Population Prospects and national statistical offices",https://api.worldbank.org/v2/country/all/indicator/SP.POP.TOTL,evidence/api/wb_SP_POP_TOTL_2001-2022_retrieved_2026-10-07.json,Mid-year,A,annual,,,Read directly from the archived API response (evidence/api/wb_SP_POP_TOTL_2001-2022_retrieved_2026-10-07.json); retrieved 2026-10-07.,2026-10-07
DEU,2001,population,82349925,WB_SP_POP_TOTL,"World Bank, World Development Indicators (SP.POP.TOTL), sourced from UN World Population Prospects and national statistical offices",https://api.worldbank.org/v2/country/all/indicator/SP.POP.TOTL,evidence/api/wb_SP_POP_TOTL_2001-2022_retrieved_2026-10-07.json,Mid-year,A,annual,,,Read directly from the archived API response (evidence/api/wb_SP_POP_TOTL_2001-2022_retrieved_2026-10-07.json); retrieved 2026-10-07.,2026-10-07
DEU,2002,population,82488495,WB_SP_POP_TOTL,"World Bank, World Development Indicators (SP.POP.TOTL), sourced from UN World Population Prospects and national statistical offices",https://api.worldbank.org/v2/country/all/indicator/SP.POP.TOTL,evidence/api/wb_SP_POP_TOTL_2001-2022_retrieved_2026-10-07.json,Mid-year,A,annual,,,Read directly from the archived API response (evidence/api/wb_SP_POP_TOTL_2001-2022_retrieved_2026-10-07.json); retrieved 2026-10-07.,2026-10-07
DEU,2003,population,82534176,WB_SP_POP_TOTL,"World Bank, World Development Indicators (SP.POP.TOTL), sourced from UN World Population Prospects and national statistical offices",https://api.worldbank.org/v2/country/all/indicator/SP.POP.TOTL,evidence/api/wb_SP_POP_TOTL_2001-2022_retrieved_2026-10-07.json,Mid-year,A,annual,,,Read directly from the archived API response (evidence/api/wb_SP_POP_TOTL_2001-2022_retrieved_2026-10-07.json); retrieved 2026-10-07.,2026-10-07
DEU,2004,population,82516260,WB_SP_POP_TOTL,"World Bank, World Development Indicators (SP.POP.TOTL), sourced from UN World Population Prospects and national statistical offices",https://api.worldbank.org/v2/country/all/indicator/SP.POP.TOTL,evidence/api/wb_SP_POP_TOTL_2001-2022_retrieved_2026-10-07.json,Mid-year,A,annual,,,Read directly from the archived API response (evidence/api/wb_SP_POP_TOTL_2001-2022_retrieved_2026-10-07.json); retrieved 2026-10-07.,2026-10-07
DEU,2005,population,82469422,WB_SP_POP_TOTL,"World Bank, World Development Indicators (SP.POP.TOTL), sourced from UN World Population Prospects and national statistical offices",https://api.worldbank.org/v2/country/all/indicator/SP.POP.TOTL,evidence/api/wb_SP_POP_TOTL_2001-2022_retrieved_2026-10-07.json,Mid-year,A,annual,,,Read directly from the archived API response (evidence/api/wb_SP_POP_TOTL_2001-2022_retrieved_2026-10-07.json); retrieved 2026-10-07.,2026-10-07
DEU,2006,population,82376451,WB_SP_POP_TOTL,"World Bank, World Development Indicators (SP.POP.TOTL), sourced from UN World Population Prospects and national statistical offices",https://api.worldbank.org/v2/country/all/indicator/SP.POP.TOTL,evidence/api/wb_SP_POP_TOTL_2001-2022_retrieved_2026-10-07.json,Mid-year,A,annual,,,Read directly from the archived API response (evidence/api/wb_SP_POP_TOTL_2001-2022_retrieved_2026-10-07.json); retrieved 2026-10-07.,2026-10-07
DEU,2007,population,82266372,WB_SP_POP_TOTL,"World Bank, World Development Indicators (SP.POP.TOTL), sourced from UN World Population Prospects and national statistical offices",https://api.worldbank.org/v2/country/all/indicator/SP.POP.TOTL,evidence/api/wb_SP_POP_TOTL_2001-2022_retrieved_2026-10-07.json,Mid-year,A,annual,,,Read directly from the archived API response (evidence/api/wb_SP_POP_TOTL_2001-2022_retrieved_2026-10-07.json); retrieved 2026-10-07.,2026-10-07
DEU,2008,population,82110097,WB_SP_POP_TOTL,"World Bank, World Development Indicators (SP.POP.TOTL), sourced from UN World Population Prospects and national statistical offices",https://api.worldbank.org/v2/country/all/indicator/SP.POP.TOTL,evidence/api/wb_SP_POP_TOTL_2001-2022_retrieved_2026-10-07.json,Mid-year,A,annual,,,Read directly from the archived API response (evidence/api/wb_SP_POP_TOTL_2001-2022_retrieved_2026-10-07.json); retrieved 2026-10-07.,2026-10-07
DEU,2009,population,81902307,WB_SP_POP_TOTL,"World Bank, World Development Indicators (SP.POP.TOTL), sourced from UN World Population Prospects and national statistical offices",https://api.worldbank.org/v2/country/all/indicator/SP.POP.TOTL,evidence/api/wb_SP_POP_TOTL_2001-2022_retrieved_2026-10-07.json,Mid-year,A,annual,,,Read directly from the archived API response (evidence/api/wb_SP_POP_TOTL_2001-2022_retrieved_2026-10-07.json); retrieved 2026-10-07.,2026-10-07
DNK,2001,population,5358783,WB_SP_POP_TOTL,"World Bank, World Development Indicators (SP.POP.TOTL), sourced from UN World Population Prospects and national statistical offices",https://api.worldbank.org/v2/country/all/indicator/SP.POP.TOTL,evidence/api/wb_SP_POP_TOTL_2001-2022_retrieved_2026-10-07.json,Mid-year,A,annual,,,Read directly from the archived API response (evidence/api/wb_SP_POP_TOTL_2001-2022_retrieved_2026-10-07.json); retrieved 2026-10-07.,2026-10-07
DNK,2002,population,5375931,WB_SP_POP_TOTL,"World Bank, World Development Indicators (SP.POP.TOTL), sourced from UN World Population Prospects and national statistical offices",https://api.worldbank.org/v2/country/all/indicator/SP.POP.TOTL,evidence/api/wb_SP_POP_TOTL_2001-2022_retrieved_2026-10-07.json,Mid-year,A,annual,,,Read directly from the archived API response (evidence/api/wb_SP_POP_TOTL_2001-2022_retrieved_2026-10-07.json); retrieved 2026-10-07.,2026-10-07
DNK,2003,population,5390574,WB_SP_POP_TOTL,"World Bank, World Development Indicators (SP.POP.TOTL), sourced from UN World Population Prospects and national statistical offices",https://api.worldbank.org/v2/country/all/indicator/SP.POP.TOTL,evidence/api/wb_SP_POP_TOTL_2001-2022_retrieved_2026-10-07.json,Mid-year,A,annual,,,Read directly from the archived API response (evidence/api/wb_SP_POP_TOTL_2001-2022_retrieved_2026-10-07.json); retrieved 2026-10-07.,2026-10-07
DNK,2004,population,5404523,WB_SP_POP_TOTL,"World Bank, World Development Indicators (SP.POP.TOTL), sourced from UN World Population Prospects and national statistical offices",https://api.worldbank.org/v2/country/all/indicator/SP.POP.TOTL,evidence/api/wb_SP_POP_TOTL_2001-2022_retrieved_2026-10-07.json,Mid-year,A,annual,,,Read directly from the archived API response (evidence/api/wb_SP_POP_TOTL_2001-2022_retrieved_2026-10-07.json); retrieved 2026-10-07.,2026-10-07
DNK,2005,population,5419432,WB_SP_POP_TOTL,"World Bank, World Development Indicators (SP.POP.TOTL), sourced from UN World Population Prospects and national statistical offices",https://api.worldbank.org/v2/country/all/indicator/SP.POP.TOTL,evidence/api/wb_SP_POP_TOTL_2001-2022_retrieved_2026-10-07.json,Mid-year,A,annual,,,Read directly from the archived API response (evidence/api/wb_SP_POP_TOTL_2001-2022_retrieved_2026-10-07.json); retrieved 2026-10-07.,2026-10-07
DNK,2006,population,5437272,WB_SP_POP_TOTL,"World Bank, World Development Indicators (SP.POP.TOTL), sourced from UN World Population Prospects and national statistical offices",https://api.worldbank.org/v2/country/all/indicator/SP.POP.TOTL,evidence/api/wb_SP_POP_TOTL_2001-2022_retrieved_2026-10-07.json,Mid-year,A,annual,,,Read directly from the archived API response (evidence/api/wb_SP_POP_TOTL_2001-2022_retrieved_2026-10-07.json); retrieved 2026-10-07.,2026-10-07
DNK,2007,population,5461438,WB_SP_POP_TOTL,"World Bank, World Development Indicators (SP.POP.TOTL), sourced from UN World Population Prospects and national statistical offices",https://api.worldbank.org/v2/country/all/indicator/SP.POP.TOTL,evidence/api/wb_SP_POP_TOTL_2001-2022_retrieved_2026-10-07.json,Mid-year,A,annual,,,Read directly from the archived API response (evidence/api/wb_SP_POP_TOTL_2001-2022_retrieved_2026-10-07.json); retrieved 2026-10-07.,2026-10-07
DNK,2008,population,5493621,WB_SP_POP_TOTL,"World Bank, World Development Indicators (SP.POP.TOTL), sourced from UN World Population Prospects and national statistical offices",https://api.worldbank.org/v2/country/all/indicator/SP.POP.TOTL,evidence/api/wb_SP_POP_TOTL_2001-2022_retrieved_2026-10-07.json,Mid-year,A,annual,,,Read directly from the archived API response (evidence/api/wb_SP_POP_TOTL_2001-2022_retrieved_2026-10-07.json); retrieved 2026-10-07.,2026-10-07
DNK,2009,population,5523095,WB_SP_POP_TOTL,"World Bank, World Development Indicators (SP.POP.TOTL), sourced from UN World Population Prospects and national statistical offices",https://api.worldbank.org/v2/country/all/indicator/SP.POP.TOTL,evidence/api/wb_SP_POP_TOTL_2001-2022_retrieved_2026-10-07.json,Mid-year,A,annual,,,Read directly from the archived API response (evidence/api/wb_SP_POP_TOTL_2001-2022_retrieved_2026-10-07.json); retrieved 2026-10-07.,2026-10-07
ESP,2001,population,40850412,WB_SP_POP_TOTL,"World Bank, World Development Indicators (SP.POP.TOTL), sourced from UN World Population Prospects and national statistical offices",https://api.worldbank.org/v2/country/all/indicator/SP.POP.TOTL,evidence/api/wb_SP_POP_TOTL_2001-2022_retrieved_2026-10-07.json,Mid-year,A,annual,,,Read directly from the archived API response (evidence/api/wb_SP_POP_TOTL_2001-2022_retrieved_2026-10-07.json); retrieved 2026-10-07.,2026-10-07
ESP,2002,population,41431558,WB_SP_POP_TOTL,"World Bank, World Development Indicators (SP.POP.TOTL), sourced from UN World Population Prospects and national statistical offices",https://api.worldbank.org/v2/country/all/indicator/SP.POP.TOTL,evidence/api/wb_SP_POP_TOTL_2001-2022_retrieved_2026-10-07.json,Mid-year,A,annual,,,Read directly from the archived API response (evidence/api/wb_SP_POP_TOTL_2001-2022_retrieved_2026-10-07.json); retrieved 2026-10-07.,2026-10-07
ESP,2003,population,42187645,WB_SP_POP_TOTL,"World Bank, World Development Indicators (SP.POP.TOTL), sourced from UN World Population Prospects and national statistical offices",https://api.worldbank.org/v2/country/all/indicator/SP.POP.TOTL,evidence/api/wb_SP_POP_TOTL_2001-2022_retrieved_2026-10-07.json,Mid-year,A,annual,,,Read directly from the archived API response (evidence/api/wb_SP_POP_TOTL_2001-2022_retrieved_2026-10-07.json); retrieved 2026-10-07.,2026-10-07
ESP,2004,population,42921895,WB_SP_POP_TOTL,"World Bank, World Development Indicators (SP.POP.TOTL), sourced from UN World Population Prospects and national statistical offices",https://api.worldbank.org/v2/country/all/indicator/SP.POP.TOTL,evidence/api/wb_SP_POP_TOTL_2001-2022_retrieved_2026-10-07.json,Mid-year,A,annual,,,Read directly from the archived API response (evidence/api/wb_SP_POP_TOTL_2001-2022_retrieved_2026-10-07.json); retrieved 2026-10-07.,2026-10-07
ESP,2005,population,43653155,WB_SP_POP_TOTL,"World Bank, World Development Indicators (SP.POP.TOTL), sourced from UN World Population Prospects and national statistical offices",https://api.worldbank.org/v2/country/all/indicator/SP.POP.TOTL,evidence/api/wb_SP_POP_TOTL_2001-2022_retrieved_2026-10-07.json,Mid-year,A,annual,,,Read directly from the archived API response (evidence/api/wb_SP_POP_TOTL_2001-2022_retrieved_2026-10-07.json); retrieved 2026-10-07.,2026-10-07
ESP,2006,population,44397319,WB_SP_POP_TOTL,"World Bank, World Development Indicators (SP.POP.TOTL), sourced from UN World Population Prospects and national statistical offices",https://api.worldbank.org/v2/country/all/indicator/SP.POP.TOTL,evidence/api/wb_SP_POP_TOTL_2001-2022_retrieved_2026-10-07.json,Mid-year,A,annual,,,Read directly from the archived API response (evidence/api/wb_SP_POP_TOTL_2001-2022_retrieved_2026-10-07.json); retrieved 2026-10-07.,2026-10-07
ESP,2007,population,45226803,WB_SP_POP_TOTL,"World Bank, World Development Indicators (SP.POP.TOTL), sourced from UN World Population Prospects and national statistical offices",https://api.worldbank.org/v2/country/all/indicator/SP.POP.TOTL,evidence/api/wb_SP_POP_TOTL_2001-2022_retrieved_2026-10-07.json,Mid-year,A,annual,,,Read directly from the archived API response (evidence/api/wb_SP_POP_TOTL_2001-2022_retrieved_2026-10-07.json); retrieved 2026-10-07.,2026-10-07
ESP,2008,population,45954106,WB_SP_POP_TOTL,"World Bank, World Development Indicators (SP.POP.TOTL), sourced from UN World Population Prospects and national statistical offices",https://api.worldbank.org/v2/country/all/indicator/SP.POP.TOTL,evidence/api/wb_SP_POP_TOTL_2001-2022_retrieved_2026-10-07.json,Mid-year,A,annual,,,Read directly from the archived API response (evidence/api/wb_SP_POP_TOTL_2001-2022_retrieved_2026-10-07.json); retrieved 2026-10-07.,2026-10-07
ESP,2009,population,46362946,WB_SP_POP_TOTL,"World Bank, World Development Indicators (SP.POP.TOTL), sourced from UN World Population Prospects and national statistical offices",https://api.worldbank.org/v2/country/all/indicator/SP.POP.TOTL,evidence/api/wb_SP_POP_TOTL_2001-2022_retrieved_2026-10-07.json,Mid-year,A,annual,,,Read directly from the archived API response (evidence/api/wb_SP_POP_TOTL_2001-2022_retrieved_2026-10-07.json); retrieved 2026-10-07.,2026-10-07
FIN,2001,population,5188008,WB_SP_POP_TOTL,"World Bank, World Development Indicators (SP.POP.TOTL), sourced from UN World Population Prospects and national statistical offices",https://api.worldbank.org/v2/country/all/indicator/SP.POP.TOTL,evidence/api/wb_SP_POP_TOTL_2001-2022_retrieved_2026-10-07.json,Mid-year,A,annual,,,Read directly from the archived API response (evidence/api/wb_SP_POP_TOTL_2001-2022_retrieved_2026-10-07.json); retrieved 2026-10-07.,2026-10-07
FIN,2002,population,5200598,WB_SP_POP_TOTL,"World Bank, World Development Indicators (SP.POP.TOTL), sourced from UN World Population Prospects and national statistical offices",https://api.worldbank.org/v2/country/all/indicator/SP.POP.TOTL,evidence/api/wb_SP_POP_TOTL_2001-2022_retrieved_2026-10-07.json,Mid-year,A,annual,,,Read directly from the archived API response (evidence/api/wb_SP_POP_TOTL_2001-2022_retrieved_2026-10-07.json); retrieved 2026-10-07.,2026-10-07
FIN,2003,population,5213014,WB_SP_POP_TOTL,"World Bank, World Development Indicators (SP.POP.TOTL), sourced from UN World Population Prospects and national statistical offices",https://api.worldbank.org/v2/country/all/indicator/SP.POP.TOTL,evidence/api/wb_SP_POP_TOTL_2001-2022_retrieved_2026-10-07.json,Mid-year,A,annual,,,Read directly from the archived API response (evidence/api/wb_SP_POP_TOTL_2001-2022_retrieved_2026-10-07.json); retrieved 2026-10-07.,2026-10-07
FIN,2004,population,5228172,WB_SP_POP_TOTL,"World Bank, World Development Indicators (SP.POP.TOTL), sourced from UN World Population Prospects and national statistical offices",https://api.worldbank.org/v2/country/all/indicator/SP.POP.TOTL,evidence/api/wb_SP_POP_TOTL_2001-2022_retrieved_2026-10-07.json,Mid-year,A,annual,,,Read directly from the archived API response (evidence/api/wb_SP_POP_TOTL_2001-2022_retrieved_2026-10-07.json); retrieved 2026-10-07.,2026-10-07
FIN,2005,population,5246096,WB_SP_POP_TOTL,"World Bank, World Development Indicators (SP.POP.TOTL), sourced from UN World Population Prospects and national statistical offices",https://api.worldbank.org/v2/country/all/indicator/SP.POP.TOTL,evidence/api/wb_SP_POP_TOTL_2001-2022_retrieved_2026-10-07.json,Mid-year,A,annual,,,Read directly from the archived API response (evidence/api/wb_SP_POP_TOTL_2001-2022_retrieved_2026-10-07.json); retrieved 2026-10-07.,2026-10-07
FIN,2006,population,5266268,WB_SP_POP_TOTL,"World Bank, World Development Indicators (SP.POP.TOTL), sourced from UN World Population Prospects and national statistical offices",https://api.worldbank.org/v2/country/all/indicator/SP.POP.TOTL,evidence/api/wb_SP_POP_TOTL_2001-2022_retrieved_2026-10-07.json,Mid-year,A,annual,,,Read directly from the archived API response (evidence/api/wb_SP_POP_TOTL_2001-2022_retrieved_2026-10-07.json); retrieved 2026-10-07.,2026-10-07
FIN,2007,population,5288720,WB_SP_POP_TOTL,"World Bank, World Development Indicators (SP.POP.TOTL), sourced from UN World Population Prospects and national statistical offices",https://api.worldbank.org/v2/country/all/indicator/SP.POP.TOTL,evidence/api/wb_SP_POP_TOTL_2001-2022_retrieved_2026-10-07.json,Mid-year,A,annual,,,Read directly from the archived API response (evidence/api/wb_SP_POP_TOTL_2001-2022_retrieved_2026-10-07.json); retrieved 2026-10-07.,2026-10-07
FIN,2008,population,5313399,WB_SP_POP_TOTL,"World Bank, World Development Indicators (SP.POP.TOTL), sourced from UN World Population Prospects and national statistical offices",https://api.worldbank.org/v2/country/all/indicator/SP.POP.TOTL,evidence/api/wb_SP_POP_TOTL_2001-2022_retrieved_2026-10-07.json,Mid-year,A,annual,,,Read directly from the archived API response (evidence/api/wb_SP_POP_TOTL_2001-2022_retrieved_2026-10-07.json); retrieved 2026-10-07.,2026-10-07
FIN,2009,population,5338871,WB_SP_POP_TOTL,"World Bank, World Development Indicators (SP.POP.TOTL), sourced from UN World Population Prospects and national statistical offices",https://api.worldbank.org/v2/country/all/indicator/SP.POP.TOTL,evidence/api/wb_SP_POP_TOTL_2001-2022_retrieved_2026-10-07.json,Mid-year,A,annual,,,Read directly from the archived API response (evidence/api/wb_SP_POP_TOTL_2001-2022_retrieved_2026-10-07.json); retrieved 2026-10-07.,2026-10-07
FRA,2001,population,61364377,WB_SP_POP_TOTL,"World Bank, World Development Indicators (SP.POP.TOTL), sourced from UN World Population Prospects and national statistical offices",https://api.worldbank.org/v2/country/all/indicator/SP.POP.TOTL,evidence/api/wb_SP_POP_TOTL_2001-2022_retrieved_2026-10-07.json,Mid-year,A,annual,,,Read directly from the archived API response (evidence/api/wb_SP_POP_TOTL_2001-2022_retrieved_2026-10-07.json); retrieved 2026-10-07.,2026-10-07
FRA,2002,population,61812142,WB_SP_POP_TOTL,"World Bank, World Development Indicators (SP.POP.TOTL), sourced from UN World Population Prospects and national statistical offices",https://api.worldbank.org/v2/country/all/indicator/SP.POP.TOTL,evidence/api/wb_SP_POP_TOTL_2001-2022_retrieved_2026-10-07.json,Mid-year,A,annual,,,Read directly from the archived API response (evidence/api/wb_SP_POP_TOTL_2001-2022_retrieved_2026-10-07.json); retrieved 2026-10-07.,2026-10-07
FRA,2003,population,62249855,WB_SP_POP_TOTL,"World Bank, World Development Indicators (SP.POP.TOTL), sourced from UN World Population Prospects and national statistical offices",https://api.worldbank.org/v2/country/all/indicator/SP.POP.TOTL,evidence/api/wb_SP_POP_TOTL_2001-2022_retrieved_2026-10-07.json,Mid-year,A,annual,,,Read directly from the archived API response (evidence/api/wb_SP_POP_TOTL_2001-2022_retrieved_2026-10-07.json); retrieved 2026-10-07.,2026-10-07
FRA,2004,population,62707588,WB_SP_POP_TOTL,"World Bank, World Development Indicators (SP.POP.TOTL), sourced from UN World Population Prospects and national statistical offices",https://api.worldbank.org/v2/country/all/indicator/SP.POP.TOTL,evidence/api/wb_SP_POP_TOTL_2001-2022_retrieved_2026-10-07.json,Mid-year,A,annual,,,Read directly from the archived API response (evidence/api/wb_SP_POP_TOTL_2001-2022_retrieved_2026-10-07.json); retrieved 2026-10-07.,2026-10-07
FRA,2005,population,63180854,WB_SP_POP_TOTL,"World Bank, World Development Indicators (SP.POP.TOTL), sourced from UN World Population Prospects and national statistical offices",https://api.worldbank.org/v2/country/all/indicator/SP.POP.TOTL,evidence/api/wb_SP_POP_TOTL_2001-2022_retrieved_2026-10-07.json,Mid-year,A,annual,,,Read directly from the archived API response (evidence/api/wb_SP_POP_TOTL_2001-2022_retrieved_2026-10-07.json); retrieved 2026-10-07.,2026-10-07
FRA,2006,population,63622342,WB_SP_POP_TOTL,"World Bank, World Development Indicators (SP.POP.TOTL), sourced from UN World Population Prospects and national statistical offices",https://api.worldbank.org/v2/country/all/indicator/SP.POP.TOTL,evidence/api/wb_SP_POP_TOTL_2001-2022_retrieved_2026-10-07.json,Mid-year,A,annual,,,Read directly from the archived API response (evidence/api/wb_SP_POP_TOTL_2001-2022_retrieved_2026-10-07.json); retrieved 2026-10-07.,2026-10-07
FRA,2007,population,64016890,WB_SP_POP_TOTL,"World Bank, World Development Indicators (SP.POP.TOTL), sourced from UN World Population Prospects and national statistical offices",https://api.worldbank.org/v2/country/all/indicator/SP.POP.TOTL,evidence/api/wb_SP_POP_TOTL_2001-2022_retrieved_2026-10-07.json,Mid-year,A,annual,,,Read directly from the archived API response (evidence/api/wb_SP_POP_TOTL_2001-2022_retrieved_2026-10-07.json); retrieved 2026-10-07.,2026-10-07
FRA,2008,population,64375116,WB_SP_POP_TOTL,"World Bank, World Development Indicators (SP.POP.TOTL), sourced from UN World Population Prospects and national statistical offices",https://api.worldbank.org/v2/country/all/indicator/SP.POP.TOTL,evidence/api/wb_SP_POP_TOTL_2001-2022_retrieved_2026-10-07.json,Mid-year,A,annual,,,Read directly from the archived API response (evidence/api/wb_SP_POP_TOTL_2001-2022_retrieved_2026-10-07.json); retrieved 2026-10-07.,2026-10-07
FRA,2009,population,64706436,WB_SP_POP_TOTL,"World Bank, World Development Indicators (SP.POP.TOTL), sourced from UN World Population Prospects and national statistical offices",https://api.worldbank.org/v2/country/all/indicator/SP.POP.TOTL,evidence/api/wb_SP_POP_TOTL_2001-2022_retrieved_2026-10-07.json,Mid-year,A,annual,,,Read directly from the archived API response (evidence/api/wb_SP_POP_TOTL_2001-2022_retrieved_2026-10-07.json); retrieved 2026-10-07.,2026-10-07
GBR,2001,population,59119673,WB_SP_POP_TOTL,"World Bank, World Development Indicators (SP.POP.TOTL), sourced from UN World Population Prospects and national statistical offices",https://api.worldbank.org/v2/country/all/indicator/SP.POP.TOTL,evidence/api/wb_SP_POP_TOTL_2001-2022_retrieved_2026-10-07.json,Mid-year,A,annual,,,Read directly from the archived API response (evidence/api/wb_SP_POP_TOTL_2001-2022_retrieved_2026-10-07.json); retrieved 2026-10-07.,2026-10-07
GBR,2002,population,59370479,WB_SP_POP_TOTL,"World Bank, World Development Indicators (SP.POP.TOTL), sourced from UN World Population Prospects and national statistical offices",https://api.worldbank.org/v2/country/all/indicator/SP.POP.TOTL,evidence/api/wb_SP_POP_TOTL_2001-2022_retrieved_2026-10-07.json,Mid-year,A,annual,,,Read directly from the archived API response (evidence/api/wb_SP_POP_TOTL_2001-2022_retrieved_2026-10-07.json); retrieved 2026-10-07.,2026-10-07
GBR,2003,population,59647577,WB_SP_POP_TOTL,"World Bank, World Development Indicators (SP.POP.TOTL), sourced from UN World Population Prospects and national statistical offices",https://api.worldbank.org/v2/country/all/indicator/SP.POP.TOTL,evidence/api/wb_SP_POP_TOTL_2001-2022_retrieved_2026-10-07.json,Mid-year,A,annual,,,Read directly from the archived API response (evidence/api/wb_SP_POP_TOTL_2001-2022_retrieved_2026-10-07.json); retrieved 2026-10-07.,2026-10-07
GBR,2004,population,59987905,WB_SP_POP_TOTL,"World Bank, World Development Indicators (SP.POP.TOTL), sourced from UN World Population Prospects and national statistical offices",https://api.worldbank.org/v2/country/all/indicator/SP.POP.TOTL,evidence/api/wb_SP_POP_TOTL_2001-2022_retrieved_2026-10-07.json,Mid-year,A,annual,,,Read directly from the archived API response (evidence/api/wb_SP_POP_TOTL_2001-2022_retrieved_2026-10-07.json); retrieved 2026-10-07.,2026-10-07
GBR,2005,population,60401206,WB_SP_POP_TOTL,"World Bank, World Development Indicators (SP.POP.TOTL), sourced from UN World Population Prospects and national statistical offices",https://api.worldbank.org/v2/country/all/indicator/SP.POP.TOTL,evidence/api/wb_SP_POP_TOTL_2001-2022_retrieved_2026-10-07.json,Mid-year,A,annual,,,Read directly from the archived API response (evidence/api/wb_SP_POP_TOTL_2001-2022_retrieved_2026-10-07.json); retrieved 2026-10-07.,2026-10-07
GBR,2006,population,60846820,WB_SP_POP_TOTL,"World Bank, World Development Indicators (SP.POP.TOTL), sourced from UN World Population Prospects and national statistical offices",https://api.worldbank.org/v2/country/all/indicator/SP.POP.TOTL,evidence/api/wb_SP_POP_TOTL_2001-2022_retrieved_2026-10-07.json,Mid-year,A,annual,,,Read directly from the archived API response (evidence/api/wb_SP_POP_TOTL_2001-2022_retrieved_2026-10-07.json); retrieved 2026-10-07.,2026-10-07
GBR,2007,population,61322463,WB_SP_POP_TOTL,"World Bank, World Development Indicators (SP.POP.TOTL), sourced from UN World Population Prospects and national statistical offices",https://api.worldbank.org/v2/country/all/indicator/SP.POP.TOTL,evidence/api/wb_SP_POP_TOTL_2001-2022_retrieved_2026-10-07.json,Mid-year,A,annual,,,Read directly from the archived API response (evidence/api/wb_SP_POP_TOTL_2001-2022_retrieved_2026-10-07.json); retrieved 2026-10-07.,2026-10-07
GBR,2008,population,61806995,WB_SP_POP_TOTL,"World Bank, World Development Indicators (SP.POP.TOTL), sourced from UN World Population Prospects and national statistical offices",https://api.worldbank.org/v2/country/all/indicator/SP.POP.TOTL,evidence/api/wb_SP_POP_TOTL_2001-2022_retrieved_2026-10-07.json,Mid-year,A,annual,,,Read directly from the archived API response (evidence/api/wb_SP_POP_TOTL_2001-2022_retrieved_2026-10-07.json); retrieved 2026-10-07.,2026-10-07
GBR,2009,population,62276270,WB_SP_POP_TOTL,"World Bank, World Development Indicators (SP.POP.TOTL), sourced from UN World Population Prospects and national statistical offices",https://api.worldbank.org/v2/country/all/indicator/SP.POP.TOTL,evidence/api/wb_SP_POP_TOTL_2001-2022_retrieved_2026-10-07.json,Mid-year,A,annual,,,Read directly from the archived API response (evidence/api/wb_SP_POP_TOTL_2001-2022_retrieved_2026-10-07.json); retrieved 2026-10-07.,2026-10-07
HRV,2001,population,4299642,WB_SP_POP_TOTL,"World Bank, World Development Indicators (SP.POP.TOTL), sourced from UN World Population Prospects and national statistical offices",https://api.worldbank.org/v2/country/all/indicator/SP.POP.TOTL,evidence/api/wb_SP_POP_TOTL_2001-2022_retrieved_2026-10-07.json,Mid-year,A,annual,,,Read directly from the archived API response (evidence/api/wb_SP_POP_TOTL_2001-2022_retrieved_2026-10-07.json); retrieved 2026-10-07.,2026-10-07
HRV,2002,population,4302174,WB_SP_POP_TOTL,"World Bank, World Development Indicators (SP.POP.TOTL), sourced from UN World Population Prospects and national statistical offices",https://api.worldbank.org/v2/country/all/indicator/SP.POP.TOTL,evidence/api/wb_SP_POP_TOTL_2001-2022_retrieved_2026-10-07.json,Mid-year,A,annual,,,Read directly from the archived API response (evidence/api/wb_SP_POP_TOTL_2001-2022_retrieved_2026-10-07.json); retrieved 2026-10-07.,2026-10-07
HRV,2003,population,4303399,WB_SP_POP_TOTL,"World Bank, World Development Indicators (SP.POP.TOTL), sourced from UN World Population Prospects and national statistical offices",https://api.worldbank.org/v2/country/all/indicator/SP.POP.TOTL,evidence/api/wb_SP_POP_TOTL_2001-2022_retrieved_2026-10-07.json,Mid-year,A,annual,,,Read directly from the archived API response (evidence/api/wb_SP_POP_TOTL_2001-2022_retrieved_2026-10-07.json); retrieved 2026-10-07.,2026-10-07
HRV,2004,population,4304600,WB_SP_POP_TOTL,"World Bank, World Development Indicators (SP.POP.TOTL), sourced from UN World Population Prospects and national statistical offices",https://api.worldbank.org/v2/country/all/indicator/SP.POP.TOTL,evidence/api/wb_SP_POP_TOTL_2001-2022_retrieved_2026-10-07.json,Mid-year,A,annual,,,Read directly from the archived API response (evidence/api/wb_SP_POP_TOTL_2001-2022_retrieved_2026-10-07.json); retrieved 2026-10-07.,2026-10-07
HRV,2005,population,4310145,WB_SP_POP_TOTL,"World Bank, World Development Indicators (SP.POP.TOTL), sourced from UN World Population Prospects and national statistical offices",https://api.worldbank.org/v2/country/all/indicator/SP.POP.TOTL,evidence/api/wb_SP_POP_TOTL_2001-2022_retrieved_2026-10-07.json,Mid-year,A,annual,,,Read directly from the archived API response (evidence/api/wb_SP_POP_TOTL_2001-2022_retrieved_2026-10-07.json); retrieved 2026-10-07.,2026-10-07
HRV,2006,population,4311159,WB_SP_POP_TOTL,"World Bank, World Development Indicators (SP.POP.TOTL), sourced from UN World Population Prospects and national statistical offices",https://api.worldbank.org/v2/country/all/indicator/SP.POP.TOTL,evidence/api/wb_SP_POP_TOTL_2001-2022_retrieved_2026-10-07.json,Mid-year,A,annual,,,Read directly from the archived API response (evidence/api/wb_SP_POP_TOTL_2001-2022_retrieved_2026-10-07.json); retrieved 2026-10-07.,2026-10-07
HRV,2007,population,4310217,WB_SP_POP_TOTL,"World Bank, World Development Indicators (SP.POP.TOTL), sourced from UN World Population Prospects and national statistical offices",https://api.worldbank.org/v2/country/all/indicator/SP.POP.TOTL,evidence/api/wb_SP_POP_TOTL_2001-2022_retrieved_2026-10-07.json,Mid-year,A,annual,,,Read directly from the archived API response (evidence/api/wb_SP_POP_TOTL_2001-2022_retrieved_2026-10-07.json); retrieved 2026-10-07.,2026-10-07
HRV,2008,population,4309705,WB_SP_POP_TOTL,"World Bank, World Development Indicators (SP.POP.TOTL), sourced from UN World Population Prospects and national statistical offices",https://api.worldbank.org/v2/country/all/indicator/SP.POP.TOTL,evidence/api/wb_SP_POP_TOTL_2001-2022_retrieved_2026-10-07.json,Mid-year,A,annual,,,Read directly from the archived API response (evidence/api/wb_SP_POP_TOTL_2001-2022_retrieved_2026-10-07.json); retrieved 2026-10-07.,2026-10-07
HRV,2009,population,4305181,WB_SP_POP_TOTL,"World Bank, World Development Indicators (SP.POP.TOTL), sourced from UN World Population Prospects and national statistical offices",https://api.worldbank.org/v2/country/all/indicator/SP.POP.TOTL,evidence/api/wb_SP_POP_TOTL_2001-2022_retrieved_2026-10-07.json,Mid-year,A,annual,,,Read directly from the archived API response (evidence/api/wb_SP_POP_TOTL_2001-2022_retrieved_2026-10-07.json); retrieved 2026-10-07.,2026-10-07
HUN,2001,population,10187576,WB_SP_POP_TOTL,"World Bank, World Development Indicators (SP.POP.TOTL), sourced from UN World Population Prospects and national statistical offices",https://api.worldbank.org/v2/country/all/indicator/SP.POP.TOTL,evidence/api/wb_SP_POP_TOTL_2001-2022_retrieved_2026-10-07.json,Mid-year,A,annual,,,Read directly from the archived API response (evidence/api/wb_SP_POP_TOTL_2001-2022_retrieved_2026-10-07.json); retrieved 2026-10-07.,2026-10-07
HUN,2002,population,10158608,WB_SP_POP_TOTL,"World Bank, World Development Indicators (SP.POP.TOTL), sourced from UN World Population Prospects and national statistical offices",https://api.worldbank.org/v2/country/all/indicator/SP.POP.TOTL,evidence/api/wb_SP_POP_TOTL_2001-2022_retrieved_2026-10-07.json,Mid-year,A,annual,,,Read directly from the archived API response (evidence/api/wb_SP_POP_TOTL_2001-2022_retrieved_2026-10-07.json); retrieved 2026-10-07.,2026-10-07
HUN,2003,population,10129552,WB_SP_POP_TOTL,"World Bank, World Development Indicators (SP.POP.TOTL), sourced from UN World Population Prospects and national statistical offices",https://api.worldbank.org/v2/country/all/indicator/SP.POP.TOTL,evidence/api/wb_SP_POP_TOTL_2001-2022_retrieved_2026-10-07.json,Mid-year,A,annual,,,Read directly from the archived API response (evidence/api/wb_SP_POP_TOTL_2001-2022_retrieved_2026-10-07.json); retrieved 2026-10-07.,2026-10-07
HUN,2004,population,10107146,WB_SP_POP_TOTL,"World Bank, World Development Indicators (SP.POP.TOTL), sourced from UN World Population Prospects and national statistical offices",https://api.worldbank.org/v2/country/all/indicator/SP.POP.TOTL,evidence/api/wb_SP_POP_TOTL_2001-2022_retrieved_2026-10-07.json,Mid-year,A,annual,,,Read directly from the archived API response (evidence/api/wb_SP_POP_TOTL_2001-2022_retrieved_2026-10-07.json); retrieved 2026-10-07.,2026-10-07
HUN,2005,population,10087065,WB_SP_POP_TOTL,"World Bank, World Development Indicators (SP.POP.TOTL), sourced from UN World Population Prospects and national statistical offices",https://api.worldbank.org/v2/country/all/indicator/SP.POP.TOTL,evidence/api/wb_SP_POP_TOTL_2001-2022_retrieved_2026-10-07.json,Mid-year,A,annual,,,Read directly from the archived API response (evidence/api/wb_SP_POP_TOTL_2001-2022_retrieved_2026-10-07.json); retrieved 2026-10-07.,2026-10-07
HUN,2006,population,10071370,WB_SP_POP_TOTL,"World Bank, World Development Indicators (SP.POP.TOTL), sourced from UN World Population Prospects and national statistical offices",https://api.worldbank.org/v2/country/all/indicator/SP.POP.TOTL,evidence/api/wb_SP_POP_TOTL_2001-2022_retrieved_2026-10-07.json,Mid-year,A,annual,,,Read directly from the archived API response (evidence/api/wb_SP_POP_TOTL_2001-2022_retrieved_2026-10-07.json); retrieved 2026-10-07.,2026-10-07
HUN,2007,population,10055780,WB_SP_POP_TOTL,"World Bank, World Development Indicators (SP.POP.TOTL), sourced from UN World Population Prospects and national statistical offices",https://api.worldbank.org/v2/country/all/indicator/SP.POP.TOTL,evidence/api/wb_SP_POP_TOTL_2001-2022_retrieved_2026-10-07.json,Mid-year,A,annual,,,Read directly from the archived API response (evidence/api/wb_SP_POP_TOTL_2001-2022_retrieved_2026-10-07.json); retrieved 2026-10-07.,2026-10-07
HUN,2008,population,10038188,WB_SP_POP_TOTL,"World Bank, World Development Indicators (SP.POP.TOTL), sourced from UN World Population Prospects and national statistical offices",https://api.worldbank.org/v2/country/all/indicator/SP.POP.TOTL,evidence/api/wb_SP_POP_TOTL_2001-2022_retrieved_2026-10-07.json,Mid-year,A,annual,,,Read directly from the archived API response (evidence/api/wb_SP_POP_TOTL_2001-2022_retrieved_2026-10-07.json); retrieved 2026-10-07.,2026-10-07
HUN,2009,population,10022650,WB_SP_POP_TOTL,"World Bank, World Development Indicators (SP.POP.TOTL), sourced from UN World Population Prospects and national statistical offices",https://api.worldbank.org/v2/country/all/indicator/SP.POP.TOTL,evidence/api/wb_SP_POP_TOTL_2001-2022_retrieved_2026-10-07.json,Mid-year,A,annual,,,Read directly from the archived API response (evidence/api/wb_SP_POP_TOTL_2001-2022_retrieved_2026-10-07.json); retrieved 2026-10-07.,2026-10-07
IND,2001,population,1077898575,WB_SP_POP_TOTL,"World Bank, World Development Indicators (SP.POP.TOTL), sourced from UN World Population Prospects and national statistical offices",https://api.worldbank.org/v2/country/all/indicator/SP.POP.TOTL,evidence/api/wb_SP_POP_TOTL_2001-2022_retrieved_2026-10-07.json,Mid-year,A,annual,,,Read directly from the archived API response (evidence/api/wb_SP_POP_TOTL_2001-2022_retrieved_2026-10-07.json); retrieved 2026-10-07.,2026-10-07
IND,2002,population,1097600380,WB_SP_POP_TOTL,"World Bank, World Development Indicators (SP.POP.TOTL), sourced from UN World Population Prospects and national statistical offices",https://api.worldbank.org/v2/country/all/indicator/SP.POP.TOTL,evidence/api/wb_SP_POP_TOTL_2001-2022_retrieved_2026-10-07.json,Mid-year,A,annual,,,Read directly from the archived API response (evidence/api/wb_SP_POP_TOTL_2001-2022_retrieved_2026-10-07.json); retrieved 2026-10-07.,2026-10-07
IND,2003,population,1116803006,WB_SP_POP_TOTL,"World Bank, World Development Indicators (SP.POP.TOTL), sourced from UN World Population Prospects and national statistical offices",https://api.worldbank.org/v2/country/all/indicator/SP.POP.TOTL,evidence/api/wb_SP_POP_TOTL_2001-2022_retrieved_2026-10-07.json,Mid-year,A,annual,,,Read directly from the archived API response (evidence/api/wb_SP_POP_TOTL_2001-2022_retrieved_2026-10-07.json); retrieved 2026-10-07.,2026-10-07
IND,2004,population,1135991513,WB_SP_POP_TOTL,"World Bank, World Development Indicators (SP.POP.TOTL), sourced from UN World Population Prospects and national statistical offices",https://api.worldbank.org/v2/country/all/indicator/SP.POP.TOTL,evidence/api/wb_SP_POP_TOTL_2001-2022_retrieved_2026-10-07.json,Mid-year,A,annual,,,Read directly from the archived API response (evidence/api/wb_SP_POP_TOTL_2001-2022_retrieved_2026-10-07.json); retrieved 2026-10-07.,2026-10-07
IND,2005,population,1154676322,WB_SP_POP_TOTL,"World Bank, World Development Indicators (SP.POP.TOTL), sourced from UN World Population Prospects and national statistical offices",https://api.worldbank.org/v2/country/all/indicator/SP.POP.TOTL,evidence/api/wb_SP_POP_TOTL_2001-2022_retrieved_2026-10-07.json,Mid-year,A,annual,,,Read directly from the archived API response (evidence/api/wb_SP_POP_TOTL_2001-2022_retrieved_2026-10-07.json); retrieved 2026-10-07.,2026-10-07
IND,2006,population,1172878890,WB_SP_POP_TOTL,"World Bank, World Development Indicators (SP.POP.TOTL), sourced from UN World Population Prospects and national statistical offices",https://api.worldbank.org/v2/country/all/indicator/SP.POP.TOTL,evidence/api/wb_SP_POP_TOTL_2001-2022_retrieved_2026-10-07.json,Mid-year,A,annual,,,Read directly from the archived API response (evidence/api/wb_SP_POP_TOTL_2001-2022_retrieved_2026-10-07.json); retrieved 2026-10-07.,2026-10-07
IND,2007,population,1190676021,WB_SP_POP_TOTL,"World Bank, World Development Indicators (SP.POP.TOTL), sourced from UN World Population Prospects and national statistical offices",https://api.worldbank.org/v2/country/all/indicator/SP.POP.TOTL,evidence/api/wb_SP_POP_TOTL_2001-2022_retrieved_2026-10-07.json,Mid-year,A,annual,,,Read directly from the archived API response (evidence/api/wb_SP_POP_TOTL_2001-2022_retrieved_2026-10-07.json); retrieved 2026-10-07.,2026-10-07
IND,2008,population,1207930964,WB_SP_POP_TOTL,"World Bank, World Development Indicators (SP.POP.TOTL), sourced from UN World Population Prospects and national statistical offices",https://api.worldbank.org/v2/country/all/indicator/SP.POP.TOTL,evidence/api/wb_SP_POP_TOTL_2001-2022_retrieved_2026-10-07.json,Mid-year,A,annual,,,Read directly from the archived API response (evidence/api/wb_SP_POP_TOTL_2001-2022_retrieved_2026-10-07.json); retrieved 2026-10-07.,2026-10-07
IND,2009,population,1225524753,WB_SP_POP_TOTL,"World Bank, World Development Indicators (SP.POP.TOTL), sourced from UN World Population Prospects and national statistical offices",https://api.worldbank.org/v2/country/all/indicator/SP.POP.TOTL,evidence/api/wb_SP_POP_TOTL_2001-2022_retrieved_2026-10-07.json,Mid-year,A,annual,,,Read directly from the archived API response (evidence/api/wb_SP_POP_TOTL_2001-2022_retrieved_2026-10-07.json); retrieved 2026-10-07.,2026-10-07
ISL,2001,population,284968,WB_SP_POP_TOTL,"World Bank, World Development Indicators (SP.POP.TOTL), sourced from UN World Population Prospects and national statistical offices",https://api.worldbank.org/v2/country/all/indicator/SP.POP.TOTL,evidence/api/wb_SP_POP_TOTL_2001-2022_retrieved_2026-10-07.json,Mid-year,A,annual,,,Read directly from the archived API response (evidence/api/wb_SP_POP_TOTL_2001-2022_retrieved_2026-10-07.json); retrieved 2026-10-07.,2026-10-07
ISL,2002,population,287523,WB_SP_POP_TOTL,"World Bank, World Development Indicators (SP.POP.TOTL), sourced from UN World Population Prospects and national statistical offices",https://api.worldbank.org/v2/country/all/indicator/SP.POP.TOTL,evidence/api/wb_SP_POP_TOTL_2001-2022_retrieved_2026-10-07.json,Mid-year,A,annual,,,Read directly from the archived API response (evidence/api/wb_SP_POP_TOTL_2001-2022_retrieved_2026-10-07.json); retrieved 2026-10-07.,2026-10-07
ISL,2003,population,289521,WB_SP_POP_TOTL,"World Bank, World Development Indicators (SP.POP.TOTL), sourced from UN World Population Prospects and national statistical offices",https://api.worldbank.org/v2/country/all/indicator/SP.POP.TOTL,evidence/api/wb_SP_POP_TOTL_2001-2022_retrieved_2026-10-07.json,Mid-year,A,annual,,,Read directly from the archived API response (evidence/api/wb_SP_POP_TOTL_2001-2022_retrieved_2026-10-07.json); retrieved 2026-10-07.,2026-10-07
ISL,2004,population,292074,WB_SP_POP_TOTL,"World Bank, World Development Indicators (SP.POP.TOTL), sourced from UN World Population Prospects and national statistical offices",https://api.worldbank.org/v2/country/all/indicator/SP.POP.TOTL,evidence/api/wb_SP_POP_TOTL_2001-2022_retrieved_2026-10-07.json,Mid-year,A,annual,,,Read directly from the archived API response (evidence/api/wb_SP_POP_TOTL_2001-2022_retrieved_2026-10-07.json); retrieved 2026-10-07.,2026-10-07
ISL,2005,population,296734,WB_SP_POP_TOTL,"World Bank, World Development Indicators (SP.POP.TOTL), sourced from UN World Population Prospects and national statistical offices",https://api.worldbank.org/v2/country/all/indicator/SP.POP.TOTL,evidence/api/wb_SP_POP_TOTL_2001-2022_retrieved_2026-10-07.json,Mid-year,A,annual,,,Read directly from the archived API response (evidence/api/wb_SP_POP_TOTL_2001-2022_retrieved_2026-10-07.json); retrieved 2026-10-07.,2026-10-07
ISL,2006,population,303782,WB_SP_POP_TOTL,"World Bank, World Development Indicators (SP.POP.TOTL), sourced from UN World Population Prospects and national statistical offices",https://api.worldbank.org/v2/country/all/indicator/SP.POP.TOTL,evidence/api/wb_SP_POP_TOTL_2001-2022_retrieved_2026-10-07.json,Mid-year,A,annual,,,Read directly from the archived API response (evidence/api/wb_SP_POP_TOTL_2001-2022_retrieved_2026-10-07.json); retrieved 2026-10-07.,2026-10-07
ISL,2007,population,311566,WB_SP_POP_TOTL,"World Bank, World Development Indicators (SP.POP.TOTL), sourced from UN World Population Prospects and national statistical offices",https://api.worldbank.org/v2/country/all/indicator/SP.POP.TOTL,evidence/api/wb_SP_POP_TOTL_2001-2022_retrieved_2026-10-07.json,Mid-year,A,annual,,,Read directly from the archived API response (evidence/api/wb_SP_POP_TOTL_2001-2022_retrieved_2026-10-07.json); retrieved 2026-10-07.,2026-10-07
ISL,2008,population,317414,WB_SP_POP_TOTL,"World Bank, World Development Indicators (SP.POP.TOTL), sourced from UN World Population Prospects and national statistical offices",https://api.worldbank.org/v2/country/all/indicator/SP.POP.TOTL,evidence/api/wb_SP_POP_TOTL_2001-2022_retrieved_2026-10-07.json,Mid-year,A,annual,,,Read directly from the archived API response (evidence/api/wb_SP_POP_TOTL_2001-2022_retrieved_2026-10-07.json); retrieved 2026-10-07.,2026-10-07
ISL,2009,population,318499,WB_SP_POP_TOTL,"World Bank, World Development Indicators (SP.POP.TOTL), sourced from UN World Population Prospects and national statistical offices",https://api.worldbank.org/v2/country/all/indicator/SP.POP.TOTL,evidence/api/wb_SP_POP_TOTL_2001-2022_retrieved_2026-10-07.json,Mid-year,A,annual,,,Read directly from the archived API response (evidence/api/wb_SP_POP_TOTL_2001-2022_retrieved_2026-10-07.json); retrieved 2026-10-07.,2026-10-07
ISR,2001,population,6439000,WB_SP_POP_TOTL,"World Bank, World Development Indicators (SP.POP.TOTL), sourced from UN World Population Prospects and national statistical offices",https://api.worldbank.org/v2/country/all/indicator/SP.POP.TOTL,evidence/api/wb_SP_POP_TOTL_2001-2022_retrieved_2026-10-07.json,Mid-year,A,annual,,,Read directly from the archived API response (evidence/api/wb_SP_POP_TOTL_2001-2022_retrieved_2026-10-07.json); retrieved 2026-10-07.,2026-10-07
ISR,2002,population,6570000,WB_SP_POP_TOTL,"World Bank, World Development Indicators (SP.POP.TOTL), sourced from UN World Population Prospects and national statistical offices",https://api.worldbank.org/v2/country/all/indicator/SP.POP.TOTL,evidence/api/wb_SP_POP_TOTL_2001-2022_retrieved_2026-10-07.json,Mid-year,A,annual,,,Read directly from the archived API response (evidence/api/wb_SP_POP_TOTL_2001-2022_retrieved_2026-10-07.json); retrieved 2026-10-07.,2026-10-07
ISR,2003,population,6689700,WB_SP_POP_TOTL,"World Bank, World Development Indicators (SP.POP.TOTL), sourced from UN World Population Prospects and national statistical offices",https://api.worldbank.org/v2/country/all/indicator/SP.POP.TOTL,evidence/api/wb_SP_POP_TOTL_2001-2022_retrieved_2026-10-07.json,Mid-year,A,annual,,,Read directly from the archived API response (evidence/api/wb_SP_POP_TOTL_2001-2022_retrieved_2026-10-07.json); retrieved 2026-10-07.,2026-10-07
ISR,2004,population,6809000,WB_SP_POP_TOTL,"World Bank, World Development Indicators (SP.POP.TOTL), sourced from UN World Population Prospects and national statistical offices",https://api.worldbank.org/v2/country/all/indicator/SP.POP.TOTL,evidence/api/wb_SP_POP_TOTL_2001-2022_retrieved_2026-10-07.json,Mid-year,A,annual,,,Read directly from the archived API response (evidence/api/wb_SP_POP_TOTL_2001-2022_retrieved_2026-10-07.json); retrieved 2026-10-07.,2026-10-07
ISR,2005,population,6930100,WB_SP_POP_TOTL,"World Bank, World Development Indicators (SP.POP.TOTL), sourced from UN World Population Prospects and national statistical offices",https://api.worldbank.org/v2/country/all/indicator/SP.POP.TOTL,evidence/api/wb_SP_POP_TOTL_2001-2022_retrieved_2026-10-07.json,Mid-year,A,annual,,,Read directly from the archived API response (evidence/api/wb_SP_POP_TOTL_2001-2022_retrieved_2026-10-07.json); retrieved 2026-10-07.,2026-10-07
ISR,2006,population,7053700,WB_SP_POP_TOTL,"World Bank, World Development Indicators (SP.POP.TOTL), sourced from UN World Population Prospects and national statistical offices",https://api.worldbank.org/v2/country/all/indicator/SP.POP.TOTL,evidence/api/wb_SP_POP_TOTL_2001-2022_retrieved_2026-10-07.json,Mid-year,A,annual,,,Read directly from the archived API response (evidence/api/wb_SP_POP_TOTL_2001-2022_retrieved_2026-10-07.json); retrieved 2026-10-07.,2026-10-07
ISR,2007,population,7180100,WB_SP_POP_TOTL,"World Bank, World Development Indicators (SP.POP.TOTL), sourced from UN World Population Prospects and national statistical offices",https://api.worldbank.org/v2/country/all/indicator/SP.POP.TOTL,evidence/api/wb_SP_POP_TOTL_2001-2022_retrieved_2026-10-07.json,Mid-year,A,annual,,,Read directly from the archived API response (evidence/api/wb_SP_POP_TOTL_2001-2022_retrieved_2026-10-07.json); retrieved 2026-10-07.,2026-10-07
ISR,2008,population,7308800,WB_SP_POP_TOTL,"World Bank, World Development Indicators (SP.POP.TOTL), sourced from UN World Population Prospects and national statistical offices",https://api.worldbank.org/v2/country/all/indicator/SP.POP.TOTL,evidence/api/wb_SP_POP_TOTL_2001-2022_retrieved_2026-10-07.json,Mid-year,A,annual,,,Read directly from the archived API response (evidence/api/wb_SP_POP_TOTL_2001-2022_retrieved_2026-10-07.json); retrieved 2026-10-07.,2026-10-07
ISR,2009,population,7485600,WB_SP_POP_TOTL,"World Bank, World Development Indicators (SP.POP.TOTL), sourced from UN World Population Prospects and national statistical offices",https://api.worldbank.org/v2/country/all/indicator/SP.POP.TOTL,evidence/api/wb_SP_POP_TOTL_2001-2022_retrieved_2026-10-07.json,Mid-year,A,annual,,,Read directly from the archived API response (evidence/api/wb_SP_POP_TOTL_2001-2022_retrieved_2026-10-07.json); retrieved 2026-10-07.,2026-10-07
ITA,2001,population,56976981,WB_SP_POP_TOTL,"World Bank, World Development Indicators (SP.POP.TOTL), sourced from UN World Population Prospects and national statistical offices",https://api.worldbank.org/v2/country/all/indicator/SP.POP.TOTL,evidence/api/wb_SP_POP_TOTL_2001-2022_retrieved_2026-10-07.json,Mid-year,A,annual,,,Read directly from the archived API response (evidence/api/wb_SP_POP_TOTL_2001-2022_retrieved_2026-10-07.json); retrieved 2026-10-07.,2026-10-07
ITA,2002,population,57089824,WB_SP_POP_TOTL,"World Bank, World Development Indicators (SP.POP.TOTL), sourced from UN World Population Prospects and national statistical offices",https://api.worldbank.org/v2/country/all/indicator/SP.POP.TOTL,evidence/api/wb_SP_POP_TOTL_2001-2022_retrieved_2026-10-07.json,Mid-year,A,annual,,,Read directly from the archived API response (evidence/api/wb_SP_POP_TOTL_2001-2022_retrieved_2026-10-07.json); retrieved 2026-10-07.,2026-10-07
ITA,2003,population,57399184,WB_SP_POP_TOTL,"World Bank, World Development Indicators (SP.POP.TOTL), sourced from UN World Population Prospects and national statistical offices",https://api.worldbank.org/v2/country/all/indicator/SP.POP.TOTL,evidence/api/wb_SP_POP_TOTL_2001-2022_retrieved_2026-10-07.json,Mid-year,A,annual,,,Read directly from the archived API response (evidence/api/wb_SP_POP_TOTL_2001-2022_retrieved_2026-10-07.json); retrieved 2026-10-07.,2026-10-07
ITA,2004,population,57828179,WB_SP_POP_TOTL,"World Bank, World Development Indicators (SP.POP.TOTL), sourced from UN World Population Prospects and national statistical offices",https://api.worldbank.org/v2/country/all/indicator/SP.POP.TOTL,evidence/api/wb_SP_POP_TOTL_2001-2022_retrieved_2026-10-07.json,Mid-year,A,annual,,,Read directly from the archived API response (evidence/api/wb_SP_POP_TOTL_2001-2022_retrieved_2026-10-07.json); retrieved 2026-10-07.,2026-10-07
ITA,2005,population,58166682,WB_SP_POP_TOTL,"World Bank, World Development Indicators (SP.POP.TOTL), sourced from UN World Population Prospects and national statistical offices",https://api.worldbank.org/v2/country/all/indicator/SP.POP.TOTL,evidence/api/wb_SP_POP_TOTL_2001-2022_retrieved_2026-10-07.json,Mid-year,A,annual,,,Read directly from the archived API response (evidence/api/wb_SP_POP_TOTL_2001-2022_retrieved_2026-10-07.json); retrieved 2026-10-07.,2026-10-07
ITA,2006,population,58399861,WB_SP_POP_TOTL,"World Bank, World Development Indicators (SP.POP.TOTL), sourced from UN World Population Prospects and national statistical offices",https://api.worldbank.org/v2/country/all/indicator/SP.POP.TOTL,evidence/api/wb_SP_POP_TOTL_2001-2022_retrieved_2026-10-07.json,Mid-year,A,annual,,,Read directly from the archived API response (evidence/api/wb_SP_POP_TOTL_2001-2022_retrieved_2026-10-07.json); retrieved 2026-10-07.,2026-10-07
ITA,2007,population,58756247,WB_SP_POP_TOTL,"World Bank, World Development Indicators (SP.POP.TOTL), sourced from UN World Population Prospects and national statistical offices",https://api.worldbank.org/v2/country/all/indicator/SP.POP.TOTL,evidence/api/wb_SP_POP_TOTL_2001-2022_retrieved_2026-10-07.json,Mid-year,A,annual,,,Read directly from the archived API response (evidence/api/wb_SP_POP_TOTL_2001-2022_retrieved_2026-10-07.json); retrieved 2026-10-07.,2026-10-07
ITA,2008,population,59211181,WB_SP_POP_TOTL,"World Bank, World Development Indicators (SP.POP.TOTL), sourced from UN World Population Prospects and national statistical offices",https://api.worldbank.org/v2/country/all/indicator/SP.POP.TOTL,evidence/api/wb_SP_POP_TOTL_2001-2022_retrieved_2026-10-07.json,Mid-year,A,annual,,,Read directly from the archived API response (evidence/api/wb_SP_POP_TOTL_2001-2022_retrieved_2026-10-07.json); retrieved 2026-10-07.,2026-10-07
ITA,2009,population,59555454,WB_SP_POP_TOTL,"World Bank, World Development Indicators (SP.POP.TOTL), sourced from UN World Population Prospects and national statistical offices",https://api.worldbank.org/v2/country/all/indicator/SP.POP.TOTL,evidence/api/wb_SP_POP_TOTL_2001-2022_retrieved_2026-10-07.json,Mid-year,A,annual,,,Read directly from the archived API response (evidence/api/wb_SP_POP_TOTL_2001-2022_retrieved_2026-10-07.json); retrieved 2026-10-07.,2026-10-07
JPN,2001,population,127149000,WB_SP_POP_TOTL,"World Bank, World Development Indicators (SP.POP.TOTL), sourced from UN World Population Prospects and national statistical offices",https://api.worldbank.org/v2/country/all/indicator/SP.POP.TOTL,evidence/api/wb_SP_POP_TOTL_2001-2022_retrieved_2026-10-07.json,Mid-year,A,annual,,,Read directly from the archived API response (evidence/api/wb_SP_POP_TOTL_2001-2022_retrieved_2026-10-07.json); retrieved 2026-10-07.,2026-10-07
JPN,2002,population,127445000,WB_SP_POP_TOTL,"World Bank, World Development Indicators (SP.POP.TOTL), sourced from UN World Population Prospects and national statistical offices",https://api.worldbank.org/v2/country/all/indicator/SP.POP.TOTL,evidence/api/wb_SP_POP_TOTL_2001-2022_retrieved_2026-10-07.json,Mid-year,A,annual,,,Read directly from the archived API response (evidence/api/wb_SP_POP_TOTL_2001-2022_retrieved_2026-10-07.json); retrieved 2026-10-07.,2026-10-07
JPN,2003,population,127718000,WB_SP_POP_TOTL,"World Bank, World Development Indicators (SP.POP.TOTL), sourced from UN World Population Prospects and national statistical offices",https://api.worldbank.org/v2/country/all/indicator/SP.POP.TOTL,evidence/api/wb_SP_POP_TOTL_2001-2022_retrieved_2026-10-07.json,Mid-year,A,annual,,,Read directly from the archived API response (evidence/api/wb_SP_POP_TOTL_2001-2022_retrieved_2026-10-07.json); retrieved 2026-10-07.,2026-10-07
JPN,2004,population,127761000,WB_SP_POP_TOTL,"World Bank, World Development Indicators (SP.POP.TOTL), sourced from UN World Population Prospects and national statistical offices",https://api.worldbank.org/v2/country/all/indicator/SP.POP.TOTL,evidence/api/wb_SP_POP_TOTL_2001-2022_retrieved_2026-10-07.json,Mid-year,A,annual,,,Read directly from the archived API response (evidence/api/wb_SP_POP_TOTL_2001-2022_retrieved_2026-10-07.json); retrieved 2026-10-07.,2026-10-07
JPN,2005,population,127773000,WB_SP_POP_TOTL,"World Bank, World Development Indicators (SP.POP.TOTL), sourced from UN World Population Prospects and national statistical offices",https://api.worldbank.org/v2/country/all/indicator/SP.POP.TOTL,evidence/api/wb_SP_POP_TOTL_2001-2022_retrieved_2026-10-07.json,Mid-year,A,annual,,,Read directly from the archived API response (evidence/api/wb_SP_POP_TOTL_2001-2022_retrieved_2026-10-07.json); retrieved 2026-10-07.,2026-10-07
JPN,2006,population,127854000,WB_SP_POP_TOTL,"World Bank, World Development Indicators (SP.POP.TOTL), sourced from UN World Population Prospects and national statistical offices",https://api.worldbank.org/v2/country/all/indicator/SP.POP.TOTL,evidence/api/wb_SP_POP_TOTL_2001-2022_retrieved_2026-10-07.json,Mid-year,A,annual,,,Read directly from the archived API response (evidence/api/wb_SP_POP_TOTL_2001-2022_retrieved_2026-10-07.json); retrieved 2026-10-07.,2026-10-07
JPN,2007,population,128001000,WB_SP_POP_TOTL,"World Bank, World Development Indicators (SP.POP.TOTL), sourced from UN World Population Prospects and national statistical offices",https://api.worldbank.org/v2/country/all/indicator/SP.POP.TOTL,evidence/api/wb_SP_POP_TOTL_2001-2022_retrieved_2026-10-07.json,Mid-year,A,annual,,,Read directly from the archived API response (evidence/api/wb_SP_POP_TOTL_2001-2022_retrieved_2026-10-07.json); retrieved 2026-10-07.,2026-10-07
JPN,2008,population,128063000,WB_SP_POP_TOTL,"World Bank, World Development Indicators (SP.POP.TOTL), sourced from UN World Population Prospects and national statistical offices",https://api.worldbank.org/v2/country/all/indicator/SP.POP.TOTL,evidence/api/wb_SP_POP_TOTL_2001-2022_retrieved_2026-10-07.json,Mid-year,A,annual,,,Read directly from the archived API response (evidence/api/wb_SP_POP_TOTL_2001-2022_retrieved_2026-10-07.json); retrieved 2026-10-07.,2026-10-07
JPN,2009,population,128047000,WB_SP_POP_TOTL,"World Bank, World Development Indicators (SP.POP.TOTL), sourced from UN World Population Prospects and national statistical offices",https://api.worldbank.org/v2/country/all/indicator/SP.POP.TOTL,evidence/api/wb_SP_POP_TOTL_2001-2022_retrieved_2026-10-07.json,Mid-year,A,annual,,,Read directly from the archived API response (evidence/api/wb_SP_POP_TOTL_2001-2022_retrieved_2026-10-07.json); retrieved 2026-10-07.,2026-10-07
KOR,2001,population,47370164,WB_SP_POP_TOTL,"World Bank, World Development Indicators (SP.POP.TOTL), sourced from UN World Population Prospects and national statistical offices",https://api.worldbank.org/v2/country/all/indicator/SP.POP.TOTL,evidence/api/wb_SP_POP_TOTL_2001-2022_retrieved_2026-10-07.json,Mid-year,A,annual,,,Read directly from the archived API response (evidence/api/wb_SP_POP_TOTL_2001-2022_retrieved_2026-10-07.json); retrieved 2026-10-07.,2026-10-07
KOR,2002,population,47644736,WB_SP_POP_TOTL,"World Bank, World Development Indicators (SP.POP.TOTL), sourced from UN World Population Prospects and national statistical offices",https://api.worldbank.org/v2/country/all/indicator/SP.POP.TOTL,evidence/api/wb_SP_POP_TOTL_2001-2022_retrieved_2026-10-07.json,Mid-year,A,annual,,,Read directly from the archived API response (evidence/api/wb_SP_POP_TOTL_2001-2022_retrieved_2026-10-07.json); retrieved 2026-10-07.,2026-10-07
KOR,2003,population,47892330,WB_SP_POP_TOTL,"World Bank, World Development Indicators (SP.POP.TOTL), sourced from UN World Population Prospects and national statistical offices",https://api.worldbank.org/v2/country/all/indicator/SP.POP.TOTL,evidence/api/wb_SP_POP_TOTL_2001-2022_retrieved_2026-10-07.json,Mid-year,A,annual,,,Read directly from the archived API response (evidence/api/wb_SP_POP_TOTL_2001-2022_retrieved_2026-10-07.json); retrieved 2026-10-07.,2026-10-07
KOR,2004,population,48082519,WB_SP_POP_TOTL,"World Bank, World Development Indicators (SP.POP.TOTL), sourced from UN World Population Prospects and national statistical offices",https://api.worldbank.org/v2/country/all/indicator/SP.POP.TOTL,evidence/api/wb_SP_POP_TOTL_2001-2022_retrieved_2026-10-07.json,Mid-year,A,annual,,,Read directly from the archived API response (evidence/api/wb_SP_POP_TOTL_2001-2022_retrieved_2026-10-07.json); retrieved 2026-10-07.,2026-10-07
KOR,2005,population,48184561,WB_SP_POP_TOTL,"World Bank, World Development Indicators (SP.POP.TOTL), sourced from UN World Population Prospects and national statistical offices",https://api.worldbank.org/v2/country/all/indicator/SP.POP.TOTL,evidence/api/wb_SP_POP_TOTL_2001-2022_retrieved_2026-10-07.json,Mid-year,A,annual,,,Read directly from the archived API response (evidence/api/wb_SP_POP_TOTL_2001-2022_retrieved_2026-10-07.json); retrieved 2026-10-07.,2026-10-07
KOR,2006,population,48438292,WB_SP_POP_TOTL,"World Bank, World Development Indicators (SP.POP.TOTL), sourced from UN World Population Prospects and national statistical offices",https://api.worldbank.org/v2/country/all/indicator/SP.POP.TOTL,evidence/api/wb_SP_POP_TOTL_2001-2022_retrieved_2026-10-07.json,Mid-year,A,annual,,,Read directly from the archived API response (evidence/api/wb_SP_POP_TOTL_2001-2022_retrieved_2026-10-07.json); retrieved 2026-10-07.,2026-10-07
KOR,2007,population,48683638,WB_SP_POP_TOTL,"World Bank, World Development Indicators (SP.POP.TOTL), sourced from UN World Population Prospects and national statistical offices",https://api.worldbank.org/v2/country/all/indicator/SP.POP.TOTL,evidence/api/wb_SP_POP_TOTL_2001-2022_retrieved_2026-10-07.json,Mid-year,A,annual,,,Read directly from the archived API response (evidence/api/wb_SP_POP_TOTL_2001-2022_retrieved_2026-10-07.json); retrieved 2026-10-07.,2026-10-07
KOR,2008,population,49054708,WB_SP_POP_TOTL,"World Bank, World Development Indicators (SP.POP.TOTL), sourced from UN World Population Prospects and national statistical offices",https://api.worldbank.org/v2/country/all/indicator/SP.POP.TOTL,evidence/api/wb_SP_POP_TOTL_2001-2022_retrieved_2026-10-07.json,Mid-year,A,annual,,,Read directly from the archived API response (evidence/api/wb_SP_POP_TOTL_2001-2022_retrieved_2026-10-07.json); retrieved 2026-10-07.,2026-10-07
KOR,2009,population,49307835,WB_SP_POP_TOTL,"World Bank, World Development Indicators (SP.POP.TOTL), sourced from UN World Population Prospects and national statistical offices",https://api.worldbank.org/v2/country/all/indicator/SP.POP.TOTL,evidence/api/wb_SP_POP_TOTL_2001-2022_retrieved_2026-10-07.json,Mid-year,A,annual,,,Read directly from the archived API response (evidence/api/wb_SP_POP_TOTL_2001-2022_retrieved_2026-10-07.json); retrieved 2026-10-07.,2026-10-07
LTU,2001,population,3470818,WB_SP_POP_TOTL,"World Bank, World Development Indicators (SP.POP.TOTL), sourced from UN World Population Prospects and national statistical offices",https://api.worldbank.org/v2/country/all/indicator/SP.POP.TOTL,evidence/api/wb_SP_POP_TOTL_2001-2022_retrieved_2026-10-07.json,Mid-year,A,annual,,,Read directly from the archived API response (evidence/api/wb_SP_POP_TOTL_2001-2022_retrieved_2026-10-07.json); retrieved 2026-10-07.,2026-10-07
LTU,2002,population,3443067,WB_SP_POP_TOTL,"World Bank, World Development Indicators (SP.POP.TOTL), sourced from UN World Population Prospects and national statistical offices",https://api.worldbank.org/v2/country/all/indicator/SP.POP.TOTL,evidence/api/wb_SP_POP_TOTL_2001-2022_retrieved_2026-10-07.json,Mid-year,A,annual,,,Read directly from the archived API response (evidence/api/wb_SP_POP_TOTL_2001-2022_retrieved_2026-10-07.json); retrieved 2026-10-07.,2026-10-07
LTU,2003,population,3415213,WB_SP_POP_TOTL,"World Bank, World Development Indicators (SP.POP.TOTL), sourced from UN World Population Prospects and national statistical offices",https://api.worldbank.org/v2/country/all/indicator/SP.POP.TOTL,evidence/api/wb_SP_POP_TOTL_2001-2022_retrieved_2026-10-07.json,Mid-year,A,annual,,,Read directly from the archived API response (evidence/api/wb_SP_POP_TOTL_2001-2022_retrieved_2026-10-07.json); retrieved 2026-10-07.,2026-10-07
LTU,2004,population,3377075,WB_SP_POP_TOTL,"World Bank, World Development Indicators (SP.POP.TOTL), sourced from UN World Population Prospects and national statistical offices",https://api.worldbank.org/v2/country/all/indicator/SP.POP.TOTL,evidence/api/wb_SP_POP_TOTL_2001-2022_retrieved_2026-10-07.json,Mid-year,A,annual,,,Read directly from the archived API response (evidence/api/wb_SP_POP_TOTL_2001-2022_retrieved_2026-10-07.json); retrieved 2026-10-07.,2026-10-07
LTU,2005,population,3322528,WB_SP_POP_TOTL,"World Bank, World Development Indicators (SP.POP.TOTL), sourced from UN World Population Prospects and national statistical offices",https://api.worldbank.org/v2/country/all/indicator/SP.POP.TOTL,evidence/api/wb_SP_POP_TOTL_2001-2022_retrieved_2026-10-07.json,Mid-year,A,annual,,,Read directly from the archived API response (evidence/api/wb_SP_POP_TOTL_2001-2022_retrieved_2026-10-07.json); retrieved 2026-10-07.,2026-10-07
LTU,2006,population,3269909,WB_SP_POP_TOTL,"World Bank, World Development Indicators (SP.POP.TOTL), sourced from UN World Population Prospects and national statistical offices",https://api.worldbank.org/v2/country/all/indicator/SP.POP.TOTL,evidence/api/wb_SP_POP_TOTL_2001-2022_retrieved_2026-10-07.json,Mid-year,A,annual,,,Read directly from the archived API response (evidence/api/wb_SP_POP_TOTL_2001-2022_retrieved_2026-10-07.json); retrieved 2026-10-07.,2026-10-07
LTU,2007,population,3231294,WB_SP_POP_TOTL,"World Bank, World Development Indicators (SP.POP.TOTL), sourced from UN World Population Prospects and national statistical offices",https://api.worldbank.org/v2/country/all/indicator/SP.POP.TOTL,evidence/api/wb_SP_POP_TOTL_2001-2022_retrieved_2026-10-07.json,Mid-year,A,annual,,,Read directly from the archived API response (evidence/api/wb_SP_POP_TOTL_2001-2022_retrieved_2026-10-07.json); retrieved 2026-10-07.,2026-10-07
LTU,2008,population,3198231,WB_SP_POP_TOTL,"World Bank, World Development Indicators (SP.POP.TOTL), sourced from UN World Population Prospects and national statistical offices",https://api.worldbank.org/v2/country/all/indicator/SP.POP.TOTL,evidence/api/wb_SP_POP_TOTL_2001-2022_retrieved_2026-10-07.json,Mid-year,A,annual,,,Read directly from the archived API response (evidence/api/wb_SP_POP_TOTL_2001-2022_retrieved_2026-10-07.json); retrieved 2026-10-07.,2026-10-07
LTU,2009,population,3162916,WB_SP_POP_TOTL,"World Bank, World Development Indicators (SP.POP.TOTL), sourced from UN World Population Prospects and national statistical offices",https://api.worldbank.org/v2/country/all/indicator/SP.POP.TOTL,evidence/api/wb_SP_POP_TOTL_2001-2022_retrieved_2026-10-07.json,Mid-year,A,annual,,,Read directly from the archived API response (evidence/api/wb_SP_POP_TOTL_2001-2022_retrieved_2026-10-07.json); retrieved 2026-10-07.,2026-10-07
MEX,2001,population,100099099,WB_SP_POP_TOTL,"World Bank, World Development Indicators (SP.POP.TOTL), sourced from UN World Population Prospects and national statistical offices",https://api.worldbank.org/v2/country/all/indicator/SP.POP.TOTL,evidence/api/wb_SP_POP_TOTL_2001-2022_retrieved_2026-10-07.json,Mid-year,A,annual,,,Read directly from the archived API response (evidence/api/wb_SP_POP_TOTL_2001-2022_retrieved_2026-10-07.json); retrieved 2026-10-07.,2026-10-07
MEX,2002,population,101548624,WB_SP_POP_TOTL,"World Bank, World Development Indicators (SP.POP.TOTL), sourced from UN World Population Prospects and national statistical offices",https://api.worldbank.org/v2/country/all/indicator/SP.POP.TOTL,evidence/api/wb_SP_POP_TOTL_2001-2022_retrieved_2026-10-07.json,Mid-year,A,annual,,,Read directly from the archived API response (evidence/api/wb_SP_POP_TOTL_2001-2022_retrieved_2026-10-07.json); retrieved 2026-10-07.,2026-10-07
MEX,2003,population,102978515,WB_SP_POP_TOTL,"World Bank, World Development Indicators (SP.POP.TOTL), sourced from UN World Population Prospects and national statistical offices",https://api.worldbank.org/v2/country/all/indicator/SP.POP.TOTL,evidence/api/wb_SP_POP_TOTL_2001-2022_retrieved_2026-10-07.json,Mid-year,A,annual,,,Read directly from the archived API response (evidence/api/wb_SP_POP_TOTL_2001-2022_retrieved_2026-10-07.json); retrieved 2026-10-07.,2026-10-07
MEX,2004,population,104394131,WB_SP_POP_TOTL,"World Bank, World Development Indicators (SP.POP.TOTL), sourced from UN World Population Prospects and national statistical offices",https://api.worldbank.org/v2/country/all/indicator/SP.POP.TOTL,evidence/api/wb_SP_POP_TOTL_2001-2022_retrieved_2026-10-07.json,Mid-year,A,annual,,,Read directly from the archived API response (evidence/api/wb_SP_POP_TOTL_2001-2022_retrieved_2026-10-07.json); retrieved 2026-10-07.,2026-10-07
MEX,2005,population,105811504,WB_SP_POP_TOTL,"World Bank, World Development Indicators (SP.POP.TOTL), sourced from UN World Population Prospects and national statistical offices",https://api.worldbank.org/v2/country/all/indicator/SP.POP.TOTL,evidence/api/wb_SP_POP_TOTL_2001-2022_retrieved_2026-10-07.json,Mid-year,A,annual,,,Read directly from the archived API response (evidence/api/wb_SP_POP_TOTL_2001-2022_retrieved_2026-10-07.json); retrieved 2026-10-07.,2026-10-07
MEX,2006,population,107253666,WB_SP_POP_TOTL,"World Bank, World Development Indicators (SP.POP.TOTL), sourced from UN World Population Prospects and national statistical offices",https://api.worldbank.org/v2/country/all/indicator/SP.POP.TOTL,evidence/api/wb_SP_POP_TOTL_2001-2022_retrieved_2026-10-07.json,Mid-year,A,annual,,,Read directly from the archived API response (evidence/api/wb_SP_POP_TOTL_2001-2022_retrieved_2026-10-07.json); retrieved 2026-10-07.,2026-10-07
MEX,2007,population,108774360,WB_SP_POP_TOTL,"World Bank, World Development Indicators (SP.POP.TOTL), sourced from UN World Population Prospects and national statistical offices",https://api.worldbank.org/v2/country/all/indicator/SP.POP.TOTL,evidence/api/wb_SP_POP_TOTL_2001-2022_retrieved_2026-10-07.json,Mid-year,A,annual,,,Read directly from the archived API response (evidence/api/wb_SP_POP_TOTL_2001-2022_retrieved_2026-10-07.json); retrieved 2026-10-07.,2026-10-07
MEX,2008,population,110374288,WB_SP_POP_TOTL,"World Bank, World Development Indicators (SP.POP.TOTL), sourced from UN World Population Prospects and national statistical offices",https://api.worldbank.org/v2/country/all/indicator/SP.POP.TOTL,evidence/api/wb_SP_POP_TOTL_2001-2022_retrieved_2026-10-07.json,Mid-year,A,annual,,,Read directly from the archived API response (evidence/api/wb_SP_POP_TOTL_2001-2022_retrieved_2026-10-07.json); retrieved 2026-10-07.,2026-10-07
MEX,2009,population,111999721,WB_SP_POP_TOTL,"World Bank, World Development Indicators (SP.POP.TOTL), sourced from UN World Population Prospects and national statistical offices",https://api.worldbank.org/v2/country/all/indicator/SP.POP.TOTL,evidence/api/wb_SP_POP_TOTL_2001-2022_retrieved_2026-10-07.json,Mid-year,A,annual,,,Read directly from the archived API response (evidence/api/wb_SP_POP_TOTL_2001-2022_retrieved_2026-10-07.json); retrieved 2026-10-07.,2026-10-07
NLD,2001,population,16046180,WB_SP_POP_TOTL,"World Bank, World Development Indicators (SP.POP.TOTL), sourced from UN World Population Prospects and national statistical offices",https://api.worldbank.org/v2/country/all/indicator/SP.POP.TOTL,evidence/api/wb_SP_POP_TOTL_2001-2022_retrieved_2026-10-07.json,Mid-year,A,annual,,,Read directly from the archived API response (evidence/api/wb_SP_POP_TOTL_2001-2022_retrieved_2026-10-07.json); retrieved 2026-10-07.,2026-10-07
NLD,2002,population,16148929,WB_SP_POP_TOTL,"World Bank, World Development Indicators (SP.POP.TOTL), sourced from UN World Population Prospects and national statistical offices",https://api.worldbank.org/v2/country/all/indicator/SP.POP.TOTL,evidence/api/wb_SP_POP_TOTL_2001-2022_retrieved_2026-10-07.json,Mid-year,A,annual,,,Read directly from the archived API response (evidence/api/wb_SP_POP_TOTL_2001-2022_retrieved_2026-10-07.json); retrieved 2026-10-07.,2026-10-07
NLD,2003,population,16225302,WB_SP_POP_TOTL,"World Bank, World Development Indicators (SP.POP.TOTL), sourced from UN World Population Prospects and national statistical offices",https://api.worldbank.org/v2/country/all/indicator/SP.POP.TOTL,evidence/api/wb_SP_POP_TOTL_2001-2022_retrieved_2026-10-07.json,Mid-year,A,annual,,,Read directly from the archived API response (evidence/api/wb_SP_POP_TOTL_2001-2022_retrieved_2026-10-07.json); retrieved 2026-10-07.,2026-10-07
NLD,2004,population,16281779,WB_SP_POP_TOTL,"World Bank, World Development Indicators (SP.POP.TOTL), sourced from UN World Population Prospects and national statistical offices",https://api.worldbank.org/v2/country/all/indicator/SP.POP.TOTL,evidence/api/wb_SP_POP_TOTL_2001-2022_retrieved_2026-10-07.json,Mid-year,A,annual,,,Read directly from the archived API response (evidence/api/wb_SP_POP_TOTL_2001-2022_retrieved_2026-10-07.json); retrieved 2026-10-07.,2026-10-07
NLD,2005,population,16319868,WB_SP_POP_TOTL,"World Bank, World Development Indicators (SP.POP.TOTL), sourced from UN World Population Prospects and national statistical offices",https://api.worldbank.org/v2/country/all/indicator/SP.POP.TOTL,evidence/api/wb_SP_POP_TOTL_2001-2022_retrieved_2026-10-07.json,Mid-year,A,annual,,,Read directly from the archived API response (evidence/api/wb_SP_POP_TOTL_2001-2022_retrieved_2026-10-07.json); retrieved 2026-10-07.,2026-10-07
NLD,2006,population,16346101,WB_SP_POP_TOTL,"World Bank, World Development Indicators (SP.POP.TOTL), sourced from UN World Population Prospects and national statistical offices",https://api.worldbank.org/v2/country/all/indicator/SP.POP.TOTL,evidence/api/wb_SP_POP_TOTL_2001-2022_retrieved_2026-10-07.json,Mid-year,A,annual,,,Read directly from the archived API response (evidence/api/wb_SP_POP_TOTL_2001-2022_retrieved_2026-10-07.json); retrieved 2026-10-07.,2026-10-07
NLD,2007,population,16381696,WB_SP_POP_TOTL,"World Bank, World Development Indicators (SP.POP.TOTL), sourced from UN World Population Prospects and national statistical offices",https://api.worldbank.org/v2/country/all/indicator/SP.POP.TOTL,evidence/api/wb_SP_POP_TOTL_2001-2022_retrieved_2026-10-07.json,Mid-year,A,annual,,,Read directly from the archived API response (evidence/api/wb_SP_POP_TOTL_2001-2022_retrieved_2026-10-07.json); retrieved 2026-10-07.,2026-10-07
NLD,2008,population,16445593,WB_SP_POP_TOTL,"World Bank, World Development Indicators (SP.POP.TOTL), sourced from UN World Population Prospects and national statistical offices",https://api.worldbank.org/v2/country/all/indicator/SP.POP.TOTL,evidence/api/wb_SP_POP_TOTL_2001-2022_retrieved_2026-10-07.json,Mid-year,A,annual,,,Read directly from the archived API response (evidence/api/wb_SP_POP_TOTL_2001-2022_retrieved_2026-10-07.json); retrieved 2026-10-07.,2026-10-07
NLD,2009,population,16530388,WB_SP_POP_TOTL,"World Bank, World Development Indicators (SP.POP.TOTL), sourced from UN World Population Prospects and national statistical offices",https://api.worldbank.org/v2/country/all/indicator/SP.POP.TOTL,evidence/api/wb_SP_POP_TOTL_2001-2022_retrieved_2026-10-07.json,Mid-year,A,annual,,,Read directly from the archived API response (evidence/api/wb_SP_POP_TOTL_2001-2022_retrieved_2026-10-07.json); retrieved 2026-10-07.,2026-10-07
NOR,2001,population,4513751,WB_SP_POP_TOTL,"World Bank, World Development Indicators (SP.POP.TOTL), sourced from UN World Population Prospects and national statistical offices",https://api.worldbank.org/v2/country/all/indicator/SP.POP.TOTL,evidence/api/wb_SP_POP_TOTL_2001-2022_retrieved_2026-10-07.json,Mid-year,A,annual,,,Read directly from the archived API response (evidence/api/wb_SP_POP_TOTL_2001-2022_retrieved_2026-10-07.json); retrieved 2026-10-07.,2026-10-07
NOR,2002,population,4538159,WB_SP_POP_TOTL,"World Bank, World Development Indicators (SP.POP.TOTL), sourced from UN World Population Prospects and national statistical offices",https://api.worldbank.org/v2/country/all/indicator/SP.POP.TOTL,evidence/api/wb_SP_POP_TOTL_2001-2022_retrieved_2026-10-07.json,Mid-year,A,annual,,,Read directly from the archived API response (evidence/api/wb_SP_POP_TOTL_2001-2022_retrieved_2026-10-07.json); retrieved 2026-10-07.,2026-10-07
NOR,2003,population,4564855,WB_SP_POP_TOTL,"World Bank, World Development Indicators (SP.POP.TOTL), sourced from UN World Population Prospects and national statistical offices",https://api.worldbank.org/v2/country/all/indicator/SP.POP.TOTL,evidence/api/wb_SP_POP_TOTL_2001-2022_retrieved_2026-10-07.json,Mid-year,A,annual,,,Read directly from the archived API response (evidence/api/wb_SP_POP_TOTL_2001-2022_retrieved_2026-10-07.json); retrieved 2026-10-07.,2026-10-07
NOR,2004,population,4591910,WB_SP_POP_TOTL,"World Bank, World Development Indicators (SP.POP.TOTL), sourced from UN World Population Prospects and national statistical offices",https://api.worldbank.org/v2/country/all/indicator/SP.POP.TOTL,evidence/api/wb_SP_POP_TOTL_2001-2022_retrieved_2026-10-07.json,Mid-year,A,annual,,,Read directly from the archived API response (evidence/api/wb_SP_POP_TOTL_2001-2022_retrieved_2026-10-07.json); retrieved 2026-10-07.,2026-10-07
NOR,2005,population,4623291,WB_SP_POP_TOTL,"World Bank, World Development Indicators (SP.POP.TOTL), sourced from UN World Population Prospects and national statistical offices",https://api.worldbank.org/v2/country/all/indicator/SP.POP.TOTL,evidence/api/wb_SP_POP_TOTL_2001-2022_retrieved_2026-10-07.json,Mid-year,A,annual,,,Read directly from the archived API response (evidence/api/wb_SP_POP_TOTL_2001-2022_retrieved_2026-10-07.json); retrieved 2026-10-07.,2026-10-07
NOR,2006,population,4660677,WB_SP_POP_TOTL,"World Bank, World Development Indicators (SP.POP.TOTL), sourced from UN World Population Prospects and national statistical offices",https://api.worldbank.org/v2/country/all/indicator/SP.POP.TOTL,evidence/api/wb_SP_POP_TOTL_2001-2022_retrieved_2026-10-07.json,Mid-year,A,annual,,,Read directly from the archived API response (evidence/api/wb_SP_POP_TOTL_2001-2022_retrieved_2026-10-07.json); retrieved 2026-10-07.,2026-10-07
NOR,2007,population,4709153,WB_SP_POP_TOTL,"World Bank, World Development Indicators (SP.POP.TOTL), sourced from UN World Population Prospects and national statistical offices",https://api.worldbank.org/v2/country/all/indicator/SP.POP.TOTL,evidence/api/wb_SP_POP_TOTL_2001-2022_retrieved_2026-10-07.json,Mid-year,A,annual,,,Read directly from the archived API response (evidence/api/wb_SP_POP_TOTL_2001-2022_retrieved_2026-10-07.json); retrieved 2026-10-07.,2026-10-07
NOR,2008,population,4768212,WB_SP_POP_TOTL,"World Bank, World Development Indicators (SP.POP.TOTL), sourced from UN World Population Prospects and national statistical offices",https://api.worldbank.org/v2/country/all/indicator/SP.POP.TOTL,evidence/api/wb_SP_POP_TOTL_2001-2022_retrieved_2026-10-07.json,Mid-year,A,annual,,,Read directly from the archived API response (evidence/api/wb_SP_POP_TOTL_2001-2022_retrieved_2026-10-07.json); retrieved 2026-10-07.,2026-10-07
NOR,2009,population,4828726,WB_SP_POP_TOTL,"World Bank, World Development Indicators (SP.POP.TOTL), sourced from UN World Population Prospects and national statistical offices",https://api.worldbank.org/v2/country/all/indicator/SP.POP.TOTL,evidence/api/wb_SP_POP_TOTL_2001-2022_retrieved_2026-10-07.json,Mid-year,A,annual,,,Read directly from the archived API response (evidence/api/wb_SP_POP_TOTL_2001-2022_retrieved_2026-10-07.json); retrieved 2026-10-07.,2026-10-07
NZL,2001,population,3880500,WB_SP_POP_TOTL,"World Bank, World Development Indicators (SP.POP.TOTL), sourced from UN World Population Prospects and national statistical offices",https://api.worldbank.org/v2/country/all/indicator/SP.POP.TOTL,evidence/api/wb_SP_POP_TOTL_2001-2022_retrieved_2026-10-07.json,Mid-year,A,annual,,,Read directly from the archived API response (evidence/api/wb_SP_POP_TOTL_2001-2022_retrieved_2026-10-07.json); retrieved 2026-10-07.,2026-10-07
NZL,2002,population,3948500,WB_SP_POP_TOTL,"World Bank, World Development Indicators (SP.POP.TOTL), sourced from UN World Population Prospects and national statistical offices",https://api.worldbank.org/v2/country/all/indicator/SP.POP.TOTL,evidence/api/wb_SP_POP_TOTL_2001-2022_retrieved_2026-10-07.json,Mid-year,A,annual,,,Read directly from the archived API response (evidence/api/wb_SP_POP_TOTL_2001-2022_retrieved_2026-10-07.json); retrieved 2026-10-07.,2026-10-07
NZL,2003,population,4027200,WB_SP_POP_TOTL,"World Bank, World Development Indicators (SP.POP.TOTL), sourced from UN World Population Prospects and national statistical offices",https://api.worldbank.org/v2/country/all/indicator/SP.POP.TOTL,evidence/api/wb_SP_POP_TOTL_2001-2022_retrieved_2026-10-07.json,Mid-year,A,annual,,,Read directly from the archived API response (evidence/api/wb_SP_POP_TOTL_2001-2022_retrieved_2026-10-07.json); retrieved 2026-10-07.,2026-10-07
NZL,2004,population,4087500,WB_SP_POP_TOTL,"World Bank, World Development Indicators (SP.POP.TOTL), sourced from UN World Population Prospects and national statistical offices",https://api.worldbank.org/v2/country/all/indicator/SP.POP.TOTL,evidence/api/wb_SP_POP_TOTL_2001-2022_retrieved_2026-10-07.json,Mid-year,A,annual,,,Read directly from the archived API response (evidence/api/wb_SP_POP_TOTL_2001-2022_retrieved_2026-10-07.json); retrieved 2026-10-07.,2026-10-07
NZL,2005,population,4133900,WB_SP_POP_TOTL,"World Bank, World Development Indicators (SP.POP.TOTL), sourced from UN World Population Prospects and national statistical offices",https://api.worldbank.org/v2/country/all/indicator/SP.POP.TOTL,evidence/api/wb_SP_POP_TOTL_2001-2022_retrieved_2026-10-07.json,Mid-year,A,annual,,,Read directly from the archived API response (evidence/api/wb_SP_POP_TOTL_2001-2022_retrieved_2026-10-07.json); retrieved 2026-10-07.,2026-10-07
NZL,2006,population,4184600,WB_SP_POP_TOTL,"World Bank, World Development Indicators (SP.POP.TOTL), sourced from UN World Population Prospects and national statistical offices",https://api.worldbank.org/v2/country/all/indicator/SP.POP.TOTL,evidence/api/wb_SP_POP_TOTL_2001-2022_retrieved_2026-10-07.json,Mid-year,A,annual,,,Read directly from the archived API response (evidence/api/wb_SP_POP_TOTL_2001-2022_retrieved_2026-10-07.json); retrieved 2026-10-07.,2026-10-07
NZL,2007,population,4223800,WB_SP_POP_TOTL,"World Bank, World Development Indicators (SP.POP.TOTL), sourced from UN World Population Prospects and national statistical offices",https://api.worldbank.org/v2/country/all/indicator/SP.POP.TOTL,evidence/api/wb_SP_POP_TOTL_2001-2022_retrieved_2026-10-07.json,Mid-year,A,annual,,,Read directly from the archived API response (evidence/api/wb_SP_POP_TOTL_2001-2022_retrieved_2026-10-07.json); retrieved 2026-10-07.,2026-10-07
NZL,2008,population,4259800,WB_SP_POP_TOTL,"World Bank, World Development Indicators (SP.POP.TOTL), sourced from UN World Population Prospects and national statistical offices",https://api.worldbank.org/v2/country/all/indicator/SP.POP.TOTL,evidence/api/wb_SP_POP_TOTL_2001-2022_retrieved_2026-10-07.json,Mid-year,A,annual,,,Read directly from the archived API response (evidence/api/wb_SP_POP_TOTL_2001-2022_retrieved_2026-10-07.json); retrieved 2026-10-07.,2026-10-07
NZL,2009,population,4302600,WB_SP_POP_TOTL,"World Bank, World Development Indicators (SP.POP.TOTL), sourced from UN World Population Prospects and national statistical offices",https://api.worldbank.org/v2/country/all/indicator/SP.POP.TOTL,evidence/api/wb_SP_POP_TOTL_2001-2022_retrieved_2026-10-07.json,Mid-year,A,annual,,,Read directly from the archived API response (evidence/api/wb_SP_POP_TOTL_2001-2022_retrieved_2026-10-07.json); retrieved 2026-10-07.,2026-10-07
PHL,2001,population,81401488,WB_SP_POP_TOTL,"World Bank, World Development Indicators (SP.POP.TOTL), sourced from UN World Population Prospects and national statistical offices",https://api.worldbank.org/v2/country/all/indicator/SP.POP.TOTL,evidence/api/wb_SP_POP_TOTL_2001-2022_retrieved_2026-10-07.json,Mid-year,A,annual,,,Read directly from the archived API response (evidence/api/wb_SP_POP_TOTL_2001-2022_retrieved_2026-10-07.json); retrieved 2026-10-07.,2026-10-07
PHL,2002,population,83068889,WB_SP_POP_TOTL,"World Bank, World Development Indicators (SP.POP.TOTL), sourced from UN World Population Prospects and national statistical offices",https://api.worldbank.org/v2/country/all/indicator/SP.POP.TOTL,evidence/api/wb_SP_POP_TOTL_2001-2022_retrieved_2026-10-07.json,Mid-year,A,annual,,,Read directly from the archived API response (evidence/api/wb_SP_POP_TOTL_2001-2022_retrieved_2026-10-07.json); retrieved 2026-10-07.,2026-10-07
PHL,2003,population,84731835,WB_SP_POP_TOTL,"World Bank, World Development Indicators (SP.POP.TOTL), sourced from UN World Population Prospects and national statistical offices",https://api.worldbank.org/v2/country/all/indicator/SP.POP.TOTL,evidence/api/wb_SP_POP_TOTL_2001-2022_retrieved_2026-10-07.json,Mid-year,A,annual,,,Read directly from the archived API response (evidence/api/wb_SP_POP_TOTL_2001-2022_retrieved_2026-10-07.json); retrieved 2026-10-07.,2026-10-07
PHL,2004,population,86394504,WB_SP_POP_TOTL,"World Bank, World Development Indicators (SP.POP.TOTL), sourced from UN World Population Prospects and national statistical offices",https://api.worldbank.org/v2/country/all/indicator/SP.POP.TOTL,evidence/api/wb_SP_POP_TOTL_2001-2022_retrieved_2026-10-07.json,Mid-year,A,annual,,,Read directly from the archived API response (evidence/api/wb_SP_POP_TOTL_2001-2022_retrieved_2026-10-07.json); retrieved 2026-10-07.,2026-10-07
PHL,2005,population,88015962,WB_SP_POP_TOTL,"World Bank, World Development Indicators (SP.POP.TOTL), sourced from UN World Population Prospects and national statistical offices",https://api.worldbank.org/v2/country/all/indicator/SP.POP.TOTL,evidence/api/wb_SP_POP_TOTL_2001-2022_retrieved_2026-10-07.json,Mid-year,A,annual,,,Read directly from the archived API response (evidence/api/wb_SP_POP_TOTL_2001-2022_retrieved_2026-10-07.json); retrieved 2026-10-07.,2026-10-07
PHL,2006,population,89508986,WB_SP_POP_TOTL,"World Bank, World Development Indicators (SP.POP.TOTL), sourced from UN World Population Prospects and national statistical offices",https://api.worldbank.org/v2/country/all/indicator/SP.POP.TOTL,evidence/api/wb_SP_POP_TOTL_2001-2022_retrieved_2026-10-07.json,Mid-year,A,annual,,,Read directly from the archived API response (evidence/api/wb_SP_POP_TOTL_2001-2022_retrieved_2026-10-07.json); retrieved 2026-10-07.,2026-10-07
PHL,2007,population,91075184,WB_SP_POP_TOTL,"World Bank, World Development Indicators (SP.POP.TOTL), sourced from UN World Population Prospects and national statistical offices",https://api.worldbank.org/v2/country/all/indicator/SP.POP.TOTL,evidence/api/wb_SP_POP_TOTL_2001-2022_retrieved_2026-10-07.json,Mid-year,A,annual,,,Read directly from the archived API response (evidence/api/wb_SP_POP_TOTL_2001-2022_retrieved_2026-10-07.json); retrieved 2026-10-07.,2026-10-07
PHL,2008,population,92699095,WB_SP_POP_TOTL,"World Bank, World Development Indicators (SP.POP.TOTL), sourced from UN World Population Prospects and national statistical offices",https://api.worldbank.org/v2/country/all/indicator/SP.POP.TOTL,evidence/api/wb_SP_POP_TOTL_2001-2022_retrieved_2026-10-07.json,Mid-year,A,annual,,,Read directly from the archived API response (evidence/api/wb_SP_POP_TOTL_2001-2022_retrieved_2026-10-07.json); retrieved 2026-10-07.,2026-10-07
PHL,2009,population,94384250,WB_SP_POP_TOTL,"World Bank, World Development Indicators (SP.POP.TOTL), sourced from UN World Population Prospects and national statistical offices",https://api.worldbank.org/v2/country/all/indicator/SP.POP.TOTL,evidence/api/wb_SP_POP_TOTL_2001-2022_retrieved_2026-10-07.json,Mid-year,A,annual,,,Read directly from the archived API response (evidence/api/wb_SP_POP_TOTL_2001-2022_retrieved_2026-10-07.json); retrieved 2026-10-07.,2026-10-07
POL,2001,population,38248076,WB_SP_POP_TOTL,"World Bank, World Development Indicators (SP.POP.TOTL), sourced from UN World Population Prospects and national statistical offices",https://api.worldbank.org/v2/country/all/indicator/SP.POP.TOTL,evidence/api/wb_SP_POP_TOTL_2001-2022_retrieved_2026-10-07.json,Mid-year,A,annual,,,Read directly from the archived API response (evidence/api/wb_SP_POP_TOTL_2001-2022_retrieved_2026-10-07.json); retrieved 2026-10-07.,2026-10-07
POL,2002,population,38230364,WB_SP_POP_TOTL,"World Bank, World Development Indicators (SP.POP.TOTL), sourced from UN World Population Prospects and national statistical offices",https://api.worldbank.org/v2/country/all/indicator/SP.POP.TOTL,evidence/api/wb_SP_POP_TOTL_2001-2022_retrieved_2026-10-07.json,Mid-year,A,annual,,,Read directly from the archived API response (evidence/api/wb_SP_POP_TOTL_2001-2022_retrieved_2026-10-07.json); retrieved 2026-10-07.,2026-10-07
POL,2003,population,38204570,WB_SP_POP_TOTL,"World Bank, World Development Indicators (SP.POP.TOTL), sourced from UN World Population Prospects and national statistical offices",https://api.worldbank.org/v2/country/all/indicator/SP.POP.TOTL,evidence/api/wb_SP_POP_TOTL_2001-2022_retrieved_2026-10-07.json,Mid-year,A,annual,,,Read directly from the archived API response (evidence/api/wb_SP_POP_TOTL_2001-2022_retrieved_2026-10-07.json); retrieved 2026-10-07.,2026-10-07
POL,2004,population,38182222,WB_SP_POP_TOTL,"World Bank, World Development Indicators (SP.POP.TOTL), sourced from UN World Population Prospects and national statistical offices",https://api.worldbank.org/v2/country/all/indicator/SP.POP.TOTL,evidence/api/wb_SP_POP_TOTL_2001-2022_retrieved_2026-10-07.json,Mid-year,A,annual,,,Read directly from the archived API response (evidence/api/wb_SP_POP_TOTL_2001-2022_retrieved_2026-10-07.json); retrieved 2026-10-07.,2026-10-07
POL,2005,population,38165445,WB_SP_POP_TOTL,"World Bank, World Development Indicators (SP.POP.TOTL), sourced from UN World Population Prospects and national statistical offices",https://api.worldbank.org/v2/country/all/indicator/SP.POP.TOTL,evidence/api/wb_SP_POP_TOTL_2001-2022_retrieved_2026-10-07.json,Mid-year,A,annual,,,Read directly from the archived API response (evidence/api/wb_SP_POP_TOTL_2001-2022_retrieved_2026-10-07.json); retrieved 2026-10-07.,2026-10-07
POL,2006,population,38141267,WB_SP_POP_TOTL,"World Bank, World Development Indicators (SP.POP.TOTL), sourced from UN World Population Prospects and national statistical offices",https://api.worldbank.org/v2/country/all/indicator/SP.POP.TOTL,evidence/api/wb_SP_POP_TOTL_2001-2022_retrieved_2026-10-07.json,Mid-year,A,annual,,,Read directly from the archived API response (evidence/api/wb_SP_POP_TOTL_2001-2022_retrieved_2026-10-07.json); retrieved 2026-10-07.,2026-10-07
POL,2007,population,38120560,WB_SP_POP_TOTL,"World Bank, World Development Indicators (SP.POP.TOTL), sourced from UN World Population Prospects and national statistical offices",https://api.worldbank.org/v2/country/all/indicator/SP.POP.TOTL,evidence/api/wb_SP_POP_TOTL_2001-2022_retrieved_2026-10-07.json,Mid-year,A,annual,,,Read directly from the archived API response (evidence/api/wb_SP_POP_TOTL_2001-2022_retrieved_2026-10-07.json); retrieved 2026-10-07.,2026-10-07
POL,2008,population,38125759,WB_SP_POP_TOTL,"World Bank, World Development Indicators (SP.POP.TOTL), sourced from UN World Population Prospects and national statistical offices",https://api.worldbank.org/v2/country/all/indicator/SP.POP.TOTL,evidence/api/wb_SP_POP_TOTL_2001-2022_retrieved_2026-10-07.json,Mid-year,A,annual,,,Read directly from the archived API response (evidence/api/wb_SP_POP_TOTL_2001-2022_retrieved_2026-10-07.json); retrieved 2026-10-07.,2026-10-07
POL,2009,population,38151603,WB_SP_POP_TOTL,"World Bank, World Development Indicators (SP.POP.TOTL), sourced from UN World Population Prospects and national statistical offices",https://api.worldbank.org/v2/country/all/indicator/SP.POP.TOTL,evidence/api/wb_SP_POP_TOTL_2001-2022_retrieved_2026-10-07.json,Mid-year,A,annual,,,Read directly from the archived API response (evidence/api/wb_SP_POP_TOTL_2001-2022_retrieved_2026-10-07.json); retrieved 2026-10-07.,2026-10-07
PRT,2001,population,10362722,WB_SP_POP_TOTL,"World Bank, World Development Indicators (SP.POP.TOTL), sourced from UN World Population Prospects and national statistical offices",https://api.worldbank.org/v2/country/all/indicator/SP.POP.TOTL,evidence/api/wb_SP_POP_TOTL_2001-2022_retrieved_2026-10-07.json,Mid-year,A,annual,,,Read directly from the archived API response (evidence/api/wb_SP_POP_TOTL_2001-2022_retrieved_2026-10-07.json); retrieved 2026-10-07.,2026-10-07
PRT,2002,population,10419631,WB_SP_POP_TOTL,"World Bank, World Development Indicators (SP.POP.TOTL), sourced from UN World Population Prospects and national statistical offices",https://api.worldbank.org/v2/country/all/indicator/SP.POP.TOTL,evidence/api/wb_SP_POP_TOTL_2001-2022_retrieved_2026-10-07.json,Mid-year,A,annual,,,Read directly from the archived API response (evidence/api/wb_SP_POP_TOTL_2001-2022_retrieved_2026-10-07.json); retrieved 2026-10-07.,2026-10-07
PRT,2003,population,10458821,WB_SP_POP_TOTL,"World Bank, World Development Indicators (SP.POP.TOTL), sourced from UN World Population Prospects and national statistical offices",https://api.worldbank.org/v2/country/all/indicator/SP.POP.TOTL,evidence/api/wb_SP_POP_TOTL_2001-2022_retrieved_2026-10-07.json,Mid-year,A,annual,,,Read directly from the archived API response (evidence/api/wb_SP_POP_TOTL_2001-2022_retrieved_2026-10-07.json); retrieved 2026-10-07.,2026-10-07
PRT,2004,population,10483861,WB_SP_POP_TOTL,"World Bank, World Development Indicators (SP.POP.TOTL), sourced from UN World Population Prospects and national statistical offices",https://api.worldbank.org/v2/country/all/indicator/SP.POP.TOTL,evidence/api/wb_SP_POP_TOTL_2001-2022_retrieved_2026-10-07.json,Mid-year,A,annual,,,Read directly from the archived API response (evidence/api/wb_SP_POP_TOTL_2001-2022_retrieved_2026-10-07.json); retrieved 2026-10-07.,2026-10-07
PRT,2005,population,10503330,WB_SP_POP_TOTL,"World Bank, World Development Indicators (SP.POP.TOTL), sourced from UN World Population Prospects and national statistical offices",https://api.worldbank.org/v2/country/all/indicator/SP.POP.TOTL,evidence/api/wb_SP_POP_TOTL_2001-2022_retrieved_2026-10-07.json,Mid-year,A,annual,,,Read directly from the archived API response (evidence/api/wb_SP_POP_TOTL_2001-2022_retrieved_2026-10-07.json); retrieved 2026-10-07.,2026-10-07
PRT,2006,population,10522288,WB_SP_POP_TOTL,"World Bank, World Development Indicators (SP.POP.TOTL), sourced from UN World Population Prospects and national statistical offices",https://api.worldbank.org/v2/country/all/indicator/SP.POP.TOTL,evidence/api/wb_SP_POP_TOTL_2001-2022_retrieved_2026-10-07.json,Mid-year,A,annual,,,Read directly from the archived API response (evidence/api/wb_SP_POP_TOTL_2001-2022_retrieved_2026-10-07.json); retrieved 2026-10-07.,2026-10-07
PRT,2007,population,10542964,WB_SP_POP_TOTL,"World Bank, World Development Indicators (SP.POP.TOTL), sourced from UN World Population Prospects and national statistical offices",https://api.worldbank.org/v2/country/all/indicator/SP.POP.TOTL,evidence/api/wb_SP_POP_TOTL_2001-2022_retrieved_2026-10-07.json,Mid-year,A,annual,,,Read directly from the archived API response (evidence/api/wb_SP_POP_TOTL_2001-2022_retrieved_2026-10-07.json); retrieved 2026-10-07.,2026-10-07
PRT,2008,population,10558177,WB_SP_POP_TOTL,"World Bank, World Development Indicators (SP.POP.TOTL), sourced from UN World Population Prospects and national statistical offices",https://api.worldbank.org/v2/country/all/indicator/SP.POP.TOTL,evidence/api/wb_SP_POP_TOTL_2001-2022_retrieved_2026-10-07.json,Mid-year,A,annual,,,Read directly from the archived API response (evidence/api/wb_SP_POP_TOTL_2001-2022_retrieved_2026-10-07.json); retrieved 2026-10-07.,2026-10-07
PRT,2009,population,10568247,WB_SP_POP_TOTL,"World Bank, World Development Indicators (SP.POP.TOTL), sourced from UN World Population Prospects and national statistical offices",https://api.worldbank.org/v2/country/all/indicator/SP.POP.TOTL,evidence/api/wb_SP_POP_TOTL_2001-2022_retrieved_2026-10-07.json,Mid-year,A,annual,,,Read directly from the archived API response (evidence/api/wb_SP_POP_TOTL_2001-2022_retrieved_2026-10-07.json); retrieved 2026-10-07.,2026-10-07
RUS,2001,population,145976482,WB_SP_POP_TOTL,"World Bank, World Development Indicators (SP.POP.TOTL), sourced from UN World Population Prospects and national statistical offices",https://api.worldbank.org/v2/country/all/indicator/SP.POP.TOTL,evidence/api/wb_SP_POP_TOTL_2001-2022_retrieved_2026-10-07.json,Mid-year,A,annual,,,Read directly from the archived API response (evidence/api/wb_SP_POP_TOTL_2001-2022_retrieved_2026-10-07.json); retrieved 2026-10-07.,2026-10-07
RUS,2002,population,145306497,WB_SP_POP_TOTL,"World Bank, World Development Indicators (SP.POP.TOTL), sourced from UN World Population Prospects and national statistical offices",https://api.worldbank.org/v2/country/all/indicator/SP.POP.TOTL,evidence/api/wb_SP_POP_TOTL_2001-2022_retrieved_2026-10-07.json,Mid-year,A,annual,,,Read directly from the archived API response (evidence/api/wb_SP_POP_TOTL_2001-2022_retrieved_2026-10-07.json); retrieved 2026-10-07.,2026-10-07
RUS,2003,population,144648618,WB_SP_POP_TOTL,"World Bank, World Development Indicators (SP.POP.TOTL), sourced from UN World Population Prospects and national statistical offices",https://api.worldbank.org/v2/country/all/indicator/SP.POP.TOTL,evidence/api/wb_SP_POP_TOTL_2001-2022_retrieved_2026-10-07.json,Mid-year,A,annual,,,Read directly from the archived API response (evidence/api/wb_SP_POP_TOTL_2001-2022_retrieved_2026-10-07.json); retrieved 2026-10-07.,2026-10-07
RUS,2004,population,144067316,WB_SP_POP_TOTL,"World Bank, World Development Indicators (SP.POP.TOTL), sourced from UN World Population Prospects and national statistical offices",https://api.worldbank.org/v2/country/all/indicator/SP.POP.TOTL,evidence/api/wb_SP_POP_TOTL_2001-2022_retrieved_2026-10-07.json,Mid-year,A,annual,,,Read directly from the archived API response (evidence/api/wb_SP_POP_TOTL_2001-2022_retrieved_2026-10-07.json); retrieved 2026-10-07.,2026-10-07
RUS,2005,population,143518814,WB_SP_POP_TOTL,"World Bank, World Development Indicators (SP.POP.TOTL), sourced from UN World Population Prospects and national statistical offices",https://api.worldbank.org/v2/country/all/indicator/SP.POP.TOTL,evidence/api/wb_SP_POP_TOTL_2001-2022_retrieved_2026-10-07.json,Mid-year,A,annual,,,Read directly from the archived API response (evidence/api/wb_SP_POP_TOTL_2001-2022_retrieved_2026-10-07.json); retrieved 2026-10-07.,2026-10-07
RUS,2006,population,143049637,WB_SP_POP_TOTL,"World Bank, World Development Indicators (SP.POP.TOTL), sourced from UN World Population Prospects and national statistical offices",https://api.worldbank.org/v2/country/all/indicator/SP.POP.TOTL,evidence/api/wb_SP_POP_TOTL_2001-2022_retrieved_2026-10-07.json,Mid-year,A,annual,,,Read directly from the archived API response (evidence/api/wb_SP_POP_TOTL_2001-2022_retrieved_2026-10-07.json); retrieved 2026-10-07.,2026-10-07
RUS,2007,population,142805114,WB_SP_POP_TOTL,"World Bank, World Development Indicators (SP.POP.TOTL), sourced from UN World Population Prospects and national statistical offices",https://api.worldbank.org/v2/country/all/indicator/SP.POP.TOTL,evidence/api/wb_SP_POP_TOTL_2001-2022_retrieved_2026-10-07.json,Mid-year,A,annual,,,Read directly from the archived API response (evidence/api/wb_SP_POP_TOTL_2001-2022_retrieved_2026-10-07.json); retrieved 2026-10-07.,2026-10-07
RUS,2008,population,142742366,WB_SP_POP_TOTL,"World Bank, World Development Indicators (SP.POP.TOTL), sourced from UN World Population Prospects and national statistical offices",https://api.worldbank.org/v2/country/all/indicator/SP.POP.TOTL,evidence/api/wb_SP_POP_TOTL_2001-2022_retrieved_2026-10-07.json,Mid-year,A,annual,,,Read directly from the archived API response (evidence/api/wb_SP_POP_TOTL_2001-2022_retrieved_2026-10-07.json); retrieved 2026-10-07.,2026-10-07
RUS,2009,population,142785348,WB_SP_POP_TOTL,"World Bank, World Development Indicators (SP.POP.TOTL), sourced from UN World Population Prospects and national statistical offices",https://api.worldbank.org/v2/country/all/indicator/SP.POP.TOTL,evidence/api/wb_SP_POP_TOTL_2001-2022_retrieved_2026-10-07.json,Mid-year,A,annual,,,Read directly from the archived API response (evidence/api/wb_SP_POP_TOTL_2001-2022_retrieved_2026-10-07.json); retrieved 2026-10-07.,2026-10-07
SUR,2001,population,486560,WB_SP_POP_TOTL,"World Bank, World Development Indicators (SP.POP.TOTL), sourced from UN World Population Prospects and national statistical offices",https://api.worldbank.org/v2/country/all/indicator/SP.POP.TOTL,evidence/api/wb_SP_POP_TOTL_2001-2022_retrieved_2026-10-07.json,Mid-year,A,annual,,,Read directly from the archived API response (evidence/api/wb_SP_POP_TOTL_2001-2022_retrieved_2026-10-07.json); retrieved 2026-10-07.,2026-10-07
SUR,2002,population,496551,WB_SP_POP_TOTL,"World Bank, World Development Indicators (SP.POP.TOTL), sourced from UN World Population Prospects and national statistical offices",https://api.worldbank.org/v2/country/all/indicator/SP.POP.TOTL,evidence/api/wb_SP_POP_TOTL_2001-2022_retrieved_2026-10-07.json,Mid-year,A,annual,,,Read directly from the archived API response (evidence/api/wb_SP_POP_TOTL_2001-2022_retrieved_2026-10-07.json); retrieved 2026-10-07.,2026-10-07
SUR,2003,population,506414,WB_SP_POP_TOTL,"World Bank, World Development Indicators (SP.POP.TOTL), sourced from UN World Population Prospects and national statistical offices",https://api.worldbank.org/v2/country/all/indicator/SP.POP.TOTL,evidence/api/wb_SP_POP_TOTL_2001-2022_retrieved_2026-10-07.json,Mid-year,A,annual,,,Read directly from the archived API response (evidence/api/wb_SP_POP_TOTL_2001-2022_retrieved_2026-10-07.json); retrieved 2026-10-07.,2026-10-07
SUR,2004,population,513923,WB_SP_POP_TOTL,"World Bank, World Development Indicators (SP.POP.TOTL), sourced from UN World Population Prospects and national statistical offices",https://api.worldbank.org/v2/country/all/indicator/SP.POP.TOTL,evidence/api/wb_SP_POP_TOTL_2001-2022_retrieved_2026-10-07.json,Mid-year,A,annual,,,Read directly from the archived API response (evidence/api/wb_SP_POP_TOTL_2001-2022_retrieved_2026-10-07.json); retrieved 2026-10-07.,2026-10-07
SUR,2005,population,519313,WB_SP_POP_TOTL,"World Bank, World Development Indicators (SP.POP.TOTL), sourced from UN World Population Prospects and national statistical offices",https://api.worldbank.org/v2/country/all/indicator/SP.POP.TOTL,evidence/api/wb_SP_POP_TOTL_2001-2022_retrieved_2026-10-07.json,Mid-year,A,annual,,,Read directly from the archived API response (evidence/api/wb_SP_POP_TOTL_2001-2022_retrieved_2026-10-07.json); retrieved 2026-10-07.,2026-10-07
SUR,2006,population,524997,WB_SP_POP_TOTL,"World Bank, World Development Indicators (SP.POP.TOTL), sourced from UN World Population Prospects and national statistical offices",https://api.worldbank.org/v2/country/all/indicator/SP.POP.TOTL,evidence/api/wb_SP_POP_TOTL_2001-2022_retrieved_2026-10-07.json,Mid-year,A,annual,,,Read directly from the archived API response (evidence/api/wb_SP_POP_TOTL_2001-2022_retrieved_2026-10-07.json); retrieved 2026-10-07.,2026-10-07
SUR,2007,population,531016,WB_SP_POP_TOTL,"World Bank, World Development Indicators (SP.POP.TOTL), sourced from UN World Population Prospects and national statistical offices",https://api.worldbank.org/v2/country/all/indicator/SP.POP.TOTL,evidence/api/wb_SP_POP_TOTL_2001-2022_retrieved_2026-10-07.json,Mid-year,A,annual,,,Read directly from the archived API response (evidence/api/wb_SP_POP_TOTL_2001-2022_retrieved_2026-10-07.json); retrieved 2026-10-07.,2026-10-07
SUR,2008,population,537245,WB_SP_POP_TOTL,"World Bank, World Development Indicators (SP.POP.TOTL), sourced from UN World Population Prospects and national statistical offices",https://api.worldbank.org/v2/country/all/indicator/SP.POP.TOTL,evidence/api/wb_SP_POP_TOTL_2001-2022_retrieved_2026-10-07.json,Mid-year,A,annual,,,Read directly from the archived API response (evidence/api/wb_SP_POP_TOTL_2001-2022_retrieved_2026-10-07.json); retrieved 2026-10-07.,2026-10-07
SUR,2009,population,543568,WB_SP_POP_TOTL,"World Bank, World Development Indicators (SP.POP.TOTL), sourced from UN World Population Prospects and national statistical offices",https://api.worldbank.org/v2/country/all/indicator/SP.POP.TOTL,evidence/api/wb_SP_POP_TOTL_2001-2022_retrieved_2026-10-07.json,Mid-year,A,annual,,,Read directly from the archived API response (evidence/api/wb_SP_POP_TOTL_2001-2022_retrieved_2026-10-07.json); retrieved 2026-10-07.,2026-10-07
SVK,2001,population,5378867,WB_SP_POP_TOTL,"World Bank, World Development Indicators (SP.POP.TOTL), sourced from UN World Population Prospects and national statistical offices",https://api.worldbank.org/v2/country/all/indicator/SP.POP.TOTL,evidence/api/wb_SP_POP_TOTL_2001-2022_retrieved_2026-10-07.json,Mid-year,A,annual,,,Read directly from the archived API response (evidence/api/wb_SP_POP_TOTL_2001-2022_retrieved_2026-10-07.json); retrieved 2026-10-07.,2026-10-07
SVK,2002,population,5376912,WB_SP_POP_TOTL,"World Bank, World Development Indicators (SP.POP.TOTL), sourced from UN World Population Prospects and national statistical offices",https://api.worldbank.org/v2/country/all/indicator/SP.POP.TOTL,evidence/api/wb_SP_POP_TOTL_2001-2022_retrieved_2026-10-07.json,Mid-year,A,annual,,,Read directly from the archived API response (evidence/api/wb_SP_POP_TOTL_2001-2022_retrieved_2026-10-07.json); retrieved 2026-10-07.,2026-10-07
SVK,2003,population,5373374,WB_SP_POP_TOTL,"World Bank, World Development Indicators (SP.POP.TOTL), sourced from UN World Population Prospects and national statistical offices",https://api.worldbank.org/v2/country/all/indicator/SP.POP.TOTL,evidence/api/wb_SP_POP_TOTL_2001-2022_retrieved_2026-10-07.json,Mid-year,A,annual,,,Read directly from the archived API response (evidence/api/wb_SP_POP_TOTL_2001-2022_retrieved_2026-10-07.json); retrieved 2026-10-07.,2026-10-07
SVK,2004,population,5372280,WB_SP_POP_TOTL,"World Bank, World Development Indicators (SP.POP.TOTL), sourced from UN World Population Prospects and national statistical offices",https://api.worldbank.org/v2/country/all/indicator/SP.POP.TOTL,evidence/api/wb_SP_POP_TOTL_2001-2022_retrieved_2026-10-07.json,Mid-year,A,annual,,,Read directly from the archived API response (evidence/api/wb_SP_POP_TOTL_2001-2022_retrieved_2026-10-07.json); retrieved 2026-10-07.,2026-10-07
SVK,2005,population,5372807,WB_SP_POP_TOTL,"World Bank, World Development Indicators (SP.POP.TOTL), sourced from UN World Population Prospects and national statistical offices",https://api.worldbank.org/v2/country/all/indicator/SP.POP.TOTL,evidence/api/wb_SP_POP_TOTL_2001-2022_retrieved_2026-10-07.json,Mid-year,A,annual,,,Read directly from the archived API response (evidence/api/wb_SP_POP_TOTL_2001-2022_retrieved_2026-10-07.json); retrieved 2026-10-07.,2026-10-07
SVK,2006,population,5373054,WB_SP_POP_TOTL,"World Bank, World Development Indicators (SP.POP.TOTL), sourced from UN World Population Prospects and national statistical offices",https://api.worldbank.org/v2/country/all/indicator/SP.POP.TOTL,evidence/api/wb_SP_POP_TOTL_2001-2022_retrieved_2026-10-07.json,Mid-year,A,annual,,,Read directly from the archived API response (evidence/api/wb_SP_POP_TOTL_2001-2022_retrieved_2026-10-07.json); retrieved 2026-10-07.,2026-10-07
SVK,2007,population,5374622,WB_SP_POP_TOTL,"World Bank, World Development Indicators (SP.POP.TOTL), sourced from UN World Population Prospects and national statistical offices",https://api.worldbank.org/v2/country/all/indicator/SP.POP.TOTL,evidence/api/wb_SP_POP_TOTL_2001-2022_retrieved_2026-10-07.json,Mid-year,A,annual,,,Read directly from the archived API response (evidence/api/wb_SP_POP_TOTL_2001-2022_retrieved_2026-10-07.json); retrieved 2026-10-07.,2026-10-07
SVK,2008,population,5379233,WB_SP_POP_TOTL,"World Bank, World Development Indicators (SP.POP.TOTL), sourced from UN World Population Prospects and national statistical offices",https://api.worldbank.org/v2/country/all/indicator/SP.POP.TOTL,evidence/api/wb_SP_POP_TOTL_2001-2022_retrieved_2026-10-07.json,Mid-year,A,annual,,,Read directly from the archived API response (evidence/api/wb_SP_POP_TOTL_2001-2022_retrieved_2026-10-07.json); retrieved 2026-10-07.,2026-10-07
SVK,2009,population,5386406,WB_SP_POP_TOTL,"World Bank, World Development Indicators (SP.POP.TOTL), sourced from UN World Population Prospects and national statistical offices",https://api.worldbank.org/v2/country/all/indicator/SP.POP.TOTL,evidence/api/wb_SP_POP_TOTL_2001-2022_retrieved_2026-10-07.json,Mid-year,A,annual,,,Read directly from the archived API response (evidence/api/wb_SP_POP_TOTL_2001-2022_retrieved_2026-10-07.json); retrieved 2026-10-07.,2026-10-07
SVN,2001,population,1992060,WB_SP_POP_TOTL,"World Bank, World Development Indicators (SP.POP.TOTL), sourced from UN World Population Prospects and national statistical offices",https://api.worldbank.org/v2/country/all/indicator/SP.POP.TOTL,evidence/api/wb_SP_POP_TOTL_2001-2022_retrieved_2026-10-07.json,Mid-year,A,annual,,,Read directly from the archived API response (evidence/api/wb_SP_POP_TOTL_2001-2022_retrieved_2026-10-07.json); retrieved 2026-10-07.,2026-10-07
SVN,2002,population,1994530,WB_SP_POP_TOTL,"World Bank, World Development Indicators (SP.POP.TOTL), sourced from UN World Population Prospects and national statistical offices",https://api.worldbank.org/v2/country/all/indicator/SP.POP.TOTL,evidence/api/wb_SP_POP_TOTL_2001-2022_retrieved_2026-10-07.json,Mid-year,A,annual,,,Read directly from the archived API response (evidence/api/wb_SP_POP_TOTL_2001-2022_retrieved_2026-10-07.json); retrieved 2026-10-07.,2026-10-07
SVN,2003,population,1995733,WB_SP_POP_TOTL,"World Bank, World Development Indicators (SP.POP.TOTL), sourced from UN World Population Prospects and national statistical offices",https://api.worldbank.org/v2/country/all/indicator/SP.POP.TOTL,evidence/api/wb_SP_POP_TOTL_2001-2022_retrieved_2026-10-07.json,Mid-year,A,annual,,,Read directly from the archived API response (evidence/api/wb_SP_POP_TOTL_2001-2022_retrieved_2026-10-07.json); retrieved 2026-10-07.,2026-10-07
SVN,2004,population,1997012,WB_SP_POP_TOTL,"World Bank, World Development Indicators (SP.POP.TOTL), sourced from UN World Population Prospects and national statistical offices",https://api.worldbank.org/v2/country/all/indicator/SP.POP.TOTL,evidence/api/wb_SP_POP_TOTL_2001-2022_retrieved_2026-10-07.json,Mid-year,A,annual,,,Read directly from the archived API response (evidence/api/wb_SP_POP_TOTL_2001-2022_retrieved_2026-10-07.json); retrieved 2026-10-07.,2026-10-07
SVN,2005,population,2000474,WB_SP_POP_TOTL,"World Bank, World Development Indicators (SP.POP.TOTL), sourced from UN World Population Prospects and national statistical offices",https://api.worldbank.org/v2/country/all/indicator/SP.POP.TOTL,evidence/api/wb_SP_POP_TOTL_2001-2022_retrieved_2026-10-07.json,Mid-year,A,annual,,,Read directly from the archived API response (evidence/api/wb_SP_POP_TOTL_2001-2022_retrieved_2026-10-07.json); retrieved 2026-10-07.,2026-10-07
SVN,2006,population,2006868,WB_SP_POP_TOTL,"World Bank, World Development Indicators (SP.POP.TOTL), sourced from UN World Population Prospects and national statistical offices",https://api.worldbank.org/v2/country/all/indicator/SP.POP.TOTL,evidence/api/wb_SP_POP_TOTL_2001-2022_retrieved_2026-10-07.json,Mid-year,A,annual,,,Read directly from the archived API response (evidence/api/wb_SP_POP_TOTL_2001-2022_retrieved_2026-10-07.json); retrieved 2026-10-07.,2026-10-07
SVN,2007,population,2018122,WB_SP_POP_TOTL,"World Bank, World Development Indicators (SP.POP.TOTL), sourced from UN World Population Prospects and national statistical offices",https://api.worldbank.org/v2/country/all/indicator/SP.POP.TOTL,evidence/api/wb_SP_POP_TOTL_2001-2022_retrieved_2026-10-07.json,Mid-year,A,annual,,,Read directly from the archived API response (evidence/api/wb_SP_POP_TOTL_2001-2022_retrieved_2026-10-07.json); retrieved 2026-10-07.,2026-10-07
SVN,2008,population,2021316,WB_SP_POP_TOTL,"World Bank, World Development Indicators (SP.POP.TOTL), sourced from UN World Population Prospects and national statistical offices",https://api.worldbank.org/v2/country/all/indicator/SP.POP.TOTL,evidence/api/wb_SP_POP_TOTL_2001-2022_retrieved_2026-10-07.json,Mid-year,A,annual,,,Read directly from the archived API response (evidence/api/wb_SP_POP_TOTL_2001-2022_retrieved_2026-10-07.json); retrieved 2026-10-07.,2026-10-07
SVN,2009,population,2039669,WB_SP_POP_TOTL,"World Bank, World Development Indicators (SP.POP.TOTL), sourced from UN World Population Prospects and national statistical offices",https://api.worldbank.org/v2/country/all/indicator/SP.POP.TOTL,evidence/api/wb_SP_POP_TOTL_2001-2022_retrieved_2026-10-07.json,Mid-year,A,annual,,,Read directly from the archived API response (evidence/api/wb_SP_POP_TOTL_2001-2022_retrieved_2026-10-07.json); retrieved 2026-10-07.,2026-10-07
SWE,2001,population,8895960,WB_SP_POP_TOTL,"World Bank, World Development Indicators (SP.POP.TOTL), sourced from UN World Population Prospects and national statistical offices",https://api.worldbank.org/v2/country/all/indicator/SP.POP.TOTL,evidence/api/wb_SP_POP_TOTL_2001-2022_retrieved_2026-10-07.json,Mid-year,A,annual,,,Read directly from the archived API response (evidence/api/wb_SP_POP_TOTL_2001-2022_retrieved_2026-10-07.json); retrieved 2026-10-07.,2026-10-07
SWE,2002,population,8924958,WB_SP_POP_TOTL,"World Bank, World Development Indicators (SP.POP.TOTL), sourced from UN World Population Prospects and national statistical offices",https://api.worldbank.org/v2/country/all/indicator/SP.POP.TOTL,evidence/api/wb_SP_POP_TOTL_2001-2022_retrieved_2026-10-07.json,Mid-year,A,annual,,,Read directly from the archived API response (evidence/api/wb_SP_POP_TOTL_2001-2022_retrieved_2026-10-07.json); retrieved 2026-10-07.,2026-10-07
SWE,2003,population,8958229,WB_SP_POP_TOTL,"World Bank, World Development Indicators (SP.POP.TOTL), sourced from UN World Population Prospects and national statistical offices",https://api.worldbank.org/v2/country/all/indicator/SP.POP.TOTL,evidence/api/wb_SP_POP_TOTL_2001-2022_retrieved_2026-10-07.json,Mid-year,A,annual,,,Read directly from the archived API response (evidence/api/wb_SP_POP_TOTL_2001-2022_retrieved_2026-10-07.json); retrieved 2026-10-07.,2026-10-07
SWE,2004,population,8993531,WB_SP_POP_TOTL,"World Bank, World Development Indicators (SP.POP.TOTL), sourced from UN World Population Prospects and national statistical offices",https://api.worldbank.org/v2/country/all/indicator/SP.POP.TOTL,evidence/api/wb_SP_POP_TOTL_2001-2022_retrieved_2026-10-07.json,Mid-year,A,annual,,,Read directly from the archived API response (evidence/api/wb_SP_POP_TOTL_2001-2022_retrieved_2026-10-07.json); retrieved 2026-10-07.,2026-10-07
SWE,2005,population,9029572,WB_SP_POP_TOTL,"World Bank, World Development Indicators (SP.POP.TOTL), sourced from UN World Population Prospects and national statistical offices",https://api.worldbank.org/v2/country/all/indicator/SP.POP.TOTL,evidence/api/wb_SP_POP_TOTL_2001-2022_retrieved_2026-10-07.json,Mid-year,A,annual,,,Read directly from the archived API response (evidence/api/wb_SP_POP_TOTL_2001-2022_retrieved_2026-10-07.json); retrieved 2026-10-07.,2026-10-07
SWE,2006,population,9080505,WB_SP_POP_TOTL,"World Bank, World Development Indicators (SP.POP.TOTL), sourced from UN World Population Prospects and national statistical offices",https://api.worldbank.org/v2/country/all/indicator/SP.POP.TOTL,evidence/api/wb_SP_POP_TOTL_2001-2022_retrieved_2026-10-07.json,Mid-year,A,annual,,,Read directly from the archived API response (evidence/api/wb_SP_POP_TOTL_2001-2022_retrieved_2026-10-07.json); retrieved 2026-10-07.,2026-10-07
SWE,2007,population,9148092,WB_SP_POP_TOTL,"World Bank, World Development Indicators (SP.POP.TOTL), sourced from UN World Population Prospects and national statistical offices",https://api.worldbank.org/v2/country/all/indicator/SP.POP.TOTL,evidence/api/wb_SP_POP_TOTL_2001-2022_retrieved_2026-10-07.json,Mid-year,A,annual,,,Read directly from the archived API response (evidence/api/wb_SP_POP_TOTL_2001-2022_retrieved_2026-10-07.json); retrieved 2026-10-07.,2026-10-07
SWE,2008,population,9219637,WB_SP_POP_TOTL,"World Bank, World Development Indicators (SP.POP.TOTL), sourced from UN World Population Prospects and national statistical offices",https://api.worldbank.org/v2/country/all/indicator/SP.POP.TOTL,evidence/api/wb_SP_POP_TOTL_2001-2022_retrieved_2026-10-07.json,Mid-year,A,annual,,,Read directly from the archived API response (evidence/api/wb_SP_POP_TOTL_2001-2022_retrieved_2026-10-07.json); retrieved 2026-10-07.,2026-10-07
SWE,2009,population,9298515,WB_SP_POP_TOTL,"World Bank, World Development Indicators (SP.POP.TOTL), sourced from UN World Population Prospects and national statistical offices",https://api.worldbank.org/v2/country/all/indicator/SP.POP.TOTL,evidence/api/wb_SP_POP_TOTL_2001-2022_retrieved_2026-10-07.json,Mid-year,A,annual,,,Read directly from the archived API response (evidence/api/wb_SP_POP_TOTL_2001-2022_retrieved_2026-10-07.json); retrieved 2026-10-07.,2026-10-07
THA,2001,population,63651141,WB_SP_POP_TOTL,"World Bank, World Development Indicators (SP.POP.TOTL), sourced from UN World Population Prospects and national statistical offices",https://api.worldbank.org/v2/country/all/indicator/SP.POP.TOTL,evidence/api/wb_SP_POP_TOTL_2001-2022_retrieved_2026-10-07.json,Mid-year,A,annual,,,Read directly from the archived API response (evidence/api/wb_SP_POP_TOTL_2001-2022_retrieved_2026-10-07.json); retrieved 2026-10-07.,2026-10-07
THA,2002,population,64266437,WB_SP_POP_TOTL,"World Bank, World Development Indicators (SP.POP.TOTL), sourced from UN World Population Prospects and national statistical offices",https://api.worldbank.org/v2/country/all/indicator/SP.POP.TOTL,evidence/api/wb_SP_POP_TOTL_2001-2022_retrieved_2026-10-07.json,Mid-year,A,annual,,,Read directly from the archived API response (evidence/api/wb_SP_POP_TOTL_2001-2022_retrieved_2026-10-07.json); retrieved 2026-10-07.,2026-10-07
THA,2003,population,64868166,WB_SP_POP_TOTL,"World Bank, World Development Indicators (SP.POP.TOTL), sourced from UN World Population Prospects and national statistical offices",https://api.worldbank.org/v2/country/all/indicator/SP.POP.TOTL,evidence/api/wb_SP_POP_TOTL_2001-2022_retrieved_2026-10-07.json,Mid-year,A,annual,,,Read directly from the archived API response (evidence/api/wb_SP_POP_TOTL_2001-2022_retrieved_2026-10-07.json); retrieved 2026-10-07.,2026-10-07
THA,2004,population,65452047,WB_SP_POP_TOTL,"World Bank, World Development Indicators (SP.POP.TOTL), sourced from UN World Population Prospects and national statistical offices",https://api.worldbank.org/v2/country/all/indicator/SP.POP.TOTL,evidence/api/wb_SP_POP_TOTL_2001-2022_retrieved_2026-10-07.json,Mid-year,A,annual,,,Read directly from the archived API response (evidence/api/wb_SP_POP_TOTL_2001-2022_retrieved_2026-10-07.json); retrieved 2026-10-07.,2026-10-07
THA,2005,population,66017420,WB_SP_POP_TOTL,"World Bank, World Development Indicators (SP.POP.TOTL), sourced from UN World Population Prospects and national statistical offices",https://api.worldbank.org/v2/country/all/indicator/SP.POP.TOTL,evidence/api/wb_SP_POP_TOTL_2001-2022_retrieved_2026-10-07.json,Mid-year,A,annual,,,Read directly from the archived API response (evidence/api/wb_SP_POP_TOTL_2001-2022_retrieved_2026-10-07.json); retrieved 2026-10-07.,2026-10-07
THA,2006,population,66567687,WB_SP_POP_TOTL,"World Bank, World Development Indicators (SP.POP.TOTL), sourced from UN World Population Prospects and national statistical offices",https://api.worldbank.org/v2/country/all/indicator/SP.POP.TOTL,evidence/api/wb_SP_POP_TOTL_2001-2022_retrieved_2026-10-07.json,Mid-year,A,annual,,,Read directly from the archived API response (evidence/api/wb_SP_POP_TOTL_2001-2022_retrieved_2026-10-07.json); retrieved 2026-10-07.,2026-10-07
THA,2007,population,67102394,WB_SP_POP_TOTL,"World Bank, World Development Indicators (SP.POP.TOTL), sourced from UN World Population Prospects and national statistical offices",https://api.worldbank.org/v2/country/all/indicator/SP.POP.TOTL,evidence/api/wb_SP_POP_TOTL_2001-2022_retrieved_2026-10-07.json,Mid-year,A,annual,,,Read directly from the archived API response (evidence/api/wb_SP_POP_TOTL_2001-2022_retrieved_2026-10-07.json); retrieved 2026-10-07.,2026-10-07
THA,2008,population,67619830,WB_SP_POP_TOTL,"World Bank, World Development Indicators (SP.POP.TOTL), sourced from UN World Population Prospects and national statistical offices",https://api.worldbank.org/v2/country/all/indicator/SP.POP.TOTL,evidence/api/wb_SP_POP_TOTL_2001-2022_retrieved_2026-10-07.json,Mid-year,A,annual,,,Read directly from the archived API response (evidence/api/wb_SP_POP_TOTL_2001-2022_retrieved_2026-10-07.json); retrieved 2026-10-07.,2026-10-07
THA,2009,population,68121080,WB_SP_POP_TOTL,"World Bank, World Development Indicators (SP.POP.TOTL), sourced from UN World Population Prospects and national statistical offices",https://api.worldbank.org/v2/country/all/indicator/SP.POP.TOTL,evidence/api/wb_SP_POP_TOTL_2001-2022_retrieved_2026-10-07.json,Mid-year,A,annual,,,Read directly from the archived API response (evidence/api/wb_SP_POP_TOTL_2001-2022_retrieved_2026-10-07.json); retrieved 2026-10-07.,2026-10-07
TUR,2001,population,66245128,WB_SP_POP_TOTL,"World Bank, World Development Indicators (SP.POP.TOTL), sourced from UN World Population Prospects and national statistical offices",https://api.worldbank.org/v2/country/all/indicator/SP.POP.TOTL,evidence/api/wb_SP_POP_TOTL_2001-2022_retrieved_2026-10-07.json,Mid-year,A,annual,,,Read directly from the archived API response (evidence/api/wb_SP_POP_TOTL_2001-2022_retrieved_2026-10-07.json); retrieved 2026-10-07.,2026-10-07
TUR,2002,population,67048795,WB_SP_POP_TOTL,"World Bank, World Development Indicators (SP.POP.TOTL), sourced from UN World Population Prospects and national statistical offices",https://api.worldbank.org/v2/country/all/indicator/SP.POP.TOTL,evidence/api/wb_SP_POP_TOTL_2001-2022_retrieved_2026-10-07.json,Mid-year,A,annual,,,Read directly from the archived API response (evidence/api/wb_SP_POP_TOTL_2001-2022_retrieved_2026-10-07.json); retrieved 2026-10-07.,2026-10-07
TUR,2003,population,67831730,WB_SP_POP_TOTL,"World Bank, World Development Indicators (SP.POP.TOTL), sourced from UN World Population Prospects and national statistical offices",https://api.worldbank.org/v2/country/all/indicator/SP.POP.TOTL,evidence/api/wb_SP_POP_TOTL_2001-2022_retrieved_2026-10-07.json,Mid-year,A,annual,,,Read directly from the archived API response (evidence/api/wb_SP_POP_TOTL_2001-2022_retrieved_2026-10-07.json); retrieved 2026-10-07.,2026-10-07
TUR,2004,population,68592617,WB_SP_POP_TOTL,"World Bank, World Development Indicators (SP.POP.TOTL), sourced from UN World Population Prospects and national statistical offices",https://api.worldbank.org/v2/country/all/indicator/SP.POP.TOTL,evidence/api/wb_SP_POP_TOTL_2001-2022_retrieved_2026-10-07.json,Mid-year,A,annual,,,Read directly from the archived API response (evidence/api/wb_SP_POP_TOTL_2001-2022_retrieved_2026-10-07.json); retrieved 2026-10-07.,2026-10-07
TUR,2005,population,69329557,WB_SP_POP_TOTL,"World Bank, World Development Indicators (SP.POP.TOTL), sourced from UN World Population Prospects and national statistical offices",https://api.worldbank.org/v2/country/all/indicator/SP.POP.TOTL,evidence/api/wb_SP_POP_TOTL_2001-2022_retrieved_2026-10-07.json,Mid-year,A,annual,,,Read directly from the archived API response (evidence/api/wb_SP_POP_TOTL_2001-2022_retrieved_2026-10-07.json); retrieved 2026-10-07.,2026-10-07
TUR,2006,population,70045349,WB_SP_POP_TOTL,"World Bank, World Development Indicators (SP.POP.TOTL), sourced from UN World Population Prospects and national statistical offices",https://api.worldbank.org/v2/country/all/indicator/SP.POP.TOTL,evidence/api/wb_SP_POP_TOTL_2001-2022_retrieved_2026-10-07.json,Mid-year,A,annual,,,Read directly from the archived API response (evidence/api/wb_SP_POP_TOTL_2001-2022_retrieved_2026-10-07.json); retrieved 2026-10-07.,2026-10-07
TUR,2007,population,70158112,WB_SP_POP_TOTL,"World Bank, World Development Indicators (SP.POP.TOTL), sourced from UN World Population Prospects and national statistical offices",https://api.worldbank.org/v2/country/all/indicator/SP.POP.TOTL,evidence/api/wb_SP_POP_TOTL_2001-2022_retrieved_2026-10-07.json,Mid-year,A,annual,,,Read directly from the archived API response (evidence/api/wb_SP_POP_TOTL_2001-2022_retrieved_2026-10-07.json); retrieved 2026-10-07.,2026-10-07
TUR,2008,population,71051678,WB_SP_POP_TOTL,"World Bank, World Development Indicators (SP.POP.TOTL), sourced from UN World Population Prospects and national statistical offices",https://api.worldbank.org/v2/country/all/indicator/SP.POP.TOTL,evidence/api/wb_SP_POP_TOTL_2001-2022_retrieved_2026-10-07.json,Mid-year,A,annual,,,Read directly from the archived API response (evidence/api/wb_SP_POP_TOTL_2001-2022_retrieved_2026-10-07.json); retrieved 2026-10-07.,2026-10-07
TUR,2009,population,72039206,WB_SP_POP_TOTL,"World Bank, World Development Indicators (SP.POP.TOTL), sourced from UN World Population Prospects and national statistical offices",https://api.worldbank.org/v2/country/all/indicator/SP.POP.TOTL,evidence/api/wb_SP_POP_TOTL_2001-2022_retrieved_2026-10-07.json,Mid-year,A,annual,,,Read directly from the archived API response (evidence/api/wb_SP_POP_TOTL_2001-2022_retrieved_2026-10-07.json); retrieved 2026-10-07.,2026-10-07
USA,2001,population,284968955,WB_SP_POP_TOTL,"World Bank, World Development Indicators (SP.POP.TOTL), sourced from UN World Population Prospects and national statistical offices",https://api.worldbank.org/v2/country/all/indicator/SP.POP.TOTL,evidence/api/wb_SP_POP_TOTL_2001-2022_retrieved_2026-10-07.json,Mid-year,A,annual,,,Read directly from the archived API response (evidence/api/wb_SP_POP_TOTL_2001-2022_retrieved_2026-10-07.json); retrieved 2026-10-07.,2026-10-07
USA,2002,population,287625193,WB_SP_POP_TOTL,"World Bank, World Development Indicators (SP.POP.TOTL), sourced from UN World Population Prospects and national statistical offices",https://api.worldbank.org/v2/country/all/indicator/SP.POP.TOTL,evidence/api/wb_SP_POP_TOTL_2001-2022_retrieved_2026-10-07.json,Mid-year,A,annual,,,Read directly from the archived API response (evidence/api/wb_SP_POP_TOTL_2001-2022_retrieved_2026-10-07.json); retrieved 2026-10-07.,2026-10-07
USA,2003,population,290107933,WB_SP_POP_TOTL,"World Bank, World Development Indicators (SP.POP.TOTL), sourced from UN World Population Prospects and national statistical offices",https://api.worldbank.org/v2/country/all/indicator/SP.POP.TOTL,evidence/api/wb_SP_POP_TOTL_2001-2022_retrieved_2026-10-07.json,Mid-year,A,annual,,,Read directly from the archived API response (evidence/api/wb_SP_POP_TOTL_2001-2022_retrieved_2026-10-07.json); retrieved 2026-10-07.,2026-10-07
USA,2004,population,292805298,WB_SP_POP_TOTL,"World Bank, World Development Indicators (SP.POP.TOTL), sourced from UN World Population Prospects and national statistical offices",https://api.worldbank.org/v2/country/all/indicator/SP.POP.TOTL,evidence/api/wb_SP_POP_TOTL_2001-2022_retrieved_2026-10-07.json,Mid-year,A,annual,,,Read directly from the archived API response (evidence/api/wb_SP_POP_TOTL_2001-2022_retrieved_2026-10-07.json); retrieved 2026-10-07.,2026-10-07
USA,2005,population,295516599,WB_SP_POP_TOTL,"World Bank, World Development Indicators (SP.POP.TOTL), sourced from UN World Population Prospects and national statistical offices",https://api.worldbank.org/v2/country/all/indicator/SP.POP.TOTL,evidence/api/wb_SP_POP_TOTL_2001-2022_retrieved_2026-10-07.json,Mid-year,A,annual,,,Read directly from the archived API response (evidence/api/wb_SP_POP_TOTL_2001-2022_retrieved_2026-10-07.json); retrieved 2026-10-07.,2026-10-07
USA,2006,population,298379912,WB_SP_POP_TOTL,"World Bank, World Development Indicators (SP.POP.TOTL), sourced from UN World Population Prospects and national statistical offices",https://api.worldbank.org/v2/country/all/indicator/SP.POP.TOTL,evidence/api/wb_SP_POP_TOTL_2001-2022_retrieved_2026-10-07.json,Mid-year,A,annual,,,Read directly from the archived API response (evidence/api/wb_SP_POP_TOTL_2001-2022_retrieved_2026-10-07.json); retrieved 2026-10-07.,2026-10-07
USA,2007,population,301231207,WB_SP_POP_TOTL,"World Bank, World Development Indicators (SP.POP.TOTL), sourced from UN World Population Prospects and national statistical offices",https://api.worldbank.org/v2/country/all/indicator/SP.POP.TOTL,evidence/api/wb_SP_POP_TOTL_2001-2022_retrieved_2026-10-07.json,Mid-year,A,annual,,,Read directly from the archived API response (evidence/api/wb_SP_POP_TOTL_2001-2022_retrieved_2026-10-07.json); retrieved 2026-10-07.,2026-10-07
USA,2008,population,304093966,WB_SP_POP_TOTL,"World Bank, World Development Indicators (SP.POP.TOTL), sourced from UN World Population Prospects and national statistical offices",https://api.worldbank.org/v2/country/all/indicator/SP.POP.TOTL,evidence/api/wb_SP_POP_TOTL_2001-2022_retrieved_2026-10-07.json,Mid-year,A,annual,,,Read directly from the archived API response (evidence/api/wb_SP_POP_TOTL_2001-2022_retrieved_2026-10-07.json); retrieved 2026-10-07.,2026-10-07
USA,2009,population,306771529,WB_SP_POP_TOTL,"World Bank, World Development Indicators (SP.POP.TOTL), sourced from UN World Population Prospects and national statistical offices",https://api.worldbank.org/v2/country/all/indicator/SP.POP.TOTL,evidence/api/wb_SP_POP_TOTL_2001-2022_retrieved_2026-10-07.json,Mid-year,A,annual,,,Read directly from the archived API response (evidence/api/wb_SP_POP_TOTL_2001-2022_retrieved_2026-10-07.json); retrieved 2026-10-07.,2026-10-07
ZAF,2001,population,47566800,WB_SP_POP_TOTL,"World Bank, World Development Indicators (SP.POP.TOTL), sourced from UN World Population Prospects and national statistical offices",https://api.worldbank.org/v2/country/all/indicator/SP.POP.TOTL,evidence/api/wb_SP_POP_TOTL_2001-2022_retrieved_2026-10-07.json,Mid-year,A,annual,,,Read directly from the archived API response (evidence/api/wb_SP_POP_TOTL_2001-2022_retrieved_2026-10-07.json); retrieved 2026-10-07.,2026-10-07
ZAF,2002,population,48019415,WB_SP_POP_TOTL,"World Bank, World Development Indicators (SP.POP.TOTL), sourced from UN World Population Prospects and national statistical offices",https://api.worldbank.org/v2/country/all/indicator/SP.POP.TOTL,evidence/api/wb_SP_POP_TOTL_2001-2022_retrieved_2026-10-07.json,Mid-year,A,annual,,,Read directly from the archived API response (evidence/api/wb_SP_POP_TOTL_2001-2022_retrieved_2026-10-07.json); retrieved 2026-10-07.,2026-10-07
ZAF,2003,population,48500348,WB_SP_POP_TOTL,"World Bank, World Development Indicators (SP.POP.TOTL), sourced from UN World Population Prospects and national statistical offices",https://api.worldbank.org/v2/country/all/indicator/SP.POP.TOTL,evidence/api/wb_SP_POP_TOTL_2001-2022_retrieved_2026-10-07.json,Mid-year,A,annual,,,Read directly from the archived API response (evidence/api/wb_SP_POP_TOTL_2001-2022_retrieved_2026-10-07.json); retrieved 2026-10-07.,2026-10-07
ZAF,2004,population,48991421,WB_SP_POP_TOTL,"World Bank, World Development Indicators (SP.POP.TOTL), sourced from UN World Population Prospects and national statistical offices",https://api.worldbank.org/v2/country/all/indicator/SP.POP.TOTL,evidence/api/wb_SP_POP_TOTL_2001-2022_retrieved_2026-10-07.json,Mid-year,A,annual,,,Read directly from the archived API response (evidence/api/wb_SP_POP_TOTL_2001-2022_retrieved_2026-10-07.json); retrieved 2026-10-07.,2026-10-07
ZAF,2005,population,49490033,WB_SP_POP_TOTL,"World Bank, World Development Indicators (SP.POP.TOTL), sourced from UN World Population Prospects and national statistical offices",https://api.worldbank.org/v2/country/all/indicator/SP.POP.TOTL,evidence/api/wb_SP_POP_TOTL_2001-2022_retrieved_2026-10-07.json,Mid-year,A,annual,,,Read directly from the archived API response (evidence/api/wb_SP_POP_TOTL_2001-2022_retrieved_2026-10-07.json); retrieved 2026-10-07.,2026-10-07
ZAF,2006,population,49998277,WB_SP_POP_TOTL,"World Bank, World Development Indicators (SP.POP.TOTL), sourced from UN World Population Prospects and national statistical offices",https://api.worldbank.org/v2/country/all/indicator/SP.POP.TOTL,evidence/api/wb_SP_POP_TOTL_2001-2022_retrieved_2026-10-07.json,Mid-year,A,annual,,,Read directly from the archived API response (evidence/api/wb_SP_POP_TOTL_2001-2022_retrieved_2026-10-07.json); retrieved 2026-10-07.,2026-10-07
ZAF,2007,population,50528584,WB_SP_POP_TOTL,"World Bank, World Development Indicators (SP.POP.TOTL), sourced from UN World Population Prospects and national statistical offices",https://api.worldbank.org/v2/country/all/indicator/SP.POP.TOTL,evidence/api/wb_SP_POP_TOTL_2001-2022_retrieved_2026-10-07.json,Mid-year,A,annual,,,Read directly from the archived API response (evidence/api/wb_SP_POP_TOTL_2001-2022_retrieved_2026-10-07.json); retrieved 2026-10-07.,2026-10-07
ZAF,2008,population,51114599,WB_SP_POP_TOTL,"World Bank, World Development Indicators (SP.POP.TOTL), sourced from UN World Population Prospects and national statistical offices",https://api.worldbank.org/v2/country/all/indicator/SP.POP.TOTL,evidence/api/wb_SP_POP_TOTL_2001-2022_retrieved_2026-10-07.json,Mid-year,A,annual,,,Read directly from the archived API response (evidence/api/wb_SP_POP_TOTL_2001-2022_retrieved_2026-10-07.json); retrieved 2026-10-07.,2026-10-07
ZAF,2009,population,51728516,WB_SP_POP_TOTL,"World Bank, World Development Indicators (SP.POP.TOTL), sourced from UN World Population Prospects and national statistical offices",https://api.worldbank.org/v2/country/all/indicator/SP.POP.TOTL,evidence/api/wb_SP_POP_TOTL_2001-2022_retrieved_2026-10-07.json,Mid-year,A,annual,,,Read directly from the archived API response (evidence/api/wb_SP_POP_TOTL_2001-2022_retrieved_2026-10-07.json); retrieved 2026-10-07.,2026-10-07
AUS,2001,population_un_wpp2024,19365433,UN_WPP2024,"UN DESA Population Division, World Population Prospects 2024 (compact demographic indicators)",https://population.un.org/wpp/assets/Excel%20Files/1_Indicator%20(Standard)/EXCEL_FILES/1_General/WPP2024_GEN_F01_DEMOGRAPHIC_INDICATORS_COMPACT.xlsx,evidence/api/UN_WPP2024_demographic_indicators_compact.xlsx,1 July,A,un_estimate,,,Read directly from the archived workbook; the 2010-2022 values already published reproduce exactly from the same file.,2026-10-07
AUS,2002,population_un_wpp2024,19595355,UN_WPP2024,"UN DESA Population Division, World Population Prospects 2024 (compact demographic indicators)",https://population.un.org/wpp/assets/Excel%20Files/1_Indicator%20(Standard)/EXCEL_FILES/1_General/WPP2024_GEN_F01_DEMOGRAPHIC_INDICATORS_COMPACT.xlsx,evidence/api/UN_WPP2024_demographic_indicators_compact.xlsx,1 July,A,un_estimate,,,Read directly from the archived workbook; the 2010-2022 values already published reproduce exactly from the same file.,2026-10-07
AUS,2003,population_un_wpp2024,19819454,UN_WPP2024,"UN DESA Population Division, World Population Prospects 2024 (compact demographic indicators)",https://population.un.org/wpp/assets/Excel%20Files/1_Indicator%20(Standard)/EXCEL_FILES/1_General/WPP2024_GEN_F01_DEMOGRAPHIC_INDICATORS_COMPACT.xlsx,evidence/api/UN_WPP2024_demographic_indicators_compact.xlsx,1 July,A,un_estimate,,,Read directly from the archived workbook; the 2010-2022 values already published reproduce exactly from the same file.,2026-10-07
AUS,2004,population_un_wpp2024,20046677,UN_WPP2024,"UN DESA Population Division, World Population Prospects 2024 (compact demographic indicators)",https://population.un.org/wpp/assets/Excel%20Files/1_Indicator%20(Standard)/EXCEL_FILES/1_General/WPP2024_GEN_F01_DEMOGRAPHIC_INDICATORS_COMPACT.xlsx,evidence/api/UN_WPP2024_demographic_indicators_compact.xlsx,1 July,A,un_estimate,,,Read directly from the archived workbook; the 2010-2022 values already published reproduce exactly from the same file.,2026-10-07
AUS,2005,population_un_wpp2024,20294490,UN_WPP2024,"UN DESA Population Division, World Population Prospects 2024 (compact demographic indicators)",https://population.un.org/wpp/assets/Excel%20Files/1_Indicator%20(Standard)/EXCEL_FILES/1_General/WPP2024_GEN_F01_DEMOGRAPHIC_INDICATORS_COMPACT.xlsx,evidence/api/UN_WPP2024_demographic_indicators_compact.xlsx,1 July,A,un_estimate,,,Read directly from the archived workbook; the 2010-2022 values already published reproduce exactly from the same file.,2026-10-07
AUS,2006,population_un_wpp2024,20590559,UN_WPP2024,"UN DESA Population Division, World Population Prospects 2024 (compact demographic indicators)",https://population.un.org/wpp/assets/Excel%20Files/1_Indicator%20(Standard)/EXCEL_FILES/1_General/WPP2024_GEN_F01_DEMOGRAPHIC_INDICATORS_COMPACT.xlsx,evidence/api/UN_WPP2024_demographic_indicators_compact.xlsx,1 July,A,un_estimate,,,Read directly from the archived workbook; the 2010-2022 values already published reproduce exactly from the same file.,2026-10-07
AUS,2007,population_un_wpp2024,20954549,UN_WPP2024,"UN DESA Population Division, World Population Prospects 2024 (compact demographic indicators)",https://population.un.org/wpp/assets/Excel%20Files/1_Indicator%20(Standard)/EXCEL_FILES/1_General/WPP2024_GEN_F01_DEMOGRAPHIC_INDICATORS_COMPACT.xlsx,evidence/api/UN_WPP2024_demographic_indicators_compact.xlsx,1 July,A,un_estimate,,,Read directly from the archived workbook; the 2010-2022 values already published reproduce exactly from the same file.,2026-10-07
AUS,2008,population_un_wpp2024,21370589,UN_WPP2024,"UN DESA Population Division, World Population Prospects 2024 (compact demographic indicators)",https://population.un.org/wpp/assets/Excel%20Files/1_Indicator%20(Standard)/EXCEL_FILES/1_General/WPP2024_GEN_F01_DEMOGRAPHIC_INDICATORS_COMPACT.xlsx,evidence/api/UN_WPP2024_demographic_indicators_compact.xlsx,1 July,A,un_estimate,,,Read directly from the archived workbook; the 2010-2022 values already published reproduce exactly from the same file.,2026-10-07
AUS,2009,population_un_wpp2024,21783011,UN_WPP2024,"UN DESA Population Division, World Population Prospects 2024 (compact demographic indicators)",https://population.un.org/wpp/assets/Excel%20Files/1_Indicator%20(Standard)/EXCEL_FILES/1_General/WPP2024_GEN_F01_DEMOGRAPHIC_INDICATORS_COMPACT.xlsx,evidence/api/UN_WPP2024_demographic_indicators_compact.xlsx,1 July,A,un_estimate,,,Read directly from the archived workbook; the 2010-2022 values already published reproduce exactly from the same file.,2026-10-07
AUT,2001,population_un_wpp2024,8042233,UN_WPP2024,"UN DESA Population Division, World Population Prospects 2024 (compact demographic indicators)",https://population.un.org/wpp/assets/Excel%20Files/1_Indicator%20(Standard)/EXCEL_FILES/1_General/WPP2024_GEN_F01_DEMOGRAPHIC_INDICATORS_COMPACT.xlsx,evidence/api/UN_WPP2024_demographic_indicators_compact.xlsx,1 July,A,un_estimate,,,Read directly from the archived workbook; the 2010-2022 values already published reproduce exactly from the same file.,2026-10-07
AUT,2002,population_un_wpp2024,8081636,UN_WPP2024,"UN DESA Population Division, World Population Prospects 2024 (compact demographic indicators)",https://population.un.org/wpp/assets/Excel%20Files/1_Indicator%20(Standard)/EXCEL_FILES/1_General/WPP2024_GEN_F01_DEMOGRAPHIC_INDICATORS_COMPACT.xlsx,evidence/api/UN_WPP2024_demographic_indicators_compact.xlsx,1 July,A,un_estimate,,,Read directly from the archived workbook; the 2010-2022 values already published reproduce exactly from the same file.,2026-10-07
AUT,2003,population_un_wpp2024,8122602,UN_WPP2024,"UN DESA Population Division, World Population Prospects 2024 (compact demographic indicators)",https://population.un.org/wpp/assets/Excel%20Files/1_Indicator%20(Standard)/EXCEL_FILES/1_General/WPP2024_GEN_F01_DEMOGRAPHIC_INDICATORS_COMPACT.xlsx,evidence/api/UN_WPP2024_demographic_indicators_compact.xlsx,1 July,A,un_estimate,,,Read directly from the archived workbook; the 2010-2022 values already published reproduce exactly from the same file.,2026-10-07
AUT,2004,population_un_wpp2024,8173491,UN_WPP2024,"UN DESA Population Division, World Population Prospects 2024 (compact demographic indicators)",https://population.un.org/wpp/assets/Excel%20Files/1_Indicator%20(Standard)/EXCEL_FILES/1_General/WPP2024_GEN_F01_DEMOGRAPHIC_INDICATORS_COMPACT.xlsx,evidence/api/UN_WPP2024_demographic_indicators_compact.xlsx,1 July,A,un_estimate,,,Read directly from the archived workbook; the 2010-2022 values already published reproduce exactly from the same file.,2026-10-07
AUT,2005,population_un_wpp2024,8229204,UN_WPP2024,"UN DESA Population Division, World Population Prospects 2024 (compact demographic indicators)",https://population.un.org/wpp/assets/Excel%20Files/1_Indicator%20(Standard)/EXCEL_FILES/1_General/WPP2024_GEN_F01_DEMOGRAPHIC_INDICATORS_COMPACT.xlsx,evidence/api/UN_WPP2024_demographic_indicators_compact.xlsx,1 July,A,un_estimate,,,Read directly from the archived workbook; the 2010-2022 values already published reproduce exactly from the same file.,2026-10-07
AUT,2006,population_un_wpp2024,8269898,UN_WPP2024,"UN DESA Population Division, World Population Prospects 2024 (compact demographic indicators)",https://population.un.org/wpp/assets/Excel%20Files/1_Indicator%20(Standard)/EXCEL_FILES/1_General/WPP2024_GEN_F01_DEMOGRAPHIC_INDICATORS_COMPACT.xlsx,evidence/api/UN_WPP2024_demographic_indicators_compact.xlsx,1 July,A,un_estimate,,,Read directly from the archived workbook; the 2010-2022 values already published reproduce exactly from the same file.,2026-10-07
AUT,2007,population_un_wpp2024,8296952,UN_WPP2024,"UN DESA Population Division, World Population Prospects 2024 (compact demographic indicators)",https://population.un.org/wpp/assets/Excel%20Files/1_Indicator%20(Standard)/EXCEL_FILES/1_General/WPP2024_GEN_F01_DEMOGRAPHIC_INDICATORS_COMPACT.xlsx,evidence/api/UN_WPP2024_demographic_indicators_compact.xlsx,1 July,A,un_estimate,,,Read directly from the archived workbook; the 2010-2022 values already published reproduce exactly from the same file.,2026-10-07
AUT,2008,population_un_wpp2024,8323253,UN_WPP2024,"UN DESA Population Division, World Population Prospects 2024 (compact demographic indicators)",https://population.un.org/wpp/assets/Excel%20Files/1_Indicator%20(Standard)/EXCEL_FILES/1_General/WPP2024_GEN_F01_DEMOGRAPHIC_INDICATORS_COMPACT.xlsx,evidence/api/UN_WPP2024_demographic_indicators_compact.xlsx,1 July,A,un_estimate,,,Read directly from the archived workbook; the 2010-2022 values already published reproduce exactly from the same file.,2026-10-07
AUT,2009,population_un_wpp2024,8345066,UN_WPP2024,"UN DESA Population Division, World Population Prospects 2024 (compact demographic indicators)",https://population.un.org/wpp/assets/Excel%20Files/1_Indicator%20(Standard)/EXCEL_FILES/1_General/WPP2024_GEN_F01_DEMOGRAPHIC_INDICATORS_COMPACT.xlsx,evidence/api/UN_WPP2024_demographic_indicators_compact.xlsx,1 July,A,un_estimate,,,Read directly from the archived workbook; the 2010-2022 values already published reproduce exactly from the same file.,2026-10-07
BEL,2001,population_un_wpp2024,10287004,UN_WPP2024,"UN DESA Population Division, World Population Prospects 2024 (compact demographic indicators)",https://population.un.org/wpp/assets/Excel%20Files/1_Indicator%20(Standard)/EXCEL_FILES/1_General/WPP2024_GEN_F01_DEMOGRAPHIC_INDICATORS_COMPACT.xlsx,evidence/api/UN_WPP2024_demographic_indicators_compact.xlsx,1 July,A,un_estimate,,,Read directly from the archived workbook; the 2010-2022 values already published reproduce exactly from the same file.,2026-10-07
BEL,2002,population_un_wpp2024,10332973,UN_WPP2024,"UN DESA Population Division, World Population Prospects 2024 (compact demographic indicators)",https://population.un.org/wpp/assets/Excel%20Files/1_Indicator%20(Standard)/EXCEL_FILES/1_General/WPP2024_GEN_F01_DEMOGRAPHIC_INDICATORS_COMPACT.xlsx,evidence/api/UN_WPP2024_demographic_indicators_compact.xlsx,1 July,A,un_estimate,,,Read directly from the archived workbook; the 2010-2022 values already published reproduce exactly from the same file.,2026-10-07
BEL,2003,population_un_wpp2024,10376260,UN_WPP2024,"UN DESA Population Division, World Population Prospects 2024 (compact demographic indicators)",https://population.un.org/wpp/assets/Excel%20Files/1_Indicator%20(Standard)/EXCEL_FILES/1_General/WPP2024_GEN_F01_DEMOGRAPHIC_INDICATORS_COMPACT.xlsx,evidence/api/UN_WPP2024_demographic_indicators_compact.xlsx,1 July,A,un_estimate,,,Read directly from the archived workbook; the 2010-2022 values already published reproduce exactly from the same file.,2026-10-07
BEL,2004,population_un_wpp2024,10421292,UN_WPP2024,"UN DESA Population Division, World Population Prospects 2024 (compact demographic indicators)",https://population.un.org/wpp/assets/Excel%20Files/1_Indicator%20(Standard)/EXCEL_FILES/1_General/WPP2024_GEN_F01_DEMOGRAPHIC_INDICATORS_COMPACT.xlsx,evidence/api/UN_WPP2024_demographic_indicators_compact.xlsx,1 July,A,un_estimate,,,Read directly from the archived workbook; the 2010-2022 values already published reproduce exactly from the same file.,2026-10-07
BEL,2005,population_un_wpp2024,10478886,UN_WPP2024,"UN DESA Population Division, World Population Prospects 2024 (compact demographic indicators)",https://population.un.org/wpp/assets/Excel%20Files/1_Indicator%20(Standard)/EXCEL_FILES/1_General/WPP2024_GEN_F01_DEMOGRAPHIC_INDICATORS_COMPACT.xlsx,evidence/api/UN_WPP2024_demographic_indicators_compact.xlsx,1 July,A,un_estimate,,,Read directly from the archived workbook; the 2010-2022 values already published reproduce exactly from the same file.,2026-10-07
BEL,2006,population_un_wpp2024,10548442,UN_WPP2024,"UN DESA Population Division, World Population Prospects 2024 (compact demographic indicators)",https://population.un.org/wpp/assets/Excel%20Files/1_Indicator%20(Standard)/EXCEL_FILES/1_General/WPP2024_GEN_F01_DEMOGRAPHIC_INDICATORS_COMPACT.xlsx,evidence/api/UN_WPP2024_demographic_indicators_compact.xlsx,1 July,A,un_estimate,,,Read directly from the archived workbook; the 2010-2022 values already published reproduce exactly from the same file.,2026-10-07
BEL,2007,population_un_wpp2024,10625493,UN_WPP2024,"UN DESA Population Division, World Population Prospects 2024 (compact demographic indicators)",https://population.un.org/wpp/assets/Excel%20Files/1_Indicator%20(Standard)/EXCEL_FILES/1_General/WPP2024_GEN_F01_DEMOGRAPHIC_INDICATORS_COMPACT.xlsx,evidence/api/UN_WPP2024_demographic_indicators_compact.xlsx,1 July,A,un_estimate,,,Read directly from the archived workbook; the 2010-2022 values already published reproduce exactly from the same file.,2026-10-07
BEL,2008,population_un_wpp2024,10709708,UN_WPP2024,"UN DESA Population Division, World Population Prospects 2024 (compact demographic indicators)",https://population.un.org/wpp/assets/Excel%20Files/1_Indicator%20(Standard)/EXCEL_FILES/1_General/WPP2024_GEN_F01_DEMOGRAPHIC_INDICATORS_COMPACT.xlsx,evidence/api/UN_WPP2024_demographic_indicators_compact.xlsx,1 July,A,un_estimate,,,Read directly from the archived workbook; the 2010-2022 values already published reproduce exactly from the same file.,2026-10-07
BEL,2009,population_un_wpp2024,10812935,UN_WPP2024,"UN DESA Population Division, World Population Prospects 2024 (compact demographic indicators)",https://population.un.org/wpp/assets/Excel%20Files/1_Indicator%20(Standard)/EXCEL_FILES/1_General/WPP2024_GEN_F01_DEMOGRAPHIC_INDICATORS_COMPACT.xlsx,evidence/api/UN_WPP2024_demographic_indicators_compact.xlsx,1 July,A,un_estimate,,,Read directly from the archived workbook; the 2010-2022 values already published reproduce exactly from the same file.,2026-10-07
BGR,2001,population_un_wpp2024,7928452,UN_WPP2024,"UN DESA Population Division, World Population Prospects 2024 (compact demographic indicators)",https://population.un.org/wpp/assets/Excel%20Files/1_Indicator%20(Standard)/EXCEL_FILES/1_General/WPP2024_GEN_F01_DEMOGRAPHIC_INDICATORS_COMPACT.xlsx,evidence/api/UN_WPP2024_demographic_indicators_compact.xlsx,1 July,A,un_estimate,,,Read directly from the archived workbook; the 2010-2022 values already published reproduce exactly from the same file.,2026-10-07
BGR,2002,population_un_wpp2024,7861943,UN_WPP2024,"UN DESA Population Division, World Population Prospects 2024 (compact demographic indicators)",https://population.un.org/wpp/assets/Excel%20Files/1_Indicator%20(Standard)/EXCEL_FILES/1_General/WPP2024_GEN_F01_DEMOGRAPHIC_INDICATORS_COMPACT.xlsx,evidence/api/UN_WPP2024_demographic_indicators_compact.xlsx,1 July,A,un_estimate,,,Read directly from the archived workbook; the 2010-2022 values already published reproduce exactly from the same file.,2026-10-07
BGR,2003,population_un_wpp2024,7804409,UN_WPP2024,"UN DESA Population Division, World Population Prospects 2024 (compact demographic indicators)",https://population.un.org/wpp/assets/Excel%20Files/1_Indicator%20(Standard)/EXCEL_FILES/1_General/WPP2024_GEN_F01_DEMOGRAPHIC_INDICATORS_COMPACT.xlsx,evidence/api/UN_WPP2024_demographic_indicators_compact.xlsx,1 July,A,un_estimate,,,Read directly from the archived workbook; the 2010-2022 values already published reproduce exactly from the same file.,2026-10-07
BGR,2004,population_un_wpp2024,7749430,UN_WPP2024,"UN DESA Population Division, World Population Prospects 2024 (compact demographic indicators)",https://population.un.org/wpp/assets/Excel%20Files/1_Indicator%20(Standard)/EXCEL_FILES/1_General/WPP2024_GEN_F01_DEMOGRAPHIC_INDICATORS_COMPACT.xlsx,evidence/api/UN_WPP2024_demographic_indicators_compact.xlsx,1 July,A,un_estimate,,,Read directly from the archived workbook; the 2010-2022 values already published reproduce exactly from the same file.,2026-10-07
BGR,2005,population_un_wpp2024,7695050,UN_WPP2024,"UN DESA Population Division, World Population Prospects 2024 (compact demographic indicators)",https://population.un.org/wpp/assets/Excel%20Files/1_Indicator%20(Standard)/EXCEL_FILES/1_General/WPP2024_GEN_F01_DEMOGRAPHIC_INDICATORS_COMPACT.xlsx,evidence/api/UN_WPP2024_demographic_indicators_compact.xlsx,1 July,A,un_estimate,,,Read directly from the archived workbook; the 2010-2022 values already published reproduce exactly from the same file.,2026-10-07
BGR,2006,population_un_wpp2024,7640294,UN_WPP2024,"UN DESA Population Division, World Population Prospects 2024 (compact demographic indicators)",https://population.un.org/wpp/assets/Excel%20Files/1_Indicator%20(Standard)/EXCEL_FILES/1_General/WPP2024_GEN_F01_DEMOGRAPHIC_INDICATORS_COMPACT.xlsx,evidence/api/UN_WPP2024_demographic_indicators_compact.xlsx,1 July,A,un_estimate,,,Read directly from the archived workbook; the 2010-2022 values already published reproduce exactly from the same file.,2026-10-07
BGR,2007,population_un_wpp2024,7586888,UN_WPP2024,"UN DESA Population Division, World Population Prospects 2024 (compact demographic indicators)",https://population.un.org/wpp/assets/Excel%20Files/1_Indicator%20(Standard)/EXCEL_FILES/1_General/WPP2024_GEN_F01_DEMOGRAPHIC_INDICATORS_COMPACT.xlsx,evidence/api/UN_WPP2024_demographic_indicators_compact.xlsx,1 July,A,un_estimate,,,Read directly from the archived workbook; the 2010-2022 values already published reproduce exactly from the same file.,2026-10-07
BGR,2008,population_un_wpp2024,7535592,UN_WPP2024,"UN DESA Population Division, World Population Prospects 2024 (compact demographic indicators)",https://population.un.org/wpp/assets/Excel%20Files/1_Indicator%20(Standard)/EXCEL_FILES/1_General/WPP2024_GEN_F01_DEMOGRAPHIC_INDICATORS_COMPACT.xlsx,evidence/api/UN_WPP2024_demographic_indicators_compact.xlsx,1 July,A,un_estimate,,,Read directly from the archived workbook; the 2010-2022 values already published reproduce exactly from the same file.,2026-10-07
BGR,2009,population_un_wpp2024,7488011,UN_WPP2024,"UN DESA Population Division, World Population Prospects 2024 (compact demographic indicators)",https://population.un.org/wpp/assets/Excel%20Files/1_Indicator%20(Standard)/EXCEL_FILES/1_General/WPP2024_GEN_F01_DEMOGRAPHIC_INDICATORS_COMPACT.xlsx,evidence/api/UN_WPP2024_demographic_indicators_compact.xlsx,1 July,A,un_estimate,,,Read directly from the archived workbook; the 2010-2022 values already published reproduce exactly from the same file.,2026-10-07
CHE,2001,population_un_wpp2024,7226391,UN_WPP2024,"UN DESA Population Division, World Population Prospects 2024 (compact demographic indicators)",https://population.un.org/wpp/assets/Excel%20Files/1_Indicator%20(Standard)/EXCEL_FILES/1_General/WPP2024_GEN_F01_DEMOGRAPHIC_INDICATORS_COMPACT.xlsx,evidence/api/UN_WPP2024_demographic_indicators_compact.xlsx,1 July,A,un_estimate,,,Read directly from the archived workbook; the 2010-2022 values already published reproduce exactly from the same file.,2026-10-07
CHE,2002,population_un_wpp2024,7278752,UN_WPP2024,"UN DESA Population Division, World Population Prospects 2024 (compact demographic indicators)",https://population.un.org/wpp/assets/Excel%20Files/1_Indicator%20(Standard)/EXCEL_FILES/1_General/WPP2024_GEN_F01_DEMOGRAPHIC_INDICATORS_COMPACT.xlsx,evidence/api/UN_WPP2024_demographic_indicators_compact.xlsx,1 July,A,un_estimate,,,Read directly from the archived workbook; the 2010-2022 values already published reproduce exactly from the same file.,2026-10-07
CHE,2003,population_un_wpp2024,7333447,UN_WPP2024,"UN DESA Population Division, World Population Prospects 2024 (compact demographic indicators)",https://population.un.org/wpp/assets/Excel%20Files/1_Indicator%20(Standard)/EXCEL_FILES/1_General/WPP2024_GEN_F01_DEMOGRAPHIC_INDICATORS_COMPACT.xlsx,evidence/api/UN_WPP2024_demographic_indicators_compact.xlsx,1 July,A,un_estimate,,,Read directly from the archived workbook; the 2010-2022 values already published reproduce exactly from the same file.,2026-10-07
CHE,2004,population_un_wpp2024,7384194,UN_WPP2024,"UN DESA Population Division, World Population Prospects 2024 (compact demographic indicators)",https://population.un.org/wpp/assets/Excel%20Files/1_Indicator%20(Standard)/EXCEL_FILES/1_General/WPP2024_GEN_F01_DEMOGRAPHIC_INDICATORS_COMPACT.xlsx,evidence/api/UN_WPP2024_demographic_indicators_compact.xlsx,1 July,A,un_estimate,,,Read directly from the archived workbook; the 2010-2022 values already published reproduce exactly from the same file.,2026-10-07
CHE,2005,population_un_wpp2024,7431823,UN_WPP2024,"UN DESA Population Division, World Population Prospects 2024 (compact demographic indicators)",https://population.un.org/wpp/assets/Excel%20Files/1_Indicator%20(Standard)/EXCEL_FILES/1_General/WPP2024_GEN_F01_DEMOGRAPHIC_INDICATORS_COMPACT.xlsx,evidence/api/UN_WPP2024_demographic_indicators_compact.xlsx,1 July,A,un_estimate,,,Read directly from the archived workbook; the 2010-2022 values already published reproduce exactly from the same file.,2026-10-07
CHE,2006,population_un_wpp2024,7478509,UN_WPP2024,"UN DESA Population Division, World Population Prospects 2024 (compact demographic indicators)",https://population.un.org/wpp/assets/Excel%20Files/1_Indicator%20(Standard)/EXCEL_FILES/1_General/WPP2024_GEN_F01_DEMOGRAPHIC_INDICATORS_COMPACT.xlsx,evidence/api/UN_WPP2024_demographic_indicators_compact.xlsx,1 July,A,un_estimate,,,Read directly from the archived workbook; the 2010-2022 values already published reproduce exactly from the same file.,2026-10-07
CHE,2007,population_un_wpp2024,7545381,UN_WPP2024,"UN DESA Population Division, World Population Prospects 2024 (compact demographic indicators)",https://population.un.org/wpp/assets/Excel%20Files/1_Indicator%20(Standard)/EXCEL_FILES/1_General/WPP2024_GEN_F01_DEMOGRAPHIC_INDICATORS_COMPACT.xlsx,evidence/api/UN_WPP2024_demographic_indicators_compact.xlsx,1 July,A,un_estimate,,,Read directly from the archived workbook; the 2010-2022 values already published reproduce exactly from the same file.,2026-10-07
CHE,2008,population_un_wpp2024,7641728,UN_WPP2024,"UN DESA Population Division, World Population Prospects 2024 (compact demographic indicators)",https://population.un.org/wpp/assets/Excel%20Files/1_Indicator%20(Standard)/EXCEL_FILES/1_General/WPP2024_GEN_F01_DEMOGRAPHIC_INDICATORS_COMPACT.xlsx,evidence/api/UN_WPP2024_demographic_indicators_compact.xlsx,1 July,A,un_estimate,,,Read directly from the archived workbook; the 2010-2022 values already published reproduce exactly from the same file.,2026-10-07
CHE,2009,population_un_wpp2024,7737645,UN_WPP2024,"UN DESA Population Division, World Population Prospects 2024 (compact demographic indicators)",https://population.un.org/wpp/assets/Excel%20Files/1_Indicator%20(Standard)/EXCEL_FILES/1_General/WPP2024_GEN_F01_DEMOGRAPHIC_INDICATORS_COMPACT.xlsx,evidence/api/UN_WPP2024_demographic_indicators_compact.xlsx,1 July,A,un_estimate,,,Read directly from the archived workbook; the 2010-2022 values already published reproduce exactly from the same file.,2026-10-07
CHL,2001,population_un_wpp2024,15683849,UN_WPP2024,"UN DESA Population Division, World Population Prospects 2024 (compact demographic indicators)",https://population.un.org/wpp/assets/Excel%20Files/1_Indicator%20(Standard)/EXCEL_FILES/1_General/WPP2024_GEN_F01_DEMOGRAPHIC_INDICATORS_COMPACT.xlsx,evidence/api/UN_WPP2024_demographic_indicators_compact.xlsx,1 July,A,un_estimate,,,Read directly from the archived workbook; the 2010-2022 values already published reproduce exactly from the same file.,2026-10-07
CHL,2002,population_un_wpp2024,15857925,UN_WPP2024,"UN DESA Population Division, World Population Prospects 2024 (compact demographic indicators)",https://population.un.org/wpp/assets/Excel%20Files/1_Indicator%20(Standard)/EXCEL_FILES/1_General/WPP2024_GEN_F01_DEMOGRAPHIC_INDICATORS_COMPACT.xlsx,evidence/api/UN_WPP2024_demographic_indicators_compact.xlsx,1 July,A,un_estimate,,,Read directly from the archived workbook; the 2010-2022 values already published reproduce exactly from the same file.,2026-10-07
CHL,2003,population_un_wpp2024,16024752,UN_WPP2024,"UN DESA Population Division, World Population Prospects 2024 (compact demographic indicators)",https://population.un.org/wpp/assets/Excel%20Files/1_Indicator%20(Standard)/EXCEL_FILES/1_General/WPP2024_GEN_F01_DEMOGRAPHIC_INDICATORS_COMPACT.xlsx,evidence/api/UN_WPP2024_demographic_indicators_compact.xlsx,1 July,A,un_estimate,,,Read directly from the archived workbook; the 2010-2022 values already published reproduce exactly from the same file.,2026-10-07
CHL,2004,population_un_wpp2024,16187322,UN_WPP2024,"UN DESA Population Division, World Population Prospects 2024 (compact demographic indicators)",https://population.un.org/wpp/assets/Excel%20Files/1_Indicator%20(Standard)/EXCEL_FILES/1_General/WPP2024_GEN_F01_DEMOGRAPHIC_INDICATORS_COMPACT.xlsx,evidence/api/UN_WPP2024_demographic_indicators_compact.xlsx,1 July,A,un_estimate,,,Read directly from the archived workbook; the 2010-2022 values already published reproduce exactly from the same file.,2026-10-07
CHL,2005,population_un_wpp2024,16348778,UN_WPP2024,"UN DESA Population Division, World Population Prospects 2024 (compact demographic indicators)",https://population.un.org/wpp/assets/Excel%20Files/1_Indicator%20(Standard)/EXCEL_FILES/1_General/WPP2024_GEN_F01_DEMOGRAPHIC_INDICATORS_COMPACT.xlsx,evidence/api/UN_WPP2024_demographic_indicators_compact.xlsx,1 July,A,un_estimate,,,Read directly from the archived workbook; the 2010-2022 values already published reproduce exactly from the same file.,2026-10-07
CHL,2006,population_un_wpp2024,16509195,UN_WPP2024,"UN DESA Population Division, World Population Prospects 2024 (compact demographic indicators)",https://population.un.org/wpp/assets/Excel%20Files/1_Indicator%20(Standard)/EXCEL_FILES/1_General/WPP2024_GEN_F01_DEMOGRAPHIC_INDICATORS_COMPACT.xlsx,evidence/api/UN_WPP2024_demographic_indicators_compact.xlsx,1 July,A,un_estimate,,,Read directly from the archived workbook; the 2010-2022 values already published reproduce exactly from the same file.,2026-10-07
CHL,2007,population_un_wpp2024,16671581,UN_WPP2024,"UN DESA Population Division, World Population Prospects 2024 (compact demographic indicators)",https://population.un.org/wpp/assets/Excel%20Files/1_Indicator%20(Standard)/EXCEL_FILES/1_General/WPP2024_GEN_F01_DEMOGRAPHIC_INDICATORS_COMPACT.xlsx,evidence/api/UN_WPP2024_demographic_indicators_compact.xlsx,1 July,A,un_estimate,,,Read directly from the archived workbook; the 2010-2022 values already published reproduce exactly from the same file.,2026-10-07
CHL,2008,population_un_wpp2024,16838988,UN_WPP2024,"UN DESA Population Division, World Population Prospects 2024 (compact demographic indicators)",https://population.un.org/wpp/assets/Excel%20Files/1_Indicator%20(Standard)/EXCEL_FILES/1_General/WPP2024_GEN_F01_DEMOGRAPHIC_INDICATORS_COMPACT.xlsx,evidence/api/UN_WPP2024_demographic_indicators_compact.xlsx,1 July,A,un_estimate,,,Read directly from the archived workbook; the 2010-2022 values already published reproduce exactly from the same file.,2026-10-07
CHL,2009,population_un_wpp2024,17009731,UN_WPP2024,"UN DESA Population Division, World Population Prospects 2024 (compact demographic indicators)",https://population.un.org/wpp/assets/Excel%20Files/1_Indicator%20(Standard)/EXCEL_FILES/1_General/WPP2024_GEN_F01_DEMOGRAPHIC_INDICATORS_COMPACT.xlsx,evidence/api/UN_WPP2024_demographic_indicators_compact.xlsx,1 July,A,un_estimate,,,Read directly from the archived workbook; the 2010-2022 values already published reproduce exactly from the same file.,2026-10-07
CHN,2001,population_un_wpp2024,1278725063,UN_WPP2024,"UN DESA Population Division, World Population Prospects 2024 (compact demographic indicators)",https://population.un.org/wpp/assets/Excel%20Files/1_Indicator%20(Standard)/EXCEL_FILES/1_General/WPP2024_GEN_F01_DEMOGRAPHIC_INDICATORS_COMPACT.xlsx,evidence/api/UN_WPP2024_demographic_indicators_compact.xlsx,1 July,A,un_estimate,,,Read directly from the archived workbook; the 2010-2022 values already published reproduce exactly from the same file.,2026-10-07
CHN,2002,population_un_wpp2024,1286866839,UN_WPP2024,"UN DESA Population Division, World Population Prospects 2024 (compact demographic indicators)",https://population.un.org/wpp/assets/Excel%20Files/1_Indicator%20(Standard)/EXCEL_FILES/1_General/WPP2024_GEN_F01_DEMOGRAPHIC_INDICATORS_COMPACT.xlsx,evidence/api/UN_WPP2024_demographic_indicators_compact.xlsx,1 July,A,un_estimate,,,Read directly from the archived workbook; the 2010-2022 values already published reproduce exactly from the same file.,2026-10-07
CHN,2003,population_un_wpp2024,1294517326,UN_WPP2024,"UN DESA Population Division, World Population Prospects 2024 (compact demographic indicators)",https://population.un.org/wpp/assets/Excel%20Files/1_Indicator%20(Standard)/EXCEL_FILES/1_General/WPP2024_GEN_F01_DEMOGRAPHIC_INDICATORS_COMPACT.xlsx,evidence/api/UN_WPP2024_demographic_indicators_compact.xlsx,1 July,A,un_estimate,,,Read directly from the archived workbook; the 2010-2022 values already published reproduce exactly from the same file.,2026-10-07
CHN,2004,population_un_wpp2024,1302100316,UN_WPP2024,"UN DESA Population Division, World Population Prospects 2024 (compact demographic indicators)",https://population.un.org/wpp/assets/Excel%20Files/1_Indicator%20(Standard)/EXCEL_FILES/1_General/WPP2024_GEN_F01_DEMOGRAPHIC_INDICATORS_COMPACT.xlsx,evidence/api/UN_WPP2024_demographic_indicators_compact.xlsx,1 July,A,un_estimate,,,Read directly from the archived workbook; the 2010-2022 values already published reproduce exactly from the same file.,2026-10-07
CHN,2005,population_un_wpp2024,1310027136,UN_WPP2024,"UN DESA Population Division, World Population Prospects 2024 (compact demographic indicators)",https://population.un.org/wpp/assets/Excel%20Files/1_Indicator%20(Standard)/EXCEL_FILES/1_General/WPP2024_GEN_F01_DEMOGRAPHIC_INDICATORS_COMPACT.xlsx,evidence/api/UN_WPP2024_demographic_indicators_compact.xlsx,1 July,A,un_estimate,,,Read directly from the archived workbook; the 2010-2022 values already published reproduce exactly from the same file.,2026-10-07
CHN,2006,population_un_wpp2024,1318054036,UN_WPP2024,"UN DESA Population Division, World Population Prospects 2024 (compact demographic indicators)",https://population.un.org/wpp/assets/Excel%20Files/1_Indicator%20(Standard)/EXCEL_FILES/1_General/WPP2024_GEN_F01_DEMOGRAPHIC_INDICATORS_COMPACT.xlsx,evidence/api/UN_WPP2024_demographic_indicators_compact.xlsx,1 July,A,un_estimate,,,Read directly from the archived workbook; the 2010-2022 values already published reproduce exactly from the same file.,2026-10-07
CHN,2007,population_un_wpp2024,1325813582,UN_WPP2024,"UN DESA Population Division, World Population Prospects 2024 (compact demographic indicators)",https://population.un.org/wpp/assets/Excel%20Files/1_Indicator%20(Standard)/EXCEL_FILES/1_General/WPP2024_GEN_F01_DEMOGRAPHIC_INDICATORS_COMPACT.xlsx,evidence/api/UN_WPP2024_demographic_indicators_compact.xlsx,1 July,A,un_estimate,,,Read directly from the archived workbook; the 2010-2022 values already published reproduce exactly from the same file.,2026-10-07
CHN,2008,population_un_wpp2024,1333821016,UN_WPP2024,"UN DESA Population Division, World Population Prospects 2024 (compact demographic indicators)",https://population.un.org/wpp/assets/Excel%20Files/1_Indicator%20(Standard)/EXCEL_FILES/1_General/WPP2024_GEN_F01_DEMOGRAPHIC_INDICATORS_COMPACT.xlsx,evidence/api/UN_WPP2024_demographic_indicators_compact.xlsx,1 July,A,un_estimate,,,Read directly from the archived workbook; the 2010-2022 values already published reproduce exactly from the same file.,2026-10-07
CHN,2009,population_un_wpp2024,1342522716,UN_WPP2024,"UN DESA Population Division, World Population Prospects 2024 (compact demographic indicators)",https://population.un.org/wpp/assets/Excel%20Files/1_Indicator%20(Standard)/EXCEL_FILES/1_General/WPP2024_GEN_F01_DEMOGRAPHIC_INDICATORS_COMPACT.xlsx,evidence/api/UN_WPP2024_demographic_indicators_compact.xlsx,1 July,A,un_estimate,,,Read directly from the archived workbook; the 2010-2022 values already published reproduce exactly from the same file.,2026-10-07
CZE,2001,population_un_wpp2024,10231936,UN_WPP2024,"UN DESA Population Division, World Population Prospects 2024 (compact demographic indicators)",https://population.un.org/wpp/assets/Excel%20Files/1_Indicator%20(Standard)/EXCEL_FILES/1_General/WPP2024_GEN_F01_DEMOGRAPHIC_INDICATORS_COMPACT.xlsx,evidence/api/UN_WPP2024_demographic_indicators_compact.xlsx,1 July,A,un_estimate,,,Read directly from the archived workbook; the 2010-2022 values already published reproduce exactly from the same file.,2026-10-07
CZE,2002,population_un_wpp2024,10239468,UN_WPP2024,"UN DESA Population Division, World Population Prospects 2024 (compact demographic indicators)",https://population.un.org/wpp/assets/Excel%20Files/1_Indicator%20(Standard)/EXCEL_FILES/1_General/WPP2024_GEN_F01_DEMOGRAPHIC_INDICATORS_COMPACT.xlsx,evidence/api/UN_WPP2024_demographic_indicators_compact.xlsx,1 July,A,un_estimate,,,Read directly from the archived workbook; the 2010-2022 values already published reproduce exactly from the same file.,2026-10-07
CZE,2003,population_un_wpp2024,10248912,UN_WPP2024,"UN DESA Population Division, World Population Prospects 2024 (compact demographic indicators)",https://population.un.org/wpp/assets/Excel%20Files/1_Indicator%20(Standard)/EXCEL_FILES/1_General/WPP2024_GEN_F01_DEMOGRAPHIC_INDICATORS_COMPACT.xlsx,evidence/api/UN_WPP2024_demographic_indicators_compact.xlsx,1 July,A,un_estimate,,,Read directly from the archived workbook; the 2010-2022 values already published reproduce exactly from the same file.,2026-10-07
CZE,2004,population_un_wpp2024,10261450,UN_WPP2024,"UN DESA Population Division, World Population Prospects 2024 (compact demographic indicators)",https://population.un.org/wpp/assets/Excel%20Files/1_Indicator%20(Standard)/EXCEL_FILES/1_General/WPP2024_GEN_F01_DEMOGRAPHIC_INDICATORS_COMPACT.xlsx,evidence/api/UN_WPP2024_demographic_indicators_compact.xlsx,1 July,A,un_estimate,,,Read directly from the archived workbook; the 2010-2022 values already published reproduce exactly from the same file.,2026-10-07
CZE,2005,population_un_wpp2024,10280153,UN_WPP2024,"UN DESA Population Division, World Population Prospects 2024 (compact demographic indicators)",https://population.un.org/wpp/assets/Excel%20Files/1_Indicator%20(Standard)/EXCEL_FILES/1_General/WPP2024_GEN_F01_DEMOGRAPHIC_INDICATORS_COMPACT.xlsx,evidence/api/UN_WPP2024_demographic_indicators_compact.xlsx,1 July,A,un_estimate,,,Read directly from the archived workbook; the 2010-2022 values already published reproduce exactly from the same file.,2026-10-07
CZE,2006,population_un_wpp2024,10304588,UN_WPP2024,"UN DESA Population Division, World Population Prospects 2024 (compact demographic indicators)",https://population.un.org/wpp/assets/Excel%20Files/1_Indicator%20(Standard)/EXCEL_FILES/1_General/WPP2024_GEN_F01_DEMOGRAPHIC_INDICATORS_COMPACT.xlsx,evidence/api/UN_WPP2024_demographic_indicators_compact.xlsx,1 July,A,un_estimate,,,Read directly from the archived workbook; the 2010-2022 values already published reproduce exactly from the same file.,2026-10-07
CZE,2007,population_un_wpp2024,10337543,UN_WPP2024,"UN DESA Population Division, World Population Prospects 2024 (compact demographic indicators)",https://population.un.org/wpp/assets/Excel%20Files/1_Indicator%20(Standard)/EXCEL_FILES/1_General/WPP2024_GEN_F01_DEMOGRAPHIC_INDICATORS_COMPACT.xlsx,evidence/api/UN_WPP2024_demographic_indicators_compact.xlsx,1 July,A,un_estimate,,,Read directly from the archived workbook; the 2010-2022 values already published reproduce exactly from the same file.,2026-10-07
CZE,2008,population_un_wpp2024,10378292,UN_WPP2024,"UN DESA Population Division, World Population Prospects 2024 (compact demographic indicators)",https://population.un.org/wpp/assets/Excel%20Files/1_Indicator%20(Standard)/EXCEL_FILES/1_General/WPP2024_GEN_F01_DEMOGRAPHIC_INDICATORS_COMPACT.xlsx,evidence/api/UN_WPP2024_demographic_indicators_compact.xlsx,1 July,A,un_estimate,,,Read directly from the archived workbook; the 2010-2022 values already published reproduce exactly from the same file.,2026-10-07
CZE,2009,population_un_wpp2024,10420985,UN_WPP2024,"UN DESA Population Division, World Population Prospects 2024 (compact demographic indicators)",https://population.un.org/wpp/assets/Excel%20Files/1_Indicator%20(Standard)/EXCEL_FILES/1_General/WPP2024_GEN_F01_DEMOGRAPHIC_INDICATORS_COMPACT.xlsx,evidence/api/UN_WPP2024_demographic_indicators_compact.xlsx,1 July,A,un_estimate,,,Read directly from the archived workbook; the 2010-2022 values already published reproduce exactly from the same file.,2026-10-07
DEU,2001,population_un_wpp2024,81933885,UN_WPP2024,"UN DESA Population Division, World Population Prospects 2024 (compact demographic indicators)",https://population.un.org/wpp/assets/Excel%20Files/1_Indicator%20(Standard)/EXCEL_FILES/1_General/WPP2024_GEN_F01_DEMOGRAPHIC_INDICATORS_COMPACT.xlsx,evidence/api/UN_WPP2024_demographic_indicators_compact.xlsx,1 July,A,un_estimate,,,Read directly from the archived workbook; the 2010-2022 values already published reproduce exactly from the same file.,2026-10-07
DEU,2002,population_un_wpp2024,82068326,UN_WPP2024,"UN DESA Population Division, World Population Prospects 2024 (compact demographic indicators)",https://population.un.org/wpp/assets/Excel%20Files/1_Indicator%20(Standard)/EXCEL_FILES/1_General/WPP2024_GEN_F01_DEMOGRAPHIC_INDICATORS_COMPACT.xlsx,evidence/api/UN_WPP2024_demographic_indicators_compact.xlsx,1 July,A,un_estimate,,,Read directly from the archived workbook; the 2010-2022 values already published reproduce exactly from the same file.,2026-10-07
DEU,2003,population_un_wpp2024,82111615,UN_WPP2024,"UN DESA Population Division, World Population Prospects 2024 (compact demographic indicators)",https://population.un.org/wpp/assets/Excel%20Files/1_Indicator%20(Standard)/EXCEL_FILES/1_General/WPP2024_GEN_F01_DEMOGRAPHIC_INDICATORS_COMPACT.xlsx,evidence/api/UN_WPP2024_demographic_indicators_compact.xlsx,1 July,A,un_estimate,,,Read directly from the archived workbook; the 2010-2022 values already published reproduce exactly from the same file.,2026-10-07
DEU,2004,population_un_wpp2024,82092708,UN_WPP2024,"UN DESA Population Division, World Population Prospects 2024 (compact demographic indicators)",https://population.un.org/wpp/assets/Excel%20Files/1_Indicator%20(Standard)/EXCEL_FILES/1_General/WPP2024_GEN_F01_DEMOGRAPHIC_INDICATORS_COMPACT.xlsx,evidence/api/UN_WPP2024_demographic_indicators_compact.xlsx,1 July,A,un_estimate,,,Read directly from the archived workbook; the 2010-2022 values already published reproduce exactly from the same file.,2026-10-07
DEU,2005,population_un_wpp2024,82046731,UN_WPP2024,"UN DESA Population Division, World Population Prospects 2024 (compact demographic indicators)",https://population.un.org/wpp/assets/Excel%20Files/1_Indicator%20(Standard)/EXCEL_FILES/1_General/WPP2024_GEN_F01_DEMOGRAPHIC_INDICATORS_COMPACT.xlsx,evidence/api/UN_WPP2024_demographic_indicators_compact.xlsx,1 July,A,un_estimate,,,Read directly from the archived workbook; the 2010-2022 values already published reproduce exactly from the same file.,2026-10-07
DEU,2006,population_un_wpp2024,81701971,UN_WPP2024,"UN DESA Population Division, World Population Prospects 2024 (compact demographic indicators)",https://population.un.org/wpp/assets/Excel%20Files/1_Indicator%20(Standard)/EXCEL_FILES/1_General/WPP2024_GEN_F01_DEMOGRAPHIC_INDICATORS_COMPACT.xlsx,evidence/api/UN_WPP2024_demographic_indicators_compact.xlsx,1 July,A,un_estimate,,,Read directly from the archived workbook; the 2010-2022 values already published reproduce exactly from the same file.,2026-10-07
DEU,2007,population_un_wpp2024,81298542,UN_WPP2024,"UN DESA Population Division, World Population Prospects 2024 (compact demographic indicators)",https://population.un.org/wpp/assets/Excel%20Files/1_Indicator%20(Standard)/EXCEL_FILES/1_General/WPP2024_GEN_F01_DEMOGRAPHIC_INDICATORS_COMPACT.xlsx,evidence/api/UN_WPP2024_demographic_indicators_compact.xlsx,1 July,A,un_estimate,,,Read directly from the archived workbook; the 2010-2022 values already published reproduce exactly from the same file.,2026-10-07
DEU,2008,population_un_wpp2024,81110777,UN_WPP2024,"UN DESA Population Division, World Population Prospects 2024 (compact demographic indicators)",https://population.un.org/wpp/assets/Excel%20Files/1_Indicator%20(Standard)/EXCEL_FILES/1_General/WPP2024_GEN_F01_DEMOGRAPHIC_INDICATORS_COMPACT.xlsx,evidence/api/UN_WPP2024_demographic_indicators_compact.xlsx,1 July,A,un_estimate,,,Read directly from the archived workbook; the 2010-2022 values already published reproduce exactly from the same file.,2026-10-07
DEU,2009,population_un_wpp2024,80935283,UN_WPP2024,"UN DESA Population Division, World Population Prospects 2024 (compact demographic indicators)",https://population.un.org/wpp/assets/Excel%20Files/1_Indicator%20(Standard)/EXCEL_FILES/1_General/WPP2024_GEN_F01_DEMOGRAPHIC_INDICATORS_COMPACT.xlsx,evidence/api/UN_WPP2024_demographic_indicators_compact.xlsx,1 July,A,un_estimate,,,Read directly from the archived workbook; the 2010-2022 values already published reproduce exactly from the same file.,2026-10-07
DNK,2001,population_un_wpp2024,5358828,UN_WPP2024,"UN DESA Population Division, World Population Prospects 2024 (compact demographic indicators)",https://population.un.org/wpp/assets/Excel%20Files/1_Indicator%20(Standard)/EXCEL_FILES/1_General/WPP2024_GEN_F01_DEMOGRAPHIC_INDICATORS_COMPACT.xlsx,evidence/api/UN_WPP2024_demographic_indicators_compact.xlsx,1 July,A,un_estimate,,,Read directly from the archived workbook; the 2010-2022 values already published reproduce exactly from the same file.,2026-10-07
DNK,2002,population_un_wpp2024,5375959,UN_WPP2024,"UN DESA Population Division, World Population Prospects 2024 (compact demographic indicators)",https://population.un.org/wpp/assets/Excel%20Files/1_Indicator%20(Standard)/EXCEL_FILES/1_General/WPP2024_GEN_F01_DEMOGRAPHIC_INDICATORS_COMPACT.xlsx,evidence/api/UN_WPP2024_demographic_indicators_compact.xlsx,1 July,A,un_estimate,,,Read directly from the archived workbook; the 2010-2022 values already published reproduce exactly from the same file.,2026-10-07
DNK,2003,population_un_wpp2024,5390620,UN_WPP2024,"UN DESA Population Division, World Population Prospects 2024 (compact demographic indicators)",https://population.un.org/wpp/assets/Excel%20Files/1_Indicator%20(Standard)/EXCEL_FILES/1_General/WPP2024_GEN_F01_DEMOGRAPHIC_INDICATORS_COMPACT.xlsx,evidence/api/UN_WPP2024_demographic_indicators_compact.xlsx,1 July,A,un_estimate,,,Read directly from the archived workbook; the 2010-2022 values already published reproduce exactly from the same file.,2026-10-07
DNK,2004,population_un_wpp2024,5404598,UN_WPP2024,"UN DESA Population Division, World Population Prospects 2024 (compact demographic indicators)",https://population.un.org/wpp/assets/Excel%20Files/1_Indicator%20(Standard)/EXCEL_FILES/1_General/WPP2024_GEN_F01_DEMOGRAPHIC_INDICATORS_COMPACT.xlsx,evidence/api/UN_WPP2024_demographic_indicators_compact.xlsx,1 July,A,un_estimate,,,Read directly from the archived workbook; the 2010-2022 values already published reproduce exactly from the same file.,2026-10-07
DNK,2005,population_un_wpp2024,5419555,UN_WPP2024,"UN DESA Population Division, World Population Prospects 2024 (compact demographic indicators)",https://population.un.org/wpp/assets/Excel%20Files/1_Indicator%20(Standard)/EXCEL_FILES/1_General/WPP2024_GEN_F01_DEMOGRAPHIC_INDICATORS_COMPACT.xlsx,evidence/api/UN_WPP2024_demographic_indicators_compact.xlsx,1 July,A,un_estimate,,,Read directly from the archived workbook; the 2010-2022 values already published reproduce exactly from the same file.,2026-10-07
DNK,2006,population_un_wpp2024,5437420,UN_WPP2024,"UN DESA Population Division, World Population Prospects 2024 (compact demographic indicators)",https://population.un.org/wpp/assets/Excel%20Files/1_Indicator%20(Standard)/EXCEL_FILES/1_General/WPP2024_GEN_F01_DEMOGRAPHIC_INDICATORS_COMPACT.xlsx,evidence/api/UN_WPP2024_demographic_indicators_compact.xlsx,1 July,A,un_estimate,,,Read directly from the archived workbook; the 2010-2022 values already published reproduce exactly from the same file.,2026-10-07
DNK,2007,population_un_wpp2024,5461607,UN_WPP2024,"UN DESA Population Division, World Population Prospects 2024 (compact demographic indicators)",https://population.un.org/wpp/assets/Excel%20Files/1_Indicator%20(Standard)/EXCEL_FILES/1_General/WPP2024_GEN_F01_DEMOGRAPHIC_INDICATORS_COMPACT.xlsx,evidence/api/UN_WPP2024_demographic_indicators_compact.xlsx,1 July,A,un_estimate,,,Read directly from the archived workbook; the 2010-2022 values already published reproduce exactly from the same file.,2026-10-07
DNK,2008,population_un_wpp2024,5493764,UN_WPP2024,"UN DESA Population Division, World Population Prospects 2024 (compact demographic indicators)",https://population.un.org/wpp/assets/Excel%20Files/1_Indicator%20(Standard)/EXCEL_FILES/1_General/WPP2024_GEN_F01_DEMOGRAPHIC_INDICATORS_COMPACT.xlsx,evidence/api/UN_WPP2024_demographic_indicators_compact.xlsx,1 July,A,un_estimate,,,Read directly from the archived workbook; the 2010-2022 values already published reproduce exactly from the same file.,2026-10-07
DNK,2009,population_un_wpp2024,5523173,UN_WPP2024,"UN DESA Population Division, World Population Prospects 2024 (compact demographic indicators)",https://population.un.org/wpp/assets/Excel%20Files/1_Indicator%20(Standard)/EXCEL_FILES/1_General/WPP2024_GEN_F01_DEMOGRAPHIC_INDICATORS_COMPACT.xlsx,evidence/api/UN_WPP2024_demographic_indicators_compact.xlsx,1 July,A,un_estimate,,,Read directly from the archived workbook; the 2010-2022 values already published reproduce exactly from the same file.,2026-10-07
ESP,2001,population_un_wpp2024,41245599,UN_WPP2024,"UN DESA Population Division, World Population Prospects 2024 (compact demographic indicators)",https://population.un.org/wpp/assets/Excel%20Files/1_Indicator%20(Standard)/EXCEL_FILES/1_General/WPP2024_GEN_F01_DEMOGRAPHIC_INDICATORS_COMPACT.xlsx,evidence/api/UN_WPP2024_demographic_indicators_compact.xlsx,1 July,A,un_estimate,,,Read directly from the archived workbook; the 2010-2022 values already published reproduce exactly from the same file.,2026-10-07
ESP,2002,population_un_wpp2024,41755704,UN_WPP2024,"UN DESA Population Division, World Population Prospects 2024 (compact demographic indicators)",https://population.un.org/wpp/assets/Excel%20Files/1_Indicator%20(Standard)/EXCEL_FILES/1_General/WPP2024_GEN_F01_DEMOGRAPHIC_INDICATORS_COMPACT.xlsx,evidence/api/UN_WPP2024_demographic_indicators_compact.xlsx,1 July,A,un_estimate,,,Read directly from the archived workbook; the 2010-2022 values already published reproduce exactly from the same file.,2026-10-07
ESP,2003,population_un_wpp2024,42506543,UN_WPP2024,"UN DESA Population Division, World Population Prospects 2024 (compact demographic indicators)",https://population.un.org/wpp/assets/Excel%20Files/1_Indicator%20(Standard)/EXCEL_FILES/1_General/WPP2024_GEN_F01_DEMOGRAPHIC_INDICATORS_COMPACT.xlsx,evidence/api/UN_WPP2024_demographic_indicators_compact.xlsx,1 July,A,un_estimate,,,Read directly from the archived workbook; the 2010-2022 values already published reproduce exactly from the same file.,2026-10-07
ESP,2004,population_un_wpp2024,43234566,UN_WPP2024,"UN DESA Population Division, World Population Prospects 2024 (compact demographic indicators)",https://population.un.org/wpp/assets/Excel%20Files/1_Indicator%20(Standard)/EXCEL_FILES/1_General/WPP2024_GEN_F01_DEMOGRAPHIC_INDICATORS_COMPACT.xlsx,evidence/api/UN_WPP2024_demographic_indicators_compact.xlsx,1 July,A,un_estimate,,,Read directly from the archived workbook; the 2010-2022 values already published reproduce exactly from the same file.,2026-10-07
ESP,2005,population_un_wpp2024,43958885,UN_WPP2024,"UN DESA Population Division, World Population Prospects 2024 (compact demographic indicators)",https://population.un.org/wpp/assets/Excel%20Files/1_Indicator%20(Standard)/EXCEL_FILES/1_General/WPP2024_GEN_F01_DEMOGRAPHIC_INDICATORS_COMPACT.xlsx,evidence/api/UN_WPP2024_demographic_indicators_compact.xlsx,1 July,A,un_estimate,,,Read directly from the archived workbook; the 2010-2022 values already published reproduce exactly from the same file.,2026-10-07
ESP,2006,population_un_wpp2024,44695448,UN_WPP2024,"UN DESA Population Division, World Population Prospects 2024 (compact demographic indicators)",https://population.un.org/wpp/assets/Excel%20Files/1_Indicator%20(Standard)/EXCEL_FILES/1_General/WPP2024_GEN_F01_DEMOGRAPHIC_INDICATORS_COMPACT.xlsx,evidence/api/UN_WPP2024_demographic_indicators_compact.xlsx,1 July,A,un_estimate,,,Read directly from the archived workbook; the 2010-2022 values already published reproduce exactly from the same file.,2026-10-07
ESP,2007,population_un_wpp2024,45516507,UN_WPP2024,"UN DESA Population Division, World Population Prospects 2024 (compact demographic indicators)",https://population.un.org/wpp/assets/Excel%20Files/1_Indicator%20(Standard)/EXCEL_FILES/1_General/WPP2024_GEN_F01_DEMOGRAPHIC_INDICATORS_COMPACT.xlsx,evidence/api/UN_WPP2024_demographic_indicators_compact.xlsx,1 July,A,un_estimate,,,Read directly from the archived workbook; the 2010-2022 values already published reproduce exactly from the same file.,2026-10-07
ESP,2008,population_un_wpp2024,46235054,UN_WPP2024,"UN DESA Population Division, World Population Prospects 2024 (compact demographic indicators)",https://population.un.org/wpp/assets/Excel%20Files/1_Indicator%20(Standard)/EXCEL_FILES/1_General/WPP2024_GEN_F01_DEMOGRAPHIC_INDICATORS_COMPACT.xlsx,evidence/api/UN_WPP2024_demographic_indicators_compact.xlsx,1 July,A,un_estimate,,,Read directly from the archived workbook; the 2010-2022 values already published reproduce exactly from the same file.,2026-10-07
ESP,2009,population_un_wpp2024,46635180,UN_WPP2024,"UN DESA Population Division, World Population Prospects 2024 (compact demographic indicators)",https://population.un.org/wpp/assets/Excel%20Files/1_Indicator%20(Standard)/EXCEL_FILES/1_General/WPP2024_GEN_F01_DEMOGRAPHIC_INDICATORS_COMPACT.xlsx,evidence/api/UN_WPP2024_demographic_indicators_compact.xlsx,1 July,A,un_estimate,,,Read directly from the archived workbook; the 2010-2022 values already published reproduce exactly from the same file.,2026-10-07
FIN,2001,population_un_wpp2024,5187971,UN_WPP2024,"UN DESA Population Division, World Population Prospects 2024 (compact demographic indicators)",https://population.un.org/wpp/assets/Excel%20Files/1_Indicator%20(Standard)/EXCEL_FILES/1_General/WPP2024_GEN_F01_DEMOGRAPHIC_INDICATORS_COMPACT.xlsx,evidence/api/UN_WPP2024_demographic_indicators_compact.xlsx,1 July,A,un_estimate,,,Read directly from the archived workbook; the 2010-2022 values already published reproduce exactly from the same file.,2026-10-07
FIN,2002,population_un_wpp2024,5200546,UN_WPP2024,"UN DESA Population Division, World Population Prospects 2024 (compact demographic indicators)",https://population.un.org/wpp/assets/Excel%20Files/1_Indicator%20(Standard)/EXCEL_FILES/1_General/WPP2024_GEN_F01_DEMOGRAPHIC_INDICATORS_COMPACT.xlsx,evidence/api/UN_WPP2024_demographic_indicators_compact.xlsx,1 July,A,un_estimate,,,Read directly from the archived workbook; the 2010-2022 values already published reproduce exactly from the same file.,2026-10-07
FIN,2003,population_un_wpp2024,5212955,UN_WPP2024,"UN DESA Population Division, World Population Prospects 2024 (compact demographic indicators)",https://population.un.org/wpp/assets/Excel%20Files/1_Indicator%20(Standard)/EXCEL_FILES/1_General/WPP2024_GEN_F01_DEMOGRAPHIC_INDICATORS_COMPACT.xlsx,evidence/api/UN_WPP2024_demographic_indicators_compact.xlsx,1 July,A,un_estimate,,,Read directly from the archived workbook; the 2010-2022 values already published reproduce exactly from the same file.,2026-10-07
FIN,2004,population_un_wpp2024,5228148,UN_WPP2024,"UN DESA Population Division, World Population Prospects 2024 (compact demographic indicators)",https://population.un.org/wpp/assets/Excel%20Files/1_Indicator%20(Standard)/EXCEL_FILES/1_General/WPP2024_GEN_F01_DEMOGRAPHIC_INDICATORS_COMPACT.xlsx,evidence/api/UN_WPP2024_demographic_indicators_compact.xlsx,1 July,A,un_estimate,,,Read directly from the archived workbook; the 2010-2022 values already published reproduce exactly from the same file.,2026-10-07
FIN,2005,population_un_wpp2024,5246082,UN_WPP2024,"UN DESA Population Division, World Population Prospects 2024 (compact demographic indicators)",https://population.un.org/wpp/assets/Excel%20Files/1_Indicator%20(Standard)/EXCEL_FILES/1_General/WPP2024_GEN_F01_DEMOGRAPHIC_INDICATORS_COMPACT.xlsx,evidence/api/UN_WPP2024_demographic_indicators_compact.xlsx,1 July,A,un_estimate,,,Read directly from the archived workbook; the 2010-2022 values already published reproduce exactly from the same file.,2026-10-07
FIN,2006,population_un_wpp2024,5266247,UN_WPP2024,"UN DESA Population Division, World Population Prospects 2024 (compact demographic indicators)",https://population.un.org/wpp/assets/Excel%20Files/1_Indicator%20(Standard)/EXCEL_FILES/1_General/WPP2024_GEN_F01_DEMOGRAPHIC_INDICATORS_COMPACT.xlsx,evidence/api/UN_WPP2024_demographic_indicators_compact.xlsx,1 July,A,un_estimate,,,Read directly from the archived workbook; the 2010-2022 values already published reproduce exactly from the same file.,2026-10-07
FIN,2007,population_un_wpp2024,5288710,UN_WPP2024,"UN DESA Population Division, World Population Prospects 2024 (compact demographic indicators)",https://population.un.org/wpp/assets/Excel%20Files/1_Indicator%20(Standard)/EXCEL_FILES/1_General/WPP2024_GEN_F01_DEMOGRAPHIC_INDICATORS_COMPACT.xlsx,evidence/api/UN_WPP2024_demographic_indicators_compact.xlsx,1 July,A,un_estimate,,,Read directly from the archived workbook; the 2010-2022 values already published reproduce exactly from the same file.,2026-10-07
FIN,2008,population_un_wpp2024,5313377,UN_WPP2024,"UN DESA Population Division, World Population Prospects 2024 (compact demographic indicators)",https://population.un.org/wpp/assets/Excel%20Files/1_Indicator%20(Standard)/EXCEL_FILES/1_General/WPP2024_GEN_F01_DEMOGRAPHIC_INDICATORS_COMPACT.xlsx,evidence/api/UN_WPP2024_demographic_indicators_compact.xlsx,1 July,A,un_estimate,,,Read directly from the archived workbook; the 2010-2022 values already published reproduce exactly from the same file.,2026-10-07
FIN,2009,population_un_wpp2024,5338856,UN_WPP2024,"UN DESA Population Division, World Population Prospects 2024 (compact demographic indicators)",https://population.un.org/wpp/assets/Excel%20Files/1_Indicator%20(Standard)/EXCEL_FILES/1_General/WPP2024_GEN_F01_DEMOGRAPHIC_INDICATORS_COMPACT.xlsx,evidence/api/UN_WPP2024_demographic_indicators_compact.xlsx,1 July,A,un_estimate,,,Read directly from the archived workbook; the 2010-2022 values already published reproduce exactly from the same file.,2026-10-07
FRA,2001,population_un_wpp2024,59905128,UN_WPP2024,"UN DESA Population Division, World Population Prospects 2024 (compact demographic indicators)",https://population.un.org/wpp/assets/Excel%20Files/1_Indicator%20(Standard)/EXCEL_FILES/1_General/WPP2024_GEN_F01_DEMOGRAPHIC_INDICATORS_COMPACT.xlsx,evidence/api/UN_WPP2024_demographic_indicators_compact.xlsx,1 July,A,un_estimate,,,Read directly from the archived workbook; the 2010-2022 values already published reproduce exactly from the same file.,2026-10-07
FRA,2002,population_un_wpp2024,60327248,UN_WPP2024,"UN DESA Population Division, World Population Prospects 2024 (compact demographic indicators)",https://population.un.org/wpp/assets/Excel%20Files/1_Indicator%20(Standard)/EXCEL_FILES/1_General/WPP2024_GEN_F01_DEMOGRAPHIC_INDICATORS_COMPACT.xlsx,evidence/api/UN_WPP2024_demographic_indicators_compact.xlsx,1 July,A,un_estimate,,,Read directly from the archived workbook; the 2010-2022 values already published reproduce exactly from the same file.,2026-10-07
FRA,2003,population_un_wpp2024,60741126,UN_WPP2024,"UN DESA Population Division, World Population Prospects 2024 (compact demographic indicators)",https://population.un.org/wpp/assets/Excel%20Files/1_Indicator%20(Standard)/EXCEL_FILES/1_General/WPP2024_GEN_F01_DEMOGRAPHIC_INDICATORS_COMPACT.xlsx,evidence/api/UN_WPP2024_demographic_indicators_compact.xlsx,1 July,A,un_estimate,,,Read directly from the archived workbook; the 2010-2022 values already published reproduce exactly from the same file.,2026-10-07
FRA,2004,population_un_wpp2024,61175247,UN_WPP2024,"UN DESA Population Division, World Population Prospects 2024 (compact demographic indicators)",https://population.un.org/wpp/assets/Excel%20Files/1_Indicator%20(Standard)/EXCEL_FILES/1_General/WPP2024_GEN_F01_DEMOGRAPHIC_INDICATORS_COMPACT.xlsx,evidence/api/UN_WPP2024_demographic_indicators_compact.xlsx,1 July,A,un_estimate,,,Read directly from the archived workbook; the 2010-2022 values already published reproduce exactly from the same file.,2026-10-07
FRA,2005,population_un_wpp2024,61625032,UN_WPP2024,"UN DESA Population Division, World Population Prospects 2024 (compact demographic indicators)",https://population.un.org/wpp/assets/Excel%20Files/1_Indicator%20(Standard)/EXCEL_FILES/1_General/WPP2024_GEN_F01_DEMOGRAPHIC_INDICATORS_COMPACT.xlsx,evidence/api/UN_WPP2024_demographic_indicators_compact.xlsx,1 July,A,un_estimate,,,Read directly from the archived workbook; the 2010-2022 values already published reproduce exactly from the same file.,2026-10-07
FRA,2006,population_un_wpp2024,62049838,UN_WPP2024,"UN DESA Population Division, World Population Prospects 2024 (compact demographic indicators)",https://population.un.org/wpp/assets/Excel%20Files/1_Indicator%20(Standard)/EXCEL_FILES/1_General/WPP2024_GEN_F01_DEMOGRAPHIC_INDICATORS_COMPACT.xlsx,evidence/api/UN_WPP2024_demographic_indicators_compact.xlsx,1 July,A,un_estimate,,,Read directly from the archived workbook; the 2010-2022 values already published reproduce exactly from the same file.,2026-10-07
FRA,2007,population_un_wpp2024,62432439,UN_WPP2024,"UN DESA Population Division, World Population Prospects 2024 (compact demographic indicators)",https://population.un.org/wpp/assets/Excel%20Files/1_Indicator%20(Standard)/EXCEL_FILES/1_General/WPP2024_GEN_F01_DEMOGRAPHIC_INDICATORS_COMPACT.xlsx,evidence/api/UN_WPP2024_demographic_indicators_compact.xlsx,1 July,A,un_estimate,,,Read directly from the archived workbook; the 2010-2022 values already published reproduce exactly from the same file.,2026-10-07
FRA,2008,population_un_wpp2024,62780190,UN_WPP2024,"UN DESA Population Division, World Population Prospects 2024 (compact demographic indicators)",https://population.un.org/wpp/assets/Excel%20Files/1_Indicator%20(Standard)/EXCEL_FILES/1_General/WPP2024_GEN_F01_DEMOGRAPHIC_INDICATORS_COMPACT.xlsx,evidence/api/UN_WPP2024_demographic_indicators_compact.xlsx,1 July,A,un_estimate,,,Read directly from the archived workbook; the 2010-2022 values already published reproduce exactly from the same file.,2026-10-07
FRA,2009,population_un_wpp2024,63106463,UN_WPP2024,"UN DESA Population Division, World Population Prospects 2024 (compact demographic indicators)",https://population.un.org/wpp/assets/Excel%20Files/1_Indicator%20(Standard)/EXCEL_FILES/1_General/WPP2024_GEN_F01_DEMOGRAPHIC_INDICATORS_COMPACT.xlsx,evidence/api/UN_WPP2024_demographic_indicators_compact.xlsx,1 July,A,un_estimate,,,Read directly from the archived workbook; the 2010-2022 values already published reproduce exactly from the same file.,2026-10-07
GBR,2001,population_un_wpp2024,59288090,UN_WPP2024,"UN DESA Population Division, World Population Prospects 2024 (compact demographic indicators)",https://population.un.org/wpp/assets/Excel%20Files/1_Indicator%20(Standard)/EXCEL_FILES/1_General/WPP2024_GEN_F01_DEMOGRAPHIC_INDICATORS_COMPACT.xlsx,evidence/api/UN_WPP2024_demographic_indicators_compact.xlsx,1 July,A,un_estimate,,,Read directly from the archived workbook; the 2010-2022 values already published reproduce exactly from the same file.,2026-10-07
GBR,2002,population_un_wpp2024,59540763,UN_WPP2024,"UN DESA Population Division, World Population Prospects 2024 (compact demographic indicators)",https://population.un.org/wpp/assets/Excel%20Files/1_Indicator%20(Standard)/EXCEL_FILES/1_General/WPP2024_GEN_F01_DEMOGRAPHIC_INDICATORS_COMPACT.xlsx,evidence/api/UN_WPP2024_demographic_indicators_compact.xlsx,1 July,A,un_estimate,,,Read directly from the archived workbook; the 2010-2022 values already published reproduce exactly from the same file.,2026-10-07
GBR,2003,population_un_wpp2024,59820385,UN_WPP2024,"UN DESA Population Division, World Population Prospects 2024 (compact demographic indicators)",https://population.un.org/wpp/assets/Excel%20Files/1_Indicator%20(Standard)/EXCEL_FILES/1_General/WPP2024_GEN_F01_DEMOGRAPHIC_INDICATORS_COMPACT.xlsx,evidence/api/UN_WPP2024_demographic_indicators_compact.xlsx,1 July,A,un_estimate,,,Read directly from the archived workbook; the 2010-2022 values already published reproduce exactly from the same file.,2026-10-07
GBR,2004,population_un_wpp2024,60169967,UN_WPP2024,"UN DESA Population Division, World Population Prospects 2024 (compact demographic indicators)",https://population.un.org/wpp/assets/Excel%20Files/1_Indicator%20(Standard)/EXCEL_FILES/1_General/WPP2024_GEN_F01_DEMOGRAPHIC_INDICATORS_COMPACT.xlsx,evidence/api/UN_WPP2024_demographic_indicators_compact.xlsx,1 July,A,un_estimate,,,Read directly from the archived workbook; the 2010-2022 values already published reproduce exactly from the same file.,2026-10-07
GBR,2005,population_un_wpp2024,60596108,UN_WPP2024,"UN DESA Population Division, World Population Prospects 2024 (compact demographic indicators)",https://population.un.org/wpp/assets/Excel%20Files/1_Indicator%20(Standard)/EXCEL_FILES/1_General/WPP2024_GEN_F01_DEMOGRAPHIC_INDICATORS_COMPACT.xlsx,evidence/api/UN_WPP2024_demographic_indicators_compact.xlsx,1 July,A,un_estimate,,,Read directly from the archived workbook; the 2010-2022 values already published reproduce exactly from the same file.,2026-10-07
GBR,2006,population_un_wpp2024,61051094,UN_WPP2024,"UN DESA Population Division, World Population Prospects 2024 (compact demographic indicators)",https://population.un.org/wpp/assets/Excel%20Files/1_Indicator%20(Standard)/EXCEL_FILES/1_General/WPP2024_GEN_F01_DEMOGRAPHIC_INDICATORS_COMPACT.xlsx,evidence/api/UN_WPP2024_demographic_indicators_compact.xlsx,1 July,A,un_estimate,,,Read directly from the archived workbook; the 2010-2022 values already published reproduce exactly from the same file.,2026-10-07
GBR,2007,population_un_wpp2024,61535855,UN_WPP2024,"UN DESA Population Division, World Population Prospects 2024 (compact demographic indicators)",https://population.un.org/wpp/assets/Excel%20Files/1_Indicator%20(Standard)/EXCEL_FILES/1_General/WPP2024_GEN_F01_DEMOGRAPHIC_INDICATORS_COMPACT.xlsx,evidence/api/UN_WPP2024_demographic_indicators_compact.xlsx,1 July,A,un_estimate,,,Read directly from the archived workbook; the 2010-2022 values already published reproduce exactly from the same file.,2026-10-07
GBR,2008,population_un_wpp2024,62027306,UN_WPP2024,"UN DESA Population Division, World Population Prospects 2024 (compact demographic indicators)",https://population.un.org/wpp/assets/Excel%20Files/1_Indicator%20(Standard)/EXCEL_FILES/1_General/WPP2024_GEN_F01_DEMOGRAPHIC_INDICATORS_COMPACT.xlsx,evidence/api/UN_WPP2024_demographic_indicators_compact.xlsx,1 July,A,un_estimate,,,Read directly from the archived workbook; the 2010-2022 values already published reproduce exactly from the same file.,2026-10-07
GBR,2009,population_un_wpp2024,62506226,UN_WPP2024,"UN DESA Population Division, World Population Prospects 2024 (compact demographic indicators)",https://population.un.org/wpp/assets/Excel%20Files/1_Indicator%20(Standard)/EXCEL_FILES/1_General/WPP2024_GEN_F01_DEMOGRAPHIC_INDICATORS_COMPACT.xlsx,evidence/api/UN_WPP2024_demographic_indicators_compact.xlsx,1 July,A,un_estimate,,,Read directly from the archived workbook; the 2010-2022 values already published reproduce exactly from the same file.,2026-10-07
HRV,2001,population_un_wpp2024,4301074,UN_WPP2024,"UN DESA Population Division, World Population Prospects 2024 (compact demographic indicators)",https://population.un.org/wpp/assets/Excel%20Files/1_Indicator%20(Standard)/EXCEL_FILES/1_General/WPP2024_GEN_F01_DEMOGRAPHIC_INDICATORS_COMPACT.xlsx,evidence/api/UN_WPP2024_demographic_indicators_compact.xlsx,1 July,A,un_estimate,,,Read directly from the archived workbook; the 2010-2022 values already published reproduce exactly from the same file.,2026-10-07
HRV,2002,population_un_wpp2024,4305782,UN_WPP2024,"UN DESA Population Division, World Population Prospects 2024 (compact demographic indicators)",https://population.un.org/wpp/assets/Excel%20Files/1_Indicator%20(Standard)/EXCEL_FILES/1_General/WPP2024_GEN_F01_DEMOGRAPHIC_INDICATORS_COMPACT.xlsx,evidence/api/UN_WPP2024_demographic_indicators_compact.xlsx,1 July,A,un_estimate,,,Read directly from the archived workbook; the 2010-2022 values already published reproduce exactly from the same file.,2026-10-07
HRV,2003,population_un_wpp2024,4306686,UN_WPP2024,"UN DESA Population Division, World Population Prospects 2024 (compact demographic indicators)",https://population.un.org/wpp/assets/Excel%20Files/1_Indicator%20(Standard)/EXCEL_FILES/1_General/WPP2024_GEN_F01_DEMOGRAPHIC_INDICATORS_COMPACT.xlsx,evidence/api/UN_WPP2024_demographic_indicators_compact.xlsx,1 July,A,un_estimate,,,Read directly from the archived workbook; the 2010-2022 values already published reproduce exactly from the same file.,2026-10-07
HRV,2004,population_un_wpp2024,4310056,UN_WPP2024,"UN DESA Population Division, World Population Prospects 2024 (compact demographic indicators)",https://population.un.org/wpp/assets/Excel%20Files/1_Indicator%20(Standard)/EXCEL_FILES/1_General/WPP2024_GEN_F01_DEMOGRAPHIC_INDICATORS_COMPACT.xlsx,evidence/api/UN_WPP2024_demographic_indicators_compact.xlsx,1 July,A,un_estimate,,,Read directly from the archived workbook; the 2010-2022 values already published reproduce exactly from the same file.,2026-10-07
HRV,2005,population_un_wpp2024,4313946,UN_WPP2024,"UN DESA Population Division, World Population Prospects 2024 (compact demographic indicators)",https://population.un.org/wpp/assets/Excel%20Files/1_Indicator%20(Standard)/EXCEL_FILES/1_General/WPP2024_GEN_F01_DEMOGRAPHIC_INDICATORS_COMPACT.xlsx,evidence/api/UN_WPP2024_demographic_indicators_compact.xlsx,1 July,A,un_estimate,,,Read directly from the archived workbook; the 2010-2022 values already published reproduce exactly from the same file.,2026-10-07
HRV,2006,population_un_wpp2024,4315800,UN_WPP2024,"UN DESA Population Division, World Population Prospects 2024 (compact demographic indicators)",https://population.un.org/wpp/assets/Excel%20Files/1_Indicator%20(Standard)/EXCEL_FILES/1_General/WPP2024_GEN_F01_DEMOGRAPHIC_INDICATORS_COMPACT.xlsx,evidence/api/UN_WPP2024_demographic_indicators_compact.xlsx,1 July,A,un_estimate,,,Read directly from the archived workbook; the 2010-2022 values already published reproduce exactly from the same file.,2026-10-07
HRV,2007,population_un_wpp2024,4315954,UN_WPP2024,"UN DESA Population Division, World Population Prospects 2024 (compact demographic indicators)",https://population.un.org/wpp/assets/Excel%20Files/1_Indicator%20(Standard)/EXCEL_FILES/1_General/WPP2024_GEN_F01_DEMOGRAPHIC_INDICATORS_COMPACT.xlsx,evidence/api/UN_WPP2024_demographic_indicators_compact.xlsx,1 July,A,un_estimate,,,Read directly from the archived workbook; the 2010-2022 values already published reproduce exactly from the same file.,2026-10-07
HRV,2008,population_un_wpp2024,4314631,UN_WPP2024,"UN DESA Population Division, World Population Prospects 2024 (compact demographic indicators)",https://population.un.org/wpp/assets/Excel%20Files/1_Indicator%20(Standard)/EXCEL_FILES/1_General/WPP2024_GEN_F01_DEMOGRAPHIC_INDICATORS_COMPACT.xlsx,evidence/api/UN_WPP2024_demographic_indicators_compact.xlsx,1 July,A,un_estimate,,,Read directly from the archived workbook; the 2010-2022 values already published reproduce exactly from the same file.,2026-10-07
HRV,2009,population_un_wpp2024,4310530,UN_WPP2024,"UN DESA Population Division, World Population Prospects 2024 (compact demographic indicators)",https://population.un.org/wpp/assets/Excel%20Files/1_Indicator%20(Standard)/EXCEL_FILES/1_General/WPP2024_GEN_F01_DEMOGRAPHIC_INDICATORS_COMPACT.xlsx,evidence/api/UN_WPP2024_demographic_indicators_compact.xlsx,1 July,A,un_estimate,,,Read directly from the archived workbook; the 2010-2022 values already published reproduce exactly from the same file.,2026-10-07
HUN,2001,population_un_wpp2024,10166690,UN_WPP2024,"UN DESA Population Division, World Population Prospects 2024 (compact demographic indicators)",https://population.un.org/wpp/assets/Excel%20Files/1_Indicator%20(Standard)/EXCEL_FILES/1_General/WPP2024_GEN_F01_DEMOGRAPHIC_INDICATORS_COMPACT.xlsx,evidence/api/UN_WPP2024_demographic_indicators_compact.xlsx,1 July,A,un_estimate,,,Read directly from the archived workbook; the 2010-2022 values already published reproduce exactly from the same file.,2026-10-07
HUN,2002,population_un_wpp2024,10138466,UN_WPP2024,"UN DESA Population Division, World Population Prospects 2024 (compact demographic indicators)",https://population.un.org/wpp/assets/Excel%20Files/1_Indicator%20(Standard)/EXCEL_FILES/1_General/WPP2024_GEN_F01_DEMOGRAPHIC_INDICATORS_COMPACT.xlsx,evidence/api/UN_WPP2024_demographic_indicators_compact.xlsx,1 July,A,un_estimate,,,Read directly from the archived workbook; the 2010-2022 values already published reproduce exactly from the same file.,2026-10-07
HUN,2003,population_un_wpp2024,10108963,UN_WPP2024,"UN DESA Population Division, World Population Prospects 2024 (compact demographic indicators)",https://population.un.org/wpp/assets/Excel%20Files/1_Indicator%20(Standard)/EXCEL_FILES/1_General/WPP2024_GEN_F01_DEMOGRAPHIC_INDICATORS_COMPACT.xlsx,evidence/api/UN_WPP2024_demographic_indicators_compact.xlsx,1 July,A,un_estimate,,,Read directly from the archived workbook; the 2010-2022 values already published reproduce exactly from the same file.,2026-10-07
HUN,2004,population_un_wpp2024,10085791,UN_WPP2024,"UN DESA Population Division, World Population Prospects 2024 (compact demographic indicators)",https://population.un.org/wpp/assets/Excel%20Files/1_Indicator%20(Standard)/EXCEL_FILES/1_General/WPP2024_GEN_F01_DEMOGRAPHIC_INDICATORS_COMPACT.xlsx,evidence/api/UN_WPP2024_demographic_indicators_compact.xlsx,1 July,A,un_estimate,,,Read directly from the archived workbook; the 2010-2022 values already published reproduce exactly from the same file.,2026-10-07
HUN,2005,population_un_wpp2024,10065706,UN_WPP2024,"UN DESA Population Division, World Population Prospects 2024 (compact demographic indicators)",https://population.un.org/wpp/assets/Excel%20Files/1_Indicator%20(Standard)/EXCEL_FILES/1_General/WPP2024_GEN_F01_DEMOGRAPHIC_INDICATORS_COMPACT.xlsx,evidence/api/UN_WPP2024_demographic_indicators_compact.xlsx,1 July,A,un_estimate,,,Read directly from the archived workbook; the 2010-2022 values already published reproduce exactly from the same file.,2026-10-07
HUN,2006,population_un_wpp2024,10049943,UN_WPP2024,"UN DESA Population Division, World Population Prospects 2024 (compact demographic indicators)",https://population.un.org/wpp/assets/Excel%20Files/1_Indicator%20(Standard)/EXCEL_FILES/1_General/WPP2024_GEN_F01_DEMOGRAPHIC_INDICATORS_COMPACT.xlsx,evidence/api/UN_WPP2024_demographic_indicators_compact.xlsx,1 July,A,un_estimate,,,Read directly from the archived workbook; the 2010-2022 values already published reproduce exactly from the same file.,2026-10-07
HUN,2007,population_un_wpp2024,10034082,UN_WPP2024,"UN DESA Population Division, World Population Prospects 2024 (compact demographic indicators)",https://population.un.org/wpp/assets/Excel%20Files/1_Indicator%20(Standard)/EXCEL_FILES/1_General/WPP2024_GEN_F01_DEMOGRAPHIC_INDICATORS_COMPACT.xlsx,evidence/api/UN_WPP2024_demographic_indicators_compact.xlsx,1 July,A,un_estimate,,,Read directly from the archived workbook; the 2010-2022 values already published reproduce exactly from the same file.,2026-10-07
HUN,2008,population_un_wpp2024,10016657,UN_WPP2024,"UN DESA Population Division, World Population Prospects 2024 (compact demographic indicators)",https://population.un.org/wpp/assets/Excel%20Files/1_Indicator%20(Standard)/EXCEL_FILES/1_General/WPP2024_GEN_F01_DEMOGRAPHIC_INDICATORS_COMPACT.xlsx,evidence/api/UN_WPP2024_demographic_indicators_compact.xlsx,1 July,A,un_estimate,,,Read directly from the archived workbook; the 2010-2022 values already published reproduce exactly from the same file.,2026-10-07
HUN,2009,population_un_wpp2024,10001378,UN_WPP2024,"UN DESA Population Division, World Population Prospects 2024 (compact demographic indicators)",https://population.un.org/wpp/assets/Excel%20Files/1_Indicator%20(Standard)/EXCEL_FILES/1_General/WPP2024_GEN_F01_DEMOGRAPHIC_INDICATORS_COMPACT.xlsx,evidence/api/UN_WPP2024_demographic_indicators_compact.xlsx,1 July,A,un_estimate,,,Read directly from the archived workbook; the 2010-2022 values already published reproduce exactly from the same file.,2026-10-07
IND,2001,population_un_wpp2024,1077898575,UN_WPP2024,"UN DESA Population Division, World Population Prospects 2024 (compact demographic indicators)",https://population.un.org/wpp/assets/Excel%20Files/1_Indicator%20(Standard)/EXCEL_FILES/1_General/WPP2024_GEN_F01_DEMOGRAPHIC_INDICATORS_COMPACT.xlsx,evidence/api/UN_WPP2024_demographic_indicators_compact.xlsx,1 July,A,un_estimate,,,Read directly from the archived workbook; the 2010-2022 values already published reproduce exactly from the same file.,2026-10-07
IND,2002,population_un_wpp2024,1097600380,UN_WPP2024,"UN DESA Population Division, World Population Prospects 2024 (compact demographic indicators)",https://population.un.org/wpp/assets/Excel%20Files/1_Indicator%20(Standard)/EXCEL_FILES/1_General/WPP2024_GEN_F01_DEMOGRAPHIC_INDICATORS_COMPACT.xlsx,evidence/api/UN_WPP2024_demographic_indicators_compact.xlsx,1 July,A,un_estimate,,,Read directly from the archived workbook; the 2010-2022 values already published reproduce exactly from the same file.,2026-10-07
IND,2003,population_un_wpp2024,1116803006,UN_WPP2024,"UN DESA Population Division, World Population Prospects 2024 (compact demographic indicators)",https://population.un.org/wpp/assets/Excel%20Files/1_Indicator%20(Standard)/EXCEL_FILES/1_General/WPP2024_GEN_F01_DEMOGRAPHIC_INDICATORS_COMPACT.xlsx,evidence/api/UN_WPP2024_demographic_indicators_compact.xlsx,1 July,A,un_estimate,,,Read directly from the archived workbook; the 2010-2022 values already published reproduce exactly from the same file.,2026-10-07
IND,2004,population_un_wpp2024,1135991513,UN_WPP2024,"UN DESA Population Division, World Population Prospects 2024 (compact demographic indicators)",https://population.un.org/wpp/assets/Excel%20Files/1_Indicator%20(Standard)/EXCEL_FILES/1_General/WPP2024_GEN_F01_DEMOGRAPHIC_INDICATORS_COMPACT.xlsx,evidence/api/UN_WPP2024_demographic_indicators_compact.xlsx,1 July,A,un_estimate,,,Read directly from the archived workbook; the 2010-2022 values already published reproduce exactly from the same file.,2026-10-07
IND,2005,population_un_wpp2024,1154676322,UN_WPP2024,"UN DESA Population Division, World Population Prospects 2024 (compact demographic indicators)",https://population.un.org/wpp/assets/Excel%20Files/1_Indicator%20(Standard)/EXCEL_FILES/1_General/WPP2024_GEN_F01_DEMOGRAPHIC_INDICATORS_COMPACT.xlsx,evidence/api/UN_WPP2024_demographic_indicators_compact.xlsx,1 July,A,un_estimate,,,Read directly from the archived workbook; the 2010-2022 values already published reproduce exactly from the same file.,2026-10-07
IND,2006,population_un_wpp2024,1172878890,UN_WPP2024,"UN DESA Population Division, World Population Prospects 2024 (compact demographic indicators)",https://population.un.org/wpp/assets/Excel%20Files/1_Indicator%20(Standard)/EXCEL_FILES/1_General/WPP2024_GEN_F01_DEMOGRAPHIC_INDICATORS_COMPACT.xlsx,evidence/api/UN_WPP2024_demographic_indicators_compact.xlsx,1 July,A,un_estimate,,,Read directly from the archived workbook; the 2010-2022 values already published reproduce exactly from the same file.,2026-10-07
IND,2007,population_un_wpp2024,1190676021,UN_WPP2024,"UN DESA Population Division, World Population Prospects 2024 (compact demographic indicators)",https://population.un.org/wpp/assets/Excel%20Files/1_Indicator%20(Standard)/EXCEL_FILES/1_General/WPP2024_GEN_F01_DEMOGRAPHIC_INDICATORS_COMPACT.xlsx,evidence/api/UN_WPP2024_demographic_indicators_compact.xlsx,1 July,A,un_estimate,,,Read directly from the archived workbook; the 2010-2022 values already published reproduce exactly from the same file.,2026-10-07
IND,2008,population_un_wpp2024,1207930964,UN_WPP2024,"UN DESA Population Division, World Population Prospects 2024 (compact demographic indicators)",https://population.un.org/wpp/assets/Excel%20Files/1_Indicator%20(Standard)/EXCEL_FILES/1_General/WPP2024_GEN_F01_DEMOGRAPHIC_INDICATORS_COMPACT.xlsx,evidence/api/UN_WPP2024_demographic_indicators_compact.xlsx,1 July,A,un_estimate,,,Read directly from the archived workbook; the 2010-2022 values already published reproduce exactly from the same file.,2026-10-07
IND,2009,population_un_wpp2024,1225524753,UN_WPP2024,"UN DESA Population Division, World Population Prospects 2024 (compact demographic indicators)",https://population.un.org/wpp/assets/Excel%20Files/1_Indicator%20(Standard)/EXCEL_FILES/1_General/WPP2024_GEN_F01_DEMOGRAPHIC_INDICATORS_COMPACT.xlsx,evidence/api/UN_WPP2024_demographic_indicators_compact.xlsx,1 July,A,un_estimate,,,Read directly from the archived workbook; the 2010-2022 values already published reproduce exactly from the same file.,2026-10-07
ISL,2001,population_un_wpp2024,285053,UN_WPP2024,"UN DESA Population Division, World Population Prospects 2024 (compact demographic indicators)",https://population.un.org/wpp/assets/Excel%20Files/1_Indicator%20(Standard)/EXCEL_FILES/1_General/WPP2024_GEN_F01_DEMOGRAPHIC_INDICATORS_COMPACT.xlsx,evidence/api/UN_WPP2024_demographic_indicators_compact.xlsx,1 July,A,un_estimate,,,Read directly from the archived workbook; the 2010-2022 values already published reproduce exactly from the same file.,2026-10-07
ISL,2002,population_un_wpp2024,287607,UN_WPP2024,"UN DESA Population Division, World Population Prospects 2024 (compact demographic indicators)",https://population.un.org/wpp/assets/Excel%20Files/1_Indicator%20(Standard)/EXCEL_FILES/1_General/WPP2024_GEN_F01_DEMOGRAPHIC_INDICATORS_COMPACT.xlsx,evidence/api/UN_WPP2024_demographic_indicators_compact.xlsx,1 July,A,un_estimate,,,Read directly from the archived workbook; the 2010-2022 values already published reproduce exactly from the same file.,2026-10-07
ISL,2003,population_un_wpp2024,289605,UN_WPP2024,"UN DESA Population Division, World Population Prospects 2024 (compact demographic indicators)",https://population.un.org/wpp/assets/Excel%20Files/1_Indicator%20(Standard)/EXCEL_FILES/1_General/WPP2024_GEN_F01_DEMOGRAPHIC_INDICATORS_COMPACT.xlsx,evidence/api/UN_WPP2024_demographic_indicators_compact.xlsx,1 July,A,un_estimate,,,Read directly from the archived workbook; the 2010-2022 values already published reproduce exactly from the same file.,2026-10-07
ISL,2004,population_un_wpp2024,292168,UN_WPP2024,"UN DESA Population Division, World Population Prospects 2024 (compact demographic indicators)",https://population.un.org/wpp/assets/Excel%20Files/1_Indicator%20(Standard)/EXCEL_FILES/1_General/WPP2024_GEN_F01_DEMOGRAPHIC_INDICATORS_COMPACT.xlsx,evidence/api/UN_WPP2024_demographic_indicators_compact.xlsx,1 July,A,un_estimate,,,Read directly from the archived workbook; the 2010-2022 values already published reproduce exactly from the same file.,2026-10-07
ISL,2005,population_un_wpp2024,296834,UN_WPP2024,"UN DESA Population Division, World Population Prospects 2024 (compact demographic indicators)",https://population.un.org/wpp/assets/Excel%20Files/1_Indicator%20(Standard)/EXCEL_FILES/1_General/WPP2024_GEN_F01_DEMOGRAPHIC_INDICATORS_COMPACT.xlsx,evidence/api/UN_WPP2024_demographic_indicators_compact.xlsx,1 July,A,un_estimate,,,Read directly from the archived workbook; the 2010-2022 values already published reproduce exactly from the same file.,2026-10-07
ISL,2006,population_un_wpp2024,303874,UN_WPP2024,"UN DESA Population Division, World Population Prospects 2024 (compact demographic indicators)",https://population.un.org/wpp/assets/Excel%20Files/1_Indicator%20(Standard)/EXCEL_FILES/1_General/WPP2024_GEN_F01_DEMOGRAPHIC_INDICATORS_COMPACT.xlsx,evidence/api/UN_WPP2024_demographic_indicators_compact.xlsx,1 July,A,un_estimate,,,Read directly from the archived workbook; the 2010-2022 values already published reproduce exactly from the same file.,2026-10-07
ISL,2007,population_un_wpp2024,311651,UN_WPP2024,"UN DESA Population Division, World Population Prospects 2024 (compact demographic indicators)",https://population.un.org/wpp/assets/Excel%20Files/1_Indicator%20(Standard)/EXCEL_FILES/1_General/WPP2024_GEN_F01_DEMOGRAPHIC_INDICATORS_COMPACT.xlsx,evidence/api/UN_WPP2024_demographic_indicators_compact.xlsx,1 July,A,un_estimate,,,Read directly from the archived workbook; the 2010-2022 values already published reproduce exactly from the same file.,2026-10-07
ISL,2008,population_un_wpp2024,317514,UN_WPP2024,"UN DESA Population Division, World Population Prospects 2024 (compact demographic indicators)",https://population.un.org/wpp/assets/Excel%20Files/1_Indicator%20(Standard)/EXCEL_FILES/1_General/WPP2024_GEN_F01_DEMOGRAPHIC_INDICATORS_COMPACT.xlsx,evidence/api/UN_WPP2024_demographic_indicators_compact.xlsx,1 July,A,un_estimate,,,Read directly from the archived workbook; the 2010-2022 values already published reproduce exactly from the same file.,2026-10-07
ISL,2009,population_un_wpp2024,318612,UN_WPP2024,"UN DESA Population Division, World Population Prospects 2024 (compact demographic indicators)",https://population.un.org/wpp/assets/Excel%20Files/1_Indicator%20(Standard)/EXCEL_FILES/1_General/WPP2024_GEN_F01_DEMOGRAPHIC_INDICATORS_COMPACT.xlsx,evidence/api/UN_WPP2024_demographic_indicators_compact.xlsx,1 July,A,un_estimate,,,Read directly from the archived workbook; the 2010-2022 values already published reproduce exactly from the same file.,2026-10-07
ISR,2001,population_un_wpp2024,6259982,UN_WPP2024,"UN DESA Population Division, World Population Prospects 2024 (compact demographic indicators)",https://population.un.org/wpp/assets/Excel%20Files/1_Indicator%20(Standard)/EXCEL_FILES/1_General/WPP2024_GEN_F01_DEMOGRAPHIC_INDICATORS_COMPACT.xlsx,evidence/api/UN_WPP2024_demographic_indicators_compact.xlsx,1 July,A,un_estimate,,,Read directly from the archived workbook; the 2010-2022 values already published reproduce exactly from the same file.,2026-10-07
ISR,2002,population_un_wpp2024,6387720,UN_WPP2024,"UN DESA Population Division, World Population Prospects 2024 (compact demographic indicators)",https://population.un.org/wpp/assets/Excel%20Files/1_Indicator%20(Standard)/EXCEL_FILES/1_General/WPP2024_GEN_F01_DEMOGRAPHIC_INDICATORS_COMPACT.xlsx,evidence/api/UN_WPP2024_demographic_indicators_compact.xlsx,1 July,A,un_estimate,,,Read directly from the archived workbook; the 2010-2022 values already published reproduce exactly from the same file.,2026-10-07
ISR,2003,population_un_wpp2024,6502820,UN_WPP2024,"UN DESA Population Division, World Population Prospects 2024 (compact demographic indicators)",https://population.un.org/wpp/assets/Excel%20Files/1_Indicator%20(Standard)/EXCEL_FILES/1_General/WPP2024_GEN_F01_DEMOGRAPHIC_INDICATORS_COMPACT.xlsx,evidence/api/UN_WPP2024_demographic_indicators_compact.xlsx,1 July,A,un_estimate,,,Read directly from the archived workbook; the 2010-2022 values already published reproduce exactly from the same file.,2026-10-07
ISR,2004,population_un_wpp2024,6615087,UN_WPP2024,"UN DESA Population Division, World Population Prospects 2024 (compact demographic indicators)",https://population.un.org/wpp/assets/Excel%20Files/1_Indicator%20(Standard)/EXCEL_FILES/1_General/WPP2024_GEN_F01_DEMOGRAPHIC_INDICATORS_COMPACT.xlsx,evidence/api/UN_WPP2024_demographic_indicators_compact.xlsx,1 July,A,un_estimate,,,Read directly from the archived workbook; the 2010-2022 values already published reproduce exactly from the same file.,2026-10-07
ISR,2005,population_un_wpp2024,6728206,UN_WPP2024,"UN DESA Population Division, World Population Prospects 2024 (compact demographic indicators)",https://population.un.org/wpp/assets/Excel%20Files/1_Indicator%20(Standard)/EXCEL_FILES/1_General/WPP2024_GEN_F01_DEMOGRAPHIC_INDICATORS_COMPACT.xlsx,evidence/api/UN_WPP2024_demographic_indicators_compact.xlsx,1 July,A,un_estimate,,,Read directly from the archived workbook; the 2010-2022 values already published reproduce exactly from the same file.,2026-10-07
ISR,2006,population_un_wpp2024,6844032,UN_WPP2024,"UN DESA Population Division, World Population Prospects 2024 (compact demographic indicators)",https://population.un.org/wpp/assets/Excel%20Files/1_Indicator%20(Standard)/EXCEL_FILES/1_General/WPP2024_GEN_F01_DEMOGRAPHIC_INDICATORS_COMPACT.xlsx,evidence/api/UN_WPP2024_demographic_indicators_compact.xlsx,1 July,A,un_estimate,,,Read directly from the archived workbook; the 2010-2022 values already published reproduce exactly from the same file.,2026-10-07
ISR,2007,population_un_wpp2024,6962455,UN_WPP2024,"UN DESA Population Division, World Population Prospects 2024 (compact demographic indicators)",https://population.un.org/wpp/assets/Excel%20Files/1_Indicator%20(Standard)/EXCEL_FILES/1_General/WPP2024_GEN_F01_DEMOGRAPHIC_INDICATORS_COMPACT.xlsx,evidence/api/UN_WPP2024_demographic_indicators_compact.xlsx,1 July,A,un_estimate,,,Read directly from the archived workbook; the 2010-2022 values already published reproduce exactly from the same file.,2026-10-07
ISR,2008,population_un_wpp2024,7082620,UN_WPP2024,"UN DESA Population Division, World Population Prospects 2024 (compact demographic indicators)",https://population.un.org/wpp/assets/Excel%20Files/1_Indicator%20(Standard)/EXCEL_FILES/1_General/WPP2024_GEN_F01_DEMOGRAPHIC_INDICATORS_COMPACT.xlsx,evidence/api/UN_WPP2024_demographic_indicators_compact.xlsx,1 July,A,un_estimate,,,Read directly from the archived workbook; the 2010-2022 values already published reproduce exactly from the same file.,2026-10-07
ISR,2009,population_un_wpp2024,7206096,UN_WPP2024,"UN DESA Population Division, World Population Prospects 2024 (compact demographic indicators)",https://population.un.org/wpp/assets/Excel%20Files/1_Indicator%20(Standard)/EXCEL_FILES/1_General/WPP2024_GEN_F01_DEMOGRAPHIC_INDICATORS_COMPACT.xlsx,evidence/api/UN_WPP2024_demographic_indicators_compact.xlsx,1 July,A,un_estimate,,,Read directly from the archived workbook; the 2010-2022 values already published reproduce exactly from the same file.,2026-10-07
ITA,2001,population_un_wpp2024,57305760,UN_WPP2024,"UN DESA Population Division, World Population Prospects 2024 (compact demographic indicators)",https://population.un.org/wpp/assets/Excel%20Files/1_Indicator%20(Standard)/EXCEL_FILES/1_General/WPP2024_GEN_F01_DEMOGRAPHIC_INDICATORS_COMPACT.xlsx,evidence/api/UN_WPP2024_demographic_indicators_compact.xlsx,1 July,A,un_estimate,,,Read directly from the archived workbook; the 2010-2022 values already published reproduce exactly from the same file.,2026-10-07
ITA,2002,population_un_wpp2024,57420628,UN_WPP2024,"UN DESA Population Division, World Population Prospects 2024 (compact demographic indicators)",https://population.un.org/wpp/assets/Excel%20Files/1_Indicator%20(Standard)/EXCEL_FILES/1_General/WPP2024_GEN_F01_DEMOGRAPHIC_INDICATORS_COMPACT.xlsx,evidence/api/UN_WPP2024_demographic_indicators_compact.xlsx,1 July,A,un_estimate,,,Read directly from the archived workbook; the 2010-2022 values already published reproduce exactly from the same file.,2026-10-07
ITA,2003,population_un_wpp2024,57739699,UN_WPP2024,"UN DESA Population Division, World Population Prospects 2024 (compact demographic indicators)",https://population.un.org/wpp/assets/Excel%20Files/1_Indicator%20(Standard)/EXCEL_FILES/1_General/WPP2024_GEN_F01_DEMOGRAPHIC_INDICATORS_COMPACT.xlsx,evidence/api/UN_WPP2024_demographic_indicators_compact.xlsx,1 July,A,un_estimate,,,Read directly from the archived workbook; the 2010-2022 values already published reproduce exactly from the same file.,2026-10-07
ITA,2004,population_un_wpp2024,58176738,UN_WPP2024,"UN DESA Population Division, World Population Prospects 2024 (compact demographic indicators)",https://population.un.org/wpp/assets/Excel%20Files/1_Indicator%20(Standard)/EXCEL_FILES/1_General/WPP2024_GEN_F01_DEMOGRAPHIC_INDICATORS_COMPACT.xlsx,evidence/api/UN_WPP2024_demographic_indicators_compact.xlsx,1 July,A,un_estimate,,,Read directly from the archived workbook; the 2010-2022 values already published reproduce exactly from the same file.,2026-10-07
ITA,2005,population_un_wpp2024,58519693,UN_WPP2024,"UN DESA Population Division, World Population Prospects 2024 (compact demographic indicators)",https://population.un.org/wpp/assets/Excel%20Files/1_Indicator%20(Standard)/EXCEL_FILES/1_General/WPP2024_GEN_F01_DEMOGRAPHIC_INDICATORS_COMPACT.xlsx,evidence/api/UN_WPP2024_demographic_indicators_compact.xlsx,1 July,A,un_estimate,,,Read directly from the archived workbook; the 2010-2022 values already published reproduce exactly from the same file.,2026-10-07
ITA,2006,population_un_wpp2024,58754433,UN_WPP2024,"UN DESA Population Division, World Population Prospects 2024 (compact demographic indicators)",https://population.un.org/wpp/assets/Excel%20Files/1_Indicator%20(Standard)/EXCEL_FILES/1_General/WPP2024_GEN_F01_DEMOGRAPHIC_INDICATORS_COMPACT.xlsx,evidence/api/UN_WPP2024_demographic_indicators_compact.xlsx,1 July,A,un_estimate,,,Read directly from the archived workbook; the 2010-2022 values already published reproduce exactly from the same file.,2026-10-07
ITA,2007,population_un_wpp2024,59108720,UN_WPP2024,"UN DESA Population Division, World Population Prospects 2024 (compact demographic indicators)",https://population.un.org/wpp/assets/Excel%20Files/1_Indicator%20(Standard)/EXCEL_FILES/1_General/WPP2024_GEN_F01_DEMOGRAPHIC_INDICATORS_COMPACT.xlsx,evidence/api/UN_WPP2024_demographic_indicators_compact.xlsx,1 July,A,un_estimate,,,Read directly from the archived workbook; the 2010-2022 values already published reproduce exactly from the same file.,2026-10-07
ITA,2008,population_un_wpp2024,59561684,UN_WPP2024,"UN DESA Population Division, World Population Prospects 2024 (compact demographic indicators)",https://population.un.org/wpp/assets/Excel%20Files/1_Indicator%20(Standard)/EXCEL_FILES/1_General/WPP2024_GEN_F01_DEMOGRAPHIC_INDICATORS_COMPACT.xlsx,evidence/api/UN_WPP2024_demographic_indicators_compact.xlsx,1 July,A,un_estimate,,,Read directly from the archived workbook; the 2010-2022 values already published reproduce exactly from the same file.,2026-10-07
ITA,2009,population_un_wpp2024,59904010,UN_WPP2024,"UN DESA Population Division, World Population Prospects 2024 (compact demographic indicators)",https://population.un.org/wpp/assets/Excel%20Files/1_Indicator%20(Standard)/EXCEL_FILES/1_General/WPP2024_GEN_F01_DEMOGRAPHIC_INDICATORS_COMPACT.xlsx,evidence/api/UN_WPP2024_demographic_indicators_compact.xlsx,1 July,A,un_estimate,,,Read directly from the archived workbook; the 2010-2022 values already published reproduce exactly from the same file.,2026-10-07
JPN,2001,population_un_wpp2024,127260148,UN_WPP2024,"UN DESA Population Division, World Population Prospects 2024 (compact demographic indicators)",https://population.un.org/wpp/assets/Excel%20Files/1_Indicator%20(Standard)/EXCEL_FILES/1_General/WPP2024_GEN_F01_DEMOGRAPHIC_INDICATORS_COMPACT.xlsx,evidence/api/UN_WPP2024_demographic_indicators_compact.xlsx,1 July,A,un_estimate,,,Read directly from the archived workbook; the 2010-2022 values already published reproduce exactly from the same file.,2026-10-07
JPN,2002,population_un_wpp2024,127484598,UN_WPP2024,"UN DESA Population Division, World Population Prospects 2024 (compact demographic indicators)",https://population.un.org/wpp/assets/Excel%20Files/1_Indicator%20(Standard)/EXCEL_FILES/1_General/WPP2024_GEN_F01_DEMOGRAPHIC_INDICATORS_COMPACT.xlsx,evidence/api/UN_WPP2024_demographic_indicators_compact.xlsx,1 July,A,un_estimate,,,Read directly from the archived workbook; the 2010-2022 values already published reproduce exactly from the same file.,2026-10-07
JPN,2003,population_un_wpp2024,127671251,UN_WPP2024,"UN DESA Population Division, World Population Prospects 2024 (compact demographic indicators)",https://population.un.org/wpp/assets/Excel%20Files/1_Indicator%20(Standard)/EXCEL_FILES/1_General/WPP2024_GEN_F01_DEMOGRAPHIC_INDICATORS_COMPACT.xlsx,evidence/api/UN_WPP2024_demographic_indicators_compact.xlsx,1 July,A,un_estimate,,,Read directly from the archived workbook; the 2010-2022 values already published reproduce exactly from the same file.,2026-10-07
JPN,2004,population_un_wpp2024,127815774,UN_WPP2024,"UN DESA Population Division, World Population Prospects 2024 (compact demographic indicators)",https://population.un.org/wpp/assets/Excel%20Files/1_Indicator%20(Standard)/EXCEL_FILES/1_General/WPP2024_GEN_F01_DEMOGRAPHIC_INDICATORS_COMPACT.xlsx,evidence/api/UN_WPP2024_demographic_indicators_compact.xlsx,1 July,A,un_estimate,,,Read directly from the archived workbook; the 2010-2022 values already published reproduce exactly from the same file.,2026-10-07
JPN,2005,population_un_wpp2024,127913330,UN_WPP2024,"UN DESA Population Division, World Population Prospects 2024 (compact demographic indicators)",https://population.un.org/wpp/assets/Excel%20Files/1_Indicator%20(Standard)/EXCEL_FILES/1_General/WPP2024_GEN_F01_DEMOGRAPHIC_INDICATORS_COMPACT.xlsx,evidence/api/UN_WPP2024_demographic_indicators_compact.xlsx,1 July,A,un_estimate,,,Read directly from the archived workbook; the 2010-2022 values already published reproduce exactly from the same file.,2026-10-07
JPN,2006,population_un_wpp2024,127997247,UN_WPP2024,"UN DESA Population Division, World Population Prospects 2024 (compact demographic indicators)",https://population.un.org/wpp/assets/Excel%20Files/1_Indicator%20(Standard)/EXCEL_FILES/1_General/WPP2024_GEN_F01_DEMOGRAPHIC_INDICATORS_COMPACT.xlsx,evidence/api/UN_WPP2024_demographic_indicators_compact.xlsx,1 July,A,un_estimate,,,Read directly from the archived workbook; the 2010-2022 values already published reproduce exactly from the same file.,2026-10-07
JPN,2007,population_un_wpp2024,128087682,UN_WPP2024,"UN DESA Population Division, World Population Prospects 2024 (compact demographic indicators)",https://population.un.org/wpp/assets/Excel%20Files/1_Indicator%20(Standard)/EXCEL_FILES/1_General/WPP2024_GEN_F01_DEMOGRAPHIC_INDICATORS_COMPACT.xlsx,evidence/api/UN_WPP2024_demographic_indicators_compact.xlsx,1 July,A,un_estimate,,,Read directly from the archived workbook; the 2010-2022 values already published reproduce exactly from the same file.,2026-10-07
JPN,2008,population_un_wpp2024,128155990,UN_WPP2024,"UN DESA Population Division, World Population Prospects 2024 (compact demographic indicators)",https://population.un.org/wpp/assets/Excel%20Files/1_Indicator%20(Standard)/EXCEL_FILES/1_General/WPP2024_GEN_F01_DEMOGRAPHIC_INDICATORS_COMPACT.xlsx,evidence/api/UN_WPP2024_demographic_indicators_compact.xlsx,1 July,A,un_estimate,,,Read directly from the archived workbook; the 2010-2022 values already published reproduce exactly from the same file.,2026-10-07
JPN,2009,population_un_wpp2024,128192470,UN_WPP2024,"UN DESA Population Division, World Population Prospects 2024 (compact demographic indicators)",https://population.un.org/wpp/assets/Excel%20Files/1_Indicator%20(Standard)/EXCEL_FILES/1_General/WPP2024_GEN_F01_DEMOGRAPHIC_INDICATORS_COMPACT.xlsx,evidence/api/UN_WPP2024_demographic_indicators_compact.xlsx,1 July,A,un_estimate,,,Read directly from the archived workbook; the 2010-2022 values already published reproduce exactly from the same file.,2026-10-07
KOR,2001,population_un_wpp2024,47043468,UN_WPP2024,"UN DESA Population Division, World Population Prospects 2024 (compact demographic indicators)",https://population.un.org/wpp/assets/Excel%20Files/1_Indicator%20(Standard)/EXCEL_FILES/1_General/WPP2024_GEN_F01_DEMOGRAPHIC_INDICATORS_COMPACT.xlsx,evidence/api/UN_WPP2024_demographic_indicators_compact.xlsx,1 July,A,un_estimate,,,Read directly from the archived workbook; the 2010-2022 values already published reproduce exactly from the same file.,2026-10-07
KOR,2002,population_un_wpp2024,47299120,UN_WPP2024,"UN DESA Population Division, World Population Prospects 2024 (compact demographic indicators)",https://population.un.org/wpp/assets/Excel%20Files/1_Indicator%20(Standard)/EXCEL_FILES/1_General/WPP2024_GEN_F01_DEMOGRAPHIC_INDICATORS_COMPACT.xlsx,evidence/api/UN_WPP2024_demographic_indicators_compact.xlsx,1 July,A,un_estimate,,,Read directly from the archived workbook; the 2010-2022 values already published reproduce exactly from the same file.,2026-10-07
KOR,2003,population_un_wpp2024,47514160,UN_WPP2024,"UN DESA Population Division, World Population Prospects 2024 (compact demographic indicators)",https://population.un.org/wpp/assets/Excel%20Files/1_Indicator%20(Standard)/EXCEL_FILES/1_General/WPP2024_GEN_F01_DEMOGRAPHIC_INDICATORS_COMPACT.xlsx,evidence/api/UN_WPP2024_demographic_indicators_compact.xlsx,1 July,A,un_estimate,,,Read directly from the archived workbook; the 2010-2022 values already published reproduce exactly from the same file.,2026-10-07
KOR,2004,population_un_wpp2024,47697075,UN_WPP2024,"UN DESA Population Division, World Population Prospects 2024 (compact demographic indicators)",https://population.un.org/wpp/assets/Excel%20Files/1_Indicator%20(Standard)/EXCEL_FILES/1_General/WPP2024_GEN_F01_DEMOGRAPHIC_INDICATORS_COMPACT.xlsx,evidence/api/UN_WPP2024_demographic_indicators_compact.xlsx,1 July,A,un_estimate,,,Read directly from the archived workbook; the 2010-2022 values already published reproduce exactly from the same file.,2026-10-07
KOR,2005,population_un_wpp2024,47851644,UN_WPP2024,"UN DESA Population Division, World Population Prospects 2024 (compact demographic indicators)",https://population.un.org/wpp/assets/Excel%20Files/1_Indicator%20(Standard)/EXCEL_FILES/1_General/WPP2024_GEN_F01_DEMOGRAPHIC_INDICATORS_COMPACT.xlsx,evidence/api/UN_WPP2024_demographic_indicators_compact.xlsx,1 July,A,un_estimate,,,Read directly from the archived workbook; the 2010-2022 values already published reproduce exactly from the same file.,2026-10-07
KOR,2006,population_un_wpp2024,48006518,UN_WPP2024,"UN DESA Population Division, World Population Prospects 2024 (compact demographic indicators)",https://population.un.org/wpp/assets/Excel%20Files/1_Indicator%20(Standard)/EXCEL_FILES/1_General/WPP2024_GEN_F01_DEMOGRAPHIC_INDICATORS_COMPACT.xlsx,evidence/api/UN_WPP2024_demographic_indicators_compact.xlsx,1 July,A,un_estimate,,,Read directly from the archived workbook; the 2010-2022 values already published reproduce exactly from the same file.,2026-10-07
KOR,2007,population_un_wpp2024,48178118,UN_WPP2024,"UN DESA Population Division, World Population Prospects 2024 (compact demographic indicators)",https://population.un.org/wpp/assets/Excel%20Files/1_Indicator%20(Standard)/EXCEL_FILES/1_General/WPP2024_GEN_F01_DEMOGRAPHIC_INDICATORS_COMPACT.xlsx,evidence/api/UN_WPP2024_demographic_indicators_compact.xlsx,1 July,A,un_estimate,,,Read directly from the archived workbook; the 2010-2022 values already published reproduce exactly from the same file.,2026-10-07
KOR,2008,population_un_wpp2024,48356493,UN_WPP2024,"UN DESA Population Division, World Population Prospects 2024 (compact demographic indicators)",https://population.un.org/wpp/assets/Excel%20Files/1_Indicator%20(Standard)/EXCEL_FILES/1_General/WPP2024_GEN_F01_DEMOGRAPHIC_INDICATORS_COMPACT.xlsx,evidence/api/UN_WPP2024_demographic_indicators_compact.xlsx,1 July,A,un_estimate,,,Read directly from the archived workbook; the 2010-2022 values already published reproduce exactly from the same file.,2026-10-07
KOR,2009,population_un_wpp2024,48546687,UN_WPP2024,"UN DESA Population Division, World Population Prospects 2024 (compact demographic indicators)",https://population.un.org/wpp/assets/Excel%20Files/1_Indicator%20(Standard)/EXCEL_FILES/1_General/WPP2024_GEN_F01_DEMOGRAPHIC_INDICATORS_COMPACT.xlsx,evidence/api/UN_WPP2024_demographic_indicators_compact.xlsx,1 July,A,un_estimate,,,Read directly from the archived workbook; the 2010-2022 values already published reproduce exactly from the same file.,2026-10-07
LTU,2001,population_un_wpp2024,3473004,UN_WPP2024,"UN DESA Population Division, World Population Prospects 2024 (compact demographic indicators)",https://population.un.org/wpp/assets/Excel%20Files/1_Indicator%20(Standard)/EXCEL_FILES/1_General/WPP2024_GEN_F01_DEMOGRAPHIC_INDICATORS_COMPACT.xlsx,evidence/api/UN_WPP2024_demographic_indicators_compact.xlsx,1 July,A,un_estimate,,,Read directly from the archived workbook; the 2010-2022 values already published reproduce exactly from the same file.,2026-10-07
LTU,2002,population_un_wpp2024,3444050,UN_WPP2024,"UN DESA Population Division, World Population Prospects 2024 (compact demographic indicators)",https://population.un.org/wpp/assets/Excel%20Files/1_Indicator%20(Standard)/EXCEL_FILES/1_General/WPP2024_GEN_F01_DEMOGRAPHIC_INDICATORS_COMPACT.xlsx,evidence/api/UN_WPP2024_demographic_indicators_compact.xlsx,1 July,A,un_estimate,,,Read directly from the archived workbook; the 2010-2022 values already published reproduce exactly from the same file.,2026-10-07
LTU,2003,population_un_wpp2024,3415278,UN_WPP2024,"UN DESA Population Division, World Population Prospects 2024 (compact demographic indicators)",https://population.un.org/wpp/assets/Excel%20Files/1_Indicator%20(Standard)/EXCEL_FILES/1_General/WPP2024_GEN_F01_DEMOGRAPHIC_INDICATORS_COMPACT.xlsx,evidence/api/UN_WPP2024_demographic_indicators_compact.xlsx,1 July,A,un_estimate,,,Read directly from the archived workbook; the 2010-2022 values already published reproduce exactly from the same file.,2026-10-07
LTU,2004,population_un_wpp2024,3376699,UN_WPP2024,"UN DESA Population Division, World Population Prospects 2024 (compact demographic indicators)",https://population.un.org/wpp/assets/Excel%20Files/1_Indicator%20(Standard)/EXCEL_FILES/1_General/WPP2024_GEN_F01_DEMOGRAPHIC_INDICATORS_COMPACT.xlsx,evidence/api/UN_WPP2024_demographic_indicators_compact.xlsx,1 July,A,un_estimate,,,Read directly from the archived workbook; the 2010-2022 values already published reproduce exactly from the same file.,2026-10-07
LTU,2005,population_un_wpp2024,3322263,UN_WPP2024,"UN DESA Population Division, World Population Prospects 2024 (compact demographic indicators)",https://population.un.org/wpp/assets/Excel%20Files/1_Indicator%20(Standard)/EXCEL_FILES/1_General/WPP2024_GEN_F01_DEMOGRAPHIC_INDICATORS_COMPACT.xlsx,evidence/api/UN_WPP2024_demographic_indicators_compact.xlsx,1 July,A,un_estimate,,,Read directly from the archived workbook; the 2010-2022 values already published reproduce exactly from the same file.,2026-10-07
LTU,2006,population_un_wpp2024,3269808,UN_WPP2024,"UN DESA Population Division, World Population Prospects 2024 (compact demographic indicators)",https://population.un.org/wpp/assets/Excel%20Files/1_Indicator%20(Standard)/EXCEL_FILES/1_General/WPP2024_GEN_F01_DEMOGRAPHIC_INDICATORS_COMPACT.xlsx,evidence/api/UN_WPP2024_demographic_indicators_compact.xlsx,1 July,A,un_estimate,,,Read directly from the archived workbook; the 2010-2022 values already published reproduce exactly from the same file.,2026-10-07
LTU,2007,population_un_wpp2024,3231374,UN_WPP2024,"UN DESA Population Division, World Population Prospects 2024 (compact demographic indicators)",https://population.un.org/wpp/assets/Excel%20Files/1_Indicator%20(Standard)/EXCEL_FILES/1_General/WPP2024_GEN_F01_DEMOGRAPHIC_INDICATORS_COMPACT.xlsx,evidence/api/UN_WPP2024_demographic_indicators_compact.xlsx,1 July,A,un_estimate,,,Read directly from the archived workbook; the 2010-2022 values already published reproduce exactly from the same file.,2026-10-07
LTU,2008,population_un_wpp2024,3198481,UN_WPP2024,"UN DESA Population Division, World Population Prospects 2024 (compact demographic indicators)",https://population.un.org/wpp/assets/Excel%20Files/1_Indicator%20(Standard)/EXCEL_FILES/1_General/WPP2024_GEN_F01_DEMOGRAPHIC_INDICATORS_COMPACT.xlsx,evidence/api/UN_WPP2024_demographic_indicators_compact.xlsx,1 July,A,un_estimate,,,Read directly from the archived workbook; the 2010-2022 values already published reproduce exactly from the same file.,2026-10-07
LTU,2009,population_un_wpp2024,3163254,UN_WPP2024,"UN DESA Population Division, World Population Prospects 2024 (compact demographic indicators)",https://population.un.org/wpp/assets/Excel%20Files/1_Indicator%20(Standard)/EXCEL_FILES/1_General/WPP2024_GEN_F01_DEMOGRAPHIC_INDICATORS_COMPACT.xlsx,evidence/api/UN_WPP2024_demographic_indicators_compact.xlsx,1 July,A,un_estimate,,,Read directly from the archived workbook; the 2010-2022 values already published reproduce exactly from the same file.,2026-10-07
MEX,2001,population_un_wpp2024,100099099,UN_WPP2024,"UN DESA Population Division, World Population Prospects 2024 (compact demographic indicators)",https://population.un.org/wpp/assets/Excel%20Files/1_Indicator%20(Standard)/EXCEL_FILES/1_General/WPP2024_GEN_F01_DEMOGRAPHIC_INDICATORS_COMPACT.xlsx,evidence/api/UN_WPP2024_demographic_indicators_compact.xlsx,1 July,A,un_estimate,,,Read directly from the archived workbook; the 2010-2022 values already published reproduce exactly from the same file.,2026-10-07
MEX,2002,population_un_wpp2024,101548624,UN_WPP2024,"UN DESA Population Division, World Population Prospects 2024 (compact demographic indicators)",https://population.un.org/wpp/assets/Excel%20Files/1_Indicator%20(Standard)/EXCEL_FILES/1_General/WPP2024_GEN_F01_DEMOGRAPHIC_INDICATORS_COMPACT.xlsx,evidence/api/UN_WPP2024_demographic_indicators_compact.xlsx,1 July,A,un_estimate,,,Read directly from the archived workbook; the 2010-2022 values already published reproduce exactly from the same file.,2026-10-07
MEX,2003,population_un_wpp2024,102978515,UN_WPP2024,"UN DESA Population Division, World Population Prospects 2024 (compact demographic indicators)",https://population.un.org/wpp/assets/Excel%20Files/1_Indicator%20(Standard)/EXCEL_FILES/1_General/WPP2024_GEN_F01_DEMOGRAPHIC_INDICATORS_COMPACT.xlsx,evidence/api/UN_WPP2024_demographic_indicators_compact.xlsx,1 July,A,un_estimate,,,Read directly from the archived workbook; the 2010-2022 values already published reproduce exactly from the same file.,2026-10-07
MEX,2004,population_un_wpp2024,104394131,UN_WPP2024,"UN DESA Population Division, World Population Prospects 2024 (compact demographic indicators)",https://population.un.org/wpp/assets/Excel%20Files/1_Indicator%20(Standard)/EXCEL_FILES/1_General/WPP2024_GEN_F01_DEMOGRAPHIC_INDICATORS_COMPACT.xlsx,evidence/api/UN_WPP2024_demographic_indicators_compact.xlsx,1 July,A,un_estimate,,,Read directly from the archived workbook; the 2010-2022 values already published reproduce exactly from the same file.,2026-10-07
MEX,2005,population_un_wpp2024,105811504,UN_WPP2024,"UN DESA Population Division, World Population Prospects 2024 (compact demographic indicators)",https://population.un.org/wpp/assets/Excel%20Files/1_Indicator%20(Standard)/EXCEL_FILES/1_General/WPP2024_GEN_F01_DEMOGRAPHIC_INDICATORS_COMPACT.xlsx,evidence/api/UN_WPP2024_demographic_indicators_compact.xlsx,1 July,A,un_estimate,,,Read directly from the archived workbook; the 2010-2022 values already published reproduce exactly from the same file.,2026-10-07
MEX,2006,population_un_wpp2024,107253666,UN_WPP2024,"UN DESA Population Division, World Population Prospects 2024 (compact demographic indicators)",https://population.un.org/wpp/assets/Excel%20Files/1_Indicator%20(Standard)/EXCEL_FILES/1_General/WPP2024_GEN_F01_DEMOGRAPHIC_INDICATORS_COMPACT.xlsx,evidence/api/UN_WPP2024_demographic_indicators_compact.xlsx,1 July,A,un_estimate,,,Read directly from the archived workbook; the 2010-2022 values already published reproduce exactly from the same file.,2026-10-07
MEX,2007,population_un_wpp2024,108774360,UN_WPP2024,"UN DESA Population Division, World Population Prospects 2024 (compact demographic indicators)",https://population.un.org/wpp/assets/Excel%20Files/1_Indicator%20(Standard)/EXCEL_FILES/1_General/WPP2024_GEN_F01_DEMOGRAPHIC_INDICATORS_COMPACT.xlsx,evidence/api/UN_WPP2024_demographic_indicators_compact.xlsx,1 July,A,un_estimate,,,Read directly from the archived workbook; the 2010-2022 values already published reproduce exactly from the same file.,2026-10-07
MEX,2008,population_un_wpp2024,110374288,UN_WPP2024,"UN DESA Population Division, World Population Prospects 2024 (compact demographic indicators)",https://population.un.org/wpp/assets/Excel%20Files/1_Indicator%20(Standard)/EXCEL_FILES/1_General/WPP2024_GEN_F01_DEMOGRAPHIC_INDICATORS_COMPACT.xlsx,evidence/api/UN_WPP2024_demographic_indicators_compact.xlsx,1 July,A,un_estimate,,,Read directly from the archived workbook; the 2010-2022 values already published reproduce exactly from the same file.,2026-10-07
MEX,2009,population_un_wpp2024,111999721,UN_WPP2024,"UN DESA Population Division, World Population Prospects 2024 (compact demographic indicators)",https://population.un.org/wpp/assets/Excel%20Files/1_Indicator%20(Standard)/EXCEL_FILES/1_General/WPP2024_GEN_F01_DEMOGRAPHIC_INDICATORS_COMPACT.xlsx,evidence/api/UN_WPP2024_demographic_indicators_compact.xlsx,1 July,A,un_estimate,,,Read directly from the archived workbook; the 2010-2022 values already published reproduce exactly from the same file.,2026-10-07
NLD,2001,population_un_wpp2024,16182705,UN_WPP2024,"UN DESA Population Division, World Population Prospects 2024 (compact demographic indicators)",https://population.un.org/wpp/assets/Excel%20Files/1_Indicator%20(Standard)/EXCEL_FILES/1_General/WPP2024_GEN_F01_DEMOGRAPHIC_INDICATORS_COMPACT.xlsx,evidence/api/UN_WPP2024_demographic_indicators_compact.xlsx,1 July,A,un_estimate,,,Read directly from the archived workbook; the 2010-2022 values already published reproduce exactly from the same file.,2026-10-07
NLD,2002,population_un_wpp2024,16288051,UN_WPP2024,"UN DESA Population Division, World Population Prospects 2024 (compact demographic indicators)",https://population.un.org/wpp/assets/Excel%20Files/1_Indicator%20(Standard)/EXCEL_FILES/1_General/WPP2024_GEN_F01_DEMOGRAPHIC_INDICATORS_COMPACT.xlsx,evidence/api/UN_WPP2024_demographic_indicators_compact.xlsx,1 July,A,un_estimate,,,Read directly from the archived workbook; the 2010-2022 values already published reproduce exactly from the same file.,2026-10-07
NLD,2003,population_un_wpp2024,16366912,UN_WPP2024,"UN DESA Population Division, World Population Prospects 2024 (compact demographic indicators)",https://population.un.org/wpp/assets/Excel%20Files/1_Indicator%20(Standard)/EXCEL_FILES/1_General/WPP2024_GEN_F01_DEMOGRAPHIC_INDICATORS_COMPACT.xlsx,evidence/api/UN_WPP2024_demographic_indicators_compact.xlsx,1 July,A,un_estimate,,,Read directly from the archived workbook; the 2010-2022 values already published reproduce exactly from the same file.,2026-10-07
NLD,2004,population_un_wpp2024,16425566,UN_WPP2024,"UN DESA Population Division, World Population Prospects 2024 (compact demographic indicators)",https://population.un.org/wpp/assets/Excel%20Files/1_Indicator%20(Standard)/EXCEL_FILES/1_General/WPP2024_GEN_F01_DEMOGRAPHIC_INDICATORS_COMPACT.xlsx,evidence/api/UN_WPP2024_demographic_indicators_compact.xlsx,1 July,A,un_estimate,,,Read directly from the archived workbook; the 2010-2022 values already published reproduce exactly from the same file.,2026-10-07
NLD,2005,population_un_wpp2024,16465710,UN_WPP2024,"UN DESA Population Division, World Population Prospects 2024 (compact demographic indicators)",https://population.un.org/wpp/assets/Excel%20Files/1_Indicator%20(Standard)/EXCEL_FILES/1_General/WPP2024_GEN_F01_DEMOGRAPHIC_INDICATORS_COMPACT.xlsx,evidence/api/UN_WPP2024_demographic_indicators_compact.xlsx,1 July,A,un_estimate,,,Read directly from the archived workbook; the 2010-2022 values already published reproduce exactly from the same file.,2026-10-07
NLD,2006,population_un_wpp2024,16493852,UN_WPP2024,"UN DESA Population Division, World Population Prospects 2024 (compact demographic indicators)",https://population.un.org/wpp/assets/Excel%20Files/1_Indicator%20(Standard)/EXCEL_FILES/1_General/WPP2024_GEN_F01_DEMOGRAPHIC_INDICATORS_COMPACT.xlsx,evidence/api/UN_WPP2024_demographic_indicators_compact.xlsx,1 July,A,un_estimate,,,Read directly from the archived workbook; the 2010-2022 values already published reproduce exactly from the same file.,2026-10-07
NLD,2007,population_un_wpp2024,16531357,UN_WPP2024,"UN DESA Population Division, World Population Prospects 2024 (compact demographic indicators)",https://population.un.org/wpp/assets/Excel%20Files/1_Indicator%20(Standard)/EXCEL_FILES/1_General/WPP2024_GEN_F01_DEMOGRAPHIC_INDICATORS_COMPACT.xlsx,evidence/api/UN_WPP2024_demographic_indicators_compact.xlsx,1 July,A,un_estimate,,,Read directly from the archived workbook; the 2010-2022 values already published reproduce exactly from the same file.,2026-10-07
NLD,2008,population_un_wpp2024,16597258,UN_WPP2024,"UN DESA Population Division, World Population Prospects 2024 (compact demographic indicators)",https://population.un.org/wpp/assets/Excel%20Files/1_Indicator%20(Standard)/EXCEL_FILES/1_General/WPP2024_GEN_F01_DEMOGRAPHIC_INDICATORS_COMPACT.xlsx,evidence/api/UN_WPP2024_demographic_indicators_compact.xlsx,1 July,A,un_estimate,,,Read directly from the archived workbook; the 2010-2022 values already published reproduce exactly from the same file.,2026-10-07
NLD,2009,population_un_wpp2024,16684150,UN_WPP2024,"UN DESA Population Division, World Population Prospects 2024 (compact demographic indicators)",https://population.un.org/wpp/assets/Excel%20Files/1_Indicator%20(Standard)/EXCEL_FILES/1_General/WPP2024_GEN_F01_DEMOGRAPHIC_INDICATORS_COMPACT.xlsx,evidence/api/UN_WPP2024_demographic_indicators_compact.xlsx,1 July,A,un_estimate,,,Read directly from the archived workbook; the 2010-2022 values already published reproduce exactly from the same file.,2026-10-07
NOR,2001,population_un_wpp2024,4513657,UN_WPP2024,"UN DESA Population Division, World Population Prospects 2024 (compact demographic indicators)",https://population.un.org/wpp/assets/Excel%20Files/1_Indicator%20(Standard)/EXCEL_FILES/1_General/WPP2024_GEN_F01_DEMOGRAPHIC_INDICATORS_COMPACT.xlsx,evidence/api/UN_WPP2024_demographic_indicators_compact.xlsx,1 July,A,un_estimate,,,Read directly from the archived workbook; the 2010-2022 values already published reproduce exactly from the same file.,2026-10-07
NOR,2002,population_un_wpp2024,4538014,UN_WPP2024,"UN DESA Population Division, World Population Prospects 2024 (compact demographic indicators)",https://population.un.org/wpp/assets/Excel%20Files/1_Indicator%20(Standard)/EXCEL_FILES/1_General/WPP2024_GEN_F01_DEMOGRAPHIC_INDICATORS_COMPACT.xlsx,evidence/api/UN_WPP2024_demographic_indicators_compact.xlsx,1 July,A,un_estimate,,,Read directly from the archived workbook; the 2010-2022 values already published reproduce exactly from the same file.,2026-10-07
NOR,2003,population_un_wpp2024,4564669,UN_WPP2024,"UN DESA Population Division, World Population Prospects 2024 (compact demographic indicators)",https://population.un.org/wpp/assets/Excel%20Files/1_Indicator%20(Standard)/EXCEL_FILES/1_General/WPP2024_GEN_F01_DEMOGRAPHIC_INDICATORS_COMPACT.xlsx,evidence/api/UN_WPP2024_demographic_indicators_compact.xlsx,1 July,A,un_estimate,,,Read directly from the archived workbook; the 2010-2022 values already published reproduce exactly from the same file.,2026-10-07
NOR,2004,population_un_wpp2024,4591743,UN_WPP2024,"UN DESA Population Division, World Population Prospects 2024 (compact demographic indicators)",https://population.un.org/wpp/assets/Excel%20Files/1_Indicator%20(Standard)/EXCEL_FILES/1_General/WPP2024_GEN_F01_DEMOGRAPHIC_INDICATORS_COMPACT.xlsx,evidence/api/UN_WPP2024_demographic_indicators_compact.xlsx,1 July,A,un_estimate,,,Read directly from the archived workbook; the 2010-2022 values already published reproduce exactly from the same file.,2026-10-07
NOR,2005,population_un_wpp2024,4623124,UN_WPP2024,"UN DESA Population Division, World Population Prospects 2024 (compact demographic indicators)",https://population.un.org/wpp/assets/Excel%20Files/1_Indicator%20(Standard)/EXCEL_FILES/1_General/WPP2024_GEN_F01_DEMOGRAPHIC_INDICATORS_COMPACT.xlsx,evidence/api/UN_WPP2024_demographic_indicators_compact.xlsx,1 July,A,un_estimate,,,Read directly from the archived workbook; the 2010-2022 values already published reproduce exactly from the same file.,2026-10-07
NOR,2006,population_un_wpp2024,4660494,UN_WPP2024,"UN DESA Population Division, World Population Prospects 2024 (compact demographic indicators)",https://population.un.org/wpp/assets/Excel%20Files/1_Indicator%20(Standard)/EXCEL_FILES/1_General/WPP2024_GEN_F01_DEMOGRAPHIC_INDICATORS_COMPACT.xlsx,evidence/api/UN_WPP2024_demographic_indicators_compact.xlsx,1 July,A,un_estimate,,,Read directly from the archived workbook; the 2010-2022 values already published reproduce exactly from the same file.,2026-10-07
NOR,2007,population_un_wpp2024,4709010,UN_WPP2024,"UN DESA Population Division, World Population Prospects 2024 (compact demographic indicators)",https://population.un.org/wpp/assets/Excel%20Files/1_Indicator%20(Standard)/EXCEL_FILES/1_General/WPP2024_GEN_F01_DEMOGRAPHIC_INDICATORS_COMPACT.xlsx,evidence/api/UN_WPP2024_demographic_indicators_compact.xlsx,1 July,A,un_estimate,,,Read directly from the archived workbook; the 2010-2022 values already published reproduce exactly from the same file.,2026-10-07
NOR,2008,population_un_wpp2024,4768101,UN_WPP2024,"UN DESA Population Division, World Population Prospects 2024 (compact demographic indicators)",https://population.un.org/wpp/assets/Excel%20Files/1_Indicator%20(Standard)/EXCEL_FILES/1_General/WPP2024_GEN_F01_DEMOGRAPHIC_INDICATORS_COMPACT.xlsx,evidence/api/UN_WPP2024_demographic_indicators_compact.xlsx,1 July,A,un_estimate,,,Read directly from the archived workbook; the 2010-2022 values already published reproduce exactly from the same file.,2026-10-07
NOR,2009,population_un_wpp2024,4828623,UN_WPP2024,"UN DESA Population Division, World Population Prospects 2024 (compact demographic indicators)",https://population.un.org/wpp/assets/Excel%20Files/1_Indicator%20(Standard)/EXCEL_FILES/1_General/WPP2024_GEN_F01_DEMOGRAPHIC_INDICATORS_COMPACT.xlsx,evidence/api/UN_WPP2024_demographic_indicators_compact.xlsx,1 July,A,un_estimate,,,Read directly from the archived workbook; the 2010-2022 values already published reproduce exactly from the same file.,2026-10-07
NZL,2001,population_un_wpp2024,3891762,UN_WPP2024,"UN DESA Population Division, World Population Prospects 2024 (compact demographic indicators)",https://population.un.org/wpp/assets/Excel%20Files/1_Indicator%20(Standard)/EXCEL_FILES/1_General/WPP2024_GEN_F01_DEMOGRAPHIC_INDICATORS_COMPACT.xlsx,evidence/api/UN_WPP2024_demographic_indicators_compact.xlsx,1 July,A,un_estimate,,,Read directly from the archived workbook; the 2010-2022 values already published reproduce exactly from the same file.,2026-10-07
NZL,2002,population_un_wpp2024,3951119,UN_WPP2024,"UN DESA Population Division, World Population Prospects 2024 (compact demographic indicators)",https://population.un.org/wpp/assets/Excel%20Files/1_Indicator%20(Standard)/EXCEL_FILES/1_General/WPP2024_GEN_F01_DEMOGRAPHIC_INDICATORS_COMPACT.xlsx,evidence/api/UN_WPP2024_demographic_indicators_compact.xlsx,1 July,A,un_estimate,,,Read directly from the archived workbook; the 2010-2022 values already published reproduce exactly from the same file.,2026-10-07
NZL,2003,population_un_wpp2024,4022586,UN_WPP2024,"UN DESA Population Division, World Population Prospects 2024 (compact demographic indicators)",https://population.un.org/wpp/assets/Excel%20Files/1_Indicator%20(Standard)/EXCEL_FILES/1_General/WPP2024_GEN_F01_DEMOGRAPHIC_INDICATORS_COMPACT.xlsx,evidence/api/UN_WPP2024_demographic_indicators_compact.xlsx,1 July,A,un_estimate,,,Read directly from the archived workbook; the 2010-2022 values already published reproduce exactly from the same file.,2026-10-07
NZL,2004,population_un_wpp2024,4083910,UN_WPP2024,"UN DESA Population Division, World Population Prospects 2024 (compact demographic indicators)",https://population.un.org/wpp/assets/Excel%20Files/1_Indicator%20(Standard)/EXCEL_FILES/1_General/WPP2024_GEN_F01_DEMOGRAPHIC_INDICATORS_COMPACT.xlsx,evidence/api/UN_WPP2024_demographic_indicators_compact.xlsx,1 July,A,un_estimate,,,Read directly from the archived workbook; the 2010-2022 values already published reproduce exactly from the same file.,2026-10-07
NZL,2005,population_un_wpp2024,4135007,UN_WPP2024,"UN DESA Population Division, World Population Prospects 2024 (compact demographic indicators)",https://population.un.org/wpp/assets/Excel%20Files/1_Indicator%20(Standard)/EXCEL_FILES/1_General/WPP2024_GEN_F01_DEMOGRAPHIC_INDICATORS_COMPACT.xlsx,evidence/api/UN_WPP2024_demographic_indicators_compact.xlsx,1 July,A,un_estimate,,,Read directly from the archived workbook; the 2010-2022 values already published reproduce exactly from the same file.,2026-10-07
NZL,2006,population_un_wpp2024,4181940,UN_WPP2024,"UN DESA Population Division, World Population Prospects 2024 (compact demographic indicators)",https://population.un.org/wpp/assets/Excel%20Files/1_Indicator%20(Standard)/EXCEL_FILES/1_General/WPP2024_GEN_F01_DEMOGRAPHIC_INDICATORS_COMPACT.xlsx,evidence/api/UN_WPP2024_demographic_indicators_compact.xlsx,1 July,A,un_estimate,,,Read directly from the archived workbook; the 2010-2022 values already published reproduce exactly from the same file.,2026-10-07
NZL,2007,population_un_wpp2024,4223266,UN_WPP2024,"UN DESA Population Division, World Population Prospects 2024 (compact demographic indicators)",https://population.un.org/wpp/assets/Excel%20Files/1_Indicator%20(Standard)/EXCEL_FILES/1_General/WPP2024_GEN_F01_DEMOGRAPHIC_INDICATORS_COMPACT.xlsx,evidence/api/UN_WPP2024_demographic_indicators_compact.xlsx,1 July,A,un_estimate,,,Read directly from the archived workbook; the 2010-2022 values already published reproduce exactly from the same file.,2026-10-07
NZL,2008,population_un_wpp2024,4261824,UN_WPP2024,"UN DESA Population Division, World Population Prospects 2024 (compact demographic indicators)",https://population.un.org/wpp/assets/Excel%20Files/1_Indicator%20(Standard)/EXCEL_FILES/1_General/WPP2024_GEN_F01_DEMOGRAPHIC_INDICATORS_COMPACT.xlsx,evidence/api/UN_WPP2024_demographic_indicators_compact.xlsx,1 July,A,un_estimate,,,Read directly from the archived workbook; the 2010-2022 values already published reproduce exactly from the same file.,2026-10-07
NZL,2009,population_un_wpp2024,4304304,UN_WPP2024,"UN DESA Population Division, World Population Prospects 2024 (compact demographic indicators)",https://population.un.org/wpp/assets/Excel%20Files/1_Indicator%20(Standard)/EXCEL_FILES/1_General/WPP2024_GEN_F01_DEMOGRAPHIC_INDICATORS_COMPACT.xlsx,evidence/api/UN_WPP2024_demographic_indicators_compact.xlsx,1 July,A,un_estimate,,,Read directly from the archived workbook; the 2010-2022 values already published reproduce exactly from the same file.,2026-10-07
PHL,2001,population_un_wpp2024,81401488,UN_WPP2024,"UN DESA Population Division, World Population Prospects 2024 (compact demographic indicators)",https://population.un.org/wpp/assets/Excel%20Files/1_Indicator%20(Standard)/EXCEL_FILES/1_General/WPP2024_GEN_F01_DEMOGRAPHIC_INDICATORS_COMPACT.xlsx,evidence/api/UN_WPP2024_demographic_indicators_compact.xlsx,1 July,A,un_estimate,,,Read directly from the archived workbook; the 2010-2022 values already published reproduce exactly from the same file.,2026-10-07
PHL,2002,population_un_wpp2024,83068889,UN_WPP2024,"UN DESA Population Division, World Population Prospects 2024 (compact demographic indicators)",https://population.un.org/wpp/assets/Excel%20Files/1_Indicator%20(Standard)/EXCEL_FILES/1_General/WPP2024_GEN_F01_DEMOGRAPHIC_INDICATORS_COMPACT.xlsx,evidence/api/UN_WPP2024_demographic_indicators_compact.xlsx,1 July,A,un_estimate,,,Read directly from the archived workbook; the 2010-2022 values already published reproduce exactly from the same file.,2026-10-07
PHL,2003,population_un_wpp2024,84731835,UN_WPP2024,"UN DESA Population Division, World Population Prospects 2024 (compact demographic indicators)",https://population.un.org/wpp/assets/Excel%20Files/1_Indicator%20(Standard)/EXCEL_FILES/1_General/WPP2024_GEN_F01_DEMOGRAPHIC_INDICATORS_COMPACT.xlsx,evidence/api/UN_WPP2024_demographic_indicators_compact.xlsx,1 July,A,un_estimate,,,Read directly from the archived workbook; the 2010-2022 values already published reproduce exactly from the same file.,2026-10-07
PHL,2004,population_un_wpp2024,86394504,UN_WPP2024,"UN DESA Population Division, World Population Prospects 2024 (compact demographic indicators)",https://population.un.org/wpp/assets/Excel%20Files/1_Indicator%20(Standard)/EXCEL_FILES/1_General/WPP2024_GEN_F01_DEMOGRAPHIC_INDICATORS_COMPACT.xlsx,evidence/api/UN_WPP2024_demographic_indicators_compact.xlsx,1 July,A,un_estimate,,,Read directly from the archived workbook; the 2010-2022 values already published reproduce exactly from the same file.,2026-10-07
PHL,2005,population_un_wpp2024,88015962,UN_WPP2024,"UN DESA Population Division, World Population Prospects 2024 (compact demographic indicators)",https://population.un.org/wpp/assets/Excel%20Files/1_Indicator%20(Standard)/EXCEL_FILES/1_General/WPP2024_GEN_F01_DEMOGRAPHIC_INDICATORS_COMPACT.xlsx,evidence/api/UN_WPP2024_demographic_indicators_compact.xlsx,1 July,A,un_estimate,,,Read directly from the archived workbook; the 2010-2022 values already published reproduce exactly from the same file.,2026-10-07
PHL,2006,population_un_wpp2024,89508986,UN_WPP2024,"UN DESA Population Division, World Population Prospects 2024 (compact demographic indicators)",https://population.un.org/wpp/assets/Excel%20Files/1_Indicator%20(Standard)/EXCEL_FILES/1_General/WPP2024_GEN_F01_DEMOGRAPHIC_INDICATORS_COMPACT.xlsx,evidence/api/UN_WPP2024_demographic_indicators_compact.xlsx,1 July,A,un_estimate,,,Read directly from the archived workbook; the 2010-2022 values already published reproduce exactly from the same file.,2026-10-07
PHL,2007,population_un_wpp2024,91075184,UN_WPP2024,"UN DESA Population Division, World Population Prospects 2024 (compact demographic indicators)",https://population.un.org/wpp/assets/Excel%20Files/1_Indicator%20(Standard)/EXCEL_FILES/1_General/WPP2024_GEN_F01_DEMOGRAPHIC_INDICATORS_COMPACT.xlsx,evidence/api/UN_WPP2024_demographic_indicators_compact.xlsx,1 July,A,un_estimate,,,Read directly from the archived workbook; the 2010-2022 values already published reproduce exactly from the same file.,2026-10-07
PHL,2008,population_un_wpp2024,92699095,UN_WPP2024,"UN DESA Population Division, World Population Prospects 2024 (compact demographic indicators)",https://population.un.org/wpp/assets/Excel%20Files/1_Indicator%20(Standard)/EXCEL_FILES/1_General/WPP2024_GEN_F01_DEMOGRAPHIC_INDICATORS_COMPACT.xlsx,evidence/api/UN_WPP2024_demographic_indicators_compact.xlsx,1 July,A,un_estimate,,,Read directly from the archived workbook; the 2010-2022 values already published reproduce exactly from the same file.,2026-10-07
PHL,2009,population_un_wpp2024,94384250,UN_WPP2024,"UN DESA Population Division, World Population Prospects 2024 (compact demographic indicators)",https://population.un.org/wpp/assets/Excel%20Files/1_Indicator%20(Standard)/EXCEL_FILES/1_General/WPP2024_GEN_F01_DEMOGRAPHIC_INDICATORS_COMPACT.xlsx,evidence/api/UN_WPP2024_demographic_indicators_compact.xlsx,1 July,A,un_estimate,,,Read directly from the archived workbook; the 2010-2022 values already published reproduce exactly from the same file.,2026-10-07
POL,2001,population_un_wpp2024,38247357,UN_WPP2024,"UN DESA Population Division, World Population Prospects 2024 (compact demographic indicators)",https://population.un.org/wpp/assets/Excel%20Files/1_Indicator%20(Standard)/EXCEL_FILES/1_General/WPP2024_GEN_F01_DEMOGRAPHIC_INDICATORS_COMPACT.xlsx,evidence/api/UN_WPP2024_demographic_indicators_compact.xlsx,1 July,A,un_estimate,,,Read directly from the archived workbook; the 2010-2022 values already published reproduce exactly from the same file.,2026-10-07
POL,2002,population_un_wpp2024,38229408,UN_WPP2024,"UN DESA Population Division, World Population Prospects 2024 (compact demographic indicators)",https://population.un.org/wpp/assets/Excel%20Files/1_Indicator%20(Standard)/EXCEL_FILES/1_General/WPP2024_GEN_F01_DEMOGRAPHIC_INDICATORS_COMPACT.xlsx,evidence/api/UN_WPP2024_demographic_indicators_compact.xlsx,1 July,A,un_estimate,,,Read directly from the archived workbook; the 2010-2022 values already published reproduce exactly from the same file.,2026-10-07
POL,2003,population_un_wpp2024,38203524,UN_WPP2024,"UN DESA Population Division, World Population Prospects 2024 (compact demographic indicators)",https://population.un.org/wpp/assets/Excel%20Files/1_Indicator%20(Standard)/EXCEL_FILES/1_General/WPP2024_GEN_F01_DEMOGRAPHIC_INDICATORS_COMPACT.xlsx,evidence/api/UN_WPP2024_demographic_indicators_compact.xlsx,1 July,A,un_estimate,,,Read directly from the archived workbook; the 2010-2022 values already published reproduce exactly from the same file.,2026-10-07
POL,2004,population_un_wpp2024,38167572,UN_WPP2024,"UN DESA Population Division, World Population Prospects 2024 (compact demographic indicators)",https://population.un.org/wpp/assets/Excel%20Files/1_Indicator%20(Standard)/EXCEL_FILES/1_General/WPP2024_GEN_F01_DEMOGRAPHIC_INDICATORS_COMPACT.xlsx,evidence/api/UN_WPP2024_demographic_indicators_compact.xlsx,1 July,A,un_estimate,,,Read directly from the archived workbook; the 2010-2022 values already published reproduce exactly from the same file.,2026-10-07
POL,2005,population_un_wpp2024,38124379,UN_WPP2024,"UN DESA Population Division, World Population Prospects 2024 (compact demographic indicators)",https://population.un.org/wpp/assets/Excel%20Files/1_Indicator%20(Standard)/EXCEL_FILES/1_General/WPP2024_GEN_F01_DEMOGRAPHIC_INDICATORS_COMPACT.xlsx,evidence/api/UN_WPP2024_demographic_indicators_compact.xlsx,1 July,A,un_estimate,,,Read directly from the archived workbook; the 2010-2022 values already published reproduce exactly from the same file.,2026-10-07
POL,2006,population_un_wpp2024,38071167,UN_WPP2024,"UN DESA Population Division, World Population Prospects 2024 (compact demographic indicators)",https://population.un.org/wpp/assets/Excel%20Files/1_Indicator%20(Standard)/EXCEL_FILES/1_General/WPP2024_GEN_F01_DEMOGRAPHIC_INDICATORS_COMPACT.xlsx,evidence/api/UN_WPP2024_demographic_indicators_compact.xlsx,1 July,A,un_estimate,,,Read directly from the archived workbook; the 2010-2022 values already published reproduce exactly from the same file.,2026-10-07
POL,2007,population_un_wpp2024,38020421,UN_WPP2024,"UN DESA Population Division, World Population Prospects 2024 (compact demographic indicators)",https://population.un.org/wpp/assets/Excel%20Files/1_Indicator%20(Standard)/EXCEL_FILES/1_General/WPP2024_GEN_F01_DEMOGRAPHIC_INDICATORS_COMPACT.xlsx,evidence/api/UN_WPP2024_demographic_indicators_compact.xlsx,1 July,A,un_estimate,,,Read directly from the archived workbook; the 2010-2022 values already published reproduce exactly from the same file.,2026-10-07
POL,2008,population_un_wpp2024,37995902,UN_WPP2024,"UN DESA Population Division, World Population Prospects 2024 (compact demographic indicators)",https://population.un.org/wpp/assets/Excel%20Files/1_Indicator%20(Standard)/EXCEL_FILES/1_General/WPP2024_GEN_F01_DEMOGRAPHIC_INDICATORS_COMPACT.xlsx,evidence/api/UN_WPP2024_demographic_indicators_compact.xlsx,1 July,A,un_estimate,,,Read directly from the archived workbook; the 2010-2022 values already published reproduce exactly from the same file.,2026-10-07
POL,2009,population_un_wpp2024,38002155,UN_WPP2024,"UN DESA Population Division, World Population Prospects 2024 (compact demographic indicators)",https://population.un.org/wpp/assets/Excel%20Files/1_Indicator%20(Standard)/EXCEL_FILES/1_General/WPP2024_GEN_F01_DEMOGRAPHIC_INDICATORS_COMPACT.xlsx,evidence/api/UN_WPP2024_demographic_indicators_compact.xlsx,1 July,A,un_estimate,,,Read directly from the archived workbook; the 2010-2022 values already published reproduce exactly from the same file.,2026-10-07
PRT,2001,population_un_wpp2024,10354325,UN_WPP2024,"UN DESA Population Division, World Population Prospects 2024 (compact demographic indicators)",https://population.un.org/wpp/assets/Excel%20Files/1_Indicator%20(Standard)/EXCEL_FILES/1_General/WPP2024_GEN_F01_DEMOGRAPHIC_INDICATORS_COMPACT.xlsx,evidence/api/UN_WPP2024_demographic_indicators_compact.xlsx,1 July,A,un_estimate,,,Read directly from the archived workbook; the 2010-2022 values already published reproduce exactly from the same file.,2026-10-07
PRT,2002,population_un_wpp2024,10413044,UN_WPP2024,"UN DESA Population Division, World Population Prospects 2024 (compact demographic indicators)",https://population.un.org/wpp/assets/Excel%20Files/1_Indicator%20(Standard)/EXCEL_FILES/1_General/WPP2024_GEN_F01_DEMOGRAPHIC_INDICATORS_COMPACT.xlsx,evidence/api/UN_WPP2024_demographic_indicators_compact.xlsx,1 July,A,un_estimate,,,Read directly from the archived workbook; the 2010-2022 values already published reproduce exactly from the same file.,2026-10-07
PRT,2003,population_un_wpp2024,10454245,UN_WPP2024,"UN DESA Population Division, World Population Prospects 2024 (compact demographic indicators)",https://population.un.org/wpp/assets/Excel%20Files/1_Indicator%20(Standard)/EXCEL_FILES/1_General/WPP2024_GEN_F01_DEMOGRAPHIC_INDICATORS_COMPACT.xlsx,evidence/api/UN_WPP2024_demographic_indicators_compact.xlsx,1 July,A,un_estimate,,,Read directly from the archived workbook; the 2010-2022 values already published reproduce exactly from the same file.,2026-10-07
PRT,2004,population_un_wpp2024,10481381,UN_WPP2024,"UN DESA Population Division, World Population Prospects 2024 (compact demographic indicators)",https://population.un.org/wpp/assets/Excel%20Files/1_Indicator%20(Standard)/EXCEL_FILES/1_General/WPP2024_GEN_F01_DEMOGRAPHIC_INDICATORS_COMPACT.xlsx,evidence/api/UN_WPP2024_demographic_indicators_compact.xlsx,1 July,A,un_estimate,,,Read directly from the archived workbook; the 2010-2022 values already published reproduce exactly from the same file.,2026-10-07
PRT,2005,population_un_wpp2024,10502994,UN_WPP2024,"UN DESA Population Division, World Population Prospects 2024 (compact demographic indicators)",https://population.un.org/wpp/assets/Excel%20Files/1_Indicator%20(Standard)/EXCEL_FILES/1_General/WPP2024_GEN_F01_DEMOGRAPHIC_INDICATORS_COMPACT.xlsx,evidence/api/UN_WPP2024_demographic_indicators_compact.xlsx,1 July,A,un_estimate,,,Read directly from the archived workbook; the 2010-2022 values already published reproduce exactly from the same file.,2026-10-07
PRT,2006,population_un_wpp2024,10524120,UN_WPP2024,"UN DESA Population Division, World Population Prospects 2024 (compact demographic indicators)",https://population.un.org/wpp/assets/Excel%20Files/1_Indicator%20(Standard)/EXCEL_FILES/1_General/WPP2024_GEN_F01_DEMOGRAPHIC_INDICATORS_COMPACT.xlsx,evidence/api/UN_WPP2024_demographic_indicators_compact.xlsx,1 July,A,un_estimate,,,Read directly from the archived workbook; the 2010-2022 values already published reproduce exactly from the same file.,2026-10-07
PRT,2007,population_un_wpp2024,10546825,UN_WPP2024,"UN DESA Population Division, World Population Prospects 2024 (compact demographic indicators)",https://population.un.org/wpp/assets/Excel%20Files/1_Indicator%20(Standard)/EXCEL_FILES/1_General/WPP2024_GEN_F01_DEMOGRAPHIC_INDICATORS_COMPACT.xlsx,evidence/api/UN_WPP2024_demographic_indicators_compact.xlsx,1 July,A,un_estimate,,,Read directly from the archived workbook; the 2010-2022 values already published reproduce exactly from the same file.,2026-10-07
PRT,2008,population_un_wpp2024,10564081,UN_WPP2024,"UN DESA Population Division, World Population Prospects 2024 (compact demographic indicators)",https://population.un.org/wpp/assets/Excel%20Files/1_Indicator%20(Standard)/EXCEL_FILES/1_General/WPP2024_GEN_F01_DEMOGRAPHIC_INDICATORS_COMPACT.xlsx,evidence/api/UN_WPP2024_demographic_indicators_compact.xlsx,1 July,A,un_estimate,,,Read directly from the archived workbook; the 2010-2022 values already published reproduce exactly from the same file.,2026-10-07
PRT,2009,population_un_wpp2024,10576267,UN_WPP2024,"UN DESA Population Division, World Population Prospects 2024 (compact demographic indicators)",https://population.un.org/wpp/assets/Excel%20Files/1_Indicator%20(Standard)/EXCEL_FILES/1_General/WPP2024_GEN_F01_DEMOGRAPHIC_INDICATORS_COMPACT.xlsx,evidence/api/UN_WPP2024_demographic_indicators_compact.xlsx,1 July,A,un_estimate,,,Read directly from the archived workbook; the 2010-2022 values already published reproduce exactly from the same file.,2026-10-07
RUS,2001,population_un_wpp2024,146117284,UN_WPP2024,"UN DESA Population Division, World Population Prospects 2024 (compact demographic indicators)",https://population.un.org/wpp/assets/Excel%20Files/1_Indicator%20(Standard)/EXCEL_FILES/1_General/WPP2024_GEN_F01_DEMOGRAPHIC_INDICATORS_COMPACT.xlsx,evidence/api/UN_WPP2024_demographic_indicators_compact.xlsx,1 July,A,un_estimate,,,Read directly from the archived workbook; the 2010-2022 values already published reproduce exactly from the same file.,2026-10-07
RUS,2002,population_un_wpp2024,145939500,UN_WPP2024,"UN DESA Population Division, World Population Prospects 2024 (compact demographic indicators)",https://population.un.org/wpp/assets/Excel%20Files/1_Indicator%20(Standard)/EXCEL_FILES/1_General/WPP2024_GEN_F01_DEMOGRAPHIC_INDICATORS_COMPACT.xlsx,evidence/api/UN_WPP2024_demographic_indicators_compact.xlsx,1 July,A,un_estimate,,,Read directly from the archived workbook; the 2010-2022 values already published reproduce exactly from the same file.,2026-10-07
RUS,2003,population_un_wpp2024,145794229,UN_WPP2024,"UN DESA Population Division, World Population Prospects 2024 (compact demographic indicators)",https://population.un.org/wpp/assets/Excel%20Files/1_Indicator%20(Standard)/EXCEL_FILES/1_General/WPP2024_GEN_F01_DEMOGRAPHIC_INDICATORS_COMPACT.xlsx,evidence/api/UN_WPP2024_demographic_indicators_compact.xlsx,1 July,A,un_estimate,,,Read directly from the archived workbook; the 2010-2022 values already published reproduce exactly from the same file.,2026-10-07
RUS,2004,population_un_wpp2024,145180097,UN_WPP2024,"UN DESA Population Division, World Population Prospects 2024 (compact demographic indicators)",https://population.un.org/wpp/assets/Excel%20Files/1_Indicator%20(Standard)/EXCEL_FILES/1_General/WPP2024_GEN_F01_DEMOGRAPHIC_INDICATORS_COMPACT.xlsx,evidence/api/UN_WPP2024_demographic_indicators_compact.xlsx,1 July,A,un_estimate,,,Read directly from the archived workbook; the 2010-2022 values already published reproduce exactly from the same file.,2026-10-07
RUS,2005,population_un_wpp2024,144597884,UN_WPP2024,"UN DESA Population Division, World Population Prospects 2024 (compact demographic indicators)",https://population.un.org/wpp/assets/Excel%20Files/1_Indicator%20(Standard)/EXCEL_FILES/1_General/WPP2024_GEN_F01_DEMOGRAPHIC_INDICATORS_COMPACT.xlsx,evidence/api/UN_WPP2024_demographic_indicators_compact.xlsx,1 July,A,un_estimate,,,Read directly from the archived workbook; the 2010-2022 values already published reproduce exactly from the same file.,2026-10-07
RUS,2006,population_un_wpp2024,144102948,UN_WPP2024,"UN DESA Population Division, World Population Prospects 2024 (compact demographic indicators)",https://population.un.org/wpp/assets/Excel%20Files/1_Indicator%20(Standard)/EXCEL_FILES/1_General/WPP2024_GEN_F01_DEMOGRAPHIC_INDICATORS_COMPACT.xlsx,evidence/api/UN_WPP2024_demographic_indicators_compact.xlsx,1 July,A,un_estimate,,,Read directly from the archived workbook; the 2010-2022 values already published reproduce exactly from the same file.,2026-10-07
RUS,2007,population_un_wpp2024,143859764,UN_WPP2024,"UN DESA Population Division, World Population Prospects 2024 (compact demographic indicators)",https://population.un.org/wpp/assets/Excel%20Files/1_Indicator%20(Standard)/EXCEL_FILES/1_General/WPP2024_GEN_F01_DEMOGRAPHIC_INDICATORS_COMPACT.xlsx,evidence/api/UN_WPP2024_demographic_indicators_compact.xlsx,1 July,A,un_estimate,,,Read directly from the archived workbook; the 2010-2022 values already published reproduce exactly from the same file.,2026-10-07
RUS,2008,population_un_wpp2024,143811840,UN_WPP2024,"UN DESA Population Division, World Population Prospects 2024 (compact demographic indicators)",https://population.un.org/wpp/assets/Excel%20Files/1_Indicator%20(Standard)/EXCEL_FILES/1_General/WPP2024_GEN_F01_DEMOGRAPHIC_INDICATORS_COMPACT.xlsx,evidence/api/UN_WPP2024_demographic_indicators_compact.xlsx,1 July,A,un_estimate,,,Read directly from the archived workbook; the 2010-2022 values already published reproduce exactly from the same file.,2026-10-07
RUS,2009,population_un_wpp2024,143869132,UN_WPP2024,"UN DESA Population Division, World Population Prospects 2024 (compact demographic indicators)",https://population.un.org/wpp/assets/Excel%20Files/1_Indicator%20(Standard)/EXCEL_FILES/1_General/WPP2024_GEN_F01_DEMOGRAPHIC_INDICATORS_COMPACT.xlsx,evidence/api/UN_WPP2024_demographic_indicators_compact.xlsx,1 July,A,un_estimate,,,Read directly from the archived workbook; the 2010-2022 values already published reproduce exactly from the same file.,2026-10-07
SUR,2001,population_un_wpp2024,486560,UN_WPP2024,"UN DESA Population Division, World Population Prospects 2024 (compact demographic indicators)",https://population.un.org/wpp/assets/Excel%20Files/1_Indicator%20(Standard)/EXCEL_FILES/1_General/WPP2024_GEN_F01_DEMOGRAPHIC_INDICATORS_COMPACT.xlsx,evidence/api/UN_WPP2024_demographic_indicators_compact.xlsx,1 July,A,un_estimate,,,Read directly from the archived workbook; the 2010-2022 values already published reproduce exactly from the same file.,2026-10-07
SUR,2002,population_un_wpp2024,496551,UN_WPP2024,"UN DESA Population Division, World Population Prospects 2024 (compact demographic indicators)",https://population.un.org/wpp/assets/Excel%20Files/1_Indicator%20(Standard)/EXCEL_FILES/1_General/WPP2024_GEN_F01_DEMOGRAPHIC_INDICATORS_COMPACT.xlsx,evidence/api/UN_WPP2024_demographic_indicators_compact.xlsx,1 July,A,un_estimate,,,Read directly from the archived workbook; the 2010-2022 values already published reproduce exactly from the same file.,2026-10-07
SUR,2003,population_un_wpp2024,506414,UN_WPP2024,"UN DESA Population Division, World Population Prospects 2024 (compact demographic indicators)",https://population.un.org/wpp/assets/Excel%20Files/1_Indicator%20(Standard)/EXCEL_FILES/1_General/WPP2024_GEN_F01_DEMOGRAPHIC_INDICATORS_COMPACT.xlsx,evidence/api/UN_WPP2024_demographic_indicators_compact.xlsx,1 July,A,un_estimate,,,Read directly from the archived workbook; the 2010-2022 values already published reproduce exactly from the same file.,2026-10-07
SUR,2004,population_un_wpp2024,513923,UN_WPP2024,"UN DESA Population Division, World Population Prospects 2024 (compact demographic indicators)",https://population.un.org/wpp/assets/Excel%20Files/1_Indicator%20(Standard)/EXCEL_FILES/1_General/WPP2024_GEN_F01_DEMOGRAPHIC_INDICATORS_COMPACT.xlsx,evidence/api/UN_WPP2024_demographic_indicators_compact.xlsx,1 July,A,un_estimate,,,Read directly from the archived workbook; the 2010-2022 values already published reproduce exactly from the same file.,2026-10-07
SUR,2005,population_un_wpp2024,519313,UN_WPP2024,"UN DESA Population Division, World Population Prospects 2024 (compact demographic indicators)",https://population.un.org/wpp/assets/Excel%20Files/1_Indicator%20(Standard)/EXCEL_FILES/1_General/WPP2024_GEN_F01_DEMOGRAPHIC_INDICATORS_COMPACT.xlsx,evidence/api/UN_WPP2024_demographic_indicators_compact.xlsx,1 July,A,un_estimate,,,Read directly from the archived workbook; the 2010-2022 values already published reproduce exactly from the same file.,2026-10-07
SUR,2006,population_un_wpp2024,524997,UN_WPP2024,"UN DESA Population Division, World Population Prospects 2024 (compact demographic indicators)",https://population.un.org/wpp/assets/Excel%20Files/1_Indicator%20(Standard)/EXCEL_FILES/1_General/WPP2024_GEN_F01_DEMOGRAPHIC_INDICATORS_COMPACT.xlsx,evidence/api/UN_WPP2024_demographic_indicators_compact.xlsx,1 July,A,un_estimate,,,Read directly from the archived workbook; the 2010-2022 values already published reproduce exactly from the same file.,2026-10-07
SUR,2007,population_un_wpp2024,531016,UN_WPP2024,"UN DESA Population Division, World Population Prospects 2024 (compact demographic indicators)",https://population.un.org/wpp/assets/Excel%20Files/1_Indicator%20(Standard)/EXCEL_FILES/1_General/WPP2024_GEN_F01_DEMOGRAPHIC_INDICATORS_COMPACT.xlsx,evidence/api/UN_WPP2024_demographic_indicators_compact.xlsx,1 July,A,un_estimate,,,Read directly from the archived workbook; the 2010-2022 values already published reproduce exactly from the same file.,2026-10-07
SUR,2008,population_un_wpp2024,537245,UN_WPP2024,"UN DESA Population Division, World Population Prospects 2024 (compact demographic indicators)",https://population.un.org/wpp/assets/Excel%20Files/1_Indicator%20(Standard)/EXCEL_FILES/1_General/WPP2024_GEN_F01_DEMOGRAPHIC_INDICATORS_COMPACT.xlsx,evidence/api/UN_WPP2024_demographic_indicators_compact.xlsx,1 July,A,un_estimate,,,Read directly from the archived workbook; the 2010-2022 values already published reproduce exactly from the same file.,2026-10-07
SUR,2009,population_un_wpp2024,543568,UN_WPP2024,"UN DESA Population Division, World Population Prospects 2024 (compact demographic indicators)",https://population.un.org/wpp/assets/Excel%20Files/1_Indicator%20(Standard)/EXCEL_FILES/1_General/WPP2024_GEN_F01_DEMOGRAPHIC_INDICATORS_COMPACT.xlsx,evidence/api/UN_WPP2024_demographic_indicators_compact.xlsx,1 July,A,un_estimate,,,Read directly from the archived workbook; the 2010-2022 values already published reproduce exactly from the same file.,2026-10-07
SVK,2001,population_un_wpp2024,5379437,UN_WPP2024,"UN DESA Population Division, World Population Prospects 2024 (compact demographic indicators)",https://population.un.org/wpp/assets/Excel%20Files/1_Indicator%20(Standard)/EXCEL_FILES/1_General/WPP2024_GEN_F01_DEMOGRAPHIC_INDICATORS_COMPACT.xlsx,evidence/api/UN_WPP2024_demographic_indicators_compact.xlsx,1 July,A,un_estimate,,,Read directly from the archived workbook; the 2010-2022 values already published reproduce exactly from the same file.,2026-10-07
SVK,2002,population_un_wpp2024,5377688,UN_WPP2024,"UN DESA Population Division, World Population Prospects 2024 (compact demographic indicators)",https://population.un.org/wpp/assets/Excel%20Files/1_Indicator%20(Standard)/EXCEL_FILES/1_General/WPP2024_GEN_F01_DEMOGRAPHIC_INDICATORS_COMPACT.xlsx,evidence/api/UN_WPP2024_demographic_indicators_compact.xlsx,1 July,A,un_estimate,,,Read directly from the archived workbook; the 2010-2022 values already published reproduce exactly from the same file.,2026-10-07
SVK,2003,population_un_wpp2024,5376196,UN_WPP2024,"UN DESA Population Division, World Population Prospects 2024 (compact demographic indicators)",https://population.un.org/wpp/assets/Excel%20Files/1_Indicator%20(Standard)/EXCEL_FILES/1_General/WPP2024_GEN_F01_DEMOGRAPHIC_INDICATORS_COMPACT.xlsx,evidence/api/UN_WPP2024_demographic_indicators_compact.xlsx,1 July,A,un_estimate,,,Read directly from the archived workbook; the 2010-2022 values already published reproduce exactly from the same file.,2026-10-07
SVK,2004,population_un_wpp2024,5376038,UN_WPP2024,"UN DESA Population Division, World Population Prospects 2024 (compact demographic indicators)",https://population.un.org/wpp/assets/Excel%20Files/1_Indicator%20(Standard)/EXCEL_FILES/1_General/WPP2024_GEN_F01_DEMOGRAPHIC_INDICATORS_COMPACT.xlsx,evidence/api/UN_WPP2024_demographic_indicators_compact.xlsx,1 July,A,un_estimate,,,Read directly from the archived workbook; the 2010-2022 values already published reproduce exactly from the same file.,2026-10-07
SVK,2005,population_un_wpp2024,5376695,UN_WPP2024,"UN DESA Population Division, World Population Prospects 2024 (compact demographic indicators)",https://population.un.org/wpp/assets/Excel%20Files/1_Indicator%20(Standard)/EXCEL_FILES/1_General/WPP2024_GEN_F01_DEMOGRAPHIC_INDICATORS_COMPACT.xlsx,evidence/api/UN_WPP2024_demographic_indicators_compact.xlsx,1 July,A,un_estimate,,,Read directly from the archived workbook; the 2010-2022 values already published reproduce exactly from the same file.,2026-10-07
SVK,2006,population_un_wpp2024,5376846,UN_WPP2024,"UN DESA Population Division, World Population Prospects 2024 (compact demographic indicators)",https://population.un.org/wpp/assets/Excel%20Files/1_Indicator%20(Standard)/EXCEL_FILES/1_General/WPP2024_GEN_F01_DEMOGRAPHIC_INDICATORS_COMPACT.xlsx,evidence/api/UN_WPP2024_demographic_indicators_compact.xlsx,1 July,A,un_estimate,,,Read directly from the archived workbook; the 2010-2022 values already published reproduce exactly from the same file.,2026-10-07
SVK,2007,population_un_wpp2024,5376999,UN_WPP2024,"UN DESA Population Division, World Population Prospects 2024 (compact demographic indicators)",https://population.un.org/wpp/assets/Excel%20Files/1_Indicator%20(Standard)/EXCEL_FILES/1_General/WPP2024_GEN_F01_DEMOGRAPHIC_INDICATORS_COMPACT.xlsx,evidence/api/UN_WPP2024_demographic_indicators_compact.xlsx,1 July,A,un_estimate,,,Read directly from the archived workbook; the 2010-2022 values already published reproduce exactly from the same file.,2026-10-07
SVK,2008,population_un_wpp2024,5379120,UN_WPP2024,"UN DESA Population Division, World Population Prospects 2024 (compact demographic indicators)",https://population.un.org/wpp/assets/Excel%20Files/1_Indicator%20(Standard)/EXCEL_FILES/1_General/WPP2024_GEN_F01_DEMOGRAPHIC_INDICATORS_COMPACT.xlsx,evidence/api/UN_WPP2024_demographic_indicators_compact.xlsx,1 July,A,un_estimate,,,Read directly from the archived workbook; the 2010-2022 values already published reproduce exactly from the same file.,2026-10-07
SVK,2009,population_un_wpp2024,5385073,UN_WPP2024,"UN DESA Population Division, World Population Prospects 2024 (compact demographic indicators)",https://population.un.org/wpp/assets/Excel%20Files/1_Indicator%20(Standard)/EXCEL_FILES/1_General/WPP2024_GEN_F01_DEMOGRAPHIC_INDICATORS_COMPACT.xlsx,evidence/api/UN_WPP2024_demographic_indicators_compact.xlsx,1 July,A,un_estimate,,,Read directly from the archived workbook; the 2010-2022 values already published reproduce exactly from the same file.,2026-10-07
SVN,2001,population_un_wpp2024,1989679,UN_WPP2024,"UN DESA Population Division, World Population Prospects 2024 (compact demographic indicators)",https://population.un.org/wpp/assets/Excel%20Files/1_Indicator%20(Standard)/EXCEL_FILES/1_General/WPP2024_GEN_F01_DEMOGRAPHIC_INDICATORS_COMPACT.xlsx,evidence/api/UN_WPP2024_demographic_indicators_compact.xlsx,1 July,A,un_estimate,,,Read directly from the archived workbook; the 2010-2022 values already published reproduce exactly from the same file.,2026-10-07
SVN,2002,population_un_wpp2024,1991572,UN_WPP2024,"UN DESA Population Division, World Population Prospects 2024 (compact demographic indicators)",https://population.un.org/wpp/assets/Excel%20Files/1_Indicator%20(Standard)/EXCEL_FILES/1_General/WPP2024_GEN_F01_DEMOGRAPHIC_INDICATORS_COMPACT.xlsx,evidence/api/UN_WPP2024_demographic_indicators_compact.xlsx,1 July,A,un_estimate,,,Read directly from the archived workbook; the 2010-2022 values already published reproduce exactly from the same file.,2026-10-07
SVN,2003,population_un_wpp2024,1992490,UN_WPP2024,"UN DESA Population Division, World Population Prospects 2024 (compact demographic indicators)",https://population.un.org/wpp/assets/Excel%20Files/1_Indicator%20(Standard)/EXCEL_FILES/1_General/WPP2024_GEN_F01_DEMOGRAPHIC_INDICATORS_COMPACT.xlsx,evidence/api/UN_WPP2024_demographic_indicators_compact.xlsx,1 July,A,un_estimate,,,Read directly from the archived workbook; the 2010-2022 values already published reproduce exactly from the same file.,2026-10-07
SVN,2004,population_un_wpp2024,1993545,UN_WPP2024,"UN DESA Population Division, World Population Prospects 2024 (compact demographic indicators)",https://population.un.org/wpp/assets/Excel%20Files/1_Indicator%20(Standard)/EXCEL_FILES/1_General/WPP2024_GEN_F01_DEMOGRAPHIC_INDICATORS_COMPACT.xlsx,evidence/api/UN_WPP2024_demographic_indicators_compact.xlsx,1 July,A,un_estimate,,,Read directly from the archived workbook; the 2010-2022 values already published reproduce exactly from the same file.,2026-10-07
SVN,2005,population_un_wpp2024,1996914,UN_WPP2024,"UN DESA Population Division, World Population Prospects 2024 (compact demographic indicators)",https://population.un.org/wpp/assets/Excel%20Files/1_Indicator%20(Standard)/EXCEL_FILES/1_General/WPP2024_GEN_F01_DEMOGRAPHIC_INDICATORS_COMPACT.xlsx,evidence/api/UN_WPP2024_demographic_indicators_compact.xlsx,1 July,A,un_estimate,,,Read directly from the archived workbook; the 2010-2022 values already published reproduce exactly from the same file.,2026-10-07
SVN,2006,population_un_wpp2024,2003114,UN_WPP2024,"UN DESA Population Division, World Population Prospects 2024 (compact demographic indicators)",https://population.un.org/wpp/assets/Excel%20Files/1_Indicator%20(Standard)/EXCEL_FILES/1_General/WPP2024_GEN_F01_DEMOGRAPHIC_INDICATORS_COMPACT.xlsx,evidence/api/UN_WPP2024_demographic_indicators_compact.xlsx,1 July,A,un_estimate,,,Read directly from the archived workbook; the 2010-2022 values already published reproduce exactly from the same file.,2026-10-07
SVN,2007,population_un_wpp2024,2014158,UN_WPP2024,"UN DESA Population Division, World Population Prospects 2024 (compact demographic indicators)",https://population.un.org/wpp/assets/Excel%20Files/1_Indicator%20(Standard)/EXCEL_FILES/1_General/WPP2024_GEN_F01_DEMOGRAPHIC_INDICATORS_COMPACT.xlsx,evidence/api/UN_WPP2024_demographic_indicators_compact.xlsx,1 July,A,un_estimate,,,Read directly from the archived workbook; the 2010-2022 values already published reproduce exactly from the same file.,2026-10-07
SVN,2008,population_un_wpp2024,2025085,UN_WPP2024,"UN DESA Population Division, World Population Prospects 2024 (compact demographic indicators)",https://population.un.org/wpp/assets/Excel%20Files/1_Indicator%20(Standard)/EXCEL_FILES/1_General/WPP2024_GEN_F01_DEMOGRAPHIC_INDICATORS_COMPACT.xlsx,evidence/api/UN_WPP2024_demographic_indicators_compact.xlsx,1 July,A,un_estimate,,,Read directly from the archived workbook; the 2010-2022 values already published reproduce exactly from the same file.,2026-10-07
SVN,2009,population_un_wpp2024,2035608,UN_WPP2024,"UN DESA Population Division, World Population Prospects 2024 (compact demographic indicators)",https://population.un.org/wpp/assets/Excel%20Files/1_Indicator%20(Standard)/EXCEL_FILES/1_General/WPP2024_GEN_F01_DEMOGRAPHIC_INDICATORS_COMPACT.xlsx,evidence/api/UN_WPP2024_demographic_indicators_compact.xlsx,1 July,A,un_estimate,,,Read directly from the archived workbook; the 2010-2022 values already published reproduce exactly from the same file.,2026-10-07
SWE,2001,population_un_wpp2024,8896022,UN_WPP2024,"UN DESA Population Division, World Population Prospects 2024 (compact demographic indicators)",https://population.un.org/wpp/assets/Excel%20Files/1_Indicator%20(Standard)/EXCEL_FILES/1_General/WPP2024_GEN_F01_DEMOGRAPHIC_INDICATORS_COMPACT.xlsx,evidence/api/UN_WPP2024_demographic_indicators_compact.xlsx,1 July,A,un_estimate,,,Read directly from the archived workbook; the 2010-2022 values already published reproduce exactly from the same file.,2026-10-07
SWE,2002,population_un_wpp2024,8925047,UN_WPP2024,"UN DESA Population Division, World Population Prospects 2024 (compact demographic indicators)",https://population.un.org/wpp/assets/Excel%20Files/1_Indicator%20(Standard)/EXCEL_FILES/1_General/WPP2024_GEN_F01_DEMOGRAPHIC_INDICATORS_COMPACT.xlsx,evidence/api/UN_WPP2024_demographic_indicators_compact.xlsx,1 July,A,un_estimate,,,Read directly from the archived workbook; the 2010-2022 values already published reproduce exactly from the same file.,2026-10-07
SWE,2003,population_un_wpp2024,8958431,UN_WPP2024,"UN DESA Population Division, World Population Prospects 2024 (compact demographic indicators)",https://population.un.org/wpp/assets/Excel%20Files/1_Indicator%20(Standard)/EXCEL_FILES/1_General/WPP2024_GEN_F01_DEMOGRAPHIC_INDICATORS_COMPACT.xlsx,evidence/api/UN_WPP2024_demographic_indicators_compact.xlsx,1 July,A,un_estimate,,,Read directly from the archived workbook; the 2010-2022 values already published reproduce exactly from the same file.,2026-10-07
SWE,2004,population_un_wpp2024,8993808,UN_WPP2024,"UN DESA Population Division, World Population Prospects 2024 (compact demographic indicators)",https://population.un.org/wpp/assets/Excel%20Files/1_Indicator%20(Standard)/EXCEL_FILES/1_General/WPP2024_GEN_F01_DEMOGRAPHIC_INDICATORS_COMPACT.xlsx,evidence/api/UN_WPP2024_demographic_indicators_compact.xlsx,1 July,A,un_estimate,,,Read directly from the archived workbook; the 2010-2022 values already published reproduce exactly from the same file.,2026-10-07
SWE,2005,population_un_wpp2024,9029771,UN_WPP2024,"UN DESA Population Division, World Population Prospects 2024 (compact demographic indicators)",https://population.un.org/wpp/assets/Excel%20Files/1_Indicator%20(Standard)/EXCEL_FILES/1_General/WPP2024_GEN_F01_DEMOGRAPHIC_INDICATORS_COMPACT.xlsx,evidence/api/UN_WPP2024_demographic_indicators_compact.xlsx,1 July,A,un_estimate,,,Read directly from the archived workbook; the 2010-2022 values already published reproduce exactly from the same file.,2026-10-07
SWE,2006,population_un_wpp2024,9080623,UN_WPP2024,"UN DESA Population Division, World Population Prospects 2024 (compact demographic indicators)",https://population.un.org/wpp/assets/Excel%20Files/1_Indicator%20(Standard)/EXCEL_FILES/1_General/WPP2024_GEN_F01_DEMOGRAPHIC_INDICATORS_COMPACT.xlsx,evidence/api/UN_WPP2024_demographic_indicators_compact.xlsx,1 July,A,un_estimate,,,Read directly from the archived workbook; the 2010-2022 values already published reproduce exactly from the same file.,2026-10-07
SWE,2007,population_un_wpp2024,9148274,UN_WPP2024,"UN DESA Population Division, World Population Prospects 2024 (compact demographic indicators)",https://population.un.org/wpp/assets/Excel%20Files/1_Indicator%20(Standard)/EXCEL_FILES/1_General/WPP2024_GEN_F01_DEMOGRAPHIC_INDICATORS_COMPACT.xlsx,evidence/api/UN_WPP2024_demographic_indicators_compact.xlsx,1 July,A,un_estimate,,,Read directly from the archived workbook; the 2010-2022 values already published reproduce exactly from the same file.,2026-10-07
SWE,2008,population_un_wpp2024,9219900,UN_WPP2024,"UN DESA Population Division, World Population Prospects 2024 (compact demographic indicators)",https://population.un.org/wpp/assets/Excel%20Files/1_Indicator%20(Standard)/EXCEL_FILES/1_General/WPP2024_GEN_F01_DEMOGRAPHIC_INDICATORS_COMPACT.xlsx,evidence/api/UN_WPP2024_demographic_indicators_compact.xlsx,1 July,A,un_estimate,,,Read directly from the archived workbook; the 2010-2022 values already published reproduce exactly from the same file.,2026-10-07
SWE,2009,population_un_wpp2024,9298740,UN_WPP2024,"UN DESA Population Division, World Population Prospects 2024 (compact demographic indicators)",https://population.un.org/wpp/assets/Excel%20Files/1_Indicator%20(Standard)/EXCEL_FILES/1_General/WPP2024_GEN_F01_DEMOGRAPHIC_INDICATORS_COMPACT.xlsx,evidence/api/UN_WPP2024_demographic_indicators_compact.xlsx,1 July,A,un_estimate,,,Read directly from the archived workbook; the 2010-2022 values already published reproduce exactly from the same file.,2026-10-07
THA,2001,population_un_wpp2024,63651141,UN_WPP2024,"UN DESA Population Division, World Population Prospects 2024 (compact demographic indicators)",https://population.un.org/wpp/assets/Excel%20Files/1_Indicator%20(Standard)/EXCEL_FILES/1_General/WPP2024_GEN_F01_DEMOGRAPHIC_INDICATORS_COMPACT.xlsx,evidence/api/UN_WPP2024_demographic_indicators_compact.xlsx,1 July,A,un_estimate,,,Read directly from the archived workbook; the 2010-2022 values already published reproduce exactly from the same file.,2026-10-07
THA,2002,population_un_wpp2024,64266437,UN_WPP2024,"UN DESA Population Division, World Population Prospects 2024 (compact demographic indicators)",https://population.un.org/wpp/assets/Excel%20Files/1_Indicator%20(Standard)/EXCEL_FILES/1_General/WPP2024_GEN_F01_DEMOGRAPHIC_INDICATORS_COMPACT.xlsx,evidence/api/UN_WPP2024_demographic_indicators_compact.xlsx,1 July,A,un_estimate,,,Read directly from the archived workbook; the 2010-2022 values already published reproduce exactly from the same file.,2026-10-07
THA,2003,population_un_wpp2024,64868166,UN_WPP2024,"UN DESA Population Division, World Population Prospects 2024 (compact demographic indicators)",https://population.un.org/wpp/assets/Excel%20Files/1_Indicator%20(Standard)/EXCEL_FILES/1_General/WPP2024_GEN_F01_DEMOGRAPHIC_INDICATORS_COMPACT.xlsx,evidence/api/UN_WPP2024_demographic_indicators_compact.xlsx,1 July,A,un_estimate,,,Read directly from the archived workbook; the 2010-2022 values already published reproduce exactly from the same file.,2026-10-07
THA,2004,population_un_wpp2024,65452047,UN_WPP2024,"UN DESA Population Division, World Population Prospects 2024 (compact demographic indicators)",https://population.un.org/wpp/assets/Excel%20Files/1_Indicator%20(Standard)/EXCEL_FILES/1_General/WPP2024_GEN_F01_DEMOGRAPHIC_INDICATORS_COMPACT.xlsx,evidence/api/UN_WPP2024_demographic_indicators_compact.xlsx,1 July,A,un_estimate,,,Read directly from the archived workbook; the 2010-2022 values already published reproduce exactly from the same file.,2026-10-07
THA,2005,population_un_wpp2024,66017420,UN_WPP2024,"UN DESA Population Division, World Population Prospects 2024 (compact demographic indicators)",https://population.un.org/wpp/assets/Excel%20Files/1_Indicator%20(Standard)/EXCEL_FILES/1_General/WPP2024_GEN_F01_DEMOGRAPHIC_INDICATORS_COMPACT.xlsx,evidence/api/UN_WPP2024_demographic_indicators_compact.xlsx,1 July,A,un_estimate,,,Read directly from the archived workbook; the 2010-2022 values already published reproduce exactly from the same file.,2026-10-07
THA,2006,population_un_wpp2024,66567687,UN_WPP2024,"UN DESA Population Division, World Population Prospects 2024 (compact demographic indicators)",https://population.un.org/wpp/assets/Excel%20Files/1_Indicator%20(Standard)/EXCEL_FILES/1_General/WPP2024_GEN_F01_DEMOGRAPHIC_INDICATORS_COMPACT.xlsx,evidence/api/UN_WPP2024_demographic_indicators_compact.xlsx,1 July,A,un_estimate,,,Read directly from the archived workbook; the 2010-2022 values already published reproduce exactly from the same file.,2026-10-07
THA,2007,population_un_wpp2024,67102394,UN_WPP2024,"UN DESA Population Division, World Population Prospects 2024 (compact demographic indicators)",https://population.un.org/wpp/assets/Excel%20Files/1_Indicator%20(Standard)/EXCEL_FILES/1_General/WPP2024_GEN_F01_DEMOGRAPHIC_INDICATORS_COMPACT.xlsx,evidence/api/UN_WPP2024_demographic_indicators_compact.xlsx,1 July,A,un_estimate,,,Read directly from the archived workbook; the 2010-2022 values already published reproduce exactly from the same file.,2026-10-07
THA,2008,population_un_wpp2024,67619830,UN_WPP2024,"UN DESA Population Division, World Population Prospects 2024 (compact demographic indicators)",https://population.un.org/wpp/assets/Excel%20Files/1_Indicator%20(Standard)/EXCEL_FILES/1_General/WPP2024_GEN_F01_DEMOGRAPHIC_INDICATORS_COMPACT.xlsx,evidence/api/UN_WPP2024_demographic_indicators_compact.xlsx,1 July,A,un_estimate,,,Read directly from the archived workbook; the 2010-2022 values already published reproduce exactly from the same file.,2026-10-07
THA,2009,population_un_wpp2024,68121080,UN_WPP2024,"UN DESA Population Division, World Population Prospects 2024 (compact demographic indicators)",https://population.un.org/wpp/assets/Excel%20Files/1_Indicator%20(Standard)/EXCEL_FILES/1_General/WPP2024_GEN_F01_DEMOGRAPHIC_INDICATORS_COMPACT.xlsx,evidence/api/UN_WPP2024_demographic_indicators_compact.xlsx,1 July,A,un_estimate,,,Read directly from the archived workbook; the 2010-2022 values already published reproduce exactly from the same file.,2026-10-07
TUR,2001,population_un_wpp2024,66245128,UN_WPP2024,"UN DESA Population Division, World Population Prospects 2024 (compact demographic indicators)",https://population.un.org/wpp/assets/Excel%20Files/1_Indicator%20(Standard)/EXCEL_FILES/1_General/WPP2024_GEN_F01_DEMOGRAPHIC_INDICATORS_COMPACT.xlsx,evidence/api/UN_WPP2024_demographic_indicators_compact.xlsx,1 July,A,un_estimate,,,Read directly from the archived workbook; the 2010-2022 values already published reproduce exactly from the same file.,2026-10-07
TUR,2002,population_un_wpp2024,67048795,UN_WPP2024,"UN DESA Population Division, World Population Prospects 2024 (compact demographic indicators)",https://population.un.org/wpp/assets/Excel%20Files/1_Indicator%20(Standard)/EXCEL_FILES/1_General/WPP2024_GEN_F01_DEMOGRAPHIC_INDICATORS_COMPACT.xlsx,evidence/api/UN_WPP2024_demographic_indicators_compact.xlsx,1 July,A,un_estimate,,,Read directly from the archived workbook; the 2010-2022 values already published reproduce exactly from the same file.,2026-10-07
TUR,2003,population_un_wpp2024,67831730,UN_WPP2024,"UN DESA Population Division, World Population Prospects 2024 (compact demographic indicators)",https://population.un.org/wpp/assets/Excel%20Files/1_Indicator%20(Standard)/EXCEL_FILES/1_General/WPP2024_GEN_F01_DEMOGRAPHIC_INDICATORS_COMPACT.xlsx,evidence/api/UN_WPP2024_demographic_indicators_compact.xlsx,1 July,A,un_estimate,,,Read directly from the archived workbook; the 2010-2022 values already published reproduce exactly from the same file.,2026-10-07
TUR,2004,population_un_wpp2024,68592617,UN_WPP2024,"UN DESA Population Division, World Population Prospects 2024 (compact demographic indicators)",https://population.un.org/wpp/assets/Excel%20Files/1_Indicator%20(Standard)/EXCEL_FILES/1_General/WPP2024_GEN_F01_DEMOGRAPHIC_INDICATORS_COMPACT.xlsx,evidence/api/UN_WPP2024_demographic_indicators_compact.xlsx,1 July,A,un_estimate,,,Read directly from the archived workbook; the 2010-2022 values already published reproduce exactly from the same file.,2026-10-07
TUR,2005,population_un_wpp2024,69329557,UN_WPP2024,"UN DESA Population Division, World Population Prospects 2024 (compact demographic indicators)",https://population.un.org/wpp/assets/Excel%20Files/1_Indicator%20(Standard)/EXCEL_FILES/1_General/WPP2024_GEN_F01_DEMOGRAPHIC_INDICATORS_COMPACT.xlsx,evidence/api/UN_WPP2024_demographic_indicators_compact.xlsx,1 July,A,un_estimate,,,Read directly from the archived workbook; the 2010-2022 values already published reproduce exactly from the same file.,2026-10-07
TUR,2006,population_un_wpp2024,70045349,UN_WPP2024,"UN DESA Population Division, World Population Prospects 2024 (compact demographic indicators)",https://population.un.org/wpp/assets/Excel%20Files/1_Indicator%20(Standard)/EXCEL_FILES/1_General/WPP2024_GEN_F01_DEMOGRAPHIC_INDICATORS_COMPACT.xlsx,evidence/api/UN_WPP2024_demographic_indicators_compact.xlsx,1 July,A,un_estimate,,,Read directly from the archived workbook; the 2010-2022 values already published reproduce exactly from the same file.,2026-10-07
TUR,2007,population_un_wpp2024,70750586,UN_WPP2024,"UN DESA Population Division, World Population Prospects 2024 (compact demographic indicators)",https://population.un.org/wpp/assets/Excel%20Files/1_Indicator%20(Standard)/EXCEL_FILES/1_General/WPP2024_GEN_F01_DEMOGRAPHIC_INDICATORS_COMPACT.xlsx,evidence/api/UN_WPP2024_demographic_indicators_compact.xlsx,1 July,A,un_estimate,,,Read directly from the archived workbook; the 2010-2022 values already published reproduce exactly from the same file.,2026-10-07
TUR,2008,population_un_wpp2024,71562338,UN_WPP2024,"UN DESA Population Division, World Population Prospects 2024 (compact demographic indicators)",https://population.un.org/wpp/assets/Excel%20Files/1_Indicator%20(Standard)/EXCEL_FILES/1_General/WPP2024_GEN_F01_DEMOGRAPHIC_INDICATORS_COMPACT.xlsx,evidence/api/UN_WPP2024_demographic_indicators_compact.xlsx,1 July,A,un_estimate,,,Read directly from the archived workbook; the 2010-2022 values already published reproduce exactly from the same file.,2026-10-07
TUR,2009,population_un_wpp2024,72464848,UN_WPP2024,"UN DESA Population Division, World Population Prospects 2024 (compact demographic indicators)",https://population.un.org/wpp/assets/Excel%20Files/1_Indicator%20(Standard)/EXCEL_FILES/1_General/WPP2024_GEN_F01_DEMOGRAPHIC_INDICATORS_COMPACT.xlsx,evidence/api/UN_WPP2024_demographic_indicators_compact.xlsx,1 July,A,un_estimate,,,Read directly from the archived workbook; the 2010-2022 values already published reproduce exactly from the same file.,2026-10-07
TWN,2001,population_un_wpp2024,22446257,UN_WPP2024,"UN DESA Population Division, World Population Prospects 2024 (compact demographic indicators)",https://population.un.org/wpp/assets/Excel%20Files/1_Indicator%20(Standard)/EXCEL_FILES/1_General/WPP2024_GEN_F01_DEMOGRAPHIC_INDICATORS_COMPACT.xlsx,evidence/api/UN_WPP2024_demographic_indicators_compact.xlsx,1 July,A,un_estimate,,,Read directly from the archived workbook; the 2010-2022 values already published reproduce exactly from the same file.,2026-10-07
TWN,2002,population_un_wpp2024,22566901,UN_WPP2024,"UN DESA Population Division, World Population Prospects 2024 (compact demographic indicators)",https://population.un.org/wpp/assets/Excel%20Files/1_Indicator%20(Standard)/EXCEL_FILES/1_General/WPP2024_GEN_F01_DEMOGRAPHIC_INDICATORS_COMPACT.xlsx,evidence/api/UN_WPP2024_demographic_indicators_compact.xlsx,1 July,A,un_estimate,,,Read directly from the archived workbook; the 2010-2022 values already published reproduce exactly from the same file.,2026-10-07
TWN,2003,population_un_wpp2024,22664125,UN_WPP2024,"UN DESA Population Division, World Population Prospects 2024 (compact demographic indicators)",https://population.un.org/wpp/assets/Excel%20Files/1_Indicator%20(Standard)/EXCEL_FILES/1_General/WPP2024_GEN_F01_DEMOGRAPHIC_INDICATORS_COMPACT.xlsx,evidence/api/UN_WPP2024_demographic_indicators_compact.xlsx,1 July,A,un_estimate,,,Read directly from the archived workbook; the 2010-2022 values already published reproduce exactly from the same file.,2026-10-07
TWN,2004,population_un_wpp2024,22745431,UN_WPP2024,"UN DESA Population Division, World Population Prospects 2024 (compact demographic indicators)",https://population.un.org/wpp/assets/Excel%20Files/1_Indicator%20(Standard)/EXCEL_FILES/1_General/WPP2024_GEN_F01_DEMOGRAPHIC_INDICATORS_COMPACT.xlsx,evidence/api/UN_WPP2024_demographic_indicators_compact.xlsx,1 July,A,un_estimate,,,Read directly from the archived workbook; the 2010-2022 values already published reproduce exactly from the same file.,2026-10-07
TWN,2005,population_un_wpp2024,22824931,UN_WPP2024,"UN DESA Population Division, World Population Prospects 2024 (compact demographic indicators)",https://population.un.org/wpp/assets/Excel%20Files/1_Indicator%20(Standard)/EXCEL_FILES/1_General/WPP2024_GEN_F01_DEMOGRAPHIC_INDICATORS_COMPACT.xlsx,evidence/api/UN_WPP2024_demographic_indicators_compact.xlsx,1 July,A,un_estimate,,,Read directly from the archived workbook; the 2010-2022 values already published reproduce exactly from the same file.,2026-10-07
TWN,2006,population_un_wpp2024,22914634,UN_WPP2024,"UN DESA Population Division, World Population Prospects 2024 (compact demographic indicators)",https://population.un.org/wpp/assets/Excel%20Files/1_Indicator%20(Standard)/EXCEL_FILES/1_General/WPP2024_GEN_F01_DEMOGRAPHIC_INDICATORS_COMPACT.xlsx,evidence/api/UN_WPP2024_demographic_indicators_compact.xlsx,1 July,A,un_estimate,,,Read directly from the archived workbook; the 2010-2022 values already published reproduce exactly from the same file.,2026-10-07
TWN,2007,population_un_wpp2024,23006924,UN_WPP2024,"UN DESA Population Division, World Population Prospects 2024 (compact demographic indicators)",https://population.un.org/wpp/assets/Excel%20Files/1_Indicator%20(Standard)/EXCEL_FILES/1_General/WPP2024_GEN_F01_DEMOGRAPHIC_INDICATORS_COMPACT.xlsx,evidence/api/UN_WPP2024_demographic_indicators_compact.xlsx,1 July,A,un_estimate,,,Read directly from the archived workbook; the 2010-2022 values already published reproduce exactly from the same file.,2026-10-07
TWN,2008,population_un_wpp2024,23086239,UN_WPP2024,"UN DESA Population Division, World Population Prospects 2024 (compact demographic indicators)",https://population.un.org/wpp/assets/Excel%20Files/1_Indicator%20(Standard)/EXCEL_FILES/1_General/WPP2024_GEN_F01_DEMOGRAPHIC_INDICATORS_COMPACT.xlsx,evidence/api/UN_WPP2024_demographic_indicators_compact.xlsx,1 July,A,un_estimate,,,Read directly from the archived workbook; the 2010-2022 values already published reproduce exactly from the same file.,2026-10-07
TWN,2009,population_un_wpp2024,23164361,UN_WPP2024,"UN DESA Population Division, World Population Prospects 2024 (compact demographic indicators)",https://population.un.org/wpp/assets/Excel%20Files/1_Indicator%20(Standard)/EXCEL_FILES/1_General/WPP2024_GEN_F01_DEMOGRAPHIC_INDICATORS_COMPACT.xlsx,evidence/api/UN_WPP2024_demographic_indicators_compact.xlsx,1 July,A,un_estimate,,,Read directly from the archived workbook; the 2010-2022 values already published reproduce exactly from the same file.,2026-10-07
USA,2001,population_un_wpp2024,284279639,UN_WPP2024,"UN DESA Population Division, World Population Prospects 2024 (compact demographic indicators)",https://population.un.org/wpp/assets/Excel%20Files/1_Indicator%20(Standard)/EXCEL_FILES/1_General/WPP2024_GEN_F01_DEMOGRAPHIC_INDICATORS_COMPACT.xlsx,evidence/api/UN_WPP2024_demographic_indicators_compact.xlsx,1 July,A,un_estimate,,,Read directly from the archived workbook; the 2010-2022 values already published reproduce exactly from the same file.,2026-10-07
USA,2002,population_un_wpp2024,287084338,UN_WPP2024,"UN DESA Population Division, World Population Prospects 2024 (compact demographic indicators)",https://population.un.org/wpp/assets/Excel%20Files/1_Indicator%20(Standard)/EXCEL_FILES/1_General/WPP2024_GEN_F01_DEMOGRAPHIC_INDICATORS_COMPACT.xlsx,evidence/api/UN_WPP2024_demographic_indicators_compact.xlsx,1 July,A,un_estimate,,,Read directly from the archived workbook; the 2010-2022 values already published reproduce exactly from the same file.,2026-10-07
USA,2003,population_un_wpp2024,289908100,UN_WPP2024,"UN DESA Population Division, World Population Prospects 2024 (compact demographic indicators)",https://population.un.org/wpp/assets/Excel%20Files/1_Indicator%20(Standard)/EXCEL_FILES/1_General/WPP2024_GEN_F01_DEMOGRAPHIC_INDICATORS_COMPACT.xlsx,evidence/api/UN_WPP2024_demographic_indicators_compact.xlsx,1 July,A,un_estimate,,,Read directly from the archived workbook; the 2010-2022 values already published reproduce exactly from the same file.,2026-10-07
USA,2004,population_un_wpp2024,292786253,UN_WPP2024,"UN DESA Population Division, World Population Prospects 2024 (compact demographic indicators)",https://population.un.org/wpp/assets/Excel%20Files/1_Indicator%20(Standard)/EXCEL_FILES/1_General/WPP2024_GEN_F01_DEMOGRAPHIC_INDICATORS_COMPACT.xlsx,evidence/api/UN_WPP2024_demographic_indicators_compact.xlsx,1 July,A,un_estimate,,,Read directly from the archived workbook; the 2010-2022 values already published reproduce exactly from the same file.,2026-10-07
USA,2005,population_un_wpp2024,295716664,UN_WPP2024,"UN DESA Population Division, World Population Prospects 2024 (compact demographic indicators)",https://population.un.org/wpp/assets/Excel%20Files/1_Indicator%20(Standard)/EXCEL_FILES/1_General/WPP2024_GEN_F01_DEMOGRAPHIC_INDICATORS_COMPACT.xlsx,evidence/api/UN_WPP2024_demographic_indicators_compact.xlsx,1 July,A,un_estimate,,,Read directly from the archived workbook; the 2010-2022 values already published reproduce exactly from the same file.,2026-10-07
USA,2006,population_un_wpp2024,298730209,UN_WPP2024,"UN DESA Population Division, World Population Prospects 2024 (compact demographic indicators)",https://population.un.org/wpp/assets/Excel%20Files/1_Indicator%20(Standard)/EXCEL_FILES/1_General/WPP2024_GEN_F01_DEMOGRAPHIC_INDICATORS_COMPACT.xlsx,evidence/api/UN_WPP2024_demographic_indicators_compact.xlsx,1 July,A,un_estimate,,,Read directly from the archived workbook; the 2010-2022 values already published reproduce exactly from the same file.,2026-10-07
USA,2007,population_un_wpp2024,301844226,UN_WPP2024,"UN DESA Population Division, World Population Prospects 2024 (compact demographic indicators)",https://population.un.org/wpp/assets/Excel%20Files/1_Indicator%20(Standard)/EXCEL_FILES/1_General/WPP2024_GEN_F01_DEMOGRAPHIC_INDICATORS_COMPACT.xlsx,evidence/api/UN_WPP2024_demographic_indicators_compact.xlsx,1 July,A,un_estimate,,,Read directly from the archived workbook; the 2010-2022 values already published reproduce exactly from the same file.,2026-10-07
USA,2008,population_un_wpp2024,304970333,UN_WPP2024,"UN DESA Population Division, World Population Prospects 2024 (compact demographic indicators)",https://population.un.org/wpp/assets/Excel%20Files/1_Indicator%20(Standard)/EXCEL_FILES/1_General/WPP2024_GEN_F01_DEMOGRAPHIC_INDICATORS_COMPACT.xlsx,evidence/api/UN_WPP2024_demographic_indicators_compact.xlsx,1 July,A,un_estimate,,,Read directly from the archived workbook; the 2010-2022 values already published reproduce exactly from the same file.,2026-10-07
USA,2009,population_un_wpp2024,308023454,UN_WPP2024,"UN DESA Population Division, World Population Prospects 2024 (compact demographic indicators)",https://population.un.org/wpp/assets/Excel%20Files/1_Indicator%20(Standard)/EXCEL_FILES/1_General/WPP2024_GEN_F01_DEMOGRAPHIC_INDICATORS_COMPACT.xlsx,evidence/api/UN_WPP2024_demographic_indicators_compact.xlsx,1 July,A,un_estimate,,,Read directly from the archived workbook; the 2010-2022 values already published reproduce exactly from the same file.,2026-10-07
ZAF,2001,population_un_wpp2024,47566800,UN_WPP2024,"UN DESA Population Division, World Population Prospects 2024 (compact demographic indicators)",https://population.un.org/wpp/assets/Excel%20Files/1_Indicator%20(Standard)/EXCEL_FILES/1_General/WPP2024_GEN_F01_DEMOGRAPHIC_INDICATORS_COMPACT.xlsx,evidence/api/UN_WPP2024_demographic_indicators_compact.xlsx,1 July,A,un_estimate,,,Read directly from the archived workbook; the 2010-2022 values already published reproduce exactly from the same file.,2026-10-07
ZAF,2002,population_un_wpp2024,48019415,UN_WPP2024,"UN DESA Population Division, World Population Prospects 2024 (compact demographic indicators)",https://population.un.org/wpp/assets/Excel%20Files/1_Indicator%20(Standard)/EXCEL_FILES/1_General/WPP2024_GEN_F01_DEMOGRAPHIC_INDICATORS_COMPACT.xlsx,evidence/api/UN_WPP2024_demographic_indicators_compact.xlsx,1 July,A,un_estimate,,,Read directly from the archived workbook; the 2010-2022 values already published reproduce exactly from the same file.,2026-10-07
ZAF,2003,population_un_wpp2024,48500348,UN_WPP2024,"UN DESA Population Division, World Population Prospects 2024 (compact demographic indicators)",https://population.un.org/wpp/assets/Excel%20Files/1_Indicator%20(Standard)/EXCEL_FILES/1_General/WPP2024_GEN_F01_DEMOGRAPHIC_INDICATORS_COMPACT.xlsx,evidence/api/UN_WPP2024_demographic_indicators_compact.xlsx,1 July,A,un_estimate,,,Read directly from the archived workbook; the 2010-2022 values already published reproduce exactly from the same file.,2026-10-07
ZAF,2004,population_un_wpp2024,48991421,UN_WPP2024,"UN DESA Population Division, World Population Prospects 2024 (compact demographic indicators)",https://population.un.org/wpp/assets/Excel%20Files/1_Indicator%20(Standard)/EXCEL_FILES/1_General/WPP2024_GEN_F01_DEMOGRAPHIC_INDICATORS_COMPACT.xlsx,evidence/api/UN_WPP2024_demographic_indicators_compact.xlsx,1 July,A,un_estimate,,,Read directly from the archived workbook; the 2010-2022 values already published reproduce exactly from the same file.,2026-10-07
ZAF,2005,population_un_wpp2024,49490033,UN_WPP2024,"UN DESA Population Division, World Population Prospects 2024 (compact demographic indicators)",https://population.un.org/wpp/assets/Excel%20Files/1_Indicator%20(Standard)/EXCEL_FILES/1_General/WPP2024_GEN_F01_DEMOGRAPHIC_INDICATORS_COMPACT.xlsx,evidence/api/UN_WPP2024_demographic_indicators_compact.xlsx,1 July,A,un_estimate,,,Read directly from the archived workbook; the 2010-2022 values already published reproduce exactly from the same file.,2026-10-07
ZAF,2006,population_un_wpp2024,49998277,UN_WPP2024,"UN DESA Population Division, World Population Prospects 2024 (compact demographic indicators)",https://population.un.org/wpp/assets/Excel%20Files/1_Indicator%20(Standard)/EXCEL_FILES/1_General/WPP2024_GEN_F01_DEMOGRAPHIC_INDICATORS_COMPACT.xlsx,evidence/api/UN_WPP2024_demographic_indicators_compact.xlsx,1 July,A,un_estimate,,,Read directly from the archived workbook; the 2010-2022 values already published reproduce exactly from the same file.,2026-10-07
ZAF,2007,population_un_wpp2024,50528584,UN_WPP2024,"UN DESA Population Division, World Population Prospects 2024 (compact demographic indicators)",https://population.un.org/wpp/assets/Excel%20Files/1_Indicator%20(Standard)/EXCEL_FILES/1_General/WPP2024_GEN_F01_DEMOGRAPHIC_INDICATORS_COMPACT.xlsx,evidence/api/UN_WPP2024_demographic_indicators_compact.xlsx,1 July,A,un_estimate,,,Read directly from the archived workbook; the 2010-2022 values already published reproduce exactly from the same file.,2026-10-07
ZAF,2008,population_un_wpp2024,51114599,UN_WPP2024,"UN DESA Population Division, World Population Prospects 2024 (compact demographic indicators)",https://population.un.org/wpp/assets/Excel%20Files/1_Indicator%20(Standard)/EXCEL_FILES/1_General/WPP2024_GEN_F01_DEMOGRAPHIC_INDICATORS_COMPACT.xlsx,evidence/api/UN_WPP2024_demographic_indicators_compact.xlsx,1 July,A,un_estimate,,,Read directly from the archived workbook; the 2010-2022 values already published reproduce exactly from the same file.,2026-10-07
ZAF,2009,population_un_wpp2024,51728516,UN_WPP2024,"UN DESA Population Division, World Population Prospects 2024 (compact demographic indicators)",https://population.un.org/wpp/assets/Excel%20Files/1_Indicator%20(Standard)/EXCEL_FILES/1_General/WPP2024_GEN_F01_DEMOGRAPHIC_INDICATORS_COMPACT.xlsx,evidence/api/UN_WPP2024_demographic_indicators_compact.xlsx,1 July,A,un_estimate,,,Read directly from the archived workbook; the 2010-2022 values already published reproduce exactly from the same file.,2026-10-07
BGR,2005,foreign_born,61074,UNDESA_fb,UN DESA International Migrant Stock (World Bank indicator SM.POP.TOTL),https://api.worldbank.org/v2/country/all/indicator/SM.POP.TOTL?format=json&date=2001:2022&per_page=20000,evidence/api/wb_SM_POP_TOTL_2001-2022_retrieved_2026-10-07.json,Mid-year / 30 June,A,un_estimate,un_estimate,"UN estimate (not annual); mid-year benchmark year only; retrieved from World Bank mirror of UN DESA International Migrant Stock, retrieved 2026-10-07. The only early value for this country. UN DESA's own 2010 estimate (76,287) is -3% against the 2011 value in this panel (78,621), so treat the level with caution.",Read directly from the archived API response (evidence/api/wb_SM_POP_TOTL_2001-2022_retrieved_2026-10-07.json); retrieved 2026-10-07.,2026-10-07
CHN,2005,foreign_born,853360,UNDESA_fb,UN DESA International Migrant Stock (World Bank indicator SM.POP.TOTL),https://api.worldbank.org/v2/country/all/indicator/SM.POP.TOTL?format=json&date=2001:2022&per_page=20000,evidence/api/wb_SM_POP_TOTL_2001-2022_retrieved_2026-10-07.json,Mid-year / 30 June,A,un_estimate,un_estimate; declared citizenship basis,"UN estimate (not annual); mid-year benchmark year only; retrieved from World Bank mirror of UN DESA International Migrant Stock, retrieved 2026-10-07. UN DESA declares this country's stock as based on citizenship (data type C), not place of birth; see the known issue on UN DESA data types.",Read directly from the archived API response (evidence/api/wb_SM_POP_TOTL_2001-2022_retrieved_2026-10-07.json); retrieved 2026-10-07.,2026-10-07
HRV,2005,foreign_born,579273,UNDESA_fb,UN DESA International Migrant Stock (World Bank indicator SM.POP.TOTL),https://api.worldbank.org/v2/country/all/indicator/SM.POP.TOTL?format=json&date=2001:2022&per_page=20000,evidence/api/wb_SM_POP_TOTL_2001-2022_retrieved_2026-10-07.json,Mid-year / 30 June,A,un_estimate,un_estimate,"UN estimate (not annual); mid-year benchmark year only; retrieved from World Bank mirror of UN DESA International Migrant Stock, retrieved 2026-10-07. The only early value for this country. UN DESA's own 2010 estimate (573,248) is -2% against the 2011 value in this panel (584,947), so treat the level with caution.",Read directly from the archived API response (evidence/api/wb_SM_POP_TOTL_2001-2022_retrieved_2026-10-07.json); retrieved 2026-10-07.,2026-10-07
IND,2005,foreign_born,5954999,UNDESA_fb,UN DESA International Migrant Stock (World Bank indicator SM.POP.TOTL),https://api.worldbank.org/v2/country/all/indicator/SM.POP.TOTL?format=json&date=2001:2022&per_page=20000,evidence/api/wb_SM_POP_TOTL_2001-2022_retrieved_2026-10-07.json,Mid-year / 30 June,A,un_estimate,un_estimate; declared citizenship basis,"UN estimate (not annual); mid-year benchmark year only; retrieved from World Bank mirror of UN DESA International Migrant Stock, retrieved 2026-10-07. UN DESA declares this country's stock as based on citizenship (data type C), not place of birth; see the known issue on UN DESA data types.",Read directly from the archived API response (evidence/api/wb_SM_POP_TOTL_2001-2022_retrieved_2026-10-07.json); retrieved 2026-10-07.,2026-10-07
KOR,2005,foreign_born,231744,UNDESA_fb,UN DESA International Migrant Stock (World Bank indicator SM.POP.TOTL),https://api.worldbank.org/v2/country/all/indicator/SM.POP.TOTL?format=json&date=2001:2022&per_page=20000,evidence/api/wb_SM_POP_TOTL_2001-2022_retrieved_2026-10-07.json,Mid-year / 30 June,A,un_estimate,un_estimate,"UN estimate (not annual); mid-year benchmark year only; retrieved from World Bank mirror of UN DESA International Migrant Stock, retrieved 2026-10-07.",Read directly from the archived API response (evidence/api/wb_SM_POP_TOTL_2001-2022_retrieved_2026-10-07.json); retrieved 2026-10-07.,2026-10-07
NZL,2005,foreign_born,855017,UNDESA_fb,UN DESA International Migrant Stock (World Bank indicator SM.POP.TOTL),https://api.worldbank.org/v2/country/all/indicator/SM.POP.TOTL?format=json&date=2001:2022&per_page=20000,evidence/api/wb_SM_POP_TOTL_2001-2022_retrieved_2026-10-07.json,Mid-year / 30 June,A,un_estimate,un_estimate,"UN estimate (not annual); mid-year benchmark year only; retrieved from World Bank mirror of UN DESA International Migrant Stock, retrieved 2026-10-07.",Read directly from the archived API response (evidence/api/wb_SM_POP_TOTL_2001-2022_retrieved_2026-10-07.json); retrieved 2026-10-07.,2026-10-07
PHL,2005,foreign_born,168741,UNDESA_fb,UN DESA International Migrant Stock (World Bank indicator SM.POP.TOTL),https://api.worldbank.org/v2/country/all/indicator/SM.POP.TOTL?format=json&date=2001:2022&per_page=20000,evidence/api/wb_SM_POP_TOTL_2001-2022_retrieved_2026-10-07.json,Mid-year / 30 June,A,un_estimate,un_estimate; declared citizenship basis,"UN estimate (not annual); mid-year benchmark year only; retrieved from World Bank mirror of UN DESA International Migrant Stock, retrieved 2026-10-07. UN DESA declares this country's stock as based on citizenship (data type C), not place of birth; see the known issue on UN DESA data types.",Read directly from the archived API response (evidence/api/wb_SM_POP_TOTL_2001-2022_retrieved_2026-10-07.json); retrieved 2026-10-07.,2026-10-07
RUS,2005,foreign_born,11667588,UNDESA_fb,UN DESA International Migrant Stock (World Bank indicator SM.POP.TOTL),https://api.worldbank.org/v2/country/all/indicator/SM.POP.TOTL?format=json&date=2001:2022&per_page=20000,evidence/api/wb_SM_POP_TOTL_2001-2022_retrieved_2026-10-07.json,Mid-year / 30 June,A,un_estimate,un_estimate,"UN estimate (not annual); mid-year benchmark year only; retrieved from World Bank mirror of UN DESA International Migrant Stock, retrieved 2026-10-07.",Read directly from the archived API response (evidence/api/wb_SM_POP_TOTL_2001-2022_retrieved_2026-10-07.json); retrieved 2026-10-07.,2026-10-07
SUR,2005,foreign_born,33662,UNDESA_fb,UN DESA International Migrant Stock (World Bank indicator SM.POP.TOTL),https://api.worldbank.org/v2/country/all/indicator/SM.POP.TOTL?format=json&date=2001:2022&per_page=20000,evidence/api/wb_SM_POP_TOTL_2001-2022_retrieved_2026-10-07.json,Mid-year / 30 June,A,un_estimate,un_estimate; declared citizenship basis,"UN estimate (not annual); mid-year benchmark year only; retrieved from World Bank mirror of UN DESA International Migrant Stock, retrieved 2026-10-07. UN DESA declares this country's stock as based on citizenship (data type C), not place of birth; see the known issue on UN DESA data types.",Read directly from the archived API response (evidence/api/wb_SM_POP_TOTL_2001-2022_retrieved_2026-10-07.json); retrieved 2026-10-07.,2026-10-07
THA,2005,foreign_born,1705845,UNDESA_fb,UN DESA International Migrant Stock (World Bank indicator SM.POP.TOTL),https://api.worldbank.org/v2/country/all/indicator/SM.POP.TOTL?format=json&date=2001:2022&per_page=20000,evidence/api/wb_SM_POP_TOTL_2001-2022_retrieved_2026-10-07.json,Mid-year / 30 June,A,un_estimate,un_estimate; declared citizenship basis,"UN estimate (not annual); mid-year benchmark year only; retrieved from World Bank mirror of UN DESA International Migrant Stock, retrieved 2026-10-07. UN DESA declares this country's stock as based on citizenship (data type C), not place of birth; see the known issue on UN DESA data types.",Read directly from the archived API response (evidence/api/wb_SM_POP_TOTL_2001-2022_retrieved_2026-10-07.json); retrieved 2026-10-07.,2026-10-07
ZAF,2005,foreign_born,1513855,UNDESA_fb,UN DESA International Migrant Stock (World Bank indicator SM.POP.TOTL),https://api.worldbank.org/v2/country/all/indicator/SM.POP.TOTL?format=json&date=2001:2022&per_page=20000,evidence/api/wb_SM_POP_TOTL_2001-2022_retrieved_2026-10-07.json,Mid-year / 30 June,A,un_estimate,un_estimate,"UN estimate (not annual); mid-year benchmark year only; retrieved from World Bank mirror of UN DESA International Migrant Stock, retrieved 2026-10-07.",Read directly from the archived API response (evidence/api/wb_SM_POP_TOTL_2001-2022_retrieved_2026-10-07.json); retrieved 2026-10-07.,2026-10-07
