path,bytes,sha256
.gitattributes,2477,573c1439c5e8ba2f494d7dea8774b65865a8b33ec6ccee0c000f5c2f3d13691b
.github/workflows/pages.yml,743,03b6d27818826a331b83da9a7b0e958843383fc39eba3ffa4e891c11e7736eb9
.gitignore,914,9ca91de98de706e5728ab68e34a90ad746375b081f5512c2b8c88ac53bf769f0
.nojekyll,0,e3b0c44298fc1c149afbf4c8996fb92427ae41e4649b934ca495991b7852b855
CITATION.cff,1946,9b1071a857e65147e436b67a0ed6f8b97d004d7b57eb5590a8e61df77b17b28d
README.md,13277,03705d9f8eaf6659ac478fb7626357f2267c7a596eb88be2f77d9576bd5ca49e
VERIFICATION_REPORT.md,10349,b8d7d64a16a36a9b0c3542d8eb66f486d3c14eb9edddf9204a8b7618309fbaf0
assets/style.css,10383,b074fbc8b2fb67105b26a32559d655842cf794f30621e15427e1e7a61f06ad23
countries.html,7986,9546efdd20dfa7b07c4096b41f90a8714a822f1827d65d470e017eef291511c1
countries.zh.html,8338,54b78873faf25e87ef7fa28cb9308aa6ab729aa254dfcb88efb4b02810d51c87
countries/AUS.html,40135,000f71ebf82a0b52ea7947e8ee029d37232f07f4420ad407206ab881d924cb6a
countries/AUS.zh.html,40392,c293b3d6620bc1b0dca4b372da9581e6c8f26871cf0911d6295d5cbb51201470
countries/AUT.html,54483,510338f977ee848c02ab5d28944bcad281c3f973595d9e7066dda4825e5e4977
countries/AUT.zh.html,55309,f84d1f17c3dff7f8a18401813bdbd2a0ab09f5904279fccea2f2b0d99d8027c2
countries/BEL.html,50342,d388ddfb2a6d85e03196f73e40f56cc072a420ca0c892173abdba480f290072f
countries/BEL.zh.html,51134,8a7aaabd7f27ed8985bf2b6deda829e593b50beb9d26d16fbc339e9226298af6
countries/BGR.html,43905,a6541cfa50ed0dde8c10969b3de9f46731b716d0069570b1e2a68dbc04a6babc
countries/BGR.zh.html,44861,728f90f4f74130abefc37e50f59ba447101199d5e46c90e7aa935dc150e56f99
countries/CHE.html,58943,f7ebb5ef803752fec1f652179dcb503817296aee81a5837c35c1c61ba657753a
countries/CHE.zh.html,58485,545373c35881474c6a4bada1049595b7d8543314a4bb97638db155d78eaec0a5
countries/CHL.html,40722,09a22e480bf48593aa3d537bf5f822b5ba6901b7a3b2e44f646d1ba2fbd3d6d3
countries/CHL.zh.html,41282,6e4d3137ecce74594aacd6db6a09fc26381c8dea2abe535ca211d6105a3fba6f
countries/CHN.html,34180,dee9418fdda45f2417b807c7bfd3be2fd6bc08da1dd79ad6a54d9aceb0253876
countries/CHN.zh.html,34334,2b22c8c98e53c60a2ad91c8b461459802798924c66715a6c137a8442a9aac001
countries/CZE.html,53096,34c61b963d856b027dd5f10a441ff1819ade7752c9df628c429355328494dd76
countries/CZE.zh.html,52382,8f372086d3dc504805586a2c88000ea50295472bfd551d288f494393a31922e9
countries/DEU.html,56847,a0a4cfb1d8820657c948c90eb174856d8100ac390c9f6613cf021666debc513d
countries/DEU.zh.html,57172,93bc746964ed216eb095b04cd4e086ce6a78075212e88950a7a8943a370fe839
countries/DNK.html,50571,3d85b52d1acfef2f95aaea18d1cc4891ae596f6e35dc7d2f73c4db5de86093bd
countries/DNK.zh.html,50954,cf43c2820c0289fb497a802dbac4adfa752b95d838690f45ccb9d683f3dd308d
countries/ESP.html,56673,623cbc88d610f9de17e56297d94671eea5232e497458e8e2d27667ce08576b1f
countries/ESP.zh.html,58011,af11f32079b563572f62938a1fdf236ecddd23e5ce243ce01d9b99f83fc5d9d2
countries/FIN.html,50232,ee3dc24986504c29d2cc29691134b36aa3fd3ecd55ab8810b2cc68169909ecb9
countries/FIN.zh.html,50535,9ca289169003d33417a2b48a8624aca9ff0a9bfc498750256ab0ed7742acd3fe
countries/FRA.html,54222,44af27f0ff3a6bdf44c14b1079996233dc2ade757c42bdeb9c7691caf68de8fb
countries/FRA.zh.html,54727,4498bf2c51d08fd4161917359091dfa9b806fc3714fb2f5403810904fc5456c2
countries/GBR.html,65249,3211d0f397bf94b9865aa36e21122dc6f4cd6a21b0a61e11537bdd22eeca8c8f
countries/GBR.zh.html,64361,ff6a38bd24473157b4398ee4998e03cc6904d90eec2c274c43938f1ce4fa1728
countries/HRV.html,44440,b33a7df98507b2bff68b269bd5d7b6dc9f33a69400b4d7296556c9e47f963f26
countries/HRV.zh.html,45708,0b76ecc809c43cc5c90a4a6951f7f65da64af04519e188781c3288ca72d3cfa5
countries/HUN.html,50259,7178b535702bf2eb981f9c5d21c28d033bf2a8c4c77c7c70ec48962b214a65d8
countries/HUN.zh.html,51051,f32844e314a1bb99722bd97dad5a733301cd1c69e30f55e6fc3cdabab50a8ee7
countries/IND.html,33406,9bdc325f8dad1ebeb13fd1fa5a4d9806fb93c4f8e6ec8d507d03c22e7dd50674
countries/IND.zh.html,33593,4fa4562f3685c27cd362b79410fe7bd55d43255656084f251f9a834b9d246a81
countries/ISL.html,49201,e09078b72499f316cba196f9620b4f9f537234c20d77c0890a0fff912e20c90f
countries/ISL.zh.html,49443,600b17e4f5eb1ff03a13d37f38808c30c966a930c740c35ac7b2245ab4fe6688
countries/ISR.html,35811,1582100c017c1155d5672297fec33525b3449c372ac3dc122d7f4a3348920cd2
countries/ISR.zh.html,36681,eaac597ac370cd5e80c496f8568d149522d49299824955e42f0da1a0fafc922b
countries/ITA.html,66135,5bcfef330a7b1115d28153e1e0d5644617b0a5dcb81a52c95d278606d0ebabd4
countries/ITA.zh.html,67544,3d7e3ba44a8f76e08f1e4a617d84e21d74e5177a2f8cff26f88db383b08d1557
countries/JPN.html,48107,24d6b2b12be2a71535afb52dd5a940ffcca27a57051572b34e7f4c6b52bb15d6
countries/JPN.zh.html,48516,92cbd1ebad1a42adacbbcc74f031fd0fcb796eceb0956788ea85407ceb4e1e04
countries/KOR.html,49077,a44f2e58edc82651aa0e3c92cdd5f8f1a2c76609b525f46e3521b8a50541b4cb
countries/KOR.zh.html,48691,8b668eebd5ddb3a5e348229c092c722b559fd8a032510efbd1f44705860208e9
countries/LTU.html,49617,c33b63868c8ef189da53a3df54f63f789119ad71b37e8312b0333885f0546bc0
countries/LTU.zh.html,50226,b26a27574524b5198180d919eb7f8991fd88f9a32e621266993ba3177efbcba0
countries/MEX.html,39169,f888fbed0c0156aea03599c13e60c7d87c4c427c425d6879f0a8379b1f9f09d9
countries/MEX.zh.html,39883,b9c4d687bab855b1812862433e9bbc73ca7def881dd504ffd9141a00ade472a8
countries/NLD.html,57229,2db0129bda5a70810c1736f3127891da82c410cb0107f3ae63a2529adb0ffed9
countries/NLD.zh.html,56865,b75736c0c4f099cefad0b6cb205c39f05fd4bf5d788c4eb873e2e7a6a41ea8b4
countries/NOR.html,50072,22282d70a3cedb12f5946ca902fd3183c5ea94c0296947871ee4524f36ab8612
countries/NOR.zh.html,50538,9b219c59dd3c56257e0c0590e68b5ee19a5468c8dacc822d5e1973518ecc9298
countries/NZL.html,37527,3d68130480227d1874f0ed7e0061bb438f90cc118c37359bc71ae1ee9b1aec3d
countries/NZL.zh.html,37803,ad67029c8ea3da7a5016b6fbfc966e5be20cbed73719640e53cdb4fc2fb0c811
countries/PHL.html,33169,9d74b155cd963925e3fa61c6d451d04a25ddfebef459e6ca0fa46f477f1e9d5d
countries/PHL.zh.html,33153,21dff714b873b1df628511aa286191b79e989daa4936383f54478a932da6ec19
countries/POL.html,49280,c5bcbf28bdf1bb4b35e033175efbfbfe92fbe639319c598a421f1a12f1cb1670
countries/POL.zh.html,49743,baba9dfaaac0824d43f8c21ef1052c7afb70f1abc4bb15f49b9eec8927affc00
countries/PRT.html,55500,b385711837642e38f3e592796febd408566bdb4ee267a4a5863bc6dab67e7b4d
countries/PRT.zh.html,55959,ecfdcc01a81d493f266dc20cb06001eb0705b61844b29be568a8e6e37d5136e9
countries/RUS.html,34931,ea2b8e3b7946e9fc6d695a922a3b64dc9b52c0b2a04818b7e3be9cf3efebde00
countries/RUS.zh.html,35237,89cc708be38ef907812e0795f9798a9ea2b1aadafbc051ffb89bac57e7a1143a
countries/SUR.html,32251,d3d9f425a52b0c2aa48c5663976ebc44ef3991b73c305aee10b636c8214c34e1
countries/SUR.zh.html,32437,9b191570617bd916d4b754bfa00a394c166c28994fb799b44460ffa460d95140
countries/SVK.html,49009,ff08444c220e8f8922b9bda1dfb0b7b544c85b70c666e038070924a044d3e63a
countries/SVK.zh.html,48986,76f72f7c7b3f9b349708900c6cf6f88a10231504de7644674f796eac4d85b662
countries/SVN.html,50386,7a16e1023e6191675b79059ed311f3d8e9553226aeb754f26c1bbd424cc98aa2
countries/SVN.zh.html,51993,8c1873b40ec7d114b49b61138206d54894a0404348a55393cd36ea788a81c79c
countries/SWE.html,55806,254a160b7ca0271201c22a63f6e257cd498b741577fa01e0f600801ec2a7f60d
countries/SWE.zh.html,56118,ad28a4ac67189a9a6126e275040a9b793987fe0abb2b76f6e7f61339feeaf24a
countries/THA.html,30716,260c03958434ec3c0fc985ac236e04439bb50eb00db67a024e196c28f94402d6
countries/THA.zh.html,30714,9460eb67c0f0ee3e6227ce11f7a3b4585c112650973d6eb58c75e61abd3df963
countries/TUR.html,44423,1c56c0801c2637a8c0ba007129e17e7c7ac764ad76613f49c235aa8009c19f33
countries/TUR.zh.html,45125,08f5c401d185a403b24899087a43f96d96aea79ec86ae942f1ac911756435324
countries/TWN.html,57141,135d81b75a2f5eaee11fb5b54f75ad0d094d82e6ad0d6c9c3c13f0f2d45647f7
countries/TWN.zh.html,57539,f564ca92e8c6451c7a44a4a6a071be4ea2a7df505ed8935808a26ce0b489c925
countries/USA.html,70063,2f387afc59bdb9685bb4e45df6827e8a874e201a17a1b3e7c222a428f84bbc67
countries/USA.zh.html,69469,9dc1e8d24557e1dd2610d52dc3ff2680194ab70a0fa282964799d4cf0f0f670c
countries/ZAF.html,33051,6813574d498ec54013a765c2e6a2a6aa3df8ccc34b1f9ae6eacc30296b70ed61
countries/ZAF.zh.html,32859,4f212d5bf9f8730ffeacb5e2fa6f2648d9e16e39c710b5d529d594fb0a5d3cd0
data.html,16528,a5f7c0243f6529e6348dca937179b518616e489ed5a2e935792ac0c08ab21a94
data.zh.html,16209,3b0bb00e82903da712844dbad768901c2c36b99f4870fd152d7a5ba101e882fa
data/ABOUT_THE_TWO_WORKBOOKS.md,2730,9e07e9ba43132f2dc11eb1788df4e24b75e736f73146b450e8f31d63c9c72267
data/CLEAN_country_year_panel_2010-2022.xlsx,106214,19119f4db65c6ca108e63f766e79a2aba606ce13eb377ee500846dd6ef9a38e2
data/FINAL_migration_population_panel_2010-2022_VERIFIED.xlsx,676132,56eae432f8e01fe3837beaa1025b1f9102371e85b0b063b02c0270119081e491
data/api_publisher_snapshots.csv,3905,881c97ada14ffaebbd04aff4385aa9f7fe777a923681d6c4bb88a0f6cd69ab8c
data/api_snapshots.csv,9564,d757b08d1a397b4574a92207b2957a00aeb00dd4a235549c48df66c032fd8170
data/clean_country_year_panel_2010-2022.csv,110680,0bf298fdb06e4ec08c26a4c169706103c2b111befee4820c3b360f01f373cc3e
data/codebook.csv,8791,914644b677044bfdd052a29c5596432e8f1eb147436b1f5bad04a366b716c2a6
data/corrections_applied.csv,19464,86e7cfb26796e5b2edf92fe5eb81b56b6f1b61b8195e2f1461e70a1c35fd9bab
data/data_quality.csv,63115,14cc1284ae58df0404ad22d73e78234328f9972b3e206ba363900b60d3c316b3
data/deleted_values.csv,326,b278a3247408c8680c63f2ae8f14c6d757974b599e2f9c088e74ec10f028c695
data/evidence_index.csv,20410,6551b40711087fce002bf745866adda5e1711a89b1905cd056ba2201a835a214
data/extension_large_changes.csv,1943,8716383a93a93cf6999c868ab5e80445b4d23c8be50f97479d62cb4dcffb2c9a
data/extension_overlap_check.csv,4811,53def899123f7d9409a61f3b2319c08b880a118f22ab4c8852a411d9b697dcfa
data/extension_splice_summary.csv,3324,cf3273d8866e7f6c326ecc87a9da9373319ab03ffaca0e9e9a2ee3aa69293821
data/extension_staging/api_alternatives.csv,119792,96fc20f19afaff3208d48a307d662b6851b8068f5d1876b58f30b3f73fc43a00
data/extension_staging/api_migrant_cells.csv,320367,8cc91de7153435f2f1a9f01efeebfde2c9790fb2d711b892469a47907a75c650
data/extension_staging/api_population_un_cells.csv,356556,668a41fc8d2a082c849161a2bf72e397f5cc2d658eedddc22e630e0a3b851f56
data/extension_staging/assembled_cells.txt,710330,81485fec1c1c4e7ec01879d812e1fb3eec1b6a46405fb468bfa960f98fcf1915
data/extension_staging/assembled_winners.txt,707700,5740a321698314cfb8e475dcc69c9f37650a12a5315180e7be6401872e419d9b
data/extension_staging/commit_stamp.json,39,e890f81723c64ebc38f6cc915e6b51235e5e3d21b1eb4e2184301ffc7d86619a
data/extension_staging/national_census_za_in_cells.csv,1727,67ab529ad0ef79ae1c1de80b7d665f69003ef3d047e76c58e04fa0c75f723a7d
data/extension_staging/national_gbr_cells.csv,5761,bbaa48c5dff5685ea4265f5d5b8ec28c9524ff1ab86b8bcf0593c86a6678f6d8
data/extension_staging/national_rus_cells.csv,1835,96a86206f0e729c0803d0a9319987bbf1ed1631b3849a5cb7d8eef73abf4261f
data/extension_staging/national_twn_cells.csv,24759,fc2a975daf402b617c2e104712224dc413fd13c76afad1931bac6b878114b940
data/irregular_estimates_all.csv,224519,e898a4dce058e6a252d0e3ff23aea7828ad4876422c62e2a0475bce4450cdc19
data/known_issues.csv,26519,2afcffb565b24a956db2e98c122bf657e16ef67e0c462603969b9466ad88770d
data/migrant_stock_alternatives.csv,120266,41b55548b09f42021c7c9f86785c0ded58a67f0aa9a2c3b1b885d697d6e558c6
data/migration_population_panel_40countries_2010-2022_final.xlsx,315508,d00ab495fb8e7f720715916d5ba11faa7f169df94586d3b6ce646a9e6430ed4b
data/original_inputs/immigration_country_year_2010_2022.xlsx,67664,69c3466e0a2308ca6307ad2277b76edd975ea9df27e9dceeff4b81fb4eac1005
data/original_inputs/migration_population_panel_40countries_2010-2022.xlsx,248310,a014b0ae233f737e2ed02f4ed9cd034126f6ff4e7867521c8ac63b81caba6efe
data/panel_final.csv,1169487,5e80f65424f3d57a456b8dd8bff3288e4bb76123241a87a189f21f7b0b38ec45
data/readme.csv,3803,9d73bac2167052a17b4360db8fe9a8dc23072ad1379c945ec1c6cee0c2688633
data/reproduction_rate_latest.csv,1065,97adc6938d0851aa22cb2da6632c9977e780a3a1e2f102888b93ced53838618f
data/revision_history.csv,12209,109f92a91b1d0e984fe543d881a17c174c67e4859366a7fcdd6d59d614813112
data/source_mirrors.csv,21051,888dcec97ac21ca9553a558391372a95a5d6f18ad2601764917008679c535e61
data/source_register.csv,229652,aa5e3018be9718bfac47afa5c818bd43a8542b496ae0ab9d41272be7f653921f
data/verification_log.csv,342848,b7bb25032b27ccba3a16875a40db1744dc437b4e6ca31ea268a6d9c15b41d3b1
data/web_snapshots.csv,21714,50349beaa31d9f8fb3948f00c3a3a5ae0729b9845fb3c53434dcd12e5362f06b
evidence-pages/AUS__foreign_born.html,24474,2eb4646a176adcb606b184d386d3cd53934682ee2794d635bbfc2f4a48392f35
evidence-pages/AUS__foreign_born.zh.html,24375,75f52c505ce526c6cfe92f9d7dfa588519c3e8a824f1891349ee85a9c6f8666a
evidence-pages/AUS__irregular_proxy_overstayers.html,10298,70a39a53e54dd9d713e1413ddd757854fc81914d81e58729ef66c42d783d22bd
evidence-pages/AUS__irregular_proxy_overstayers.zh.html,10221,cd3dc114a123b253915db15a4edb5da378e685d7c176c9b8b6dbeb7025a7deb0
evidence-pages/AUS__population.html,22628,1effe5979c34caf4c24799f2826978b172d7f0463bcbee4a418a65fab4adb32c
evidence-pages/AUS__population.zh.html,22501,f9bbeba0d08e178143298c08689a0c8d6b6adf3a6b15de546dbebea9f5d436eb
evidence-pages/AUT__foreign_born.html,31063,2ab327d140d687734840186fd03d8d05e1fe9045ad43dfb45d40d7fc71509ee2
evidence-pages/AUT__foreign_born.zh.html,30971,22724a01b58ac3f38070cc9165cf8e07b618d60c59896167d0f027f1c9a3e1ae
evidence-pages/AUT__foreign_nationals.html,22342,0805a6003f394cae645febb82c4b2f7fc8d1690c13c76c851e0800b79e3e67cc
evidence-pages/AUT__foreign_nationals.zh.html,22234,4340c9d987c8557778d0a8462029d99431ad7a150f12660dd4f986d4d111e0c8
evidence-pages/AUT__irregular_proxy_detections.html,11130,0bdfa435b44441d63fb7a4a3cf5b0663d173e6735ef09a50087c7e31e2d9ebfa
evidence-pages/AUT__irregular_proxy_detections.zh.html,11028,8772cd9534f9e2b92d9efb6a093d080247710e62755a4dfb6452d404aa4b6dfe
evidence-pages/AUT__irregular_stock.html,6168,f5fdd39231059a96065804563414a20b6f7e751a6769dbbd4166ef81c0c254d4
evidence-pages/AUT__irregular_stock.zh.html,6104,e17ab68a9b3d89ccf055768678a032fb4739727e843ac202bbd9f2a6901a31cb
evidence-pages/AUT__population.html,22420,51160170ce2da7b4a2378f0012b2816196a5c074d35f9f3324c5d8d38e059d96
evidence-pages/AUT__population.zh.html,22318,cb2765bc246764de4a7e2ece0b4a76167b8df9c3f0e0e8fa9dd63498d7706889
evidence-pages/BEL__foreign_born.html,31801,a5bb67c8b415fe8f49a3eea19297f80e3180aa74d708446bd5d7f5f5b52683eb
evidence-pages/BEL__foreign_born.zh.html,31708,a6bc9dcea9fc97d92791934ee664d9f9f2a7c3b6c2f9c74142921b9edb28a856
evidence-pages/BEL__foreign_nationals.html,24516,8852624f2187b099714e39ec99a67e8cedbb5fc87f532a88cf61eabf36a56417
evidence-pages/BEL__foreign_nationals.zh.html,24412,33a73c92b52f084d057e58c8b25646d4910e86f0b5bfb91d55696a70010b8906
evidence-pages/BEL__irregular_proxy_detections.html,11126,89ee2a2f1145b5d87dd02d9e1e405456d18f868bb17db4598d9f9b5b1faffd0e
evidence-pages/BEL__irregular_proxy_detections.zh.html,11024,0b14cca9d51d789ddcd89d6abe9ac1f8f1ca7cc2f3c51e14dc6b9d0c6c6ce8ad
evidence-pages/BEL__population.html,22618,5d97ef4ddf9374b6c5e8bd7feed828d5b343f8ce0ef14d9a8927ccef06c3c77b
evidence-pages/BEL__population.zh.html,22516,715b7581dcae860eaefea7bb520f176393bb6c8e5ee3eb66aec51f956aa7c276
evidence-pages/BGR__foreign_born.html,19944,7b9d3168ebb26d6a9b70a5998debabf375e45fb7f38ed27d7bd8d4f0dc95ed99
evidence-pages/BGR__foreign_born.zh.html,19862,51a5e451055cc6d59627df0c9a5e93760a003a5a604dcc6af0a7977af722f818
evidence-pages/BGR__foreign_nationals.html,17584,7e04f717308061a853a0743d403c49d7faa40c8378ccaf1675d06be8af85dd50
evidence-pages/BGR__foreign_nationals.zh.html,17463,4f2212aa054bee0fda1cfb1574fd070f129f19f5b3e124001f70f6667f1f0292
evidence-pages/BGR__irregular_proxy_detections.html,11079,e09bac9f5a33269d4441cd73bcb3427d5ac1ee839fddee99748ea8c84a779f1d
evidence-pages/BGR__irregular_proxy_detections.zh.html,10987,c869d7f12141f277459da0abc8d1a34e8176465f9a559f416790d14085e32cb7
evidence-pages/BGR__population.html,22425,705dd4590622883ac831d6c52408a7c530e2e35a084ebbeba1ee8574639e4642
evidence-pages/BGR__population.zh.html,22333,41aa26884daf0d8bb1dce6cf62385e62cf75a7f67b055e39489144b4689fba50
evidence-pages/CHE__foreign_born.html,20314,7352bcf4636091a823cf07097583ed177c6110009917a6509c79bfe02788b745
evidence-pages/CHE__foreign_born.zh.html,20191,a36a6da34009be0d9babedbd19ab056f992da897025fc51f4ca3296ae4b0900c
evidence-pages/CHE__foreign_nationals.html,24233,e90b250bda7b99bc2a96d3d6dc820c4b16b1e21db8c20dbc7564e9998748d468
evidence-pages/CHE__foreign_nationals.zh.html,24093,ddfdad8276c7ca5fb6ec39214fae237745329f09c74d83ceaf8d3cd644dfdb5e
evidence-pages/CHE__irregular_proxy_detections.html,14689,93fd4ee627d09509fbc9771a149a0e9f6b7b08c04c7f330e510014f9a77a40ed
evidence-pages/CHE__irregular_proxy_detections.zh.html,14402,00b4a6faeeeada584bcfbc16b9e8ac9c6d6be48ba00b8ba6e9018c1f29ce91cf
evidence-pages/CHE__irregular_stock.html,9727,4265d3d676da3557a492628105bcd11fd05aa8c2b021ab195a7453d1ba1aa82d
evidence-pages/CHE__irregular_stock.zh.html,9597,36f15f7c3d32dc9d858e38838b7b0139356098223b5d14157ab41b6a6f781b23
evidence-pages/CHE__population.html,22440,e17ccf27980eec3377a60d9e0ca9a09538acc7300678e938e295d9610b48ec42
evidence-pages/CHE__population.zh.html,22303,f3b192330c7c88ca294e66f901cfe69dd3fd4a35c6d289d522451a7b33858286
evidence-pages/CHL__foreign_born.html,24530,07b3aa882b7ce658d322bf11244ae430f12b4d9683298361807a85c3a498648a
evidence-pages/CHL__foreign_born.zh.html,24456,a15646facfb5a1ade79ab5eca7ccc2f02c51e7442cddef8205ed333ae95e9b38
evidence-pages/CHL__foreign_nationals.html,11979,b601fe400a81aab4a815b1f137c68d25a22f51de82c004b4ee3f8f3c5a9d46ea
evidence-pages/CHL__foreign_nationals.zh.html,11892,3e258aedff578857e9b5ca95cb80e986bffe711312798862e70335dd4dba6867
evidence-pages/CHL__irregular_stock.html,9166,76cab458804b17eee1a0ac1dec82da7bfac0c2678ce4738be60af374945e4134
evidence-pages/CHL__irregular_stock.zh.html,9079,a28b6ec49e8ef66e9c07c75dcca1e326efb4efa0db1e4c95558e02ba950f7e14
evidence-pages/CHL__population.html,22608,30f0d0b83e47e618b5187ca38c511cb99ae288230fd883ee4df948028b6426ba
evidence-pages/CHL__population.zh.html,22501,b7741611b217d4d41aa87f609fc01d822c4063452d68406a8eb1d7fddac130fe
evidence-pages/CHN__foreign_born.html,10719,aa168c2f3514fc9865e66d50fc9e8bbee3744a5837b1d92d1bf5d5d3b729d584
evidence-pages/CHN__foreign_born.zh.html,10688,77e985205337c13adf193f98c563af84ae9f5ea32815f296df809b0b3d2a6de6
evidence-pages/CHN__foreign_nationals.html,10497,49b150afdad6f9ff054d3a71e35014c799da45e00fed6301881cc45600433748
evidence-pages/CHN__foreign_nationals.zh.html,10391,ce1e5a2066ba4c5a8bffddc014c1717f431495def9915817d0e9b6ab0378c523
evidence-pages/CHN__population.html,23202,e17f736653f79fcc105fd2081f1dc74f01086b285bb10085e5686e72d2e174b3
evidence-pages/CHN__population.zh.html,23095,47fc737435713d73ec54ea9b99ebe9b98fb4b67469a960cc08042e38ce87ba2f
evidence-pages/CZE__foreign_born.html,22628,21adfd67b9a889ecc8458e44a4d518eb4d48e5c72a416f411911aafd4a4d4076
evidence-pages/CZE__foreign_born.zh.html,22480,0fcf6837271d871153c9a357e8624ba82323a13f270ddfb97eed464ab40b4b58
evidence-pages/CZE__foreign_nationals.html,24099,b9678b07ed33ea43c254eea4b9206e8259d325beaf3125f26ef746afda377758
evidence-pages/CZE__foreign_nationals.zh.html,23942,1743f591331b7f8dc2a1d1c1962dcd2639c792f87dcba97fad21f0add1ed5536
evidence-pages/CZE__irregular_proxy_detections.html,11117,5ec4b4c2fdd7c30643ba0517612b5cd895f8b192eed81a05590871591b9e2c2d
evidence-pages/CZE__irregular_proxy_detections.zh.html,10965,a789c9e2b6344ebeab753a8e263395b9b70b83686be41ae269677cb39296cbb2
evidence-pages/CZE__irregular_stock.html,6203,5b9157f3014bc1a652062ae64a90166294dac372f297fd187c3268f3bd7551be
evidence-pages/CZE__irregular_stock.zh.html,6089,53d44695ab6a8bea9e4f6c9af65f0765a227e2e6898d0c0598fc5a7c29db3c85
evidence-pages/CZE__population.html,22653,7c49c9cdb60de9eecee95b8653b6421ed89aa977d2a3e55b4d05c4305bf717d6
evidence-pages/CZE__population.zh.html,22501,80a65dfee4927e2e491f46d4481cf9d9d54bf6819d6c5c7c3fe246ef56203e46
evidence-pages/DEU__foreign_born.html,25487,71152d3e2215f3b6db36140669ac3badbca38e94b754341a5287476c639760cb
evidence-pages/DEU__foreign_born.zh.html,25383,048b224834d381502526e712397af2b93ab56b94209a288269b22ef6cc82b74f
evidence-pages/DEU__foreign_nationals.html,22870,888dd56c2793827865b9a5c39605f2f2c628460640c877dff9414c8cdca25bdb
evidence-pages/DEU__foreign_nationals.zh.html,22745,84fcdfe45290f220a425c38ab9f236b13f5b0f1d1458b71af4121eeff72195f8
evidence-pages/DEU__irregular_proxy_detections.html,11162,70982c1a0ce3e7e685fb9344644a1373fcfbc8b1216949da55a0c7832bf6a9e2
evidence-pages/DEU__irregular_proxy_detections.zh.html,11045,43413e3d43f485dc29c1dd225ed8549c8d45930d7a429d61db0bda7108e94ebe
evidence-pages/DEU__irregular_stock.html,8319,21313fa5c6266ad6b359d5e36b0d9015c6f2af33e4e73fad7a944a81cfded4b7
evidence-pages/DEU__irregular_stock.zh.html,8216,496454ad6072e89523b4cbf07d5899761c207847813f35d7081fca6839ae9763
evidence-pages/DEU__population.html,22618,61d09ef07d182361a4375c503c255702179a8549601eb69a7e5c6875a6204f67
evidence-pages/DEU__population.zh.html,22501,87c903d50095a193d6cb9778d143148b49656031544e516ac017ea38d2333911
evidence-pages/DNK__foreign_born.html,32219,5a0f6f370abf28e1f4ebc880d793d420d9e6a2178224fdc179a45bc16af51481
evidence-pages/DNK__foreign_born.zh.html,32134,e0a6db31be3f9085a949ce7eeae2f35bfa28fb535a85cc0a1b2d8e8fb4794d86
evidence-pages/DNK__foreign_nationals.html,22180,02980e667aadb3671c17813a3c0f64328af965a02fd0224ad6565b06a2dcb323
evidence-pages/DNK__foreign_nationals.zh.html,22057,ec3f7c5993c007f01c52d32d0f3688baa9b296ff459d08a183ee3c1c6c2a13d7
evidence-pages/DNK__irregular_proxy_detections.html,11010,f7be8f2488262e43c12be13d5f71583556cb4ab2c8f64d33efa976e551a02f77
evidence-pages/DNK__irregular_proxy_detections.zh.html,10893,ef84b502e9cffd43bad7fbaf072e260289338e623963751244b6c748e5234732
evidence-pages/DNK__population.html,22420,2c5dd7922fd62f01f2c7af701797bf112fa00cc1069bae8b76afb7de38585894
evidence-pages/DNK__population.zh.html,22303,44c22a948f10f13f84a78b0569dc96d791b807d62b9035e76e8f7c782b037ad5
evidence-pages/ESP__foreign_born.html,27858,37f0eb9343141857cf133ddff76a3b0e100ab0bdfd2c400c9c46b451c8eca735
evidence-pages/ESP__foreign_born.zh.html,27788,d916a473e2ad8aaff7a3ad4c8bbd768de2573b7dedc73fd215ca8e8bb1c78e13
evidence-pages/ESP__foreign_nationals.html,27923,94d7954fd0d0dbf7e9b071029517935de923346e9e7679adc6cd8319bc682a97
evidence-pages/ESP__foreign_nationals.zh.html,27821,fc092e012d002adcf7b0b9d1a7685bb54e4c64ed4c521069f7321de78aba4986
evidence-pages/ESP__irregular_proxy_detections.html,11116,190e4c779aef3fb7fc585e1a969e658dbebffe441656986043bd791f40ade016
evidence-pages/ESP__irregular_proxy_detections.zh.html,11024,13eb6b28c1f45c741ae32d4448b9a6b0b636c26517d5d208f0e424f6925c3cff
evidence-pages/ESP__irregular_stock.html,9592,98c4762e18100844b1d5d536dfe48bf816e7b5a772c0d42eb4fee734456fb4bf
evidence-pages/ESP__irregular_stock.zh.html,9512,58d13a9b8febba7e46ff6959b604bb508088e343075536fd6f7764411cf9b779
evidence-pages/ESP__population.html,22608,2d707a973d9b5b065463e7cf01c4f53ef52e627d0be258c30c3be0bb9df31e7d
evidence-pages/ESP__population.zh.html,22516,10487d2b5132103a8f23832611babfde46e6e3699e9e0cda2d530102a6391ab1
evidence-pages/FIN__foreign_born.html,31235,6fe6fbadab6da743d32d7b386de7035f9e14f12a71b665b3cbb9c91f1468effc
evidence-pages/FIN__foreign_born.zh.html,31126,88571d567e68de16b5886970f6fcdcb4cd37facf528687f87e32865296fea76a
evidence-pages/FIN__foreign_nationals.html,22162,d97c8da9ebb80f1a613e8a3cc53358e08365b9b334d40acb7c899c1943bb8362
evidence-pages/FIN__foreign_nationals.zh.html,22039,0672e0ad8995620fc96e505a33276684b9fd2cb18db39bd90290d730b5c9a442
evidence-pages/FIN__irregular_proxy_detections.html,11070,82a42ae706e2fe0a14915ff73c851b555458aa8a91ced7c1c63a472ec4197a65
evidence-pages/FIN__irregular_proxy_detections.zh.html,10953,18aaaa89105b5ac86d75f3fc6d85f2b585403aa2c81eb2fbae793fbf5f91a0b9
evidence-pages/FIN__population.html,22420,5eb1ada9912f9228f0d9786b46f870ee74b5e4960e8dfa38e8e3006a18fc18bb
evidence-pages/FIN__population.zh.html,22303,54d0187b3f5493a387cf0f0cfa43c778dc4e9e64c222085f9b06d2aeaeeee5c0
evidence-pages/FRA__foreign_born.html,24069,2aa80334846189692095135b741e58e34244d789e6103a290cafa13fad31d56f
evidence-pages/FRA__foreign_born.zh.html,23966,e7ed7cb5d8aa1ec98e9b9aab42015f767b8c30799a9c17d3b21a30ddb9b44bcf
evidence-pages/FRA__foreign_nationals.html,24335,e473952a9e2bf8bd4fbd8443b800c0184fcd578e394521d0730e1f7e8bfff21a
evidence-pages/FRA__foreign_nationals.zh.html,24204,7a08cbf8f1038167fd1e5a94e84f6d671be26a5618434ce40fe10d66a4c55824
evidence-pages/FRA__irregular_proxy_detections.html,11149,e1faee0636a73a6af8f97dfd64f959e5ea4f1bbbe4f51a32642a0615b1f7325e
evidence-pages/FRA__irregular_proxy_detections.zh.html,11037,19a87af045f93138d0d4c6f7e1e296b3d8b373b47b6d6d816cd2162f46d00ed7
evidence-pages/FRA__irregular_stock.html,7774,d60e4b93ec02523fe96b44fec38cf73bb3bbbaceac82d8e530da43a620016c6a
evidence-pages/FRA__irregular_stock.zh.html,7680,e280756ca313d205783aa10b97a76edfe399dff5fe5615a79d15823f8c43e958
evidence-pages/FRA__population.html,22613,7eb22c15d0ad3051566ecf8fe72c03bcb82aa3a4c49726c782d5dcb9b118bb71
evidence-pages/FRA__population.zh.html,22501,537299733e89739882247defc1965960a5757ecfa4b43de735aa0c7e6f594c42
evidence-pages/GBR__foreign_born.html,37613,acac38ee77d175e1f137986d2acfee1efd1f9566bd561a46c94fc4d6f286f243
evidence-pages/GBR__foreign_born.zh.html,37361,8abce90225a1d4da0d8566f236520ec11ad75d1e569e1d0735710ddc2c01dab1
evidence-pages/GBR__foreign_nationals.html,31890,8b6555723689983a8667fb59b133d7477f068bc5edd1663944507a9396df8da5
evidence-pages/GBR__foreign_nationals.zh.html,31707,543b6573d87f2ec571384c749841d64c6f4a0a4c8d8f54b3516eef6086ac2b14
evidence-pages/GBR__irregular_proxy_detections.html,9916,0799226ecaa30d1d6018b999d81ebec5e7a28f57f1e2de74c63df331fa7be442
evidence-pages/GBR__irregular_proxy_detections.zh.html,9782,a8cda5167928c06f66bcc77b452481c71922ae91431386fcf0e057165bfa41cd
evidence-pages/GBR__irregular_stock.html,8488,e4b68551ba3f1686f3fbfea868cb5b592624f9f9e863ab3d3a941f9a998782a7
evidence-pages/GBR__irregular_stock.zh.html,8360,20cad96cd546d67ec5b84f28900d31b35efdb3bdaeef6be87dfdbd8219251322
evidence-pages/GBR__population.html,22653,c44b0f1e3bbf8fc8f2da7e5c6624362e165215f337c17260c652289092cda50d
evidence-pages/GBR__population.zh.html,22501,43f7332254ea8dee97597fbd047a7702fe7dbef34b346cb717c6baf7ee719a28
evidence-pages/HRV__foreign_born.html,21260,2931d10308b5e1b4fa845a0d594b8e43e7b971c3460784a34948dc10edfc0c45
evidence-pages/HRV__foreign_born.zh.html,21182,9152b6f0f359f23eacdad137eb870b0fdb763b92eabf06be42c79a593e0c992f
evidence-pages/HRV__foreign_nationals.html,17462,c0b8d5d3997fe70a5b0cbe18127246527a1c6c726963a643e113df122740eaca
evidence-pages/HRV__foreign_nationals.zh.html,17354,2f7e802f82afa6651c5cc12ff97268c7994ce3acf7ebc2857141932869718db7
evidence-pages/HRV__irregular_proxy_detections.html,9837,9cbed255037aa7b119ceb852b93b5d97ac8af86158c7fec7ea3d2822b680aa9e
evidence-pages/HRV__irregular_proxy_detections.zh.html,9783,48d2abc149a1fd587293e7822cc544893b84a51f1a2d9b7eaabb5e7d44f0b7cc
evidence-pages/HRV__population.html,22420,a7433dd6474d3b4674ab8a0433b010d5e6bfc638461fca6c5349e30418299ad3
evidence-pages/HRV__population.zh.html,22348,824996579a6d6f265b2c1ed97a20150e6ccd6e58be7270dbb079b4fba65802e1
evidence-pages/HUN__foreign_born.html,31447,11bcb4923b4038ef088d98167c8e0d3a6593519e0ca4c953e5be1069ba3f251f
evidence-pages/HUN__foreign_born.zh.html,31351,bb965a667ab2e39afd0e4e21d4b6b72873640f413e876d210e807e0e9c79eb04
evidence-pages/HUN__foreign_nationals.html,24250,50a39c695de54da5395749bfbb482d80ca36d3bff2f72b6a076d562fd033687d
evidence-pages/HUN__foreign_nationals.zh.html,24141,2e1ae8a6ff0655d1625019cabb273591283065cca9b930631f6900040746523c
evidence-pages/HUN__irregular_proxy_detections.html,11130,6f65904014132d79289b6115b5d0411d85a6b7518a9bfd4a94418129edbea878
evidence-pages/HUN__irregular_proxy_detections.zh.html,11028,ca7e648d1a17e357130c2a3321aa78596f8090fb6b1509901c2bae6fafa2ec17
evidence-pages/HUN__population.html,22510,b2f41bd309d9895e94ab0c95ca97032e84947dfc64268748f22ee3069e53f0ed
evidence-pages/HUN__population.zh.html,22408,047bc39a097321566ab33746841fd66abc4bfa547e4f563dcfcf12c7cc6b9bb2
evidence-pages/IND__foreign_born.html,16408,9a8373c7516bd23efd9542fc703732bfa41ac9f0046f92ca6bcb3530ed5b8396
evidence-pages/IND__foreign_born.zh.html,16326,ba18dce2ef44c993408d4f3e55df4124e02b72d6951ab0356d97c12c7794989b
evidence-pages/IND__population.html,23202,07edac06ad30476a19826138938d473a5739d6de8d3c49ede16cde04eb756ac7
evidence-pages/IND__population.zh.html,23095,4bf840efa33cc4ae642b3a02779d42e0aee8eb116f225a267ccfef670134bbd5
evidence-pages/ISL__foreign_born.html,30525,62a312d4f3f5602b9df7f33a53858028c31dd60fe15ab1ea47739bc747b694d6
evidence-pages/ISL__foreign_born.zh.html,30418,f550c5d16536045fe39271440991f9fe161f1ce57ff7fca7b568f01da062d002
evidence-pages/ISL__foreign_nationals.html,27361,f318ec6afeefbbada581da0535a5fa0a44bc2be063e66e830c4646073752d0c9
evidence-pages/ISL__foreign_nationals.zh.html,27234,80dab6128be88ab0c76f7f678c4fb5c866e63bafef8a128394f774d7afa41783
evidence-pages/ISL__irregular_proxy_detections.html,6711,f95d688b42778d1af65785e349abd3df188e02adc34b919d5ccd1824bc8b4407
evidence-pages/ISL__irregular_proxy_detections.zh.html,6654,9b7fe22f4b35f1b2895ed7e5b824a56f3f2afb7b0def9df677a26add78139294
evidence-pages/ISL__population.html,22024,b1ee9a99cf3f9de1ee0e62dc9c0d641a37cb9fb0b507ed0f3c2f87697bd63d0e
evidence-pages/ISL__population.zh.html,21907,630cf5962bb33ef180eab284235ba195ac368c88fc7d90745517334e639ffcaa
evidence-pages/ISR__foreign_born.html,24371,d221bf321a3ad09ed697ad5a18c53a4a3e8bbf3d1a38d35ee598f00d3ccfab08
evidence-pages/ISR__foreign_born.zh.html,24302,f540e9872e17b94e0ce5abd986242b95fb61eb417b6e5b1078cd411d46d662a0
evidence-pages/ISR__irregular_proxy_overstayers.html,6449,e80304557daa691314a3b09ef36e2b1e59aeecc4aba60495257c6736e76c272a
evidence-pages/ISR__irregular_proxy_overstayers.zh.html,6455,5ad4466961d18dbe4515eb4008e9d990eda92a75f79c47bb36d63677b8bf6aa8
evidence-pages/ISR__irregular_stock.html,6760,ba1f2cea6ba46412889f65399045c73954db6b00c62f1f84e555340e8189753c
evidence-pages/ISR__irregular_stock.zh.html,6734,b0121da4a915531547d354a471b58450960aaf12264f494ae124da9ba35f3dd1
evidence-pages/ISR__population.html,22415,b66bb6bd73e5158ff4cb622604afb65e93ead7fc6267c29a8b4d428134ab4fac
evidence-pages/ISR__population.zh.html,22318,beb2e5e4d1ecdcd637740eb69430dda8c1d7c7216d3241341515c29b3ab2e776
evidence-pages/ITA__foreign_born.html,23594,8885d62e47c3ffa9ed25a47a0987a6e362a2a97692bfdc532150f7826f2dc988
evidence-pages/ITA__foreign_born.zh.html,23526,bae527281d0226dc16de4226fe19b347100d5921289a48234e3b02ca77572b7f
evidence-pages/ITA__foreign_nationals.html,28148,0988e10ca086ce9780227e2987d1470745d66d0103829db3f6ef5134d85841d7
evidence-pages/ITA__foreign_nationals.zh.html,28045,cee6092bba8c4bc900609fd17316a4cb4de2a0211a965667d4b5071bdc958d67
evidence-pages/ITA__irregular_proxy_detections.html,11120,fe044526c29bd46135847cd766a66cecc8ba78e37df337033f553a25c01d1a44
evidence-pages/ITA__irregular_proxy_detections.zh.html,11028,e70d0df48324c6579dede399b2f5c86bf9428b7c94248256d3723025b18727a8
evidence-pages/ITA__irregular_stock.html,20300,f34407e2f7c3fed3887e879603c5a4a52afaadf8bce8d7e78404e523c103577d
evidence-pages/ITA__irregular_stock.zh.html,20119,59c247578e21fed4acb56812378652771f370d7bac1063d3394fe0f098e4156d
evidence-pages/ITA__population.html,22608,91c0b2627a69e9874a42b628294d2da2e524461e21d8462fae075d32406f1dbc
evidence-pages/ITA__population.zh.html,22516,512cf979a21af696d2f0a9cee42343e44678d5550f71ddc3b7306361e13a4cf4
evidence-pages/JPN__foreign_nationals.html,24618,45e7a9cdb2c7415d5676916d814dba5b2ed686b6c3671cd1e878ce4ee69cae16
evidence-pages/JPN__foreign_nationals.zh.html,24507,8c88081a00d31ed7005ee5d832070ab1fa2c90e5f601092b13f6abc6426a7d97
evidence-pages/JPN__irregular_proxy_overstayers.html,16742,e689352a1a9fb585b21af9cd2ceceea4d4a22bf921529dfb337ed3a73f0ad18d
evidence-pages/JPN__irregular_proxy_overstayers.zh.html,16635,53077a3d9025d36d039b7695255bd972a6d2aec1675a763ba5ac964edac03ae8
evidence-pages/JPN__population.html,22806,8210df1ce30fc29226a0d04f69a56dda43460679a2efc6f22f6767ccc23e395c
evidence-pages/JPN__population.zh.html,22699,047d3f51c159c4858c1b9927d08ac6492f4ff7e23fdc3a73cc9d93e4f5b05b6b
evidence-pages/KOR__foreign_born.html,10576,6e7faf609463641e4909545fa1774660e91a31b72cb296513394066833f204c2
evidence-pages/KOR__foreign_born.zh.html,10499,b403e5d18e57838c438d88f82bdd9e1a93143472f04008183a7762ac78ed007c
evidence-pages/KOR__foreign_nationals.html,24086,c932f704c23df16de6ac149a80f2fa429c494c1f755c88f4b3d3cf8dbcb88c77
evidence-pages/KOR__foreign_nationals.zh.html,23935,37a3ac8743828280234a9f33d964f2e6958d6b40cfbfc8f2f7218ca507e6280e
evidence-pages/KOR__irregular_proxy_overstayers.html,17623,654b8f8c613dfbdb5416a6fb2b161a3fc1285c36575d97f2e68eccccd69fb349
evidence-pages/KOR__irregular_proxy_overstayers.zh.html,17476,002623ad0b99e533016a80391e336bc8af25f9137762ce49f956e1469681688f
evidence-pages/KOR__population.html,22648,0038d3b728186881fa4eb206b8f3a8f60fb444c24d1dcaf7d76bfb30a61cdacb
evidence-pages/KOR__population.zh.html,22501,2ac57d21416c51a715f4180c753e666afe19d98adcdb2c1508b992fa6eda0f72
evidence-pages/LTU__foreign_born.html,27607,cf99467a8e46882428b9895e466d65448abf133e22252e2b6eb2e0e64b588c02
evidence-pages/LTU__foreign_born.zh.html,27520,6287b5128381d29092c38581556a8ba6cf3784427beca65b4456ffba5aeddb2f
evidence-pages/LTU__foreign_nationals.html,22233,7dd8f089f169b68976540d5e30635037178bc9da59db57105acb5813baa32418
evidence-pages/LTU__foreign_nationals.zh.html,22113,efe9f4db800a21552ea648a7b7c11421bb113a7e9b4adda52b5ea15955fd8a59
evidence-pages/LTU__irregular_proxy_detections.html,11084,f66bb0fea26e7450b73f2305bb6e5de4f3f097ab6783fe6a7c034c93e738e316
evidence-pages/LTU__irregular_proxy_detections.zh.html,10972,3e1f73233401160bdac57363e5248eaaf6a7261bfce7b502d76738b4643c21c5
evidence-pages/LTU__population.html,22430,0710f4bfa66fc7611b9c214fb024fa8cd0594f45808d19b27717b0beb39b8ac9
evidence-pages/LTU__population.zh.html,22318,023d70f46e17f0e246a562e4a1f7b74c54067aebe23796743373682c8793ae02
evidence-pages/MEX__foreign_born.html,20264,2557665008d85f8e7ca2e128c5be27125fce885186df59b4e85c178910ab48fc
evidence-pages/MEX__foreign_born.zh.html,20212,2c5b274d9e4cdc20dde1f254c032727b7137bdba4c173e79683793dc52fe2083
evidence-pages/MEX__foreign_nationals.html,16630,e4d03606bd4f36f8ad54ac223c2f8d305be1a98c75a3370385d68927abdd4f99
evidence-pages/MEX__foreign_nationals.zh.html,16517,d304bc9392d28a0b1e653f1628d79f86b7e81e33c2854fbb994795c4d6d4ea72
evidence-pages/MEX__irregular_proxy_detections.html,10126,9e08831e86494f0d7890a0224d6c0b865e5715576c48b2ac1f7d224618321fff
evidence-pages/MEX__irregular_proxy_detections.zh.html,10037,a6a47bda4a4e82834cb173b257cae6c5c8e115b61caa21050cedd7ad8c90a3d2
evidence-pages/MEX__population.html,22811,5b189579940760e79c2b9a221e9c392b68cdf72799e8a473ad69479985b63a97
evidence-pages/MEX__population.zh.html,22714,ac93238e39d867b70339cccde4e2792ab6955ec52ebf787b0f2fcbe7560c9efd
evidence-pages/NLD__foreign_born.html,31619,7e7685c0a08e07e28f64a91d589c94cb2ff470900617ec92ab6bc2876e47c761
evidence-pages/NLD__foreign_born.zh.html,31490,b761827c5f92d84e37401e84cc68939fa4538bc47a7cf414c9feb1e75677c624
evidence-pages/NLD__foreign_nationals.html,22272,7f7beb4f504506eeb26108352d5dee32c2ebb60a0e76824c536fa54c6a8f879c
evidence-pages/NLD__foreign_nationals.zh.html,22129,f45fcb164e7d035744a491b55e4d227a9e298775dc7f1783db91a36b2eff773f
evidence-pages/NLD__irregular_proxy_detections.html,11094,ab0317d105ec004ed8ad99f1b0e879fb0fa7a8b7817075c2b03999b3f603683b
evidence-pages/NLD__irregular_proxy_detections.zh.html,10957,40136466cbfebcbae4c62c489271e26a98a235e516c0c940bbb79730023b98d8
evidence-pages/NLD__irregular_stock.html,14473,337aeadfbfce941003a23873cb425cc64cff10a84bc73b73961dbf6cfd004470
evidence-pages/NLD__irregular_stock.zh.html,14302,246de3fb197d666883b7784ca873d34b08d3d46e9d2fa0a2a215be2f42b0744d
evidence-pages/NLD__population.html,22638,5ee6c7ccd34c65e8dac5f608f6356321474b66ebc737df02c2af17e41840e7e9
evidence-pages/NLD__population.zh.html,22501,23accfe47b7eea4bb227f1c246aca4d8e91dd9382f1d3e4811388ecf93bf61da
evidence-pages/NOR__foreign_born.html,31230,434ade1bfb232cb61fba20ee15de4dee2fbee43e97b138475b3e4e4e759d3d42
evidence-pages/NOR__foreign_born.zh.html,31126,5b1d544aaae2bc9d3cc484c76e1aa266ae81b30c25cea02aa622e600ad47fbb6
evidence-pages/NOR__foreign_nationals.html,22175,ea6970541cc2ef98aa28b69de6bb5877cd21aed4d0a62574518c28a0c5efed5f
evidence-pages/NOR__foreign_nationals.zh.html,22057,ac9e916161ac72a0440d8f927da26584e1eb6979bcda6925c68d208dfc9230ec
evidence-pages/NOR__irregular_proxy_detections.html,11069,2c44a4a2d9171e5168913312ee9ad8835ee6973a8b500cc7d06a3125605bce6d
evidence-pages/NOR__irregular_proxy_detections.zh.html,10957,fa7707658557128f7809365310a9502b1ce41297460359fe60974794c56b0f76
evidence-pages/NOR__population.html,22415,167744585fdc45a478bc0158710a964c5321506f225178610c6d033c173daf49
evidence-pages/NOR__population.zh.html,22303,115f615a8a658a379cefd441ff70e03cdb74a84683a4c92728457eb5e3481fa9
evidence-pages/NZL__foreign_born.html,18494,85e60045f01b661fe3e9d7570d1454f0a47c50f3e9ad6af409adc5ea26e4455a
evidence-pages/NZL__foreign_born.zh.html,18429,73e7e901e28018b4c7e65cd26550fd30d32b002b24569966f0875c832a790b03
evidence-pages/NZL__irregular_proxy_overstayers.html,12222,c1fca5aa0d5712321cfc7a033cdd8ec5255bf7207f2cc398f27e27259c4d4324
evidence-pages/NZL__irregular_proxy_overstayers.zh.html,12127,2633b99fadcf41ad1f10094f54140bd18a7670cc49c273b30fda1da50f77ef75
evidence-pages/NZL__population.html,22440,23760c56b064f7a814e1ccf4f25c9099f530c84d68fc670d18c765d47b2d639d
evidence-pages/NZL__population.zh.html,22318,eaf7ab4f0a64726aaddfad1e1d79e1bb3f5ac39b5fa8a567e1d64bf38eef0035
evidence-pages/PHL__foreign_born.html,10466,06a6c2231300277672d54367e2a8ef7fbf37ff3e07a92356bcd762cfd6881603
evidence-pages/PHL__foreign_born.zh.html,10422,4485801318dc51c570ce82f5655cbdda87f391e2eb668b0b81518092084625c3
evidence-pages/PHL__foreign_nationals.html,8938,03fe990a58d547bcf9d1a17a11903db9cfd547f62b3ebcc4f1b6877713507f76
evidence-pages/PHL__foreign_nationals.zh.html,8821,e8a51a20b0021284fdadf37fb3103b5b467e113f18d5392dc3ed8191a7d7b158
evidence-pages/PHL__population.html,22737,a8b9e363fc8f80f8ef738394eb36d3d50dbf047f2791f5eed0bf2fa88c3ff9e3
evidence-pages/PHL__population.zh.html,22615,540ec4dfbe2027e63e3ee81823e0bf21bf2e0874f2b93b16b2069b688e082ba4
evidence-pages/POL__foreign_born.html,22468,034948aa4ad72046f0d93901ed1a0cba58ce5543263f6003fe23195f79d4f9e7
evidence-pages/POL__foreign_born.zh.html,22373,a9080008aaf8ee23a3c09d80cf91b1e49fc862769ce50f6ef60489081212766b
evidence-pages/POL__foreign_nationals.html,27794,6b88021803bae525923091360a3252754bea8d9b24f6cc0380654659a52163f6
evidence-pages/POL__foreign_nationals.zh.html,27689,207ab4cc33afa954032dd844f27b183a6d94c783b1e09a90386f8fb3946df0ac
evidence-pages/POL__irregular_proxy_detections.html,11105,f2619f5e125084873a7719f7ceccd2f29a9a24f1cf7d74aa590a34a6821a825e
evidence-pages/POL__irregular_proxy_detections.zh.html,10993,3fe07c163fda278025ac9a4774666da0cef0b574bf1529f7f01836162ef342bc
evidence-pages/POL__population.html,22613,80c2180ef5bfed775ac4628a18159b4d84bb78c8969b54489197c104a2fd2851
evidence-pages/POL__population.zh.html,22501,783807d202e6cd914bc0c8e8e5b7697538d16394a9a1af880fba8208e745d074
evidence-pages/PRT__foreign_born.html,22765,b1abd9ce9a5c5060077895bb6fbcde12a3b37ce4370b1b093ed0f0a0f79bb1c7
evidence-pages/PRT__foreign_born.zh.html,22660,b2f983f739e5d5e8534a6f66f7eeb374cca6b5ac9f4923adf8af9a1b3956fb66
evidence-pages/PRT__foreign_nationals.html,28548,d5f1b9b3b6965ee01ac0573fb53f6d10f10a7389895c9d0f437c38a686de0f5d
evidence-pages/PRT__foreign_nationals.zh.html,28436,0980c8845cabd3bad313ad873f4b3a13a8094b09d712eb22db3af7ec068c8690
evidence-pages/PRT__irregular_proxy_detections.html,14601,ee564936ac9f8735f55eba2d7882538754408cbf416b3d309469f80128b919d8
evidence-pages/PRT__irregular_proxy_detections.zh.html,14344,a18f90cf069c62419e3bf922999575c5667f0246491555d7dc3104a6799f8772
evidence-pages/PRT__population.html,22623,5c368d041f716ca5cc566e6afb14fa674637beefc2021ed94b15cf3b51402804
evidence-pages/PRT__population.zh.html,22516,4d920d63fc96335f3cc5fb1ca05e8e65656fa02344d17fb82470345e39f46ed9
evidence-pages/RUS__foreign_born.html,13886,26e6780c7bdc202584ddbdb5d0723346e704db9cadbe765b951ee51751799f92
evidence-pages/RUS__foreign_born.zh.html,13820,426856b70f3a39a2b8cb65d6d4c29581af91e9ba187d0bbc7c9f35c948bef958
evidence-pages/RUS__foreign_nationals.html,6972,201106747765115047211587ae19597f9164b20b0aad108c3dc774114cb965c0
evidence-pages/RUS__foreign_nationals.zh.html,6898,a41a9e62c8a8151f4b4304e973f727d467b74c2a6d9f82fec2f4ad6714588d88
evidence-pages/RUS__population.html,22811,da831b913197d82f5110b09acd68b17c7dc215f196ec32696be318a6efc9da89
evidence-pages/RUS__population.zh.html,22714,a6c83a71bdc3c1f338c824ea14b5f5c728a473b6414abf6ef3bf639bc767780c
evidence-pages/SUR__foreign_born.html,12649,c1bd08291bdcff278bd1f9bcdcd48b4054487cd6ee55dd8d04ee3c5f564ecad3
evidence-pages/SUR__foreign_born.zh.html,12598,ab68fa62c0b530a29fae734de68e5dd5d7466fd8a781519acb87132d0b697209
evidence-pages/SUR__foreign_nationals.html,6074,ab13e5f371ed2dc6446bb720861cce8c519987857cc5e0c0d673e8e55c0e2d55
evidence-pages/SUR__foreign_nationals.zh.html,5999,79543a1cc417b1cec2c50b087d7e9f69e3261d7aabd5ca919e5835afeb1d3434
evidence-pages/SUR__population.html,22029,fa0596b5943b60918743e69588cc7e4d27e88fd22ce67b4c9516d223014fbad5
evidence-pages/SUR__population.zh.html,21922,81f1bf6d35e80fd7a9399d2714d7ff3b885aa0194d73b7e211bcf97a857ec799
evidence-pages/SVK__foreign_born.html,21088,11f3d98191d64c3caef3d092f35120720ac7ba5e06d9922b23c21df2ea99eee8
evidence-pages/SVK__foreign_born.zh.html,20969,33c27bd99755e0e38567821d0dfb32258ecb7281f8ebaa296f15946a16a4b2b1
evidence-pages/SVK__foreign_nationals.html,28391,0c1852b901a6c4f3234e0d1ab15a51b781a748ff5a6e055b094c461443c9984b
evidence-pages/SVK__foreign_nationals.zh.html,28250,c099d62750827c48c3a39bc07265236b109d0d140196c949a94b21e0b47ea151
evidence-pages/SVK__irregular_proxy_detections.html,11118,d173432ee7d5cf318c33aeedb0e0c01eab1df61631da30f65c54196613341768
evidence-pages/SVK__irregular_proxy_detections.zh.html,10991,48933ec47f4a5d5ca835e25d8293bc7ec5c45c09bbc1c96f0583be806e14c09b
evidence-pages/SVK__population.html,22460,7651c64054641b7b4920b3ee186a3dc62054da44b4445ef160931ded9f026d99
evidence-pages/SVK__population.zh.html,22333,8afe5053401721ba9e84d09170043fa49c237bc70d38eed397b94406c9b8a2b2
evidence-pages/SVN__foreign_born.html,31634,1564f8c2b95f7a39adc6cef3c4e6306dbf6c07bf03b7972e496e5c9966757970
evidence-pages/SVN__foreign_born.zh.html,31562,4caf22ef8e779a264db368bdca816b6dafd03d1fabee8ce20f0efd8111462029
evidence-pages/SVN__foreign_nationals.html,23934,c962456ec805fa5423ab754545dee226ff5e953e96b85c5777bfe33d7fda465e
evidence-pages/SVN__foreign_nationals.zh.html,23852,000d35b2a3e22f5571cfab221b063fabfa5266e48e8ba037ae2c736b3f9d5df4
evidence-pages/SVN__irregular_proxy_detections.html,11087,ecbd112feaeb973028b1699285b4f5da40ae600cab6ac3f59b6c028a03192950
evidence-pages/SVN__irregular_proxy_detections.zh.html,11010,ccd0a7787d1a18f05e17b5d198e8fcfc3ab7c03a4d7115118314123b54a48ad2
evidence-pages/SVN__population.html,22425,bda7ba9720d9315c8296870c7b26efcb4c249c4aedf16112033e103ba232bedb
evidence-pages/SVN__population.zh.html,22348,4788477a7df75ddfb284960b269469b413d3a2b3f355ea822201857b9f0ebef0
evidence-pages/SWE__foreign_born.html,31594,15c930d3d8d7c6fe6bdf25ef01063484b493eee18c3e5741dbc9ba98ec1a6532
evidence-pages/SWE__foreign_born.zh.html,31490,eae5eeeee35bc977215f07bd43cdb1a804170a1922a762a78cb386fbff998bb2
evidence-pages/SWE__foreign_nationals.html,22175,b1d282c6dffe62c965e09818f468e67cc4b63d0b9ff8fe6f8d4f4815fe63e3ef
evidence-pages/SWE__foreign_nationals.zh.html,22057,16a005f1c50ad1c5931358bc67213c278b64b18a110462573a69233a04aba27e
evidence-pages/SWE__irregular_proxy_detections.html,14771,f2700a9c19785784cd1c12ab7439af547c7f58bbb916be0ee0a41ec0cf8a1b9c
evidence-pages/SWE__irregular_proxy_detections.zh.html,14509,e5e4f715fff5ad7bd7f4616e4d36501515a85bfaf0cd61f6484fc7edee8d37fa
evidence-pages/SWE__population.html,22469,d97d7a070d7f1168d40b308e1d105d13e5a0fa4cdf14564b7699a7d58967f3f5
evidence-pages/SWE__population.zh.html,22357,5bfec9cad984e5c3283ae1878c6b0365796cde9be010a9bd95c5eeb75f95ba13
evidence-pages/THA__foreign_born.html,10497,0abfc804203a217853c4b4064cc573a0a822050650b74f1d39381094ca27092e
evidence-pages/THA__foreign_born.zh.html,10453,2ab6f29f96aca8e936bda4b7d5001dcc2861860e656564950d8e5bc99965d084
evidence-pages/THA__foreign_nationals.html,6275,889137554b23dec1a529a2caadfed198fa5a6d11a0e0ae5df46fb27295604428
evidence-pages/THA__foreign_nationals.zh.html,6186,93072d24a60aefa96f87358e65cbe3bc6228319384bd1da302a67e7623dd4d16
evidence-pages/THA__population.html,22623,a27f3c63433d1e134bbfcad7c0da9e93ee4765ef62665e74b3e2c491300ba51c
evidence-pages/THA__population.zh.html,22501,abc500a8456d7252874176904da2733bb4f70a9496ec48b8656571efc26d09e3
evidence-pages/TUR__foreign_born.html,17532,1e2d2aaf9535de8fd71061eb233548099b424f0524cd0564263761afaa105265
evidence-pages/TUR__foreign_born.zh.html,17462,46ba2c6b62d83fd165c7dd55d46c1b6b6c1143734e1fedbfede0d495d201c249
evidence-pages/TUR__foreign_nationals.html,22344,2a5bb978279fcc59681d3678b01ca3ada6567b74925b5beae5594d79222bc06f
evidence-pages/TUR__foreign_nationals.zh.html,22224,f345fbd83c51db36e2e96d070f4ff27e72120aa42eed94ecec4517810bc2b642
evidence-pages/TUR__irregular_proxy_detections.html,11656,32cc2297f091e6d51e2e2aee6b58796d587e58535502b3bb6be4e85e6647eb5d
evidence-pages/TUR__irregular_proxy_detections.zh.html,11551,61e3107bf53d127ef3f86982b3997979e57c3f2a1619c2768387a700ef2e2b56
evidence-pages/TUR__population.html,22613,a1e5835357cc1960c7501fd222691d73b5cf492f43bb713bf89c7db27ab08d2c
evidence-pages/TUR__population.zh.html,22516,a0e2615b4645873f553d0655976b26293579fd20c3e2d8c7474e7c4298bc5e9f
evidence-pages/TWN__foreign_nationals.html,26159,92590a178f6f1653f96bc06dbd08c91e8e56ba9af7a7221ad8aff5882ec07295
evidence-pages/TWN__foreign_nationals.zh.html,25958,e58b324698ea3d37f3557b8322914d7837d9417972b239cbbcd2c1f07a014ef1
evidence-pages/TWN__irregular_proxy_absconded_workers.html,13940,77da18a0476db9597b82fbda034324465e2b1c197888c0e649c24fad2a141b85
evidence-pages/TWN__irregular_proxy_absconded_workers.zh.html,13814,54a0d374224a2aacf8e93017d9885eb75869709a648acc789af4fb17d145fff9
evidence-pages/TWN__irregular_proxy_overstayers.html,16805,08eb3076bb63c73d3d5952e31640a18e9c7c64bd5c1734c063e8a55ee542478d
evidence-pages/TWN__irregular_proxy_overstayers.zh.html,16879,2d867bafec56e07130b260cc97c628288be51259edcf19bdebac24bc44dd08f9
evidence-pages/TWN__population.html,18954,4ce9be5aecf9b32b344f4d23676ae1bc5a200e21fa6f668f53d70ad796b88b3b
evidence-pages/TWN__population.zh.html,18735,9a8fbc3d166a77d1f76179e01a81f9161de1d88c9704b2ad21b396dce13ef362
evidence-pages/USA__foreign_born.html,28831,4ba328061dedb7235b59daedc8c78f6349e5f175338259b313b385dc83ce4347
evidence-pages/USA__foreign_born.zh.html,28711,1160e93a85ef655bfc57e3e82c29f6b8ecfa517dae3edb7d51e329544f061408
evidence-pages/USA__foreign_nationals.html,28684,36ead340ff1a444681dffbb022a88e8c5df5e12d666be24fa3cfce77e5f9a40d
evidence-pages/USA__foreign_nationals.zh.html,28532,6c9b880b8068b98f71782ce06f745046bcd4f80a93b3a6df9739d925dc395506
evidence-pages/USA__irregular_stock.html,18681,d2e41ff09c6cb35dafd25a4fb9c2ed5534e275a44caca7b43aef0a816be8da3f
evidence-pages/USA__irregular_stock.zh.html,18471,5f6b41782a83985f1793e91ddde59ecc57d7e18f1a28f522ac161c294b92b227
evidence-pages/USA__population.html,22846,7d471547efa401bd2269da011cc094f7346226c9ce94bea787bd66c9a57e9364
evidence-pages/USA__population.zh.html,22699,359e3ed66c603949c61b491a29d0fa24c094d0841f91614774daf78245b11566
evidence-pages/ZAF__foreign_born.html,17497,4d75d6c17a4118064cc5495bef37c454f4236b632b179c81008c2cf902c5b2d7
evidence-pages/ZAF__foreign_born.zh.html,17354,0ee51d4339bda7ab3cd9ec94b110c2600be75daeda38394a8d501b0331fd7ec2
evidence-pages/ZAF__population.html,22643,94cc936826423e23f1bd2583eb05292f024a23093f2302434a00c937b453c873
evidence-pages/ZAF__population.zh.html,22501,6f1e6bef28902bce95b76d88c6691e1167670de0cf6c1958bd8187ebb880be6e
evidence/api/MIRROR__UN_DESA_IMS2024_stock_by_sex_and_destination.pdf,915952,9f6daeebc05660db352e7a209812a89c40b993bdbdf58181716adcf03a087057
evidence/api/MIRROR__UN_DESA_IMS2024_stock_by_sex_and_destination.png,158774,9527743f47b83c50947b62a9bd49f728140ff9e3c418b34ad624f28afd7412a1
evidence/api/MIRROR__UN_WPP2024_demographic_indicators_compact.pdf,2051702,fc663e1046e1f30b7216705a6f1c181b2ff28ab545db0215b72cfd5c3e7c80fa
evidence/api/MIRROR__UN_WPP2024_demographic_indicators_compact.png,68711,9b98a8df7c41dd03e7f743110a2ef8937ba0eda31786098991418ab5dff4104f
evidence/api/MIRROR__eurostat_migr_eipre.pdf,52534,20672c7b23add1362abce0b1980a1dd2ab406ae834e5622b8034c5f806869245
evidence/api/MIRROR__eurostat_migr_eipre.png,313532,5b55925dc1f5ef5783375f6fa3259a610c20d6713fdfddbf959cb1ec3e263eae
evidence/api/MIRROR__eurostat_migr_eipre_CH_PT_SE_2010_2023.pdf,50337,3bba28af3e0cab81606172801513b244868a80080993c24e60249eac17b497cd
evidence/api/MIRROR__eurostat_migr_eipre_CH_PT_SE_2010_2023.png,142496,0139c7d7365164f60b027580a05cd2f63ff902cb417421b101122a3d87dac1d4
evidence/api/MIRROR__eurostat_migr_eipre_REVERIFY_2026-08-18.pdf,56494,17977be5c8588a0e0ecc277ccb269442409389cd83e6ed8522204e5cf6543d15
evidence/api/MIRROR__eurostat_migr_eipre_REVERIFY_2026-08-18.png,256661,56256163978f34c985668c351ac423d870024a7ed88559a5bdbbad4aede51671
evidence/api/MIRROR__eurostat_migr_pop1ctz.pdf,56581,95a9d5c7b1814fe2d62154a40b8b70328366fc739c303b53ad74ecc3075c1f8e
evidence/api/MIRROR__eurostat_migr_pop1ctz.png,288485,541a3996bf9f3354b44595d8fc437622d46d40ac6eff1b8e6a7826bd0657030b
evidence/api/MIRROR__eurostat_migr_pop1ctz_2001-2022_retrieved_2026-10-07.pdf,220574,5a431360a023e848fffcae50e0eae70bc7b9169441d75bd4b7df747e6203f797
evidence/api/MIRROR__eurostat_migr_pop1ctz_2001-2022_retrieved_2026-10-07.png,124612,59460ab0fa225b68877a515e483b175d11ad20a921df85fca38d39dccea977f3
evidence/api/MIRROR__eurostat_migr_pop3ctb.pdf,56757,5f615cd8ab5adcb71fe2f075423cba3e3145c0f90ae5f3a93293b881a0aa058b
evidence/api/MIRROR__eurostat_migr_pop3ctb.png,289428,db017f15b3f7b58947a4abf59e7495e2a523f94ac8e29a4c2204b2af9df0bc66
evidence/api/MIRROR__eurostat_migr_pop3ctb_2001-2022_retrieved_2026-10-07.pdf,226919,6555674010deb6d605c0773f48ba812f1a7caa31ff2589a8c505b33a1227697f
evidence/api/MIRROR__eurostat_migr_pop3ctb_2001-2022_retrieved_2026-10-07.png,112723,cc4509efb33d8542660b387b16e7ef240eef4dcaeb6c8b9ae2d925f7e069242f
evidence/api/MIRROR__wb_SM_POP_TOTL.pdf,51074,0fa579e528813a5e9f5c34871d29e1a8d7620e2dd3f2e02badf9a69e7c5750b7
evidence/api/MIRROR__wb_SM_POP_TOTL.png,433921,2da6443b67e3f699c15bbc700ebc9f4abe06f953303eedd834379b5acdae7efb
evidence/api/MIRROR__wb_SM_POP_TOTL_2001-2022_retrieved_2026-10-07.pdf,339314,94cf80beca40689959cb32313842d2bb1ba458a51e5e7284d422f639e1319710
evidence/api/MIRROR__wb_SM_POP_TOTL_2001-2022_retrieved_2026-10-07.png,103727,8c572911c281f4f0ecbc766399e222cf9b72a426e48d21b6a3a4717a4346bccd
evidence/api/MIRROR__wb_SP_POP_TOTL.pdf,51093,94ae60c209d44cb2c775cc4e496cb33fb255d6f4ba7f1edcf75fd7cf6c8343df
evidence/api/MIRROR__wb_SP_POP_TOTL.png,445637,4d35c201e075b20e246d1c369a3654e2b624598f58dd6b156f89bad307f7c0e4
evidence/api/MIRROR__wb_SP_POP_TOTL_2001-2022_retrieved_2026-10-07.pdf,343342,d5ac3d156c00fa39e61926b960a5bbc47b6773c616204514f7373f7a70aea5c5
evidence/api/MIRROR__wb_SP_POP_TOTL_2001-2022_retrieved_2026-10-07.png,203875,6b7efdff9db9d9c35c41d0917f1dd7ac372e0bfb82b95498026a175c010e17e7
evidence/api/UN_DESA_IMS2024_stock_by_sex_and_destination.xlsx,541936,894fe0637f649e9eb2555915e7f5d6e9818a913b7653c8d7b5e3803fc236ce82
evidence/api/UN_WPP2024_demographic_indicators_compact.xlsx,26142942,98e34d9b65b53858cd08a57a566e45050b08093ad85ba5714fe6fbd78055ae6d
evidence/api/eurostat_migr_eipre.json,25120,488f93251aa14871d74e4c4b95be1d97af4a354c08d3a43d9170e5667cd450e9
evidence/api/eurostat_migr_eipre_CH_PT_SE_2010_2023.json,3861,bdbeb30f0a68286f23f0ab08dcd257556b5e82b4cb9a9c1e28dff472483a3372
evidence/api/eurostat_migr_eipre_REVERIFY_2026-08-18.json,9011,7a81da28e8a930b9e5ce19aa5fa47b928774cff10f704dbe8f6b49e5d0777c63
evidence/api/eurostat_migr_pop1ctz.json,10055,111c50d349dce63c9dc9212b311606ca3169489664b518d2d944f412ab41526f
evidence/api/eurostat_migr_pop1ctz_2001-2022_retrieved_2026-10-07.json,13620,e3e645231da5247a82406eedd4f0b8d2c23ad83e163afb7a9c0d4e81f71d74bb
evidence/api/eurostat_migr_pop3ctb.json,10087,ddcca5a6fb6a22564cac04ca064773cd0b240df9807bbb51ae341691409c1c75
evidence/api/eurostat_migr_pop3ctb_2001-2022_retrieved_2026-10-07.json,11141,25df4369ea47f4b46b39b39eec805cd150fb9d20cdc8ccb44b8ecb1011a296d0
evidence/api/oecd/AUS_B14.json,7107,942b4cfab95ebe6dae6a832df52558cec778f9b57b12a2a03524775f78ecfa62
evidence/api/oecd/CHL_B14.json,6796,31b5000ea295f2e5df7200f6fb11b6d3ba80774b57584cae1eba184c18bd8bcc
evidence/api/oecd/CHL_B15.json,6614,db1a3fd919772454732814a13c2ea858ae51bd1d66e57d91e07a07b8f9eda468
evidence/api/oecd/DSD_MIG_dataflow_metadata.xml,1214331,881888e66f60d3d069cf7f40fedf58a65e9034a56517304b8aea1d7b1d42c3ff
evidence/api/oecd/ISR_B14.json,7104,7db1506db2da5a1a0885dc0f4d2e19d15588c90d408a0a614bec1e67ad343610
evidence/api/oecd/JPN_B15.json,7218,30f4e0de9ec8e526d92d150e776799aa94dc945a04dc408ffc0ac428d1b15dc9
evidence/api/oecd/KOR_B15.json,7218,a24decece175113e6e12b8ec94f0e372072351513d4b2b136fade91cf44d791c
evidence/api/oecd/MEX_B14.json,6361,3d12f1da320cb4ecad63490cd75e32899e8d68f59397008e056974cb2b87981d
evidence/api/oecd/MEX_B15.json,7205,9bdc4a03bfbc1e123a6d7527b4414209655de592d29fcde4a6fe34ad9244c4ab
evidence/api/oecd/MIRROR__AUS_B14.pdf,49977,b5d6824b8ca5fcb31facb925f4bc7b15a84a7cc9822a672f3b71807d72b63e58
evidence/api/oecd/MIRROR__AUS_B14.png,219608,8dc31d8ab67ac4ae3000eda682f61a0497ae4c1f0334c83b1b2640ea77330845
evidence/api/oecd/MIRROR__CHL_B14.pdf,49659,b5639d15f515fef12824ce437f86196cbe91892797a9d4259ee2c77032c736fb
evidence/api/oecd/MIRROR__CHL_B14.png,210400,1a6d0d3efd72d16ea612f8def60a8a4c36da324ced960d002fa8e92e87c4326d
evidence/api/oecd/MIRROR__CHL_B15.pdf,49724,f3f366ebe60f5493594b29647ed9b4590bacc1445f46beffc24e07b8ebc52ca2
evidence/api/oecd/MIRROR__CHL_B15.png,208125,c85a2d132356862b985083db523e961301852a6689819c64eff71019d6ad0921
evidence/api/oecd/MIRROR__DSD_MIG_dataflow_metadata.pdf,26192,70e74673c44aa8b6ecd5d484e44e221263e932afb10ece1a4709256746913e5b
evidence/api/oecd/MIRROR__DSD_MIG_dataflow_metadata.png,25626,e708d7b2831623e365e273f690238a0b4b6266b185ca06d581be6ec62fd80352
evidence/api/oecd/MIRROR__ISR_B14.pdf,49768,3ffbec7e8b12ccf9870f8c2ebef2914212930a6460bc728e28e2da77d43400f8
evidence/api/oecd/MIRROR__ISR_B14.png,216692,ecaa8eb5828fde742b7e64a3f71078daf2c51367b37fae4cb837edeb88071a85
evidence/api/oecd/MIRROR__JPN_B15.pdf,50013,97ec63cfc794020f94de0c51b96d70b6d67e86bd315d84cfb258365c45132a02
evidence/api/oecd/MIRROR__JPN_B15.png,220223,ed1a81c8f1adbaedd0e2a90ab7a61a3f646d416035134cb229276a92b6264754
evidence/api/oecd/MIRROR__KOR_B15.pdf,50128,030e9cf755cd94134dd33a45b2200f261279bed09cb2ec04278880896c6f92a9
evidence/api/oecd/MIRROR__KOR_B15.png,220081,47834677f4bf5acca7e5f4a255acdf03e22eabecd86883645998c4128008f030
evidence/api/oecd/MIRROR__MEX_B14.pdf,49385,813b8ed8a967ffb4c93007b7bc84d2bd977d696612f59492d6ce07228044ffde
evidence/api/oecd/MIRROR__MEX_B14.png,204803,183b166a58540e657a06a97a4a11555b0d47ce84768cd81ee963744d49c77212
evidence/api/oecd/MIRROR__MEX_B15.pdf,49991,28bfc085789b9b0ce090e93822df0bbadf6a1343052d390533fef365e0f48e57
evidence/api/oecd/MIRROR__MEX_B15.png,217173,432b64a2d13fcd5a09266cce3614d2889fac2c31ba01e14e9b13bce97551468e
evidence/api/oecd/MIRROR__NZL_B14.pdf,49154,cea5e57c7e0c21084250ee24f724025a5320881d53071ad964ef571a3ff717a8
evidence/api/oecd/MIRROR__NZL_B14.png,197340,ff01feeea5d977ea28dc0295fa6b2de19949f69287a8569b4d9fdd5748b20a1f
evidence/api/oecd/MIRROR__OECD_B14_foreign-born_2001-2022_retrieved_2026-10-07.pdf,259088,af8e156ee25b9378b45fd7384b6cc02b5e908a6624bda5170158ae4d6fbf7313
evidence/api/oecd/MIRROR__OECD_B14_foreign-born_2001-2022_retrieved_2026-10-07.png,135474,4fec2a0ee9bc86a5f731cb2954dd7fad32a0b8e4cf4558d290a0cd1aed73e48e
evidence/api/oecd/MIRROR__OECD_B15_foreign-population_2001-2022_retrieved_2026-10-07.pdf,251750,45a6dccee8496e64fb9c649071f50cf15fc560c5e790b1b46ae52f81f427f859
evidence/api/oecd/MIRROR__OECD_B15_foreign-population_2001-2022_retrieved_2026-10-07.png,140890,dc44f21b338a2a90106d65507af54070b553cb7b041987b330ad897f86ded193
evidence/api/oecd/MIRROR__TUR_B14.pdf,49328,0916ce9da5c8c7c19a6893a473e2646e56848a3e614ff5396cdfe5de0cc7461e
evidence/api/oecd/MIRROR__TUR_B14.png,207210,1bee46d88daf9738a41e387243889eafa7f4b897fd3c28452a7960aff69eba24
evidence/api/oecd/MIRROR__TUR_B15.pdf,49887,e81e05c0dc6218afa004d34cae1ec35388e88d80d4e0fa88f40439cb38fc97f0
evidence/api/oecd/MIRROR__TUR_B15.png,218100,218bb54c38a88c6784e504c4d3876d7d7c51c7f0c696d724e4b86d3fcdd9ee34
evidence/api/oecd/MIRROR__USA_B14.pdf,50036,b4b7d401158f70029a235a1171831f5ad0102b03e53e1a5d779bbd7dcf7197ec
evidence/api/oecd/MIRROR__USA_B14.png,218570,c0458393ff9ee9ee981acc26a6dd3b416d439ef7611840918d949b7f09061e8d
evidence/api/oecd/MIRROR__USA_B15.pdf,50300,3a78fb841d72a9bb173428c4c83e7fe4501f19356aba992d135220f4b92997a1
evidence/api/oecd/MIRROR__USA_B15.png,220534,586fdac4d2edcd1da64933658f12dd82b8a3c8656558365258d8baf42580f6a7
evidence/api/oecd/NZL_B14.json,5926,400bc069cd7eebfb5c8fdb1cd690cb2dbe979dfca64eea04c80ca6b62b1df09f
evidence/api/oecd/OECD_B14_foreign-born_2001-2022_retrieved_2026-10-07.json,29706,73b5bbc44ee8cc162bf4a94988827c3cdd11f25dda7eb12d3d984c230f0dd94d
evidence/api/oecd/OECD_B15_foreign-population_2001-2022_retrieved_2026-10-07.json,32025,6355386a3e361d854957c154d54a09324f3074a7c06d3e55508ac9290cadbf19
evidence/api/oecd/TUR_B14.json,6517,aba720776619087bc8880c8c3a0f23a04293f42511d21c860e0da9c86d2751e6
evidence/api/oecd/TUR_B15.json,7215,530cdc85a353d6402116694d7b24f1079a58451280e77d46b9e18781729cbbcb
evidence/api/oecd/USA_B14.json,7131,8a19b36db1d2516407dbe10ad9b5ae1ba1e508cd9f7c24277deaf2cbc7fade85
evidence/api/oecd/USA_B15.json,7258,2123245d4b37b9c75571a218115c8c41115fcba94669363cc136e402cf545919
evidence/api/publisher_pages/eurostat_migr_eipre.pdf,280983,d7caf31bbd38a8e6de9fdb690c5883864c0c7600570bbb368735dd0e8380f775
evidence/api/publisher_pages/eurostat_migr_eipre.png,292491,7a9d0d89fade5fba7343bdac0cf1a160761a3489fd893378e6ba5ce40e737d9b
evidence/api/publisher_pages/eurostat_migr_eipre_metadata.pdf,210361,81a1384ec5e21b567899e1b7784ffd385af607a84d5d7aafb053f3dfc8a90f2a
evidence/api/publisher_pages/eurostat_migr_eipre_metadata.png,329834,87f9d51e0441fcc91752c9d62db8c0342cab4b5d730cba48cb275cd0dfa3e858
evidence/api/publisher_pages/eurostat_migr_pop1ctz.pdf,317093,c711ed35904f964d94b279505b8ba2f276caedd76ee6ad7241dbdedbfc729e3e
evidence/api/publisher_pages/eurostat_migr_pop1ctz.png,301980,c858d425659f3e533448c84b94dea328bfa1fa940b2e207774e858f01eab5a93
evidence/api/publisher_pages/eurostat_migr_pop3ctb.pdf,307138,1a09135812b3e0366578a64a89bed671ec4c5d7138da450ca005edf425a3b1b2
evidence/api/publisher_pages/eurostat_migr_pop3ctb.png,318016,4b00c8381ffdf234b4a69b87b0c0a020d9d6a41c4ed2719c302b3f5de8928c5c
evidence/api/publisher_pages/oecd_international_migration_database.pdf,111679,fa0f5e53df516ca7d74a7c552a402c014ba6ae3d1204e97993ac20bc2e195c02
evidence/api/publisher_pages/oecd_international_migration_database.png,118695,e315e545bdb8e5be5936281467b3422631aba11cbbc225faa735c4d519ea1486
evidence/api/publisher_pages/un_desa_international_migrant_stock_2024.pdf,197894,5a88f850ce8c5f9b5901ed2b414090e3907fd089749f15e57f8db3ac1cf1290a
evidence/api/publisher_pages/un_desa_international_migrant_stock_2024.png,212965,0a0c2e4d3bcfeaeda522a892bc8b620da66d419a358462ea2f166db2f85d1d92
evidence/api/publisher_pages/un_wpp_2024.pdf,425330,144cae90803d330fa77c994bbd1a10c454e7a6f7010c08495ad34a18fb9530bf
evidence/api/publisher_pages/un_wpp_2024.png,447112,11a091f8af0c65967c1aa60c6301e85cfcad2d0a33a6926a8e53b12da67d134f
evidence/api/publisher_pages/worldbank_SM_POP_TOTL.pdf,526879,537b06a980d020fec6423d881b3cb187a98ef27fe19fbe8b2c01c0a0446c3ee4
evidence/api/publisher_pages/worldbank_SM_POP_TOTL.png,200077,a9a41c51ee82907294cd6a3ec8193916bca162c8211fd29f4fbac82c20304409
evidence/api/publisher_pages/worldbank_SP_POP_TOTL.pdf,562036,bbe86783c20a074de51f10d8cbcad4256c27721d52cd636baacacf69de7ae0d1
evidence/api/publisher_pages/worldbank_SP_POP_TOTL.png,231265,4b6fd3a8a78b1863c88a4f28be9e435ae450773b2b0ec5c4441306d1c0707aa8
evidence/api/wb_SM_POP_TOTL.json,740720,eae74af022457954038837f02172bd3317d5ab6d8afe179b46b3ae50ebf1f79a
evidence/api/wb_SM_POP_TOTL_2001-2022_retrieved_2026-10-07.json,1252851,6098a7a1f73c188f1232ae2385ada5a1b54bbb34f51c6479b741535d21ec05d5
evidence/api/wb_SP_POP_TOTL.json,692519,57179d383ccfa15c239bcb4e89f9596a78a2f13d35b72c9f4518b0a7aefa298a
evidence/api/wb_SP_POP_TOTL_2001-2022_retrieved_2026-10-07.json,1171710,6a299696298b288f9294a4c052517a5f1fab416487d5d76b2217f318837e62c7
evidence/countries/AUS/MIRROR__irregular__4ff1da10a5__www.homeaffairs.gov.au.png,328822,85944e5749b20274036f9daef8c2f74c76450565d7ba948e1c28f7ca8d5403f6
evidence/countries/AUS/MIRROR__irregular__9fcb57f01c__www.homeaffairs.gov.au.png,16484,68e38b45259ff9c2a3be487d10bb0ce57261ca21bd4acc29cc4f1ade347177c2
evidence/countries/AUS/MIRROR__irregular_proxy_overstayers__6b569b4ed3__press-files.anu.edu.au.pdf,405346,98a8677d5c2fb2ca55a08e662d2c26324ae450df8a30d4c2d287ce5e1f0035d2
evidence/countries/AUS/MIRROR__irregular_proxy_overstayers__6b569b4ed3__press-files.anu.edu.au.png,422733,8c83eaef7b353507b0e52f040cc6cf25276d114447d92c29b8f937b211b524a6
evidence/countries/AUS/MIRROR__irregular_proxy_overstayers__f49a534fbe__www.aph.gov.au.png,40729,2835471d7ec380968daee897170fb6bf69032bb8d2382319e4bc0297b72b8e11
evidence/countries/AUS/README.md,2499,5b86c9dc4475e4d231ac3e36887a92ba4f8dc8c27f064a5bc2f2b38f49dbae14
evidence/countries/AUS/SNAPSHOT__irregular_proxy_overstayer__press-files.anu.edu.au_downloads_press_n4016_h.pdf,448737,ebc54729f860e0e9568a10523baafc6075ef0072b4eb9d29267d53c9bdf0ee9d
evidence/countries/AUS/SNAPSHOT__irregular_proxy_overstayer__press-files.anu.edu.au_downloads_press_n4016_h.png,562577,883a212a55073024b3158cd81391db350ef3b229a08dd81ac372e485bd84f1df
evidence/countries/AUS/data_from_source.csv,11556,15870600c7d98bb4fadb4ba083ef227e58bbd3a8da8f6e063cf9521968644ed1
evidence/countries/AUS/irregular__4ff1da10a5__www.homeaffairs.gov.au.pdf,1963756,86f92b3f92a228caa068a53dd140986215a65067f61a5fa3346b7810bbc11f7e
evidence/countries/AUS/irregular__9fcb57f01c__www.homeaffairs.gov.au.pdf,3147781,0dbc6057a372d8fc2ba8616379ddc718e0e48e1329449f7d77b1a2754be7f09f
evidence/countries/AUS/irregular_proxy_overstayers__6b569b4ed3__press-files.anu.edu.au.html,123993,e25e4a3120c56ada4f2773e148f3cb55571c0b10d98c28f64bef5d0c751f073d
evidence/countries/AUS/irregular_proxy_overstayers__f49a534fbe__www.aph.gov.au.pdf,358411,7cb902e2c599980cfbe62b4b2a2c1ccb3e108e5c1f4af596646317a3dab310bb
evidence/countries/AUS/source_manifest.csv,4810,b1ca078bcc27d0bd77376c893fbbe23032a4502b8e54977ef6f30fc5fa91f89c
evidence/countries/AUS/value_check.csv,3956,114620bc91255c0d9ec02c9e3d541419017444a629c64284c682aa1224742fbd
evidence/countries/AUT/MIRROR__irregular_stock__Pew2019_AppendixB_published_ranges.png,169507,97e0389de43fc9be966bb21d77e1139df6591ab91134348e6b24a8f85f51e3c6
evidence/countries/AUT/MIRROR__irregular_stock__dccd321871__www.pewresearch.org.pdf,899471,129bdc212f3f2960e3ab4ed4ca74b1ab04f116114f5b8c8146769b2db76a7f7d
evidence/countries/AUT/MIRROR__irregular_stock__dccd321871__www.pewresearch.org.png,418949,7d40733b4bc13ac88813a55f677dd19ef64b0e2fd0a316840bf70c93c448f549
evidence/countries/AUT/README.md,2159,47569e4600254ec43429282d16b39317bbaf4866a3c0c9ecbe885de1930d0983
evidence/countries/AUT/SNAPSHOT__irregular_stock__www.pewresearch.org_global_2019_11_13_europes-.pdf,904196,fe1d702d03758a438bc6a67a6173664f5c9d2d1e178bc396ff7aa3e4715e3bef
evidence/countries/AUT/SNAPSHOT__irregular_stock__www.pewresearch.org_global_2019_11_13_europes-.png,567620,f789ba36c3492516c6e1ed50b14eb267878d6c4fb98ac8d32ebc11176bc50ce1
evidence/countries/AUT/data_from_source.csv,18541,4104b09a25886bbd82e4e57abe561d59a14fba325eac1a77270fc4e24abee65e
evidence/countries/AUT/irregular_stock__Pew2019_AppendixB_published_ranges.pdf,660550,ce4b6a8782b2b75ff7de8a6987c750645a385cc517bfffa5808954d09cb5227f
evidence/countries/AUT/irregular_stock__Pew2019_AppendixB_published_ranges.png,601983,b060600261a891e8f23d527233e5e607195b49d1b03bd81085647ae65163c9c3
evidence/countries/AUT/irregular_stock__dccd321871__www.pewresearch.org.html,504541,632e20141766e814e64c2b24e627f6806a9bac269422e868113185bd67ac9c9e
evidence/countries/AUT/source_manifest.csv,6497,8932798c6483a1fa7a96379de4faa561ee5b468371e09c5b52b062b0723a8e42
evidence/countries/AUT/value_check.csv,7685,47a4293dd5e611221f07d35150d5abba91481119e0836d853aec5f50dbc533ab
evidence/countries/BEL/README.md,1904,6a0b1d53206abc751db512aacf602b6cbe3296b1a18f19767a18767c9700fd4a
evidence/countries/BEL/data_from_source.csv,18016,a92b9c7fbaaea73a499251a4c27da527f840ad119da812b8195572312cb5895a
evidence/countries/BEL/source_manifest.csv,5678,7d453d22a429cdbdc80034006320b1a311166b6d488c67e40125f516f50cc62b
evidence/countries/BEL/value_check.csv,7694,de1b99ab2002761ea653ad765771f050792873d96bcfa182c6142133fb631d11
evidence/countries/BGR/README.md,1761,81938bf1ecc6a61025b2c0edec2ff1eb03ca7788f2e810818e1fc8d1f4cd79d7
evidence/countries/BGR/data_from_source.csv,18143,e1d3b91fe59e6f6aaa75e2b2eb3ef4503505d8e6f794e150fe0cbd15ae30b389
evidence/countries/BGR/source_manifest.csv,4829,e8706c80d1be68217af47c8530f0f78823e60bff04b19688358c9a7e52f33df8
evidence/countries/BGR/value_check.csv,7499,ed031f5ae8808d3a0e5f4923ce1c56ace8aa19a22dff096a4aa398736a6e8863
evidence/countries/CHE/MIRROR__irregular_stock__Pew2019_AppendixB_published_ranges.png,169507,97e0389de43fc9be966bb21d77e1139df6591ab91134348e6b24a8f85f51e3c6
evidence/countries/CHE/MIRROR__irregular_stock__SRF_SEM_76000_sanspapiers_CORROBORATION.pdf,223281,60b8e55c8543082d7b2919a94d4d1a93060372809d84a1cda7c4355fb0366dcc
evidence/countries/CHE/MIRROR__irregular_stock__SRF_SEM_76000_sanspapiers_CORROBORATION.png,137233,13a03830e182223aec3bdb53f2f54d9a8b35419af2d9309ec5ffcd7fd4224f48
evidence/countries/CHE/MIRROR__irregular_stock__dccd321871__www.pewresearch.org.pdf,899471,8126a93d8000d6474bb6ab1580b8a2e3f2e1503cbe0a4c57d59780eda7568c58
evidence/countries/CHE/MIRROR__irregular_stock__dccd321871__www.pewresearch.org.png,418949,7d40733b4bc13ac88813a55f677dd19ef64b0e2fd0a316840bf70c93c448f549
evidence/countries/CHE/README.md,3275,093fe56dd86eaa350727458fc94d5b685078079d844cc633f73ff03500e87bd8
evidence/countries/CHE/SNAPSHOT__irregular_stock__SRF_SEM_sanspapiers__2026-08-18.pdf,3723918,979c15390c83bfb1fafdd66c71054079226a499acf8426a51893c5f6da02ffee
evidence/countries/CHE/SNAPSHOT__irregular_stock__SRF_SEM_sanspapiers__2026-08-18.png,732779,5add3fce802dd0bd91de653bb85caaab5daf02a1023482e5abe71e2c61c3c481
evidence/countries/CHE/SNAPSHOT__irregular_stock__www.pewresearch.org_global_2019_11_13_europes-.pdf,904196,b80ccc84a3b409616fbaa5662138fd8d7ea95ee0a0307c49881855694eda97d8
evidence/countries/CHE/SNAPSHOT__irregular_stock__www.pewresearch.org_global_2019_11_13_europes-.png,567620,f789ba36c3492516c6e1ed50b14eb267878d6c4fb98ac8d32ebc11176bc50ce1
evidence/countries/CHE/data_from_source.csv,19439,814e7cd484f807d63a8abd107ce66349fa45ea57cf8e37b54375b55654280b15
evidence/countries/CHE/irregular_stock__Pew2019_AppendixB_published_ranges.pdf,660550,ce4b6a8782b2b75ff7de8a6987c750645a385cc517bfffa5808954d09cb5227f
evidence/countries/CHE/irregular_stock__Pew2019_AppendixB_published_ranges.png,601983,b060600261a891e8f23d527233e5e607195b49d1b03bd81085647ae65163c9c3
evidence/countries/CHE/irregular_stock__SRF_SEM_76000_sanspapiers_CORROBORATION.html,111877,d7efb62ffd00f9d54b85742ee74d52e414c1c7439038d9b84b05a9d9706be49b
evidence/countries/CHE/irregular_stock__dccd321871__www.pewresearch.org.html,504541,632e20141766e814e64c2b24e627f6806a9bac269422e868113185bd67ac9c9e
evidence/countries/CHE/source_manifest.csv,6699,58164dedd50a8ead4d3d39278ac98dbbde9a19e816d29ec9b15d9624c34c193d
evidence/countries/CHE/value_check.csv,8182,5f1270012e5d89297b8b08fcc5072317e187a1cc3473e112647c4dc1512a3c82
evidence/countries/CHL/MIRROR__irregular_stock__84522ec4c7__www.ine.gob.cl.pdf,402313,4d054e8e416cecb71d7b90791232f8a66373fe96072140820737adacd63354c6
evidence/countries/CHL/MIRROR__irregular_stock__84522ec4c7__www.ine.gob.cl.png,225914,0cf0b34e8ea00235e122f1bcc499e5ba7e0cb8a1cd32c837b8c2406e9393e4ad
evidence/countries/CHL/MIRROR__irregular_stock__f8f04e39ba__www.ine.gob.cl.png,213388,be56dfd679ff93ce5f05b64f36bad37e493a986244a3b511ec94824b898b84f8
evidence/countries/CHL/README.md,2265,932dd750d515422e9760b3d706d5c2f1a15476a5f05c79b1c14689d1111c790a
evidence/countries/CHL/SNAPSHOT__irregular_stock__www.ine.gob.cl_sala-de-prensa_prensa_general_n.pdf,233935,f22ec5f2fbdf08f4d3eb29439b235a133eea9b607777cb3f9ad021cc3851aa6e
evidence/countries/CHL/SNAPSHOT__irregular_stock__www.ine.gob.cl_sala-de-prensa_prensa_general_n.png,991877,9d3af79ee7ac43031f2d0b94289598d71b8a612e3a03fd8c0dbe0646a02e17a4
evidence/countries/CHL/data_from_source.csv,20272,226f03f3d3fb94cbedc693d167558b7f19757f3d94ab5100128bc7f74038ae05
evidence/countries/CHL/irregular_stock__84522ec4c7__www.ine.gob.cl.html,103171,23ba8b6f6c4804d427c03bbc71da15ce795d10b4bd54f30cdd733c9c7b5104b2
evidence/countries/CHL/irregular_stock__f8f04e39ba__www.ine.gob.cl.pdf,1110426,5a442007e6bb92e17f6e38749f6f97cf725323912eff67c2cbdea3dcc572d9c7
evidence/countries/CHL/source_manifest.csv,4866,0d0082fd28abe112765786d32b10682e84fb9e86da6df6a9be5397cb5df32290
evidence/countries/CHL/value_check.csv,4150,d64a84d356610dda72c3fab475c75e57f5be2a10d9dae2d6c25c10946002f690
evidence/countries/CHN/MIRROR__foreign_nationals__06858e32fc__www.stats.gov.cn.pdf,153535,9f1c9d9f8928f5ee4e10bb7359586d20a0e421d7ee53989412aa76ec5e396a7b
evidence/countries/CHN/MIRROR__foreign_nationals__06858e32fc__www.stats.gov.cn.png,186767,d0bd65e4835108718091ff7d6c53a81986e97d0bf0665d3577e97c118c951c70
evidence/countries/CHN/MIRROR__foreign_nationals__0bdd1c303b__www.stats.gov.cn.pdf,176084,fbc45eccc4da5dda99706a85fdd9f6b9c496ca421113678ea1d0ca037b1faed2
evidence/countries/CHN/MIRROR__foreign_nationals__0bdd1c303b__www.stats.gov.cn.png,173818,fca28ddf7282fde225108e96f704c24cb9a58d85bb36d9b769dbd376591630a7
evidence/countries/CHN/README.md,2075,85a9efbd0620df1647ae01ece3b2ef6eb73cd25f7fbad061312ab647c40ca596
evidence/countries/CHN/SNAPSHOT__foreign_nationals__www.stats.gov.cn_english_NewsEvents_201104_t20.pdf,236877,f636db140d1a8d9021ea14f2c3ea53a68ec5d6b38e36d2d12817af1ebf342873
evidence/countries/CHN/SNAPSHOT__foreign_nationals__www.stats.gov.cn_english_NewsEvents_201104_t20.png,290607,88613e9c1c0b496eec89b010c3fa1628f250723bbd80d15785f635527c1fe8b0
evidence/countries/CHN/SNAPSHOT__foreign_nationals__www.stats.gov.cn_english_PressRelease_202105_t.pdf,233546,6d953a33711697bebf959ea1f716ba9eca769a2bf0e3d94939acb0631b0e6402
evidence/countries/CHN/SNAPSHOT__foreign_nationals__www.stats.gov.cn_english_PressRelease_202105_t.png,271773,1d2ad0da9a93bd68e058ec9a8b7098e6612dbe37ed8aa96054b34fa66d812838
evidence/countries/CHN/data_from_source.csv,6594,4b964eebe07e2921b1c815ecbcb207670c29289ea2d1d4dc6e801efe8c0b4e21
evidence/countries/CHN/foreign_nationals__06858e32fc__www.stats.gov.cn.html,19101,23e20136c584618a211a2647fa5eac65a2fa5ade4af2e5c7f24886a8df1217c4
evidence/countries/CHN/foreign_nationals__0bdd1c303b__www.stats.gov.cn.html,18806,06cacd7df5779c8903386aefa497795abf59284071e94f43d618bdda20cb1cca
evidence/countries/CHN/source_manifest.csv,3752,5b89f2fcf35d9904843adeb4bfc26ef11d7ce1f29b14fd5fc1c8761afde66637
evidence/countries/CHN/value_check.csv,3024,20bd489c062e6e41cb1df31ffb3f9009d715fc2d660635ca58521cb35d72cf73
evidence/countries/CZE/MIRROR__irregular_stock__Pew2019_AppendixB_published_ranges.png,169507,97e0389de43fc9be966bb21d77e1139df6591ab91134348e6b24a8f85f51e3c6
evidence/countries/CZE/MIRROR__irregular_stock__dccd321871__www.pewresearch.org.pdf,899471,2032a6045bd0db7883a6b8a6c02bd685a1735027534564176beaccdf2ea86c6d
evidence/countries/CZE/MIRROR__irregular_stock__dccd321871__www.pewresearch.org.png,418949,7d40733b4bc13ac88813a55f677dd19ef64b0e2fd0a316840bf70c93c448f549
evidence/countries/CZE/README.md,2166,dae9ca003249365e4f6c3df7798556d249abd0072ae02fe9f95aea25b6092d58
evidence/countries/CZE/SNAPSHOT__irregular_stock__www.pewresearch.org_global_2019_11_13_europes-.pdf,904196,e46bf55af2b6718e13590c4b96dfca9d7bdd6c9ead499a8fb2f2fec654532948
evidence/countries/CZE/SNAPSHOT__irregular_stock__www.pewresearch.org_global_2019_11_13_europes-.png,567620,f789ba36c3492516c6e1ed50b14eb267878d6c4fb98ac8d32ebc11176bc50ce1
evidence/countries/CZE/data_from_source.csv,18688,27ab52d9954477e91b958b3d825703dcf155af1b56a73a0e9210dc17a3188f57
evidence/countries/CZE/irregular_stock__Pew2019_AppendixB_published_ranges.pdf,660550,ce4b6a8782b2b75ff7de8a6987c750645a385cc517bfffa5808954d09cb5227f
evidence/countries/CZE/irregular_stock__Pew2019_AppendixB_published_ranges.png,601983,b060600261a891e8f23d527233e5e607195b49d1b03bd81085647ae65163c9c3
evidence/countries/CZE/irregular_stock__dccd321871__www.pewresearch.org.html,504541,632e20141766e814e64c2b24e627f6806a9bac269422e868113185bd67ac9c9e
evidence/countries/CZE/source_manifest.csv,6497,13474b5e97c559f4f6f91a3db8cfd4a788d81676e9bab45096a161612c76495a
evidence/countries/CZE/value_check.csv,8159,714dc9ae60510cde1dcf03cda5cb9ce6958c57cd79c43a1b16c23ca21c6b6429
evidence/countries/DEU/MIRROR__irregular_stock__Pew2019_AppendixB_published_ranges.png,169507,97e0389de43fc9be966bb21d77e1139df6591ab91134348e6b24a8f85f51e3c6
evidence/countries/DEU/MIRROR__irregular_stock__Pew2019_AppendixC_without_asylum_seekers.png,143283,f23e239e999297f84aeb6cfd35c1d14ba908b3d116959cf6b7580e1c12367b71
evidence/countries/DEU/MIRROR__irregular_stock__dccd321871__www.pewresearch.org.pdf,899471,17e38b95f8e48198d0a06517470c304b304ce184da70f5dbaf5dbd1e50e4a7bc
evidence/countries/DEU/MIRROR__irregular_stock__dccd321871__www.pewresearch.org.png,418949,7d40733b4bc13ac88813a55f677dd19ef64b0e2fd0a316840bf70c93c448f549
evidence/countries/DEU/MIRROR__irregular_stock__f2d4f3db84__www.bpb.de.pdf,221344,88d551fb42f57bc37d4a30a4be0f210e8167a8c96e532bf17bf55436a0454dbd
evidence/countries/DEU/MIRROR__irregular_stock__f2d4f3db84__www.bpb.de.png,170566,361b1b0022f2a3b1f1453f10b0df2de062e06db6c212561fdd5acc3198b42dff
evidence/countries/DEU/README.md,2336,95f611408084f6a1ff755e0cb171094723777cac414a14287f607d17e7e82b48
evidence/countries/DEU/SNAPSHOT__irregular_stock__www.bpb.de_themen_migration-integration_region.pdf,218188,3d696f72243e5e22aabf31770ddb812bb19034a09379df08dcb09f7799f94f69
evidence/countries/DEU/SNAPSHOT__irregular_stock__www.bpb.de_themen_migration-integration_region.png,1692225,264cc61972d537c214493ad42a646e74dddf568f2a846792abc758b8fbf28b95
evidence/countries/DEU/SNAPSHOT__irregular_stock__www.pewresearch.org_global_2019_11_13_europes-.pdf,904196,498bffd6ac906fdda1697a425262a762c49267746300468849a6416f0e47eb7a
evidence/countries/DEU/SNAPSHOT__irregular_stock__www.pewresearch.org_global_2019_11_13_europes-.png,567620,f789ba36c3492516c6e1ed50b14eb267878d6c4fb98ac8d32ebc11176bc50ce1
evidence/countries/DEU/data_from_source.csv,20944,0cc9eaa368b047458e41c65c8aacef566f306069f3b938ec9f8e8f8e277bd74c
evidence/countries/DEU/irregular_stock__Pew2019_AppendixB_published_ranges.pdf,660550,ce4b6a8782b2b75ff7de8a6987c750645a385cc517bfffa5808954d09cb5227f
evidence/countries/DEU/irregular_stock__Pew2019_AppendixB_published_ranges.png,601983,b060600261a891e8f23d527233e5e607195b49d1b03bd81085647ae65163c9c3
evidence/countries/DEU/irregular_stock__Pew2019_AppendixC_without_asylum_seekers.pdf,1374982,56528f122fa3c4917a0fcd8db366b51661e2f715fcb092595f689d32bc931cef
evidence/countries/DEU/irregular_stock__dccd321871__www.pewresearch.org.html,504541,632e20141766e814e64c2b24e627f6806a9bac269422e868113185bd67ac9c9e
evidence/countries/DEU/irregular_stock__f2d4f3db84__www.bpb.de.html,163736,bf2b5e2dbd1ad49f4bd9dfcf80170af61e3c149d78955b996a5c1b9f0819b5c6
evidence/countries/DEU/source_manifest.csv,6881,604b9982fb3926a8fa97361129d10548ecfc5819cd5bbfefecb9bb113401fc9d
evidence/countries/DEU/value_check.csv,7760,07552f92704a237adbc33f5266da238c8609ad81bbcc32c7dea524eba0a80c34
evidence/countries/DNK/README.md,1904,d7cd6dbd9b8f1614cd756cf5d6aaaacfc4af547628c0b7ea3860dff7668f2d65
evidence/countries/DNK/data_from_source.csv,17956,f5dca2cee91a51cf98cd5350f4d482bde79cdadfcbb6fefe21e1c92eeda8cabf
evidence/countries/DNK/source_manifest.csv,5678,6185cc0d354fa89291d71c8782c4af1825f2548bf2586b033df141d44ede393c
evidence/countries/DNK/value_check.csv,7500,1b10b2abe8b63ba0abce41dc1bc1db5eb07d8acb80c046b3dc164e939b7ffe34
evidence/countries/ESP/MIRROR__irregular_stock__6fb352cb1d__www.funcas.es.png,106644,84a7686a5ee1147cdfa7f3872f037a365fc599ca362cc5d3f9e789c92c3ec8ff
evidence/countries/ESP/MIRROR__irregular_stock__b293f77eed__porcausa.org.png,113776,0559f2a189ce96f66c471fc20dadf96fcb89f24c622675e68fb060d9cda0b629
evidence/countries/ESP/MIRROR__irregular_stock__dccd321871__www.pewresearch.org.pdf,899471,2185ef86103a473ca4f279922abf54eca45ea1504b04d15adfd70888997c1f5a
evidence/countries/ESP/MIRROR__irregular_stock__dccd321871__www.pewresearch.org.png,418949,7d40733b4bc13ac88813a55f677dd19ef64b0e2fd0a316840bf70c93c448f549
evidence/countries/ESP/README.md,2882,68cc97b572d39e7531adfb9fdcfa5ca34957940f7d40f66b76fa0a72ad0baebd
evidence/countries/ESP/SNAPSHOT__irregular_stock__www.pewresearch.org_global_2019_11_13_europes-.pdf,904196,44ee5c3785e95cdced542a14b6c3a68e363b8278cfadce28a03d1d0559ae56cd
evidence/countries/ESP/SNAPSHOT__irregular_stock__www.pewresearch.org_global_2019_11_13_europes-.png,567620,f789ba36c3492516c6e1ed50b14eb267878d6c4fb98ac8d32ebc11176bc50ce1
evidence/countries/ESP/data_from_source.csv,24510,067a56464ec90a58d9897c5a07b352f43c8179f1d96e683dc55b2cb3a72e5d63
evidence/countries/ESP/irregular_stock__6fb352cb1d__www.funcas.es.pdf,415147,3a375482a595f06d7a367f8b4bd960be9e5c4d5bcc891512bc2c7897d57d24d8
evidence/countries/ESP/irregular_stock__b293f77eed__porcausa.org.pdf,1556559,e35e2410531af325ac5742bc62f3eace06c4a5306e83a04cbbe1b19e144d3075
evidence/countries/ESP/irregular_stock__dccd321871__www.pewresearch.org.html,504541,632e20141766e814e64c2b24e627f6806a9bac269422e868113185bd67ac9c9e
evidence/countries/ESP/source_manifest.csv,7341,090028eb0dc28d9872856618f3abedc92fbd827a9350d681148eda5a5ff7bb80
evidence/countries/ESP/value_check.csv,7532,75a5827b0b2ddca828265ab0ecf324c5a3006314227091cd48cb7e6bd6003aa6
evidence/countries/FIN/README.md,1904,50d13bb25ae5575550879d0dd60262849f1abe1fd08c90097a4a2416ae433d9f
evidence/countries/FIN/data_from_source.csv,17964,a5b05bc247ac36869b7afee7a93e232d28933b0257cd28b241e524bd277448ac
evidence/countries/FIN/source_manifest.csv,5678,716cfd7debd57a9a7f938b00a05704ef538f81dc547fc806a097e7e1e5e68a03
evidence/countries/FIN/value_check.csv,7532,8c19eac1903386f9a7f52cf335cb02ad82a0f77feb538b5a1d5da79bb4c4acf9
evidence/countries/FRA/MIRROR__irregular_stock__Pew2019_AppendixB_published_ranges.png,169507,97e0389de43fc9be966bb21d77e1139df6591ab91134348e6b24a8f85f51e3c6
evidence/countries/FRA/MIRROR__irregular_stock__dccd321871__www.pewresearch.org.pdf,899471,42ff59d2829eb05705bf875435d568fe4b559477cf1ada85550472a049373731
evidence/countries/FRA/MIRROR__irregular_stock__dccd321871__www.pewresearch.org.png,418949,7d40733b4bc13ac88813a55f677dd19ef64b0e2fd0a316840bf70c93c448f549
evidence/countries/FRA/README.md,2348,12abef590994d71fdde2a92a3194ad917e12132247554fbaca87ac13bc7909fe
evidence/countries/FRA/SNAPSHOT__irregular_stock__www.pewresearch.org_global_2019_11_13_europes-.pdf,904196,6d2f4585f7015916ad272ee65b354fc586aeb7a2019a961e8e1200203f6b44eb
evidence/countries/FRA/SNAPSHOT__irregular_stock__www.pewresearch.org_global_2019_11_13_europes-.png,567620,f789ba36c3492516c6e1ed50b14eb267878d6c4fb98ac8d32ebc11176bc50ce1
evidence/countries/FRA/data_from_source.csv,20187,3ebc5bc5d64315e3a6725a476cae5f9a14274062d51f0e964e834ea87d44fa3d
evidence/countries/FRA/irregular_stock__Pew2019_AppendixB_published_ranges.pdf,660550,ce4b6a8782b2b75ff7de8a6987c750645a385cc517bfffa5808954d09cb5227f
evidence/countries/FRA/irregular_stock__Pew2019_AppendixB_published_ranges.png,601983,b060600261a891e8f23d527233e5e607195b49d1b03bd81085647ae65163c9c3
evidence/countries/FRA/irregular_stock__dccd321871__www.pewresearch.org.html,504541,632e20141766e814e64c2b24e627f6806a9bac269422e868113185bd67ac9c9e
evidence/countries/FRA/source_manifest.csv,7310,48dd1c6614d43b12f6e8f7bf47cc1200395c91b8b5d9f9809a1edd2b3594ceb3
evidence/countries/FRA/value_check.csv,7685,734bd57754dc3d5dc2791f56265a2927a0f9c09c9a774cdfde7664aae18c384a
evidence/countries/GBR/MIRROR__foreign_born__ONS_APS_jan04-dec04_historical-edition.pdf,721061,5e7c3dbe354de3debe6cce71cfec87e40679ccb05f33273c25f4657e5768a471
evidence/countries/GBR/MIRROR__foreign_born__ONS_APS_jan04-dec04_historical-edition.png,197269,7008a9944e71e8fd32b5008b4ca6d729e309f14a10cd06d524ace3ae992f0611
evidence/countries/GBR/MIRROR__foreign_born__ONS_APS_jan05-dec05_historical-edition.pdf,721098,0eb769b413ee59f5a59905033a0b8530b1563552ce0e6c3730bf66431195e478
evidence/countries/GBR/MIRROR__foreign_born__ONS_APS_jan05-dec05_historical-edition.png,197962,bf692b171c4d4b532f7e6baa1908e4de04fdea617755f276ab3796b8ac9522db
evidence/countries/GBR/MIRROR__foreign_born__e1040217f2__www.ons.gov.uk.pdf,355741,585aa00a06ac9127c9799bcf5ef1b639ba721c1129d7672530c3766483e33faf
evidence/countries/GBR/MIRROR__foreign_born__e1040217f2__www.ons.gov.uk.png,232151,5532de6a253950ad2e78c5199e677d7a04a089bcb52f9085b55cd84d930a0c22
evidence/countries/GBR/MIRROR__foreign_born__f269f649a7__www.ons.gov.uk.pdf,366948,1bdb4508ec2f92b2853a89cd853d94686b4d8e496db8d7e15f583d452c5b3ca9
evidence/countries/GBR/MIRROR__foreign_born__f269f649a7__www.ons.gov.uk.png,263004,b10ea6b86948fe4756f466154a90275e9849ba4b1e95a661d9bba7af8d86a5d4
evidence/countries/GBR/MIRROR__foreign_nationals__e1040217f2__www.ons.gov.uk.pdf,355751,a65a72aaa70d6cdcd381139cff50460b9d4ae57d042bc91f22bc26826f4c5050
evidence/countries/GBR/MIRROR__foreign_nationals__e1040217f2__www.ons.gov.uk.png,232151,5532de6a253950ad2e78c5199e677d7a04a089bcb52f9085b55cd84d930a0c22
evidence/countries/GBR/MIRROR__foreign_nationals__f269f649a7__www.ons.gov.uk.pdf,366958,c553cd077460ffb7476f784e306acc0d0f159cef79eb739eeb61c6e00723cc64
evidence/countries/GBR/MIRROR__foreign_nationals__f269f649a7__www.ons.gov.uk.png,263004,b10ea6b86948fe4756f466154a90275e9849ba4b1e95a661d9bba7af8d86a5d4
evidence/countries/GBR/MIRROR__irregular_stock__Pew2019_AppendixE_revised_ranges.png,107028,7add7bb4aac739052d3511336eedf895c7fd2e0ced962a818ab7f99ca404fc56
evidence/countries/GBR/MIRROR__irregular_stock__dc9847ae35__www.pewresearch.org.pdf,557154,358abffd7e8138259e27834c2d8e9cbc2bd7ae3667296388bc7165aca7b3b73d
evidence/countries/GBR/MIRROR__irregular_stock__dc9847ae35__www.pewresearch.org.png,394070,371c96178cf066ea6b55ceb8143536a78f3542c3b12369145ed5534565eec9b3
evidence/countries/GBR/README.md,3424,b89938d306da61315177434aed0168d25cd3082bc5fe740fe0fd5e80b7becce1
evidence/countries/GBR/SNAPSHOT__foreign_born__ONS_APS_jan04-dec04_extract.pdf,45830,4a78f188166ef75d785288cf639cdbcbc2f7069899f301101b05ae261903db11
evidence/countries/GBR/SNAPSHOT__foreign_born__ONS_APS_jan04-dec04_extract.png,39996,77de5e24866f271e8fa028e2d0764b9a1ffabf0f7d996416314f4888c41bfa3e
evidence/countries/GBR/SNAPSHOT__foreign_born__ONS_APS_jan05-dec05_extract.pdf,45202,8a030c88b7c43b7789e1f036927b3c0db3f98936bf5b7f213468e20273d21efd
evidence/countries/GBR/SNAPSHOT__foreign_born__ONS_APS_jan05-dec05_extract.png,39842,099673d969f4b92cdc9453e05cedbff7d7a0559ee35606112788b69a02109b82
evidence/countries/GBR/SNAPSHOT__foreign_born__www.ons.gov.uk_peoplepopulationandcommunity_po.pdf,414477,9e745ed0684e654f243f7255d47c853d12bf622fec1e09b6010c294d757958dd
evidence/countries/GBR/SNAPSHOT__foreign_born__www.ons.gov.uk_peoplepopulationandcommunity_po.png,447017,c057912b6a3e0f73aff6e77ebee13b1ef5d87d7cfd7784cab0da8144b629ee6d
evidence/countries/GBR/SNAPSHOT__irregular_stock__www.pewresearch.org_global_2019_11_13_eu-unaut.pdf,559771,2d71dd028672e49943252abe553056903a289b81999c7b28df3c515df5b0ac67
evidence/countries/GBR/SNAPSHOT__irregular_stock__www.pewresearch.org_global_2019_11_13_eu-unaut.png,524808,e28889f4b427107b1b643c00506fbba44ac5294bb31972c26674682f2f71f467
evidence/countries/GBR/data_from_source.csv,19547,1c48b7a371e1217f1c8d3b20c5b084039616790d4c660826b2bb2665a005c422
evidence/countries/GBR/foreign_born__ONS_APS_jan04-dec04_historical-edition.xls,2364928,213ee3f82de1b7dee592ee22ff88118f9554a1b8be5295ee13956cf0907f0967
evidence/countries/GBR/foreign_born__ONS_APS_jan05-dec05_historical-edition.xls,2351616,1a8b66e2beba98efe526cf9bd9df462bd700bb358c884f4d7026c59a0fe1c46c
evidence/countries/GBR/foreign_born__e1040217f2__www.ons.gov.uk.html,90593,6487a2ef005ed6efa52300e2ff361505f6a922f49543ded672d06e5e71b2885d
evidence/countries/GBR/foreign_born__f269f649a7__www.ons.gov.uk.html,92069,c931e58745f3c2e9f599278ca714eb5a5f2105fa1563b3e547b2124a79424080
evidence/countries/GBR/foreign_nationals__e1040217f2__www.ons.gov.uk.html,90593,c4a6f1848630c0630932b699c1de2d6dc812cd3c8c06e67ee14a318a215c0323
evidence/countries/GBR/foreign_nationals__f269f649a7__www.ons.gov.uk.html,92069,488d43b71a5c3986466e94ff2e03fe95094c9c365a717544da4bd4f7a39d23c5
evidence/countries/GBR/irregular_stock__Pew2019_AppendixE_revised_ranges.pdf,559771,a759ffdf483d461cd6fc066a13b4e424a4f192e3e0a41e6a598f437aa7183ac5
evidence/countries/GBR/irregular_stock__Pew2019_AppendixE_revised_ranges.png,524808,e28889f4b427107b1b643c00506fbba44ac5294bb31972c26674682f2f71f467
evidence/countries/GBR/irregular_stock__dc9847ae35__www.pewresearch.org.html,477128,ce1351671c409e7a53c3b673e53335afbe95d68f0c337e4034a6c7bea6e7efcf
evidence/countries/GBR/source_manifest.csv,9919,b80e5c4d3c92e9e91df471783346ac98ab11fcae35b0257e521143ff74c2ddc5
evidence/countries/GBR/value_check.csv,6113,fbca9d314bc4ba3dc49abaafab8fdd59265545fe8d27daacf7a10148ec7a8074
evidence/countries/HRV/MIRROR__foreign_born__a2e888f94b__web.dzs.hr.pdf,452635,cf0ed2d9bc9673bb6253ec8062dab8a39ec92e47daa3f45542edeaa4bf7e137a
evidence/countries/HRV/MIRROR__foreign_born__a2e888f94b__web.dzs.hr.png,269034,c20294e59b9be9383ef80eb8559d8f4690ad926922ef87ea82b44bc261f10f4c
evidence/countries/HRV/MIRROR__foreign_nationals__f43cbc3a6d__web.dzs.hr.pdf,206721,ae02dd238d7cb01f8c1be079f80d194291e949b9309537e02741c3b58182f7f0
evidence/countries/HRV/MIRROR__foreign_nationals__f43cbc3a6d__web.dzs.hr.png,139825,2963a467078e678551a4600132a0ffab7ce1e498e7c08e9fec8791c00a054219
evidence/countries/HRV/README.md,1979,52c9af98f8fb2263333be5ec57e12982485cf84677fead70c873f96d2b21d8cf
evidence/countries/HRV/SNAPSHOT__foreign_born__web.dzs.hr_eng_censuses_census2011_results_htm.pdf,506529,e28248acfecef1438f203278586496b9881df75993e3ec76f66366b6a544dc82
evidence/countries/HRV/SNAPSHOT__foreign_born__web.dzs.hr_eng_censuses_census2011_results_htm.png,326749,41d9fe0780323651a7e3ff5798b389a7da22a93cdc0597e0a3a92d465918e31d
evidence/countries/HRV/SNAPSHOT__foreign_nationals__web.dzs.hr_eng_censuses_census2011_results_htm.pdf,177798,438fe9e86f07a8c2e72c2e4c63730c821294ec435b5bddf40e81ae6c2e8f5195
evidence/countries/HRV/SNAPSHOT__foreign_nationals__web.dzs.hr_eng_censuses_census2011_results_htm.png,136686,60d6d7a629515cb26e78ba46da3eceb36de677804e570f1c3de99dcc3e7c9e57
evidence/countries/HRV/data_from_source.csv,17275,8427ca6176792e1e74471d4dbd5f9451db10266b1e72574ca6466f35ec71d512
evidence/countries/HRV/foreign_born__a2e888f94b__web.dzs.hr.html,42814,4c95f093941a4b299a6baad692d8320a558111da4b40251e5d851ab32f829aa1
evidence/countries/HRV/foreign_nationals__f43cbc3a6d__web.dzs.hr.html,14475,457f958296c55414184c3e704cfcc9c0de7dc78f95da7c0c0e64d5f9685b42ba
evidence/countries/HRV/source_manifest.csv,4693,778433561fdba1aaac4df7979dcac6b40f7fc53250a7a325d09d7a0add38be17
evidence/countries/HRV/value_check.csv,6494,3c332ac796ec8f47d906db76b26342f74bda0e3e56c8965ffa4066c2ba35d012
evidence/countries/HUN/README.md,1904,da3e74ab643cfa46774506b980c685b0188c2912e2385ae2cf3173da765fd0c3
evidence/countries/HUN/data_from_source.csv,18091,c22a000ed724477261be5b2d61c79f77bfee49a3165e5a6f424b7608d9fa7562
evidence/countries/HUN/source_manifest.csv,5678,8199cbe85e4f6c37642680998531ba079041d97802ac473c55fa7c048ab5ad44
evidence/countries/HUN/value_check.csv,7590,f0f647cb1bd3d94f15d765983655941e51198033d1084ad567a037eee17eeb95
evidence/countries/IND/MIRROR__foreign_born__ORGI_Census2001_D01_India__PC01_D01_00.pdf,215897,9ffacc901d0c363292de9d0c108280e4a5e2b5adfef01a6da1b583ea5dc31df8
evidence/countries/IND/MIRROR__foreign_born__ORGI_Census2001_D01_India__PC01_D01_00.png,141496,ec7d536af97ccb12e46561c2b2397e64f8f8938f2adfbe8d2761a505dfb24349
evidence/countries/IND/MIRROR__foreign_born__ORGI_Census2001_D01_India__catalog-19293.pdf,351377,b3c0942abfe7a54cccb286b6df39f21069e2cae8ddef7153e596a4c5864ba7e6
evidence/countries/IND/MIRROR__foreign_born__ORGI_Census2001_D01_India__catalog-19293.png,290527,870558679a39d95b6965ac34a3e7b923fb3220db361a59d2c0875fe62e1304b1
evidence/countries/IND/MIRROR__foreign_born__e47d30324c__iasp.ac.in.png,90164,d1a9c55f824500d09d12c624460ba9e691c0ea3a9a7df9729b984cd43a380b35
evidence/countries/IND/README.md,2078,81805a4f8442dd715cdfc3fff8574094e196ee49379969364f875e7cc2d29c53
evidence/countries/IND/SNAPSHOT__foreign_born__ORGI_Census2001_D01_India_extract.pdf,49789,bbbc3ba63210d5abdc2d0352948ffe4b727dc6bdecb88557ff5266609ea9d460
evidence/countries/IND/SNAPSHOT__foreign_born__ORGI_Census2001_D01_India_extract.png,51284,aaef2bb853e46357b7ed930c54c34cf16c10ac6f2710b130efb1ac5aac19139e
evidence/countries/IND/data_from_source.csv,6248,25ef733bf9d87de983f9de5f9bcf7cc8d9b45e2dceedc70950ad9038610651df
evidence/countries/IND/foreign_born__ORGI_Census2001_D01_India__PC01_D01_00.xls,518144,b3661d7c5810033ced8bfe3ba938a734d43e9b99413cb7a7d6aec7e47b2990e7
evidence/countries/IND/foreign_born__ORGI_Census2001_D01_India__catalog-19293.html,122988,4fbce2931996398f245772f0cd1ce14d0dc483efe54369dd871b39b47c85cb9f
evidence/countries/IND/foreign_born__e47d30324c__iasp.ac.in.pdf,374048,b2a7ccf2c077968d4b0db297c0916c4c1556790ac3011e1e70b516f956e9e514
evidence/countries/IND/source_manifest.csv,4118,0e70e45c9cb8e315d993a6e311a65da9ab5e8c02d6cde4eba9edc1d09989d28e
evidence/countries/IND/value_check.csv,3024,a30393ce19df30b653fef475634d9248a899da6cbe4ee1031fab29f016a72b5c
evidence/countries/ISL/README.md,2094,9db6a0395099a246dc2a928707c25971c581a656a8c5dbb75102477edeb7ee75
evidence/countries/ISL/data_from_source.csv,13987,03361e46e85bb527c6889a54a51c9ae0d486b3903e4f63719c35060afd345c64
evidence/countries/ISL/source_manifest.csv,6489,35dc845985410c4378937a3a4034e33bc2ab4fb5af55cf43fc25d3f97fbbc855
evidence/countries/ISL/value_check.csv,5606,3eff610f3ecacabe85b3a98a2dfce7990667a907e7fad964a8b6d0559fec3534
evidence/countries/ISR/MIRROR__irregular_stock__PIBA_zarim_2022_q1.png,35381,bb0735c7b52c194da93a942f5c3b4e416e1fcb186ac194fa68c208469baed67e
evidence/countries/ISR/README.md,1985,9cddcbf6c5ee9d278a5b5709841a216a19b18300a03d09a418aad2036cd7d317
evidence/countries/ISR/data_from_source.csv,12336,9fd33c7353f0e6fa0b70e834f0b7811e9bdea9cc41397f2384b4ee1efb78622d
evidence/countries/ISR/irregular_stock__PIBA_zarim_2022_q1.pdf,240817,c45032c798d3f9ea4c83acdb1fe2867c0e8acac7e5c3795f3c3b47fd72db3fb6
evidence/countries/ISR/source_manifest.csv,3956,affdf40b78e9c430a70f9083115014508e96641952553d895a1ccd286dc39f1d
evidence/countries/ISR/value_check.csv,3870,f20af0f65b98023f580f16a66446406cf352cfe927d0653999964e89c907c84f
evidence/countries/ITA/MIRROR__irregular_stock__77693a7efa__www.vita.it.pdf,2010908,f844d201923a293c9d27deb1b34f6761d8e7b57e8ec987b2ff10c0ead9f9db3a
evidence/countries/ITA/MIRROR__irregular_stock__77693a7efa__www.vita.it.png,762715,3d1fd3eaebc1befe018e6b810c072bbce6996063fb2621507f324f8d8d1749e2
evidence/countries/ITA/MIRROR__irregular_stock__Cariplo_XXVIII_Rapporto_ISMU_2022_CORROBORATION.pdf,493272,0dbcbcc1802a7706969f4719f60be936bc024ef1ee035c2bd8f958453a0ae5a0
evidence/countries/ITA/MIRROR__irregular_stock__Cariplo_XXVIII_Rapporto_ISMU_2022_CORROBORATION.png,529320,a97cce4dd10a057c7b7f27af23a4f76f2b73bb4117095c9cf817567c07aee067
evidence/countries/ITA/MIRROR__irregular_stock__ISMU_Stime_irregolari_1991_2021_agg_maggio2022.pdf,138280,dbd3108af75cbfe5b06ce3dd2e11514d83356c4339d0450c4e4aa67f41554f9f
evidence/countries/ITA/MIRROR__irregular_stock__ISMU_Stime_irregolari_1991_2021_agg_maggio2022.png,106906,32b111a6a8eadc78800a936f24bbc2a27034c56a6fcb0e426e4766226eda2616
evidence/countries/ITA/MIRROR__irregular_stock__ISMU_XXVII_Rapporto_2021_comunicato.pdf,1576869,2cd7d2212572cd0751bbf3742e0899eda20f8d88c19359cf67f73b4fcb153199
evidence/countries/ITA/MIRROR__irregular_stock__ISMU_XXVII_Rapporto_2021_comunicato.png,509393,d13d5106df01ccd2aea6dfffd36164d7e50206025439569f37edaf9f0b044570
evidence/countries/ITA/MIRROR__irregular_stock__ISMU_XXV_Rapporto_2019_comunicato.pdf,2634268,7d71046fa7ba5743d5db75501c6fbe6768b1ada387cc75a4701349731dcd28d3
evidence/countries/ITA/MIRROR__irregular_stock__ISMU_XXV_Rapporto_2019_comunicato.png,629981,a9ac05e65872079977ca131de93e44ae475df6bb8c28f132f0b1bae955450436
evidence/countries/ITA/MIRROR__irregular_stock__ISMU_data_on_migration_CORROBORATION.pdf,3726913,09f4c76d3ecc476361b2be4a0fc95e497f6d21c114fd4026a7d3e1b591070451
evidence/countries/ITA/MIRROR__irregular_stock__ISMU_data_on_migration_CORROBORATION.png,183837,9695ce89652fe8478592fb181c160dc6e1042d38e4e4b7bcb361b2087007885c
evidence/countries/ITA/MIRROR__irregular_stock__a0f7dc3c81__www.antoniocasella.eu.png,163115,dd25fef5b2cd90c3e7b06fad6b0e84710c9dd9357902efb72f0dc1057c82396b
evidence/countries/ITA/MIRROR__irregular_stock__dccd321871__www.pewresearch.org.pdf,899471,af70f8dc669aa06fbf0cd75b7f39b3adee736f11aa232fa696646d6c713892b1
evidence/countries/ITA/MIRROR__irregular_stock__dccd321871__www.pewresearch.org.png,418949,7d40733b4bc13ac88813a55f677dd19ef64b0e2fd0a316840bf70c93c448f549
evidence/countries/ITA/MIRROR__irregular_stock__eeb1002910__www.neodemos.info.pdf,2190823,858ab99d728bb15d6f999ba3122623c7ab6b9d40a1f02c411ed518d3084d1213
evidence/countries/ITA/MIRROR__irregular_stock__eeb1002910__www.neodemos.info.png,722768,790c17882da2dc94b950f1de59f9433fce54f7188a3bea39f31d1c133facd382
evidence/countries/ITA/README.md,3582,eeeda1f48f4601e8da494b0a5799cf05d5123558f969229bf9fb3bd928b160a2
evidence/countries/ITA/SNAPSHOT__irregular_stock__ISMU_data_on_migration__2026-08-18.pdf,3710519,d16d57f9eb6f673af1865928ba6bd5a9c2ca6f212c856bf99ff0db9feab1a648
evidence/countries/ITA/SNAPSHOT__irregular_stock__ISMU_data_on_migration__2026-08-18.png,164898,c8a2dd68338f135fa7b4110c7a7457ef0dfce95d48f8a4326393fc7ef2f0e501
evidence/countries/ITA/SNAPSHOT__irregular_stock__www.neodemos.info_2018_07_27_irregolari-sanato.pdf,3547094,7146c51ddcbb0b86de6781d9222555234a3b03c03725a2d2e656779dd36b4f2f
evidence/countries/ITA/SNAPSHOT__irregular_stock__www.neodemos.info_2018_07_27_irregolari-sanato.png,1148122,33e49a741f1f9109454cf09b21302e15a603209ef617282c3cf1a6c1a7ecd309
evidence/countries/ITA/SNAPSHOT__irregular_stock__www.pewresearch.org_global_2019_11_13_europes-.pdf,904196,29eb83d7c67479272ed161b0490bb14d8335ec6f8d28a4d391af91d2396c18a7
evidence/countries/ITA/SNAPSHOT__irregular_stock__www.pewresearch.org_global_2019_11_13_europes-.png,567620,f789ba36c3492516c6e1ed50b14eb267878d6c4fb98ac8d32ebc11176bc50ce1
evidence/countries/ITA/SNAPSHOT__irregular_stock__www.vita.it_rapporto-ismu-calano-gli-sbarcati-.pdf,2262035,55ac8d7f02a4e244417deddd3117bee0c6c720eca32e221ba04a87abfb9baea2
evidence/countries/ITA/SNAPSHOT__irregular_stock__www.vita.it_rapporto-ismu-calano-gli-sbarcati-.png,1070947,4553ea6255b2baac2a96a59c5c9c294b497efe7e4dd663ecf8c0e960e890606d
evidence/countries/ITA/data_from_source.csv,25425,81c9c241acb8d9c59f1bf102c71118b826a2780de95786396eaf0037173cd0e0
evidence/countries/ITA/irregular_stock__77693a7efa__www.vita.it.html,135359,2d6e452368e43393fd51210509e2a623ec87c6a9684239ae20c67c5da1bbba84
evidence/countries/ITA/irregular_stock__Cariplo_XXVIII_Rapporto_ISMU_2022_CORROBORATION.html,94043,2cab8f86c4937762e2341c103b769539352c341eeb721a41d752e125ce5e92a2
evidence/countries/ITA/irregular_stock__ISMU_Stime_irregolari_1991_2021_agg_maggio2022.xls,99840,42aa54c48a9d709801b99057bfdfe5628dcb077443e0ba07bde6d780af58333e
evidence/countries/ITA/irregular_stock__ISMU_XXVII_Rapporto_2021_comunicato.html,204058,06c373e33fb072b75093886409deb7e8a61d916155d9c8375cdfa131761bc84b
evidence/countries/ITA/irregular_stock__ISMU_XXV_Rapporto_2019_comunicato.html,210529,3122b9d4f3e914d8acdf432096c3fe379d068767d0e3f976f681f5dd18088fa5
evidence/countries/ITA/irregular_stock__ISMU_data_on_migration_CORROBORATION.html,306959,3bca5fdcd6da24919f3a575469d0030d0be8a6a7e9dd7ab60027c5852b15c231
evidence/countries/ITA/irregular_stock__a0f7dc3c81__www.antoniocasella.eu.pdf,358534,9e9b9bfecfcd5e09daf71b26a9dcc173746ab293f01094c6341e2860ebcc4bb0
evidence/countries/ITA/irregular_stock__dccd321871__www.pewresearch.org.html,504541,632e20141766e814e64c2b24e627f6806a9bac269422e868113185bd67ac9c9e
evidence/countries/ITA/irregular_stock__eeb1002910__www.neodemos.info.html,129358,3c5f83095b9329eca0b0e91d40e8258429bc9ca2e00f0e5681efe0f949741c2f
evidence/countries/ITA/source_manifest.csv,9386,94d44a246197dbd60e788e28576756e6c58c6cfa5781b6947b89ff77f619c711
evidence/countries/ITA/value_check.csv,7536,b00a35363c9524f711512647ca4318edd985a019513e1645e44a643cb92135fd
evidence/countries/JPN/MIRROR__irregular__cccd1ea084__www.moj.go.jp.png,671999,c94024c74bcc3c6fc9cccf74b08eff2826cf597096480daef40952d4caca8cf4
evidence/countries/JPN/MIRROR__irregular__ccfa80d7df__www.moj.go.jp.png,88691,46c078cf80f5edb639e739ee943c4c88d2e1416e0e7b6405d16a5668fed3cb89
evidence/countries/JPN/MIRROR__irregular_proxy_overstayers__079fcae015__www.moj.go.jp.png,69085,ae30905a60736b3aa69c7b51cf46f83d173719cbbc81c873c70bc89502f6e7c6
evidence/countries/JPN/MIRROR__irregular_proxy_overstayers__3c80fc7397__www.moj.go.jp.png,244193,41a4ba237e5d0f0e494c7baf8d7747a057af9e726661d1393b7748a6d76dd8b8
evidence/countries/JPN/MIRROR__irregular_proxy_overstayers__9ff4b8949e__www.moj.go.jp.pdf,258401,308985efe38c9bda71e5dcf73ba68d5cb6cc09a334c4d038a3ad8c92c75b3126
evidence/countries/JPN/MIRROR__irregular_proxy_overstayers__9ff4b8949e__www.moj.go.jp.png,271601,a9e4918f4c6f80280ef185b3b07380da926e8eb95c2483630f36b2743a7d121a
evidence/countries/JPN/MIRROR__irregular_proxy_overstayers__a54f439438__www.moj.go.jp.png,92895,a04afd899a051c45e0f1f38a11c74a08a2669d015b95b9f6ccd0cb8395ff801a
evidence/countries/JPN/MIRROR__irregular_proxy_overstayers__b84a36a0c9__www.moj.go.jp.pdf,233291,b59889ecf1a74d38b3381b78bb50233b71b69d23e38cb95ae0905c93e6b13268
evidence/countries/JPN/MIRROR__irregular_proxy_overstayers__b84a36a0c9__www.moj.go.jp.png,271601,a9e4918f4c6f80280ef185b3b07380da926e8eb95c2483630f36b2743a7d121a
evidence/countries/JPN/MIRROR__irregular_proxy_overstayers__d9d919a65a__www.globaldetentionproject.o.pdf,5991557,78e3b46d1b517fdb677764987675061ed350321131aa503af9ad2428a65b0769
evidence/countries/JPN/MIRROR__irregular_proxy_overstayers__d9d919a65a__www.globaldetentionproject.o.png,1557915,c7e6f75a9f87c1201e58046864aea7318fef6dc45cce4dc4caf7d6fe7df0ea73
evidence/countries/JPN/README.md,4044,4bd3057dbf1aea3e8ec3744f48adc99c8b463e8d99c7c1caa417f4bb204aad11
evidence/countries/JPN/SNAPSHOT__irregular_proxy_overstayer__www.globaldetentionproject.org_countries_asia-.pdf,6081685,e06603e7b1908d995c8e11f5f6751bc691b7a626233b58dc87acb84c95756c34
evidence/countries/JPN/SNAPSHOT__irregular_proxy_overstayer__www.globaldetentionproject.org_countries_asia-.png,1651652,cdd6ea10dce5674d9add8a967a69295a2ce43b7888f5b53376d16b7775bd7dd8
evidence/countries/JPN/SNAPSHOT__irregular_proxy_overstayer__www.moj.go.jp_isa_publications_press_13_00003.__from_archived_html.pdf,258401,218b31a1b397062203f26d8d8b2b369e13e95876bf9fc01742ea6383a0a88eee
evidence/countries/JPN/SNAPSHOT__irregular_proxy_overstayer__www.moj.go.jp_isa_publications_press_13_00003.__from_archived_html.png,377751,9e9bfb086c48ec656609747d73ac2bd403c54f21bc8d44f8ede0964621eef011
evidence/countries/JPN/SNAPSHOT__irregular_proxy_overstayer__www.moj.go.jp_isa_publications_press_13_00013.__from_archived_html.pdf,233291,0f2b951a4f1c7ff67424b8a90bea8198280f2d8d3037915251c0f2d32de6918e
evidence/countries/JPN/SNAPSHOT__irregular_proxy_overstayer__www.moj.go.jp_isa_publications_press_13_00013.__from_archived_html.png,377751,9e9bfb086c48ec656609747d73ac2bd403c54f21bc8d44f8ede0964621eef011
evidence/countries/JPN/data_from_source.csv,24489,a689ae6345b6511c64606a95b9f1696966bfad2be26575b7ac5ea09ed4435c7c
evidence/countries/JPN/irregular__cccd1ea084__www.moj.go.jp.pdf,14787767,3e7ccd40a4cf145505b5d0d869dec50463064f88cc973afbb97eb845d4293a25
evidence/countries/JPN/irregular__ccfa80d7df__www.moj.go.jp.pdf,7589110,e194b147c1d54b2ec3dde796bdbec2ffb95d4efb64e168bbe39d655a1560b2c0
evidence/countries/JPN/irregular_proxy_overstayers__079fcae015__www.moj.go.jp.pdf,129563,fdf1fd57e1505a8c3eb04bbbee6ef2fb362bd81e349bce6696decc714b4384ce
evidence/countries/JPN/irregular_proxy_overstayers__3c80fc7397__www.moj.go.jp.pdf,965699,06d04dae4286a0f806bf26f1b6ac50b63a7181351a8473ac82ac19e1bc44922f
evidence/countries/JPN/irregular_proxy_overstayers__9ff4b8949e__www.moj.go.jp.html,32698,06dca1370a59f48504aef9e90a829202f132da1d619ee56231394b3b68b8c595
evidence/countries/JPN/irregular_proxy_overstayers__a54f439438__www.moj.go.jp.pdf,1313015,b1d727361d9b711cedab39c29cbd4f1dc289f8a7fe0012b240b1c82046df7c82
evidence/countries/JPN/irregular_proxy_overstayers__b84a36a0c9__www.moj.go.jp.html,24162,8600ef4c343daf79a6d2e10d33c9f323a526dad43c42a896a85c970050ce3b3d
evidence/countries/JPN/irregular_proxy_overstayers__d9d919a65a__www.globaldetentionproject.o.html,729399,27165eb70e07c79baf7c046c201af84e3b2c6624859801a659080e5e8248903b
evidence/countries/JPN/source_manifest.csv,6246,d4dd0254101dd00a73db1eea70391cecd44a084271349cf0f9f4c25517da1a84
evidence/countries/JPN/value_check.csv,3905,f0f8e28df8e757cddf5eebd5de9e0ea3cfd6da8fccb5cd2d968fa067578f3182
evidence/countries/KOR/MIRROR__irregular__be27eb2dc4__www.moj.go.kr.pdf,523534,f35075b01ba4a762faee79970efe3e637924976a37762f3d0baaa9796de0bc70
evidence/countries/KOR/MIRROR__irregular__be27eb2dc4__www.moj.go.kr.png,179972,34acf08baac816fc2fe301b78de33403fae047e723116f54aa59176487172f9e
evidence/countries/KOR/MIRROR__irregular_proxy_overstayers__MOJ_annual_illegal_stay_2011-2025_datagok.pdf,49822,2b88d26696b1d931668a7cdf59f972b392006e64f573be9a83af9f8cb8ccb0e2
evidence/countries/KOR/MIRROR__irregular_proxy_overstayers__MOJ_annual_illegal_stay_2011-2025_datagok.png,41913,9abef050889b47a436612e2360570417679e0dae2b9ce2e2e26240d285ce1c9e
evidence/countries/KOR/MIRROR__irregular_proxy_overstayers__MOJ_yearbook2015_ch6_pp74-75.png,87116,1bf704ccf6cb7911fb87b6afb675013dea4462b345b8d9933ffa707a7978e794
evidence/countries/KOR/MIRROR__irregular_proxy_overstayers__f55526aebb__www.ekw.co.kr.pdf,8924475,f003d23d18fc8060bacb48802520efcc3c6f92505c0b72ecf6e5b042147185f1
evidence/countries/KOR/MIRROR__irregular_proxy_overstayers__f55526aebb__www.ekw.co.kr.png,1023028,c71fcbd3eb8534bfd054cc26f707f4cd22f99f8d69cbdf7507768bdd72fee408
evidence/countries/KOR/README.md,2835,3988e5910063bc96c63f1347b1f80ae16793d6ac7a8d18f43ccb770a5bc1cf55
evidence/countries/KOR/SNAPSHOT__irregular_proxy_overstayer__www.ekw.co.kr_news_articleView.html_idxno_1113.pdf,8839295,de659413be4ce64e7ae88d62c8fa8d16aae05e3733726478b4836dd45686a46e
evidence/countries/KOR/SNAPSHOT__irregular_proxy_overstayer__www.ekw.co.kr_news_articleView.html_idxno_1113.png,1782049,d83bc61bfb73b3623978a997996f0e18e938fca43b8f4e77e0a822613d7948ef
evidence/countries/KOR/SNAPSHOT__irregular_proxy_overstayers__MOJ_yearbook2015_korea_kr__2026-08-18.pdf,1194416,5625f7321b647935eb14a3d5c7bd26b6b5b304e9953db266636592685c2314c3
evidence/countries/KOR/SNAPSHOT__irregular_proxy_overstayers__MOJ_yearbook2015_korea_kr__2026-08-18.png,543826,0d4d4b856972f545e3d4a5b0fdd6832ecf5166eabaed7b001b489d63a146eeac
evidence/countries/KOR/data_from_source.csv,18385,acb8a1b21875fb7d2b497119e1dbbbb12ea8dcb263c907d7bbf865a2dc72f8f2
evidence/countries/KOR/irregular__MOJ_illegal_stay_page_header_SCREENSHOT.jpg,69721,3a2afad66812a17372f461198b933a5fb993d82f44e9ec122e173e6da820cfa0
evidence/countries/KOR/irregular__MOJ_illegal_stay_table_2021_2025_SCREENSHOT.jpg,55232,3d4cd0784c9aa962290ee9fd290f349b5acea20bc260bd1fa4eb20b7b1bb62a3
evidence/countries/KOR/irregular__be27eb2dc4__www.moj.go.kr.html,264197,c3ed301b23989459608d075c15bb8dade054c63d0b048fae18f1b66b7ead12c8
evidence/countries/KOR/irregular_proxy_overstayers__MOJ_annual_illegal_stay_2011-2025_datagokr.csv,217,524579070fa8a91ef35ce5a0a1d8f19898879570f8c71238979378ee2688607e
evidence/countries/KOR/irregular_proxy_overstayers__MOJ_yearbook2015_ch6_pp74-75.pdf,605059,9ea3141b94e5257e83f3067ce4f3f05673fc53bf412cfd22ccde77490d2e075f
evidence/countries/KOR/irregular_proxy_overstayers__MOJ_yearbook2015_table6-1_2010-2015.png,48972,6eeed08fdc8d4709e8188e26343e52f2c7add4ba593f758c32e0c8415db1cbe7
evidence/countries/KOR/irregular_proxy_overstayers__f55526aebb__www.ekw.co.kr.html,174743,f7b2aca554d0c5f253f82d2a206425d59d5cdb858c49aa57a325fa35e067ef6d
evidence/countries/KOR/source_manifest.csv,6302,cc9bbc90f3e077f7f480a92a063dcb6142587333c1ec61bd3efad4293cc005a5
evidence/countries/KOR/value_check.csv,4453,3d738e38336246815b5df5cba7c4e34da8474770d4ecc028f9e1ae448ce49a27
evidence/countries/LTU/README.md,1906,51170ce36d1c7a4f9cf1906fd9a12946e967e8c3ba3a50e5ce8cb1b03cc8871e
evidence/countries/LTU/data_from_source.csv,18007,d62779665400a3d599c8ae884854970900188fdcb2251fc5f9a60b5fee2fea44
evidence/countries/LTU/source_manifest.csv,5678,d7afe75b432262173a55c37308d410d4fa6eef33284a62c55700baacd6d1756d
evidence/countries/LTU/value_check.csv,7668,498290ab32ee06cb1b8f3a7132360cfb432c27b2b7ac83e35ec24bbbe88c6e02
evidence/countries/MEX/MIRROR__irregular_proxy_detections__UPMRIP_SEGOB_boletin_2023.png,1544461,2f20696f51556bf49390e2d7eb5984888d73dc3e24805647948d0a16a050ac1c
evidence/countries/MEX/README.md,1994,3325aeeb6dcf3276c15cee44ac1827364123af8d3fe4aa4e84b17339b1017e9f
evidence/countries/MEX/data_from_source.csv,17749,599988418df33b35ed9dc55bba26844df670325e708e230a2c2836930cb6ba9a
evidence/countries/MEX/irregular_proxy_detections__UPMRIP_SEGOB_boletin_2023.pdf,833784,5aa2a7fed3c01718b0f2fe853f283fab8e64711939d5b425a85606058d9d9cd8
evidence/countries/MEX/source_manifest.csv,4427,80d3cea551de22499de5df38dcf63026157f13757aefb428138854955901ca94
evidence/countries/MEX/value_check.csv,4529,41bfc5c29ac4903ca06ccb0f74822e72de0ec7d4e4aef9dc330dd0758a9312d9
evidence/countries/NLD/MIRROR__irregular_stock__6dc83bd3ff__www.wodc.nl.pdf,115604,bb648fcda57dd1146df95d43b887b33772e64bfc363d11ae9569619163e651f3
evidence/countries/NLD/MIRROR__irregular_stock__6dc83bd3ff__www.wodc.nl.png,116221,be01589a009d1e5b2a63057181eb0c558b1d5601241012bc4818da5cb47249e3
evidence/countries/NLD/MIRROR__irregular_stock__7ab05f83a3__www.wodc.nl.pdf,204888,aa001e8c398d48fde8d4d27429259acd544716fd89de54272cc99e439fb90372
evidence/countries/NLD/MIRROR__irregular_stock__7ab05f83a3__www.wodc.nl.png,251960,665a37657d6ee2fdba9b4700ab9ce05f26e9ae7f596999bbb6be043f2da81c60
evidence/countries/NLD/README.md,2333,e63d5d6f69ea467d5e2d92b3ab68eb25c3f3c039a05be1ce59b905da5239f222
evidence/countries/NLD/SNAPSHOT__irregular_stock__www.wodc.nl_actueel_nieuws_2020_12_16_nieuwe-s.pdf,160061,cf109de6552752af2f7453ac6d29350786db7254070474482b762a0833b7cf0d
evidence/countries/NLD/SNAPSHOT__irregular_stock__www.wodc.nl_actueel_nieuws_2020_12_16_nieuwe-s.png,200149,0d9ea9da9f68cb0b55f70c6f2fc43708a982f329942ed15d6c89c7f32a32ef0b
evidence/countries/NLD/SNAPSHOT__irregular_stock__www.wodc.nl_actueel_nieuws_2026_03_31_nieuwe-s.pdf,667595,4850701d3a73919db65702cce9c467d73188adf63373c432d9bf08bdcf296003
evidence/countries/NLD/SNAPSHOT__irregular_stock__www.wodc.nl_actueel_nieuws_2026_03_31_nieuwe-s.png,635531,1fdc3e7e9395a37f106a1fc320b3eb9ec4c46f877b6e1ab9057baef24b8c629b
evidence/countries/NLD/data_from_source.csv,21988,f1a4aacf14963f9837119b700af700b0f6e1382e80b2eea71da0f3be3406522c
evidence/countries/NLD/irregular_stock__6dc83bd3ff__www.wodc.nl.html,207965,d94530fb17958b56f889a36420e5f10c933e5987bda5580a2057743dfee93929
evidence/countries/NLD/irregular_stock__7ab05f83a3__www.wodc.nl.html,233709,1441bf9d33adc8b12341a6d942448c2c70096a83faa256e18d3385049a3d3a9a
evidence/countries/NLD/source_manifest.csv,6438,e998018cb19af4e2128e28ee8c43ec27e878b94dc09d84aa13f30a7a4c19bb30
evidence/countries/NLD/value_check.csv,7948,8af01f345ba1ae99fd5c2475fdfecbcb8ec678e761c1a9b934b5576bd46f9f6e
evidence/countries/NOR/README.md,1903,57f4f3649dbf34b9623331d31908dd68d167038b005f86959a86c8b72b9e8ac5
evidence/countries/NOR/data_from_source.csv,17964,02d0518fd62a8410c01aa4a74c8ced7335695634d9f8eea73981aa623d20f283
evidence/countries/NOR/source_manifest.csv,5678,26bc5e89e1bd6f1d91cc6a15d253b76e69a44e4fd611e3c076f132047230079d
evidence/countries/NOR/value_check.csv,7451,54a926dca1adba7fabbe6fe36b4d4bd444c0c3d9c27ecf85545a23259da93744
evidence/countries/NZL/MIRROR__irregular_proxy_overstayers__4f53adc2ee__immigration.govt.nz.png,125022,b828cc3644f10f162bd359bbac768f13c404d76584bed252c0e63b56ccfbb58f
evidence/countries/NZL/MIRROR__irregular_proxy_overstayers__c9a01f8746__fyi.org.nz.png,94635,df461421e575f5817ffcf3f7c091b4c2ca342860a13b52eceb5aeb94c102052d
evidence/countries/NZL/README.md,2300,70bc901d5dccebe3fad0d02f796593230b6890fc7d61f5b9d18ea49880d3fea0
evidence/countries/NZL/data_from_source.csv,11314,e588def3f8f245945a395337e40c814bbc68904abb795d4867bb9de9bf257b04
evidence/countries/NZL/irregular_proxy_overstayers__4f53adc2ee__immigration.govt.nz.pdf,267350,8bbe41fed0d41cd071c4ba7109b3d7f98dba39f7ceea76ace20752536bb30d77
evidence/countries/NZL/irregular_proxy_overstayers__c9a01f8746__fyi.org.nz.pdf,825149,8d7cf7e1963b80499464eca2174c1a53f6367bfb60c20d8f1345aeef12b22015
evidence/countries/NZL/source_manifest.csv,5148,8c751e3364f464a819c92acf400fe04d83c92d11f3ed993e97eba3260f2d7b37
evidence/countries/NZL/value_check.csv,3244,0625224e0eb191bf407085c31893194f8264b1adcb8a8d65d0b870f7a345963b
evidence/countries/PHL/MIRROR__foreign_nationals__8847422287__www.sunstar.com.ph.pdf,212788,1e035ff0fdc7ae39b5b0ee6d8674c531311dc8ee2872b47fe6d9ffae59891b22
evidence/countries/PHL/MIRROR__foreign_nationals__8847422287__www.sunstar.com.ph.png,263166,98b0caf1a73fff8319a7d0a7dad9518644120d2f42cc19a4ae211318665cc249
evidence/countries/PHL/README.md,2278,e73bd260ad0ec3f092bfad4ce90347839392e93c4cab0bccba376157195f7da8
evidence/countries/PHL/SNAPSHOT__foreign_nationals__www.sunstar.com.ph_bacolod_nearly-200000-forei.pdf,3027967,ac3eb6ca2f0ae366d0cb9360c8c19589aba0134875bab49470d508c68b5f527c
evidence/countries/PHL/SNAPSHOT__foreign_nationals__www.sunstar.com.ph_bacolod_nearly-200000-forei.png,1032844,2542f55f31592e2890b8d1b6173f1a6a52d8856829133a30f552dbf8d013447f
evidence/countries/PHL/data_from_source.csv,6473,f69abf672d79a6be9c6148bd2b3050b7fff69d1e0f85bc1c66de648652744786
evidence/countries/PHL/foreign_nationals__8847422287__www.sunstar.com.ph.html,763359,5c28404f9885757922d65fc01d3cb716aeb8519f1f40f01c79ac0139ec307b55
evidence/countries/PHL/foreign_nationals__PSA_2020CPH_foreign_citizens_SCREENSHOT.jpg,93248,a667eb54b5238ded85bfa297a12b75c689380d501b55ba46353aabac827ba89c
evidence/countries/PHL/source_manifest.csv,3954,97efa9ff836b32cde9cf9a41d9ec9ca9e1120bb9b546d60d3dd51d604d69dabf
evidence/countries/PHL/value_check.csv,3140,b172414bda2b19d3803501a719da2fbd9f2e3df217dc6911879ad9d1978c4379
evidence/countries/POL/README.md,2093,f223780a8928d94d7e71a10c1fa1796646c124449361373f75e529897a9381a2
evidence/countries/POL/data_from_source.csv,17982,7363a3729504b38701161d4222457f0e51533459ce8d5f408735231cc7bbebc5
evidence/countries/POL/source_manifest.csv,6491,f962ce288b0d5aedaf694cce4a31c9b9b5730c5d0794fa7df15aefa7627b5d63
evidence/countries/POL/value_check.csv,7531,83c32763b5cfed8657bff612ab0bff273d057d1b63a791667955b70c19b3500c
evidence/countries/PRT/README.md,2920,3a367e3d2865847960a7389f008fc123932e97c9cd337769714d47b65ef47123
evidence/countries/PRT/data_from_source.csv,18083,484906602e045397306e5af696f303dab34a487f981693471211b47661b2c859
evidence/countries/PRT/source_manifest.csv,6491,9a3ea5c0f34413de8cd08e4db71c22dfd00de844fa9e73969d794a521521dcd1
evidence/countries/PRT/value_check.csv,7964,fe9bfe4d5785eefb1bc1d0231d6a4038133f148124b18cc5a120d3c54b7983c2
evidence/countries/RUS/MIRROR__foreign_born__UN_EGM2006_Antonova_Russia_ESA-STAT-AC119-17.png,63904,aefe0266e3591d61b434ce38aa67aec78fda7047635a6f8514827866c09fc5f3
evidence/countries/RUS/MIRROR__irregular_stock__dcc58afd38__www.themoscowtimes.com.pdf,4972625,751132bcfb2257b31cf5f85a24c3ebd1fbd9599208c62cb9eacf7c7569fdff78
evidence/countries/RUS/MIRROR__irregular_stock__dcc58afd38__www.themoscowtimes.com.png,1329057,559052c78c97222934bc461b803c36a9c7be6dc462cbe4051e2a935ade0adaa6
evidence/countries/RUS/README.md,2322,8d4b4b0a88e02888bf15ed6b7a55422a3c4b1d081f6288039c3f0ed42c63ab8f
evidence/countries/RUS/SNAPSHOT__foreign_born__UN_EGM2006_Antonova_Russia_p5_census2002.pdf,91357,9394de89a66a85c2f71e190497f38fa570fbdb3a1d76909597c5b83658c46daa
evidence/countries/RUS/SNAPSHOT__foreign_born__UN_EGM2006_Antonova_Russia_p5_census2002.png,40057,e5e897140064b98e87c56a354f142a7c68f461905c069c3bb3581057ff025d09
evidence/countries/RUS/SNAPSHOT__irregular_stock__www.themoscowtimes.com_2021_04_16_russia-tells.pdf,4974507,a3c06661f0be024402f004bafa62f70b55b8e3e64c19f14721c4eb4889e467af
evidence/countries/RUS/SNAPSHOT__irregular_stock__www.themoscowtimes.com_2021_04_16_russia-tells.png,1451138,702831f2e217c9ba8bb82c13ce62b167323a263a63f57a952f1ab2c410c52edd
evidence/countries/RUS/data_from_source.csv,6570,0fa956e97f6837c7a6972e31a1a3189f0438cfbb1cc16c6d76638a9ca266ebfc
evidence/countries/RUS/foreign_born__UN_EGM2006_Antonova_Russia_ESA-STAT-AC119-17.pdf,182993,83dbba93434b781b91a45e3ff6ba631d325c48a2af680399c4e2deb3bb65df4a
evidence/countries/RUS/irregular_stock__dcc58afd38__www.themoscowtimes.com.html,51668,e39a918542bcbdbae7fef66e5c2fd7f5dd424d8d45618f2398380c686c8ae2be
evidence/countries/RUS/source_manifest.csv,4761,b7fe5af3d051d3b86aae98c781dbc50aa86a0c65be68a2dcac0fec20418c797f
evidence/countries/RUS/value_check.csv,3008,ee7f1b1593cc1ddaab2615c2c28e136c2ce1e09790a757311ef9baa776f3cd6b
evidence/countries/SUR/MIRROR__foreign_born__f68b5eee2a__statistics-suriname.org.png,772491,ee6d9481b714b69bd03a606e1fcbdb624ef5e2e79b88fb7b733f84a273091e14
evidence/countries/SUR/MIRROR__foreign_nationals__f68b5eee2a__statistics-suriname.org.png,772491,ee6d9481b714b69bd03a606e1fcbdb624ef5e2e79b88fb7b733f84a273091e14
evidence/countries/SUR/README.md,2085,b7a3ac6e55ea8f123b0ecf62cb7b52f02dfd4fb4dbf7914f6f2f73b02b4dfbde
evidence/countries/SUR/data_from_source.csv,6642,7a49a57bf4ee76171f378b20aa472939ecb43d8f3f0512d175e64fa8c14cca90
evidence/countries/SUR/foreign_born__f68b5eee2a__statistics-suriname.org.pdf,5845330,246f409917d07f825413a01749a16dec913d397c8439d76a5b196127a71a6a0b
evidence/countries/SUR/foreign_nationals__f68b5eee2a__statistics-suriname.org.pdf,5845330,246f409917d07f825413a01749a16dec913d397c8439d76a5b196127a71a6a0b
evidence/countries/SUR/source_manifest.csv,3940,c85d3c7c1ed057c659ab00d04e39c24635aad5d35a09dae610424579e9f9fad3
evidence/countries/SUR/value_check.csv,2888,b3cd25682c350d9bee438a6d2658bfa6519e7c88aca7528237504c3fe5c910ea
evidence/countries/SVK/README.md,1981,e4ddaf514b31ea797cb2d4050fc1f6d698f0e2c7cde686b6d329288933adb7b2
evidence/countries/SVK/data_from_source.csv,18062,7801d90008ad199b205e50cf92dc53c08cbf867166aeb3ca4f0f1ba1658029d9
evidence/countries/SVK/source_manifest.csv,5924,78dde7f5df1ce3449a9da23ef7be1101827d265792b42d6f1a14a559c0f42165
evidence/countries/SVK/value_check.csv,7951,68dacea6e8bcb623fe2d65e9efccba490f402805ddc5da5486deeb552b342d90
evidence/countries/SVN/README.md,1905,eae2dfb1e199f35eb5a3b9359796cd17bdc2d491809598fb71c7e368ef3d8fae
evidence/countries/SVN/data_from_source.csv,18017,397581fe3ac906c99731adddf87bc79c0869de97bf63cb05c10307d67b5cbc32
evidence/countries/SVN/source_manifest.csv,5678,6d555d8f5c2620e2eaa92401822988eedccfa1f23f25764401cfa767a8ca6a26
evidence/countries/SVN/value_check.csv,7803,e6a9827f5ab5220ebaca3412a6692a2fc5baacbfd849ed1a97ae274485a198e1
evidence/countries/SWE/README.md,2730,e779c2ced6f484decc96c13c5174d86bc832449e96915a208a4cc3c41d5fd3bd
evidence/countries/SWE/data_from_source.csv,19991,d0fd7011306a4c149cf7c2e9473bdfda566744022250b48eac992e3db4f2ba91
evidence/countries/SWE/source_manifest.csv,5678,4b0f80b218a953232ade4c8563be2940031139208aad8f9b8a7b919d1732334c
evidence/countries/SWE/value_check.csv,7793,5b57024bc7b188f55de120f2e6ef83f05da5daec55c66d52ea52e9207fc75e0e
evidence/countries/THA/MIRROR__foreign_nationals__310b4a2752__thailand.un.org.png,1210772,7d9bd9f1272d7701bb070fd1a10c6df4f58216d9e61f8cd3c556f1f1029bc85e
evidence/countries/THA/README.md,1889,450f779f21c34ed8912edd2759b68a0353a8183ed3a693fd4d635336039bac7c
evidence/countries/THA/data_from_source.csv,6421,0e2b966abfd7053812ec1d60fc4a818f54247785fee8cdaec6c1505c357c870c
evidence/countries/THA/foreign_nationals__310b4a2752__thailand.un.org.pdf,15387663,43bbab155bcccba31afebfb6ab96b1431fa0278269ab7d281fbd8033b6a8266b
evidence/countries/THA/source_manifest.csv,3461,aa8786034845834062fddf4358b34c091c1ac318fcda51d818c6b1cf75d54072
evidence/countries/THA/value_check.csv,3016,b038d4dd866bab7c634a0a9801945ae41acf9d401d0273fe50ea105fa71163e0
evidence/countries/TUR/MIRROR__irregular_proxy_detections__95138086f6__www.dha.com.tr.pdf,4888618,99561b6d06383c2f2823843541f7f634e7677a87c92a07088b7e57b33f81c976
evidence/countries/TUR/MIRROR__irregular_proxy_detections__95138086f6__www.dha.com.tr.png,1551148,3fa5b529f092589a812a7c1d688d199323c121b52c6cc3afb27e06e11ff68255
evidence/countries/TUR/MIRROR__irregular_proxy_detections__d15f6a7c52__dergipark.org.tr.png,87132,2d53dee6c4123992cbe3a299df223b85e7a917f260a780083038269cb587833f
evidence/countries/TUR/README.md,2322,36d2e4ac1dc8c44ea83d6be66b843dc8214fda303d2ea5f8f223e095973d1af1
evidence/countries/TUR/SNAPSHOT__irregular_proxy_detections__www.dha.com.tr_gundem_guzel-yasam-icin-hedef-u.pdf,4972810,5b81dc425b8fa0e60ce5b4897572314af2294788eca14b464e11191d9c7fd95e
evidence/countries/TUR/SNAPSHOT__irregular_proxy_detections__www.dha.com.tr_gundem_guzel-yasam-icin-hedef-u.png,2249555,7a289a79e749409f42509f076442294dda40efbfdff53ae62d19413276c905c9
evidence/countries/TUR/data_from_source.csv,21176,88224fbfb742f4c08d6524b6a0350ae3e69efda017a8657db9f9308647db4ce7
evidence/countries/TUR/irregular_proxy_detections__95138086f6__www.dha.com.tr.html,73644,d9c2b45bf523c9b460fe75a2557c6ba03928a2be5e4355889ad99cfa2276c529
evidence/countries/TUR/irregular_proxy_detections__d15f6a7c52__dergipark.org.tr.pdf,1176954,6997ceca1f36c1f5b2ed80cd8765d75e7b644990b54d2b2db8e2933bb9dabc6a
evidence/countries/TUR/source_manifest.csv,5479,070cbfd185431885cb45634e8e8c213005e062d8e46573bd4dc6e1f45e63ecc3
evidence/countries/TUR/value_check.csv,4678,f866173b6879fbd612bb37570596b9e60a79a6f0f59615b9eee50853e2e018e4
evidence/countries/TWN/MIRROR__foreign_nationals__5669f2f014__ws.moi.gov.tw.png,92386,5b1205eb542cf1c52ad4c6f01ca6e30b1ce59c68802e1d34c13f770370accf84
evidence/countries/TWN/MIRROR__foreign_nationals__8280cc6d01__ws.moi.gov.tw.png,115930,a0f8975a3448de91a65c89ab521bef163296ce46d18666ec1ce8c453e829d7d3
evidence/countries/TWN/MIRROR__foreign_nationals__MOI_statis_c0930103_ROC85-111__retrieved_2026-10-07.pdf,697705,c3b55a0222e71d34dd8e0f20dd9d22f4a4399cda9d7c671d842daffe3bee9280
evidence/countries/TWN/MIRROR__foreign_nationals__MOI_statis_c0930103_ROC85-111__retrieved_2026-10-07.png,192920,05b35b2cd21089c8611a31180e4450f0c1f9949fddba983e9b13936b558a854d
evidence/countries/TWN/MIRROR__foreign_workers__d0a0269c40__statdb.mol.gov.tw.png,77554,a0b364023da76a1c026a6d486a7fcd34a2521f97f22130ccfb3acd7a2a3cff6b
evidence/countries/TWN/MIRROR__irregular__40806cb930__www.ly.gov.tw.pdf,542609,7ab2e9dc131aded4a5784db7d33c9236c1959af43d20371172c9ae31e2ae2a8a
evidence/countries/TWN/MIRROR__irregular__40806cb930__www.ly.gov.tw.png,218163,fa728e716fe780bdf63ae304e0175e2466b153c4bd32739d475ec76a2d385b08
evidence/countries/TWN/MIRROR__irregular__539a03cf36__www.ly.gov.tw.pdf,567194,dabfe4ca9ea6e9e5c91efd350fb6ea3897f27273f62d00b8f7f0199c29249430
evidence/countries/TWN/MIRROR__irregular__539a03cf36__www.ly.gov.tw.png,218163,fa728e716fe780bdf63ae304e0175e2466b153c4bd32739d475ec76a2d385b08
evidence/countries/TWN/MIRROR__irregular_proxy_overstayers__0756fa9f58__statdb.mol.gov.tw.png,67704,11c87f1f3756119b591db1367212d888bdfd7a867bceca350a69221d197b2683
evidence/countries/TWN/MIRROR__irregular_proxy_overstayers__5d0d32cf1c__www.ly.gov.tw.pdf,690818,16b10184d1b2c29fbb37859f42e28bf5ef39f11e04329f0a90528d7bf9ebd12f
evidence/countries/TWN/MIRROR__irregular_proxy_overstayers__5d0d32cf1c__www.ly.gov.tw.png,218163,fa728e716fe780bdf63ae304e0175e2466b153c4bd32739d475ec76a2d385b08
evidence/countries/TWN/MIRROR__population__0c3445011b__ws.moi.gov.tw.png,76691,ce6ce71d8008b28922c9630cf95340a2ecb2965033d58f504b8d82e5642d258b
evidence/countries/TWN/MIRROR__population__19060caafa__ws.moi.gov.tw.png,82023,aa383483922e64d36bf3ef602e4e2d51643bc02ee86b6491955986098035e3fe
evidence/countries/TWN/MIRROR__population__NDC_TaiwanStatisticalDataBook2019.png,9241,9a9c2317150282318f5e62f8e629d9b8bb744f926905df53c74583306e9ebdd6
evidence/countries/TWN/README.md,3755,1041d4724db7f59d26fb16e17b300d2cf40305b975c5204907966daccdb2d88d
evidence/countries/TWN/SNAPSHOT__foreign_nationals__MOI_statis_c0930103_totals_extract.pdf,67153,9fd2eb48cb6213d0d5a41304607d964aac41af0cf9b55e78853a5f5a12d316bd
evidence/countries/TWN/SNAPSHOT__foreign_nationals__MOI_statis_c0930103_totals_extract.png,69923,443161879066b12b0093734abbefa60ffcec5a9f26e464eb2509ca922a947514
evidence/countries/TWN/SNAPSHOT__irregular__www.ly.gov.tw_Pages_Detail.aspx_nodeid_33342_p.pdf,518603,6bc2e54eac50ec48732bf50cdf2ab4352b742b40f9cc4859eb49a7656021ed89
evidence/countries/TWN/SNAPSHOT__irregular__www.ly.gov.tw_Pages_Detail.aspx_nodeid_33342_p.png,382561,869b6ce23d045e74e798a8b7ff1d22bc7a513740a1cc48af3d77090ec84651cc
evidence/countries/TWN/SNAPSHOT__irregular__www.ly.gov.tw_Pages_Detail.aspx_nodeid_45128_p.pdf,432687,c4cc162539eee24e54473e565d3ed1e175aa8b9ea98cce104012a29f31634780
evidence/countries/TWN/SNAPSHOT__irregular__www.ly.gov.tw_Pages_Detail.aspx_nodeid_45128_p.png,545430,a6465fc250399824fc4d569eb1d408aeb1cc99c37f00e7af51e69996b76f3117
evidence/countries/TWN/SNAPSHOT__irregular_proxy_overstayer__www.ly.gov.tw_Pages_Detail.aspx_nodeid_33580_p.pdf,421202,ac4e9f5a891b7710585d3d02d6eafea7ff94a45656ff1d8e8d63ba2c4f078344
evidence/countries/TWN/SNAPSHOT__irregular_proxy_overstayer__www.ly.gov.tw_Pages_Detail.aspx_nodeid_33580_p.png,529279,1988cc01fbb76726857b8ac7590663fce5d9bf403905a6ff560bcdae566acb7f
evidence/countries/TWN/SNAPSHOT__population__NDC_TaiwanStatisticalDataBook2019_p51_table2-2.pdf,17721,d8995f4ee8d8f28ab1a863fdcf16610465e7eee80a4ac67c5792bebb5865bca5
evidence/countries/TWN/SNAPSHOT__population__NDC_TaiwanStatisticalDataBook2019_p51_table2-2.png,18596,81f914c0d2ca578a1c3aff2b6c407cdaba4db8f545de18df6e504fff77a01e51
evidence/countries/TWN/data_from_source.csv,27783,cf4401f5604b78d69bb7456b3d3a98b8872c4986148e3c08fee37edb9e907a7c
evidence/countries/TWN/foreign_nationals__5669f2f014__ws.moi.gov.tw.pdf,339201,0ba7133ec6b8937ad8ae97f261585cde2efeecaffdf566350bf4528f5891fdb8
evidence/countries/TWN/foreign_nationals__8280cc6d01__ws.moi.gov.tw.pdf,174451,e3d48cb247c29ce51237d2bc1db74c152139fe17e22de989d96b22be0ec14854
evidence/countries/TWN/foreign_nationals__MOI_statis_c0930103_ROC85-111__retrieved_2026-10-07.csv,171829,b2a065223a10dc6ebf850ba9abb06384dc4319434a4a2f8d49eaf180276813f7
evidence/countries/TWN/foreign_workers__d0a0269c40__statdb.mol.gov.tw.pdf,41998,0f1d6da6fc80e935c68e3a5c8081012ca360508d980a6f789dec6c30386d9707
evidence/countries/TWN/irregular__40806cb930__www.ly.gov.tw.html,109402,8fb067ef973727fe7abd3622ad2e0fdcb339486617a6a64d4a01b45945f03390
evidence/countries/TWN/irregular__539a03cf36__www.ly.gov.tw.html,132028,8c12c812e7845ed6bc1698d2abb9c6430e1486ecd08b3bbd70a0a3ee70173d51
evidence/countries/TWN/irregular_proxy_overstayers__0756fa9f58__statdb.mol.gov.tw.pdf,71655,82e80072b99a2296df002cc0515fab911746cddd190cded997b5da5437c10cf1
evidence/countries/TWN/irregular_proxy_overstayers__5d0d32cf1c__www.ly.gov.tw.html,144817,1e01dc857fe22249e4618c92f36a63823933b8a5159a191926f62b2a0ac19041
evidence/countries/TWN/population__0c3445011b__ws.moi.gov.tw.pdf,2610893,74902aa64009fe845528181b2f9dddf30b0c34ef5203b3f4af576d0ac8e39324
evidence/countries/TWN/population__19060caafa__ws.moi.gov.tw.pdf,3151782,a8463c3aca894584effe746d002480649f4f3062163530394a45d90746429001
evidence/countries/TWN/population__NDC_TaiwanStatisticalDataBook2019.pdf,1688247,6de698b92cb2d000afd498ff0baf651ab659dacbb2877e83bafcc6f1a84f8b14
evidence/countries/TWN/source_manifest.csv,5871,35506816fb72505d51e250ef28cf0b3a695dd2f1ed19d19772a89c45d9564974
evidence/countries/TWN/value_check.csv,1460,1626eed2583edc32091a76d32e7c07bf26d14a41530e57e75725229fcfc56a73
evidence/countries/USA/MIRROR__irregular__4b5c514e18__www.pewresearch.org.pdf,1947648,69c05c22531d97aacf6fbc5a60072a2bbcebf7f3e57574b7cde8f658aca98e03
evidence/countries/USA/MIRROR__irregular__4b5c514e18__www.pewresearch.org.png,446644,6978cf1b505ac40f2c0fa7acf8e78fd54a79685f034a31c128e8d99c6961d699
evidence/countries/USA/MIRROR__irregular__PewResearch_2020_facts-on-us-immigrants.pdf,843488,0529b26faea0c44e2e0a9a807b2a4b18bfebaf5e97d04146a2c8467312423d38
evidence/countries/USA/MIRROR__irregular__PewResearch_2020_facts-on-us-immigrants.png,295748,0b2d53fe7b4d19e501f80f8d5fd948fb8c39387cf15b22761dd10638ef9216a9
evidence/countries/USA/MIRROR__irregular_stock__1db68f77f4__www.pewresearch.org.pdf,690250,df3add69685c60e41219e230cfbe579e35cf86fd865b0a6f83949c60324a78ce
evidence/countries/USA/MIRROR__irregular_stock__1db68f77f4__www.pewresearch.org.png,310931,deef6dda1da6d1dfc7ecfddaf5b7f3109887f46ffcffa74f96ee90c4753bc27d
evidence/countries/USA/MIRROR__irregular_stock__4b5c514e18__www.pewresearch.org.pdf,1947648,aba51a2cf96e3c1139a610e1cd7995b7400f10936a8c9d109faee5d24ae9328f
evidence/countries/USA/MIRROR__irregular_stock__4b5c514e18__www.pewresearch.org.png,446644,6978cf1b505ac40f2c0fa7acf8e78fd54a79685f034a31c128e8d99c6961d699
evidence/countries/USA/MIRROR__irregular_stock__5f9277ca27__www.pewresearch.org.pdf,661676,f3a55b5668829e69124bdc6c714d46bdad9e1cd9e4590e7d92b69f6b9a30440c
evidence/countries/USA/MIRROR__irregular_stock__5f9277ca27__www.pewresearch.org.png,374649,3f7e36082eed3e09b6d6c605f9cbb6c0aac23c10f7847ed6075951fa343d490b
evidence/countries/USA/MIRROR__irregular_stock__61d67a1914__ohss.dhs.gov.png,117679,0b244fa5753e40d3d1581e4eeb27387a8cdccc98da17d2fd6c8941d7a96d34e4
evidence/countries/USA/MIRROR__irregular_stock__66eb6dec29__www.migrationpolicy.org.png,234473,4f2ce6d69f1bfa6a2e103cd1dced92c5739815929aa5dccf156484fa460bdd93
evidence/countries/USA/MIRROR__irregular_stock__6832664b64__www.pewresearch.org.pdf,169865,6594761dc44b2e21f844dcdddb8a3ac7a3258fe7c57662967599887f3f3625c0
evidence/countries/USA/MIRROR__irregular_stock__6832664b64__www.pewresearch.org.png,181262,a238961db5374c2fd14721a10c63bfb2cdd7e869ddc1005ce8e85150f0bb9be3
evidence/countries/USA/MIRROR__irregular_stock__693e3d8133__cmsny.org.pdf,952267,a2e6316d1a0066f33ddaaaec6333e31fb7ce5c314097fd21515cf16afb4d2c81
evidence/countries/USA/MIRROR__irregular_stock__693e3d8133__cmsny.org.png,1195926,e56a9a94a57fa526ef06955ba32a8deb83964f5828bd4a5e16d53ed41074a2d9
evidence/countries/USA/MIRROR__irregular_stock__a21b7d97cf__www.migrationpolicy.org.pdf,265597,83146dcf58088e54f224952155b38661084ed1018f9e5c825b7a720b9b87c0e2
evidence/countries/USA/MIRROR__irregular_stock__a21b7d97cf__www.migrationpolicy.org.png,68206,60281ee1b47dd9b4252ddde34bba0dcc7df3ac701e4b5cea529611e85838394e
evidence/countries/USA/MIRROR__irregular_stock__acbbe0d526__journals.sagepub.com.pdf,1668712,05c85af2f1a2eefc1a170d01ebab442babe98b10394232c4f0af3b030feb82f6
evidence/countries/USA/MIRROR__irregular_stock__acbbe0d526__journals.sagepub.com.png,295161,2eee94d264cc03713699c5b1e8f272420d3114027961cada08dd01c8003badc4
evidence/countries/USA/MIRROR__irregular_stock__f07e822120__www.choicesmagazine.org.png,229302,13987f618ed17777eadff2e4235346e592a2e485580535267815cb99e4495776
evidence/countries/USA/README.md,4535,8fcc3ffd0b6c72b7ae482fae08e1fde4e464b1afbb56e47825de5a59b09cfe7d
evidence/countries/USA/SNAPSHOT__irregular__www.pewresearch.org_short-reads_2024_07_22_wha.pdf,1952069,05e1a3f95778537663f28e034812d81044a3183f4b80d93967b40a9f40dd4cc5
evidence/countries/USA/SNAPSHOT__irregular__www.pewresearch.org_short-reads_2024_07_22_wha.png,625367,9b6f43bb1046a08161a26815d5b8d756a39a5f567ca3ba91271f9e34379782eb
evidence/countries/USA/SNAPSHOT__irregular_stock__cmsny.org_us-undocumented-population-increased__from_archived_html.pdf,951646,4cf9960892e47ca16002b2e65d935b0272fb55ad80e62ed4fcea35b4c1f642cc
evidence/countries/USA/SNAPSHOT__irregular_stock__cmsny.org_us-undocumented-population-increased__from_archived_html.png,1413327,87ddd2ff230d4cb8c0b5260ed6098f5ba24d49f0d979804842881f5f4212032d
evidence/countries/USA/SNAPSHOT__irregular_stock__journals.sagepub.com_doi_10.1177_2331502424122__from_archived_html.pdf,1668712,8fde05f0e6def0b95a225e103079cdf6407e4f7ed660a167c8233b0293b3dc0c
evidence/countries/USA/SNAPSHOT__irregular_stock__journals.sagepub.com_doi_10.1177_2331502424122__from_archived_html.png,469045,6d47bbbaf5cbbfb68be3d3330d39d97c01abb18eecd7297c85767061ccf3dd46
evidence/countries/USA/SNAPSHOT__irregular_stock__www.migrationpolicy.org_commentary_diverse-flo__from_archived_html.pdf,237758,75ff47639d131b85305e909f7450b28960c1cb0b84930e69e072e8c0e2a9610c
evidence/countries/USA/SNAPSHOT__irregular_stock__www.migrationpolicy.org_commentary_diverse-flo__from_archived_html.png,207201,ed65f0fcb574f98f90605ce5f78e376a4b60a75ede692bb2fc051eb469ca3837
evidence/countries/USA/SNAPSHOT__irregular_stock__www.pewresearch.org_race-and-ethnicity_2011_02.pdf,692011,b3f36c20f32509310d30188c79f5b00e66d5ba2933c0209112b991586a0d212b
evidence/countries/USA/SNAPSHOT__irregular_stock__www.pewresearch.org_race-and-ethnicity_2011_02.png,406112,b4ce251aa60c894b961af5db254d989ac46185d0f763f72d6ec4d6d6ac1ba68c
evidence/countries/USA/SNAPSHOT__irregular_stock__www.pewresearch.org_race-and-ethnicity_feature.pdf,209992,29988b8cac0d3a48cb4f5631254dbf34921cd7b95d2a91fc84d50fb4dbcb7a34
evidence/countries/USA/SNAPSHOT__irregular_stock__www.pewresearch.org_race-and-ethnicity_feature.png,233679,0caaf85c59f4bcca39d43164b376f9ac4d7b324af613a4e361b210afc78bbf0e
evidence/countries/USA/SNAPSHOT__irregular_stock__www.pewresearch.org_short-reads_2025_08_22_qa-.pdf,663327,9140281e1eecd8978690271fb3c7d5d32f91c4f1eb3261d571dbbed962cae914
evidence/countries/USA/SNAPSHOT__irregular_stock__www.pewresearch.org_short-reads_2025_08_22_qa-.png,460854,aa981b0ef80122cb5be04aa50424bdf1dc107b561bde1a8c48e7b3ec4f93d4bd
evidence/countries/USA/data_from_source.csv,34015,fc9d20e84399da72b232dac152e6cfb3f5f98f0f4a301e23f375f67435d7889c
evidence/countries/USA/irregular__4b5c514e18__www.pewresearch.org.html,444847,bf74d55b4b74202a96c0977ac6c03d789480d7982f8248f62fd9a6a9ca3f0bdb
evidence/countries/USA/irregular__PewResearch_2020_facts-on-us-immigrants.html,613137,cd57165afe1cd67f7ed27c2fe2c73ac7b2240469549f3bfb36dd29df58d10b4b
evidence/countries/USA/irregular_stock__1db68f77f4__www.pewresearch.org.html,472101,959b0e5434d0d90b275449e991d2c41a3aa14f8dc19858a4ef64d4eee8edeb5c
evidence/countries/USA/irregular_stock__4b5c514e18__www.pewresearch.org.html,444847,bf74d55b4b74202a96c0977ac6c03d789480d7982f8248f62fd9a6a9ca3f0bdb
evidence/countries/USA/irregular_stock__5f9277ca27__www.pewresearch.org.html,417979,b486f515521096b54842be859ff404c2b6cbe648e6220015d2fd7b4233433264
evidence/countries/USA/irregular_stock__61d67a1914__ohss.dhs.gov.pdf,876526,489d46569bab42bb2561f171bbe97b6373ec0b5c0e7261b509d99d68dbf44a5d
evidence/countries/USA/irregular_stock__66eb6dec29__www.migrationpolicy.org.pdf,2370062,628fbc9579129fb1442d919c98a733d1751c4cd0dbf776e7c517c90c248e638c
evidence/countries/USA/irregular_stock__6832664b64__www.pewresearch.org.html,380018,87eff71ab610d630259231aec16cf21ea707ab560cd0354fc3c5912a65220b81
evidence/countries/USA/irregular_stock__693e3d8133__cmsny.org.html,65464,4ad613a08122e658f3ac30226e1dedb5e5c070a73d0d5ac65e7d839b62c96616
evidence/countries/USA/irregular_stock__a21b7d97cf__www.migrationpolicy.org.html,109232,b60aae54326c86f9524cfbbc67595c0419f3fec20537578f2116c6f3e9b648b6
evidence/countries/USA/irregular_stock__acbbe0d526__journals.sagepub.com.html,249476,83b260536678289bc98fe51b29d9a82d17e0d9bab606dce11c297c93221c9254
evidence/countries/USA/irregular_stock__f07e822120__www.choicesmagazine.org.pdf,630921,a6fe9216199694c5f5406d4530e1f550621cfb76984a02531fc033e2bd5d7b04
evidence/countries/USA/source_manifest.csv,8770,695ba723a52fe530d0207d32a0ff999b1ee90e57197879df9e81f42541174939
evidence/countries/USA/value_check.csv,5685,4346fc1dfb1961651cbc4594cd6406cbbcfb4401bcaf53eb6cd6eaaca51af719
evidence/countries/ZAF/MIRROR__foreign_born__a8ebe1b51a__unstats.un.org.png,160984,1b2d6ac63917ef6c229c5e8d8a757e5c71ae8fc839f35c2c4797e6793cb207d3
evidence/countries/ZAF/MIRROR__foreign_born__c204ed0e2a__census.statssa.gov.za.png,127133,7e77a219d01aa4683ab9f8812f765f0986deb20519eefeddebb62de7273a4aae
evidence/countries/ZAF/README.md,2420,1d9846a1e979a16fb623dd34933f48591864f1c4e90efd5ba96e6703f687c2d6
evidence/countries/ZAF/SNAPSHOT__foreign_born__StatsSA_Census2022Release_p41_figure3-1.pdf,313167,8ddb9b587d4757fce8004a886895239926984caa871567587a7e4049097448fe
evidence/countries/ZAF/SNAPSHOT__foreign_born__StatsSA_Census2022Release_p41_figure3-1.png,16263,63b77b2c34393b16c9359834c10fe4acea460110c0b48a6adc7682137f455a5d
evidence/countries/ZAF/data_from_source.csv,6921,f2c0b9171c787f70cd5d9265f845c8b993ce31e42cd7b560d9eeccc76b851fd0
evidence/countries/ZAF/foreign_born__a8ebe1b51a__unstats.un.org.pdf,806784,95444162c39405e3bcf36c9fcfa13ef1558ad010d0594cea500a1c959e40e271
evidence/countries/ZAF/foreign_born__c204ed0e2a__census.statssa.gov.za.pdf,3587195,a56ed6a19e880256f655fa14eb68ef8c211a111e35e2338b99e6cc1e1ada85fc
evidence/countries/ZAF/source_manifest.csv,4348,2c58d16c6c1806165b684a95953c54d5b8ef2de8e2475a47aa69c1e35c919b13
evidence/countries/ZAF/value_check.csv,3144,fc17d5a204ca7742a135911df17c8cecf5b405567166e7c1e42319a52a95743f
evidence/extracts/AUS/foreign_born.pdf,142551,8b2b5d36ca7714298257dee65ed6394615cb4b41cefa88074e0f92f3cb6b3ce4
evidence/extracts/AUS/irregular_proxy_overstayers.pdf,105158,d48b03d33cc02dcc79616acf142ebbb4588bd625cdcb36370621c7c09074f5c9
evidence/extracts/AUS/population.pdf,130832,d5c41dc173c98d2c44586d2cc3025fcb70bc34b2aa3a0f43a92ef2477a2ef35e
evidence/extracts/AUT/foreign_born.pdf,144883,a120ffcf98749311cd2bd8550ef63f5d0ece4f6368160e4465e26a6eb68f6fd0
evidence/extracts/AUT/foreign_nationals.pdf,140551,1b5a89f29130ed9b0957d7928f06ecdd45d136feba8dc9d94fddb30acf123d93
evidence/extracts/AUT/irregular_proxy_detections.pdf,116073,084dd4a1ae3c3981e6c4a1519396e9fb0b45edaccaade10f4f7ae2cf4e93e636
evidence/extracts/AUT/irregular_stock.pdf,94719,cff2ff2314ec271fcb194e4e5aa3841769cdc0dd596a91daf1efea421de06fbe
evidence/extracts/AUT/population.pdf,130843,a942025a9e347e49588ce1ff50f01ec1a8eea6731febb19012e22166429e058c
evidence/extracts/BEL/foreign_born.pdf,144867,611dadcd07b043bca31524ca75638ceb32ee98757dcda7f5c5460dd55f0ee8f7
evidence/extracts/BEL/foreign_nationals.pdf,140756,05cc6e9775af5f7a3c24eca1995c5cf452a825f8e006a22f21e6a37b08ae6283
evidence/extracts/BEL/irregular_proxy_detections.pdf,116407,d828a502d55894b2a7cbfc6e976820c9608496eef8c30566514aafd736f9e3a4
evidence/extracts/BEL/population.pdf,131093,c661f52533548ef693081f4b7d9ce587cb33b11538b0d5f0022d73b1f3d541b2
evidence/extracts/BGR/foreign_born.pdf,124334,771d386390e8a1de70e9628b22f27e93ac827ce2b4fc90b1961c76b53f68796c
evidence/extracts/BGR/foreign_nationals.pdf,125827,a4a86898d1afe7756dd186d213d4055286c49efa75516f6c06faa7f6f7c174f8
evidence/extracts/BGR/irregular_proxy_detections.pdf,116382,2623026a50c9c1399d76516a4f939d5ecb528ca41f04d38c5858ec1c53f07eda
evidence/extracts/BGR/population.pdf,131189,f8ad5b8d72ee9cdfe19ef12508212857d711154bc2ab39740090ce5544203a07
evidence/extracts/CHE/foreign_born.pdf,125705,f01a2320fb985e819667e16db695f44420a7f43212fa43c3444d17b8207f09b3
evidence/extracts/CHE/foreign_nationals.pdf,140588,65807feebbd97ec579037892f4009bf31a90680bfd5756f5a50fd4d15a822f99
evidence/extracts/CHE/irregular_proxy_detections.pdf,122321,7c93147ebf60cb951d580ffe6f481fe61af0555fab6da325d2642c3fe6160027
evidence/extracts/CHE/irregular_stock.pdf,102604,c0fad9be4f38e26dab1803f38a55a6ca29f85b6fe74354f7c984c546be26639c
evidence/extracts/CHE/population.pdf,130640,d2383775bc25fc069629335e910750fb45bb331c8ff4519f3b6b5b16f796d00d
evidence/extracts/CHL/foreign_born.pdf,135006,5181dd3dfe3cf0ff9dedb4b88b6f921ccf8518846794380e10130a3737de0582
evidence/extracts/CHL/foreign_nationals.pdf,105676,5d959e3e0cfb58598d09340d699ba8a9b0f99bb3c88f1feab6f6eb30dc334362
evidence/extracts/CHL/irregular_stock.pdf,105264,c60de877d86e8af59958bf58ee6c8d18ede015f49a1b9319df25a2d49ff140ac
evidence/extracts/CHL/population.pdf,130783,e5c149fd4540677463fd7c90ff270c26809a78b29dfae154ab362ed6f4d245bb
evidence/extracts/CHN/foreign_born.pdf,104600,6ef7f7dc1a8b70f8d5fc9a194dc5193e0a6c153f4825524fbdc4c8a0f1c6b7f2
evidence/extracts/CHN/foreign_nationals.pdf,101964,9ebee279ef8db59a172cb2c73f5b480c991782aeb8b6fd1a4b992494e9c1807e
evidence/extracts/CHN/population.pdf,130624,f27711073596f9890c6a562c8d98972f86461893ae68fe6ff27d75cca33b6704
evidence/extracts/CZE/foreign_born.pdf,131404,3bf0a578e0740b115c07d25dbae9c6cc67e704889e3414803906902c451efcf8
evidence/extracts/CZE/foreign_nationals.pdf,141115,e3a23728f2c1e9804872a6597485556ca5b4be9fe7e467fa9e8f9b361be564cc
evidence/extracts/CZE/irregular_proxy_detections.pdf,116306,134d6ecfe407ea36805bbe295f9a44ffd389d8478ebde46dcf873013ac8a442b
evidence/extracts/CZE/irregular_stock.pdf,95216,7a4b5f39ce3ddfc5d739c1a56d8118873826a10d54eb92b8579b286f80b703eb
evidence/extracts/CZE/population.pdf,131027,2decd49fc98cf5e2473c6274c7304cddcb471888b8a87da0543c5bf80ffcb28d
evidence/extracts/DEU/foreign_born.pdf,134711,9beaaab67d675f3ee39f50b8e9db07a1a2b49404b68cc9a2815933f95fb77b0d
evidence/extracts/DEU/foreign_nationals.pdf,140681,68d64a47efc75d0ccd552342a0a97401ec13b66f18e12e79271b2ce816625753
evidence/extracts/DEU/irregular_proxy_detections.pdf,116507,a8da193f8a0ab0f4d068525492dac597a7ec8e2984e941362e622b2fd54feddf
evidence/extracts/DEU/irregular_stock.pdf,101858,0e162ca21906e81b807444bf2d4fd7f7776b97da2f7c33f9f0dcd26987cff200
evidence/extracts/DEU/population.pdf,131126,3dab05ab577406946309052c24d29edce446ebaeedcbb45e3921d337b1fc5f9e
evidence/extracts/DNK/foreign_born.pdf,145400,7edb8e73efa6ba7c954848a13a1da7cb6fa3b1cc8c9cebd5eebd003c102af807
evidence/extracts/DNK/foreign_nationals.pdf,140765,c57403a57aa2ffab523358f1afa6cf2c709a6c2280fc7d74fb0362f3b8f98298
evidence/extracts/DNK/irregular_proxy_detections.pdf,115910,2880193926906d43e6148e5e735285e6adaa280caac26d79844e56a5fdc16362
evidence/extracts/DNK/population.pdf,130967,5f98c3c8df6d5826f34714c370cc280e2bb5b98deb0b53d99f41cc865504662c
evidence/extracts/ESP/foreign_born.pdf,144818,aeadc907be5fe064a85c9681cecdd7c6c47ec7359ba7352993ecfbfbdcc0913c
evidence/extracts/ESP/foreign_nationals.pdf,144780,496d76edd2ed7483e99a2ca23c9500a94ae9d9fb3d381b9856450268397570ce
evidence/extracts/ESP/irregular_proxy_detections.pdf,116159,d9c799c7ff043b8b5ac461f69685c8adb610f1f73ccd8caa645ad05f0993859a
evidence/extracts/ESP/irregular_stock.pdf,106021,9719b77c0d43c3c46e0e0a4d6b7fb003b003d28780037eaeb942d5050b6a819a
evidence/extracts/ESP/population.pdf,130785,ea1315d0bbaa9e5394bc42a34c5d328fdc1cb710315d23d5c8e4e22b349f280d
evidence/extracts/FIN/foreign_born.pdf,144721,f41039470c72a91cab356193ba1bcce1d33c7d304cf926fb874f7c350f8cbd6d
evidence/extracts/FIN/foreign_nationals.pdf,140501,de70dd478db20fb82dcfdbc415fdadb7f8e144b3d48fa03f6ccce979c4252bd9
evidence/extracts/FIN/irregular_proxy_detections.pdf,116063,01b71d3bac3f926ea3fd903cd4c6d14b598ed4894539639e6ea12897fca11c6c
evidence/extracts/FIN/population.pdf,130786,f6c669a4b8d9d7aa00690e12ffa30681ab1e9481527e6975c779f0348d650931
evidence/extracts/FRA/foreign_born.pdf,134217,c10876c3bd9b1802fd3cc60eb28854cfb40237bb5c17e1881cc5aa05ea9de96a
evidence/extracts/FRA/foreign_nationals.pdf,134202,205a7cb2b60fec59741e8d334df9ff5f6d8ef169d4628f9fde8ba6dbe7a2e85e
evidence/extracts/FRA/irregular_proxy_detections.pdf,115962,6f7fcbbaa7a196c4c3543072e10642df40dd03d7f5ccde7d5200c004d861c304
evidence/extracts/FRA/irregular_stock.pdf,101429,6b3313d2d267c899fd7c0b224bb5107856c54daf0c23837085062fa8a1485059
evidence/extracts/FRA/population.pdf,130791,5f0b70e561eae4af92d21b68c44d668a69ff3298b2fa37a3ace454f15d2a4ec6
evidence/extracts/GBR/foreign_born.pdf,147659,c4ff2f2f1ff750cdf900b0b3ba9f928e4b6da3708bbe1ba34a0d151c10e84348
evidence/extracts/GBR/foreign_nationals.pdf,145676,6ee34903163885b9a9687e52f463d8f26d874c08a67a41b9f2796d9a2dc5a3f9
evidence/extracts/GBR/irregular_proxy_detections.pdf,110325,6a9f64200b3f9a6ef163ef0c2b8aff780117a438f92b6ec803ac451443de7f4e
evidence/extracts/GBR/irregular_stock.pdf,98128,72a63df47f2dfa72732d1616601992f38fff24c7f429db5f6ae6254cc0483793
evidence/extracts/GBR/population.pdf,130946,565b855233681ddb1c18aae4d1b567e532073a262f6672a9a26a8e7dd0aeca11
evidence/extracts/HRV/foreign_born.pdf,126646,162c67f1296ab3bf7bf0e56be1ecdd95b481f18f591d8ade01b1cad1c8556191
evidence/extracts/HRV/foreign_nationals.pdf,120872,46ce5734fdef4d2399fa9a8ebbf713083e83e3a492783b1526826f3deb5108e8
evidence/extracts/HRV/irregular_proxy_detections.pdf,110243,c3a61fb8e7dbab7a72eec688bcb21752bfe55d54a08e7fe3f3711f54430edf4c
evidence/extracts/HRV/population.pdf,131425,cfb49eed99ca6be3ea46c029d4aa9a5bbabd05be841fac33b49d879bd5e2d0e7
evidence/extracts/HUN/foreign_born.pdf,144898,0a5803e209f33e0de4cacff269af7b04f6a0e3c2a912c4eb4f56186bda7f4676
evidence/extracts/HUN/foreign_nationals.pdf,140803,02d796e28faffab7b482dcacca1722e784142ec83a2460d486e330cabbb7a584
evidence/extracts/HUN/irregular_proxy_detections.pdf,116468,094dc417354fff0f34d98ce385c6cbd197f065219c9318d050254298fa8f9dfd
evidence/extracts/HUN/population.pdf,131119,53adb35e6387beae1c7ec16aa524ff04fd2d59b87859abb3086b0f2a7d2861aa
evidence/extracts/IND/foreign_born.pdf,114993,f7f91287089ad66c02c0578013efb29e371fc44a3b04fa9ab20d0e6985196412
evidence/extracts/IND/population.pdf,130705,3f1aeaeebe47157e441f0a6414d8ba626fe9c34c1c2ac1e0bd7b44241f458c66
evidence/extracts/ISL/foreign_born.pdf,144556,5ad10b5f48385e597baf24afdabacd8294f3071a78a84d0172c136f3d0084076
evidence/extracts/ISL/foreign_nationals.pdf,142942,0cc2ac869ecc5478afb830874169c2024614e874a13d3002ab48ba4fdcafeb84
evidence/extracts/ISL/irregular_proxy_detections.pdf,93926,5d4bb835e0ce4fed2bf50c5064d08b970b7359059e462e21361f770f46629917
evidence/extracts/ISL/population.pdf,130600,9b78a63ecda24eb050d866d0c01103631cef8564de76cbe3ff69f1fa2eac480c
evidence/extracts/ISR/foreign_born.pdf,142676,620699b197402d90fac986279e455e2bd651c95745adc83ec1092ba5861e147c
evidence/extracts/ISR/irregular_proxy_overstayers.pdf,97108,bdd4bf95b7c1962fc0cfa910fd67157e138318a48bf5295560de0fed0da6dd0c
evidence/extracts/ISR/irregular_stock.pdf,101431,53687840686dd7043c26c8319b099abc1c6b5544a3493f87679ef9b31f81f8f3
evidence/extracts/ISR/population.pdf,130739,687582cccd04770d55b0c44bc48b0a5edce71a1bcc18079aff062c5d222b76e8
evidence/extracts/ITA/foreign_born.pdf,138371,705d042938363d422ffb7ce3696ea498acb207692af07d86d5ad1697daed3207
evidence/extracts/ITA/foreign_nationals.pdf,144985,e06d678b969a81dc162f711162d05478e2fffe676bc7f40da5c4bf202d9c2426
evidence/extracts/ITA/irregular_proxy_detections.pdf,116345,1096b3175ae58146c0bdcf40254e03900fb5baa93071e18c50b5a64d0131256b
evidence/extracts/ITA/irregular_stock.pdf,138253,6d59d18f23ecc2d2a5de4eb28723a0f1b38ef259e3462ead13f215aaec2ff186
evidence/extracts/ITA/population.pdf,131128,8836db5e2ef5d8836b0d2e830607ea89221681b7bf1071fb77c6feaf7f85b64c
evidence/extracts/JPN/foreign_nationals.pdf,144534,def6320121c995e514f38a7c172d51be8890bf000c5cb83f450e63d7bb87cbeb
evidence/extracts/JPN/irregular_proxy_overstayers.pdf,129789,1c440851ffc0933bdd541a9d3db722bbdcd561c82cd7f987371e59f4bdaa42a7
evidence/extracts/JPN/population.pdf,130429,43221a8f6bccfb052f7398dedad184eb6f682b86cbecd113d655700f2c56c43e
evidence/extracts/KOR/foreign_born.pdf,103506,f31015931de145c8d22b46923c0f3c6fc06976da5e2a9e8d07951d695df67cc7
evidence/extracts/KOR/foreign_nationals.pdf,142652,cf8c48d6c720eda23a0540728e613371e7e6c877f01f092d9ea57423bb30c0bc
evidence/extracts/KOR/irregular_proxy_overstayers.pdf,130837,d1e96163f3d464daedbd971bb78ebe8677731ebe7cb5f158735fa4a6a9aa818e
evidence/extracts/KOR/population.pdf,130880,d751c9e263008a80b28b8d49902c6f91d6ec8f74e970d0e4f4ca0a61affc9512
evidence/extracts/LTU/foreign_born.pdf,145549,1abad902b792c95a07dd9ab1fb40fe0366b9778a50fbea96b686ed87bb20edaa
evidence/extracts/LTU/foreign_nationals.pdf,140554,b2cc4770eb4c5743f3ee8aefcc786362b80c4bf388c26206a69e28c1f991dfc2
evidence/extracts/LTU/irregular_proxy_detections.pdf,116073,c57be9abf73d64546ba2908906c9efc9db7314d855dc8c24cdac496f17240f2b
evidence/extracts/LTU/population.pdf,130905,2f03344993f08c1c5a59728484ac7cea89e37599728e07939978549f63b148c1
evidence/extracts/MEX/foreign_born.pdf,125389,b7b68d41abc41cba43ad494c232bae0577671cd6181de2b35c5ca6429ede4664
evidence/extracts/MEX/foreign_nationals.pdf,119165,a8aec760070f2b37a997a5555adbda31a20aedf217b70da3bf1014eb1c9cab37
evidence/extracts/MEX/irregular_proxy_detections.pdf,107479,0f6d3e7cc9f733b367902c0b2b3f1d45d2a0358f46a707921573f53d6dc1a9b6
evidence/extracts/MEX/population.pdf,131216,d2760bc58285781500204f46bfa42231259059c8b34d2e2a83c5d1ba8bddaa1c
evidence/extracts/NLD/foreign_born.pdf,144855,7ffa77d5914a50c5dc794a1180693cc3ee192cc196de897deea2b3a2ffb4729a
evidence/extracts/NLD/foreign_nationals.pdf,140546,9ed2a62825165def38b91dbc4e11e9b614f31f48995efe762853d52bea7740f7
evidence/extracts/NLD/irregular_proxy_detections.pdf,116089,8eacac3b96d10cbda87144a206c05d80f861a7da368ea39e31fb491e30b93f22
evidence/extracts/NLD/irregular_stock.pdf,111763,bb4d9bf42b91eff70d9774c03e2c18f22a660281313c7a4fb7ec708f68512ceb
evidence/extracts/NLD/population.pdf,130879,b7fa0c9c46ab83f99a8ddbb689289c6c94784e291018cd084647aecca968cc57
evidence/extracts/NOR/foreign_born.pdf,145119,2b5a570e605a1c46be22528412235dfebce257c22af1aaf470865a6ce27dd074
evidence/extracts/NOR/foreign_nationals.pdf,140829,a13c66927c89ebc6f27d720d90cf07484ea9cf306026dd397dd47735ba9d8a5a
evidence/extracts/NOR/irregular_proxy_detections.pdf,116517,923a1ab278dfbfbf322b5af6e00bc440fc94f5428ec2ef0d5ad92acd5044e549
evidence/extracts/NOR/population.pdf,131151,2bce3f9aabf98c3aaf782ac75307d29fcfac6428cf678561080ecb3db9f3b361
evidence/extracts/NZL/foreign_born.pdf,117302,525c9940e4cd9a9d45a9f3f0c42f06dde684a6f1f64e6738b0721ba911989a14
evidence/extracts/NZL/irregular_proxy_overstayers.pdf,112727,c6c077b1ba69f53412279547585ff11042b676f399bd7c791fe2e14aed6cbf28
evidence/extracts/NZL/population.pdf,131166,ccb074e3ac7b9905a4178899dc9282582876bc80f8a6a83556636de820f840cc
evidence/extracts/PHL/foreign_born.pdf,105228,a160d48dee835594a8b3bb6358992a101635e6f8478edc8e79c9d9d585e4f5a1
evidence/extracts/PHL/foreign_nationals.pdf,101158,84c6c229c07d733536e4ce4c6b3113321c83388619aa1c51f0c581414cb05d55
evidence/extracts/PHL/population.pdf,130930,0152c9be4fd72971d83b5ea98234da476617d5fe674bbc4c0c614290338e683d
evidence/extracts/POL/foreign_born.pdf,131224,63b2fe34c71b84dc86f23f562c285951b4225dadd7a188bb88ba80407e398426
evidence/extracts/POL/foreign_nationals.pdf,143230,72eea22b375c0479cc645923e8f97415ccfc03dc6237dad748ce524fffc549a0
evidence/extracts/POL/irregular_proxy_detections.pdf,116182,a6aaddd89ed8f2666651b1d16917fe2d5edbdadb0a029877c934674084408f29
evidence/extracts/POL/population.pdf,130796,b55a15afe395e433bea7643adff5e8c7607d0875fcded7b5c0ff8d99d2d83980
evidence/extracts/PRT/foreign_born.pdf,131487,873001f1dd3da8dae6a688ba6c9948fcf7d587535b4c62eab195b60678de1806
evidence/extracts/PRT/foreign_nationals.pdf,143485,ff846eeeacdb506a14e7621ec61ae15fe6ac78d3a8ca3a446f9c8f9da9656f72
evidence/extracts/PRT/irregular_proxy_detections.pdf,122797,d6f9f6f0ae677e3dff476d3263e93a274cfc3fff614f4ce9f4519365b381b48f
evidence/extracts/PRT/population.pdf,131103,265113cd07b281ba15468406e4c0f4e173c74dc8bd572238b82340f25f9459db
evidence/extracts/RUS/foreign_born.pdf,111015,c335bd8a1d35232b1ce4a28305984b7608cd3fd5c9c789c14d4b6033f9b39c5e
evidence/extracts/RUS/foreign_nationals.pdf,97593,523fc5d83698fb8e982472fbe3db36776d35c96d58bfc95da3af32f462a28ef7
evidence/extracts/RUS/population.pdf,131073,1a182cfd839f0b1e446ecb0887b07e9fc4d7af543cb263c66860a961a23530bd
evidence/extracts/SUR/foreign_born.pdf,109727,f4be09cb0d9eb0218272f5ae858471fc7216c5b53476438ec555a5431a14ef4a
evidence/extracts/SUR/foreign_nationals.pdf,95841,f02132c2b318b58625be62275ab691b37bea509f2da7d1ee1bebed3d585e0a5f
evidence/extracts/SUR/population.pdf,130973,f4369e7169ff37d83263d1854d1d312ce425a96dbe52b7ced95bf0898d67fd5f
evidence/extracts/SVK/foreign_born.pdf,128950,020c03f4c8e79e7794ab016ac2f65b61ef5a76c59d066c884177eb873576a618
evidence/extracts/SVK/foreign_nationals.pdf,145212,be1391423ddecd0cb014d31f96cdd7c0518e82e4f3c54b4213b8c558165abd0c
evidence/extracts/SVK/irregular_proxy_detections.pdf,116560,f1c717cb515961163b80cb4ba81a3068721cb6838fe263193cd6c7040fcaf4ae
evidence/extracts/SVK/population.pdf,131179,7c0bb4594c48e49c9a8cf78eb686cd4e63328683a669ff52ad9da650458afa70
evidence/extracts/SVN/foreign_born.pdf,145162,c85328b524c4e832ea6529c1305a8b735bcd3e7a3cc18d9ccf24a5d7dc163806
evidence/extracts/SVN/foreign_nationals.pdf,140984,2ad1cfc0f485cdc2c72b8608f242d0b6ec9418f30da008561aa8bb1785673cfd
evidence/extracts/SVN/irregular_proxy_detections.pdf,116271,681fe534acd14c2e1074349469bfb3ad0f94e5ee50e5c66ee3f9dbbb47f6f9f6
evidence/extracts/SVN/population.pdf,131155,d73c4652dac9808f6f5c8b14db93c6adb6afe359627434642572eb0fb62c4f96
evidence/extracts/SWE/foreign_born.pdf,144562,e19c6ad0fdee653959d7ed58b74ce65dba8853b42b9826139b48f64cc9ee6f13
evidence/extracts/SWE/foreign_nationals.pdf,140216,8f372504292d66525e17f29160fa31bccb37ab48ac7f4456ebc081be54ac50c5
evidence/extracts/SWE/irregular_proxy_detections.pdf,122819,887fec2043c616993ed400a411239eaf2c659b7645be5940a8e7b78bb1fef2cd
evidence/extracts/SWE/population.pdf,130593,cb92297830a960d9928127ce6de751b5b8dc15da1f0f3104dfd82769ee247b17
evidence/extracts/THA/foreign_born.pdf,104643,0d7cd2d76e2651769f3bc2d57ecfd634357414ac81ed4a2e690075c1aebf2f24
evidence/extracts/THA/foreign_nationals.pdf,95363,2c89f2f8b4c88bfa440f03f6cd5e3a6168ca21afd4d7b51c503441809b968964
evidence/extracts/THA/population.pdf,130854,aef78f6c176c85fd85da6865565975075d6b2a7f053057fd7f23dc754d176735
evidence/extracts/TUR/foreign_born.pdf,118655,ee405424a6aeff3cceb319da5b3ecef6434243a0928f7ed5058069979ae5c502
evidence/extracts/TUR/foreign_nationals.pdf,131317,92f8a15048146b788798e5e2e089a0d23270da56e09433402af4d8c5d4d9b850
evidence/extracts/TUR/irregular_proxy_detections.pdf,112262,239c32c882a22af12c7df3901c5a26d926f6977dc5a0be1bf2d4a93312c16974
evidence/extracts/TUR/population.pdf,131035,46c6cda7456b8d66321ff4900a1049913f1f9672f1d17dbea9afb515e1cc7ee2
evidence/extracts/TWN/foreign_nationals.pdf,153644,bc70fb5e37cf7d4a6183a6705bab88a291a086d5f4488f1c41d09446be3fd7f0
evidence/extracts/TWN/irregular_proxy_absconded_workers.pdf,115741,1e4c8b10f92492eb128bf8a4deb730f24b0426dbede764c7e4b1f615bb61ae10
evidence/extracts/TWN/irregular_proxy_overstayers.pdf,131437,d3bcbb6983c5555e5c642d521b3b5a9c0932d55bddbf6be422fa5cb7a35d53a4
evidence/extracts/TWN/population.pdf,140917,431b3b3eb04c73cbf53a922cacae65b14b9593e8000422043d4a4bc635cece68
evidence/extracts/USA/foreign_born.pdf,142778,de6aaf480c19be6f78d9acde2dfe7d2dd5f9f94b3d13a7b14a36fbad89534d94
evidence/extracts/USA/foreign_nationals.pdf,142645,4ce3d595a7e30d8aa4edc04a1f15d7bf02b9098485d4220ec484b16641fe8fa5
evidence/extracts/USA/irregular_stock.pdf,128789,0d0fda061f19060a8a0b800492f3c1f2bb033d72f221afdad63f7d0b42ad08b2
evidence/extracts/USA/population.pdf,130708,91a889538ccda31e981dfc531625a797ad8268c0d3f7463b1751fdc617734311
evidence/extracts/ZAF/foreign_born.pdf,118247,8359dd2984add2e0202b2befa7d29cb8e91c24275f9bcf8d5323fe4a975c5e82
evidence/extracts/ZAF/population.pdf,130705,a51bf25c9b267c4c82ae5f86910eda3d95bf01841218cfb8a1f82de482852c11
index.html,9689,6662dd842e31d74575120d88a32ffd0ff7ec9f38d0d9299e0a5a931f103d5c53
index.zh.html,9410,0625022237ec6efd9fa05dc52dcdbbeb91778abc24f2284032b81556a716d168
methods.html,9698,bb4686839635bdbc0d2dcada91862a409f72b2a61db52a5a6467e60783c50ed0
methods.zh.html,9278,7810e98ab214e798d745af04a26ddc637ef3f29fdeec34b9a13621857339046b
robots.txt,269,ce762304788a84382dbcd92db24eff439ae04f5d19a0d9289bc219599b6b738a
scripts/01_catalog_sources.py,3710,6a02ab14de672afdfb348daa732b355f68d92bb1e873a336ce94f9dd002ccc70
scripts/02_fetch_bulk.py,2735,3ca0649c06588852afc167be221e720e6adaf8046a7e029f78a8dfdbb0f09ce2
scripts/03_verify_api.py,7592,a7583a229176b99869544b02d2496bb06d6e9b76e3f3b14cceb2ebc284bd5bf0
scripts/04_verify_oecd.py,3591,a00bca6a55edd3b9e18e92aae2d744079d1fd8d177686a0eb2a922af4c663b94
scripts/05_build_country_folders.py,4010,7e3b08682d09eb63f66e0780c282023ec340a0cedd292aab384e4985c297811b
scripts/06_download_sources.py,4302,a075aac47b18d2ba04569b23ff05ead9082e58abef712447748d37d6743d21be
scripts/07_retry_blocked.sh,4176,cf2421438e1418cc0210003fa4524cc0def746e06a9dd274991ac386bb1b0e97
scripts/08_country_packages.py,10266,b0f312114c2f37d6f758dd177e1e410cb686a761471178ef23b99086e04bce2d
scripts/09_audit.py,7101,d7549c3cf86a8ed8cbaf98330e626a410fa4b56aa30a8817767d3184fe7666b0
scripts/10_build_final.py,9275,85c5897daf971760a56b327ded1b50f57f4517be5b3e073fb0561407e662ec4f
scripts/11_write_final_workbook.py,27061,367a02e18c0c8351651aa96cab82a47649704fbf8f23def43e2af6da12a98b2c
scripts/20_site_scaffold.py,8765,a8b8eedec326bda31eed77df8943417b9b43abf7eb155e8ef75f918f1294b986
scripts/21_snapshot_web_sources.py,4726,76839aecdd47d37085a0211d1309f408ba48391ca12b3a5e919af626e234f858
scripts/22_fix_blocked_snapshots.py,4963,60a1d5c2d90e561734f8a6c004df8af3edf833e2cef60028daf7e3466a182385
scripts/23_validate_snapshots.py,5099,7311c17a6125e3925597133f6992fd84b5400425f24e2a03ea72ed6d0dd73df5
scripts/24_build_site.py,15675,b91814f64e4b51c724c2d0809ed6bed0a0da63a28232966a04fa13478db33573
scripts/25_country_pages.py,9260,ba8d912d0ab309ad8b7b86bbcd30863354c29c98a253112537b1814540cdd0af
scripts/26_other_pages.py,29474,b22dc1b8cda5a97931f299791aa83b5550d6a74f601ea3c7a5063ecbc98d5d29
scripts/27_validate_site.py,7825,1e80ae5cdeec98b387a40fa9ca2d953cae0598b0fbc661a338af6511b4561131
scripts/28_checksums.py,3135,cdeaf0ca7c9e1713f6d9e087318b7facb2f325fcb26da984abddb5567a22df3c
scripts/29_website_manifest.py,5463,b0b9a6e66469b92894fceceb53b9f17f41c4d308a6c4ea07fd503cad0bacf44a
scripts/30_fix_source_register.py,5515,0ff6893beb7cf562e33f93a216b84201a7778f9474dcadd5457e878e56e960db
scripts/31_api_publisher_snapshots.py,5429,9ce0b52870c52433337f1e9e7904fa44daad5c4936858d8ddd2a7662f15258b1
scripts/32_fix_api_publisher_snapshots.py,4593,5ad91302a6a06b6e11b82fbbdf44012366cda10dd172141a2f2b0695271916bf
scripts/33_oecd_summary_snapshot.py,7104,85a6bac554745e6dc9554d3bf7cad2902bbf7ff2e65542e1952f317b874ffa95
scripts/34_evidence_pages.py,14681,3b124f33d3a2a5295b719badca299c05d586509299c45930c289f89e3c6a5e65
scripts/35_fix_absconded_source.py,2433,9c545580fb5821508e0fef04854bf07af010c6bb7fc606b25ba38dd28df6f332
scripts/36_render_extract_pdfs.py,2291,059dcdd1d13ee89fc5105be72d3d8b88b660912ecf152fd0bd66c520a44aa81b
scripts/40_fix_audit_findings.py,6608,31854757074a68237c82517cd15210d40b1d758ff46a7cdfd8a9cb77986566ae
scripts/41_link_sweep.py,6715,6e110626541a704534ac1dd3dfc6d525c7d59f609d25a652550d5af0fe524e32
scripts/42_fix_korea_overstayers.py,9789,e1221ad12ba4f0d860118f1cf6369a8eeec83995d2d7c45d58b23037ee5e5876
scripts/43_trace_c_values.py,6319,190d48b62ac3b37b0e2c0ed11c0c3539ea150f090d67c42b44a77977396ef24b
scripts/44_enforce_traceability.py,10295,42e5a4e38deb1de1b9f7c8e5028a35576b4e6398ec3293b9251520d64a923811
scripts/45_build_source_mirrors.py,9081,18e6bc734ab3ebb7c0874df045aac2c42b22d1079306c5b33aef2263bd7a7182
scripts/46_update_workbook_traceability.py,5420,35fe2c7431987b22f25bac1afcd598ca1feceaf126a1c8b69da5a472fa8cefc5
scripts/47_reverify_eurostat_detections.py,5059,8e42fa441bd853d8d40f4f18ab17268e08c7f989a1e7f18ed34a70cc4e65797a
scripts/49_reclassify_rejected_input.py,1710,ec8a4b57d0f3067b475fcbe790055cc9687e7f152d03adde06d41b337b93dac8
scripts/50_sync_workbook_known_issues.py,1998,082aa855cc5746a07c9b9f0df65c7af7f9b9b700bf1ef0ab8b069e80cdb10c70
scripts/51_resync_stale_workbook_sheets.py,2913,19ffbfd00a32ea4bed0ccd3092382ef9e553194ccd872aaccf41fb58ea12b8fb
scripts/52_refresh_workbook_readme.py,4058,26107106f374253a6ddfd43607843546450e59d32dff6a3e2a7d32298c59f4ff
scripts/53_present_current_sources.py,9463,73bd4ab83a8df8893e7c3b87ba3505e9c7ccdaf38f431643d2ec4a63df28811f
scripts/54_sync_after_source_rework.py,4723,30cac1a4e6050b9e7a24e53d84958292bd2e9de62d325bfdbadb2217dcd4c167
scripts/55_drop_rejected_input_row.py,2836,d97390b4c150fdad205864f21aa5e32c143171f2fd335c201ea97060a513c06e
scripts/56_translations_into_data.py,2099,4be5450958ea32ecb334036156e8caa1776f73d45f83d01c1353a61c0ec333c9
scripts/57_sync_workbook_sheets.py,9422,efd4864a80e59a4e90221f1e754f505ef9359b5916254eb398b6d26a9cd1d15d
scripts/58_snapshot_recited_sources.py,5070,b159282527b0c8446e3d7da2fbae41352e02e01484239bca34a83ad26e5072b1
scripts/59_archive_revived_ismu_releases.py,5292,8745c9f7c0e5a0e342e7946c66092b4ee22b85873c8c4bae19081f56fce2ddff
scripts/60_replace_blocked_captures.py,5047,24c3878dce7e8ce0f8349e8822ef87d44f3235d922eb5cd1bf859a302e5052ab
scripts/61_correct_ismu_reachability.py,3663,08b29f24299802eaf030796881e36d790593142958030a8a8b7688a4a94ee90e
scripts/62_scrub_local_paths.py,2932,674f4d14d0ab085801a063d7b6cc3b6fd0501b903f6b70946f16b353ad7698e5
scripts/63_export_clean_panel.py,26801,def3a400dcbc9bedb22f463ae9551488e858e26ca8008f76f35f7ba64afe2fe9
scripts/64_fix_israel_irregular_measures.py,6948,af048b32d353ed7907605c43b880ec2690f607fc118ac1f51cc941ecdca5ed9a
scripts/65_document_israel_findings.py,6118,fc25c545fbcc8564e6dabecf69d617f72776517ec5361399c193cb758776e3a5
scripts/66_revision_history.py,22074,0a7ca4dbc801c35fbe2eddec25cf7492db430bfd90f66179a8a6d8a83149bd4e
scripts/67_fetch_extension_apis.py,5580,ed5e7dda0e20bf06d089d54e8d9b6e6eccd2c4cca1f84f70b64ba99f959fcd93
scripts/68_collect_api_cells.py,13479,44bbbd83032b539b691bf0b7736010de56ff4900fd3d49792863de7d58eb00c0
scripts/69_collect_population_and_un.py,8964,f439379ff8baccd1a4d97693b22359d4bc463608c15f120a4bd06ab64686687d
scripts/70_collect_taiwan.py,8699,826ff8c7e2bbb8e65f9795a71fda9816e8276f66d82e3c06fbccf5af1405d079
scripts/71_collect_census_za_in.py,7169,054abd9eda6fc997c24b49a97692cffd0d02c7b7cc23f00725838d8aa0a881c4
scripts/72_collect_russia_2002.py,4799,f8df125efe4aae5dd6e252a7ef156599c939cbd4c7b582e3df6a81f190e8c9ca
scripts/73_collect_uk_ons_2004_2005.py,6451,837937f3fdbb21eccab61e7eed228c2ac4111af07d8893f7a86e27a5f7f59e23
scripts/74_assemble_panel.py,13335,242da0794f34c49248aa624df425c97d8ed0815fecaa4ffbae743683189bd10e
scripts/75_build_derived_tables.py,32698,91498d1c4cc201caffda211435da12f4beedf47be40a7e7fe38ec4af20d1d0f1
scripts/76_render_payload_mirrors.py,2757,9ebdba003073efcbc545d4722c4d400ad61bd8f0f72ceccb98c56823694b6ee7
scripts/77_update_readme.py,11970,252adcdfaf44aee71dde82627f1bb8fa764a049e31789d5740c64debfec6acef
scripts/78_verify_checksums.py,1706,8f96cab980cfdac3b48082dc569c2ea23af0203860347351c0c6d640c3b5fedd
scripts/_sitelib.py,5335,7b9b88fff4fe81145895c5b307ecba6c4a3047c5aec3ccd4bb15603d9e312ac2
scripts/audit_site_against_verified.py,123951,b82193e61d6d77880df6a3be4722971431e1b4922423808f554e2cccaa4c2250
scripts/blib.py,12806,9b7cba27df70ec763d65afbe37d9302f2a5a0fecc3c3530852c6e00e65e71bcf
scripts/build_core.py,25248,750e64959016c347bc7071d148449b5c26ea75c837ed3aeb96a12a674322ec7e
scripts/build_evidence.py,17043,f41d63080dcba43023a479568ed13df46aa4af2e4ae7b6e7c7dbc0b59854dcf7
scripts/build_pages.py,38162,b46097624860f3452743c0b32a00437e7da7817e00cf34cd5731897dd793b719
scripts/build_pdf_extracts.py,11135,f16068ba6f7592a7c43cb2748d885f8aee33bf2e350c4e90bcbf99bc54521971
scripts/counts.py,1193,2a84271144a1b89ef08900a2dac5eb3d66a10c45d2c7e8d8c036ca6475216da7
scripts/ext_lib.py,14098,59068903827df8748cd6bed530da394b91ecb67701c15d9d68c743cbbc1713a0
scripts/i18n.py,27418,126d5677cf3b84ed719946cd0255889a1dac98411ea2412a4849b23c64e65147
scripts/i18n_content.py,45490,e007176f16857b9bcefca94a09b32359012da2429362ad0a9a3391fe1f73e8ae
scripts/served.py,1721,bc645497bfc15181b8c82a46a697b58a93c1fce79f46fdf656b3dcba01786392
scripts/test_audit_site_against_verified.py,10792,b2718a1e036ccc3c2b409c7d872bcd5366d0d9d8a4781576a6728064230a0e83
scripts/validate_archive.mjs,2485,d9aa0464bca4f3372d4399e1b909fc7f361bb5b9e3d42c28b2c1d16875a14a35
scripts/validate_bilingual.py,6808,e8dcc63e96830c6b638f6390f6ab584b6e382e81a6d2acba035a42ada35ddbf8
sources.html,169113,ac254f219be7f41bc6e38e464f342655cd97748f4e9d72afcbd968f62cd0a751
sources.zh.html,168340,244e8df701ef28258126d3ca78250bd094747523ca8c6b10d9b519d60a7b8019
verification.html,59782,5f69f3e28df90eafd973f6bf2bc675ced01a6ec2df65a9d8dceb4671ca557179
verification.zh.html,58777,87f15a7ffe6e7ae9450ead1bffad23e2b234a3e12da62b9e9d35c24e2ac32aaa
verification/AUDIT_response.md,7248,16ffd165a9cd3737ff35ad46956a50c6e6a3873b49fe8c516b0068f949725912
verification/audit_issues.csv,6512,4e9412b8f466eac9616c4d10a075939d10c0626e78b824e43dfb5d250fbd4afb
verification/corrections_applied.csv,17902,464db1b7d89ae62f06da6737db2fd80329a68bbcd90699839d2d36c92b438e37
verification/country_package_summary.csv,1343,ef0b1bb0861c965ded63d35b0935ed5dcdec344283fa22c7fbe55e15931c2653
verification/country_source_manifest.csv,103419,fc1ee4eb7366c2fb073f87d79dbbe23f1408f379196c3a16c0462cbc8008a3c7
verification/download_log.csv,27971,628ebd55eeb65ebd99603d165d628204ca9182268f68860ff3d6646556a11d00
verification/link_sweep.csv,31197,0c3bf6f1fb09d35bd44f845b68f070af2908593493099b006da42992b00d3526
verification/sources_catalog.csv,58223,f45f38fc8cc7a7f9d4e00ac9cc9ff209b334c84bfaee3808bccf2cfe3905c9b1
verification/value_checks.csv,216669,9ed14b3e2dedbab37970964263ae7b543d4e50f1d2c306ba879bbfbc99e725a3
verification/value_checks_oecd.csv,13245,c54e7f191ca7a185aa43259bf92c28c5b985d764ba25fc26768078f63febe688
