iso3,iso2,country,country_zh,year,in_issp_wave1,in_issp_wave2,population,population_unwpp,population_gap_pct,foreign_born,foreign_born_pct_of_pop,foreign_born_source_type,foreign_born_flag,un_stock_citizenship_basis,un_stock_citizenship_basis_pct_of_pop,foreign_nationals,foreign_nationals_pct_of_pop,foreign_nationals_source_type,foreign_nationals_flag,irregular_stock,irregular_stock_pct_of_pop,irregular_stock_is_midpoint,irregular_stock_published_range,overstayers,overstayers_pct_of_pop,detections,detections_per_1000_pop,absconded_workers_tw,grade_population,grade_foreign_born,grade_foreign_nationals,grade_irregular_stock,grade_overstayers,grade_detections,grade_un_stock_citizenship_basis
AUS,AU,Australia,澳洲,2001,1,1,19274701.0,19365433.0,-0.469,4482120.0,23.254,annual,,,,,,,,,,,,,,,,,A,A,,,,,
AUS,AU,Australia,澳洲,2002,1,1,19495210.0,19595355.0,-0.511,4534510.0,23.26,annual,,,,,,,,,,,,,,,,,A,A,,,,,
AUS,AU,Australia,澳洲,2003,1,1,19720737.0,19819454.0,-0.498,4655610.0,23.608,annual,,,,,,,,,,,,,,,,,A,A,,,,,
AUS,AU,Australia,澳洲,2004,1,1,19932722.0,20046677.0,-0.568,4752950.0,23.845,annual,,,,,,,,,,,,,,,,,A,A,,,,,
AUS,AU,Australia,澳洲,2005,1,1,20176844.0,20294490.0,-0.58,4877090.0,24.172,annual,,,,,,,,,,,,,,,,,A,A,,,,,
AUS,AU,Australia,澳洲,2006,1,1,20450966.0,20590559.0,-0.678,5031630.0,24.603,annual,,,,,,,,,,,,,,,,,A,A,,,,,
AUS,AU,Australia,澳洲,2007,1,1,20827622.0,20954549.0,-0.606,5233250.0,25.126,annual,,,,,,,,,,,,,,,,,A,A,,,,,
AUS,AU,Australia,澳洲,2008,1,1,21249199.0,21370589.0,-0.568,5477900.0,25.779,annual,,,,,,,,,,,,,,,,,A,A,,,,,
AUS,AU,Australia,澳洲,2009,1,1,21691653.0,21783011.0,-0.419,5729880.0,26.415,annual,,,,,,,,,,,,,,,,,A,A,,,,,
AUS,AU,Australia,澳洲,2010,1,1,22031750.0,22141581.0,-0.496,5881360.0,26.695,annual,,,,,,,,,,,,53900.0,0.245,,,,A,A,,,B,,
AUS,AU,Australia,澳洲,2011,1,1,22340024.0,22479775.0,-0.622,6018180.0,26.939,annual,,,,,,,,,,,,58400.0,0.261,,,,A,A,,,B,,
AUS,AU,Australia,澳洲,2012,1,1,22733465.0,22852644.0,-0.522,6214010.0,27.334,annual,,,,,,,,,,,,,,,,,A,A,,,,,
AUS,AU,Australia,澳洲,2013,1,1,23128129.0,23236270.0,-0.465,6408740.0,27.71,annual,,,,,,,,,,,,,,,,,A,A,,,,,
AUS,AU,Australia,澳洲,2014,1,1,23475686.0,23595601.0,-0.508,6570240.0,27.987,annual,,,,,,,,,,,,,,,,,A,A,,,,,
AUS,AU,Australia,澳洲,2015,1,1,23815995.0,23948002.0,-0.551,6729730.0,28.257,annual,,,,,,,,,,,,62000.0,0.26,,,,A,A,,,B,,
AUS,AU,Australia,澳洲,2016,1,1,24190907.0,24329963.0,-0.572,6912110.0,28.573,annual,,,,,,,,,,,,64600.0,0.267,,,,A,A,,,B,,
AUS,AU,Australia,澳洲,2017,1,1,24592588.0,24731038.0,-0.56,7142030.0,29.041,annual,,,,,,,,,,,,,,,,,A,A,,,,,
AUS,AU,Australia,澳洲,2018,1,1,24963258.0,25119706.0,-0.623,7346520.0,29.429,annual,,,,,,,,,,,,,,,,,A,A,,,,,
AUS,AU,Australia,澳洲,2019,1,1,25334826.0,25482714.0,-0.58,7549660.0,29.8,annual,,,,,,,,,,,,,,,,,A,A,,,,,
AUS,AU,Australia,澳洲,2020,1,1,25649248.0,25743791.0,-0.367,7672450.0,29.913,annual,,,,,,,,,,,,,,,,,A,A,,,,,
AUS,AU,Australia,澳洲,2021,1,1,25685412.0,25956417.0,-1.044,7525860.0,29.3,annual,,,,,,,,,,,,,,,,,A,A,,,,,
AUS,AU,Australia,澳洲,2022,1,1,26018721.0,26200984.0,-0.696,7681720.0,29.524,annual,,,,,,,,,,,,,,,,,A,A,,,,,
AUT,AT,Austria,奧地利,2001,0,1,8042293.0,8042233.0,0.001,843000.0,10.482,annual,splice,,,709696.0,8.825,annual,,,,,,,,,,,A,A,A,,,,
AUT,AT,Austria,奧地利,2002,0,1,8081957.0,8081636.0,0.004,1112094.0,13.76,annual,splice,,,704836.0,8.721,annual,,,,,,,,,,,A,A,A,,,,
AUT,AT,Austria,奧地利,2003,0,1,8121423.0,8122602.0,-0.015,1137351.0,14.004,annual,splice,,,727052.0,8.952,annual,,,,,,,,,,,A,A,A,,,,
AUT,AT,Austria,奧地利,2004,0,1,8171966.0,8173491.0,-0.019,1141212.0,13.965,annual,splice,,,738579.0,9.038,annual,,,,,,,,,,,A,A,A,,,,
AUT,AT,Austria,奧地利,2005,0,1,8227829.0,8229204.0,-0.017,1154776.0,14.035,annual,splice,,,761005.0,9.249,annual,,,,,,,,,,,A,A,A,,,,
AUT,AT,Austria,奧地利,2006,0,1,8268641.0,8269898.0,-0.015,1195156.0,14.454,annual,splice,,,783539.0,9.476,annual,,,,,,,,,,,A,A,A,,,,
AUT,AT,Austria,奧地利,2007,0,1,8295487.0,8296952.0,-0.018,1215695.0,14.655,annual,splice,,,793364.0,9.564,annual,,,,,,,,,,,A,A,A,,,,
AUT,AT,Austria,奧地利,2008,0,1,8321496.0,8323253.0,-0.021,1234879.0,14.84,annual,,,,826485.0,9.932,annual,,,,,,,,,,,A,A,A,,,,
AUT,AT,Austria,奧地利,2009,0,1,8343323.0,8345066.0,-0.021,1259626.0,15.097,annual,,,,855557.0,10.254,annual,,,,,,,,,,,A,A,A,,,,
AUT,AT,Austria,奧地利,2010,0,1,8363404.0,8365092.0,-0.02,1274901.0,15.244,annual,,,,879102.0,10.511,annual,,,,,,,,15220.0,1.8198,,A,A,A,,,A,
AUT,AT,Austria,奧地利,2011,0,1,8391643.0,8393270.0,-0.019,1294224.0,15.423,annual,,,,908591.0,10.827,annual,,,,,,,,20080.0,2.3929,,A,A,A,,,A,
AUT,AT,Austria,奧地利,2012,0,1,8429991.0,8431601.0,-0.019,1322656.0,15.69,annual,,,,946610.0,11.229,annual,,,,,,,,23135.0,2.7444,,A,A,A,,,A,
AUT,AT,Austria,奧地利,2013,0,1,8479823.0,8481406.0,-0.019,1364003.0,16.085,annual,,,,999095.0,11.782,annual,,,,,,,,25960.0,3.0614,,A,A,A,,,A,
AUT,AT,Austria,奧地利,2014,0,1,8546356.0,8547817.0,-0.017,1414215.0,16.548,annual,,,,1060446.0,12.408,annual,,,,,,,,33055.0,3.8677,,A,A,A,,,A,
AUT,AT,Austria,奧地利,2015,0,1,8642699.0,8644039.0,-0.016,1483123.0,17.16,annual,,,,1139736.0,13.187,annual,,,,,,,,86220.0,9.9761,,A,A,A,,,A,
AUT,AT,Austria,奧地利,2016,0,1,8736668.0,8737915.0,-0.014,1588209.0,18.179,annual,,,,1260188.0,14.424,annual,,,,,,,,49810.0,5.7013,,A,A,A,,,A,
AUT,AT,Austria,奧地利,2017,0,1,8797566.0,8798778.0,-0.014,1649008.0,18.744,annual,,,,1333239.0,15.155,annual,,150000.0,1.705,yes,"100,000–200,000 (Pew Appendix B, thousands)",,,26660.0,3.0304,,A,A,A,C,,A,
AUT,AT,Austria,奧地利,2018,0,1,8840521.0,8841650.0,-0.013,1690619.0,19.124,annual,,,,1385823.0,15.676,annual,,,,,,,,18840.0,2.1311,,A,A,A,,,A,
AUT,AT,Austria,奧地利,2019,0,1,8879920.0,8880876.0,-0.011,1722833.0,19.401,annual,,,,1427105.0,16.071,annual,,,,,,,,16090.0,1.812,,A,A,A,,,A,
AUT,AT,Austria,奧地利,2020,0,1,8916864.0,8921405.0,-0.051,1760595.0,19.745,annual,,,,1473453.0,16.524,annual,,,,,,,,18715.0,2.0988,,A,A,A,,,A,
AUT,AT,Austria,奧地利,2021,0,1,8955797.0,8967057.0,-0.126,1792053.0,20.01,annual,,,,1517372.0,16.943,annual,,,,,,,,38410.0,4.2888,,A,A,A,,,A,
AUT,AT,Austria,奧地利,2022,0,1,9041851.0,9064677.0,-0.252,1834342.0,20.287,annual,,,,1572316.0,17.389,annual,,,,,,,,105545.0,11.6729,,A,A,A,,,A,
BEL,BE,Belgium,比利時,2001,1,0,10286570.0,10287004.0,-0.004,1080790.0,10.507,annual,splice,,,861192.0,8.372,annual,,,,,,,,,,,A,A,A,,,,
BEL,BE,Belgium,比利時,2002,1,0,10332785.0,10332973.0,-0.002,1117261.0,10.813,annual,splice,,,846287.0,8.19,annual,,,,,,,,,,,A,A,A,,,,
BEL,BE,Belgium,比利時,2003,1,0,10376133.0,10376260.0,-0.001,1156732.0,11.148,annual,splice,,,847932.0,8.172,annual,,,,,,,,,,,A,A,A,,,,
BEL,BE,Belgium,比利時,2004,1,0,10421137.0,10421292.0,-0.001,1185456.0,11.375,annual,splice,,,860287.0,8.255,annual,,,,,,,,,,,A,A,A,,,,
BEL,BE,Belgium,比利時,2005,1,0,10478617.0,10478886.0,-0.003,1220062.0,11.643,annual,splice,,,870862.0,8.311,annual,,,,,,,,,,,A,A,A,,,,
BEL,BE,Belgium,比利時,2006,1,0,10547958.0,10548442.0,-0.005,1268915.0,12.03,annual,splice,,,900473.0,8.537,annual,Eurostat flag: estimated,,,,,,,,,,A,A,A,,,,
BEL,BE,Belgium,比利時,2007,1,0,10625700.0,10625493.0,0.002,1319302.0,12.416,annual,splice,,,932161.0,8.773,annual,,,,,,,,,,,A,A,A,,,,
BEL,BE,Belgium,比利時,2008,1,0,10709973.0,10709708.0,0.002,1380323.0,12.888,annual,splice,,,971448.0,9.07,annual,,,,,,,,,,,A,A,A,,,,
BEL,BE,Belgium,比利時,2009,1,0,10796493.0,10812935.0,-0.152,1443937.0,13.374,annual,Eurostat flag: provisional,,,1009055.0,9.346,annual,Eurostat flag: provisional,,,,,,,,,,A,A,A,,,,
BEL,BE,Belgium,比利時,2010,1,0,10895586.0,10936626.0,-0.375,1503806.0,13.802,annual,Eurostat flag: provisional,,,1052844.0,9.663,annual,Eurostat flag: provisional,,,,,,,12115.0,1.1119,,A,A,A,,,A,
BEL,BE,Belgium,比利時,2011,1,0,11038264.0,11038631.0,-0.003,1628793.0,14.756,annual,Eurostat flag: break in time series,,,1162608.0,10.533,annual,Eurostat flag: break in time series,,,,,,,13550.0,1.2275,,A,A,A,,,A,
BEL,BE,Belgium,比利時,2012,1,0,11106932.0,11107518.0,-0.005,1677737.0,15.105,annual,,,,1197598.0,10.782,annual,,,,,,,,15085.0,1.3582,,A,A,A,,,A,
BEL,BE,Belgium,比利時,2013,1,0,11159407.0,11160276.0,-0.008,1722265.0,15.433,annual,,,,1222741.0,10.957,annual,,,,,,,,15075.0,1.3509,,A,A,A,,,A,
BEL,BE,Belgium,比利時,2014,1,0,11209057.0,11210119.0,-0.009,1748748.0,15.601,annual,,,,1237696.0,11.042,annual,,,,,,,,15540.0,1.3864,,A,A,A,,,A,
BEL,BE,Belgium,比利時,2015,1,0,11274196.0,11275335.0,-0.01,1783488.0,15.819,annual,,,,1272751.0,11.289,annual,,,,,,,,16275.0,1.4436,,A,A,A,,,A,
BEL,BE,Belgium,比利時,2016,1,0,11331422.0,11332701.0,-0.011,1845631.0,16.288,annual,,,,1327421.0,11.715,annual,,,,,,,,19320.0,1.705,,A,A,A,,,A,
BEL,BE,Belgium,比利時,2017,1,0,11375158.0,11376581.0,-0.013,1876726.0,16.498,annual,,,,1346358.0,11.836,annual,,,,,,,,18285.0,1.6075,,A,A,A,,,A,
BEL,BE,Belgium,比利時,2018,1,0,11427054.0,11428605.0,-0.014,1916272.0,16.77,annual,,,,1366070.0,11.955,annual,,,,,,,,19145.0,1.6754,,A,A,A,,,A,
BEL,BE,Belgium,比利時,2019,1,0,11488980.0,11490618.0,-0.014,1968060.0,17.13,annual,,,,1400238.0,12.188,annual,,,,,,,,17585.0,1.5306,,A,A,A,,,A,
BEL,BE,Belgium,比利時,2020,1,0,11538604.0,11540107.0,-0.013,2027763.0,17.574,annual,,,,1437580.0,12.459,annual,,,,,,,,11495.0,0.9962,,A,A,A,,,A,
BEL,BE,Belgium,比利時,2021,1,0,11586195.0,11570844.0,0.133,2065727.0,17.829,annual,,,,1454039.0,12.55,annual,,,,,,,,10885.0,0.9395,,A,A,A,,,A,
BEL,BE,Belgium,比利時,2022,1,0,11680210.0,11641820.0,0.33,2119691.0,18.148,annual,,,,1488896.0,12.747,annual,,,,,,,,10965.0,0.9388,,A,A,A,,,A,
BGR,BG,Bulgaria,保加利亞,2001,1,0,8009142.0,7928452.0,1.018,,,,,,,,,,,,,,,,,,,,A,,,,,,
BGR,BG,Bulgaria,保加利亞,2002,1,0,7837161.0,7861943.0,-0.315,,,,,,,,,,,,,,,,,,,,A,,,,,,
BGR,BG,Bulgaria,保加利亞,2003,1,0,7775327.0,7804409.0,-0.373,,,,,,,,,,,,,,,,,,,,A,,,,,,
BGR,BG,Bulgaria,保加利亞,2004,1,0,7716860.0,7749430.0,-0.42,,,,,,,,,,,,,,,,,,,,A,,,,,,
BGR,BG,Bulgaria,保加利亞,2005,1,0,7658972.0,7695050.0,-0.469,61074.0,0.797,un_estimate,un_estimate,,,,,,,,,,,,,,,,A,A,,,,,
BGR,BG,Bulgaria,保加利亞,2006,1,0,7601022.0,7640294.0,-0.514,,,,,,,,,,,,,,,,,,,,A,,,,,,
BGR,BG,Bulgaria,保加利亞,2007,1,0,7545338.0,7586888.0,-0.548,,,,,,,,,,,,,,,,,,,,A,,,,,,
BGR,BG,Bulgaria,保加利亞,2008,1,0,7492561.0,7535592.0,-0.571,,,,,,,36265.0,0.484,annual,,,,,,,,,,,A,,A,,,,
BGR,BG,Bulgaria,保加利亞,2009,1,0,7444443.0,7488011.0,-0.582,,,,,,,37132.0,0.499,annual,,,,,,,,,,,A,,A,,,,
BGR,BG,Bulgaria,保加利亞,2010,1,0,7395599.0,7437599.0,-0.565,,,,,,,38002.0,0.514,annual,,,,,,,,1705.0,0.2305,,A,,A,,,A,
BGR,BG,Bulgaria,保加利亞,2011,1,0,7348328.0,7380025.0,-0.429,78621.0,1.07,annual,,,,38815.0,0.528,annual,,,,,,,,1355.0,0.1844,,A,A,A,,,A,
BGR,BG,Bulgaria,保加利亞,2012,1,0,7305888.0,7317014.0,-0.152,85076.0,1.164,annual,,,,39432.0,0.54,annual,,,,,,,,2050.0,0.2806,,A,A,A,,,A,
BGR,BG,Bulgaria,保加利亞,2013,1,0,7160005.0,7264600.0,-1.44,95180.0,1.329,annual,,,,44506.0,0.622,annual,,,,,,,,5260.0,0.7346,,A,A,A,,,A,
BGR,BG,Bulgaria,保加利亞,2014,1,0,7073572.0,7223449.0,-2.075,107275.0,1.517,annual,,,,53253.0,0.753,annual,,,,,,,,12870.0,1.8194,,A,A,A,,,A,
BGR,BG,Bulgaria,保加利亞,2015,1,0,6984225.0,7177517.0,-2.693,120635.0,1.727,annual,,,,63879.0,0.915,annual,,,,,,,,20810.0,2.9796,,A,A,A,,,A,
BGR,BG,Bulgaria,保加利亞,2016,1,0,6894139.0,7127434.0,-3.273,131924.0,1.914,annual,,,,71491.0,1.037,annual,,,,,,,,14125.0,2.0488,,A,A,A,,,A,
BGR,BG,Bulgaria,保加利亞,2017,1,0,6803468.0,7075636.0,-3.847,139655.0,2.053,annual,,,,76562.0,1.125,annual,,,,,,,,2595.0,0.3814,,A,A,A,,,A,
BGR,BG,Bulgaria,保加利亞,2018,1,0,6710798.0,7024745.0,-4.469,149096.0,2.222,annual,,,,82370.0,1.227,annual,,,,,,,,1305.0,0.1945,,A,A,A,,,A,
BGR,BG,Bulgaria,保加利亞,2019,1,0,6616726.0,6975469.0,-5.143,162346.0,2.454,annual,,,,91243.0,1.379,annual,,,,,,,,655.0,0.099,,A,A,A,,,A,
BGR,BG,Bulgaria,保加利亞,2020,1,0,6550696.0,6933652.0,-5.523,176321.0,2.692,annual,,,,100768.0,1.538,annual,,,,,,,,670.0,0.1023,,A,A,A,,,A,
BGR,BG,Bulgaria,保加利亞,2021,1,0,6507301.0,6877225.0,-5.379,188519.0,2.897,annual,,,,108438.0,1.666,annual,,,,,,,,3200.0,0.4918,,A,A,A,,,A,
BGR,BG,Bulgaria,保加利亞,2022,1,0,6465097.0,6825864.0,-5.285,142214.0,2.2,annual,,,,63861.0,0.988,annual,,,,,,,,10135.0,1.5676,,A,A,A,,,A,
CHL,CL,Chile,智利,2001,1,0,15683849.0,15683849.0,0.0,,,,,,,,,,,,,,,,,,,,A,,,,,,
CHL,CL,Chile,智利,2002,1,0,15857925.0,15857925.0,0.0,,,,,,,,,,,,,,,,,,,,A,,,,,,
CHL,CL,Chile,智利,2003,1,0,16024752.0,16024752.0,0.0,184464.0,1.151,annual,,,,,,,,,,,,,,,,,A,A,,,,,
CHL,CL,Chile,智利,2004,1,0,16187322.0,16187322.0,0.0,223000.0,1.378,annual,,,,,,,,,,,,,,,,,A,A,,,,,
CHL,CL,Chile,智利,2005,1,0,16348778.0,16348778.0,0.0,235545.0,1.441,annual,,,,,,,,,,,,,,,,,A,A,,,,,
CHL,CL,Chile,智利,2006,1,0,16509195.0,16509195.0,0.0,247365.0,1.498,annual,,,,,,,,,,,,,,,,,A,A,,,,,
CHL,CL,Chile,智利,2007,1,0,16671581.0,16671581.0,0.0,258829.0,1.553,annual,,,,,,,,,,,,,,,,,A,A,,,,,
CHL,CL,Chile,智利,2008,1,0,16838988.0,16838988.0,0.0,290901.0,1.728,annual,,,,,,,,,,,,,,,,,A,A,,,,,
CHL,CL,Chile,智利,2009,1,0,17009731.0,17009731.0,0.0,317057.0,1.864,annual,,,,,,,,,,,,,,,,,A,A,,,,,
CHL,CL,Chile,智利,2010,1,0,17181464.0,17181464.0,0.0,352344.0,2.051,annual,,,,,,,,,,,,,,,,,A,A,,,,,
CHL,CL,Chile,智利,2011,1,0,17351816.0,17351816.0,0.0,369436.0,2.129,annual,,,,,,,,,,,,,,,,,A,A,,,,,
CHL,CL,Chile,智利,2012,1,0,17519119.0,17519119.0,0.0,388229.0,2.216,annual,,,,,,,,,,,,,,,,,A,A,,,,,
CHL,CL,Chile,智利,2013,1,0,17687006.0,17687006.0,0.0,415540.0,2.349,annual,,,,,,,,,,,,,,,,,A,A,,,,,
CHL,CL,Chile,智利,2014,1,0,17864195.0,17864195.0,0.0,441529.0,2.472,annual,,,,,,,,,,,,,,,,,A,A,,,,,
CHL,CL,Chile,智利,2015,1,0,18047625.0,18047625.0,0.0,465319.0,2.578,annual,,,,,,,,,,,,,,,,,A,A,,,,,
CHL,CL,Chile,智利,2016,1,0,18267221.0,18267221.0,0.0,,,,,,,,,,,,,,,,,,,,A,,,,,,
CHL,CL,Chile,智利,2017,1,0,18558868.0,18558868.0,0.0,746435.0,4.022,annual,,,,746465.0,4.022,annual,,,,,,,,,,,A,A,A,,,,
CHL,CL,Chile,智利,2018,1,0,18893191.0,18893191.0,0.0,,,,,,,1306859.0,6.917,annual,,10375.0,0.055,,,,,,,,A,,A,B,,,
CHL,CL,Chile,智利,2019,1,0,19197744.0,19197744.0,0.0,1306859.0,6.807,annual,,,,1486810.0,7.745,annual,,21833.0,0.114,,,,,,,,A,A,A,B,,,
CHL,CL,Chile,智利,2020,1,0,19370624.0,19370624.0,0.0,1486810.0,7.676,annual,,,,1534813.0,7.923,annual,,53356.0,0.275,,,,,,,,A,A,A,B,,,
CHL,CL,Chile,智利,2021,1,0,19456334.0,19456334.0,0.0,1534813.0,7.889,annual,,,,1630812.0,8.382,annual,,109846.0,0.565,,,,,,,,A,A,A,B,,,
CHL,CL,Chile,智利,2022,1,0,19553036.0,19553036.0,0.0,1630812.0,8.34,annual,,,,1836137.0,9.391,annual,,291149.0,1.489,,,,,,,,A,A,A,B,,,
CHN,CN,China,中國,2001,1,1,1271850000.0,1278725063.0,-0.538,,,,,,,,,,,,,,,,,,,,A,,,,,,
CHN,CN,China,中國,2002,1,1,1280400000.0,1286866839.0,-0.503,,,,,,,,,,,,,,,,,,,,A,,,,,,
CHN,CN,China,中國,2003,1,1,1288400000.0,1294517326.0,-0.473,,,,,,,,,,,,,,,,,,,,A,,,,,,
CHN,CN,China,中國,2004,1,1,1296075000.0,1302100316.0,-0.463,,,,,,,,,,,,,,,,,,,,A,,,,,,
CHN,CN,China,中國,2005,1,1,1303720000.0,1310027136.0,-0.481,,,,,853360.0,0.065,,,,,,,,,,,,,,A,,,,,,A
CHN,CN,China,中國,2006,1,1,1311020000.0,1318054036.0,-0.534,,,,,,,,,,,,,,,,,,,,A,,,,,,
CHN,CN,China,中國,2007,1,1,1317885000.0,1325813582.0,-0.598,,,,,,,,,,,,,,,,,,,,A,,,,,,
CHN,CN,China,中國,2008,1,1,1324655000.0,1333821016.0,-0.687,,,,,,,,,,,,,,,,,,,,A,,,,,,
CHN,CN,China,中國,2009,1,1,1331260000.0,1342522716.0,-0.839,,,,,,,,,,,,,,,,,,,,A,,,,,,
CHN,CN,China,中國,2010,1,1,1337705000.0,1351561514.0,-1.025,,,,,1010008.0,0.076,593832.0,0.044,census,,,,,,,,,,,A,,B,,,,A
CHN,CN,China,中國,2011,1,1,1345035000.0,1360250664.0,-1.119,,,,,,,,,,,,,,,,,,,,A,,,,,,
CHN,CN,China,中國,2012,1,1,1354190000.0,1369520864.0,-1.119,,,,,,,,,,,,,,,,,,,,A,,,,,,
CHN,CN,China,中國,2013,1,1,1363240000.0,1379008040.0,-1.143,,,,,,,,,,,,,,,,,,,,A,,,,,,
CHN,CN,China,中國,2014,1,1,1371860000.0,1387951972.0,-1.159,,,,,,,,,,,,,,,,,,,,A,,,,,,
CHN,CN,China,中國,2015,1,1,1379860000.0,1396134174.0,-1.166,,,,,1196007.0,0.087,,,,,,,,,,,,,,A,,,,,,A
CHN,CN,China,中國,2016,1,1,1387790000.0,1404052632.0,-1.158,,,,,,,,,,,,,,,,,,,,A,,,,,,
CHN,CN,China,中國,2017,1,1,1396215000.0,1412354727.0,-1.143,,,,,,,,,,,,,,,,,,,,A,,,,,,
CHN,CN,China,中國,2018,1,1,1402760000.0,1419008956.0,-1.145,,,,,,,,,,,,,,,,,,,,A,,,,,,
CHN,CN,China,中國,2019,1,1,1407745000.0,1423520357.0,-1.108,,,,,,,,,,,,,,,,,,,,A,,,,,,
CHN,CN,China,中國,2020,1,1,1411100000.0,1426106093.0,-1.052,,,,,1415116.0,0.1,845697.0,0.06,census,,,,,,,,,,,A,,B,,,,A
CHN,CN,China,中國,2021,1,1,1412360000.0,1426437267.0,-0.987,,,,,,,,,,,,,,,,,,,,A,,,,,,
CHN,CN,China,中國,2022,1,1,1412175000.0,1425179569.0,-0.912,,,,,,,,,,,,,,,,,,,,A,,,,,,
HRV,HR,Croatia,克羅埃西亞,2001,1,1,4299642.0,4301074.0,-0.033,,,,,,,,,,,,,,,,,,,,A,,,,,,
HRV,HR,Croatia,克羅埃西亞,2002,1,1,4302174.0,4305782.0,-0.084,,,,,,,,,,,,,,,,,,,,A,,,,,,
HRV,HR,Croatia,克羅埃西亞,2003,1,1,4303399.0,4306686.0,-0.076,,,,,,,,,,,,,,,,,,,,A,,,,,,
HRV,HR,Croatia,克羅埃西亞,2004,1,1,4304600.0,4310056.0,-0.127,,,,,,,,,,,,,,,,,,,,A,,,,,,
HRV,HR,Croatia,克羅埃西亞,2005,1,1,4310145.0,4313946.0,-0.088,579273.0,13.44,un_estimate,un_estimate,,,,,,,,,,,,,,,,A,A,,,,,
HRV,HR,Croatia,克羅埃西亞,2006,1,1,4311159.0,4315800.0,-0.108,,,,,,,,,,,,,,,,,,,,A,,,,,,
HRV,HR,Croatia,克羅埃西亞,2007,1,1,4310217.0,4315954.0,-0.133,,,,,,,,,,,,,,,,,,,,A,,,,,,
HRV,HR,Croatia,克羅埃西亞,2008,1,1,4309705.0,4314631.0,-0.114,,,,,,,,,,,,,,,,,,,,A,,,,,,
HRV,HR,Croatia,克羅埃西亞,2009,1,1,4305181.0,4310530.0,-0.124,,,,,,,,,,,,,,,,,,,,A,,,,,,
HRV,HR,Croatia,克羅埃西亞,2010,1,1,4295427.0,4301145.0,-0.133,,,,,,,,,,,,,,,,,,,,A,,,,,,
HRV,HR,Croatia,克羅埃西亞,2011,1,1,4280622.0,4280824.0,-0.005,584947.0,13.665,census,,,,23276.0,0.544,census,,,,,,,,,,,A,B,B,,,,
HRV,HR,Croatia,克羅埃西亞,2012,1,1,4260368.0,4259236.0,0.027,,,,,,,,,,,,,,,,,,,,A,,,,,,
HRV,HR,Croatia,克羅埃西亞,2013,1,1,4233922.0,4242398.0,-0.2,569220.0,13.444,annual,,,,24142.0,0.57,annual,,,,,,,,4150.0,0.9802,,A,A,A,,,A,
HRV,HR,Croatia,克羅埃西亞,2014,1,1,4201598.0,4219479.0,-0.424,558092.0,13.283,annual,,,,23801.0,0.566,annual,,,,,,,,2500.0,0.595,,A,A,A,,,A,
HRV,HR,Croatia,克羅埃西亞,2015,1,1,4151725.0,4183729.0,-0.765,545115.0,13.13,annual,,,,24125.0,0.581,annual,,,,,,,,3295.0,0.7936,,A,A,A,,,A,
HRV,HR,Croatia,克羅埃西亞,2016,1,1,4106867.0,4136444.0,-0.715,526279.0,12.815,annual,,,,24231.0,0.59,annual,,,,,,,,3320.0,0.8084,,A,A,A,,,A,
HRV,HR,Croatia,克羅埃西亞,2017,1,1,4041407.0,4079200.0,-0.926,512411.0,12.679,annual,,,,24102.0,0.596,annual,,,,,,,,3495.0,0.8648,,A,A,A,,,A,
HRV,HR,Croatia,克羅埃西亞,2018,1,1,3988775.0,4024868.0,-0.897,496265.0,12.442,annual,,,,24024.0,0.602,annual,,,,,,,,5580.0,1.3989,,A,A,A,,,A,
HRV,HR,Croatia,克羅埃西亞,2019,1,1,3949390.0,3986334.0,-0.927,488393.0,12.366,annual,,,,23878.0,0.605,annual,,,,,,,,13630.0,3.4512,,A,A,A,,,A,
HRV,HR,Croatia,克羅埃西亞,2020,1,1,3914206.0,3953958.0,-1.005,486390.0,12.426,annual,,,,24631.0,0.629,annual,,,,,,,,22240.0,5.6819,,A,A,A,,,A,
HRV,HR,Croatia,克羅埃西亞,2021,1,1,3878981.0,3924610.0,-1.163,478056.0,12.324,annual,,,,26259.0,0.677,annual,,,,,,,,13540.0,3.4906,,A,A,A,,,A,
HRV,HR,Croatia,克羅埃西亞,2022,1,1,3855641.0,3907027.0,-1.315,472308.0,12.25,annual,Eurostat flag: break in time series,,,35919.0,0.932,annual,Eurostat flag: break in time series,,,,,,,43830.0,11.3678,,A,A,A,,,A,
CZE,CZ,Czech Republic,捷克,2001,1,1,10216605.0,10231936.0,-0.15,448477.0,4.39,annual,splice (large gap),,,180242.0,1.764,annual,,,,,,,,,,,A,A,A,,,,
CZE,CZ,Czech Republic,捷克,2002,1,1,10196916.0,10239468.0,-0.416,,,,,,,163805.0,1.606,annual,,,,,,,,,,,A,,A,,,,
CZE,CZ,Czech Republic,捷克,2003,1,1,10193998.0,10248912.0,-0.536,,,,,,,179154.0,1.757,annual,,,,,,,,,,,A,,A,,,,
CZE,CZ,Czech Republic,捷克,2004,1,1,10197101.0,10261450.0,-0.627,,,,,,,195394.0,1.916,annual,,,,,,,,,,,A,,A,,,,
CZE,CZ,Czech Republic,捷克,2005,1,1,10211216.0,10280153.0,-0.671,,,,,,,193467.0,1.895,annual,,,,,,,,,,,A,,A,,,,
CZE,CZ,Czech Republic,捷克,2006,1,1,10238905.0,10304588.0,-0.637,,,,,,,258325.0,2.523,annual,,,,,,,,,,,A,,A,,,,
CZE,CZ,Czech Republic,捷克,2007,1,1,10298828.0,10337543.0,-0.375,,,,,,,296202.0,2.876,annual,,,,,,,,,,,A,,A,,,,
CZE,CZ,Czech Republic,捷克,2008,1,1,10384603.0,10378292.0,0.061,,,,,,,347649.0,3.348,annual,,,,,,,,,,,A,,A,,,,
CZE,CZ,Czech Republic,捷克,2009,1,1,10443936.0,10420985.0,0.22,384161.0,3.678,annual,,,,407541.0,3.902,annual,,,,,,,,,,,A,A,A,,,,
CZE,CZ,Czech Republic,捷克,2010,1,1,10474410.0,10464035.0,0.099,398493.0,3.804,annual,,,,424419.0,4.052,annual,,,,,,,,2655.0,0.2535,,A,A,A,,,A,
CZE,CZ,Czech Republic,捷克,2011,1,1,10496088.0,10495511.0,0.005,387971.0,3.696,annual,,,,416737.0,3.97,annual,,,,,,,,3085.0,0.2939,,A,A,A,,,A,
CZE,CZ,Czech Republic,捷克,2012,1,1,10510785.0,10507335.0,0.033,390843.0,3.718,annual,,,,422966.0,4.024,annual,,,,,,,,3315.0,0.3154,,A,A,A,,,A,
CZE,CZ,Czech Republic,捷克,2013,1,1,10514272.0,10511163.0,0.03,387337.0,3.684,annual,,,,422280.0,4.016,annual,,,,,,,,3695.0,0.3514,,A,A,A,,,A,
CZE,CZ,Czech Republic,捷克,2014,1,1,10525347.0,10517226.0,0.077,396156.0,3.764,annual,,,,434581.0,4.129,annual,,,,,,,,4430.0,0.4209,,A,A,A,,,A,
CZE,CZ,Czech Republic,捷克,2015,1,1,10546059.0,10524416.0,0.206,416454.0,3.949,annual,,,,457323.0,4.336,annual,,,,,,,,8165.0,0.7742,,A,A,A,,,A,
CZE,CZ,Czech Republic,捷克,2016,1,1,10566332.0,10531948.0,0.326,433290.0,4.101,annual,,,,476345.0,4.508,annual,,,,,,,,4885.0,0.4623,,A,A,A,,,A,
CZE,CZ,Czech Republic,捷克,2017,1,1,10594438.0,10541342.0,0.504,465056.0,4.39,annual,,,,510841.0,4.822,annual,,150000.0,1.416,yes,"100,000–200,000 (Pew Appendix B, thousands)",,,4360.0,0.4115,,A,A,A,C,,A,
CZE,CZ,Czech Republic,捷克,2018,1,1,10629928.0,10548937.0,0.768,467580.0,4.399,annual,,,,515422.0,4.849,annual,,,,,,,,4505.0,0.4238,,A,A,A,,,A,
CZE,CZ,Czech Republic,捷克,2019,1,1,10671870.0,10554875.0,1.108,507051.0,4.751,annual,,,,557458.0,5.224,annual,,,,,,,,4995.0,0.4681,,A,A,A,,,A,
CZE,CZ,Czech Republic,捷克,2020,1,1,10697858.0,10550129.0,1.4,533639.0,4.988,annual,,,,586646.0,5.484,annual,,,,,,,,6515.0,0.609,,A,A,A,,,A,
CZE,CZ,Czech Republic,捷克,2021,1,1,10505772.0,10530683.0,-0.237,409220.0,3.895,annual,Eurostat flag: break in time series,,,488532.0,4.65,annual,Eurostat flag: break in time series,,,,,,,11040.0,1.0509,,A,A,A,,,A,
CZE,CZ,Czech Republic,捷克,2022,1,1,10672118.0,10673213.0,-0.01,685840.0,6.426,annual,Eurostat flag: break in time series,,,538237.0,5.043,annual,,,,,,,,29130.0,2.7295,,A,A,A,,,A,
DNK,DK,Denmark,丹麥,2001,1,1,5358783.0,5358828.0,-0.001,308674.0,5.76,annual,splice (large gap),,,258556.0,4.825,annual,,,,,,,,,,,A,A,A,,,,
DNK,DK,Denmark,丹麥,2002,1,1,5375931.0,5375959.0,-0.001,321794.0,5.986,annual,splice (large gap),,,266627.0,4.96,annual,,,,,,,,,,,A,A,A,,,,
DNK,DK,Denmark,丹麥,2003,1,1,5390574.0,5390620.0,-0.001,331506.0,6.15,annual,splice (large gap),,,265332.0,4.922,annual,,,,,,,,,,,A,A,A,,,,
DNK,DK,Denmark,丹麥,2004,1,1,5404523.0,5404598.0,-0.001,337802.0,6.25,annual,splice (large gap),,,271111.0,5.016,annual,,,,,,,,,,,A,A,A,,,,
DNK,DK,Denmark,丹麥,2005,1,1,5419432.0,5419555.0,-0.002,343367.0,6.336,annual,splice (large gap),,,267512.0,4.936,annual,,,,,,,,,,,A,A,A,,,,
DNK,DK,Denmark,丹麥,2006,1,1,5437272.0,5437420.0,-0.003,350436.0,6.445,annual,splice (large gap),,,269964.0,4.965,annual,,,,,,,,,,,A,A,A,,,,
DNK,DK,Denmark,丹麥,2007,1,1,5461438.0,5461607.0,-0.003,360902.0,6.608,annual,splice (large gap),,,278010.0,5.09,annual,,,,,,,,,,,A,A,A,,,,
DNK,DK,Denmark,丹麥,2008,1,1,5493621.0,5493764.0,-0.003,378665.0,6.893,annual,splice (large gap),,,298450.0,5.433,annual,,,,,,,,,,,A,A,A,,,,
DNK,DK,Denmark,丹麥,2009,1,1,5523095.0,5523173.0,-0.001,486003.0,8.799,annual,,,,320033.0,5.794,annual,,,,,,,,,,,A,A,A,,,,
DNK,DK,Denmark,丹麥,2010,1,1,5547683.0,5547863.0,-0.003,500772.0,9.027,annual,,,,329797.0,5.945,annual,,,,,,,,665.0,0.1199,,A,A,A,,,A,
DNK,DK,Denmark,丹麥,2011,1,1,5570572.0,5570849.0,-0.005,517230.0,9.285,annual,,,,345884.0,6.209,annual,,,,,,,,400.0,0.0718,,A,A,A,,,A,
DNK,DK,Denmark,丹麥,2012,1,1,5591572.0,5591917.0,-0.006,531540.0,9.506,annual,,,,358714.0,6.415,annual,,,,,,,,630.0,0.1127,,A,A,A,,,A,
DNK,DK,Denmark,丹麥,2013,1,1,5614932.0,5615333.0,-0.007,548411.0,9.767,annual,,,,374569.0,6.671,annual,,,,,,,,395.0,0.0703,,A,A,A,,,A,
DNK,DK,Denmark,丹麥,2014,1,1,5643475.0,5643794.0,-0.006,569596.0,10.093,annual,,,,397221.0,7.039,annual,,,,,,,,515.0,0.0913,,A,A,A,,,A,
DNK,DK,Denmark,丹麥,2015,1,1,5683483.0,5683701.0,-0.004,595876.0,10.484,annual,,,,422492.0,7.434,annual,,,,,,,,2165.0,0.3809,,A,A,A,,,A,
DNK,DK,Denmark,丹麥,2016,1,1,5728010.0,5728201.0,-0.003,636666.0,11.115,annual,,,,463088.0,8.085,annual,,,,,,,,1390.0,0.2427,,A,A,A,,,A,
DNK,DK,Denmark,丹麥,2017,1,1,5764980.0,5765168.0,-0.003,668090.0,11.589,annual,,,,484934.0,8.412,annual,,,,,,,,1105.0,0.1917,,A,A,A,,,A,
DNK,DK,Denmark,丹麥,2018,1,1,5793636.0,5793824.0,-0.003,690549.0,11.919,annual,,,,505934.0,8.733,annual,,,,,,,,1135.0,0.1959,,A,A,A,,,A,
DNK,DK,Denmark,丹麥,2019,1,1,5814422.0,5814618.0,-0.003,707880.0,12.175,annual,,,,525849.0,9.044,annual,,,,,,,,1195.0,0.2055,,A,A,A,,,A,
DNK,DK,Denmark,丹麥,2020,1,1,5831404.0,5831530.0,-0.002,715936.0,12.277,annual,,,,537071.0,9.21,annual,,,,,,,,490.0,0.084,,A,A,A,,,A,
DNK,DK,Denmark,丹麥,2021,1,1,5856733.0,5856776.0,-0.001,721135.0,12.313,annual,,,,539443.0,9.211,annual,,,,,,,,425.0,0.0726,,A,A,A,,,A,
DNK,DK,Denmark,丹麥,2022,1,1,5903037.0,5902904.0,0.002,745851.0,12.635,annual,,,,562205.0,9.524,annual,,,,,,,,510.0,0.0864,,A,A,A,,,A,
FIN,FI,Finland,芬蘭,2001,1,1,5188008.0,5187971.0,0.001,136203.0,2.625,annual,splice,,,90569.0,1.746,annual,,,,,,,,,,,A,A,A,,,,
FIN,FI,Finland,芬蘭,2002,1,1,5200598.0,5200546.0,0.001,145139.0,2.791,annual,splice,,,98142.0,1.887,annual,,,,,,,,,,,A,A,A,,,,
FIN,FI,Finland,芬蘭,2003,1,1,5213014.0,5212955.0,0.001,152057.0,2.917,annual,splice,,,103206.0,1.98,annual,,,,,,,,,,,A,A,A,,,,
FIN,FI,Finland,芬蘭,2004,1,1,5228172.0,5228148.0,0.0,158867.0,3.039,annual,splice,,,106545.0,2.038,annual,,,,,,,,,,,A,A,A,,,,
FIN,FI,Finland,芬蘭,2005,1,1,5246096.0,5246082.0,0.0,166361.0,3.171,annual,splice,,,107804.0,2.055,annual,,,,,,,,,,,A,A,A,,,,
FIN,FI,Finland,芬蘭,2006,1,1,5266268.0,5266247.0,0.0,176612.0,3.354,annual,splice,,,112529.0,2.137,annual,,,,,,,,,,,A,A,A,,,,
FIN,FI,Finland,芬蘭,2007,1,1,5288720.0,5288710.0,0.0,187910.0,3.553,annual,splice,,,121110.0,2.29,annual,,,,,,,,,,,A,A,A,,,,
FIN,FI,Finland,芬蘭,2008,1,1,5313399.0,5313377.0,0.0,202528.0,3.812,annual,splice,,,132708.0,2.498,annual,,,,,,,,,,,A,A,A,,,,
FIN,FI,Finland,芬蘭,2009,1,1,5338871.0,5338856.0,0.0,214118.0,4.011,annual,,,,142288.0,2.665,annual,,,,,,,,,,,A,A,A,,,,
FIN,FI,Finland,芬蘭,2010,1,1,5363352.0,5363350.0,0.0,228481.0,4.26,annual,,,,154623.0,2.883,annual,,,,,,,,3755.0,0.7001,,A,A,A,,,A,
FIN,FI,Finland,芬蘭,2011,1,1,5388272.0,5388241.0,0.001,243217.0,4.514,annual,,,,166627.0,3.092,annual,,,,,,,,3305.0,0.6134,,A,A,A,,,A,
FIN,FI,Finland,芬蘭,2012,1,1,5413971.0,5413971.0,0.0,260856.0,4.818,annual,,,,181697.0,3.356,annual,,,,,,,,3620.0,0.6686,,A,A,A,,,A,
FIN,FI,Finland,芬蘭,2013,1,1,5438972.0,5439053.0,-0.001,279743.0,5.143,annual,,,,194250.0,3.571,annual,,,,,,,,3365.0,0.6187,,A,A,A,,,A,
FIN,FI,Finland,芬蘭,2014,1,1,5461512.0,5461684.0,-0.003,297812.0,5.453,annual,,,,206168.0,3.775,annual,,,,,,,,2930.0,0.5365,,A,A,A,,,A,
FIN,FI,Finland,芬蘭,2015,1,1,5479531.0,5479717.0,-0.003,314856.0,5.746,annual,,,,218215.0,3.982,annual,,,,,,,,14285.0,2.607,,A,A,A,,,A,
FIN,FI,Finland,芬蘭,2016,1,1,5495303.0,5495469.0,-0.003,329219.0,5.991,annual,,,,228224.0,4.153,annual,,,,,,,,2130.0,0.3876,,A,A,A,,,A,
FIN,FI,Finland,芬蘭,2017,1,1,5508214.0,5508396.0,-0.003,348986.0,6.336,annual,,,,242003.0,4.393,annual,,,,,,,,930.0,0.1688,,A,A,A,,,A,
FIN,FI,Finland,芬蘭,2018,1,1,5515525.0,5515736.0,-0.004,363717.0,6.594,annual,,,,247848.0,4.494,annual,,,,,,,,1305.0,0.2366,,A,A,A,,,A,
FIN,FI,Finland,芬蘭,2019,1,1,5521606.0,5521759.0,-0.003,377360.0,6.834,annual,,,,256026.0,4.637,annual,,,,,,,,1220.0,0.221,,A,A,A,,,A,
FIN,FI,Finland,芬蘭,2020,1,1,5529543.0,5529612.0,-0.001,393555.0,7.117,annual,,,,266079.0,4.812,annual,,,,,,,,1145.0,0.2071,,A,A,A,,,A,
FIN,FI,Finland,芬蘭,2021,1,1,5541017.0,5541075.0,-0.001,408676.0,7.375,annual,,,,277217.0,5.003,annual,,,,,,,,1090.0,0.1967,,A,A,A,,,A,
FIN,FI,Finland,芬蘭,2022,1,1,5556106.0,5569299.0,-0.237,428409.0,7.711,annual,,,,294638.0,5.303,annual,,,,,,,,1190.0,0.2142,,A,A,A,,,A,
FRA,FR,France,法國,2001,1,1,61364377.0,59905128.0,2.436,,,,,,,,,,,,,,,,,,,,A,,,,,,
FRA,FR,France,法國,2002,1,1,61812142.0,60327248.0,2.461,,,,,,,,,,,,,,,,,,,,A,,,,,,
FRA,FR,France,法國,2003,1,1,62249855.0,60741126.0,2.484,,,,,,,,,,,,,,,,,,,,A,,,,,,
FRA,FR,France,法國,2004,1,1,62707588.0,61175247.0,2.505,,,,,,,,,,,,,,,,,,,,A,,,,,,
FRA,FR,France,法國,2005,1,1,63180854.0,61625032.0,2.525,,,,,,,,,,,,,,,,,,,,A,,,,,,
FRA,FR,France,法國,2006,1,1,63622342.0,62049838.0,2.534,6910060.0,10.861,annual,splice,,,3541820.0,5.567,annual,splice,,,,,,,,,,A,A,A,,,,
FRA,FR,France,法國,2007,1,1,64016890.0,62432439.0,2.538,7013242.0,10.955,annual,,,,3685544.0,5.757,annual,Eurostat flag: estimated,,,,,,,,,,A,A,A,,,,
FRA,FR,France,法國,2008,1,1,64375116.0,62780190.0,2.54,7076824.0,10.993,annual,,,,3709814.0,5.763,annual,Eurostat flag: estimated,,,,,,,,,,A,A,A,,,,
FRA,FR,France,法國,2009,1,1,64706436.0,63106463.0,2.535,7245620.0,11.198,annual,,,,3750406.0,5.796,annual,,,,,,,,,,,A,A,A,,,,
FRA,FR,France,法國,2010,1,1,65026211.0,63417363.0,2.537,7309986.0,11.242,annual,,,,3824590.0,5.882,annual,,,,,,,,56220.0,0.8646,,A,A,A,,,A,
FRA,FR,France,法國,2011,1,1,65340830.0,63733777.0,2.522,7335966.0,11.227,annual,,,,3875096.0,5.931,annual,,,,,,,,57975.0,0.8873,,A,A,A,,,A,
FRA,FR,France,法國,2012,1,1,65657659.0,64058465.0,2.496,7463157.0,11.367,annual,Eurostat flag: break in time series,,,3944725.0,6.008,annual,Eurostat flag: break in time series,,,,,,,49760.0,0.7579,,A,A,A,,,A,
FRA,FR,France,法國,2013,1,1,65997932.0,64387734.0,2.501,7543950.0,11.431,annual,,,,4092106.0,6.2,annual,,,,,,,,48965.0,0.7419,,A,A,A,,,A,
FRA,FR,France,法國,2014,1,1,66312067.0,64692493.0,2.503,7746520.0,11.682,annual,Eurostat flag: break in time series,,,4227226.0,6.375,annual,Eurostat flag: break in time series,250000.0,0.377,yes,"200,000–300,000 (Pew Appendix B, thousands)",,,96375.0,1.4534,,A,A,A,C,,A,
FRA,FR,France,法國,2015,1,1,66548272.0,64916336.0,2.514,7915838.0,11.895,annual,,,,4431376.0,6.659,annual,,250000.0,0.376,yes,"200,000–300,000 (Pew Appendix B, thousands)",,,109720.0,1.6487,,A,A,A,C,,A,
FRA,FR,France,法國,2016,1,1,66724104.0,65086855.0,2.515,8028227.0,12.032,annual,,,,4544793.0,6.811,annual,,350000.0,0.525,yes,"300,000–400,000 (Pew Appendix B, thousands)",,,91985.0,1.3786,,A,A,A,C,,A,
FRA,FR,France,法國,2017,1,1,66918020.0,65284776.0,2.502,8098872.0,12.103,annual,,,,4605669.0,6.883,annual,,350000.0,0.523,yes,"300,000–400,000 (Pew Appendix B, thousands)",,,115085.0,1.7198,,A,A,A,C,,A,
FRA,FR,France,法國,2018,1,1,67158348.0,65519543.0,2.501,8199663.0,12.209,annual,,,,4950717.0,7.372,annual,,,,,,,,105880.0,1.5766,,A,A,A,,,A,
FRA,FR,France,法國,2019,1,1,67382061.0,65729459.0,2.514,8368280.0,12.419,annual,,,,5042171.0,7.483,annual,,,,,,,,120455.0,1.7876,,A,A,A,,,A,
FRA,FR,France,法國,2020,1,1,67601110.0,65905277.0,2.573,8473346.0,12.534,annual,,,,5173605.0,7.653,annual,,,,,,,,103915.0,1.5372,,A,A,A,,,A,
FRA,FR,France,法國,2021,1,1,67842811.0,66083548.0,2.662,8548924.0,12.601,annual,,,,5302510.0,7.816,annual,,,,,,,,117265.0,1.7285,,A,A,A,,,A,
FRA,FR,France,法國,2022,1,1,68184457.0,66277409.0,2.877,8635504.0,12.665,annual,,,,5458039.0,8.005,annual,,,,,,,,115135.0,1.6886,,A,A,A,,,A,
DEU,DE,Germany,德國,2001,1,1,82349925.0,81933885.0,0.508,,,,,,,7210710.0,8.756,annual,,,,,,,,,,,A,,A,,,,
DEU,DE,Germany,德國,2002,1,1,82488495.0,82068326.0,0.512,,,,,,,7262099.0,8.804,annual,,,,,,,,,,,A,,A,,,,
DEU,DE,Germany,德國,2003,1,1,82534176.0,82111615.0,0.515,,,,,,,7291969.0,8.835,annual,,,,,,,,,,,A,,A,,,,
DEU,DE,Germany,德國,2004,1,1,82516260.0,82092708.0,0.516,,,,,,,7291306.0,8.836,annual,,,,,,,,,,,A,,A,,,,
DEU,DE,Germany,德國,2005,1,1,82469422.0,82046731.0,0.515,,,,,,,7242810.0,8.782,annual,,,,,,,,,,,A,,A,,,,
DEU,DE,Germany,德國,2006,1,1,82376451.0,81701971.0,0.826,10371000.0,12.59,annual,splice (large gap),,,6711072.0,8.147,annual,,,,,,,,,,,A,A,A,,,,
DEU,DE,Germany,德國,2007,1,1,82266372.0,81298542.0,1.19,10410000.0,12.654,annual,splice (large gap),,,7207716.0,8.761,annual,,,,,,,,,,,A,A,A,,,,
DEU,DE,Germany,德國,2008,1,1,82110097.0,81110777.0,1.232,10505000.0,12.794,annual,splice (large gap),,,7255395.0,8.836,annual,,,,,,,,,,,A,A,A,,,,
DEU,DE,Germany,德國,2009,1,1,81902307.0,80935283.0,1.195,9548865.0,11.659,annual,,,,7185921.0,8.774,annual,,,,,,,,,,,A,A,A,,,,
DEU,DE,Germany,德國,2010,1,1,81776930.0,80830924.0,1.17,9812263.0,11.999,annual,,,,7130919.0,8.72,annual,,,,,,,,50250.0,0.6145,,A,A,A,,,A,
DEU,DE,Germany,德國,2011,1,1,80274983.0,80857874.0,-0.721,8935603.0,11.131,annual,Eurostat flag: break in time series,,,6107216.0,7.608,annual,,,,,,,,56345.0,0.7019,,A,A,A,,,A,
DEU,DE,Germany,德國,2012,1,1,80425823.0,80916390.0,-0.606,9117874.0,11.337,annual,Eurostat flag: break in time series,,,6342394.0,7.886,annual,,,,,,,,64815.0,0.8059,,A,A,A,,,A,
DEU,DE,Germany,德國,2013,1,1,80645605.0,81041582.0,-0.489,9456225.0,11.726,annual,Eurostat flag: break in time series,,,6643699.0,8.238,annual,,,,,,,,86305.0,1.0702,,A,A,A,,,A,
DEU,DE,Germany,德國,2014,1,1,80982500.0,81376080.0,-0.484,9807877.0,12.111,annual,Eurostat flag: estimated,,,7015236.0,8.663,annual,,550000.0,0.679,yes,"500,000–600,000 (Pew Appendix B, thousands)",,,128290.0,1.5842,,A,A,A,C,,A,
DEU,DE,Germany,德國,2015,1,1,81686611.0,82077550.0,-0.476,10220418.0,12.512,annual,Eurostat flag: estimated,,,7539774.0,9.23,annual,,900000.0,1.102,yes,"600,000–1,200,000 (Pew Appendix B, thousands)",,,376435.0,4.6083,,A,A,A,C,,A,
DEU,DE,Germany,德國,2016,1,1,82348669.0,82760102.0,-0.497,10908255.0,13.246,annual,,,,8651958.0,10.506,annual,,1250000.0,1.518,yes,"1,100,000–1,400,000 (Pew Appendix B, thousands)",,,370555.0,4.4998,,A,A,A,C,,A,
DEU,DE,Germany,德國,2017,1,1,82657002.0,83104007.0,-0.538,12105436.0,14.645,annual,,,,9219989.0,11.155,annual,,1100000.0,1.331,yes,"1,000,000–1,200,000 (Pew Appendix B, thousands)",,,156710.0,1.8959,,A,A,A,C,,A,
DEU,DE,Germany,德國,2018,1,1,82905782.0,83368505.0,-0.555,13745843.0,16.58,annual,,,,9678868.0,11.675,annual,,,,,,,,134125.0,1.6178,,A,A,A,,,A,
DEU,DE,Germany,德國,2019,1,1,83092962.0,83559186.0,-0.558,14879635.0,17.907,annual,,,,10089292.0,12.142,annual,,,,,,,,133525.0,1.6069,,A,A,A,,,A,
DEU,DE,Germany,德國,2020,1,1,83160871.0,83628708.0,-0.559,15040708.0,18.086,annual,,,,10398022.0,12.504,annual,,,,,,,,117930.0,1.4181,,A,A,A,,,A,
DEU,DE,Germany,德國,2021,1,1,83196078.0,83697083.0,-0.599,15162728.0,18.225,annual,,,,10585053.0,12.723,annual,,,,,,,,120285.0,1.4458,,A,A,A,,,A,
DEU,DE,Germany,德國,2022,1,1,83177813.0,84086227.0,-1.08,15287650.0,18.379,annual,Eurostat flag: estimated,,,10893053.0,13.096,annual,,,,,,,,198310.0,2.3842,,A,A,A,,,A,
HUN,HU,Hungary,匈牙利,2001,0,1,10187576.0,10166690.0,0.205,294573.0,2.891,annual,splice,,,115436.0,1.133,annual,,,,,,,,,,,A,A,A,,,,
HUN,HU,Hungary,匈牙利,2002,0,1,10158608.0,10138466.0,0.199,300069.0,2.954,annual,splice,,,116085.0,1.143,annual,Eurostat flag: provisional,,,,,,,,,,A,A,A,,,,
HUN,HU,Hungary,匈牙利,2003,0,1,10129552.0,10108963.0,0.204,302750.0,2.989,annual,splice,,,115599.0,1.141,annual,,,,,,,,,,,A,A,A,,,,
HUN,HU,Hungary,匈牙利,2004,0,1,10107146.0,10085791.0,0.212,307817.0,3.046,annual,splice,,,130109.0,1.287,annual,,,,,,,,,,,A,A,A,,,,
HUN,HU,Hungary,匈牙利,2005,0,1,10087065.0,10065706.0,0.212,319000.0,3.162,annual,splice,,,143638.0,1.424,annual,,,,,,,,,,,A,A,A,,,,
HUN,HU,Hungary,匈牙利,2006,0,1,10071370.0,10049943.0,0.213,331493.0,3.291,annual,splice,,,155978.0,1.549,annual,,,,,,,,,,,A,A,A,,,,
HUN,HU,Hungary,匈牙利,2007,0,1,10055780.0,10034082.0,0.216,344600.0,3.427,annual,splice,,,167715.0,1.668,annual,,,,,,,,,,,A,A,A,,,,
HUN,HU,Hungary,匈牙利,2008,0,1,10038188.0,10016657.0,0.215,381781.0,3.803,annual,splice,,,176580.0,1.759,annual,,,,,,,,,,,A,A,A,,,,
HUN,HU,Hungary,匈牙利,2009,0,1,10022650.0,10001378.0,0.213,424031.0,4.231,annual,,,,186365.0,1.859,annual,,,,,,,,,,,A,A,A,,,,
HUN,HU,Hungary,匈牙利,2010,0,1,10000023.0,9979129.0,0.209,436616.0,4.366,annual,,,,200005.0,2.0,annual,,,,,,,,6970.0,0.697,,A,A,A,,,A,
HUN,HU,Hungary,匈牙利,2011,0,1,9971727.0,9946676.0,0.252,443295.0,4.446,annual,,,,209202.0,2.098,annual,,,,,,,,9655.0,0.9682,,A,A,A,,,A,
HUN,HU,Hungary,匈牙利,2012,0,1,9920362.0,9916623.0,0.038,401769.0,4.05,annual,,,,143125.0,1.443,annual,,,,,,,,12175.0,1.2273,,A,A,A,,,A,
HUN,HU,Hungary,匈牙利,2013,0,1,9872734.0,9889346.0,-0.168,423317.0,4.288,annual,,,,141122.0,1.429,annual,,,,,,,,28755.0,2.9126,,A,A,A,,,A,
HUN,HU,Hungary,匈牙利,2014,0,1,9833038.0,9862842.0,-0.302,447029.0,4.546,annual,,,,140301.0,1.427,annual,,,,,,,,56170.0,5.7124,,A,A,A,,,A,
HUN,HU,Hungary,匈牙利,2015,0,1,9797755.0,9839211.0,-0.421,475508.0,4.853,annual,,,,145727.0,1.487,annual,,,,,,,,424055.0,43.2808,,A,A,A,,,A,
HUN,HU,Hungary,匈牙利,2016,0,1,9759755.0,9810532.0,-0.518,503787.0,5.162,annual,,,,156366.0,1.602,annual,,,,,,,,41560.0,4.2583,,A,A,A,,,A,
HUN,HU,Hungary,匈牙利,2017,0,1,9726756.0,9785604.0,-0.601,513649.0,5.281,annual,,,,150885.0,1.551,annual,,,,,,,,25730.0,2.6453,,A,A,A,,,A,
HUN,HU,Hungary,匈牙利,2018,0,1,9706964.0,9774394.0,-0.69,536182.0,5.524,annual,,,,161549.0,1.664,annual,,,,,,,,18915.0,1.9486,,A,A,A,,,A,
HUN,HU,Hungary,匈牙利,2019,0,1,9694824.0,9770346.0,-0.773,564761.0,5.825,annual,,,,180525.0,1.862,annual,,,,,,,,36440.0,3.7587,,A,A,A,,,A,
HUN,HU,Hungary,匈牙利,2020,0,1,9670419.0,9749457.0,-0.811,593937.0,6.142,annual,,,,199707.0,2.065,annual,,,,,,,,89370.0,9.2416,,A,A,A,,,A,
HUN,HU,Hungary,匈牙利,2021,0,1,9630932.0,9707850.0,-0.792,597440.0,6.203,annual,,,,194240.0,2.017,annual,,,,,,,,134140.0,13.928,,A,A,A,,,A,
HUN,HU,Hungary,匈牙利,2022,0,1,9605074.0,9684306.0,-0.818,612618.0,6.378,annual,,,,202299.0,2.106,annual,,,,,,,,222515.0,23.1664,,A,A,A,,,A,
ISL,IS,Iceland,冰島,2001,0,1,284968.0,285053.0,-0.03,16927.0,5.94,annual,splice,,,8821.0,3.095,annual,,,,,,,,,,,A,A,A,,,,
ISL,IS,Iceland,冰島,2002,0,1,287523.0,287607.0,-0.029,18338.0,6.378,annual,splice,,,9847.0,3.425,annual,,,,,,,,,,,A,A,A,,,,
ISL,IS,Iceland,冰島,2003,0,1,289521.0,289605.0,-0.029,19072.0,6.587,annual,splice,,,10218.0,3.529,annual,,,,,,,,,,,A,A,A,,,,
ISL,IS,Iceland,冰島,2004,0,1,292074.0,292168.0,-0.032,19530.0,6.687,annual,splice,,,10151.0,3.475,annual,,,,,,,,,,,A,A,A,,,,
ISL,IS,Iceland,冰島,2005,0,1,296734.0,296834.0,-0.034,20669.0,6.965,annual,splice,,,10607.0,3.575,annual,,,,,,,,,,,A,A,A,,,,
ISL,IS,Iceland,冰島,2006,0,1,303782.0,303874.0,-0.03,24678.0,8.124,annual,splice,,,13746.0,4.525,annual,,,,,,,,,,,A,A,A,,,,
ISL,IS,Iceland,冰島,2007,0,1,311566.0,311651.0,-0.027,30387.0,9.753,annual,splice,,,18563.0,5.958,annual,splice,,,,,,,,,,A,A,A,,,,
ISL,IS,Iceland,冰島,2008,0,1,317414.0,317514.0,-0.031,35885.0,11.305,annual,,,,23420.0,7.378,annual,,,,,,,,,,,A,A,A,,,,
ISL,IS,Iceland,冰島,2009,0,1,318499.0,318612.0,-0.035,37552.0,11.79,annual,,,,24379.0,7.654,annual,,,,,,,,,,,A,A,A,,,,
ISL,IS,Iceland,冰島,2010,0,1,318041.0,318158.0,-0.037,35091.0,11.033,annual,,,,21701.0,6.823,annual,,,,,,,,,,,A,A,A,,,,
ISL,IS,Iceland,冰島,2011,0,1,319014.0,319137.0,-0.039,34650.0,10.862,annual,,,,21143.0,6.628,annual,,,,,,,,,,,A,A,A,,,,
ISL,IS,Iceland,冰島,2012,0,1,320716.0,320841.0,-0.039,34550.0,10.773,annual,,,,20957.0,6.534,annual,,,,,,,,,,,A,A,A,,,,
ISL,IS,Iceland,冰島,2013,0,1,323764.0,323885.0,-0.037,35319.0,10.909,annual,,,,21446.0,6.624,annual,,,,,,,,,,,A,A,A,,,,
ISL,IS,Iceland,冰島,2014,0,1,327386.0,327512.0,-0.038,37116.0,11.337,annual,,,,22744.0,6.947,annual,,,,,,,,,,,A,A,A,,,,
ISL,IS,Iceland,冰島,2015,0,1,330815.0,330952.0,-0.041,39072.0,11.811,annual,,,,24294.0,7.344,annual,,,,,,,,,,,A,A,A,,,,
ISL,IS,Iceland,冰島,2016,0,1,335439.0,335574.0,-0.04,41853.0,12.477,annual,,,,26485.0,7.896,annual,,,,,,,,30.0,0.0894,,A,A,A,,,A,
ISL,IS,Iceland,冰島,2017,0,1,343400.0,343531.0,-0.038,46080.0,13.419,annual,,,,30275.0,8.816,annual,,,,,,,,15.0,0.0437,,A,A,A,,,A,
ISL,IS,Iceland,冰島,2018,0,1,352721.0,352854.0,-0.038,53540.0,15.179,annual,,,,37830.0,10.725,annual,,,,,,,,,,,A,A,A,,,,
ISL,IS,Iceland,冰島,2019,0,1,360563.0,360700.0,-0.038,59999.0,16.64,annual,,,,44269.0,12.278,annual,,,,,,,,110.0,0.3051,,A,A,A,,,A,
ISL,IS,Iceland,冰島,2020,0,1,366463.0,366614.0,-0.041,65205.0,17.793,annual,,,,49391.0,13.478,annual,,,,,,,,,,,A,A,A,,,,
ISL,IS,Iceland,冰島,2021,0,1,372520.0,372644.0,-0.033,67438.0,18.103,annual,,,,51283.0,13.767,annual,,,,,,,,130.0,0.349,,A,A,A,,,A,
ISL,IS,Iceland,冰島,2022,0,1,382003.0,380356.0,0.433,71767.0,18.787,annual,,,,54959.0,14.387,annual,,,,,,,,,,,A,A,A,,,,
IND,IN,India,印度,2001,0,1,1077898575.0,1077898575.0,0.0,6166930.0,0.572,census,,,,,,,,,,,,,,,,,A,B,,,,,
IND,IN,India,印度,2002,0,1,1097600380.0,1097600380.0,0.0,,,,,,,,,,,,,,,,,,,,A,,,,,,
IND,IN,India,印度,2003,0,1,1116803006.0,1116803006.0,0.0,,,,,,,,,,,,,,,,,,,,A,,,,,,
IND,IN,India,印度,2004,0,1,1135991513.0,1135991513.0,0.0,,,,,,,,,,,,,,,,,,,,A,,,,,,
IND,IN,India,印度,2005,0,1,1154676322.0,1154676322.0,0.0,,,,,5954999.0,0.516,,,,,,,,,,,,,,A,,,,,,A
IND,IN,India,印度,2006,0,1,1172878890.0,1172878890.0,0.0,,,,,,,,,,,,,,,,,,,,A,,,,,,
IND,IN,India,印度,2007,0,1,1190676021.0,1190676021.0,0.0,,,,,,,,,,,,,,,,,,,,A,,,,,,
IND,IN,India,印度,2008,0,1,1207930964.0,1207930964.0,0.0,,,,,,,,,,,,,,,,,,,,A,,,,,,
IND,IN,India,印度,2009,0,1,1225524753.0,1225524753.0,0.0,,,,,,,,,,,,,,,,,,,,A,,,,,,
IND,IN,India,印度,2010,0,1,1243481564.0,1243481564.0,0.0,,,,,5601237.0,0.45,,,,,,,,,,,,,,A,,,,,,A
IND,IN,India,印度,2011,0,1,1261224954.0,1261224954.0,0.0,5363099.0,0.425,census,,,,,,,,,,,,,,,,,A,A,,,,,
IND,IN,India,印度,2012,0,1,1278674502.0,1278674502.0,0.0,,,,,,,,,,,,,,,,,,,,A,,,,,,
IND,IN,India,印度,2013,0,1,1295829511.0,1295829511.0,0.0,,,,,,,,,,,,,,,,,,,,A,,,,,,
IND,IN,India,印度,2014,0,1,1312277191.0,1312277191.0,0.0,,,,,,,,,,,,,,,,,,,,A,,,,,,
IND,IN,India,印度,2015,0,1,1328024498.0,1328024498.0,0.0,,,,,5252296.0,0.395,,,,,,,,,,,,,,A,,,,,,A
IND,IN,India,印度,2016,0,1,1343944296.0,1343944296.0,0.0,,,,,,,,,,,,,,,,,,,,A,,,,,,
IND,IN,India,印度,2017,0,1,1359657400.0,1359657400.0,0.0,,,,,,,,,,,,,,,,,,,,A,,,,,,
IND,IN,India,印度,2018,0,1,1374659064.0,1374659064.0,0.0,,,,,,,,,,,,,,,,,,,,A,,,,,,
IND,IN,India,印度,2019,0,1,1389030312.0,1389030312.0,0.0,,,,,,,,,,,,,,,,,,,,A,,,,,,
IND,IN,India,印度,2020,0,1,1402617695.0,1402617695.0,0.0,,,,,4929816.0,0.351,,,,,,,,,,,,,,A,,,,,,A
IND,IN,India,印度,2021,0,1,1414203896.0,1414203896.0,0.0,,,,,,,,,,,,,,,,,,,,A,,,,,,
IND,IN,India,印度,2022,0,1,1425423212.0,1425423212.0,0.0,,,,,,,,,,,,,,,,,,,,A,,,,,,
ISR,IL,Israel,以色列,2001,1,1,6439000.0,6259982.0,2.86,1958000.0,30.408,annual,,,,,,,,,,,,,,,,,A,A,,,,,
ISR,IL,Israel,以色列,2002,1,1,6570000.0,6387720.0,2.854,1978000.0,30.107,annual,,,,,,,,,,,,,,,,,A,A,,,,,
ISR,IL,Israel,以色列,2003,1,1,6689700.0,6502820.0,2.874,1983000.0,29.643,annual,,,,,,,,,,,,,,,,,A,A,,,,,
ISR,IL,Israel,以色列,2004,1,1,6809000.0,6615087.0,2.931,1975000.0,29.006,annual,,,,,,,,,,,,,,,,,A,A,,,,,
ISR,IL,Israel,以色列,2005,1,1,6930100.0,6728206.0,3.001,1961000.0,28.297,annual,,,,,,,,,,,,,,,,,A,A,,,,,
ISR,IL,Israel,以色列,2006,1,1,7053700.0,6844032.0,3.064,1948000.0,27.617,annual,,,,,,,,,,,,,,,,,A,A,,,,,
ISR,IL,Israel,以色列,2007,1,1,7180100.0,6962455.0,3.126,1930000.0,26.88,annual,,,,,,,,,,,,,,,,,A,A,,,,,
ISR,IL,Israel,以色列,2008,1,1,7308800.0,7082620.0,3.193,1916200.0,26.218,annual,,,,,,,,,,,,,,,,,A,A,,,,,
ISR,IL,Israel,以色列,2009,1,1,7485600.0,7206096.0,3.879,1899400.0,25.374,annual,,,,,,,,,,,,,,,,,A,A,,,,,
ISR,IL,Israel,以色列,2010,1,1,7623600.0,7336735.0,3.91,1877700.0,24.63,annual,,,,,,,,,,,,,,,,,A,A,,,,,
ISR,IL,Israel,以色列,2011,1,1,7765800.0,7471023.0,3.946,1869000.0,24.067,annual,,,,,,,,,,,,,,,,,A,A,,,,,
ISR,IL,Israel,以色列,2012,1,1,7910500.0,7607780.0,3.979,1850000.0,23.387,annual,,,,,,,,,,,,,,,,,A,A,,,,,
ISR,IL,Israel,以色列,2013,1,1,8059500.0,7749379.0,4.002,1835000.0,22.768,annual,,,,,,,,,,,,,,,,,A,A,,,,,
ISR,IL,Israel,以色列,2014,1,1,8215700.0,7897179.0,4.033,1821000.0,22.165,annual,,,,,,,,,,,,,,,,,A,A,,,,,
ISR,IL,Israel,以色列,2015,1,1,8380100.0,8052908.0,4.063,1817000.0,21.682,annual,,,,,,,,,,,,,,,,,A,A,,,,,
ISR,IL,Israel,以色列,2016,1,1,8546000.0,8210005.0,4.093,1817500.0,21.267,annual,,,,,,,,,,,,,,,,,A,A,,,,,
ISR,IL,Israel,以色列,2017,1,1,8713300.0,8361797.0,4.204,1812420.0,20.801,annual,,,,,,,,,,,,,,,,,A,A,,,,,
ISR,IL,Israel,以色列,2018,1,1,8882800.0,8510067.0,4.38,1811240.0,20.39,annual,,,,,,,,,,,,,,,,,A,A,,,,,
ISR,IL,Israel,以色列,2019,1,1,9054000.0,8657474.0,4.58,1808920.0,19.979,annual,,,,,,,,,,,,,,,,,A,A,,,,,
ISR,IL,Israel,以色列,2020,1,1,9215100.0,8800376.0,4.713,1812180.0,19.665,annual,,,,,,,,,,,,30100.0,0.327,,,,A,A,,,B,,
ISR,IL,Israel,以色列,2021,1,1,9371400.0,8942924.0,4.791,1797300.0,19.179,annual,,,,,,,,,,,,,,,,,A,A,,,,,
ISR,IL,Israel,以色列,2022,1,1,9557500.0,9103151.0,4.991,1792880.0,18.759,annual,,,,,,,,26798.0,0.28,,,,,,,,A,A,,B,,,
ITA,IT,Italy,義大利,2001,1,1,56976981.0,57305760.0,-0.574,,,,,,,1379749.0,2.422,annual,splice,,,,,,,,,,A,,A,,,,
ITA,IT,Italy,義大利,2002,1,1,57089824.0,57420628.0,-0.576,2261729.0,3.962,annual,,,,1341414.0,2.35,annual,,,,,,,,,,,A,A,A,,,,
ITA,IT,Italy,義大利,2003,1,1,57399184.0,57739699.0,-0.59,2417218.0,4.211,annual,,,,1483277.0,2.584,annual,,,,,,,,,,,A,A,A,,,,
ITA,IT,Italy,義大利,2004,1,1,57828179.0,58176738.0,-0.599,2817326.0,4.872,annual,,,,1893927.0,3.275,annual,,,,,,,,,,,A,A,A,,,,
ITA,IT,Italy,義大利,2005,1,1,58166682.0,58519693.0,-0.603,3169038.0,5.448,annual,,,,2269018.0,3.901,annual,,,,,,,,,,,A,A,A,,,,
ITA,IT,Italy,義大利,2006,1,1,58399861.0,58754433.0,-0.603,3384810.0,5.796,annual,,,,2498411.0,4.278,annual,,,,,,,,,,,A,A,A,,,,
ITA,IT,Italy,義大利,2007,1,1,58756247.0,59108720.0,-0.596,3563728.0,6.065,annual,,,,2692022.0,4.582,annual,,,,,,,,,,,A,A,A,,,,
ITA,IT,Italy,義大利,2008,1,1,59211181.0,59561684.0,-0.588,3989058.0,6.737,annual,,,,3151553.0,5.323,annual,,,,,,,,,,,A,A,A,,,,
ITA,IT,Italy,義大利,2009,1,1,59555454.0,59904010.0,-0.582,4358808.0,7.319,annual,,,,3558853.0,5.976,annual,,,,,,,,,,,A,A,A,,,,
ITA,IT,Italy,義大利,2010,1,1,59819407.0,60164213.0,-0.573,4597046.0,7.685,annual,,,,3836349.0,6.413,annual,,454000.0,0.759,,,,,46955.0,0.7849,,A,A,A,A,,A,
ITA,IT,Italy,義大利,2011,1,1,60026841.0,60367880.0,-0.565,4834495.0,8.054,annual,,,,4101335.0,6.833,annual,,443000.0,0.738,,,,,29505.0,0.4915,,A,A,A,A,,A,
ITA,IT,Italy,義大利,2012,1,1,60191247.0,60531515.0,-0.562,5022967.0,8.345,annual,,,,4319201.0,7.176,annual,,326000.0,0.542,,,,,29345.0,0.4875,,A,A,A,A,,A,
ITA,IT,Italy,義大利,2013,1,1,60311613.0,60653868.0,-0.564,5220823.0,8.656,annual,,,,4610493.0,7.644,annual,,294000.0,0.487,,,,,23945.0,0.397,,A,A,A,A,,A,
ITA,IT,Italy,義大利,2014,1,1,60320707.0,60664171.0,-0.566,5355018.0,8.878,annual,,,,4787166.0,7.936,annual,,350000.0,0.58,,,,,25300.0,0.4194,,A,A,A,A,,A,
ITA,IT,Italy,義大利,2015,1,1,60229605.0,60575316.0,-0.571,5383252.0,8.938,annual,,,,4835245.0,8.028,annual,,404000.0,0.671,,,,,27305.0,0.4533,,A,A,A,B,,A,
ITA,IT,Italy,義大利,2016,1,1,60115223.0,60478107.0,-0.6,5656510.0,9.409,annual,,,,4831042.0,8.036,annual,,435000.0,0.724,,,,,32365.0,0.5384,,A,A,A,B,,A,
ITA,IT,Italy,義大利,2017,1,1,60002252.0,60390318.0,-0.643,5770263.0,9.617,annual,,,,4818633.0,8.031,annual,,491000.0,0.818,,,,,36230.0,0.6038,,A,A,A,B,,A,
ITA,IT,Italy,義大利,2018,1,1,59877221.0,60277499.0,-0.664,5888837.0,9.835,annual,,,,4883451.0,8.156,annual,,533000.0,0.89,,,,,26780.0,0.4472,,A,A,A,B,,A,
ITA,IT,Italy,義大利,2019,1,1,59729081.0,60130136.0,-0.667,6069000.0,10.161,annual,Eurostat flag: break in time series,,,4996158.0,8.365,annual,Eurostat flag: break in time series,562000.0,0.941,,,,,26885.0,0.4501,,A,A,A,B,,A,
ITA,IT,Italy,義大利,2020,1,1,59438851.0,59912769.0,-0.791,6161391.0,10.366,annual,,,,5039637.0,8.479,annual,,517000.0,0.87,,,,,22785.0,0.3833,,A,A,A,B,,A,
ITA,IT,Italy,義大利,2021,1,1,59133173.0,59729350.0,-0.998,6262207.0,10.59,annual,,,,5171894.0,8.746,annual,,519000.0,0.878,,,,,92070.0,1.557,,A,A,A,B,,A,
ITA,IT,Italy,義大利,2022,1,1,59013667.0,59619115.0,-1.016,6161003.0,10.44,annual,,,,5030716.0,8.525,annual,,506000.0,0.857,,,,,138420.0,2.3456,,A,A,A,B,,A,
JPN,JP,Japan,日本,2001,1,1,127149000.0,127260148.0,-0.087,,,,,,,1686444.0,1.326,annual,,,,,,,,,,,A,,A,,,,
JPN,JP,Japan,日本,2002,1,1,127445000.0,127484598.0,-0.031,,,,,,,1778462.0,1.395,annual,,,,,,,,,,,A,,A,,,,
JPN,JP,Japan,日本,2003,1,1,127718000.0,127671251.0,0.037,,,,,,,1851758.0,1.45,annual,,,,,,,,,,,A,,A,,,,
JPN,JP,Japan,日本,2004,1,1,127761000.0,127815774.0,-0.043,,,,,,,1915030.0,1.499,annual,,,,,,,,,,,A,,A,,,,
JPN,JP,Japan,日本,2005,1,1,127773000.0,127913330.0,-0.11,,,,,,,1973747.0,1.545,annual,,,,,,,,,,,A,,A,,,,
JPN,JP,Japan,日本,2006,1,1,127854000.0,127997247.0,-0.112,,,,,,,2011555.0,1.573,annual,,,,,,,,,,,A,,A,,,,
JPN,JP,Japan,日本,2007,1,1,128001000.0,128087682.0,-0.068,,,,,,,2083202.0,1.627,annual,,,,,,,,,,,A,,A,,,,
JPN,JP,Japan,日本,2008,1,1,128063000.0,128155990.0,-0.073,,,,,,,2151400.0,1.68,annual,,,,,,,,,,,A,,A,,,,
JPN,JP,Japan,日本,2009,1,1,128047000.0,128192470.0,-0.113,,,,,,,2215901.0,1.731,annual,,,,,,,,,,,A,,A,,,,
JPN,JP,Japan,日本,2010,1,1,128070000.0,128185275.0,-0.09,,,,,,,2184724.0,1.706,annual,,,,,,91778.0,0.072,,,,A,,A,,B,,
JPN,JP,Japan,日本,2011,1,1,127833000.0,128096432.0,-0.206,,,,,,,2132913.0,1.669,annual,,,,,,78488.0,0.061,,,,A,,A,,B,,
JPN,JP,Japan,日本,2012,1,1,127629000.0,127928285.0,-0.234,,,,,,,2078508.0,1.629,annual,,,,,,67065.0,0.053,,,,A,,A,,B,,
JPN,JP,Japan,日本,2013,1,1,127445000.0,127723645.0,-0.218,,,,,,,2033656.0,1.596,annual,,,,,,62009.0,0.049,,,,A,,A,,B,,
JPN,JP,Japan,日本,2014,1,1,127276000.0,127486605.0,-0.165,,,,,,,2066445.0,1.624,annual,,,,,,59061.0,0.046,,,,A,,A,,B,,
JPN,JP,Japan,日本,2015,1,1,127141000.0,127275872.0,-0.106,,,,,,,2121831.0,1.669,annual,,,,,,60007.0,0.047,,,,A,,A,,B,,
JPN,JP,Japan,日本,2016,1,1,127076000.0,127159951.0,-0.066,,,,,,,2232189.0,1.757,annual,,,,,,,,,,,A,,A,,,,
JPN,JP,Japan,日本,2017,1,1,126972000.0,127064690.0,-0.073,,,,,,,2382822.0,1.877,annual,,,,,,65270.0,0.051,,,,A,,A,,B,,
JPN,JP,Japan,日本,2018,1,1,126811000.0,126913432.0,-0.081,,,,,,,2561848.0,2.02,annual,,,,,,66498.0,0.052,,,,A,,A,,B,,
JPN,JP,Japan,日本,2019,1,1,126633000.0,126699424.0,-0.052,,,,,,,2731093.0,2.157,annual,,,,,,74167.0,0.059,,,,A,,A,,B,,
JPN,JP,Japan,日本,2020,1,1,126261000.0,126304543.0,-0.034,,,,,,,2933137.0,2.323,annual,,,,,,82892.0,0.066,,,,A,,A,,B,,
JPN,JP,Japan,日本,2021,1,1,125681593.0,125679338.0,0.002,,,,,,,2887116.0,2.297,annual,,,,,,82868.0,0.066,,,,A,,A,,B,,
JPN,JP,Japan,日本,2022,1,1,125124989.0,124997578.0,0.102,,,,,,,2760635.0,2.206,annual,,,,,,66759.0,0.053,,,,A,,A,,B,,
KOR,KR,Korea (South),南韓,2001,1,0,47370164.0,47043468.0,0.694,,,,,,,210249.0,0.444,annual,,,,,,,,,,,A,,A,,,,
KOR,KR,Korea (South),南韓,2002,1,0,47644736.0,47299120.0,0.731,,,,,,,229648.0,0.482,annual,,,,,,,,,,,A,,A,,,,
KOR,KR,Korea (South),南韓,2003,1,0,47892330.0,47514160.0,0.796,,,,,,,271666.0,0.567,annual,,,,,,,,,,,A,,A,,,,
KOR,KR,Korea (South),南韓,2004,1,0,48082519.0,47697075.0,0.808,,,,,,,460261.0,0.957,annual,,,,,,,,,,,A,,A,,,,
KOR,KR,Korea (South),南韓,2005,1,0,48184561.0,47851644.0,0.696,231744.0,0.481,un_estimate,un_estimate,,,491409.0,1.02,annual,,,,,,,,,,,A,A,A,,,,
KOR,KR,Korea (South),南韓,2006,1,0,48438292.0,48006518.0,0.899,,,,,,,510509.0,1.054,annual,,,,,,,,,,,A,,A,,,,
KOR,KR,Korea (South),南韓,2007,1,0,48683638.0,48178118.0,1.049,,,,,,,660607.0,1.357,annual,,,,,,,,,,,A,,A,,,,
KOR,KR,Korea (South),南韓,2008,1,0,49054708.0,48356493.0,1.444,,,,,,,800262.0,1.631,annual,,,,,,,,,,,A,,A,,,,
KOR,KR,Korea (South),南韓,2009,1,0,49307835.0,48546687.0,1.568,,,,,,,997300.0,2.023,annual,,,,,,,,,,,A,,A,,,,
KOR,KR,Korea (South),南韓,2010,1,0,49554112.0,48769332.0,1.609,566098.0,1.142,un_estimate,un_estimate,,,1010020.0,2.038,annual,,,,,,168515.0,0.34,,,,A,A,A,,B,,
KOR,KR,Korea (South),南韓,2011,1,0,49936638.0,49127643.0,1.647,,,,,,,1088638.0,2.18,annual,,,,,,167780.0,0.336,,,,A,,A,,A,,
KOR,KR,Korea (South),南韓,2012,1,0,50199853.0,49599579.0,1.21,,,,,,,1200079.0,2.391,annual,,,,,,177854.0,0.354,,,,A,,A,,A,,
KOR,KR,Korea (South),南韓,2013,1,0,50428893.0,50071164.0,0.714,,,,,,,1202270.0,2.384,annual,,,,,,183106.0,0.363,,,,A,,A,,A,,
KOR,KR,Korea (South),南韓,2014,1,0,50746659.0,50539056.0,0.411,,,,,,,1303777.0,2.569,annual,,,,,,208778.0,0.411,,,,A,,A,,A,,
KOR,KR,Korea (South),南韓,2015,1,0,51014947.0,50983912.0,0.061,1312172.0,2.572,un_estimate,un_estimate,,,1488882.0,2.919,annual,,,,,,214168.0,0.42,,,,A,A,A,,A,,
KOR,KR,Korea (South),南韓,2016,1,0,51217803.0,51297839.0,-0.156,,,,,,,1594768.0,3.114,annual,,,,,,,,,,,A,,A,,,,
KOR,KR,Korea (South),南韓,2017,1,0,51361911.0,51486270.0,-0.242,,,,,,,1662759.0,3.237,annual,,,,,,,,,,,A,,A,,,,
KOR,KR,Korea (South),南韓,2018,1,0,51585058.0,51640894.0,-0.108,,,,,,,1749563.0,3.392,annual,,,,,,355126.0,0.688,,,,A,,A,,A,,
KOR,KR,Korea (South),南韓,2019,1,0,51764822.0,51767846.0,-0.006,,,,,,,1951097.0,3.769,annual,,,,,,,,,,,A,,A,,,,
KOR,KR,Korea (South),南韓,2020,1,0,51836239.0,51858482.0,-0.043,1723389.0,3.325,un_estimate,un_estimate,,,2024578.0,3.906,annual,,,,,,392196.0,0.757,,,,A,A,A,,A,,
KOR,KR,Korea (South),南韓,2021,1,0,51769539.0,51848397.0,-0.152,,,,,,,1889454.0,3.65,annual,,,,,,388700.0,0.751,,,,A,,A,,A,,
KOR,KR,Korea (South),南韓,2022,1,0,51672569.0,51782512.0,-0.212,,,,,,,1829774.0,3.541,annual,,,,,,411270.0,0.796,,,,A,,A,,A,,
LTU,LT,Lithuania,立陶宛,2001,1,0,3470818.0,3473004.0,-0.063,246500.0,7.102,annual,splice (large gap),,,35094.0,1.011,annual,,,,,,,,,,,A,A,A,,,,
LTU,LT,Lithuania,立陶宛,2002,1,0,3443067.0,3444050.0,-0.029,218241.0,6.339,annual,,,,32665.0,0.949,annual,,,,,,,,,,,A,A,A,,,,
LTU,LT,Lithuania,立陶宛,2003,1,0,3415213.0,3415278.0,-0.002,214034.0,6.267,annual,,,,33609.0,0.984,annual,,,,,,,,,,,A,A,A,,,,
LTU,LT,Lithuania,立陶宛,2004,1,0,3377075.0,3376699.0,0.011,208317.0,6.169,annual,,,,33708.0,0.998,annual,,,,,,,,,,,A,A,A,,,,
LTU,LT,Lithuania,立陶宛,2005,1,0,3322528.0,3322263.0,0.008,201209.0,6.056,annual,,,,33672.0,1.013,annual,,,,,,,,,,,A,A,A,,,,
LTU,LT,Lithuania,立陶宛,2006,1,0,3269909.0,3269808.0,0.003,192071.0,5.874,annual,,,,32685.0,1.0,annual,,,,,,,,,,,A,A,A,,,,
LTU,LT,Lithuania,立陶宛,2007,1,0,3231294.0,3231374.0,-0.002,184703.0,5.716,annual,,,,32240.0,0.998,annual,,,,,,,,,,,A,A,A,,,,
LTU,LT,Lithuania,立陶宛,2008,1,0,3198231.0,3198481.0,-0.008,177836.0,5.56,annual,,,,31998.0,1.0,annual,,,,,,,,,,,A,A,A,,,,
LTU,LT,Lithuania,立陶宛,2009,1,0,3162916.0,3163254.0,-0.011,171179.0,5.412,annual,,,,30907.0,0.977,annual,,,,,,,,,,,A,A,A,,,,
LTU,LT,Lithuania,立陶宛,2010,1,0,3097282.0,3097720.0,-0.014,160772.0,5.191,annual,,,,27318.0,0.882,annual,,,,,,,,1345.0,0.4343,,A,A,A,,,A,
LTU,LT,Lithuania,立陶宛,2011,1,0,3028115.0,3028642.0,-0.017,149544.0,4.939,annual,,,,24031.0,0.794,annual,,,,,,,,1895.0,0.6258,,A,A,A,,,A,
LTU,LT,Lithuania,立陶宛,2012,1,0,2989139.0,2988329.0,0.027,143675.0,4.807,annual,,,,22865.0,0.765,annual,,,,,,,,2080.0,0.6959,,A,A,A,,,A,
LTU,LT,Lithuania,立陶宛,2013,1,0,2961250.0,2958360.0,0.098,138297.0,4.67,annual,,,,21498.0,0.726,annual,,,,,,,,1910.0,0.645,,A,A,A,,,A,
LTU,LT,Lithuania,立陶宛,2014,1,0,2937253.0,2933168.0,0.139,133746.0,4.553,annual,,,,20410.0,0.695,annual,,,,,,,,2465.0,0.8392,,A,A,A,,,A,
LTU,LT,Lithuania,立陶宛,2015,1,0,2911109.0,2905764.0,0.184,131929.0,4.532,annual,,,,20254.0,0.696,annual,,,,,,,,2040.0,0.7008,,A,A,A,,,A,
LTU,LT,Lithuania,立陶宛,2016,1,0,2877325.0,2869110.0,0.286,126264.0,4.388,annual,,,,19123.0,0.665,annual,,,,,,,,1920.0,0.6673,,A,A,A,,,A,
LTU,LT,Lithuania,立陶宛,2017,1,0,2842639.0,2829313.0,0.471,124964.0,4.396,annual,,,,18665.0,0.657,annual,,,,,,,,2210.0,0.7774,,A,A,A,,,A,
LTU,LT,Lithuania,立陶宛,2018,1,0,2819200.0,2802478.0,0.597,132127.0,4.687,annual,,,,18923.0,0.671,annual,,,,,,,,2660.0,0.9435,,A,A,A,,,A,
LTU,LT,Lithuania,立陶宛,2019,1,0,2811089.0,2795058.0,0.574,148679.0,5.289,annual,,,,20202.0,0.719,annual,,,,,,,,2440.0,0.868,,A,A,A,,,A,
LTU,LT,Lithuania,立陶宛,2020,1,0,2810369.0,2795765.0,0.522,153697.0,5.469,annual,,,,20680.0,0.736,annual,,,,,,,,1960.0,0.6974,,A,A,A,,,A,
LTU,LT,Lithuania,立陶宛,2021,1,0,2808380.0,2794488.0,0.497,155586.0,5.54,annual,,,,20001.0,0.712,annual,,,,,,,,5025.0,1.7893,,A,A,A,,,A,
LTU,LT,Lithuania,立陶宛,2022,1,0,2831639.0,2816919.0,0.523,168787.0,5.961,annual,,,,34310.0,1.212,annual,,,,,,,,3450.0,1.2184,,A,A,A,,,A,
MEX,MX,Mexico,墨西哥,2001,0,1,100099099.0,100099099.0,0.0,,,,,,,,,,,,,,,,,,,,A,,,,,,
MEX,MX,Mexico,墨西哥,2002,0,1,101548624.0,101548624.0,0.0,,,,,,,,,,,,,,,,,,,,A,,,,,,
MEX,MX,Mexico,墨西哥,2003,0,1,102978515.0,102978515.0,0.0,,,,,,,,,,,,,,,,,,,,A,,,,,,
MEX,MX,Mexico,墨西哥,2004,0,1,104394131.0,104394131.0,0.0,,,,,,,,,,,,,,,,,,,,A,,,,,,
MEX,MX,Mexico,墨西哥,2005,0,1,105811504.0,105811504.0,0.0,611825.0,0.578,annual,,,,,,,,,,,,,,,,,A,A,,,,,
MEX,MX,Mexico,墨西哥,2006,0,1,107253666.0,107253666.0,0.0,631194.0,0.589,annual,,,,,,,,,,,,,,,,,A,A,,,,,
MEX,MX,Mexico,墨西哥,2007,0,1,108774360.0,108774360.0,0.0,722590.0,0.664,annual,,,,,,,,,,,,,,,,,A,A,,,,,
MEX,MX,Mexico,墨西哥,2008,0,1,110374288.0,110374288.0,0.0,772470.0,0.7,annual,,,,,,,,,,,,,,,,,A,A,,,,,
MEX,MX,Mexico,墨西哥,2009,0,1,111999721.0,111999721.0,0.0,885651.0,0.791,annual,,,,,,,,,,,,,,,,,A,A,,,,,
MEX,MX,Mexico,墨西哥,2010,0,1,113623895.0,113623895.0,0.0,961121.0,0.846,annual,,,,262672.0,0.231,annual,,,,,,,,,,,A,A,A,,,,
MEX,MX,Mexico,墨西哥,2011,0,1,115243504.0,115243504.0,0.0,966778.0,0.839,annual,,,,281053.0,0.244,annual,,,,,,,,,,,A,A,A,,,,
MEX,MX,Mexico,墨西哥,2012,0,1,116818208.0,116818208.0,0.0,973650.0,0.833,annual,,,,303936.0,0.26,annual,,,,,,,,,,,A,A,A,,,,
MEX,MX,Mexico,墨西哥,2013,0,1,118343573.0,118343573.0,0.0,991160.0,0.838,annual,,,,296447.0,0.25,annual,,,,,,,,,,,A,A,A,,,,
MEX,MX,Mexico,墨西哥,2014,0,1,119784261.0,119784261.0,0.0,939905.0,0.785,annual,,,,,,,,,,,,,,,,,A,A,,,,,
MEX,MX,Mexico,墨西哥,2015,0,1,121072306.0,121072306.0,0.0,1007063.0,0.832,annual,,,,325979.0,0.269,annual,,,,,,,,,,,A,A,A,,,,
MEX,MX,Mexico,墨西哥,2016,0,1,122251351.0,122251351.0,0.0,,,,,,,355206.0,0.291,annual,,,,,,,,,,,A,,A,,,,
MEX,MX,Mexico,墨西哥,2017,0,1,123400057.0,123400057.0,0.0,,,,,,,381770.0,0.309,annual,,,,,,,,93846.0,0.7605,,A,,A,,,B,
MEX,MX,Mexico,墨西哥,2018,0,1,124573711.0,124573711.0,0.0,1074752.0,0.863,annual,,,,423864.0,0.34,annual,,,,,,,,131445.0,1.0552,,A,A,A,,,B,
MEX,MX,Mexico,墨西哥,2019,0,1,125762982.0,125762982.0,0.0,,,,,,,461988.0,0.367,annual,,,,,,,,182940.0,1.4546,,A,,A,,,B,
MEX,MX,Mexico,墨西哥,2020,0,1,126799054.0,126799054.0,0.0,1169883.0,0.923,annual,,,,480328.0,0.379,annual,,,,,,,,82379.0,0.6497,,A,A,A,,,B,
MEX,MX,Mexico,墨西哥,2021,0,1,127648148.0,127648148.0,0.0,,,,,,,579843.0,0.454,annual,,,,,,,,309692.0,2.4261,,A,,A,,,B,
MEX,MX,Mexico,墨西哥,2022,0,1,128613117.0,128613117.0,0.0,,,,,,,720371.0,0.56,annual,,,,,,,,441409.0,3.4321,,A,,A,,,B,
NLD,NL,Netherlands,荷蘭,2001,1,1,16046180.0,16182705.0,-0.844,1615377.0,10.067,annual,splice,,,588437.0,3.667,annual,,,,,,,,,,,A,A,A,,,,
NLD,NL,Netherlands,荷蘭,2002,1,1,16148929.0,16288051.0,-0.854,1674581.0,10.37,annual,splice,,,590962.0,3.659,annual,,,,,,,,,,,A,A,A,,,,
NLD,NL,Netherlands,荷蘭,2003,1,1,16225302.0,16366912.0,-0.865,1714155.0,10.565,annual,splice,,,592779.0,3.653,annual,,,,,,,,,,,A,A,A,,,,
NLD,NL,Netherlands,荷蘭,2004,1,1,16281779.0,16425566.0,-0.875,1731788.0,10.636,annual,splice,,,599356.0,3.681,annual,,,,,,,,,,,A,A,A,,,,
NLD,NL,Netherlands,荷蘭,2005,1,1,16319868.0,16465710.0,-0.886,1736107.0,10.638,annual,splice,,,601974.0,3.689,annual,,,,,,,,,,,A,A,A,,,,
NLD,NL,Netherlands,荷蘭,2006,1,1,16346101.0,16493852.0,-0.896,1734722.0,10.612,annual,splice,,,599648.0,3.668,annual,,,,,,,,,,,A,A,A,,,,
NLD,NL,Netherlands,荷蘭,2007,1,1,16381696.0,16531357.0,-0.905,1732379.0,10.575,annual,splice,,,597552.0,3.648,annual,,,,,,,,,,,A,A,A,,,,
NLD,NL,Netherlands,荷蘭,2008,1,1,16445593.0,16597258.0,-0.914,1751033.0,10.647,annual,splice,,,688375.0,4.186,annual,,,,,,,,,,,A,A,A,,,,
NLD,NL,Netherlands,荷蘭,2009,1,1,16530388.0,16684150.0,-0.922,1793744.0,10.851,annual,,,,637136.0,3.854,annual,,,,,,,,,,,A,A,A,,,,
NLD,NL,Netherlands,荷蘭,2010,1,1,16615394.0,16771235.0,-0.929,1832510.0,11.029,annual,,,,652188.0,3.925,annual,,,,,,,,7580.0,0.4562,,A,A,A,,,A,
NLD,NL,Netherlands,荷蘭,2011,1,1,16693074.0,16851057.0,-0.938,1868655.0,11.194,annual,,,,673235.0,4.033,annual,,,,,,,,6145.0,0.3681,,A,A,A,,,A,
NLD,NL,Netherlands,荷蘭,2012,1,1,16754962.0,16915194.0,-0.947,1906295.0,11.377,annual,,,,697741.0,4.164,annual,,,,,,,,4005.0,0.239,,A,A,A,,,A,
NLD,NL,Netherlands,荷蘭,2013,1,1,16804432.0,16967063.0,-0.959,1927728.0,11.472,annual,,,,714552.0,4.252,annual,,,,,,,,2715.0,0.1616,,A,A,A,,,A,
NLD,NL,Netherlands,荷蘭,2014,1,1,16865008.0,17030089.0,-0.969,1953436.0,11.583,annual,,,,735354.0,4.36,annual,,,,,,,,2645.0,0.1568,,A,A,A,,,A,
NLD,NL,Netherlands,荷蘭,2015,1,1,16939923.0,17107433.0,-0.979,1996318.0,11.785,annual,,,,773288.0,4.565,annual,,,,,,,,3150.0,0.186,,A,A,A,,,A,
NLD,NL,Netherlands,荷蘭,2016,1,1,17030314.0,17204693.0,-1.014,2056520.0,12.076,annual,,,,834786.0,4.902,annual,,,,,,,,2760.0,0.1621,,A,A,A,,,A,
NLD,NL,Netherlands,荷蘭,2017,1,1,17131296.0,17315370.0,-1.063,2137234.0,12.476,annual,,,,914997.0,5.341,annual,,40500.0,0.236,yes,"23,000–58,000 (WODC)",,,2120.0,0.1238,,A,A,A,C,,A,
NLD,NL,Netherlands,荷蘭,2018,1,1,17231624.0,17421280.0,-1.089,2215849.0,12.859,annual,,,,991440.0,5.754,annual,,34952.0,0.203,,,,,2790.0,0.1619,,A,A,A,B,,A,
NLD,NL,Netherlands,荷蘭,2019,1,1,17344874.0,17537507.0,-1.098,2298705.0,13.253,annual,,,,1068107.0,6.158,annual,,24124.0,0.139,,,,,3565.0,0.2055,,A,A,A,B,,A,
NLD,NL,Netherlands,荷蘭,2020,1,1,17441500.0,17636731.0,-1.107,2399804.0,13.759,annual,,,,1154830.0,6.621,annual,,24283.0,0.139,,,,,3640.0,0.2087,,A,A,A,B,,A,
NLD,NL,Netherlands,荷蘭,2021,1,1,17533044.0,17730564.0,-1.114,2451157.0,13.98,annual,,,,1171380.0,6.681,annual,,20197.0,0.115,,,,,5010.0,0.2857,,A,A,A,B,,A,
NLD,NL,Netherlands,荷蘭,2022,1,1,17700982.0,17904421.0,-1.136,2550837.0,14.411,annual,,,,1230012.0,6.949,annual,,20065.0,0.113,,,,,5475.0,0.3093,,A,A,A,B,,A,
NZL,NZ,New Zealand,紐西蘭,2001,0,1,3880500.0,3891762.0,-0.289,698625.0,18.003,annual,,,,,,,,,,,,,,,,,A,A,,,,,
NZL,NZ,New Zealand,紐西蘭,2002,0,1,3948500.0,3951119.0,-0.066,,,,,,,,,,,,,,,,,,,,A,,,,,,
NZL,NZ,New Zealand,紐西蘭,2003,0,1,4027200.0,4022586.0,0.115,,,,,,,,,,,,,,,,,,,,A,,,,,,
NZL,NZ,New Zealand,紐西蘭,2004,0,1,4087500.0,4083910.0,0.088,,,,,,,,,,,,,,,,,,,,A,,,,,,
NZL,NZ,New Zealand,紐西蘭,2005,0,1,4133900.0,4135007.0,-0.027,855017.0,20.683,un_estimate,un_estimate,,,,,,,,,,,,,,,,A,A,,,,,
NZL,NZ,New Zealand,紐西蘭,2006,0,1,4184600.0,4181940.0,0.064,879537.0,21.018,annual,,,,,,,,,,,,,,,,,A,A,,,,,
NZL,NZ,New Zealand,紐西蘭,2007,0,1,4223800.0,4223266.0,0.013,,,,,,,,,,,,,,,,,,,,A,,,,,,
NZL,NZ,New Zealand,紐西蘭,2008,0,1,4259800.0,4261824.0,-0.047,,,,,,,,,,,,,,,,,,,,A,,,,,,
NZL,NZ,New Zealand,紐西蘭,2009,0,1,4302600.0,4304304.0,-0.04,,,,,,,,,,,,,,,,,,,,A,,,,,,
NZL,NZ,New Zealand,紐西蘭,2010,0,1,4350700.0,4347770.0,0.067,956982.0,21.996,un_estimate,un_estimate,,,,,,,,,,,15614.0,0.359,,,,A,A,,,B,,
NZL,NZ,New Zealand,紐西蘭,2011,0,1,4384000.0,4382700.0,0.03,,,,,,,,,,,,,,,15030.0,0.343,,,,A,,,,B,,
NZL,NZ,New Zealand,紐西蘭,2012,0,1,4408100.0,4411676.0,-0.081,,,,,,,,,,,,,,,14044.0,0.319,,,,A,,,,B,,
NZL,NZ,New Zealand,紐西蘭,2013,0,1,4442100.0,4453851.0,-0.264,1001772.0,22.552,annual,,,,,,,,,,,,13151.0,0.296,,,,A,A,,,B,,
NZL,NZ,New Zealand,紐西蘭,2014,0,1,4516500.0,4522983.0,-0.143,,,,,,,,,,,,,,,12162.0,0.269,,,,A,,,,B,,
NZL,NZ,New Zealand,紐西蘭,2015,0,1,4609400.0,4614029.0,-0.1,1132201.0,24.563,un_estimate,un_estimate,,,,,,,,,,,,,,,,A,A,,,,,
NZL,NZ,New Zealand,紐西蘭,2016,0,1,4714100.0,4714770.0,-0.014,,,,,,,,,,,,,,,10894.0,0.231,,,,A,,,,B,,
NZL,NZ,New Zealand,紐西蘭,2017,0,1,4813600.0,4812752.0,0.018,,,,,,,,,,,,,,,14000.0,0.291,,,,A,,,,B,,
NZL,NZ,New Zealand,紐西蘭,2018,0,1,4900600.0,4900847.0,-0.005,1329633.0,27.132,annual,,,,,,,,,,,,,,,,,A,A,,,,,
NZL,NZ,New Zealand,紐西蘭,2019,0,1,4970300.0,4989403.0,-0.383,,,,,,,,,,,,,,,,,,,,A,,,,,,
NZL,NZ,New Zealand,紐西蘭,2020,0,1,5072400.0,5069895.0,0.049,1343900.0,26.494,un_estimate,un_estimate,,,,,,,,,,,,,,,,A,A,,,,,
NZL,NZ,New Zealand,紐西蘭,2021,0,1,5084600.0,5107697.0,-0.452,,,,,,,,,,,,,,,,,,,,A,,,,,,
NZL,NZ,New Zealand,紐西蘭,2022,0,1,5081700.0,5131734.0,-0.975,,,,,,,,,,,,,,,,,,,,A,,,,,,
NOR,NO,Norway,挪威,2001,1,1,4513751.0,4513657.0,0.002,305035.0,6.758,annual,splice,,,184136.0,4.079,annual,,,,,,,,,,,A,A,A,,,,
NOR,NO,Norway,挪威,2002,1,1,4538159.0,4538014.0,0.003,315147.0,6.944,annual,splice,,,185735.0,4.093,annual,,,,,,,,,,,A,A,A,,,,
NOR,NO,Norway,挪威,2003,1,1,4564855.0,4564669.0,0.004,333855.0,7.314,annual,splice,,,197627.0,4.329,annual,,,,,,,,,,,A,A,A,,,,
NOR,NO,Norway,挪威,2004,1,1,4591910.0,4591743.0,0.004,347280.0,7.563,annual,splice,,,204676.0,4.457,annual,,,,,,,,,,,A,A,A,,,,
NOR,NO,Norway,挪威,2005,1,1,4623291.0,4623124.0,0.004,361143.0,7.811,annual,splice,,,213242.0,4.612,annual,,,,,,,,,,,A,A,A,,,,
NOR,NO,Norway,挪威,2006,1,1,4660677.0,4660494.0,0.004,380367.0,8.161,annual,splice,,,222209.0,4.768,annual,,,,,,,,,,,A,A,A,,,,
NOR,NO,Norway,挪威,2007,1,1,4709153.0,4709010.0,0.003,405109.0,8.603,annual,splice,,,238237.0,5.059,annual,,,,,,,,,,,A,A,A,,,,
NOR,NO,Norway,挪威,2008,1,1,4768212.0,4768101.0,0.002,445360.0,9.34,annual,splice,,,266260.0,5.584,annual,,,,,,,,,,,A,A,A,,,,
NOR,NO,Norway,挪威,2009,1,1,4828726.0,4828623.0,0.002,488753.0,10.122,annual,,,,302908.0,6.273,annual,,,,,,,,,,,A,A,A,,,,
NOR,NO,Norway,挪威,2010,1,1,4889252.0,4889162.0,0.002,529532.0,10.831,annual,,,,333791.0,6.827,annual,,,,,,,,2410.0,0.4929,,A,A,A,,,A,
NOR,NO,Norway,挪威,2011,1,1,4953088.0,4952968.0,0.002,572231.0,11.553,annual,,,,369132.0,7.453,annual,,,,,,,,1925.0,0.3886,,A,A,A,,,A,
NOR,NO,Norway,挪威,2012,1,1,5018573.0,5018458.0,0.002,619978.0,12.354,annual,,,,407171.0,8.113,annual,,,,,,,,2760.0,0.55,,A,A,A,,,A,
NOR,NO,Norway,挪威,2013,1,1,5079623.0,5080124.0,-0.01,668178.0,13.154,annual,,,,448665.0,8.833,annual,,,,,,,,3180.0,0.626,,A,A,A,,,A,
NOR,NO,Norway,挪威,2014,1,1,5137232.0,5137395.0,-0.003,709566.0,13.812,annual,,,,483057.0,9.403,annual,,,,,,,,3720.0,0.7241,,A,A,A,,,A,
NOR,NO,Norway,挪威,2015,1,1,5188607.0,5189771.0,-0.022,747423.0,14.405,annual,,,,512024.0,9.868,annual,,,,,,,,5455.0,1.0513,,A,A,A,,,A,
NOR,NO,Norway,挪威,2016,1,1,5234519.0,5235983.0,-0.028,778764.0,14.877,annual,,,,538087.0,10.28,annual,,,,,,,,5330.0,1.0182,,A,A,A,,,A,
NOR,NO,Norway,挪威,2017,1,1,5276968.0,5276802.0,0.003,806618.0,15.286,annual,,,,559059.0,10.594,annual,,,,,,,,3850.0,0.7296,,A,A,A,,,A,
NOR,NO,Norway,挪威,2018,1,1,5311916.0,5311752.0,0.003,829705.0,15.62,annual,,,,567594.0,10.685,annual,,,,,,,,3230.0,0.6081,,A,A,A,,,A,
NOR,NO,Norway,挪威,2019,1,1,5347896.0,5347730.0,0.003,849354.0,15.882,annual,,,,584062.0,10.921,annual,,,,,,,,2915.0,0.5451,,A,A,A,,,A,
NOR,NO,Norway,挪威,2020,1,1,5379475.0,5379274.0,0.004,875977.0,16.284,annual,,,,604362.0,11.235,annual,,,,,,,,1900.0,0.3532,,A,A,A,,,A,
NOR,NO,Norway,挪威,2021,1,1,5408320.0,5408091.0,0.004,878153.0,16.237,annual,,,,601525.0,11.122,annual,,,,,,,,1430.0,0.2644,,A,A,A,,,A,
NOR,NO,Norway,挪威,2022,1,1,5457127.0,5456801.0,0.006,906843.0,16.618,annual,,,,585964.0,10.738,annual,,,,,,,,2305.0,0.4224,,A,A,A,,,A,
PHL,PH,Philippines,菲律賓,2001,1,1,81401488.0,81401488.0,0.0,,,,,,,,,,,,,,,,,,,,A,,,,,,
PHL,PH,Philippines,菲律賓,2002,1,1,83068889.0,83068889.0,0.0,,,,,,,,,,,,,,,,,,,,A,,,,,,
PHL,PH,Philippines,菲律賓,2003,1,1,84731835.0,84731835.0,0.0,,,,,,,,,,,,,,,,,,,,A,,,,,,
PHL,PH,Philippines,菲律賓,2004,1,1,86394504.0,86394504.0,0.0,,,,,,,,,,,,,,,,,,,,A,,,,,,
PHL,PH,Philippines,菲律賓,2005,1,1,88015962.0,88015962.0,0.0,,,,,168741.0,0.192,,,,,,,,,,,,,,A,,,,,,A
PHL,PH,Philippines,菲律賓,2006,1,1,89508986.0,89508986.0,0.0,,,,,,,,,,,,,,,,,,,,A,,,,,,
PHL,PH,Philippines,菲律賓,2007,1,1,91075184.0,91075184.0,0.0,,,,,,,,,,,,,,,,,,,,A,,,,,,
PHL,PH,Philippines,菲律賓,2008,1,1,92699095.0,92699095.0,0.0,,,,,,,,,,,,,,,,,,,,A,,,,,,
PHL,PH,Philippines,菲律賓,2009,1,1,94384250.0,94384250.0,0.0,,,,,,,,,,,,,,,,,,,,A,,,,,,
PHL,PH,Philippines,菲律賓,2010,1,1,96337125.0,96337125.0,0.0,,,,,178147.0,0.185,177368.0,0.184,census,,,,,,,,,,,A,,B,,,,A
PHL,PH,Philippines,菲律賓,2011,1,1,98248614.0,98248614.0,0.0,,,,,,,,,,,,,,,,,,,,A,,,,,,
PHL,PH,Philippines,菲律賓,2012,1,1,100175512.0,100175512.0,0.0,,,,,,,,,,,,,,,,,,,,A,,,,,,
PHL,PH,Philippines,菲律賓,2013,1,1,102076336.0,102076336.0,0.0,,,,,,,,,,,,,,,,,,,,A,,,,,,
PHL,PH,Philippines,菲律賓,2014,1,1,103767130.0,103767130.0,0.0,,,,,,,,,,,,,,,,,,,,A,,,,,,
PHL,PH,Philippines,菲律賓,2015,1,1,105312992.0,105312992.0,0.0,,,,,131897.0,0.125,,,,,,,,,,,,,,A,,,,,,A
PHL,PH,Philippines,菲律賓,2016,1,1,106735719.0,106735719.0,0.0,,,,,,,,,,,,,,,,,,,,A,,,,,,
PHL,PH,Philippines,菲律賓,2017,1,1,108119693.0,108119693.0,0.0,,,,,,,,,,,,,,,,,,,,A,,,,,,
PHL,PH,Philippines,菲律賓,2018,1,1,109465287.0,109465287.0,0.0,,,,,,,,,,,,,,,,,,,,A,,,,,,
PHL,PH,Philippines,菲律賓,2019,1,1,110804683.0,110804683.0,0.0,,,,,,,,,,,,,,,,,,,,A,,,,,,
PHL,PH,Philippines,菲律賓,2020,1,1,112081264.0,112081264.0,0.0,,,,,87212.0,0.078,78396.0,0.07,census,,,,,,,,,,,A,,B,,,,A
PHL,PH,Philippines,菲律賓,2021,1,1,113100950.0,113100950.0,0.0,,,,,,,,,,,,,,,,,,,,A,,,,,,
PHL,PH,Philippines,菲律賓,2022,1,1,113964338.0,113964338.0,0.0,,,,,,,,,,,,,,,,,,,,A,,,,,,
POL,PL,Poland,波蘭,2001,1,1,38248076.0,38247357.0,0.002,776185.0,2.029,annual,splice (large gap),,,41000.0,0.107,annual,,,,,,,,,,,A,A,A,,,,
POL,PL,Poland,波蘭,2002,1,1,38230364.0,38229408.0,0.003,,,,,,,41375.0,0.108,annual,,,,,,,,,,,A,,A,,,,
POL,PL,Poland,波蘭,2003,1,1,38204570.0,38203524.0,0.003,,,,,,,41650.0,0.109,annual,,,,,,,,,,,A,,A,,,,
POL,PL,Poland,波蘭,2004,1,1,38182222.0,38167572.0,0.038,,,,,,,41950.0,0.11,annual,,,,,,,,,,,A,,A,,,,
POL,PL,Poland,波蘭,2005,1,1,38165445.0,38124379.0,0.108,,,,,,,42763.0,0.112,annual,,,,,,,,,,,A,,A,,,,
POL,PL,Poland,波蘭,2006,1,1,38141267.0,38071167.0,0.184,,,,,,,49499.0,0.13,annual,Eurostat flag: estimated,,,,,,,,,,A,,A,,,,
POL,PL,Poland,波蘭,2007,1,1,38120560.0,38020421.0,0.263,,,,,,,44431.0,0.117,annual,,,,,,,,,,,A,,A,,,,
POL,PL,Poland,波蘭,2008,1,1,38125759.0,37995902.0,0.342,,,,,,,57842.0,0.152,annual,,,,,,,,,,,A,,A,,,,
POL,PL,Poland,波蘭,2009,1,1,38151603.0,38002155.0,0.393,453248.0,1.188,annual,,,,60431.0,0.158,annual,splice,,,,,,,,,,A,A,A,,,,
POL,PL,Poland,波蘭,2010,1,1,38042794.0,38095351.0,-0.138,642417.0,1.689,annual,,,,75210.0,0.198,annual,,,,,,,,4005.0,0.1053,,A,A,A,,,A,
POL,PL,Poland,波蘭,2011,1,1,38063255.0,38208643.0,-0.381,637408.0,1.675,annual,Eurostat flag: provisional,,,79338.0,0.208,annual,Eurostat flag: provisional,,,,,,,6875.0,0.1806,,A,A,A,,,A,
POL,PL,Poland,波蘭,2012,1,1,38063164.0,38247868.0,-0.483,630478.0,1.656,annual,Eurostat flag: provisional,,,85829.0,0.225,annual,Eurostat flag: provisional,,,,,,,8140.0,0.2139,,A,A,A,,,A,
POL,PL,Poland,波蘭,2013,1,1,38040196.0,38259262.0,-0.573,625363.0,1.644,annual,,,,93265.0,0.245,annual,,,,,,,,9280.0,0.244,,A,A,A,,,A,
POL,PL,Poland,波蘭,2014,1,1,38011735.0,38265113.0,-0.662,620308.0,1.632,annual,Eurostat flag: provisional,,,101204.0,0.266,annual,Eurostat flag: provisional,,,,,,,12050.0,0.317,,A,A,A,,,A,
POL,PL,Poland,波蘭,2015,1,1,37986412.0,38266314.0,-0.731,611855.0,1.611,annual,Eurostat flag: provisional,,,108279.0,0.285,annual,Eurostat flag: provisional,,,,,,,16835.0,0.4432,,A,A,A,,,A,
POL,PL,Poland,波蘭,2016,1,1,37970087.0,38263265.0,-0.766,626396.0,1.65,annual,Eurostat flag: provisional,,,149586.0,0.394,annual,"Eurostat flag: estimated, provisional",,,,,,,23375.0,0.6156,,A,A,A,,,A,
POL,PL,Poland,波蘭,2017,1,1,37974826.0,38254959.0,-0.732,651845.0,1.717,annual,"Eurostat flag: estimated, provisional",,,210328.0,0.554,annual,"Eurostat flag: estimated, provisional",,,,,,,28470.0,0.7497,,A,A,A,,,A,
POL,PL,Poland,波蘭,2018,1,1,37974750.0,38241071.0,-0.696,695850.0,1.832,annual,"Eurostat flag: estimated, provisional",,,239230.0,0.63,annual,"Eurostat flag: estimated, provisional",,,,,,,31245.0,0.8228,,A,A,A,,,A,
POL,PL,Poland,波蘭,2019,1,1,37965475.0,38225885.0,-0.681,760849.0,2.004,annual,,,,289751.0,0.763,annual,,,,,,,,30900.0,0.8139,,A,A,A,,,A,
POL,PL,Poland,波蘭,2020,1,1,37515748.0,38171012.0,-1.717,849320.0,2.264,annual,"Eurostat flag: estimated, provisional",,,358239.0,0.955,annual,"Eurostat flag: estimated, provisional",,,,,,,12170.0,0.3244,,A,A,A,,,A,
POL,PL,Poland,波蘭,2021,1,1,36981559.0,38040302.0,-2.783,935740.0,2.53,annual,,,,447442.0,1.21,annual,"Eurostat flag: estimated, provisional",,,,,,,12795.0,0.346,,A,A,A,,,A,
POL,PL,Poland,波蘭,2022,1,1,36821749.0,38385739.0,-4.074,931158.0,2.529,annual,"Eurostat flag: estimated, provisional",,,441661.0,1.199,annual,"Eurostat flag: estimated, provisional",,,,,,,10510.0,0.2854,,A,A,A,,,A,
PRT,PT,Portugal,葡萄牙,2001,1,0,10362722.0,10354325.0,0.081,,,,,,,216479.0,2.089,annual,,,,,,,,,,,A,,A,,,,
PRT,PT,Portugal,葡萄牙,2002,1,0,10419631.0,10413044.0,0.063,651472.0,6.252,annual,splice (large gap),,,224926.0,2.159,annual,,,,,,,,,,,A,A,A,,,,
PRT,PT,Portugal,葡萄牙,2003,1,0,10458821.0,10454245.0,0.044,,,,,,,238737.0,2.283,annual,,,,,,,,,,,A,,A,,,,
PRT,PT,Portugal,葡萄牙,2004,1,0,10483861.0,10481381.0,0.024,,,,,,,434252.0,4.142,annual,splice (large gap),,,,,,,,,,A,,A,,,,
PRT,PT,Portugal,葡萄牙,2005,1,0,10503330.0,10502994.0,0.003,,,,,,,449182.0,4.277,annual,splice (large gap),,,,,,,,,,A,,A,,,,
PRT,PT,Portugal,葡萄牙,2006,1,0,10522288.0,10524120.0,-0.017,,,,,,,276000.0,2.623,annual,Eurostat flag: estimated,,,,,,,,,,A,,A,,,,
PRT,PT,Portugal,葡萄牙,2007,1,0,10542964.0,10546825.0,-0.037,,,,,,,434869.0,4.125,annual,,,,,,,,,,,A,,A,,,,
PRT,PT,Portugal,葡萄牙,2008,1,0,10558177.0,10564081.0,-0.056,,,,,,,446333.0,4.227,annual,,,,,,,,,,,A,,A,,,,
PRT,PT,Portugal,葡萄牙,2009,1,0,10568247.0,10576267.0,-0.076,853328.0,8.074,annual,,,,440277.0,4.166,annual,,,,,,,,,,,A,A,A,,,,
PRT,PT,Portugal,葡萄牙,2010,1,0,10573100.0,10578660.0,-0.053,762825.0,7.215,annual,,,,454191.0,4.296,annual,,,,,,,,10085.0,0.9538,,A,A,A,,,A,
PRT,PT,Portugal,葡萄牙,2011,1,0,10557560.0,10557052.0,0.005,755484.0,7.156,annual,,,,445262.0,4.217,annual,,,,,,,,9230.0,0.8743,,A,A,A,,,A,
PRT,PT,Portugal,葡萄牙,2012,1,0,10514844.0,10513150.0,0.016,1221227.0,11.614,annual,,,,413011.0,3.928,annual,,,,,,,,9110.0,0.8664,,A,A,A,,,A,
PRT,PT,Portugal,葡萄牙,2013,1,0,10457295.0,10458298.0,-0.01,1197532.0,11.452,annual,,,,393908.0,3.767,annual,,,,,,,,5155.0,0.493,,A,A,A,,,A,
PRT,PT,Portugal,葡萄牙,2014,1,0,10401062.0,10406199.0,-0.049,1176104.0,11.308,annual,,,,377436.0,3.629,annual,,,,,,,,4530.0,0.4355,,A,A,A,,,A,
PRT,PT,Portugal,葡萄牙,2015,1,0,10358076.0,10370267.0,-0.118,1160656.0,11.205,annual,,,,366869.0,3.542,annual,,,,,,,,5145.0,0.4967,,A,A,A,,,A,
PRT,PT,Portugal,葡萄牙,2016,1,0,10325452.0,10346372.0,-0.202,1170320.0,11.334,annual,,,,360961.0,3.496,annual,,,,,,,,6500.0,0.6295,,A,A,A,,,A,
PRT,PT,Portugal,葡萄牙,2017,1,0,10300300.0,10330844.0,-0.296,1200249.0,11.653,annual,,,,370080.0,3.593,annual,,,,,,,,6005.0,0.583,,A,A,A,,,A,
PRT,PT,Portugal,葡萄牙,2018,1,0,10283822.0,10325353.0,-0.402,1236888.0,12.028,annual,,,,387943.0,3.772,annual,,,,,,,,4760.0,0.4629,,A,A,A,,,A,
PRT,PT,Portugal,葡萄牙,2019,1,0,10286263.0,10343213.0,-0.551,1307266.0,12.709,annual,,,,441863.0,4.296,annual,,,,,,,,5890.0,0.5726,,A,A,A,,,A,
PRT,PT,Portugal,葡萄牙,2020,1,0,10297081.0,10370519.0,-0.708,1416498.0,13.756,annual,,,,520487.0,5.055,annual,,,,,,,,3145.0,0.3054,,A,A,A,,,A,
PRT,PT,Portugal,葡萄牙,2021,1,0,10361831.0,10390956.0,-0.28,1495524.0,14.433,annual,,,,595794.0,5.75,annual,,,,,,,,1855.0,0.179,,A,A,A,,,A,
PRT,PT,Portugal,葡萄牙,2022,1,0,10434332.0,10417073.0,0.166,1568066.0,15.028,annual,,,,643347.0,6.166,annual,,,,,,,,2170.0,0.208,,A,A,A,,,A,
RUS,RU,Russia,俄羅斯,2001,1,1,145976482.0,146117284.0,-0.096,,,,,,,,,,,,,,,,,,,,A,,,,,,
RUS,RU,Russia,俄羅斯,2002,1,1,145306497.0,145939500.0,-0.434,11976822.0,8.242,census,includes former-USSR births,,,1455304.0,1.002,census,,,,,,,,,,,A,B,B,,,,
RUS,RU,Russia,俄羅斯,2003,1,1,144648618.0,145794229.0,-0.786,,,,,,,,,,,,,,,,,,,,A,,,,,,
RUS,RU,Russia,俄羅斯,2004,1,1,144067316.0,145180097.0,-0.766,,,,,,,,,,,,,,,,,,,,A,,,,,,
RUS,RU,Russia,俄羅斯,2005,1,1,143518814.0,144597884.0,-0.746,11667588.0,8.13,un_estimate,un_estimate,,,,,,,,,,,,,,,,A,A,,,,,
RUS,RU,Russia,俄羅斯,2006,1,1,143049637.0,144102948.0,-0.731,,,,,,,,,,,,,,,,,,,,A,,,,,,
RUS,RU,Russia,俄羅斯,2007,1,1,142805114.0,143859764.0,-0.733,,,,,,,,,,,,,,,,,,,,A,,,,,,
RUS,RU,Russia,俄羅斯,2008,1,1,142742366.0,143811840.0,-0.744,,,,,,,,,,,,,,,,,,,,A,,,,,,
RUS,RU,Russia,俄羅斯,2009,1,1,142785348.0,143869132.0,-0.753,,,,,,,,,,,,,,,,,,,,A,,,,,,
RUS,RU,Russia,俄羅斯,2010,1,1,142849468.0,143934465.0,-0.754,11199727.0,7.84,un_estimate,un_estimate,,,,,,,,,,,,,,,,A,A,,,,,
RUS,RU,Russia,俄羅斯,2011,1,1,143018195.0,144043748.0,-0.712,,,,,,,,,,,,,,,,,,,,A,,,,,,
RUS,RU,Russia,俄羅斯,2012,1,1,143378447.0,144291029.0,-0.632,,,,,,,,,,,,,,,,,,,,A,,,,,,
RUS,RU,Russia,俄羅斯,2013,1,1,143805638.0,144604098.0,-0.552,,,,,,,,,,,,,,,,,,,,A,,,,,,
RUS,RU,Russia,俄羅斯,2014,1,1,144237223.0,144925638.0,-0.475,,,,,,,,,,,,,,,,,,,,A,,,,,,
RUS,RU,Russia,俄羅斯,2015,1,1,144640716.0,145307616.0,-0.459,9098229.0,6.29,un_estimate,un_estimate,,,,,,,,,,,,,,,,A,A,,,,,
RUS,RU,Russia,俄羅斯,2016,1,1,145015460.0,145778677.0,-0.524,,,,,,,,,,,,,,,,,,,,A,,,,,,
RUS,RU,Russia,俄羅斯,2017,1,1,145293260.0,146186799.0,-0.611,,,,,,,,,,,,,,,,,,,,A,,,,,,
RUS,RU,Russia,俄羅斯,2018,1,1,145398106.0,146430146.0,-0.705,,,,,,,,,,,,,,,,,,,,A,,,,,,
RUS,RU,Russia,俄羅斯,2019,1,1,145453291.0,146533067.0,-0.737,,,,,,,,,,,,,,,,,,,,A,,,,,,
RUS,RU,Russia,俄羅斯,2020,1,1,145245148.0,146371299.0,-0.769,7297611.0,5.024,un_estimate,un_estimate,,,,,,,,,,,,,,,,A,A,,,,,
RUS,RU,Russia,俄羅斯,2021,1,1,144746762.0,145836175.0,-0.747,,,,,,,,,,,,,,,,,,,,A,,,,,,
RUS,RU,Russia,俄羅斯,2022,1,1,144236933.0,145579899.0,-0.922,,,,,,,,,,,,,,,,,,,,A,,,,,,
SVK,SK,Slovak Republic,斯洛伐克,2001,1,1,5378867.0,5379437.0,-0.011,,,,,,,28801.0,0.535,annual,splice,,,,,,,,,,A,,A,,,,
SVK,SK,Slovak Republic,斯洛伐克,2002,1,1,5376912.0,5377688.0,-0.014,,,,,,,29418.0,0.547,annual,splice,,,,,,,,,,A,,A,,,,
SVK,SK,Slovak Republic,斯洛伐克,2003,1,1,5373374.0,5376196.0,-0.052,,,,,,,29854.0,0.556,annual,,,,,,,,,,,A,,A,,,,
SVK,SK,Slovak Republic,斯洛伐克,2004,1,1,5372280.0,5376038.0,-0.07,,,,,,,29854.0,0.556,annual,Eurostat flag: break in time series,,,,,,,,,,A,,A,,,,
SVK,SK,Slovak Republic,斯洛伐克,2005,1,1,5372807.0,5376695.0,-0.072,,,,,,,22152.0,0.412,annual,,,,,,,,,,,A,,A,,,,
SVK,SK,Slovak Republic,斯洛伐克,2006,1,1,5373054.0,5376846.0,-0.071,,,,,,,25561.0,0.476,annual,,,,,,,,,,,A,,A,,,,
SVK,SK,Slovak Republic,斯洛伐克,2007,1,1,5374622.0,5376999.0,-0.044,,,,,,,32125.0,0.598,annual,,,,,,,,,,,A,,A,,,,
SVK,SK,Slovak Republic,斯洛伐克,2008,1,1,5379233.0,5379120.0,0.002,61361.0,1.141,annual,splice (large gap),,,40904.0,0.76,annual,,,,,,,,,,,A,A,A,,,,
SVK,SK,Slovak Republic,斯洛伐克,2009,1,1,5386406.0,5385073.0,0.025,,,,,,,61361.0,1.139,annual,Eurostat flag: break in time series,,,,,,,,,,A,,A,,,,
SVK,SK,Slovak Republic,斯洛伐克,2010,1,1,5391428.0,5391851.0,-0.008,64422.0,1.195,annual,,,,65894.0,1.222,annual,,,,,,,,1440.0,0.2671,,A,A,A,,,A,
SVK,SK,Slovak Republic,斯洛伐克,2011,1,1,5398384.0,5398109.0,0.005,68135.0,1.262,annual,,,,69607.0,1.289,annual,,,,,,,,1145.0,0.2121,,A,A,A,,,A,
SVK,SK,Slovak Republic,斯洛伐克,2012,1,1,5407579.0,5404871.0,0.05,156883.0,2.901,annual,,,,70727.0,1.308,annual,,,,,,,,1395.0,0.258,,A,A,A,,,A,
SVK,SK,Slovak Republic,斯洛伐克,2013,1,1,5413393.0,5410422.0,0.055,158164.0,2.922,annual,,,,72925.0,1.347,annual,,,,,,,,1025.0,0.1893,,A,A,A,,,A,
SVK,SK,Slovak Republic,斯洛伐克,2014,1,1,5418649.0,5415230.0,0.063,174908.0,3.228,annual,,,,59151.0,1.092,annual,,,,,,,,1155.0,0.2132,,A,A,A,,,A,
SVK,SK,Slovak Republic,斯洛伐克,2015,1,1,5423801.0,5420278.0,0.065,177624.0,3.275,annual,,,,61766.0,1.139,annual,,,,,,,,1985.0,0.366,,A,A,A,,,A,
SVK,SK,Slovak Republic,斯洛伐克,2016,1,1,5430798.0,5427259.0,0.065,181642.0,3.345,annual,,,,65840.0,1.212,annual,,,,,,,,2035.0,0.3747,,A,A,A,,,A,
SVK,SK,Slovak Republic,斯洛伐克,2017,1,1,5439232.0,5435700.0,0.065,186217.0,3.424,annual,,,,69695.0,1.281,annual,,,,,,,,2590.0,0.4762,,A,A,A,,,A,
SVK,SK,Slovak Republic,斯洛伐克,2018,1,1,5446771.0,5443232.0,0.065,190308.0,3.494,annual,,,,72883.0,1.338,annual,,,,,,,,2635.0,0.4838,,A,A,A,,,A,
SVK,SK,Slovak Republic,斯洛伐克,2019,1,1,5454147.0,5450626.0,0.065,194389.0,3.564,annual,,,,76116.0,1.396,annual,,,,,,,,2005.0,0.3676,,A,A,A,,,A,
SVK,SK,Slovak Republic,斯洛伐克,2020,1,1,5458827.0,5455024.0,0.07,198429.0,3.635,annual,,,,78936.0,1.446,annual,,,,,,,,1215.0,0.2226,,A,A,A,,,A,
SVK,SK,Slovak Republic,斯洛伐克,2021,1,1,5447247.0,5442759.0,0.082,201941.0,3.707,annual,,,,82075.0,1.507,annual,,,,,,,,1715.0,0.3148,,A,A,A,,,A,
SVK,SK,Slovak Republic,斯洛伐克,2022,1,1,5431752.0,5473197.0,-0.757,213171.0,3.925,annual,,,,60142.0,1.107,annual,,,,,,,,11705.0,2.1549,,A,A,A,,,A,
SVN,SI,Slovenia,斯洛維尼亞,2001,1,1,1992060.0,1989679.0,0.12,214946.0,10.79,annual,splice,,,42141.0,2.115,annual,,,,,,,,,,,A,A,A,,,,
SVN,SI,Slovenia,斯洛維尼亞,2002,1,1,1994530.0,1991572.0,0.149,217191.0,10.889,annual,splice,,,45180.0,2.265,annual,,,,,,,,,,,A,A,A,,,,
SVN,SI,Slovenia,斯洛維尼亞,2003,1,1,1995733.0,1992490.0,0.163,217927.0,10.92,annual,splice,,,44591.0,2.234,annual,,,,,,,,,,,A,A,A,,,,
SVN,SI,Slovenia,斯洛維尼亞,2004,1,1,1997012.0,1993545.0,0.174,219531.0,10.993,annual,splice,,,45209.0,2.264,annual,,,,,,,,,,,A,A,A,,,,
SVN,SI,Slovenia,斯洛維尼亞,2005,1,1,2000474.0,1996914.0,0.178,217218.0,10.858,annual,splice,,,44258.0,2.212,annual,,,,,,,,,,,A,A,A,,,,
SVN,SI,Slovenia,斯洛維尼亞,2006,1,1,2006868.0,2003114.0,0.187,222297.0,11.077,annual,splice,,,48943.0,2.439,annual,,,,,,,,,,,A,A,A,,,,
SVN,SI,Slovenia,斯洛維尼亞,2007,1,1,2018122.0,2014158.0,0.197,227463.0,11.271,annual,splice,,,53524.0,2.652,annual,,,,,,,,,,,A,A,A,,,,
SVN,SI,Slovenia,斯洛維尼亞,2008,1,1,2021316.0,2025085.0,-0.186,241698.0,11.957,annual,splice,,,68621.0,3.395,annual,,,,,,,,,,,A,A,A,,,,
SVN,SI,Slovenia,斯洛維尼亞,2009,1,1,2039669.0,2035608.0,0.199,243404.0,11.934,annual,Eurostat flag: break in time series,,,70554.0,3.459,annual,Eurostat flag: break in time series,,,,,,,,,,A,A,A,,,,
SVN,SI,Slovenia,斯洛維尼亞,2010,1,1,2048583.0,2044612.0,0.194,253786.0,12.388,annual,,,,82176.0,4.011,annual,,,,,,,,3415.0,1.667,,A,A,A,,,A,
SVN,SI,Slovenia,斯洛維尼亞,2011,1,1,2052843.0,2048804.0,0.197,228588.0,11.135,annual,,,,82746.0,4.031,annual,,,,,,,,4350.0,2.119,,A,A,A,,,A,
SVN,SI,Slovenia,斯洛維尼亞,2012,1,1,2057159.0,2053321.0,0.187,230109.0,11.186,annual,,,,85555.0,4.159,annual,,,,,,,,1555.0,0.7559,,A,A,A,,,A,
SVN,SI,Slovenia,斯洛維尼亞,2013,1,1,2059953.0,2056441.0,0.171,232703.0,11.297,annual,,,,91385.0,4.436,annual,,,,,,,,1040.0,0.5049,,A,A,A,,,A,
SVN,SI,Slovenia,斯洛維尼亞,2014,1,1,2061980.0,2058401.0,0.174,235310.0,11.412,annual,,,,96608.0,4.685,annual,,,,,,,,1025.0,0.4971,,A,A,A,,,A,
SVN,SI,Slovenia,斯洛維尼亞,2015,1,1,2063531.0,2059947.0,0.174,237616.0,11.515,annual,,,,101532.0,4.92,annual,,,,,,,,1025.0,0.4967,,A,A,A,,,A,
SVN,SI,Slovenia,斯洛維尼亞,2016,1,1,2065042.0,2061373.0,0.178,241203.0,11.68,annual,,,,107766.0,5.219,annual,,,,,,,,2475.0,1.1985,,A,A,A,,,A,
SVN,SI,Slovenia,斯洛維尼亞,2017,1,1,2066388.0,2062410.0,0.193,245369.0,11.874,annual,,,,114438.0,5.538,annual,,,,,,,,4180.0,2.0229,,A,A,A,,,A,
SVN,SI,Slovenia,斯洛維尼亞,2018,1,1,2073894.0,2069481.0,0.213,250226.0,12.066,annual,,,,121875.0,5.877,annual,,,,,,,,4345.0,2.0951,,A,A,A,,,A,
SVN,SI,Slovenia,斯洛維尼亞,2019,1,1,2088385.0,2083439.0,0.237,265072.0,12.693,annual,,,,138193.0,6.617,annual,,,,,,,,5765.0,2.7605,,A,A,A,,,A,
SVN,SI,Slovenia,斯洛維尼亞,2020,1,1,2102419.0,2102419.0,0.0,281621.0,13.395,annual,,,,156351.0,7.437,annual,,,,,,,,4605.0,2.1903,,A,A,A,,,A,
SVN,SI,Slovenia,斯洛維尼亞,2021,1,1,2108079.0,2113494.0,-0.256,292824.0,13.891,annual,,,,168651.0,8.0,annual,,,,,,,,14430.0,6.8451,,A,A,A,,,A,
SVN,SI,Slovenia,斯洛維尼亞,2022,1,1,2112076.0,2115228.0,-0.149,294533.0,13.945,annual,,,,172442.0,8.165,annual,,,,,,,,35215.0,16.6732,,A,A,A,,,A,
ZAF,ZA,South Africa,南非,2001,1,1,47566800.0,47566800.0,0.0,1025076.0,2.155,census,,,,,,,,,,,,,,,,,A,B,,,,,
ZAF,ZA,South Africa,南非,2002,1,1,48019415.0,48019415.0,0.0,,,,,,,,,,,,,,,,,,,,A,,,,,,
ZAF,ZA,South Africa,南非,2003,1,1,48500348.0,48500348.0,0.0,,,,,,,,,,,,,,,,,,,,A,,,,,,
ZAF,ZA,South Africa,南非,2004,1,1,48991421.0,48991421.0,0.0,,,,,,,,,,,,,,,,,,,,A,,,,,,
ZAF,ZA,South Africa,南非,2005,1,1,49490033.0,49490033.0,0.0,1513855.0,3.059,un_estimate,un_estimate,,,,,,,,,,,,,,,,A,A,,,,,
ZAF,ZA,South Africa,南非,2006,1,1,49998277.0,49998277.0,0.0,,,,,,,,,,,,,,,,,,,,A,,,,,,
ZAF,ZA,South Africa,南非,2007,1,1,50528584.0,50528584.0,0.0,,,,,,,,,,,,,,,,,,,,A,,,,,,
ZAF,ZA,South Africa,南非,2008,1,1,51114599.0,51114599.0,0.0,,,,,,,,,,,,,,,,,,,,A,,,,,,
ZAF,ZA,South Africa,南非,2009,1,1,51728516.0,51728516.0,0.0,,,,,,,,,,,,,,,,,,,,A,,,,,,
ZAF,ZA,South Africa,南非,2010,1,1,52344051.0,52344051.0,0.0,2274466.0,4.345,un_estimate,un_estimate,,,,,,,,,,,,,,,,A,A,,,,,
ZAF,ZA,South Africa,南非,2011,1,1,52995205.0,52995205.0,0.0,2184408.0,4.122,census,,,,,,,,,,,,,,,,,A,B,,,,,
ZAF,ZA,South Africa,南非,2012,1,1,53782567.0,53782567.0,0.0,,,,,,,,,,,,,,,,,,,,A,,,,,,
ZAF,ZA,South Africa,南非,2013,1,1,54678791.0,54678791.0,0.0,,,,,,,,,,,,,,,,,,,,A,,,,,,
ZAF,ZA,South Africa,南非,2014,1,1,55594838.0,55594838.0,0.0,,,,,,,,,,,,,,,,,,,,A,,,,,,
ZAF,ZA,South Africa,南非,2015,1,1,56723537.0,56723537.0,0.0,3162564.0,5.575,un_estimate,un_estimate,,,,,,,,,,,,,,,,A,A,,,,,
ZAF,ZA,South Africa,南非,2016,1,1,57259551.0,57259551.0,0.0,1578541.0,2.757,survey,,,,,,,,,,,,,,,,,A,B,,,,,
ZAF,ZA,South Africa,南非,2017,1,1,57635162.0,57635162.0,0.0,,,,,,,,,,,,,,,,,,,,A,,,,,,
ZAF,ZA,South Africa,南非,2018,1,1,58613001.0,58613001.0,0.0,,,,,,,,,,,,,,,,,,,,A,,,,,,
ZAF,ZA,South Africa,南非,2019,1,1,59587885.0,59587885.0,0.0,,,,,,,,,,,,,,,,,,,,A,,,,,,
ZAF,ZA,South Africa,南非,2020,1,1,60562381.0,60562381.0,0.0,2639076.0,4.358,un_estimate,un_estimate,,,,,,,,,,,,,,,,A,A,,,,,
ZAF,ZA,South Africa,南非,2021,1,1,61502603.0,61502603.0,0.0,,,,,,,,,,,,,,,,,,,,A,,,,,,
ZAF,ZA,South Africa,南非,2022,1,1,62378410.0,62378410.0,0.0,2418197.0,3.877,census,,,,,,,,,,,,,,,,,A,B,,,,,
ESP,ES,Spain,西班牙,2001,1,0,40850412.0,41245599.0,-0.958,1969270.0,4.821,annual,splice,,,1370657.0,3.355,annual,splice,,,,,,,,,,A,A,A,,,,
ESP,ES,Spain,西班牙,2002,1,0,41431558.0,41755704.0,-0.776,2334096.0,5.634,annual,,,,1737969.0,4.195,annual,,,,,,,,,,,A,A,A,,,,
ESP,ES,Spain,西班牙,2003,1,0,42187645.0,42506543.0,-0.75,2984092.0,7.073,annual,,,,2362023.0,5.599,annual,,,,,,,,,,,A,A,A,,,,
ESP,ES,Spain,西班牙,2004,1,0,42921895.0,43234566.0,-0.723,3547669.0,8.265,annual,,,,2900790.0,6.758,annual,,,,,,,,,,,A,A,A,,,,
ESP,ES,Spain,西班牙,2005,1,0,43653155.0,43958885.0,-0.695,4107228.0,9.409,annual,,,,3430204.0,7.858,annual,,,,,,,,,,,A,A,A,,,,
ESP,ES,Spain,西班牙,2006,1,0,44397319.0,44695448.0,-0.667,4637971.0,10.447,annual,,,,3930916.0,8.854,annual,,,,,,,,,,,A,A,A,,,,
ESP,ES,Spain,西班牙,2007,1,0,45226803.0,45516507.0,-0.636,5200060.0,11.498,annual,,,,4449431.0,9.838,annual,,,,,,,,,,,A,A,A,,,,
ESP,ES,Spain,西班牙,2008,1,0,45954106.0,46235054.0,-0.608,5878921.0,12.793,annual,,,,5086293.0,11.068,annual,,,,,,,,,,,A,A,A,,,,
ESP,ES,Spain,西班牙,2009,1,0,46362946.0,46635180.0,-0.584,6225516.0,13.428,annual,,,,5386659.0,11.618,annual,,,,,,,,,,,A,A,A,,,,
ESP,ES,Spain,西班牙,2010,1,0,46576897.0,46840471.0,-0.563,6280062.0,13.483,annual,,,,5402575.0,11.599,annual,,,,,,,,70315.0,1.5097,,A,A,A,,,A,
ESP,ES,Spain,西班牙,2011,1,0,46742697.0,46998043.0,-0.543,6282205.0,13.44,annual,,,,5312439.0,11.365,annual,,,,,,,,68825.0,1.4724,,A,A,A,,,A,
ESP,ES,Spain,西班牙,2012,1,0,46773055.0,47018323.0,-0.522,6294954.0,13.459,annual,,,,5236030.0,11.195,annual,,,,,,,,52485.0,1.1221,,A,A,A,,,A,
ESP,ES,Spain,西班牙,2013,1,0,46604197.0,46860389.0,-0.547,6165635.0,13.23,annual,,,,5064584.0,10.867,annual,,,,,,,,46195.0,0.9912,,A,A,A,,,A,
ESP,ES,Spain,西班牙,2014,1,0,46460733.0,46720188.0,-0.555,5952770.0,12.812,annual,,,,4676352.0,10.065,annual,,,,,,,,47885.0,1.0307,,A,A,A,,,A,
ESP,ES,Spain,西班牙,2015,1,0,46422303.0,46683686.0,-0.56,5883891.0,12.675,annual,,,,4453985.0,9.594,annual,,,,,,,,42605.0,0.9178,,A,A,A,,,A,
ESP,ES,Spain,西班牙,2016,1,0,46458139.0,46732771.0,-0.588,5913165.0,12.728,annual,,,,4419334.0,9.513,annual,,,,,,,,37295.0,0.8028,,A,A,A,,,A,
ESP,ES,Spain,西班牙,2017,1,0,46571232.0,46868596.0,-0.634,6014708.0,12.915,annual,,,,4417653.0,9.486,annual,,127066.0,0.273,,,,,44625.0,0.9582,,A,A,A,B,,A,
ESP,ES,Spain,西班牙,2018,1,0,46782011.0,47092821.0,-0.66,6207509.0,13.269,annual,,,,4577322.0,9.784,annual,,183384.0,0.392,,,,,78280.0,1.6733,,A,A,A,B,,A,
ESP,ES,Spain,西班牙,2019,1,0,47118501.0,47435119.0,-0.667,6549309.0,13.9,annual,,,,4850762.0,10.295,annual,,259140.0,0.55,,,,,62865.0,1.3342,,A,A,A,B,,A,
ESP,ES,Spain,西班牙,2020,1,0,47359424.0,47679489.0,-0.671,7014753.0,14.812,annual,,,,5241278.0,11.067,annual,,370052.0,0.781,,,,,72265.0,1.5259,,A,A,A,B,,A,
ESP,ES,Spain,西班牙,2021,1,0,47443821.0,47735664.0,-0.611,7254797.0,15.291,annual,,,,5402702.0,11.388,annual,,517149.0,1.09,,,,,30615.0,0.6453,,A,A,A,B,,A,
ESP,ES,Spain,西班牙,2022,1,0,47786102.0,47828382.0,-0.088,7468144.0,15.628,annual,,,,5509134.0,11.529,annual,,482139.0,1.009,,,,,68100.0,1.4251,,A,A,A,B,,A,
SUR,SR,Suriname,蘇利南,2001,0,1,486560.0,486560.0,0.0,,,,,,,,,,,,,,,,,,,,A,,,,,,
SUR,SR,Suriname,蘇利南,2002,0,1,496551.0,496551.0,0.0,,,,,,,,,,,,,,,,,,,,A,,,,,,
SUR,SR,Suriname,蘇利南,2003,0,1,506414.0,506414.0,0.0,,,,,,,,,,,,,,,,,,,,A,,,,,,
SUR,SR,Suriname,蘇利南,2004,0,1,513923.0,513923.0,0.0,,,,,,,,,,,,,,,,,,,,A,,,,,,
SUR,SR,Suriname,蘇利南,2005,0,1,519313.0,519313.0,0.0,,,,,33662.0,6.482,,,,,,,,,,,,,,A,,,,,,A
SUR,SR,Suriname,蘇利南,2006,0,1,524997.0,524997.0,0.0,,,,,,,,,,,,,,,,,,,,A,,,,,,
SUR,SR,Suriname,蘇利南,2007,0,1,531016.0,531016.0,0.0,,,,,,,,,,,,,,,,,,,,A,,,,,,
SUR,SR,Suriname,蘇利南,2008,0,1,537245.0,537245.0,0.0,,,,,,,,,,,,,,,,,,,,A,,,,,,
SUR,SR,Suriname,蘇利南,2009,0,1,543568.0,543568.0,0.0,,,,,,,,,,,,,,,,,,,,A,,,,,,
SUR,SR,Suriname,蘇利南,2010,0,1,549923.0,549923.0,0.0,,,,,39713.0,7.222,,,,,,,,,,,,,,A,,,,,,A
SUR,SR,Suriname,蘇利南,2011,0,1,556269.0,556269.0,0.0,,,,,,,,,,,,,,,,,,,,A,,,,,,
SUR,SR,Suriname,蘇利南,2012,0,1,562633.0,562633.0,0.0,35040.0,6.228,census,,,,33053.0,5.875,census,,,,,,,,,,,A,B,B,,,,
SUR,SR,Suriname,蘇利南,2013,0,1,569020.0,569020.0,0.0,,,,,,,,,,,,,,,,,,,,A,,,,,,
SUR,SR,Suriname,蘇利南,2014,0,1,575373.0,575373.0,0.0,,,,,,,,,,,,,,,,,,,,A,,,,,,
SUR,SR,Suriname,蘇利南,2015,0,1,581627.0,581627.0,0.0,,,,,43127.0,7.415,,,,,,,,,,,,,,A,,,,,,A
SUR,SR,Suriname,蘇利南,2016,0,1,587757.0,587757.0,0.0,,,,,,,,,,,,,,,,,,,,A,,,,,,
SUR,SR,Suriname,蘇利南,2017,0,1,593713.0,593713.0,0.0,,,,,,,,,,,,,,,,,,,,A,,,,,,
SUR,SR,Suriname,蘇利南,2018,0,1,599513.0,599513.0,0.0,,,,,,,,,,,,,,,,,,,,A,,,,,,
SUR,SR,Suriname,蘇利南,2019,0,1,605768.0,605768.0,0.0,,,,,,,,,,,,,,,,,,,,A,,,,,,
SUR,SR,Suriname,蘇利南,2020,0,1,612317.0,612317.0,0.0,,,,,47801.0,7.807,,,,,,,,,,,,,,A,,,,,,A
SUR,SR,Suriname,蘇利南,2021,0,1,617896.0,617896.0,0.0,,,,,,,,,,,,,,,,,,,,A,,,,,,
SUR,SR,Suriname,蘇利南,2022,0,1,623164.0,623164.0,0.0,,,,,,,,,,,,,,,,,,,,A,,,,,,
SWE,SE,Sweden,瑞典,2001,1,0,8895960.0,8896022.0,-0.001,1003798.0,11.284,annual,splice,,,473379.0,5.321,annual,,,,,,,,,,,A,A,A,,,,
SWE,SE,Sweden,瑞典,2002,1,0,8924958.0,8925047.0,-0.001,1027974.0,11.518,annual,splice,,,472765.0,5.297,annual,,,,,,,,,,,A,A,A,,,,
SWE,SE,Sweden,瑞典,2003,1,0,8958229.0,8958431.0,-0.002,1053463.0,11.76,annual,splice,,,471320.0,5.261,annual,,,,,,,,,,,A,A,A,,,,
SWE,SE,Sweden,瑞典,2004,1,0,8993531.0,8993808.0,-0.003,1078075.0,11.987,annual,splice,,,473556.0,5.266,annual,,,,,,,,,,,A,A,A,,,,
SWE,SE,Sweden,瑞典,2005,1,0,9029572.0,9029771.0,-0.002,1100262.0,12.185,annual,splice,,,478776.0,5.302,annual,,,,,,,,,,,A,A,A,,,,
SWE,SE,Sweden,瑞典,2006,1,0,9080505.0,9080623.0,-0.001,1125790.0,12.398,annual,splice,,,477760.0,5.261,annual,,,,,,,,,,,A,A,A,,,,
SWE,SE,Sweden,瑞典,2007,1,0,9148092.0,9148274.0,-0.002,1175200.0,12.846,annual,splice,,,472329.0,5.163,annual,,,,,,,,,,,A,A,A,,,,
SWE,SE,Sweden,瑞典,2008,1,0,9219637.0,9219900.0,-0.003,1227770.0,13.317,annual,splice,,,524488.0,5.689,annual,,,,,,,,,,,A,A,A,,,,
SWE,SE,Sweden,瑞典,2009,1,0,9298515.0,9298740.0,-0.002,1280908.0,13.775,annual,,,,547664.0,5.89,annual,,,,,,,,,,,A,A,A,,,,
SWE,SE,Sweden,瑞典,2010,1,0,9378126.0,9378232.0,-0.001,1337214.0,14.259,annual,,,,590475.0,6.296,annual,,,,,,,,27460.0,2.9281,,A,A,A,,,A,
SWE,SE,Sweden,瑞典,2011,1,0,9449213.0,9449259.0,-0.0,1384111.0,14.648,annual,,,,622275.0,6.585,annual,,,,,,,,20765.0,2.1975,,A,A,A,,,A,
SWE,SE,Sweden,瑞典,2012,1,0,9519374.0,9519487.0,-0.001,1426402.0,14.984,annual,,,,646095.0,6.787,annual,,,,,,,,23205.0,2.4377,,A,A,A,,,A,
SWE,SE,Sweden,瑞典,2013,1,0,9600379.0,9600620.0,-0.003,1472353.0,15.336,annual,,,,659374.0,6.868,annual,,,,,,,,24400.0,2.5416,,A,A,A,,,A,
SWE,SE,Sweden,瑞典,2014,1,0,9696110.0,9696433.0,-0.003,1532563.0,15.806,annual,,,,687192.0,7.087,annual,,,,,,,,72835.0,7.5118,,A,A,A,,,A,
SWE,SE,Sweden,瑞典,2015,1,0,9799186.0,9799481.0,-0.003,1602522.0,16.354,annual,,,,731215.0,7.462,annual,,,,,,,,1445.0,0.1475,,A,A,A,,,A,
SWE,SE,Sweden,瑞典,2016,1,0,9923085.0,9923280.0,-0.002,1675116.0,16.881,annual,,,,773232.0,7.792,annual,,,,,,,,1210.0,0.1219,,A,A,A,,,A,
SWE,SE,Sweden,瑞典,2017,1,0,10057698.0,10057862.0,-0.002,1783179.0,17.729,annual,,,,841165.0,8.363,annual,,,,,,,,2145.0,0.2133,,A,A,A,,,A,
SWE,SE,Sweden,瑞典,2018,1,0,10175214.0,10175405.0,-0.002,1875637.0,18.433,annual,,,,885839.0,8.706,annual,,,,,,,,1720.0,0.169,,A,A,A,,,A,
SWE,SE,Sweden,瑞典,2019,1,0,10278887.0,10279125.0,-0.002,1954065.0,19.01,annual,,,,920144.0,8.952,annual,,,,,,,,2170.0,0.2111,,A,A,A,,,A,
SWE,SE,Sweden,瑞典,2020,1,0,10353442.0,10353686.0,-0.002,2018191.0,19.493,annual,,,,927774.0,8.961,annual,,,,,,,,2615.0,0.2526,,A,A,A,,,A,
SWE,SE,Sweden,瑞典,2021,1,0,10415811.0,10416131.0,-0.003,2045234.0,19.636,annual,,,,892254.0,8.566,annual,,,,,,,,2635.0,0.253,,A,A,A,,,A,
SWE,SE,Sweden,瑞典,2022,1,0,10486941.0,10487338.0,-0.004,2089008.0,19.92,annual,,,,868193.0,8.279,annual,,,,,,,,2455.0,0.2341,,A,A,A,,,A,
CHE,CH,Switzerland,瑞士,2001,1,1,7229854.0,7226391.0,0.048,1570756.0,21.726,annual,splice,,,1424341.0,19.701,annual,,,,,,,,,,,A,A,A,,,,
CHE,CH,Switzerland,瑞士,2002,1,1,7284753.0,7278752.0,0.082,,,,,,,1447525.0,19.871,annual,,,,,,,,,,,A,,A,,,,
CHE,CH,Switzerland,瑞士,2003,1,1,7339001.0,7333447.0,0.076,,,,,,,1476934.0,20.124,annual,,,,,,,,,,,A,,A,,,,
CHE,CH,Switzerland,瑞士,2004,1,1,7389625.0,7384194.0,0.074,,,,,,,1500872.0,20.311,annual,,,,,,,,,,,A,,A,,,,
CHE,CH,Switzerland,瑞士,2005,1,1,7437115.0,7431823.0,0.071,,,,,,,1524616.0,20.5,annual,,,,,,,,,,,A,,A,,,,
CHE,CH,Switzerland,瑞士,2006,1,1,7483934.0,7478509.0,0.073,,,,,,,1541825.0,20.602,annual,,,,,,,,,,,A,,A,,,,
CHE,CH,Switzerland,瑞士,2007,1,1,7551117.0,7545381.0,0.076,,,,,,,1554417.0,20.585,annual,,,,,,,,,,,A,,A,,,,
CHE,CH,Switzerland,瑞士,2008,1,1,7647675.0,7641728.0,0.078,,,,,,,1602093.0,20.949,annual,,,,,,,,,,,A,,A,,,,
CHE,CH,Switzerland,瑞士,2009,1,1,7743831.0,7737645.0,0.08,,,,,,,1669715.0,21.562,annual,,,,,,,,,,,A,,A,,,,
CHE,CH,Switzerland,瑞士,2010,1,1,7824909.0,7825753.0,-0.011,,,,,,,1714004.0,21.904,annual,,,,,,,,12020.0,1.5361,,A,,A,,,A,
CHE,CH,Switzerland,瑞士,2011,1,1,7912398.0,7914372.0,-0.025,1940349.0,24.523,annual,Eurostat flag: break in time series,,,1765750.0,22.316,annual,Eurostat flag: break in time series,,,,,,,12630.0,1.5962,,A,A,A,,,A,
CHE,CH,Switzerland,瑞士,2012,1,1,7996861.0,7998926.0,-0.026,2033702.0,25.431,annual,,,,1815063.0,22.697,annual,,,,,,,,14170.0,1.7719,,A,A,A,,,A,
CHE,CH,Switzerland,瑞士,2013,1,1,8089346.0,8091202.0,-0.023,2102964.0,25.997,annual,,,,1869070.0,23.105,annual,,,,,,,,15045.0,1.8599,,A,A,A,,,A,
CHE,CH,Switzerland,瑞士,2014,1,1,8188649.0,8190235.0,-0.019,2183206.0,26.661,annual,,,,1936412.0,23.648,annual,,,,,,,,13800.0,1.6853,,A,A,A,,,A,
CHE,CH,Switzerland,瑞士,2015,1,1,8282396.0,8283934.0,-0.019,2258196.0,27.265,annual,,,,1997179.0,24.114,annual,,76000.0,0.918,,,,,15555.0,1.8781,,A,A,A,B,,A,
CHE,CH,Switzerland,瑞士,2016,1,1,8373338.0,8374901.0,-0.019,2324461.0,27.76,annual,,,,2047200.0,24.449,annual,,,,,,,,15765.0,1.8828,,A,A,A,,,A,
CHE,CH,Switzerland,瑞士,2017,1,1,8451840.0,8453628.0,-0.021,2391480.0,28.295,annual,,,,2099319.0,24.839,annual,,150000.0,1.775,yes,"100,000–200,000 (Pew Appendix B, thousands)",,,13940.0,1.6493,,A,A,A,C,,A,
CHE,CH,Switzerland,瑞士,2018,1,1,8514329.0,8516344.0,-0.024,2432519.0,28.57,annual,,,,2124540.0,24.953,annual,,,,,,,,14420.0,1.6936,,A,A,A,,,A,
CHE,CH,Switzerland,瑞士,2019,1,1,8575280.0,8577524.0,-0.026,2469381.0,28.797,annual,,,,2146381.0,25.03,annual,,,,,,,,13885.0,1.6192,,A,A,A,,,A,
CHE,CH,Switzerland,瑞士,2020,1,1,8638167.0,8640582.0,-0.028,2509692.0,29.054,annual,,,,2173429.0,25.161,annual,,,,,,,,11020.0,1.2757,,A,A,A,,,A,
CHE,CH,Switzerland,瑞士,2021,1,1,8704546.0,8707023.0,-0.028,2553225.0,29.332,annual,,,,2208864.0,25.376,annual,,,,,,,,12175.0,1.3987,,A,A,A,,,A,
CHE,CH,Switzerland,瑞士,2022,1,1,8777088.0,8792182.0,-0.172,2598146.0,29.601,annual,,,,2242343.0,25.548,annual,,,,,,,,15130.0,1.7238,,A,A,A,,,A,
TWN,TW,Taiwan,臺灣,2001,1,1,22406000.0,22446257.0,-0.179,,,,,,,383534.0,1.712,annual,comparability caution,,,,,,,,,,B,,A,,,,
TWN,TW,Taiwan,臺灣,2002,1,1,22521000.0,22566901.0,-0.203,,,,,,,405379.0,1.8,annual,comparability caution,,,,,,,,,,B,,A,,,,
TWN,TW,Taiwan,臺灣,2003,1,1,22605000.0,22664125.0,-0.261,,,,,,,404986.0,1.792,annual,comparability caution,,,,,,,,,,B,,A,,,,
TWN,TW,Taiwan,臺灣,2004,1,1,22689000.0,22745431.0,-0.248,,,,,,,423145.0,1.865,annual,comparability caution,,,,,,,,,,B,,A,,,,
TWN,TW,Taiwan,臺灣,2005,1,1,22770000.0,22824931.0,-0.241,,,,,,,429703.0,1.887,annual,comparability caution,,,,,,,,,,B,,A,,,,
TWN,TW,Taiwan,臺灣,2006,1,1,22877000.0,22914634.0,-0.164,,,,,,,428240.0,1.872,annual,comparability caution,,,,,,,,,,B,,A,,,,
TWN,TW,Taiwan,臺灣,2007,1,1,22958000.0,23006924.0,-0.213,,,,,,,433169.0,1.887,annual,comparability caution,,,,,,,,,,B,,A,,,,
TWN,TW,Taiwan,臺灣,2008,1,1,23037000.0,23086239.0,-0.213,,,,,,,417385.0,1.812,annual,comparability caution,,,,,,,,,,B,,A,,,,
TWN,TW,Taiwan,臺灣,2009,1,1,23120000.0,23164361.0,-0.192,,,,,,,403700.0,1.746,annual,comparability caution,,,,,,,,,,B,,A,,,,
TWN,TW,Taiwan,臺灣,2010,1,1,23162123.0,23224049.0,-0.267,,,,,,,418802.0,1.808,annual,comparability caution,,,,,,,,,,B,,A,,,,
TWN,TW,Taiwan,臺灣,2011,1,1,23224912.0,23273076.0,-0.207,,,,,,,466206.0,2.007,annual,comparability caution,,,,,,,,,33730.0,B,,A,,,,
TWN,TW,Taiwan,臺灣,2012,1,1,23315822.0,23345961.0,-0.129,,,,,,,483921.0,2.076,annual,,,,,,66696.0,0.286,,,37177.0,B,,B,,B,,
TWN,TW,Taiwan,臺灣,2013,1,1,23373517.0,23416875.0,-0.185,,,,,,,525109.0,2.247,annual,,,,,,69929.0,0.299,,,41724.0,B,,B,,B,,
TWN,TW,Taiwan,臺灣,2014,1,1,23433753.0,23472816.0,-0.166,,,,,,,629633.0,2.687,annual,,,,,,68998.0,0.294,,,,B,,B,,B,,
TWN,TW,Taiwan,臺灣,2015,1,1,23492074.0,23529254.0,-0.158,,,,,,,637843.0,2.715,annual,,,,,,77422.0,0.33,,,,B,,B,,B,,
TWN,TW,Taiwan,臺灣,2016,1,1,23539816.0,23586143.0,-0.196,,,,,,,671375.0,2.852,annual,,,,,,79392.0,0.337,,,,B,,B,,B,,
TWN,TW,Taiwan,臺灣,2017,1,1,23571227.0,23632948.0,-0.261,,,,,,,717736.0,3.045,annual,,,,,,79909.0,0.339,,,,B,,B,,B,,
TWN,TW,Taiwan,臺灣,2018,1,1,23588932.0,23659305.0,-0.297,,,,,,,758583.0,3.216,annual,,,,,,89965.0,0.381,,,,B,,B,,B,,
TWN,TW,Taiwan,臺灣,2019,1,1,23603121.0,23674138.0,-0.3,,,,,,,785341.0,3.327,annual,,,,,,83465.0,0.354,,,48491.0,B,,B,,B,,
TWN,TW,Taiwan,臺灣,2020,1,1,23561236.0,23663459.0,-0.432,,,,,,,797122.0,3.383,annual,,,,,,86061.0,0.365,,,52199.0,B,,B,,B,,
TWN,TW,Taiwan,臺灣,2021,1,1,23375314.0,23558333.0,-0.777,,,,,,,752900.0,3.221,annual,,,,,,,,,,55805.0,B,,B,,,,
TWN,TW,Taiwan,臺灣,2022,1,1,23264640.0,23420111.0,-0.664,,,,,,,796696.0,3.424,annual,,,,,,,,,,80331.0,B,,B,,,,
THA,TH,Thailand,泰國,2001,0,1,63651141.0,63651141.0,0.0,,,,,,,,,,,,,,,,,,,,A,,,,,,
THA,TH,Thailand,泰國,2002,0,1,64266437.0,64266437.0,0.0,,,,,,,,,,,,,,,,,,,,A,,,,,,
THA,TH,Thailand,泰國,2003,0,1,64868166.0,64868166.0,0.0,,,,,,,,,,,,,,,,,,,,A,,,,,,
THA,TH,Thailand,泰國,2004,0,1,65452047.0,65452047.0,0.0,,,,,,,,,,,,,,,,,,,,A,,,,,,
THA,TH,Thailand,泰國,2005,0,1,66017420.0,66017420.0,0.0,,,,,1705845.0,2.584,,,,,,,,,,,,,,A,,,,,,A
THA,TH,Thailand,泰國,2006,0,1,66567687.0,66567687.0,0.0,,,,,,,,,,,,,,,,,,,,A,,,,,,
THA,TH,Thailand,泰國,2007,0,1,67102394.0,67102394.0,0.0,,,,,,,,,,,,,,,,,,,,A,,,,,,
THA,TH,Thailand,泰國,2008,0,1,67619830.0,67619830.0,0.0,,,,,,,,,,,,,,,,,,,,A,,,,,,
THA,TH,Thailand,泰國,2009,0,1,68121080.0,68121080.0,0.0,,,,,,,,,,,,,,,,,,,,A,,,,,,
THA,TH,Thailand,泰國,2010,0,1,68579447.0,68579447.0,0.0,,,,,2640454.0,3.85,,,,,,,,,,,,,,A,,,,,,A
THA,TH,Thailand,泰國,2011,0,1,69007208.0,69007208.0,0.0,,,,,,,,,,,,,,,,,,,,A,,,,,,
THA,TH,Thailand,泰國,2012,0,1,69436098.0,69436098.0,0.0,,,,,,,,,,,,,,,,,,,,A,,,,,,
THA,TH,Thailand,泰國,2013,0,1,69845114.0,69845114.0,0.0,,,,,,,,,,,,,,,,,,,,A,,,,,,
THA,TH,Thailand,泰國,2014,0,1,70216367.0,70216367.0,0.0,,,,,,,,,,,,,,,,,,,,A,,,,,,
THA,TH,Thailand,泰國,2015,0,1,70540795.0,70540795.0,0.0,,,,,2853248.0,4.045,,,,,,,,,,,,,,A,,,,,,A
THA,TH,Thailand,泰國,2016,0,1,70859841.0,70859841.0,0.0,,,,,,,,,,,,,,,,,,,,A,,,,,,
THA,TH,Thailand,泰國,2017,0,1,71160187.0,71160187.0,0.0,,,,,,,,,,,,,,,,,,,,A,,,,,,
THA,TH,Thailand,泰國,2018,0,1,71376079.0,71376079.0,0.0,,,,,,,4898461.0,6.863,other,,,,,,,,,,,A,,B,,,,
THA,TH,Thailand,泰國,2019,0,1,71522271.0,71522271.0,0.0,,,,,,,,,,,,,,,,,,,,A,,,,,,
THA,TH,Thailand,泰國,2020,0,1,71641484.0,71641484.0,0.0,,,,,3015007.0,4.208,,,,,,,,,,,,,,A,,,,,,A
THA,TH,Thailand,泰國,2021,0,1,71727332.0,71727332.0,0.0,,,,,,,,,,,,,,,,,,,,A,,,,,,
THA,TH,Thailand,泰國,2022,0,1,71735329.0,71735329.0,0.0,,,,,,,,,,,,,,,,,,,,A,,,,,,
TUR,TR,Turkey,土耳其,2001,1,0,66245128.0,66245128.0,0.0,1278671.0,1.93,annual,,,,271280.0,0.41,annual,,,,,,,,,,,A,A,A,,,,
TUR,TR,Turkey,土耳其,2002,1,0,67048795.0,67048795.0,0.0,,,,,,,,,,,,,,,,,,,,A,,,,,,
TUR,TR,Turkey,土耳其,2003,1,0,67831730.0,67831730.0,0.0,,,,,,,,,,,,,,,,,,,,A,,,,,,
TUR,TR,Turkey,土耳其,2004,1,0,68592617.0,68592617.0,0.0,,,,,,,,,,,,,,,,,,,,A,,,,,,
TUR,TR,Turkey,土耳其,2005,1,0,69329557.0,69329557.0,0.0,,,,,,,,,,,,,,,,,,,,A,,,,,,
TUR,TR,Turkey,土耳其,2006,1,0,70045349.0,70045349.0,0.0,,,,,,,,,,,,,,,,,,,,A,,,,,,
TUR,TR,Turkey,土耳其,2007,1,0,70158112.0,70750586.0,-0.837,,,,,,,,,,,,,,,,,,,,A,,,,,,
TUR,TR,Turkey,土耳其,2008,1,0,71051678.0,71562338.0,-0.714,,,,,,,98064.0,0.138,annual,,,,,,,,,,,A,,A,,,,
TUR,TR,Turkey,土耳其,2009,1,0,72039206.0,72464848.0,-0.587,,,,,,,104441.0,0.145,annual,,,,,,,,,,,A,,A,,,,
TUR,TR,Turkey,土耳其,2010,1,0,73142150.0,73346769.0,-0.279,,,,,,,167344.0,0.229,annual,,,,,,,,32667.0,0.4466,,A,,A,,,B,
TUR,TR,Turkey,土耳其,2011,1,0,74223629.0,74215203.0,0.011,,,,,,,190531.0,0.257,annual,,,,,,,,,,,A,,A,,,,
TUR,TR,Turkey,土耳其,2012,1,0,75175827.0,75197198.0,-0.028,,,,,,,242128.0,0.322,annual,,,,,,,,,,,A,,A,,,,
TUR,TR,Turkey,土耳其,2013,1,0,76147624.0,76403031.0,-0.334,,,,,,,278664.0,0.366,annual,,,,,,,,,,,A,,A,,,,
TUR,TR,Turkey,土耳其,2014,1,0,77181884.0,78036154.0,-1.095,1459775.0,1.891,annual,,,,456506.0,0.591,annual,,,,,,,,58647.0,0.7599,,A,A,A,,,B,
TUR,TR,Turkey,土耳其,2015,1,0,78218479.0,80014226.0,-2.244,1592437.0,2.036,annual,,,,518279.0,0.663,annual,,,,,,,,146485.0,1.8728,,A,A,A,,,B,
TUR,TR,Turkey,土耳其,2016,1,0,79277962.0,81652088.0,-2.908,1777290.0,2.242,annual,,,,650308.0,0.82,annual,,,,,,,,,,,A,A,A,,,,
TUR,TR,Turkey,土耳其,2017,1,0,80312698.0,83083662.0,-3.335,1923894.0,2.396,annual,,,,816410.0,1.017,annual,,,,,,,,,,,A,A,A,,,,
TUR,TR,Turkey,土耳其,2018,1,0,81407204.0,84415969.0,-3.564,2278490.0,2.799,annual,,,,919061.0,1.129,annual,,,,,,,,268003.0,3.2921,,A,A,A,,,B,
TUR,TR,Turkey,土耳其,2019,1,0,82579440.0,85357672.0,-3.255,2668594.0,3.232,annual,,,,1211034.0,1.467,annual,,,,,,,,454662.0,5.5058,,A,A,A,,,B,
TUR,TR,Turkey,土耳其,2020,1,0,83384680.0,86091692.0,-3.144,2609982.0,3.13,annual,,,,1531180.0,1.836,annual,,,,,,,,122302.0,1.4667,,A,A,A,,,B,
TUR,TR,Turkey,土耳其,2021,1,0,84147318.0,86686253.0,-2.929,3141351.0,3.733,annual,,,,1792036.0,2.13,annual,,,,,,,,162996.0,1.937,,A,A,A,,,B,
TUR,TR,Turkey,土耳其,2022,1,0,84979913.0,87058473.0,-2.388,3242683.0,3.816,annual,,,,1823836.0,2.146,annual,,,,,,,,285027.0,3.3541,,A,A,A,,,B,
GBR,GB,United Kingdom,英國,2001,1,0,59119673.0,59288090.0,-0.284,,,,,,,2649219.0,4.481,annual,,,,,,,,,,,A,,A,,,,
GBR,GB,United Kingdom,英國,2002,1,0,59370479.0,59540763.0,-0.286,,,,,,,2587000.0,4.357,annual,splice,,,,,,,,,,A,,A,,,,
GBR,GB,United Kingdom,英國,2003,1,0,59647577.0,59820385.0,-0.289,,,,,,,2753753.0,4.617,annual,,,,,,,,,,,A,,A,,,,
GBR,GB,United Kingdom,英國,2004,1,0,59987905.0,60169967.0,-0.303,5269000.0,8.783,survey,splice; derived by subtraction,,,2926657.0,4.879,annual,,,,,,,,,,,A,B,A,,,,
GBR,GB,United Kingdom,英國,2005,1,0,60401206.0,60596108.0,-0.322,5592000.0,9.258,survey,splice; derived by subtraction,,,3066055.0,5.076,annual,,,,,,,,,,,A,B,A,,,,
GBR,GB,United Kingdom,英國,2006,1,0,60846820.0,61051094.0,-0.335,5757000.0,9.461,annual,splice,,,3425000.0,5.629,annual,Eurostat flag: estimated,,,,,,,,,,A,A,A,,,,
GBR,GB,United Kingdom,英國,2007,1,0,61322463.0,61535855.0,-0.347,6192000.0,10.097,annual,splice,,,3659900.0,5.968,annual,Eurostat flag: estimated,,,,,,,,,,A,A,A,,,,
GBR,GB,United Kingdom,英國,2008,1,0,61806995.0,62027306.0,-0.355,6633000.0,10.732,annual,splice,,,4020800.0,6.505,annual,Eurostat flag: estimated,,,,,,,,,,A,A,A,,,,
GBR,GB,United Kingdom,英國,2009,1,0,62276270.0,62506226.0,-0.368,6861616.0,11.018,annual,,,,4244092.0,6.815,annual,,,,,,,,,,,A,A,A,,,,
GBR,GB,United Kingdom,英國,2010,1,0,62766365.0,63006483.0,-0.381,7119664.0,11.343,annual,,,,4435587.0,7.067,annual,,,,,,,,53700.0,0.8556,,A,A,A,,,A,
GBR,GB,United Kingdom,英國,2011,1,0,63258810.0,63509285.0,-0.394,7342547.0,11.607,annual,,,,4546862.0,7.188,annual,,,,,,,,54150.0,0.856,,A,A,A,,,A,
GBR,GB,United Kingdom,英國,2012,1,0,63711000.0,63960484.0,-0.39,7762334.0,12.184,annual,,,,4884405.0,7.667,annual,,,,,,,,49365.0,0.7748,,A,A,A,,,A,
GBR,GB,United Kingdom,英國,2013,1,0,64138000.0,64389388.0,-0.39,7923428.0,12.354,annual,,,,4978600.0,7.762,annual,,,,,,,,57415.0,0.8952,,A,A,A,,,A,
GBR,GB,United Kingdom,英國,2014,1,0,64619000.0,64865916.0,-0.381,8039324.0,12.441,annual,,,,5049401.0,7.814,annual,,,,,,,,65365.0,1.0115,,A,A,A,,,A,
GBR,GB,United Kingdom,英國,2015,1,0,65087000.0,65382110.0,-0.451,8406996.0,12.917,annual,,,,5419192.0,8.326,annual,,,,,,,,70020.0,1.0758,,A,A,A,,,A,
GBR,GB,United Kingdom,英國,2016,1,0,65606000.0,65893358.0,-0.436,8696511.0,13.256,annual,,,,5639712.0,8.596,annual,,,,,,,,59895.0,0.913,,A,A,A,,,A,
GBR,GB,United Kingdom,英國,2017,1,0,65964000.0,66354471.0,-0.588,9298018.0,14.096,annual,,,,6073524.0,9.207,annual,,800000.0,1.213,yes,"700,000–900,000 (Pew Appendix E, thousands)",,,54910.0,0.8324,,A,A,A,C,,A,
GBR,GB,United Kingdom,英國,2018,1,0,66287000.0,66752475.0,-0.697,9512464.0,14.35,annual,,,,6285974.0,9.483,annual,,,,,,,,27830.0,0.4198,,A,A,A,,,A,
GBR,GB,United Kingdom,英國,2019,1,0,66628000.0,67110958.0,-0.72,9469015.0,14.212,annual,,,,6171948.0,9.263,annual,,,,,,,,22275.0,0.3343,,A,A,A,,,A,
GBR,GB,United Kingdom,英國,2020,1,0,66740000.0,67351861.0,-0.908,9200000.0,13.785,survey,,,,6000000.0,8.99,survey,,,,,,,,,,,A,B,B,,,,
GBR,GB,United Kingdom,英國,2021,1,0,66978000.0,67668792.0,-1.021,9600000.0,14.333,survey,,,,6000000.0,8.958,survey,,,,,,,,,,,A,B,B,,,,
GBR,GB,United Kingdom,英國,2022,1,0,67636000.0,68179315.0,-0.797,,,,,,,,,,,,,,,,,,,,A,,,,,,
USA,US,United States,美國,2001,1,1,284968955.0,284279639.0,0.242,31548128.0,11.071,annual,,,,17757696.0,6.231,annual,,,,,,,,,,,A,A,A,,,,
USA,US,United States,美國,2002,1,1,287625193.0,287084338.0,0.188,33096150.0,11.507,annual,,,,18533679.0,6.444,annual,,,,,,,,,,,A,A,A,,,,
USA,US,United States,美國,2003,1,1,290107933.0,289908100.0,0.069,33667678.0,11.605,annual,,,,20490602.0,7.063,annual,,,,,,,,,,,A,A,A,,,,
USA,US,United States,美國,2004,1,1,292805298.0,292786253.0,0.007,34257701.0,11.7,annual,,,,20634068.0,7.047,annual,,,,,,,,,,,A,A,A,,,,
USA,US,United States,美國,2005,1,1,295516599.0,295716664.0,-0.068,35769603.0,12.104,annual,,,,19857656.0,6.72,annual,,,,,,,,,,,A,A,A,,,,
USA,US,United States,美國,2006,1,1,298379912.0,298730209.0,-0.117,37469387.0,12.558,annual,,,,20836032.0,6.983,annual,,,,,,,,,,,A,A,A,,,,
USA,US,United States,美國,2007,1,1,301231207.0,301844226.0,-0.203,38048456.0,12.631,annual,,,,21696303.0,7.203,annual,,,,,,,,,,,A,A,A,,,,
USA,US,United States,美國,2008,1,1,304093966.0,304970333.0,-0.287,38016102.0,12.501,annual,,,,21843559.0,7.183,annual,,,,,,,,,,,A,A,A,,,,
USA,US,United States,美國,2009,1,1,306771529.0,308023454.0,-0.406,38452822.0,12.535,annual,,,,21685745.0,7.069,annual,,,,,,,,,,,A,A,A,,,,
USA,US,United States,美國,2010,1,1,309378227.0,311062790.0,-0.542,39916875.0,12.902,annual,,,,21640993.0,6.995,annual,,11590000.0,3.746,,,,,,,,A,A,A,B,,,
USA,US,United States,美國,2011,1,1,311839461.0,314105078.0,-0.721,40381570.0,12.949,annual,,,,22225536.0,7.127,annual,,11510000.0,3.691,,,,,,,,A,A,A,B,,,
USA,US,United States,美國,2012,1,1,314339099.0,317115355.0,-0.875,40738224.0,12.96,annual,,,,22114981.0,7.035,annual,,11430000.0,3.636,,,,,,,,A,A,A,B,,,
USA,US,United States,美國,2013,1,1,316726282.0,320110759.0,-1.057,41344354.0,13.054,annual,,,,22016426.0,6.951,annual,,11210000.0,3.539,,,,,,,,A,A,A,B,,,
USA,US,United States,美國,2014,1,1,319257560.0,323115377.0,-1.194,42390705.0,13.278,annual,,,,21325130.0,6.68,annual,,11460000.0,3.59,,,,,,,,A,A,A,B,,,
USA,US,United States,美國,2015,1,1,321815121.0,326126497.0,-1.322,43289646.0,13.452,annual,,,,22236160.0,6.91,annual,,11440000.0,3.555,,,,,,,,A,A,A,B,,,
USA,US,United States,美國,2016,1,1,324353340.0,329179427.0,-1.466,43738901.0,13.485,annual,,,,22824242.0,7.037,annual,,11750000.0,3.623,,,,,,,,A,A,A,B,,,
USA,US,United States,美國,2017,1,1,326608609.0,332204660.0,-1.685,44525458.0,13.633,annual,,,,22758740.0,6.968,annual,,11410000.0,3.493,,,,,,,,A,A,A,B,,,
USA,US,United States,美國,2018,1,1,328529577.0,335056497.0,-1.948,44728502.0,13.615,annual,,,,22941910.0,6.983,annual,,11390000.0,3.467,,,,,,,,A,A,A,B,,,
USA,US,United States,美國,2019,1,1,330226227.0,337790067.0,-2.239,44932799.0,13.607,annual,,,,22518810.0,6.819,annual,,11110000.0,3.364,,,,,,,,A,A,A,B,,,
USA,US,United States,美國,2020,1,1,331578104.0,339436159.0,-2.315,44258250.0,13.348,annual,,,,21433675.0,6.464,annual,,10510000.0,3.17,,,,,,,,A,A,A,B,,,
USA,US,United States,美國,2021,1,1,332100166.0,340161441.0,-2.37,45272945.0,13.632,annual,,,,22164662.0,6.674,annual,,10500000.0,3.162,,,,,,,,A,A,A,B,,,
USA,US,United States,美國,2022,1,1,333996304.0,341534046.0,-2.207,47331480.0,14.171,annual,,,,23825209.0,7.133,annual,,10990000.0,3.29,,,,,,,,A,A,A,B,,,
