country,iso3,year,variable,value,value_pct_pop,estimate_rank_in_cell,source_name,source_url,notes,status,status_reason
Australia,AUS,2010,irregular_proxy_overstayers,53900,0.0024464692999875,PANEL PRIMARY,"ANU Press, A Long Way to Go, Chapter 2, Table 2.3 Estimated size of irregular migrant populations by region/country",https://press-files.anu.edu.au/downloads/press/n4016/html/ch02.xhtml,"estimated irregular migrant population of Australia (visa overstayers / unlawful non-citizens in the community) for 2010. Table 2.3 source note (l): 'Department of Immigration and Border Protection (DIBP) (2010).' The DIAC/DIBP overstayer estimate is published as at 30 June, but the ANU table states the year only and does not restate the within-year reference date.",current,This is the value held in panel_final.csv.
Australia,AUS,2011,irregular_proxy_overstayers,58400,0.0026141422229447,PANEL PRIMARY,"ANU Press, A Long Way to Go, Chapter 2, Table 2.3 Estimated size of irregular migrant populations by region/country",https://press-files.anu.edu.au/downloads/press/n4016/html/ch02.xhtml,"estimated irregular migrant population of Australia (visa overstayers / unlawful non-citizens in the community) for 2011. Table 2.3 source note (m): 'Australian National Audit Office (ANAO) (2013), p. 39.' The DIAC/DIBP overstayer estimate is published as at 30 June, but the ANU table states the year only and does not restate the within-year reference date.",current,This is the value held in panel_final.csv.
Australia,AUS,2016,irregular_proxy_overstayers,64600,0.0026704248832009,PANEL PRIMARY,"Australian Department of Immigration and Border Protection, Senate Legal and Constitutional Affairs Committee, Budget Estimates Question on Notice BE17171",https://www.aph.gov.au/~/media/Committees/legcon_ctte/estimates/bud_1718/DIBP/QoNs/BE17171.pdf,Reference date 30 June 2016. Departmental estimate of unlawful non-citizens (visa overstayers) in the Australian community; register-derived estimate rather than a survey model.,current,This is the value held in panel_final.csv.
Austria,AUT,2010,irregular_proxy_detections,15220,0.0018198331684084,PANEL PRIMARY,"Eurostat, Third country nationals found to be illegally present (migr_eipre)",https://ec.europa.eu/eurostat/databrowser/view/migr_eipre/default/table,"Eurostat enforcement statistic - annual flow of detections, NOT a stock. Dataset migr_eipre, dimensions freq=A citizen=TOTAL reason=TOTAL apprehen=TOTAL sex=T age=TOTAL unit=PER. Rounded to nearest 5 by Eurostat.",current,This is the value held in panel_final.csv.
Austria,AUT,2011,irregular_proxy_detections,20080,0.0023928567981264,PANEL PRIMARY,"Eurostat, Third country nationals found to be illegally present (migr_eipre)",https://ec.europa.eu/eurostat/databrowser/view/migr_eipre/default/table,"Eurostat enforcement statistic - annual flow of detections, NOT a stock. Dataset migr_eipre, dimensions freq=A citizen=TOTAL reason=TOTAL apprehen=TOTAL sex=T age=TOTAL unit=PER. Rounded to nearest 5 by Eurostat.",current,This is the value held in panel_final.csv.
Austria,AUT,2012,irregular_proxy_detections,23135,0.0027443682917336,PANEL PRIMARY,"Eurostat, Third country nationals found to be illegally present (migr_eipre)",https://ec.europa.eu/eurostat/databrowser/view/migr_eipre/default/table,"Eurostat enforcement statistic - annual flow of detections, NOT a stock. Dataset migr_eipre, dimensions freq=A citizen=TOTAL reason=TOTAL apprehen=TOTAL sex=T age=TOTAL unit=PER. Rounded to nearest 5 by Eurostat.",current,This is the value held in panel_final.csv.
Austria,AUT,2013,irregular_proxy_detections,25960,0.0030613846539013,PANEL PRIMARY,"Eurostat, Third country nationals found to be illegally present (migr_eipre)",https://ec.europa.eu/eurostat/databrowser/view/migr_eipre/default/table,"Eurostat enforcement statistic - annual flow of detections, NOT a stock. Dataset migr_eipre, dimensions freq=A citizen=TOTAL reason=TOTAL apprehen=TOTAL sex=T age=TOTAL unit=PER. Rounded to nearest 5 by Eurostat.",current,This is the value held in panel_final.csv.
Austria,AUT,2014,irregular_proxy_detections,33055,0.0038677302934724,PANEL PRIMARY,"Eurostat, Third country nationals found to be illegally present (migr_eipre)",https://ec.europa.eu/eurostat/databrowser/view/migr_eipre/default/table,"Eurostat enforcement statistic - annual flow of detections, NOT a stock. Dataset migr_eipre, dimensions freq=A citizen=TOTAL reason=TOTAL apprehen=TOTAL sex=T age=TOTAL unit=PER. Rounded to nearest 5 by Eurostat.",current,This is the value held in panel_final.csv.
Austria,AUT,2015,irregular_proxy_detections,86220,0.0099760503055816,PANEL PRIMARY,"Eurostat, Third country nationals found to be illegally present (migr_eipre)",https://ec.europa.eu/eurostat/databrowser/view/migr_eipre/default/table,"Eurostat enforcement statistic - annual flow of detections, NOT a stock. Dataset migr_eipre, dimensions freq=A citizen=TOTAL reason=TOTAL apprehen=TOTAL sex=T age=TOTAL unit=PER. Rounded to nearest 5 by Eurostat.",current,This is the value held in panel_final.csv.
Austria,AUT,2016,irregular_proxy_detections,49810,0.0057012581913379,PANEL PRIMARY,"Eurostat, Third country nationals found to be illegally present (migr_eipre)",https://ec.europa.eu/eurostat/databrowser/view/migr_eipre/default/table,"Eurostat enforcement statistic - annual flow of detections, NOT a stock. Dataset migr_eipre, dimensions freq=A citizen=TOTAL reason=TOTAL apprehen=TOTAL sex=T age=TOTAL unit=PER. Rounded to nearest 5 by Eurostat.",current,This is the value held in panel_final.csv.
Austria,AUT,2017,irregular_proxy_detections,26660,0.0030303836311088,PANEL PRIMARY,"Eurostat, Third country nationals found to be illegally present (migr_eipre)",https://ec.europa.eu/eurostat/databrowser/view/migr_eipre/default/table,"Eurostat enforcement statistic - annual flow of detections, NOT a stock. Dataset migr_eipre, dimensions freq=A citizen=TOTAL reason=TOTAL apprehen=TOTAL sex=T age=TOTAL unit=PER. Rounded to nearest 5 by Eurostat.",current,This is the value held in panel_final.csv.
Austria,AUT,2018,irregular_proxy_detections,18840,0.0021310961197875,PANEL PRIMARY,"Eurostat, Third country nationals found to be illegally present (migr_eipre)",https://ec.europa.eu/eurostat/databrowser/view/migr_eipre/default/table,"Eurostat enforcement statistic - annual flow of detections, NOT a stock. Dataset migr_eipre, dimensions freq=A citizen=TOTAL reason=TOTAL apprehen=TOTAL sex=T age=TOTAL unit=PER. Rounded to nearest 5 by Eurostat.",current,This is the value held in panel_final.csv.
Austria,AUT,2019,irregular_proxy_detections,16090,0.0018119532608401,PANEL PRIMARY,"Eurostat, Third country nationals found to be illegally present (migr_eipre)",https://ec.europa.eu/eurostat/databrowser/view/migr_eipre/default/table,"Eurostat enforcement statistic - annual flow of detections, NOT a stock. Dataset migr_eipre, dimensions freq=A citizen=TOTAL reason=TOTAL apprehen=TOTAL sex=T age=TOTAL unit=PER. Rounded to nearest 5 by Eurostat.",current,This is the value held in panel_final.csv.
Austria,AUT,2020,irregular_proxy_detections,18715,0.0020988320557541,PANEL PRIMARY,"Eurostat, Third country nationals found to be illegally present (migr_eipre)",https://ec.europa.eu/eurostat/databrowser/view/migr_eipre/default/table,"Eurostat enforcement statistic - annual flow of detections, NOT a stock. Dataset migr_eipre, dimensions freq=A citizen=TOTAL reason=TOTAL apprehen=TOTAL sex=T age=TOTAL unit=PER. Rounded to nearest 5 by Eurostat.",current,This is the value held in panel_final.csv.
Austria,AUT,2021,irregular_proxy_detections,38410,0.0042888421879147,PANEL PRIMARY,"Eurostat, Third country nationals found to be illegally present (migr_eipre)",https://ec.europa.eu/eurostat/databrowser/view/migr_eipre/default/table,"Eurostat enforcement statistic - annual flow of detections, NOT a stock. Dataset migr_eipre, dimensions freq=A citizen=TOTAL reason=TOTAL apprehen=TOTAL sex=T age=TOTAL unit=PER. Rounded to nearest 5 by Eurostat.",current,This is the value held in panel_final.csv.
Austria,AUT,2022,irregular_proxy_detections,105545,0.0116729417461093,PANEL PRIMARY,"Eurostat, Third country nationals found to be illegally present (migr_eipre)",https://ec.europa.eu/eurostat/databrowser/view/migr_eipre/default/table,"Eurostat enforcement statistic - annual flow of detections, NOT a stock. Dataset migr_eipre, dimensions freq=A citizen=TOTAL reason=TOTAL apprehen=TOTAL sex=T age=TOTAL unit=PER. Rounded to nearest 5 by Eurostat.",current,This is the value held in panel_final.csv.
Austria,AUT,2017,irregular_stock,150000,0.0170501704676043,PANEL PRIMARY,"Pew Research Center (2019), Europe's Unauthorized Immigrant Population Peaks in 2016, Then Levels Off",https://www.pewresearch.org/global/2019/11/13/europes-unauthorized-immigrant-population-peaks-in-2016-then-levels-off/,"Pew residual method (population/labour-force data minus lawfully resident foreign-born), estimate INCLUDES asylum seekers awaiting a decision; published range 100000-200000, value is the midpoint of the published range. Pew reports only rounded 100k bounds.",current,This is the value held in panel_final.csv.
Belgium,BEL,2010,irregular_proxy_detections,12115,0.0011119181657599,PANEL PRIMARY,"Eurostat, Third country nationals found to be illegally present (migr_eipre)",https://ec.europa.eu/eurostat/databrowser/view/migr_eipre/default/table,"Eurostat enforcement statistic - annual flow of detections, NOT a stock. Dataset migr_eipre, dimensions freq=A citizen=TOTAL reason=TOTAL apprehen=TOTAL sex=T age=TOTAL unit=PER. Rounded to nearest 5 by Eurostat.",current,This is the value held in panel_final.csv.
Belgium,BEL,2011,irregular_proxy_detections,13550,0.0012275480999548,PANEL PRIMARY,"Eurostat, Third country nationals found to be illegally present (migr_eipre)",https://ec.europa.eu/eurostat/databrowser/view/migr_eipre/default/table,"Eurostat enforcement statistic - annual flow of detections, NOT a stock. Dataset migr_eipre, dimensions freq=A citizen=TOTAL reason=TOTAL apprehen=TOTAL sex=T age=TOTAL unit=PER. Rounded to nearest 5 by Eurostat.",current,This is the value held in panel_final.csv.
Belgium,BEL,2012,irregular_proxy_detections,15085,0.0013581608314519,PANEL PRIMARY,"Eurostat, Third country nationals found to be illegally present (migr_eipre)",https://ec.europa.eu/eurostat/databrowser/view/migr_eipre/default/table,"Eurostat enforcement statistic - annual flow of detections, NOT a stock. Dataset migr_eipre, dimensions freq=A citizen=TOTAL reason=TOTAL apprehen=TOTAL sex=T age=TOTAL unit=PER. Rounded to nearest 5 by Eurostat.",current,This is the value held in panel_final.csv.
Belgium,BEL,2013,irregular_proxy_detections,15075,0.0013508782321497,PANEL PRIMARY,"Eurostat, Third country nationals found to be illegally present (migr_eipre)",https://ec.europa.eu/eurostat/databrowser/view/migr_eipre/default/table,"Eurostat enforcement statistic - annual flow of detections, NOT a stock. Dataset migr_eipre, dimensions freq=A citizen=TOTAL reason=TOTAL apprehen=TOTAL sex=T age=TOTAL unit=PER. Rounded to nearest 5 by Eurostat.",current,This is the value held in panel_final.csv.
Belgium,BEL,2014,irregular_proxy_detections,15540,0.0013863788898566,PANEL PRIMARY,"Eurostat, Third country nationals found to be illegally present (migr_eipre)",https://ec.europa.eu/eurostat/databrowser/view/migr_eipre/default/table,"Eurostat enforcement statistic - annual flow of detections, NOT a stock. Dataset migr_eipre, dimensions freq=A citizen=TOTAL reason=TOTAL apprehen=TOTAL sex=T age=TOTAL unit=PER. Rounded to nearest 5 by Eurostat.",current,This is the value held in panel_final.csv.
Belgium,BEL,2015,irregular_proxy_detections,16275,0.001443561917852,PANEL PRIMARY,"Eurostat, Third country nationals found to be illegally present (migr_eipre)",https://ec.europa.eu/eurostat/databrowser/view/migr_eipre/default/table,"Eurostat enforcement statistic - annual flow of detections, NOT a stock. Dataset migr_eipre, dimensions freq=A citizen=TOTAL reason=TOTAL apprehen=TOTAL sex=T age=TOTAL unit=PER. Rounded to nearest 5 by Eurostat.",current,This is the value held in panel_final.csv.
Belgium,BEL,2016,irregular_proxy_detections,19320,0.0017049934244792,PANEL PRIMARY,"Eurostat, Third country nationals found to be illegally present (migr_eipre)",https://ec.europa.eu/eurostat/databrowser/view/migr_eipre/default/table,"Eurostat enforcement statistic - annual flow of detections, NOT a stock. Dataset migr_eipre, dimensions freq=A citizen=TOTAL reason=TOTAL apprehen=TOTAL sex=T age=TOTAL unit=PER. Rounded to nearest 5 by Eurostat.",current,This is the value held in panel_final.csv.
Belgium,BEL,2017,irregular_proxy_detections,18285,0.0016074501998126,PANEL PRIMARY,"Eurostat, Third country nationals found to be illegally present (migr_eipre)",https://ec.europa.eu/eurostat/databrowser/view/migr_eipre/default/table,"Eurostat enforcement statistic - annual flow of detections, NOT a stock. Dataset migr_eipre, dimensions freq=A citizen=TOTAL reason=TOTAL apprehen=TOTAL sex=T age=TOTAL unit=PER. Rounded to nearest 5 by Eurostat.",current,This is the value held in panel_final.csv.
Belgium,BEL,2018,irregular_proxy_detections,19145,0.0016754099525564,PANEL PRIMARY,"Eurostat, Third country nationals found to be illegally present (migr_eipre)",https://ec.europa.eu/eurostat/databrowser/view/migr_eipre/default/table,"Eurostat enforcement statistic - annual flow of detections, NOT a stock. Dataset migr_eipre, dimensions freq=A citizen=TOTAL reason=TOTAL apprehen=TOTAL sex=T age=TOTAL unit=PER. Rounded to nearest 5 by Eurostat.",current,This is the value held in panel_final.csv.
Belgium,BEL,2019,irregular_proxy_detections,17585,0.0015305971461348,PANEL PRIMARY,"Eurostat, Third country nationals found to be illegally present (migr_eipre)",https://ec.europa.eu/eurostat/databrowser/view/migr_eipre/default/table,"Eurostat enforcement statistic - annual flow of detections, NOT a stock. Dataset migr_eipre, dimensions freq=A citizen=TOTAL reason=TOTAL apprehen=TOTAL sex=T age=TOTAL unit=PER. Rounded to nearest 5 by Eurostat.",current,This is the value held in panel_final.csv.
Belgium,BEL,2020,irregular_proxy_detections,11495,0.0009962210333243,PANEL PRIMARY,"Eurostat, Third country nationals found to be illegally present (migr_eipre)",https://ec.europa.eu/eurostat/databrowser/view/migr_eipre/default/table,"Eurostat enforcement statistic - annual flow of detections, NOT a stock. Dataset migr_eipre, dimensions freq=A citizen=TOTAL reason=TOTAL apprehen=TOTAL sex=T age=TOTAL unit=PER. Rounded to nearest 5 by Eurostat.",current,This is the value held in panel_final.csv.
Belgium,BEL,2021,irregular_proxy_detections,10885,0.0009394801313114,PANEL PRIMARY,"Eurostat, Third country nationals found to be illegally present (migr_eipre)",https://ec.europa.eu/eurostat/databrowser/view/migr_eipre/default/table,"Eurostat enforcement statistic - annual flow of detections, NOT a stock. Dataset migr_eipre, dimensions freq=A citizen=TOTAL reason=TOTAL apprehen=TOTAL sex=T age=TOTAL unit=PER. Rounded to nearest 5 by Eurostat.",current,This is the value held in panel_final.csv.
Belgium,BEL,2022,irregular_proxy_detections,10965,0.0009387673680524,PANEL PRIMARY,"Eurostat, Third country nationals found to be illegally present (migr_eipre)",https://ec.europa.eu/eurostat/databrowser/view/migr_eipre/default/table,"Eurostat enforcement statistic - annual flow of detections, NOT a stock. Dataset migr_eipre, dimensions freq=A citizen=TOTAL reason=TOTAL apprehen=TOTAL sex=T age=TOTAL unit=PER. Rounded to nearest 5 by Eurostat.",current,This is the value held in panel_final.csv.
Bulgaria,BGR,2010,irregular_proxy_detections,1705,0.0002305425158935,PANEL PRIMARY,"Eurostat, Third country nationals found to be illegally present (migr_eipre)",https://ec.europa.eu/eurostat/databrowser/view/migr_eipre/default/table,"Eurostat enforcement statistic - annual flow of detections, NOT a stock. Dataset migr_eipre, dimensions freq=A citizen=TOTAL reason=TOTAL apprehen=TOTAL sex=T age=TOTAL unit=PER. Rounded to nearest 5 by Eurostat.",current,This is the value held in panel_final.csv.
Bulgaria,BGR,2011,irregular_proxy_detections,1355,0.0001843956883797,PANEL PRIMARY,"Eurostat, Third country nationals found to be illegally present (migr_eipre)",https://ec.europa.eu/eurostat/databrowser/view/migr_eipre/default/table,"Eurostat enforcement statistic - annual flow of detections, NOT a stock. Dataset migr_eipre, dimensions freq=A citizen=TOTAL reason=TOTAL apprehen=TOTAL sex=T age=TOTAL unit=PER. Rounded to nearest 5 by Eurostat.",current,This is the value held in panel_final.csv.
Bulgaria,BGR,2012,irregular_proxy_detections,2050,0.000280595596319,PANEL PRIMARY,"Eurostat, Third country nationals found to be illegally present (migr_eipre)",https://ec.europa.eu/eurostat/databrowser/view/migr_eipre/default/table,"Eurostat enforcement statistic - annual flow of detections, NOT a stock. Dataset migr_eipre, dimensions freq=A citizen=TOTAL reason=TOTAL apprehen=TOTAL sex=T age=TOTAL unit=PER. Rounded to nearest 5 by Eurostat.",current,This is the value held in panel_final.csv.
Bulgaria,BGR,2013,irregular_proxy_detections,5260,0.0007346363584941,PANEL PRIMARY,"Eurostat, Third country nationals found to be illegally present (migr_eipre)",https://ec.europa.eu/eurostat/databrowser/view/migr_eipre/default/table,"Eurostat enforcement statistic - annual flow of detections, NOT a stock. Dataset migr_eipre, dimensions freq=A citizen=TOTAL reason=TOTAL apprehen=TOTAL sex=T age=TOTAL unit=PER. Rounded to nearest 5 by Eurostat.",current,This is the value held in panel_final.csv.
Bulgaria,BGR,2014,irregular_proxy_detections,12870,0.001819448504942,PANEL PRIMARY,"Eurostat, Third country nationals found to be illegally present (migr_eipre)",https://ec.europa.eu/eurostat/databrowser/view/migr_eipre/default/table,"Eurostat enforcement statistic - annual flow of detections, NOT a stock. Dataset migr_eipre, dimensions freq=A citizen=TOTAL reason=TOTAL apprehen=TOTAL sex=T age=TOTAL unit=PER. Rounded to nearest 5 by Eurostat.",current,This is the value held in panel_final.csv.
Bulgaria,BGR,2015,irregular_proxy_detections,20810,0.0029795718207818,PANEL PRIMARY,"Eurostat, Third country nationals found to be illegally present (migr_eipre)",https://ec.europa.eu/eurostat/databrowser/view/migr_eipre/default/table,"Eurostat enforcement statistic - annual flow of detections, NOT a stock. Dataset migr_eipre, dimensions freq=A citizen=TOTAL reason=TOTAL apprehen=TOTAL sex=T age=TOTAL unit=PER. Rounded to nearest 5 by Eurostat.",current,This is the value held in panel_final.csv.
Bulgaria,BGR,2016,irregular_proxy_detections,14125,0.0020488417770514,PANEL PRIMARY,"Eurostat, Third country nationals found to be illegally present (migr_eipre)",https://ec.europa.eu/eurostat/databrowser/view/migr_eipre/default/table,"Eurostat enforcement statistic - annual flow of detections, NOT a stock. Dataset migr_eipre, dimensions freq=A citizen=TOTAL reason=TOTAL apprehen=TOTAL sex=T age=TOTAL unit=PER. Rounded to nearest 5 by Eurostat.",current,This is the value held in panel_final.csv.
Bulgaria,BGR,2017,irregular_proxy_detections,2595,0.0003814231212669,PANEL PRIMARY,"Eurostat, Third country nationals found to be illegally present (migr_eipre)",https://ec.europa.eu/eurostat/databrowser/view/migr_eipre/default/table,"Eurostat enforcement statistic - annual flow of detections, NOT a stock. Dataset migr_eipre, dimensions freq=A citizen=TOTAL reason=TOTAL apprehen=TOTAL sex=T age=TOTAL unit=PER. Rounded to nearest 5 by Eurostat.",current,This is the value held in panel_final.csv.
Bulgaria,BGR,2018,irregular_proxy_detections,1305,0.0001944627151644,PANEL PRIMARY,"Eurostat, Third country nationals found to be illegally present (migr_eipre)",https://ec.europa.eu/eurostat/databrowser/view/migr_eipre/default/table,"Eurostat enforcement statistic - annual flow of detections, NOT a stock. Dataset migr_eipre, dimensions freq=A citizen=TOTAL reason=TOTAL apprehen=TOTAL sex=T age=TOTAL unit=PER. Rounded to nearest 5 by Eurostat.",current,This is the value held in panel_final.csv.
Bulgaria,BGR,2019,irregular_proxy_detections,655,9.89915556424733e-05,PANEL PRIMARY,"Eurostat, Third country nationals found to be illegally present (migr_eipre)",https://ec.europa.eu/eurostat/databrowser/view/migr_eipre/default/table,"Eurostat enforcement statistic - annual flow of detections, NOT a stock. Dataset migr_eipre, dimensions freq=A citizen=TOTAL reason=TOTAL apprehen=TOTAL sex=T age=TOTAL unit=PER. Rounded to nearest 5 by Eurostat.",current,This is the value held in panel_final.csv.
Bulgaria,BGR,2020,irregular_proxy_detections,670,0.000102279208194,PANEL PRIMARY,"Eurostat, Third country nationals found to be illegally present (migr_eipre)",https://ec.europa.eu/eurostat/databrowser/view/migr_eipre/default/table,"Eurostat enforcement statistic - annual flow of detections, NOT a stock. Dataset migr_eipre, dimensions freq=A citizen=TOTAL reason=TOTAL apprehen=TOTAL sex=T age=TOTAL unit=PER. Rounded to nearest 5 by Eurostat.",current,This is the value held in panel_final.csv.
Bulgaria,BGR,2021,irregular_proxy_detections,3200,0.0004917553375815,PANEL PRIMARY,"Eurostat, Third country nationals found to be illegally present (migr_eipre)",https://ec.europa.eu/eurostat/databrowser/view/migr_eipre/default/table,"Eurostat enforcement statistic - annual flow of detections, NOT a stock. Dataset migr_eipre, dimensions freq=A citizen=TOTAL reason=TOTAL apprehen=TOTAL sex=T age=TOTAL unit=PER. Rounded to nearest 5 by Eurostat.",current,This is the value held in panel_final.csv.
Bulgaria,BGR,2022,irregular_proxy_detections,10135,0.0015676485596426,PANEL PRIMARY,"Eurostat, Third country nationals found to be illegally present (migr_eipre)",https://ec.europa.eu/eurostat/databrowser/view/migr_eipre/default/table,"Eurostat enforcement statistic - annual flow of detections, NOT a stock. Dataset migr_eipre, dimensions freq=A citizen=TOTAL reason=TOTAL apprehen=TOTAL sex=T age=TOTAL unit=PER. Rounded to nearest 5 by Eurostat.",current,This is the value held in panel_final.csv.
Switzerland,CHE,2010,irregular_proxy_detections,12630,0.0016140762787145,PANEL PRIMARY,"Eurostat, Third country nationals found to be illegally present (migr_eipre)",https://ec.europa.eu/eurostat/databrowser/view/migr_eipre/default/table,"Eurostat enforcement statistic - annual flow of detections, NOT a stock. Dataset migr_eipre, dimensions freq=A citizen=TOTAL reason=TOTAL apprehen=TOTAL sex=T age=TOTAL unit=PER. Rounded to nearest 5 by Eurostat.",rejected,Input error: the Eurostat value for the next year was recorded under this year (corrected 2026-08-17; the panel holds the correctly aligned value). Not a valid estimate.
Switzerland,CHE,2011,irregular_proxy_detections,14170,0.0017908603687529,PANEL PRIMARY,"Eurostat, Third country nationals found to be illegally present (migr_eipre)",https://ec.europa.eu/eurostat/databrowser/view/migr_eipre/default/table,"Eurostat enforcement statistic - annual flow of detections, NOT a stock. Dataset migr_eipre, dimensions freq=A citizen=TOTAL reason=TOTAL apprehen=TOTAL sex=T age=TOTAL unit=PER. Rounded to nearest 5 by Eurostat.",rejected,Input error: the Eurostat value for the next year was recorded under this year (corrected 2026-08-17; the panel holds the correctly aligned value). Not a valid estimate.
Switzerland,CHE,2012,irregular_proxy_detections,15045,0.0018813631998855,PANEL PRIMARY,"Eurostat, Third country nationals found to be illegally present (migr_eipre)",https://ec.europa.eu/eurostat/databrowser/view/migr_eipre/default/table,"Eurostat enforcement statistic - annual flow of detections, NOT a stock. Dataset migr_eipre, dimensions freq=A citizen=TOTAL reason=TOTAL apprehen=TOTAL sex=T age=TOTAL unit=PER. Rounded to nearest 5 by Eurostat.",rejected,Input error: the Eurostat value for the next year was recorded under this year (corrected 2026-08-17; the panel holds the correctly aligned value). Not a valid estimate.
Switzerland,CHE,2013,irregular_proxy_detections,13800,0.0017059475512606,PANEL PRIMARY,"Eurostat, Third country nationals found to be illegally present (migr_eipre)",https://ec.europa.eu/eurostat/databrowser/view/migr_eipre/default/table,"Eurostat enforcement statistic - annual flow of detections, NOT a stock. Dataset migr_eipre, dimensions freq=A citizen=TOTAL reason=TOTAL apprehen=TOTAL sex=T age=TOTAL unit=PER. Rounded to nearest 5 by Eurostat.",rejected,Input error: the Eurostat value for the next year was recorded under this year (corrected 2026-08-17; the panel holds the correctly aligned value). Not a valid estimate.
Switzerland,CHE,2014,irregular_proxy_detections,15555,0.0018995807489123,PANEL PRIMARY,"Eurostat, Third country nationals found to be illegally present (migr_eipre)",https://ec.europa.eu/eurostat/databrowser/view/migr_eipre/default/table,"Eurostat enforcement statistic - annual flow of detections, NOT a stock. Dataset migr_eipre, dimensions freq=A citizen=TOTAL reason=TOTAL apprehen=TOTAL sex=T age=TOTAL unit=PER. Rounded to nearest 5 by Eurostat.",rejected,Input error: the Eurostat value for the next year was recorded under this year (corrected 2026-08-17; the panel holds the correctly aligned value). Not a valid estimate.
Switzerland,CHE,2015,irregular_proxy_detections,15765,0.0019034347065752,PANEL PRIMARY,"Eurostat, Third country nationals found to be illegally present (migr_eipre)",https://ec.europa.eu/eurostat/databrowser/view/migr_eipre/default/table,"Eurostat enforcement statistic - annual flow of detections, NOT a stock. Dataset migr_eipre, dimensions freq=A citizen=TOTAL reason=TOTAL apprehen=TOTAL sex=T age=TOTAL unit=PER. Rounded to nearest 5 by Eurostat.",rejected,Input error: the Eurostat value for the next year was recorded under this year (corrected 2026-08-17; the panel holds the correctly aligned value). Not a valid estimate.
Switzerland,CHE,2016,irregular_proxy_detections,13940,0.0016648079893586,PANEL PRIMARY,"Eurostat, Third country nationals found to be illegally present (migr_eipre)",https://ec.europa.eu/eurostat/databrowser/view/migr_eipre/default/table,"Eurostat enforcement statistic - annual flow of detections, NOT a stock. Dataset migr_eipre, dimensions freq=A citizen=TOTAL reason=TOTAL apprehen=TOTAL sex=T age=TOTAL unit=PER. Rounded to nearest 5 by Eurostat.",rejected,Input error: the Eurostat value for the next year was recorded under this year (corrected 2026-08-17; the panel holds the correctly aligned value). Not a valid estimate.
Switzerland,CHE,2017,irregular_proxy_detections,14420,0.0017061373618052,PANEL PRIMARY,"Eurostat, Third country nationals found to be illegally present (migr_eipre)",https://ec.europa.eu/eurostat/databrowser/view/migr_eipre/default/table,"Eurostat enforcement statistic - annual flow of detections, NOT a stock. Dataset migr_eipre, dimensions freq=A citizen=TOTAL reason=TOTAL apprehen=TOTAL sex=T age=TOTAL unit=PER. Rounded to nearest 5 by Eurostat.",rejected,Input error: the Eurostat value for the next year was recorded under this year (corrected 2026-08-17; the panel holds the correctly aligned value). Not a valid estimate.
Switzerland,CHE,2018,irregular_proxy_detections,13885,0.0016307802998921,PANEL PRIMARY,"Eurostat, Third country nationals found to be illegally present (migr_eipre)",https://ec.europa.eu/eurostat/databrowser/view/migr_eipre/default/table,"Eurostat enforcement statistic - annual flow of detections, NOT a stock. Dataset migr_eipre, dimensions freq=A citizen=TOTAL reason=TOTAL apprehen=TOTAL sex=T age=TOTAL unit=PER. Rounded to nearest 5 by Eurostat.",rejected,Input error: the Eurostat value for the next year was recorded under this year (corrected 2026-08-17; the panel holds the correctly aligned value). Not a valid estimate.
Switzerland,CHE,2019,irregular_proxy_detections,11020,0.0012850892332378,PANEL PRIMARY,"Eurostat, Third country nationals found to be illegally present (migr_eipre)",https://ec.europa.eu/eurostat/databrowser/view/migr_eipre/default/table,"Eurostat enforcement statistic - annual flow of detections, NOT a stock. Dataset migr_eipre, dimensions freq=A citizen=TOTAL reason=TOTAL apprehen=TOTAL sex=T age=TOTAL unit=PER. Rounded to nearest 5 by Eurostat.",rejected,Input error: the Eurostat value for the next year was recorded under this year (corrected 2026-08-17; the panel holds the correctly aligned value). Not a valid estimate.
Switzerland,CHE,2020,irregular_proxy_detections,12175,0.0014094425356675,PANEL PRIMARY,"Eurostat, Third country nationals found to be illegally present (migr_eipre)",https://ec.europa.eu/eurostat/databrowser/view/migr_eipre/default/table,"Eurostat enforcement statistic - annual flow of detections, NOT a stock. Dataset migr_eipre, dimensions freq=A citizen=TOTAL reason=TOTAL apprehen=TOTAL sex=T age=TOTAL unit=PER. Rounded to nearest 5 by Eurostat.",rejected,Input error: the Eurostat value for the next year was recorded under this year (corrected 2026-08-17; the panel holds the correctly aligned value). Not a valid estimate.
Switzerland,CHE,2021,irregular_proxy_detections,15130,0.0017381722148403,PANEL PRIMARY,"Eurostat, Third country nationals found to be illegally present (migr_eipre)",https://ec.europa.eu/eurostat/databrowser/view/migr_eipre/default/table,"Eurostat enforcement statistic - annual flow of detections, NOT a stock. Dataset migr_eipre, dimensions freq=A citizen=TOTAL reason=TOTAL apprehen=TOTAL sex=T age=TOTAL unit=PER. Rounded to nearest 5 by Eurostat.",rejected,Input error: the Eurostat value for the next year was recorded under this year (corrected 2026-08-17; the panel holds the correctly aligned value). Not a valid estimate.
Switzerland,CHE,2022,irregular_proxy_detections,19280,0.0021966283122602,PANEL PRIMARY,"Eurostat, Third country nationals found to be illegally present (migr_eipre)",https://ec.europa.eu/eurostat/databrowser/view/migr_eipre/default/table,"Eurostat enforcement statistic - annual flow of detections, NOT a stock. Dataset migr_eipre, dimensions freq=A citizen=TOTAL reason=TOTAL apprehen=TOTAL sex=T age=TOTAL unit=PER. Rounded to nearest 5 by Eurostat.",rejected,Input error: the Eurostat value for the next year was recorded under this year (corrected 2026-08-17; the panel holds the correctly aligned value). Not a valid estimate.
Switzerland,CHE,2015,irregular_stock,76000,0.0091760886584027,PANEL PRIMARY,"Morlok, Oswald, Meier, Efionayi-Mader, Ruedin, Bader, Wanner (2015), Sans-Papiers in der Schweiz 2015, State Secretariat for Migration (SEM)",https://www.sem.admin.ch/dam/sem/de/data/internationales/illegale-migration/sans_papiers/ber-sanspapiers-2015-d.pdf,"Expert-interview / Delphi estimate for 12 cantons extrapolated by regression to the remaining 15 cantons, cross-checked against ZEMIS, AHV and vital-statistics data; point estimate 76000, plausible range 50000-99000. Covers third-country (non-EU/EFTA) nationals only.",current,This is the value held in panel_final.csv.
Switzerland,CHE,2017,irregular_stock,150000,0.0177476147205816,PANEL PRIMARY,"Pew Research Center (2019), Europe's Unauthorized Immigrant Population Peaks in 2016, Then Levels Off",https://www.pewresearch.org/global/2019/11/13/europes-unauthorized-immigrant-population-peaks-in-2016-then-levels-off/,"Pew residual method (population/labour-force data minus lawfully resident foreign-born), estimate INCLUDES asylum seekers awaiting a decision; published range 100000-200000, value is the midpoint of the published range. Pew reports only rounded 100k bounds.",current,This is the value held in panel_final.csv.
Chile,CHL,2018,irregular_stock,10375,0.0005491396344852492,PANEL PRIMARY,"Instituto Nacional de Estadisticas (INE) and Servicio Nacional de Migraciones (SERMIG), Estimacion de Personas Extranjeras Residentes Habituales en Chile 2023 - Sintesis, page 12 (2023 revised methodology series)",https://www.ine.gob.cl/docs/default-source/demografia-y-migracion/publicaciones-y-anuarios/migraci%C3%B3n-internacional/estimaci%C3%B3n-poblaci%C3%B3n-extranjera-en-chile-2018/sintesis-epe2023.pdf?sfvrsn=cc51129c_10,"Revised 2023 methodology (adds Mineduc school-enrolment and SERMIG biometric registration records). Chart on page 12 of the Sintesis 2023, year axis checked.",current,This is the value held in panel_final.csv.
Chile,CHL,2018,irregular_stock,5975,0.00031625150034210735,alternative 1,"Instituto Nacional de Estadisticas (INE) and Servicio Nacional de Migraciones (SERMIG), Estimacion de Personas Extranjeras Residentes Habituales en Chile 2023 - Sintesis, page 12 (2022 methodology series)",https://www.ine.gob.cl/docs/default-source/demografia-y-migracion/publicaciones-y-anuarios/migraci%C3%B3n-internacional/estimaci%C3%B3n-poblaci%C3%B3n-extranjera-en-chile-2018/sintesis-epe2023.pdf?sfvrsn=cc51129c_10,"Same chart, 2022 methodology (blue series). The first release had these chart values under other years.",valid alternative,"A competing published estimate for the same quantity, not used in the panel."
Chile,CHL,2019,irregular_stock,21833,0.0011372690457795457,PANEL PRIMARY,"Instituto Nacional de Estadisticas (INE) and Servicio Nacional de Migraciones (SERMIG), Estimacion de Personas Extranjeras Residentes Habituales en Chile 2023 - Sintesis, page 12 (2023 revised methodology series)",https://www.ine.gob.cl/docs/default-source/demografia-y-migracion/publicaciones-y-anuarios/migraci%C3%B3n-internacional/estimaci%C3%B3n-poblaci%C3%B3n-extranjera-en-chile-2018/sintesis-epe2023.pdf?sfvrsn=cc51129c_10,"Revised 2023 methodology (adds Mineduc school-enrolment and SERMIG biometric registration records). Chart on page 12 of the Sintesis 2023, year axis checked.",current,This is the value held in panel_final.csv.
Chile,CHL,2019,irregular_stock,14818,0.0007718615270627632,alternative 1,"Instituto Nacional de Estadisticas (INE) and Servicio Nacional de Migraciones (SERMIG), Estimacion de Personas Extranjeras Residentes Habituales en Chile 2023 - Sintesis, page 12 (2022 methodology series)",https://www.ine.gob.cl/docs/default-source/demografia-y-migracion/publicaciones-y-anuarios/migraci%C3%B3n-internacional/estimaci%C3%B3n-poblaci%C3%B3n-extranjera-en-chile-2018/sintesis-epe2023.pdf?sfvrsn=cc51129c_10,"Same chart, 2022 methodology (blue series). The first release had these chart values under other years.",valid alternative,"A competing published estimate for the same quantity, not used in the panel."
Chile,CHL,2020,irregular_stock,53356,0.002754480186079705,PANEL PRIMARY,"Instituto Nacional de Estadisticas (INE) and Servicio Nacional de Migraciones (SERMIG), Estimacion de Personas Extranjeras Residentes Habituales en Chile 2023 - Sintesis, page 12 (2023 revised methodology series)",https://www.ine.gob.cl/docs/default-source/demografia-y-migracion/publicaciones-y-anuarios/migraci%C3%B3n-internacional/estimaci%C3%B3n-poblaci%C3%B3n-extranjera-en-chile-2018/sintesis-epe2023.pdf?sfvrsn=cc51129c_10,"Revised 2023 methodology (adds Mineduc school-enrolment and SERMIG biometric registration records). Chart on page 12 of the Sintesis 2023, year axis checked.",current,This is the value held in panel_final.csv.
Chile,CHL,2020,irregular_stock,27162,0.0014022263815559066,alternative 1,"Instituto Nacional de Estadisticas (INE) and Servicio Nacional de Migraciones (SERMIG), Estimacion de Personas Extranjeras Residentes Habituales en Chile 2023 - Sintesis, page 12 (2022 methodology series)",https://www.ine.gob.cl/docs/default-source/demografia-y-migracion/publicaciones-y-anuarios/migraci%C3%B3n-internacional/estimaci%C3%B3n-poblaci%C3%B3n-extranjera-en-chile-2018/sintesis-epe2023.pdf?sfvrsn=cc51129c_10,"Same chart, 2022 methodology (blue series). The first release had these chart values under other years.",valid alternative,"A competing published estimate for the same quantity, not used in the panel."
Chile,CHL,2021,irregular_stock,109846,0.005645770678073269,PANEL PRIMARY,"Instituto Nacional de Estadisticas (INE) and Servicio Nacional de Migraciones (SERMIG), Estimacion de Personas Extranjeras Residentes Habituales en Chile 2023 - Sintesis, page 12 (2023 revised methodology series)",https://www.ine.gob.cl/docs/default-source/demografia-y-migracion/publicaciones-y-anuarios/migraci%C3%B3n-internacional/estimaci%C3%B3n-poblaci%C3%B3n-extranjera-en-chile-2018/sintesis-epe2023.pdf?sfvrsn=cc51129c_10,"Revised 2023 methodology (adds Mineduc school-enrolment and SERMIG biometric registration records). Chart on page 12 of the Sintesis 2023, year axis checked.",current,This is the value held in panel_final.csv.
Chile,CHL,2021,irregular_stock,59682,0.0030674843472567855,alternative 1,"Instituto Nacional de Estadisticas (INE) and Servicio Nacional de Migraciones (SERMIG), Estimacion de Personas Extranjeras Residentes Habituales en Chile 2023 - Sintesis, page 12 (2022 methodology series)",https://www.ine.gob.cl/docs/default-source/demografia-y-migracion/publicaciones-y-anuarios/migraci%C3%B3n-internacional/estimaci%C3%B3n-poblaci%C3%B3n-extranjera-en-chile-2018/sintesis-epe2023.pdf?sfvrsn=cc51129c_10,"Same chart, 2022 methodology (blue series). The first release had these chart values under other years.",valid alternative,"A competing published estimate for the same quantity, not used in the panel."
Chile,CHL,2022,irregular_stock,291149,0.01489021960579421,PANEL PRIMARY,"Instituto Nacional de Estadisticas (INE) and Servicio Nacional de Migraciones (SERMIG), Estimacion de Personas Extranjeras Residentes Habituales en Chile 2023 - Sintesis, page 12 (2023 revised methodology series)",https://www.ine.gob.cl/docs/default-source/demografia-y-migracion/publicaciones-y-anuarios/migraci%C3%B3n-internacional/estimaci%C3%B3n-poblaci%C3%B3n-extranjera-en-chile-2018/sintesis-epe2023.pdf?sfvrsn=cc51129c_10,"Revised 2023 methodology (adds Mineduc school-enrolment and SERMIG biometric registration records). Chart on page 12 of the Sintesis 2023, year axis checked.",current,This is the value held in panel_final.csv.
Chile,CHL,2022,irregular_stock,115059,0.00588445702242864,alternative 1,"Instituto Nacional de Estadisticas (INE) and Servicio Nacional de Migraciones (SERMIG), Estimacion de Personas Extranjeras Residentes Habituales en Chile 2023 - Sintesis, page 12 (2022 methodology series)",https://www.ine.gob.cl/docs/default-source/demografia-y-migracion/publicaciones-y-anuarios/migraci%C3%B3n-internacional/estimaci%C3%B3n-poblaci%C3%B3n-extranjera-en-chile-2018/sintesis-epe2023.pdf?sfvrsn=cc51129c_10,"Same chart, 2022 methodology (blue series). The first release had these chart values under other years.",valid alternative,"A competing published estimate for the same quantity, not used in the panel."
Chile,CHL,2022,irregular_stock,107223,0.0054837008431836,alternative 2,"Instituto Nacional de Estadisticas (INE) de Chile, press release 29 December 2023",https://www.ine.gob.cl/sala-de-prensa/prensa/general/noticia/2023/12/29/poblaci%C3%B3n-extranjera-residente-en-chile-super%C3%B3-los-1-6-millones-de-personas-en-2022-con-un-6-6-de-ellas-en-situaci%C3%B3n-irregular,"Reference date 31 December 2022. Modelled stock estimate: 6.6% of a total foreign population of 1,625,074. Differs slightly from the 109,846 in the 2023 Sintesis (different publication vintage).",valid alternative,"A competing published estimate for the same quantity, not used in the panel."
Czech Republic,CZE,2010,irregular_proxy_detections,2655,0.0002534748973927,PANEL PRIMARY,"Eurostat, Third country nationals found to be illegally present (migr_eipre)",https://ec.europa.eu/eurostat/databrowser/view/migr_eipre/default/table,"Eurostat enforcement statistic - annual flow of detections, NOT a stock. Dataset migr_eipre, dimensions freq=A citizen=TOTAL reason=TOTAL apprehen=TOTAL sex=T age=TOTAL unit=PER. Rounded to nearest 5 by Eurostat.",current,This is the value held in panel_final.csv.
Czech Republic,CZE,2011,irregular_proxy_detections,3085,0.0002939190296422,PANEL PRIMARY,"Eurostat, Third country nationals found to be illegally present (migr_eipre)",https://ec.europa.eu/eurostat/databrowser/view/migr_eipre/default/table,"Eurostat enforcement statistic - annual flow of detections, NOT a stock. Dataset migr_eipre, dimensions freq=A citizen=TOTAL reason=TOTAL apprehen=TOTAL sex=T age=TOTAL unit=PER. Rounded to nearest 5 by Eurostat.",current,This is the value held in panel_final.csv.
Czech Republic,CZE,2012,irregular_proxy_detections,3315,0.0003153903347847,PANEL PRIMARY,"Eurostat, Third country nationals found to be illegally present (migr_eipre)",https://ec.europa.eu/eurostat/databrowser/view/migr_eipre/default/table,"Eurostat enforcement statistic - annual flow of detections, NOT a stock. Dataset migr_eipre, dimensions freq=A citizen=TOTAL reason=TOTAL apprehen=TOTAL sex=T age=TOTAL unit=PER. Rounded to nearest 5 by Eurostat.",current,This is the value held in panel_final.csv.
Czech Republic,CZE,2013,irregular_proxy_detections,3695,0.0003514270888179,PANEL PRIMARY,"Eurostat, Third country nationals found to be illegally present (migr_eipre)",https://ec.europa.eu/eurostat/databrowser/view/migr_eipre/default/table,"Eurostat enforcement statistic - annual flow of detections, NOT a stock. Dataset migr_eipre, dimensions freq=A citizen=TOTAL reason=TOTAL apprehen=TOTAL sex=T age=TOTAL unit=PER. Rounded to nearest 5 by Eurostat.",current,This is the value held in panel_final.csv.
Czech Republic,CZE,2014,irregular_proxy_detections,4430,0.0004208887364948,PANEL PRIMARY,"Eurostat, Third country nationals found to be illegally present (migr_eipre)",https://ec.europa.eu/eurostat/databrowser/view/migr_eipre/default/table,"Eurostat enforcement statistic - annual flow of detections, NOT a stock. Dataset migr_eipre, dimensions freq=A citizen=TOTAL reason=TOTAL apprehen=TOTAL sex=T age=TOTAL unit=PER. Rounded to nearest 5 by Eurostat.",current,This is the value held in panel_final.csv.
Czech Republic,CZE,2015,irregular_proxy_detections,8165,0.0007742228637256,PANEL PRIMARY,"Eurostat, Third country nationals found to be illegally present (migr_eipre)",https://ec.europa.eu/eurostat/databrowser/view/migr_eipre/default/table,"Eurostat enforcement statistic - annual flow of detections, NOT a stock. Dataset migr_eipre, dimensions freq=A citizen=TOTAL reason=TOTAL apprehen=TOTAL sex=T age=TOTAL unit=PER. Rounded to nearest 5 by Eurostat.",current,This is the value held in panel_final.csv.
Czech Republic,CZE,2016,irregular_proxy_detections,4885,0.0004623174816009,PANEL PRIMARY,"Eurostat, Third country nationals found to be illegally present (migr_eipre)",https://ec.europa.eu/eurostat/databrowser/view/migr_eipre/default/table,"Eurostat enforcement statistic - annual flow of detections, NOT a stock. Dataset migr_eipre, dimensions freq=A citizen=TOTAL reason=TOTAL apprehen=TOTAL sex=T age=TOTAL unit=PER. Rounded to nearest 5 by Eurostat.",current,This is the value held in panel_final.csv.
Czech Republic,CZE,2017,irregular_proxy_detections,4360,0.0004115366950092,PANEL PRIMARY,"Eurostat, Third country nationals found to be illegally present (migr_eipre)",https://ec.europa.eu/eurostat/databrowser/view/migr_eipre/default/table,"Eurostat enforcement statistic - annual flow of detections, NOT a stock. Dataset migr_eipre, dimensions freq=A citizen=TOTAL reason=TOTAL apprehen=TOTAL sex=T age=TOTAL unit=PER. Rounded to nearest 5 by Eurostat.",current,This is the value held in panel_final.csv.
Czech Republic,CZE,2018,irregular_proxy_detections,4505,0.0004238034349809,PANEL PRIMARY,"Eurostat, Third country nationals found to be illegally present (migr_eipre)",https://ec.europa.eu/eurostat/databrowser/view/migr_eipre/default/table,"Eurostat enforcement statistic - annual flow of detections, NOT a stock. Dataset migr_eipre, dimensions freq=A citizen=TOTAL reason=TOTAL apprehen=TOTAL sex=T age=TOTAL unit=PER. Rounded to nearest 5 by Eurostat.",current,This is the value held in panel_final.csv.
Czech Republic,CZE,2019,irregular_proxy_detections,4995,0.000468052927931,PANEL PRIMARY,"Eurostat, Third country nationals found to be illegally present (migr_eipre)",https://ec.europa.eu/eurostat/databrowser/view/migr_eipre/default/table,"Eurostat enforcement statistic - annual flow of detections, NOT a stock. Dataset migr_eipre, dimensions freq=A citizen=TOTAL reason=TOTAL apprehen=TOTAL sex=T age=TOTAL unit=PER. Rounded to nearest 5 by Eurostat.",current,This is the value held in panel_final.csv.
Czech Republic,CZE,2020,irregular_proxy_detections,6515,0.0006090004185884,PANEL PRIMARY,"Eurostat, Third country nationals found to be illegally present (migr_eipre)",https://ec.europa.eu/eurostat/databrowser/view/migr_eipre/default/table,"Eurostat enforcement statistic - annual flow of detections, NOT a stock. Dataset migr_eipre, dimensions freq=A citizen=TOTAL reason=TOTAL apprehen=TOTAL sex=T age=TOTAL unit=PER. Rounded to nearest 5 by Eurostat.",current,This is the value held in panel_final.csv.
Czech Republic,CZE,2021,irregular_proxy_detections,11040,0.0010508509036746,PANEL PRIMARY,"Eurostat, Third country nationals found to be illegally present (migr_eipre)",https://ec.europa.eu/eurostat/databrowser/view/migr_eipre/default/table,"Eurostat enforcement statistic - annual flow of detections, NOT a stock. Dataset migr_eipre, dimensions freq=A citizen=TOTAL reason=TOTAL apprehen=TOTAL sex=T age=TOTAL unit=PER. Rounded to nearest 5 by Eurostat.",current,This is the value held in panel_final.csv.
Czech Republic,CZE,2022,irregular_proxy_detections,29130,0.0027295425331691,PANEL PRIMARY,"Eurostat, Third country nationals found to be illegally present (migr_eipre)",https://ec.europa.eu/eurostat/databrowser/view/migr_eipre/default/table,"Eurostat enforcement statistic - annual flow of detections, NOT a stock. Dataset migr_eipre, dimensions freq=A citizen=TOTAL reason=TOTAL apprehen=TOTAL sex=T age=TOTAL unit=PER. Rounded to nearest 5 by Eurostat.",current,This is the value held in panel_final.csv.
Czech Republic,CZE,2017,irregular_stock,150000,0.0141583725347206,PANEL PRIMARY,"Pew Research Center (2019), Europe's Unauthorized Immigrant Population Peaks in 2016, Then Levels Off",https://www.pewresearch.org/global/2019/11/13/europes-unauthorized-immigrant-population-peaks-in-2016-then-levels-off/,"Pew residual method (population/labour-force data minus lawfully resident foreign-born), estimate INCLUDES asylum seekers awaiting a decision; published range 100000-200000, value is the midpoint of the published range. Pew reports only rounded 100k bounds.",current,This is the value held in panel_final.csv.
Germany,DEU,2010,irregular_proxy_detections,50250,0.0006144764788798,PANEL PRIMARY,"Eurostat, Third country nationals found to be illegally present (migr_eipre)",https://ec.europa.eu/eurostat/databrowser/view/migr_eipre/default/table,"Eurostat enforcement statistic - annual flow of detections, NOT a stock. Dataset migr_eipre, dimensions freq=A citizen=TOTAL reason=TOTAL apprehen=TOTAL sex=T age=TOTAL unit=PER. Rounded to nearest 5 by Eurostat.",current,This is the value held in panel_final.csv.
Germany,DEU,2011,irregular_proxy_detections,56345,0.0007018998683562,PANEL PRIMARY,"Eurostat, Third country nationals found to be illegally present (migr_eipre)",https://ec.europa.eu/eurostat/databrowser/view/migr_eipre/default/table,"Eurostat enforcement statistic - annual flow of detections, NOT a stock. Dataset migr_eipre, dimensions freq=A citizen=TOTAL reason=TOTAL apprehen=TOTAL sex=T age=TOTAL unit=PER. Rounded to nearest 5 by Eurostat.",current,This is the value held in panel_final.csv.
Germany,DEU,2012,irregular_proxy_detections,64815,0.0008058978768548,PANEL PRIMARY,"Eurostat, Third country nationals found to be illegally present (migr_eipre)",https://ec.europa.eu/eurostat/databrowser/view/migr_eipre/default/table,"Eurostat enforcement statistic - annual flow of detections, NOT a stock. Dataset migr_eipre, dimensions freq=A citizen=TOTAL reason=TOTAL apprehen=TOTAL sex=T age=TOTAL unit=PER. Rounded to nearest 5 by Eurostat.",current,This is the value held in panel_final.csv.
Germany,DEU,2013,irregular_proxy_detections,86305,0.001070176111891,PANEL PRIMARY,"Eurostat, Third country nationals found to be illegally present (migr_eipre)",https://ec.europa.eu/eurostat/databrowser/view/migr_eipre/default/table,"Eurostat enforcement statistic - annual flow of detections, NOT a stock. Dataset migr_eipre, dimensions freq=A citizen=TOTAL reason=TOTAL apprehen=TOTAL sex=T age=TOTAL unit=PER. Rounded to nearest 5 by Eurostat.",current,This is the value held in panel_final.csv.
Germany,DEU,2014,irregular_proxy_detections,128290,0.0015841694193189,PANEL PRIMARY,"Eurostat, Third country nationals found to be illegally present (migr_eipre)",https://ec.europa.eu/eurostat/databrowser/view/migr_eipre/default/table,"Eurostat enforcement statistic - annual flow of detections, NOT a stock. Dataset migr_eipre, dimensions freq=A citizen=TOTAL reason=TOTAL apprehen=TOTAL sex=T age=TOTAL unit=PER. Rounded to nearest 5 by Eurostat.",current,This is the value held in panel_final.csv.
Germany,DEU,2015,irregular_proxy_detections,376435,0.0046082827453816,PANEL PRIMARY,"Eurostat, Third country nationals found to be illegally present (migr_eipre)",https://ec.europa.eu/eurostat/databrowser/view/migr_eipre/default/table,"Eurostat enforcement statistic - annual flow of detections, NOT a stock. Dataset migr_eipre, dimensions freq=A citizen=TOTAL reason=TOTAL apprehen=TOTAL sex=T age=TOTAL unit=PER. Rounded to nearest 5 by Eurostat.",current,This is the value held in panel_final.csv.
Germany,DEU,2016,irregular_proxy_detections,370555,0.0044998298636739,PANEL PRIMARY,"Eurostat, Third country nationals found to be illegally present (migr_eipre)",https://ec.europa.eu/eurostat/databrowser/view/migr_eipre/default/table,"Eurostat enforcement statistic - annual flow of detections, NOT a stock. Dataset migr_eipre, dimensions freq=A citizen=TOTAL reason=TOTAL apprehen=TOTAL sex=T age=TOTAL unit=PER. Rounded to nearest 5 by Eurostat.",current,This is the value held in panel_final.csv.
Germany,DEU,2017,irregular_proxy_detections,156710,0.0018959071368206,PANEL PRIMARY,"Eurostat, Third country nationals found to be illegally present (migr_eipre)",https://ec.europa.eu/eurostat/databrowser/view/migr_eipre/default/table,"Eurostat enforcement statistic - annual flow of detections, NOT a stock. Dataset migr_eipre, dimensions freq=A citizen=TOTAL reason=TOTAL apprehen=TOTAL sex=T age=TOTAL unit=PER. Rounded to nearest 5 by Eurostat.",current,This is the value held in panel_final.csv.
Germany,DEU,2018,irregular_proxy_detections,134125,0.0016178003121664,PANEL PRIMARY,"Eurostat, Third country nationals found to be illegally present (migr_eipre)",https://ec.europa.eu/eurostat/databrowser/view/migr_eipre/default/table,"Eurostat enforcement statistic - annual flow of detections, NOT a stock. Dataset migr_eipre, dimensions freq=A citizen=TOTAL reason=TOTAL apprehen=TOTAL sex=T age=TOTAL unit=PER. Rounded to nearest 5 by Eurostat.",current,This is the value held in panel_final.csv.
Germany,DEU,2019,irregular_proxy_detections,133525,0.0016069351336879,PANEL PRIMARY,"Eurostat, Third country nationals found to be illegally present (migr_eipre)",https://ec.europa.eu/eurostat/databrowser/view/migr_eipre/default/table,"Eurostat enforcement statistic - annual flow of detections, NOT a stock. Dataset migr_eipre, dimensions freq=A citizen=TOTAL reason=TOTAL apprehen=TOTAL sex=T age=TOTAL unit=PER. Rounded to nearest 5 by Eurostat.",current,This is the value held in panel_final.csv.
Germany,DEU,2020,irregular_proxy_detections,117930,0.0014180948152887,PANEL PRIMARY,"Eurostat, Third country nationals found to be illegally present (migr_eipre)",https://ec.europa.eu/eurostat/databrowser/view/migr_eipre/default/table,"Eurostat enforcement statistic - annual flow of detections, NOT a stock. Dataset migr_eipre, dimensions freq=A citizen=TOTAL reason=TOTAL apprehen=TOTAL sex=T age=TOTAL unit=PER. Rounded to nearest 5 by Eurostat.",current,This is the value held in panel_final.csv.
Germany,DEU,2021,irregular_proxy_detections,120285,0.0014458013273173,PANEL PRIMARY,"Eurostat, Third country nationals found to be illegally present (migr_eipre)",https://ec.europa.eu/eurostat/databrowser/view/migr_eipre/default/table,"Eurostat enforcement statistic - annual flow of detections, NOT a stock. Dataset migr_eipre, dimensions freq=A citizen=TOTAL reason=TOTAL apprehen=TOTAL sex=T age=TOTAL unit=PER. Rounded to nearest 5 by Eurostat.",current,This is the value held in panel_final.csv.
Germany,DEU,2022,irregular_proxy_detections,198310,0.0023841694419159,PANEL PRIMARY,"Eurostat, Third country nationals found to be illegally present (migr_eipre)",https://ec.europa.eu/eurostat/databrowser/view/migr_eipre/default/table,"Eurostat enforcement statistic - annual flow of detections, NOT a stock. Dataset migr_eipre, dimensions freq=A citizen=TOTAL reason=TOTAL apprehen=TOTAL sex=T age=TOTAL unit=PER. Rounded to nearest 5 by Eurostat.",current,This is the value held in panel_final.csv.
Germany,DEU,2014,irregular_stock,550000,0.0067915907757848,PANEL PRIMARY,"Pew Research Center (2019), Europe's Unauthorized Immigrant Population Peaks in 2016, Then Levels Off",https://www.pewresearch.org/global/2019/11/13/europes-unauthorized-immigrant-population-peaks-in-2016-then-levels-off/,"Pew residual method (population/labour-force data minus lawfully resident foreign-born), estimate INCLUDES asylum seekers awaiting a decision; published range 500000-600000, value is the midpoint of the published range. Pew reports only rounded 100k bounds.",current,This is the value held in panel_final.csv.
Germany,DEU,2014,irregular_stock,350000,0.0043219214027722,alternative 1,"Vogel, Dita (2015), Update report Germany: Estimated number of irregular foreign residents in Germany (Database on Irregular Migration), cited in bpb country profile",https://www.bpb.de/themen/migration-integration/regionalprofile/deutschland/256275/irregulaere-migration-in-deutschland/,"Multiplier method based on police crime statistics (Polizeiliche Kriminalstatistik); published range 180000-520000, value is the midpoint. NOTE: this is a second, independent estimate for DEU 2014 alongside the Pew row - do not sum. Author regards 2015-2016 as not estimable.",valid alternative,"A competing published estimate for the same quantity, not used in the panel."
Germany,DEU,2015,irregular_stock,900000,0.0110177174567813,PANEL PRIMARY,"Pew Research Center (2019), Europe's Unauthorized Immigrant Population Peaks in 2016, Then Levels Off",https://www.pewresearch.org/global/2019/11/13/europes-unauthorized-immigrant-population-peaks-in-2016-then-levels-off/,"Pew residual method (population/labour-force data minus lawfully resident foreign-born), estimate INCLUDES asylum seekers awaiting a decision; published range 600000-1200000, value is the midpoint of the published range. Pew reports only rounded 100k bounds.",current,This is the value held in panel_final.csv.
Germany,DEU,2016,irregular_stock,1250000,0.0151793588794981,PANEL PRIMARY,"Pew Research Center (2019), Europe's Unauthorized Immigrant Population Peaks in 2016, Then Levels Off",https://www.pewresearch.org/global/2019/11/13/europes-unauthorized-immigrant-population-peaks-in-2016-then-levels-off/,"Pew residual method (population/labour-force data minus lawfully resident foreign-born), estimate INCLUDES asylum seekers awaiting a decision; published range 1100000-1400000, value is the midpoint of the published range. Pew reports only rounded 100k bounds.",current,This is the value held in panel_final.csv.
Germany,DEU,2017,irregular_stock,1100000,0.0133080074692281,PANEL PRIMARY,"Pew Research Center (2019), Europe's Unauthorized Immigrant Population Peaks in 2016, Then Levels Off",https://www.pewresearch.org/global/2019/11/13/europes-unauthorized-immigrant-population-peaks-in-2016-then-levels-off/,"Pew residual method (population/labour-force data minus lawfully resident foreign-born), estimate INCLUDES asylum seekers awaiting a decision; published range 1000000-1200000, value is the midpoint of the published range. Pew reports only rounded 100k bounds.",current,This is the value held in panel_final.csv.
Denmark,DNK,2010,irregular_proxy_detections,665,0.0001198698627877,PANEL PRIMARY,"Eurostat, Third country nationals found to be illegally present (migr_eipre)",https://ec.europa.eu/eurostat/databrowser/view/migr_eipre/default/table,"Eurostat enforcement statistic - annual flow of detections, NOT a stock. Dataset migr_eipre, dimensions freq=A citizen=TOTAL reason=TOTAL apprehen=TOTAL sex=T age=TOTAL unit=PER. Rounded to nearest 5 by Eurostat.",current,This is the value held in panel_final.csv.
Denmark,DNK,2011,irregular_proxy_detections,400,7.18059114934696e-05,PANEL PRIMARY,"Eurostat, Third country nationals found to be illegally present (migr_eipre)",https://ec.europa.eu/eurostat/databrowser/view/migr_eipre/default/table,"Eurostat enforcement statistic - annual flow of detections, NOT a stock. Dataset migr_eipre, dimensions freq=A citizen=TOTAL reason=TOTAL apprehen=TOTAL sex=T age=TOTAL unit=PER. Rounded to nearest 5 by Eurostat.",current,This is the value held in panel_final.csv.
Denmark,DNK,2012,irregular_proxy_detections,630,0.0001126695676993,PANEL PRIMARY,"Eurostat, Third country nationals found to be illegally present (migr_eipre)",https://ec.europa.eu/eurostat/databrowser/view/migr_eipre/default/table,"Eurostat enforcement statistic - annual flow of detections, NOT a stock. Dataset migr_eipre, dimensions freq=A citizen=TOTAL reason=TOTAL apprehen=TOTAL sex=T age=TOTAL unit=PER. Rounded to nearest 5 by Eurostat.",current,This is the value held in panel_final.csv.
Denmark,DNK,2013,irregular_proxy_detections,395,7.03481360059214e-05,PANEL PRIMARY,"Eurostat, Third country nationals found to be illegally present (migr_eipre)",https://ec.europa.eu/eurostat/databrowser/view/migr_eipre/default/table,"Eurostat enforcement statistic - annual flow of detections, NOT a stock. Dataset migr_eipre, dimensions freq=A citizen=TOTAL reason=TOTAL apprehen=TOTAL sex=T age=TOTAL unit=PER. Rounded to nearest 5 by Eurostat.",current,This is the value held in panel_final.csv.
Denmark,DNK,2014,irregular_proxy_detections,515,9.12558308489007e-05,PANEL PRIMARY,"Eurostat, Third country nationals found to be illegally present (migr_eipre)",https://ec.europa.eu/eurostat/databrowser/view/migr_eipre/default/table,"Eurostat enforcement statistic - annual flow of detections, NOT a stock. Dataset migr_eipre, dimensions freq=A citizen=TOTAL reason=TOTAL apprehen=TOTAL sex=T age=TOTAL unit=PER. Rounded to nearest 5 by Eurostat.",current,This is the value held in panel_final.csv.
Denmark,DNK,2015,irregular_proxy_detections,2165,0.0003809283849357,PANEL PRIMARY,"Eurostat, Third country nationals found to be illegally present (migr_eipre)",https://ec.europa.eu/eurostat/databrowser/view/migr_eipre/default/table,"Eurostat enforcement statistic - annual flow of detections, NOT a stock. Dataset migr_eipre, dimensions freq=A citizen=TOTAL reason=TOTAL apprehen=TOTAL sex=T age=TOTAL unit=PER. Rounded to nearest 5 by Eurostat.",current,This is the value held in panel_final.csv.
Denmark,DNK,2016,irregular_proxy_detections,1390,0.0002426671741145,PANEL PRIMARY,"Eurostat, Third country nationals found to be illegally present (migr_eipre)",https://ec.europa.eu/eurostat/databrowser/view/migr_eipre/default/table,"Eurostat enforcement statistic - annual flow of detections, NOT a stock. Dataset migr_eipre, dimensions freq=A citizen=TOTAL reason=TOTAL apprehen=TOTAL sex=T age=TOTAL unit=PER. Rounded to nearest 5 by Eurostat.",current,This is the value held in panel_final.csv.
Denmark,DNK,2017,irregular_proxy_detections,1105,0.0001916745591485,PANEL PRIMARY,"Eurostat, Third country nationals found to be illegally present (migr_eipre)",https://ec.europa.eu/eurostat/databrowser/view/migr_eipre/default/table,"Eurostat enforcement statistic - annual flow of detections, NOT a stock. Dataset migr_eipre, dimensions freq=A citizen=TOTAL reason=TOTAL apprehen=TOTAL sex=T age=TOTAL unit=PER. Rounded to nearest 5 by Eurostat.",current,This is the value held in panel_final.csv.
Denmark,DNK,2018,irregular_proxy_detections,1135,0.0001959046098167,PANEL PRIMARY,"Eurostat, Third country nationals found to be illegally present (migr_eipre)",https://ec.europa.eu/eurostat/databrowser/view/migr_eipre/default/table,"Eurostat enforcement statistic - annual flow of detections, NOT a stock. Dataset migr_eipre, dimensions freq=A citizen=TOTAL reason=TOTAL apprehen=TOTAL sex=T age=TOTAL unit=PER. Rounded to nearest 5 by Eurostat.",current,This is the value held in panel_final.csv.
Denmark,DNK,2019,irregular_proxy_detections,1195,0.0002055234380992,PANEL PRIMARY,"Eurostat, Third country nationals found to be illegally present (migr_eipre)",https://ec.europa.eu/eurostat/databrowser/view/migr_eipre/default/table,"Eurostat enforcement statistic - annual flow of detections, NOT a stock. Dataset migr_eipre, dimensions freq=A citizen=TOTAL reason=TOTAL apprehen=TOTAL sex=T age=TOTAL unit=PER. Rounded to nearest 5 by Eurostat.",current,This is the value held in panel_final.csv.
Denmark,DNK,2020,irregular_proxy_detections,490,8.40277915918705e-05,PANEL PRIMARY,"Eurostat, Third country nationals found to be illegally present (migr_eipre)",https://ec.europa.eu/eurostat/databrowser/view/migr_eipre/default/table,"Eurostat enforcement statistic - annual flow of detections, NOT a stock. Dataset migr_eipre, dimensions freq=A citizen=TOTAL reason=TOTAL apprehen=TOTAL sex=T age=TOTAL unit=PER. Rounded to nearest 5 by Eurostat.",current,This is the value held in panel_final.csv.
Denmark,DNK,2021,irregular_proxy_detections,425,7.25660534635948e-05,PANEL PRIMARY,"Eurostat, Third country nationals found to be illegally present (migr_eipre)",https://ec.europa.eu/eurostat/databrowser/view/migr_eipre/default/table,"Eurostat enforcement statistic - annual flow of detections, NOT a stock. Dataset migr_eipre, dimensions freq=A citizen=TOTAL reason=TOTAL apprehen=TOTAL sex=T age=TOTAL unit=PER. Rounded to nearest 5 by Eurostat.",current,This is the value held in panel_final.csv.
Denmark,DNK,2022,irregular_proxy_detections,510,8.63962058852079e-05,PANEL PRIMARY,"Eurostat, Third country nationals found to be illegally present (migr_eipre)",https://ec.europa.eu/eurostat/databrowser/view/migr_eipre/default/table,"Eurostat enforcement statistic - annual flow of detections, NOT a stock. Dataset migr_eipre, dimensions freq=A citizen=TOTAL reason=TOTAL apprehen=TOTAL sex=T age=TOTAL unit=PER. Rounded to nearest 5 by Eurostat.",current,This is the value held in panel_final.csv.
Spain,ESP,2010,irregular_proxy_detections,70315,0.0015096540243975,PANEL PRIMARY,"Eurostat, Third country nationals found to be illegally present (migr_eipre)",https://ec.europa.eu/eurostat/databrowser/view/migr_eipre/default/table,"Eurostat enforcement statistic - annual flow of detections, NOT a stock. Dataset migr_eipre, dimensions freq=A citizen=TOTAL reason=TOTAL apprehen=TOTAL sex=T age=TOTAL unit=PER. Rounded to nearest 5 by Eurostat.",current,This is the value held in panel_final.csv.
Spain,ESP,2011,irregular_proxy_detections,68825,0.0014724225262397,PANEL PRIMARY,"Eurostat, Third country nationals found to be illegally present (migr_eipre)",https://ec.europa.eu/eurostat/databrowser/view/migr_eipre/default/table,"Eurostat enforcement statistic - annual flow of detections, NOT a stock. Dataset migr_eipre, dimensions freq=A citizen=TOTAL reason=TOTAL apprehen=TOTAL sex=T age=TOTAL unit=PER. Rounded to nearest 5 by Eurostat.",current,This is the value held in panel_final.csv.
Spain,ESP,2012,irregular_proxy_detections,52485,0.0011221204174069,PANEL PRIMARY,"Eurostat, Third country nationals found to be illegally present (migr_eipre)",https://ec.europa.eu/eurostat/databrowser/view/migr_eipre/default/table,"Eurostat enforcement statistic - annual flow of detections, NOT a stock. Dataset migr_eipre, dimensions freq=A citizen=TOTAL reason=TOTAL apprehen=TOTAL sex=T age=TOTAL unit=PER. Rounded to nearest 5 by Eurostat.",current,This is the value held in panel_final.csv.
Spain,ESP,2013,irregular_proxy_detections,46195,0.0009912197392865,PANEL PRIMARY,"Eurostat, Third country nationals found to be illegally present (migr_eipre)",https://ec.europa.eu/eurostat/databrowser/view/migr_eipre/default/table,"Eurostat enforcement statistic - annual flow of detections, NOT a stock. Dataset migr_eipre, dimensions freq=A citizen=TOTAL reason=TOTAL apprehen=TOTAL sex=T age=TOTAL unit=PER. Rounded to nearest 5 by Eurostat.",current,This is the value held in panel_final.csv.
Spain,ESP,2014,irregular_proxy_detections,47885,0.0010306552847541,PANEL PRIMARY,"Eurostat, Third country nationals found to be illegally present (migr_eipre)",https://ec.europa.eu/eurostat/databrowser/view/migr_eipre/default/table,"Eurostat enforcement statistic - annual flow of detections, NOT a stock. Dataset migr_eipre, dimensions freq=A citizen=TOTAL reason=TOTAL apprehen=TOTAL sex=T age=TOTAL unit=PER. Rounded to nearest 5 by Eurostat.",current,This is the value held in panel_final.csv.
Spain,ESP,2015,irregular_proxy_detections,42605,0.0009177700641004,PANEL PRIMARY,"Eurostat, Third country nationals found to be illegally present (migr_eipre)",https://ec.europa.eu/eurostat/databrowser/view/migr_eipre/default/table,"Eurostat enforcement statistic - annual flow of detections, NOT a stock. Dataset migr_eipre, dimensions freq=A citizen=TOTAL reason=TOTAL apprehen=TOTAL sex=T age=TOTAL unit=PER. Rounded to nearest 5 by Eurostat.",current,This is the value held in panel_final.csv.
Spain,ESP,2016,irregular_proxy_detections,37295,0.000802765689775,PANEL PRIMARY,"Eurostat, Third country nationals found to be illegally present (migr_eipre)",https://ec.europa.eu/eurostat/databrowser/view/migr_eipre/default/table,"Eurostat enforcement statistic - annual flow of detections, NOT a stock. Dataset migr_eipre, dimensions freq=A citizen=TOTAL reason=TOTAL apprehen=TOTAL sex=T age=TOTAL unit=PER. Rounded to nearest 5 by Eurostat.",current,This is the value held in panel_final.csv.
Spain,ESP,2017,irregular_proxy_detections,44625,0.0009582095659397,PANEL PRIMARY,"Eurostat, Third country nationals found to be illegally present (migr_eipre)",https://ec.europa.eu/eurostat/databrowser/view/migr_eipre/default/table,"Eurostat enforcement statistic - annual flow of detections, NOT a stock. Dataset migr_eipre, dimensions freq=A citizen=TOTAL reason=TOTAL apprehen=TOTAL sex=T age=TOTAL unit=PER. Rounded to nearest 5 by Eurostat.",current,This is the value held in panel_final.csv.
Spain,ESP,2018,irregular_proxy_detections,78280,0.0016732927534902,PANEL PRIMARY,"Eurostat, Third country nationals found to be illegally present (migr_eipre)",https://ec.europa.eu/eurostat/databrowser/view/migr_eipre/default/table,"Eurostat enforcement statistic - annual flow of detections, NOT a stock. Dataset migr_eipre, dimensions freq=A citizen=TOTAL reason=TOTAL apprehen=TOTAL sex=T age=TOTAL unit=PER. Rounded to nearest 5 by Eurostat.",current,This is the value held in panel_final.csv.
Spain,ESP,2019,irregular_proxy_detections,62865,0.0013341893028388,PANEL PRIMARY,"Eurostat, Third country nationals found to be illegally present (migr_eipre)",https://ec.europa.eu/eurostat/databrowser/view/migr_eipre/default/table,"Eurostat enforcement statistic - annual flow of detections, NOT a stock. Dataset migr_eipre, dimensions freq=A citizen=TOTAL reason=TOTAL apprehen=TOTAL sex=T age=TOTAL unit=PER. Rounded to nearest 5 by Eurostat.",current,This is the value held in panel_final.csv.
Spain,ESP,2020,irregular_proxy_detections,72265,0.0015258842675113,PANEL PRIMARY,"Eurostat, Third country nationals found to be illegally present (migr_eipre)",https://ec.europa.eu/eurostat/databrowser/view/migr_eipre/default/table,"Eurostat enforcement statistic - annual flow of detections, NOT a stock. Dataset migr_eipre, dimensions freq=A citizen=TOTAL reason=TOTAL apprehen=TOTAL sex=T age=TOTAL unit=PER. Rounded to nearest 5 by Eurostat.",current,This is the value held in panel_final.csv.
Spain,ESP,2021,irregular_proxy_detections,30615,0.0006452895098815,PANEL PRIMARY,"Eurostat, Third country nationals found to be illegally present (migr_eipre)",https://ec.europa.eu/eurostat/databrowser/view/migr_eipre/default/table,"Eurostat enforcement statistic - annual flow of detections, NOT a stock. Dataset migr_eipre, dimensions freq=A citizen=TOTAL reason=TOTAL apprehen=TOTAL sex=T age=TOTAL unit=PER. Rounded to nearest 5 by Eurostat.",current,This is the value held in panel_final.csv.
Spain,ESP,2022,irregular_proxy_detections,68100,0.0014251005449241,PANEL PRIMARY,"Eurostat, Third country nationals found to be illegally present (migr_eipre)",https://ec.europa.eu/eurostat/databrowser/view/migr_eipre/default/table,"Eurostat enforcement statistic - annual flow of detections, NOT a stock. Dataset migr_eipre, dimensions freq=A citizen=TOTAL reason=TOTAL apprehen=TOTAL sex=T age=TOTAL unit=PER. Rounded to nearest 5 by Eurostat.",current,This is the value held in panel_final.csv.
Spain,ESP,2017,irregular_stock,127066,0.0027284225592314,PANEL PRIMARY,"Funcas (2024), Estimacion de la poblacion en situacion irregular en Espana, Cuadro 1, Estimacion 2",https://www.funcas.es/wp-content/uploads/2024/05/2405-NCS.pdf,"Modelled resident stock: padron-residual estimate, non-EU/non-EFTA/non-UK nationals. Reference date 1 January 2017. Estimacion 2 counts only nationality groups with positive padron-minus-permits differences; Funcas presents it as the more precise variant. Estimacion 1 for 2017 is negative (-41,391) and is therefore not recorded as a stock. Printed value in Cuadro 1.",current,This is the value held in panel_final.csv.
Spain,ESP,2017,irregular_stock,150000,0.0032208724905538,alternative 1,"Pew Research Center (2019), Europe's Unauthorized Immigrant Population Peaks in 2016, Then Levels Off",https://www.pewresearch.org/global/2019/11/13/europes-unauthorized-immigrant-population-peaks-in-2016-then-levels-off/,"Pew residual method (population/labour-force data minus lawfully resident foreign-born), estimate INCLUDES asylum seekers awaiting a decision; published range 100000-200000, value is the midpoint of the published range. Pew reports only rounded 100k bounds.",valid alternative,"A competing published estimate for the same quantity, not used in the panel."
Spain,ESP,2018,irregular_stock,183384,0.0039199682972157,PANEL PRIMARY,"Funcas (2024), Estimacion de la poblacion en situacion irregular en Espana, Cuadro 1, Estimacion 2",https://www.funcas.es/wp-content/uploads/2024/05/2405-NCS.pdf,"Modelled resident stock: padron-residual estimate, non-EU/non-EFTA/non-UK nationals. Reference date 1 January 2018. Estimacion 2 counts only nationality groups with positive differences. Printed value in Cuadro 1.",current,This is the value held in panel_final.csv.
Spain,ESP,2018,irregular_stock,22948,0.0004905304305964,alternative 1,"Funcas (2024), Estimacion de la poblacion en situacion irregular en Espana, Cuadro 1, Estimacion 1",https://www.funcas.es/wp-content/uploads/2024/05/2405-NCS.pdf,"Modelled resident stock: padron-residual estimate (official population figures minus regular residence permits/assimilable status), non-EU/non-EFTA/non-UK nationals. Reference date 1 January 2018 ('Cifras a 1 de enero de cada ano'). Estimacion 1 sums all continent differences including negative ones. Printed value in Cuadro 1, not read from a chart.",valid alternative,"A competing published estimate for the same quantity, not used in the panel."
Spain,ESP,2019,irregular_stock,259140,0.0054997505120122,PANEL PRIMARY,"Funcas (2024), Estimacion de la poblacion en situacion irregular en Espana, Cuadro 1, Estimacion 2",https://www.funcas.es/wp-content/uploads/2024/05/2405-NCS.pdf,"Modelled resident stock: padron-residual estimate, non-EU/non-EFTA/non-UK nationals. Reference date 1 January 2019. Estimacion 2 counts only nationality groups with positive differences. Printed value in Cuadro 1.",current,This is the value held in panel_final.csv.
Spain,ESP,2019,irregular_stock,430000,0.0091259269899099,alternative 1,"Fundacion porCausa (2020), Una fotografia de la inmigracion irregular en Espana",https://porcausa.org/wp-content/uploads/2020/07/RetratodelairregularidadporCausa.pdf,"Residual method: municipal register (Padron Municipal, which records foreigners irrespective of status) minus valid residence authorisations, cross-checked against Labour Force Survey (EPA) versus Social Security affiliation; published range 390000-470000 at end-2019, value is the midpoint.",valid alternative,"A competing published estimate for the same quantity, not used in the panel."
Spain,ESP,2019,irregular_stock,151221,0.0032093762914911,alternative 2,"Funcas (2024), Estimacion de la poblacion en situacion irregular en Espana, Cuadro 1, Estimacion 1",https://www.funcas.es/wp-content/uploads/2024/05/2405-NCS.pdf,"Modelled resident stock: padron-residual estimate, non-EU/non-EFTA/non-UK nationals. Reference date 1 January 2019. Estimacion 1 (all differences, including negative). Printed value in Cuadro 1.",valid alternative,"A competing published estimate for the same quantity, not used in the panel."
Spain,ESP,2020,irregular_stock,370052,0.0078136930043743,PANEL PRIMARY,"Funcas (2024), Estimacion de la poblacion en situacion irregular en Espana, Cuadro 1, Estimacion 2",https://www.funcas.es/wp-content/uploads/2024/05/2405-NCS.pdf,"Modelled resident stock: padron-residual estimate, non-EU/non-EFTA/non-UK nationals. Reference date 1 January 2020. Estimacion 2 counts only nationality groups with positive differences. Printed value in Cuadro 1.",current,This is the value held in panel_final.csv.
Spain,ESP,2020,irregular_stock,307768,0.0064985587662552,alternative 1,"Funcas (2024), Estimacion de la poblacion en situacion irregular en Espana, Cuadro 1, Estimacion 1",https://www.funcas.es/wp-content/uploads/2024/05/2405-NCS.pdf,"Modelled resident stock: padron-residual estimate, non-EU/non-EFTA/non-UK nationals. Reference date 1 January 2020. Estimacion 1 (all differences, including negative). Printed value in Cuadro 1.",valid alternative,"A competing published estimate for the same quantity, not used in the panel."
Spain,ESP,2021,irregular_stock,517149,0.0109002392534952,PANEL PRIMARY,"Funcas (2024), Estimacion de la poblacion en situacion irregular en Espana, Cuadro 1, Estimacion 2",https://www.funcas.es/wp-content/uploads/2024/05/2405-NCS.pdf,"Modelled resident stock: padron-residual estimate, non-EU/non-EFTA/non-UK nationals. Reference date 1 January 2021. Estimacion 2 counts only nationality groups with positive differences; Funcas presents it as the more precise variant. Estimacion 1 for the same date is 446,557. Printed value in Cuadro 1.",current,This is the value held in panel_final.csv.
Spain,ESP,2021,irregular_stock,446557,0.0094123321138067,alternative 1,"Funcas (2024), Estimacion de la poblacion en situacion irregular en Espana, Cuadro 1, Estimacion 1",https://www.funcas.es/wp-content/uploads/2024/05/2405-NCS.pdf,"Modelled resident stock: padron-residual estimate, non-EU/non-EFTA/non-UK nationals. Reference date 1 January 2021. Estimacion 1 (all differences, including negative); Estimacion 2 for the same date is 517,149. Both are printed values in Cuadro 1, resolving the earlier chart-reading ambiguity: the '480.000 a finales de 2021' quoted in the body text corresponds to Estimacion 2 at 1 January 2022 (482,139), NOT to the 2021 column.",valid alternative,"A competing published estimate for the same quantity, not used in the panel."
Spain,ESP,2022,irregular_stock,482139,0.0100895235187838,PANEL PRIMARY,"Funcas (2024), Estimacion de la poblacion en situacion irregular en Espana, Cuadro 1, Estimacion 2",https://www.funcas.es/wp-content/uploads/2024/05/2405-NCS.pdf,"Modelled resident stock: padron-residual estimate, non-EU/non-EFTA/non-UK nationals. Reference date 1 January 2022. Estimacion 2 counts only nationality groups with positive differences. This is the value the Funcas text describes as 'unas 480.000 personas a finales de 2021'. Printed value in Cuadro 1.",current,This is the value held in panel_final.csv.
Spain,ESP,2022,irregular_stock,395591,0.0082783693049498,alternative 1,"Funcas (2024), Estimacion de la poblacion en situacion irregular en Espana, Cuadro 1, Estimacion 1",https://www.funcas.es/wp-content/uploads/2024/05/2405-NCS.pdf,"Modelled resident stock: padron-residual estimate, non-EU/non-EFTA/non-UK nationals. Reference date 1 January 2022. Estimacion 1 (all differences, including negative). Printed value in Cuadro 1.",valid alternative,"A competing published estimate for the same quantity, not used in the panel."
Finland,FIN,2010,irregular_proxy_detections,3755,0.0007001218640879,PANEL PRIMARY,"Eurostat, Third country nationals found to be illegally present (migr_eipre)",https://ec.europa.eu/eurostat/databrowser/view/migr_eipre/default/table,"Eurostat enforcement statistic - annual flow of detections, NOT a stock. Dataset migr_eipre, dimensions freq=A citizen=TOTAL reason=TOTAL apprehen=TOTAL sex=T age=TOTAL unit=PER. Rounded to nearest 5 by Eurostat.",current,This is the value held in panel_final.csv.
Finland,FIN,2011,irregular_proxy_detections,3305,0.0006133691840352,PANEL PRIMARY,"Eurostat, Third country nationals found to be illegally present (migr_eipre)",https://ec.europa.eu/eurostat/databrowser/view/migr_eipre/default/table,"Eurostat enforcement statistic - annual flow of detections, NOT a stock. Dataset migr_eipre, dimensions freq=A citizen=TOTAL reason=TOTAL apprehen=TOTAL sex=T age=TOTAL unit=PER. Rounded to nearest 5 by Eurostat.",current,This is the value held in panel_final.csv.
Finland,FIN,2012,irregular_proxy_detections,3620,0.0006686404489421,PANEL PRIMARY,"Eurostat, Third country nationals found to be illegally present (migr_eipre)",https://ec.europa.eu/eurostat/databrowser/view/migr_eipre/default/table,"Eurostat enforcement statistic - annual flow of detections, NOT a stock. Dataset migr_eipre, dimensions freq=A citizen=TOTAL reason=TOTAL apprehen=TOTAL sex=T age=TOTAL unit=PER. Rounded to nearest 5 by Eurostat.",current,This is the value held in panel_final.csv.
Finland,FIN,2013,irregular_proxy_detections,3365,0.0006186830893779,PANEL PRIMARY,"Eurostat, Third country nationals found to be illegally present (migr_eipre)",https://ec.europa.eu/eurostat/databrowser/view/migr_eipre/default/table,"Eurostat enforcement statistic - annual flow of detections, NOT a stock. Dataset migr_eipre, dimensions freq=A citizen=TOTAL reason=TOTAL apprehen=TOTAL sex=T age=TOTAL unit=PER. Rounded to nearest 5 by Eurostat.",current,This is the value held in panel_final.csv.
Finland,FIN,2014,irregular_proxy_detections,2930,0.0005364814725299,PANEL PRIMARY,"Eurostat, Third country nationals found to be illegally present (migr_eipre)",https://ec.europa.eu/eurostat/databrowser/view/migr_eipre/default/table,"Eurostat enforcement statistic - annual flow of detections, NOT a stock. Dataset migr_eipre, dimensions freq=A citizen=TOTAL reason=TOTAL apprehen=TOTAL sex=T age=TOTAL unit=PER. Rounded to nearest 5 by Eurostat.",current,This is the value held in panel_final.csv.
Finland,FIN,2015,irregular_proxy_detections,14285,0.0026069749400085,PANEL PRIMARY,"Eurostat, Third country nationals found to be illegally present (migr_eipre)",https://ec.europa.eu/eurostat/databrowser/view/migr_eipre/default/table,"Eurostat enforcement statistic - annual flow of detections, NOT a stock. Dataset migr_eipre, dimensions freq=A citizen=TOTAL reason=TOTAL apprehen=TOTAL sex=T age=TOTAL unit=PER. Rounded to nearest 5 by Eurostat.",current,This is the value held in panel_final.csv.
Finland,FIN,2016,irregular_proxy_detections,2130,0.0003876037408674,PANEL PRIMARY,"Eurostat, Third country nationals found to be illegally present (migr_eipre)",https://ec.europa.eu/eurostat/databrowser/view/migr_eipre/default/table,"Eurostat enforcement statistic - annual flow of detections, NOT a stock. Dataset migr_eipre, dimensions freq=A citizen=TOTAL reason=TOTAL apprehen=TOTAL sex=T age=TOTAL unit=PER. Rounded to nearest 5 by Eurostat.",current,This is the value held in panel_final.csv.
Finland,FIN,2017,irregular_proxy_detections,930,0.0001688387560831,PANEL PRIMARY,"Eurostat, Third country nationals found to be illegally present (migr_eipre)",https://ec.europa.eu/eurostat/databrowser/view/migr_eipre/default/table,"Eurostat enforcement statistic - annual flow of detections, NOT a stock. Dataset migr_eipre, dimensions freq=A citizen=TOTAL reason=TOTAL apprehen=TOTAL sex=T age=TOTAL unit=PER. Rounded to nearest 5 by Eurostat.",current,This is the value held in panel_final.csv.
Finland,FIN,2018,irregular_proxy_detections,1305,0.000236604856292,PANEL PRIMARY,"Eurostat, Third country nationals found to be illegally present (migr_eipre)",https://ec.europa.eu/eurostat/databrowser/view/migr_eipre/default/table,"Eurostat enforcement statistic - annual flow of detections, NOT a stock. Dataset migr_eipre, dimensions freq=A citizen=TOTAL reason=TOTAL apprehen=TOTAL sex=T age=TOTAL unit=PER. Rounded to nearest 5 by Eurostat.",current,This is the value held in panel_final.csv.
Finland,FIN,2019,irregular_proxy_detections,1220,0.0002209502090514,PANEL PRIMARY,"Eurostat, Third country nationals found to be illegally present (migr_eipre)",https://ec.europa.eu/eurostat/databrowser/view/migr_eipre/default/table,"Eurostat enforcement statistic - annual flow of detections, NOT a stock. Dataset migr_eipre, dimensions freq=A citizen=TOTAL reason=TOTAL apprehen=TOTAL sex=T age=TOTAL unit=PER. Rounded to nearest 5 by Eurostat.",current,This is the value held in panel_final.csv.
Finland,FIN,2020,irregular_proxy_detections,1145,0.0002070695534875,PANEL PRIMARY,"Eurostat, Third country nationals found to be illegally present (migr_eipre)",https://ec.europa.eu/eurostat/databrowser/view/migr_eipre/default/table,"Eurostat enforcement statistic - annual flow of detections, NOT a stock. Dataset migr_eipre, dimensions freq=A citizen=TOTAL reason=TOTAL apprehen=TOTAL sex=T age=TOTAL unit=PER. Rounded to nearest 5 by Eurostat.",current,This is the value held in panel_final.csv.
Finland,FIN,2021,irregular_proxy_detections,1090,0.0001967147908046,PANEL PRIMARY,"Eurostat, Third country nationals found to be illegally present (migr_eipre)",https://ec.europa.eu/eurostat/databrowser/view/migr_eipre/default/table,"Eurostat enforcement statistic - annual flow of detections, NOT a stock. Dataset migr_eipre, dimensions freq=A citizen=TOTAL reason=TOTAL apprehen=TOTAL sex=T age=TOTAL unit=PER. Rounded to nearest 5 by Eurostat.",current,This is the value held in panel_final.csv.
Finland,FIN,2022,irregular_proxy_detections,1190,0.0002141787791665,PANEL PRIMARY,"Eurostat, Third country nationals found to be illegally present (migr_eipre)",https://ec.europa.eu/eurostat/databrowser/view/migr_eipre/default/table,"Eurostat enforcement statistic - annual flow of detections, NOT a stock. Dataset migr_eipre, dimensions freq=A citizen=TOTAL reason=TOTAL apprehen=TOTAL sex=T age=TOTAL unit=PER. Rounded to nearest 5 by Eurostat.",current,This is the value held in panel_final.csv.
France,FRA,2010,irregular_proxy_detections,56220,0.0008645744406051,PANEL PRIMARY,"Eurostat, Third country nationals found to be illegally present (migr_eipre)",https://ec.europa.eu/eurostat/databrowser/view/migr_eipre/default/table,"Eurostat enforcement statistic - annual flow of detections, NOT a stock. Dataset migr_eipre, dimensions freq=A citizen=TOTAL reason=TOTAL apprehen=TOTAL sex=T age=TOTAL unit=PER. Rounded to nearest 5 by Eurostat.",current,This is the value held in panel_final.csv.
France,FRA,2011,irregular_proxy_detections,57975,0.0008872706392006,PANEL PRIMARY,"Eurostat, Third country nationals found to be illegally present (migr_eipre)",https://ec.europa.eu/eurostat/databrowser/view/migr_eipre/default/table,"Eurostat enforcement statistic - annual flow of detections, NOT a stock. Dataset migr_eipre, dimensions freq=A citizen=TOTAL reason=TOTAL apprehen=TOTAL sex=T age=TOTAL unit=PER. Rounded to nearest 5 by Eurostat.",current,This is the value held in panel_final.csv.
France,FRA,2012,irregular_proxy_detections,49760,0.0007578704565144,PANEL PRIMARY,"Eurostat, Third country nationals found to be illegally present (migr_eipre)",https://ec.europa.eu/eurostat/databrowser/view/migr_eipre/default/table,"Eurostat enforcement statistic - annual flow of detections, NOT a stock. Dataset migr_eipre, dimensions freq=A citizen=TOTAL reason=TOTAL apprehen=TOTAL sex=T age=TOTAL unit=PER. Rounded to nearest 5 by Eurostat.",current,This is the value held in panel_final.csv.
France,FRA,2013,irregular_proxy_detections,48965,0.0007419171861324,PANEL PRIMARY,"Eurostat, Third country nationals found to be illegally present (migr_eipre)",https://ec.europa.eu/eurostat/databrowser/view/migr_eipre/default/table,"Eurostat enforcement statistic - annual flow of detections, NOT a stock. Dataset migr_eipre, dimensions freq=A citizen=TOTAL reason=TOTAL apprehen=TOTAL sex=T age=TOTAL unit=PER. Rounded to nearest 5 by Eurostat.",current,This is the value held in panel_final.csv.
France,FRA,2014,irregular_proxy_detections,96375,0.0014533553900529,PANEL PRIMARY,"Eurostat, Third country nationals found to be illegally present (migr_eipre)",https://ec.europa.eu/eurostat/databrowser/view/migr_eipre/default/table,"Eurostat enforcement statistic - annual flow of detections, NOT a stock. Dataset migr_eipre, dimensions freq=A citizen=TOTAL reason=TOTAL apprehen=TOTAL sex=T age=TOTAL unit=PER. Rounded to nearest 5 by Eurostat.",current,This is the value held in panel_final.csv.
France,FRA,2015,irregular_proxy_detections,109720,0.0016487280090458,PANEL PRIMARY,"Eurostat, Third country nationals found to be illegally present (migr_eipre)",https://ec.europa.eu/eurostat/databrowser/view/migr_eipre/default/table,"Eurostat enforcement statistic - annual flow of detections, NOT a stock. Dataset migr_eipre, dimensions freq=A citizen=TOTAL reason=TOTAL apprehen=TOTAL sex=T age=TOTAL unit=PER. Rounded to nearest 5 by Eurostat.",current,This is the value held in panel_final.csv.
France,FRA,2016,irregular_proxy_detections,91985,0.0013785872643565,PANEL PRIMARY,"Eurostat, Third country nationals found to be illegally present (migr_eipre)",https://ec.europa.eu/eurostat/databrowser/view/migr_eipre/default/table,"Eurostat enforcement statistic - annual flow of detections, NOT a stock. Dataset migr_eipre, dimensions freq=A citizen=TOTAL reason=TOTAL apprehen=TOTAL sex=T age=TOTAL unit=PER. Rounded to nearest 5 by Eurostat.",current,This is the value held in panel_final.csv.
France,FRA,2017,irregular_proxy_detections,115085,0.0017197908724735,PANEL PRIMARY,"Eurostat, Third country nationals found to be illegally present (migr_eipre)",https://ec.europa.eu/eurostat/databrowser/view/migr_eipre/default/table,"Eurostat enforcement statistic - annual flow of detections, NOT a stock. Dataset migr_eipre, dimensions freq=A citizen=TOTAL reason=TOTAL apprehen=TOTAL sex=T age=TOTAL unit=PER. Rounded to nearest 5 by Eurostat.",current,This is the value held in panel_final.csv.
France,FRA,2018,irregular_proxy_detections,105880,0.0015765724314719,PANEL PRIMARY,"Eurostat, Third country nationals found to be illegally present (migr_eipre)",https://ec.europa.eu/eurostat/databrowser/view/migr_eipre/default/table,"Eurostat enforcement statistic - annual flow of detections, NOT a stock. Dataset migr_eipre, dimensions freq=A citizen=TOTAL reason=TOTAL apprehen=TOTAL sex=T age=TOTAL unit=PER. Rounded to nearest 5 by Eurostat.",current,This is the value held in panel_final.csv.
France,FRA,2019,irregular_proxy_detections,120455,0.0017876419660122,PANEL PRIMARY,"Eurostat, Third country nationals found to be illegally present (migr_eipre)",https://ec.europa.eu/eurostat/databrowser/view/migr_eipre/default/table,"Eurostat enforcement statistic - annual flow of detections, NOT a stock. Dataset migr_eipre, dimensions freq=A citizen=TOTAL reason=TOTAL apprehen=TOTAL sex=T age=TOTAL unit=PER. Rounded to nearest 5 by Eurostat.",current,This is the value held in panel_final.csv.
France,FRA,2020,irregular_proxy_detections,103915,0.0015371789013523,PANEL PRIMARY,"Eurostat, Third country nationals found to be illegally present (migr_eipre)",https://ec.europa.eu/eurostat/databrowser/view/migr_eipre/default/table,"Eurostat enforcement statistic - annual flow of detections, NOT a stock. Dataset migr_eipre, dimensions freq=A citizen=TOTAL reason=TOTAL apprehen=TOTAL sex=T age=TOTAL unit=PER. Rounded to nearest 5 by Eurostat.",current,This is the value held in panel_final.csv.
France,FRA,2021,irregular_proxy_detections,117265,0.0017284808555471,PANEL PRIMARY,"Eurostat, Third country nationals found to be illegally present (migr_eipre)",https://ec.europa.eu/eurostat/databrowser/view/migr_eipre/default/table,"Eurostat enforcement statistic - annual flow of detections, NOT a stock. Dataset migr_eipre, dimensions freq=A citizen=TOTAL reason=TOTAL apprehen=TOTAL sex=T age=TOTAL unit=PER. Rounded to nearest 5 by Eurostat.",current,This is the value held in panel_final.csv.
France,FRA,2022,irregular_proxy_detections,115135,0.0016885813140669,PANEL PRIMARY,"Eurostat, Third country nationals found to be illegally present (migr_eipre)",https://ec.europa.eu/eurostat/databrowser/view/migr_eipre/default/table,"Eurostat enforcement statistic - annual flow of detections, NOT a stock. Dataset migr_eipre, dimensions freq=A citizen=TOTAL reason=TOTAL apprehen=TOTAL sex=T age=TOTAL unit=PER. Rounded to nearest 5 by Eurostat.",current,This is the value held in panel_final.csv.
France,FRA,2014,irregular_stock,250000,0.0037700528924848,PANEL PRIMARY,"Pew Research Center (2019), Europe's Unauthorized Immigrant Population Peaks in 2016, Then Levels Off",https://www.pewresearch.org/global/2019/11/13/europes-unauthorized-immigrant-population-peaks-in-2016-then-levels-off/,"Pew residual method (population/labour-force data minus lawfully resident foreign-born), estimate INCLUDES asylum seekers awaiting a decision; published range 200000-300000, value is the midpoint of the published range. Pew reports only rounded 100k bounds.",current,This is the value held in panel_final.csv.
France,FRA,2015,irregular_stock,250000,0.0037566715481357,PANEL PRIMARY,"Pew Research Center (2019), Europe's Unauthorized Immigrant Population Peaks in 2016, Then Levels Off",https://www.pewresearch.org/global/2019/11/13/europes-unauthorized-immigrant-population-peaks-in-2016-then-levels-off/,"Pew residual method (population/labour-force data minus lawfully resident foreign-born), estimate INCLUDES asylum seekers awaiting a decision; published range 200000-300000, value is the midpoint of the published range. Pew reports only rounded 100k bounds.",current,This is the value held in panel_final.csv.
France,FRA,2016,irregular_stock,350000,0.0052454807036449,PANEL PRIMARY,"Pew Research Center (2019), Europe's Unauthorized Immigrant Population Peaks in 2016, Then Levels Off",https://www.pewresearch.org/global/2019/11/13/europes-unauthorized-immigrant-population-peaks-in-2016-then-levels-off/,"Pew residual method (population/labour-force data minus lawfully resident foreign-born), estimate INCLUDES asylum seekers awaiting a decision; published range 300000-400000, value is the midpoint of the published range. Pew reports only rounded 100k bounds.",current,This is the value held in panel_final.csv.
France,FRA,2017,irregular_stock,350000,0.0052302802742818,PANEL PRIMARY,"Pew Research Center (2019), Europe's Unauthorized Immigrant Population Peaks in 2016, Then Levels Off",https://www.pewresearch.org/global/2019/11/13/europes-unauthorized-immigrant-population-peaks-in-2016-then-levels-off/,"Pew residual method (population/labour-force data minus lawfully resident foreign-born), estimate INCLUDES asylum seekers awaiting a decision; published range 300000-400000, value is the midpoint of the published range. Pew reports only rounded 100k bounds.",current,This is the value held in panel_final.csv.
United Kingdom,GBR,2010,irregular_proxy_detections,53700,0.0008555537667347,PANEL PRIMARY,"Eurostat, Third country nationals found to be illegally present (migr_eipre)",https://ec.europa.eu/eurostat/databrowser/view/migr_eipre/default/table,"Eurostat enforcement statistic - annual flow of detections, NOT a stock. Dataset migr_eipre, dimensions freq=A citizen=TOTAL reason=TOTAL apprehen=TOTAL sex=T age=TOTAL unit=PER. Rounded to nearest 5 by Eurostat. Eurostat geo code UK. Series ends in 2019; the UK stopped reporting after leaving the EU.",current,This is the value held in panel_final.csv.
United Kingdom,GBR,2011,irregular_proxy_detections,54150,0.0008560072502154,PANEL PRIMARY,"Eurostat, Third country nationals found to be illegally present (migr_eipre)",https://ec.europa.eu/eurostat/databrowser/view/migr_eipre/default/table,"Eurostat enforcement statistic - annual flow of detections, NOT a stock. Dataset migr_eipre, dimensions freq=A citizen=TOTAL reason=TOTAL apprehen=TOTAL sex=T age=TOTAL unit=PER. Rounded to nearest 5 by Eurostat. Eurostat geo code UK. Series ends in 2019; the UK stopped reporting after leaving the EU.",current,This is the value held in panel_final.csv.
United Kingdom,GBR,2012,irregular_proxy_detections,49365,0.0007748269529594,PANEL PRIMARY,"Eurostat, Third country nationals found to be illegally present (migr_eipre)",https://ec.europa.eu/eurostat/databrowser/view/migr_eipre/default/table,"Eurostat enforcement statistic - annual flow of detections, NOT a stock. Dataset migr_eipre, dimensions freq=A citizen=TOTAL reason=TOTAL apprehen=TOTAL sex=T age=TOTAL unit=PER. Rounded to nearest 5 by Eurostat. Eurostat geo code UK. Series ends in 2019; the UK stopped reporting after leaving the EU.",current,This is the value held in panel_final.csv.
United Kingdom,GBR,2013,irregular_proxy_detections,57415,0.0008951791449686,PANEL PRIMARY,"Eurostat, Third country nationals found to be illegally present (migr_eipre)",https://ec.europa.eu/eurostat/databrowser/view/migr_eipre/default/table,"Eurostat enforcement statistic - annual flow of detections, NOT a stock. Dataset migr_eipre, dimensions freq=A citizen=TOTAL reason=TOTAL apprehen=TOTAL sex=T age=TOTAL unit=PER. Rounded to nearest 5 by Eurostat. Eurostat geo code UK. Series ends in 2019; the UK stopped reporting after leaving the EU.",current,This is the value held in panel_final.csv.
United Kingdom,GBR,2014,irregular_proxy_detections,65365,0.0010115445921478,PANEL PRIMARY,"Eurostat, Third country nationals found to be illegally present (migr_eipre)",https://ec.europa.eu/eurostat/databrowser/view/migr_eipre/default/table,"Eurostat enforcement statistic - annual flow of detections, NOT a stock. Dataset migr_eipre, dimensions freq=A citizen=TOTAL reason=TOTAL apprehen=TOTAL sex=T age=TOTAL unit=PER. Rounded to nearest 5 by Eurostat. Eurostat geo code UK. Series ends in 2019; the UK stopped reporting after leaving the EU.",current,This is the value held in panel_final.csv.
United Kingdom,GBR,2015,irregular_proxy_detections,70020,0.0010757908645351,PANEL PRIMARY,"Eurostat, Third country nationals found to be illegally present (migr_eipre)",https://ec.europa.eu/eurostat/databrowser/view/migr_eipre/default/table,"Eurostat enforcement statistic - annual flow of detections, NOT a stock. Dataset migr_eipre, dimensions freq=A citizen=TOTAL reason=TOTAL apprehen=TOTAL sex=T age=TOTAL unit=PER. Rounded to nearest 5 by Eurostat. Eurostat geo code UK. Series ends in 2019; the UK stopped reporting after leaving the EU.",current,This is the value held in panel_final.csv.
United Kingdom,GBR,2016,irregular_proxy_detections,59895,0.0009129500350577,PANEL PRIMARY,"Eurostat, Third country nationals found to be illegally present (migr_eipre)",https://ec.europa.eu/eurostat/databrowser/view/migr_eipre/default/table,"Eurostat enforcement statistic - annual flow of detections, NOT a stock. Dataset migr_eipre, dimensions freq=A citizen=TOTAL reason=TOTAL apprehen=TOTAL sex=T age=TOTAL unit=PER. Rounded to nearest 5 by Eurostat. Eurostat geo code UK. Series ends in 2019; the UK stopped reporting after leaving the EU.",current,This is the value held in panel_final.csv.
United Kingdom,GBR,2017,irregular_proxy_detections,54910,0.0008324237462858,PANEL PRIMARY,"Eurostat, Third country nationals found to be illegally present (migr_eipre)",https://ec.europa.eu/eurostat/databrowser/view/migr_eipre/default/table,"Eurostat enforcement statistic - annual flow of detections, NOT a stock. Dataset migr_eipre, dimensions freq=A citizen=TOTAL reason=TOTAL apprehen=TOTAL sex=T age=TOTAL unit=PER. Rounded to nearest 5 by Eurostat. Eurostat geo code UK. Series ends in 2019; the UK stopped reporting after leaving the EU.",current,This is the value held in panel_final.csv.
United Kingdom,GBR,2018,irregular_proxy_detections,27830,0.0004198409944634,PANEL PRIMARY,"Eurostat, Third country nationals found to be illegally present (migr_eipre)",https://ec.europa.eu/eurostat/databrowser/view/migr_eipre/default/table,"Eurostat enforcement statistic - annual flow of detections, NOT a stock. Dataset migr_eipre, dimensions freq=A citizen=TOTAL reason=TOTAL apprehen=TOTAL sex=T age=TOTAL unit=PER. Rounded to nearest 5 by Eurostat. Eurostat geo code UK. Series ends in 2019; the UK stopped reporting after leaving the EU.",current,This is the value held in panel_final.csv.
United Kingdom,GBR,2019,irregular_proxy_detections,22275,0.0003343189049648,PANEL PRIMARY,"Eurostat, Third country nationals found to be illegally present (migr_eipre)",https://ec.europa.eu/eurostat/databrowser/view/migr_eipre/default/table,"Eurostat enforcement statistic - annual flow of detections, NOT a stock. Dataset migr_eipre, dimensions freq=A citizen=TOTAL reason=TOTAL apprehen=TOTAL sex=T age=TOTAL unit=PER. Rounded to nearest 5 by Eurostat. Eurostat geo code UK. Series ends in 2019; the UK stopped reporting after leaving the EU.",current,This is the value held in panel_final.csv.
United Kingdom,GBR,2017,irregular_stock,800000,0.0121278272997393,PANEL PRIMARY,"Pew Research Center (2019), Europe's Unauthorized Immigrant Population Peaks in 2016, Then Levels Off - Appendix E corrected estimates",https://www.pewresearch.org/global/2019/11/13/eu-unauthorized-immigrants-appendix-e-updated-unauthorized-immigrant-population-estimates-for-europe-and-the-united-kingdom-2014-2017/,"Pew residual method, EXCLUDING asylum seekers awaiting a decision; published range 700000-900000, value is the midpoint. This corrected figure supersedes the original report estimate of 800000-1200000, which wrongly treated holders of indefinite leave to remain as unauthorized. Corrected series for 2014-2016 was not machine-readable and is therefore omitted.",current,This is the value held in panel_final.csv.
Croatia,HRV,2013,irregular_proxy_detections,4150,0.0009801786617703,PANEL PRIMARY,"Eurostat, Third country nationals found to be illegally present (migr_eipre)",https://ec.europa.eu/eurostat/databrowser/view/migr_eipre/default/table,"Eurostat enforcement statistic - annual flow of detections, NOT a stock. Dataset migr_eipre, dimensions freq=A citizen=TOTAL reason=TOTAL apprehen=TOTAL sex=T age=TOTAL unit=PER. Rounded to nearest 5 by Eurostat. Croatia acceded to the EU in July 2013; no data reported before 2013.",current,This is the value held in panel_final.csv.
Croatia,HRV,2014,irregular_proxy_detections,2500,0.0005950117074503,PANEL PRIMARY,"Eurostat, Third country nationals found to be illegally present (migr_eipre)",https://ec.europa.eu/eurostat/databrowser/view/migr_eipre/default/table,"Eurostat enforcement statistic - annual flow of detections, NOT a stock. Dataset migr_eipre, dimensions freq=A citizen=TOTAL reason=TOTAL apprehen=TOTAL sex=T age=TOTAL unit=PER. Rounded to nearest 5 by Eurostat. Croatia acceded to the EU in July 2013; no data reported before 2013.",current,This is the value held in panel_final.csv.
Croatia,HRV,2015,irregular_proxy_detections,3295,0.0007936460146083,PANEL PRIMARY,"Eurostat, Third country nationals found to be illegally present (migr_eipre)",https://ec.europa.eu/eurostat/databrowser/view/migr_eipre/default/table,"Eurostat enforcement statistic - annual flow of detections, NOT a stock. Dataset migr_eipre, dimensions freq=A citizen=TOTAL reason=TOTAL apprehen=TOTAL sex=T age=TOTAL unit=PER. Rounded to nearest 5 by Eurostat. Croatia acceded to the EU in July 2013; no data reported before 2013.",current,This is the value held in panel_final.csv.
Croatia,HRV,2016,irregular_proxy_detections,3320,0.0008084021225912,PANEL PRIMARY,"Eurostat, Third country nationals found to be illegally present (migr_eipre)",https://ec.europa.eu/eurostat/databrowser/view/migr_eipre/default/table,"Eurostat enforcement statistic - annual flow of detections, NOT a stock. Dataset migr_eipre, dimensions freq=A citizen=TOTAL reason=TOTAL apprehen=TOTAL sex=T age=TOTAL unit=PER. Rounded to nearest 5 by Eurostat. Croatia acceded to the EU in July 2013; no data reported before 2013.",current,This is the value held in panel_final.csv.
Croatia,HRV,2017,irregular_proxy_detections,3495,0.0008647978290728,PANEL PRIMARY,"Eurostat, Third country nationals found to be illegally present (migr_eipre)",https://ec.europa.eu/eurostat/databrowser/view/migr_eipre/default/table,"Eurostat enforcement statistic - annual flow of detections, NOT a stock. Dataset migr_eipre, dimensions freq=A citizen=TOTAL reason=TOTAL apprehen=TOTAL sex=T age=TOTAL unit=PER. Rounded to nearest 5 by Eurostat. Croatia acceded to the EU in July 2013; no data reported before 2013.",current,This is the value held in panel_final.csv.
Croatia,HRV,2018,irregular_proxy_detections,5580,0.0013989257353448,PANEL PRIMARY,"Eurostat, Third country nationals found to be illegally present (migr_eipre)",https://ec.europa.eu/eurostat/databrowser/view/migr_eipre/default/table,"Eurostat enforcement statistic - annual flow of detections, NOT a stock. Dataset migr_eipre, dimensions freq=A citizen=TOTAL reason=TOTAL apprehen=TOTAL sex=T age=TOTAL unit=PER. Rounded to nearest 5 by Eurostat. Croatia acceded to the EU in July 2013; no data reported before 2013.",current,This is the value held in panel_final.csv.
Croatia,HRV,2019,irregular_proxy_detections,13630,0.0034511658762492,PANEL PRIMARY,"Eurostat, Third country nationals found to be illegally present (migr_eipre)",https://ec.europa.eu/eurostat/databrowser/view/migr_eipre/default/table,"Eurostat enforcement statistic - annual flow of detections, NOT a stock. Dataset migr_eipre, dimensions freq=A citizen=TOTAL reason=TOTAL apprehen=TOTAL sex=T age=TOTAL unit=PER. Rounded to nearest 5 by Eurostat. Croatia acceded to the EU in July 2013; no data reported before 2013.",current,This is the value held in panel_final.csv.
Croatia,HRV,2020,irregular_proxy_detections,22240,0.0056818675358425,PANEL PRIMARY,"Eurostat, Third country nationals found to be illegally present (migr_eipre)",https://ec.europa.eu/eurostat/databrowser/view/migr_eipre/default/table,"Eurostat enforcement statistic - annual flow of detections, NOT a stock. Dataset migr_eipre, dimensions freq=A citizen=TOTAL reason=TOTAL apprehen=TOTAL sex=T age=TOTAL unit=PER. Rounded to nearest 5 by Eurostat. Croatia acceded to the EU in July 2013; no data reported before 2013.",current,This is the value held in panel_final.csv.
Croatia,HRV,2021,irregular_proxy_detections,13540,0.0034906074559272,PANEL PRIMARY,"Eurostat, Third country nationals found to be illegally present (migr_eipre)",https://ec.europa.eu/eurostat/databrowser/view/migr_eipre/default/table,"Eurostat enforcement statistic - annual flow of detections, NOT a stock. Dataset migr_eipre, dimensions freq=A citizen=TOTAL reason=TOTAL apprehen=TOTAL sex=T age=TOTAL unit=PER. Rounded to nearest 5 by Eurostat. Croatia acceded to the EU in July 2013; no data reported before 2013.",current,This is the value held in panel_final.csv.
Croatia,HRV,2022,irregular_proxy_detections,43830,0.0113677596020999,PANEL PRIMARY,"Eurostat, Third country nationals found to be illegally present (migr_eipre)",https://ec.europa.eu/eurostat/databrowser/view/migr_eipre/default/table,"Eurostat enforcement statistic - annual flow of detections, NOT a stock. Dataset migr_eipre, dimensions freq=A citizen=TOTAL reason=TOTAL apprehen=TOTAL sex=T age=TOTAL unit=PER. Rounded to nearest 5 by Eurostat. Croatia acceded to the EU in July 2013; no data reported before 2013.",current,This is the value held in panel_final.csv.
Hungary,HUN,2010,irregular_proxy_detections,6970,0.0006969983969036,PANEL PRIMARY,"Eurostat, Third country nationals found to be illegally present (migr_eipre)",https://ec.europa.eu/eurostat/databrowser/view/migr_eipre/default/table,"Eurostat enforcement statistic - annual flow of detections, NOT a stock. Dataset migr_eipre, dimensions freq=A citizen=TOTAL reason=TOTAL apprehen=TOTAL sex=T age=TOTAL unit=PER. Rounded to nearest 5 by Eurostat.",current,This is the value held in panel_final.csv.
Hungary,HUN,2011,irregular_proxy_detections,9655,0.0009682374978777,PANEL PRIMARY,"Eurostat, Third country nationals found to be illegally present (migr_eipre)",https://ec.europa.eu/eurostat/databrowser/view/migr_eipre/default/table,"Eurostat enforcement statistic - annual flow of detections, NOT a stock. Dataset migr_eipre, dimensions freq=A citizen=TOTAL reason=TOTAL apprehen=TOTAL sex=T age=TOTAL unit=PER. Rounded to nearest 5 by Eurostat.",current,This is the value held in panel_final.csv.
Hungary,HUN,2012,irregular_proxy_detections,12175,0.0012272737627921,PANEL PRIMARY,"Eurostat, Third country nationals found to be illegally present (migr_eipre)",https://ec.europa.eu/eurostat/databrowser/view/migr_eipre/default/table,"Eurostat enforcement statistic - annual flow of detections, NOT a stock. Dataset migr_eipre, dimensions freq=A citizen=TOTAL reason=TOTAL apprehen=TOTAL sex=T age=TOTAL unit=PER. Rounded to nearest 5 by Eurostat.",current,This is the value held in panel_final.csv.
Hungary,HUN,2013,irregular_proxy_detections,28755,0.0029125670761513,PANEL PRIMARY,"Eurostat, Third country nationals found to be illegally present (migr_eipre)",https://ec.europa.eu/eurostat/databrowser/view/migr_eipre/default/table,"Eurostat enforcement statistic - annual flow of detections, NOT a stock. Dataset migr_eipre, dimensions freq=A citizen=TOTAL reason=TOTAL apprehen=TOTAL sex=T age=TOTAL unit=PER. Rounded to nearest 5 by Eurostat.",current,This is the value held in panel_final.csv.
Hungary,HUN,2014,irregular_proxy_detections,56170,0.0057123749547189,PANEL PRIMARY,"Eurostat, Third country nationals found to be illegally present (migr_eipre)",https://ec.europa.eu/eurostat/databrowser/view/migr_eipre/default/table,"Eurostat enforcement statistic - annual flow of detections, NOT a stock. Dataset migr_eipre, dimensions freq=A citizen=TOTAL reason=TOTAL apprehen=TOTAL sex=T age=TOTAL unit=PER. Rounded to nearest 5 by Eurostat.",current,This is the value held in panel_final.csv.
Hungary,HUN,2015,irregular_proxy_detections,424055,0.0432808332112816,PANEL PRIMARY,"Eurostat, Third country nationals found to be illegally present (migr_eipre)",https://ec.europa.eu/eurostat/databrowser/view/migr_eipre/default/table,"Eurostat enforcement statistic - annual flow of detections, NOT a stock. Dataset migr_eipre, dimensions freq=A citizen=TOTAL reason=TOTAL apprehen=TOTAL sex=T age=TOTAL unit=PER. Rounded to nearest 5 by Eurostat.",current,This is the value held in panel_final.csv.
Hungary,HUN,2016,irregular_proxy_detections,41560,0.0042583036152034,PANEL PRIMARY,"Eurostat, Third country nationals found to be illegally present (migr_eipre)",https://ec.europa.eu/eurostat/databrowser/view/migr_eipre/default/table,"Eurostat enforcement statistic - annual flow of detections, NOT a stock. Dataset migr_eipre, dimensions freq=A citizen=TOTAL reason=TOTAL apprehen=TOTAL sex=T age=TOTAL unit=PER. Rounded to nearest 5 by Eurostat.",current,This is the value held in panel_final.csv.
Hungary,HUN,2017,irregular_proxy_detections,25730,0.0026452807081826,PANEL PRIMARY,"Eurostat, Third country nationals found to be illegally present (migr_eipre)",https://ec.europa.eu/eurostat/databrowser/view/migr_eipre/default/table,"Eurostat enforcement statistic - annual flow of detections, NOT a stock. Dataset migr_eipre, dimensions freq=A citizen=TOTAL reason=TOTAL apprehen=TOTAL sex=T age=TOTAL unit=PER. Rounded to nearest 5 by Eurostat.",current,This is the value held in panel_final.csv.
Hungary,HUN,2018,irregular_proxy_detections,18915,0.001948601024996,PANEL PRIMARY,"Eurostat, Third country nationals found to be illegally present (migr_eipre)",https://ec.europa.eu/eurostat/databrowser/view/migr_eipre/default/table,"Eurostat enforcement statistic - annual flow of detections, NOT a stock. Dataset migr_eipre, dimensions freq=A citizen=TOTAL reason=TOTAL apprehen=TOTAL sex=T age=TOTAL unit=PER. Rounded to nearest 5 by Eurostat.",current,This is the value held in panel_final.csv.
Hungary,HUN,2019,irregular_proxy_detections,36440,0.0037587067078267,PANEL PRIMARY,"Eurostat, Third country nationals found to be illegally present (migr_eipre)",https://ec.europa.eu/eurostat/databrowser/view/migr_eipre/default/table,"Eurostat enforcement statistic - annual flow of detections, NOT a stock. Dataset migr_eipre, dimensions freq=A citizen=TOTAL reason=TOTAL apprehen=TOTAL sex=T age=TOTAL unit=PER. Rounded to nearest 5 by Eurostat.",current,This is the value held in panel_final.csv.
Hungary,HUN,2020,irregular_proxy_detections,89370,0.0092415850854032,PANEL PRIMARY,"Eurostat, Third country nationals found to be illegally present (migr_eipre)",https://ec.europa.eu/eurostat/databrowser/view/migr_eipre/default/table,"Eurostat enforcement statistic - annual flow of detections, NOT a stock. Dataset migr_eipre, dimensions freq=A citizen=TOTAL reason=TOTAL apprehen=TOTAL sex=T age=TOTAL unit=PER. Rounded to nearest 5 by Eurostat.",current,This is the value held in panel_final.csv.
Hungary,HUN,2021,irregular_proxy_detections,134140,0.0139280393631686,PANEL PRIMARY,"Eurostat, Third country nationals found to be illegally present (migr_eipre)",https://ec.europa.eu/eurostat/databrowser/view/migr_eipre/default/table,"Eurostat enforcement statistic - annual flow of detections, NOT a stock. Dataset migr_eipre, dimensions freq=A citizen=TOTAL reason=TOTAL apprehen=TOTAL sex=T age=TOTAL unit=PER. Rounded to nearest 5 by Eurostat.",current,This is the value held in panel_final.csv.
Hungary,HUN,2022,irregular_proxy_detections,222515,0.0231664014249135,PANEL PRIMARY,"Eurostat, Third country nationals found to be illegally present (migr_eipre)",https://ec.europa.eu/eurostat/databrowser/view/migr_eipre/default/table,"Eurostat enforcement statistic - annual flow of detections, NOT a stock. Dataset migr_eipre, dimensions freq=A citizen=TOTAL reason=TOTAL apprehen=TOTAL sex=T age=TOTAL unit=PER. Rounded to nearest 5 by Eurostat.",current,This is the value held in panel_final.csv.
Iceland,ISL,2016,irregular_proxy_detections,30,8.94350388595244e-05,PANEL PRIMARY,"Eurostat, Third country nationals found to be illegally present (migr_eipre)",https://ec.europa.eu/eurostat/databrowser/view/migr_eipre/default/table,"Eurostat enforcement statistic - annual flow of detections, NOT a stock. Dataset migr_eipre, dimensions freq=A citizen=TOTAL reason=TOTAL apprehen=TOTAL sex=T age=TOTAL unit=PER. Rounded to nearest 5 by Eurostat. Iceland reports only sporadically; most years are not available in migr_eipre.",current,This is the value held in panel_final.csv.
Iceland,ISL,2017,irregular_proxy_detections,15,4.36808386721025e-05,PANEL PRIMARY,"Eurostat, Third country nationals found to be illegally present (migr_eipre)",https://ec.europa.eu/eurostat/databrowser/view/migr_eipre/default/table,"Eurostat enforcement statistic - annual flow of detections, NOT a stock. Dataset migr_eipre, dimensions freq=A citizen=TOTAL reason=TOTAL apprehen=TOTAL sex=T age=TOTAL unit=PER. Rounded to nearest 5 by Eurostat. Iceland reports only sporadically; most years are not available in migr_eipre.",current,This is the value held in panel_final.csv.
Iceland,ISL,2019,irregular_proxy_detections,110,0.0003050784467624,PANEL PRIMARY,"Eurostat, Third country nationals found to be illegally present (migr_eipre)",https://ec.europa.eu/eurostat/databrowser/view/migr_eipre/default/table,"Eurostat enforcement statistic - annual flow of detections, NOT a stock. Dataset migr_eipre, dimensions freq=A citizen=TOTAL reason=TOTAL apprehen=TOTAL sex=T age=TOTAL unit=PER. Rounded to nearest 5 by Eurostat. Iceland reports only sporadically; most years are not available in migr_eipre.",current,This is the value held in panel_final.csv.
Israel,ISR,2022,foreign_nationals,103131,0.0107905833115354,NOT USED - PARTIAL COMPONENT,"Israel Population and Immigration Authority (רשות האוכלוסין וההגירה), Foreigners in Israel (נתוני זרים בישראל), Q1 2022",https://www.gov.il/BlobFolder/generalpage/foreign_workers_stats/he/zarim_2022_q1.pdf,"31.3.2022, legal foreign workers. The only published component of the foreign-national population of Israel in this source. NOT used as foreign_nationals: it omits students, diplomats, permit-holding Palestinians and other visa classes, so it is not comparable with the Eurostat and OECD foreign-population series used for other countries.",component,"A partial component, not an estimate of the whole; kept as provenance."
Israel,ISR,2020,irregular_proxy_overstayers,30100,0.0032663780100053,PANEL PRIMARY,"Israel Central Bureau of Statistics press release of 27 January 2022, reproduced in Israel Population and Immigration Authority (רשות האוכלוסין וההגירה), Foreigners in Israel (נתוני זרים בישראל), Q1 2022",https://www.gov.il/BlobFolder/generalpage/foreign_workers_stats/he/zarim_2022_q1.pdf,"End of 2020, tourists without a valid permit. Moved here from irregular_stock: it is an overstay count, not an estimate of the whole unauthorised population, and the 2022 cell of irregular_stock counts a different group entirely.",current,This is the value held in panel_final.csv.
Israel,ISR,2020,irregular_stock,30100,0.0032663780100053,PANEL PRIMARY,"Israel Population and Immigration Authority (רשות האוכלוסין וההגירה), Foreigners in Israel (נתוני זרים בישראל), Q1 2022",https://www.gov.il/BlobFolder/generalpage/foreign_workers_stats/he/zarim_2022_q1.pdf,"Reference date end of 2020. Administrative register count of persons who entered Israel as tourists and remained without a valid permit; published as '30.1 thousand'. Excludes infiltrators and lapsed foreign workers, which PIBA counts separately.",reclassified,"Tourist overstayers, not a stock of irregular residents; now irregular_proxy_overstayers."
Israel,ISR,2022,irregular_stock,22571,0.0023616008370389,ALTERNATIVE - EXCLUDED COMPONENT,"Israel Population and Immigration Authority (רשות האוכלוסין וההגירה), Foreigners in Israel (נתוני זרים בישראל), Q1 2022",https://www.gov.il/BlobFolder/generalpage/foreign_workers_stats/he/zarim_2022_q1.pdf,"31.3.2022, illegal foreign workers: foreigners who were legal foreign workers and no longer meet at least one condition of that status. Excluded from the published irregular_stock, which counts infiltrators only. The two groups do not overlap, so the unauthorised population at that date is at least 26,798 + 22,571 = 49,369.",component,"A partial component, not an estimate of the whole; kept as provenance."
Israel,ISR,2022,irregular_stock,26798,0.0028038713052576,PANEL PRIMARY,"Israel Population and Immigration Authority (רשות האוכלוסין וההגירה), Foreigners in Israel (נתוני זרים בישראל), Q1 2022",https://www.gov.il/BlobFolder/generalpage/foreign_workers_stats/he/zarim_2022_q1.pdf,"Reference date 31 March 2022. Administrative register count of 'infiltrators' (מסתננים) resident in Israel, i.e. persons who entered irregularly via the Egyptian border; 76% Eritrean, 14% Sudanese. Separate PIBA category from tourist overstayers and lapsed workers.",current,This is the value held in panel_final.csv.
Israel,ISR,2022,irregular_stock,22571,0.0023616008370389,alternative 1,"Israel Population and Immigration Authority (רשות האוכלוסין וההגירה), Foreigners in Israel (נתוני זרים בישראל), Q1 2022",https://www.gov.il/BlobFolder/generalpage/foreign_workers_stats/he/zarim_2022_q1.pdf,Reference date 31 March 2022. Administrative register count of foreign workers without valid status (עובדים זרים ללא היתר). Separate PIBA category; not additive with the infiltrator or tourist-overstayer rows without double-counting checks.,valid alternative,"A competing published estimate for the same quantity, not used in the panel."
Italy,ITA,2010,irregular_proxy_detections,46955,0.0007849459290026,PANEL PRIMARY,"Eurostat, Third country nationals found to be illegally present (migr_eipre)",https://ec.europa.eu/eurostat/databrowser/view/migr_eipre/default/table,"Eurostat enforcement statistic - annual flow of detections, NOT a stock. Dataset migr_eipre, dimensions freq=A citizen=TOTAL reason=TOTAL apprehen=TOTAL sex=T age=TOTAL unit=PER. Rounded to nearest 5 by Eurostat.",current,This is the value held in panel_final.csv.
Italy,ITA,2011,irregular_proxy_detections,29505,0.0004915301140035,PANEL PRIMARY,"Eurostat, Third country nationals found to be illegally present (migr_eipre)",https://ec.europa.eu/eurostat/databrowser/view/migr_eipre/default/table,"Eurostat enforcement statistic - annual flow of detections, NOT a stock. Dataset migr_eipre, dimensions freq=A citizen=TOTAL reason=TOTAL apprehen=TOTAL sex=T age=TOTAL unit=PER. Rounded to nearest 5 by Eurostat.",current,This is the value held in panel_final.csv.
Italy,ITA,2012,irregular_proxy_detections,29345,0.0004875293578815,PANEL PRIMARY,"Eurostat, Third country nationals found to be illegally present (migr_eipre)",https://ec.europa.eu/eurostat/databrowser/view/migr_eipre/default/table,"Eurostat enforcement statistic - annual flow of detections, NOT a stock. Dataset migr_eipre, dimensions freq=A citizen=TOTAL reason=TOTAL apprehen=TOTAL sex=T age=TOTAL unit=PER. Rounded to nearest 5 by Eurostat.",current,This is the value held in panel_final.csv.
Italy,ITA,2013,irregular_proxy_detections,23945,0.00039702138293,PANEL PRIMARY,"Eurostat, Third country nationals found to be illegally present (migr_eipre)",https://ec.europa.eu/eurostat/databrowser/view/migr_eipre/default/table,"Eurostat enforcement statistic - annual flow of detections, NOT a stock. Dataset migr_eipre, dimensions freq=A citizen=TOTAL reason=TOTAL apprehen=TOTAL sex=T age=TOTAL unit=PER. Rounded to nearest 5 by Eurostat.",current,This is the value held in panel_final.csv.
Italy,ITA,2014,irregular_proxy_detections,25300,0.0004194247922193,PANEL PRIMARY,"Eurostat, Third country nationals found to be illegally present (migr_eipre)",https://ec.europa.eu/eurostat/databrowser/view/migr_eipre/default/table,"Eurostat enforcement statistic - annual flow of detections, NOT a stock. Dataset migr_eipre, dimensions freq=A citizen=TOTAL reason=TOTAL apprehen=TOTAL sex=T age=TOTAL unit=PER. Rounded to nearest 5 by Eurostat.",current,This is the value held in panel_final.csv.
Italy,ITA,2015,irregular_proxy_detections,27305,0.0004533484820297,PANEL PRIMARY,"Eurostat, Third country nationals found to be illegally present (migr_eipre)",https://ec.europa.eu/eurostat/databrowser/view/migr_eipre/default/table,"Eurostat enforcement statistic - annual flow of detections, NOT a stock. Dataset migr_eipre, dimensions freq=A citizen=TOTAL reason=TOTAL apprehen=TOTAL sex=T age=TOTAL unit=PER. Rounded to nearest 5 by Eurostat.",current,This is the value held in panel_final.csv.
Italy,ITA,2016,irregular_proxy_detections,32365,0.000538382765377,PANEL PRIMARY,"Eurostat, Third country nationals found to be illegally present (migr_eipre)",https://ec.europa.eu/eurostat/databrowser/view/migr_eipre/default/table,"Eurostat enforcement statistic - annual flow of detections, NOT a stock. Dataset migr_eipre, dimensions freq=A citizen=TOTAL reason=TOTAL apprehen=TOTAL sex=T age=TOTAL unit=PER. Rounded to nearest 5 by Eurostat.",current,This is the value held in panel_final.csv.
Italy,ITA,2017,irregular_proxy_detections,36230,0.0006038106703061,PANEL PRIMARY,"Eurostat, Third country nationals found to be illegally present (migr_eipre)",https://ec.europa.eu/eurostat/databrowser/view/migr_eipre/default/table,"Eurostat enforcement statistic - annual flow of detections, NOT a stock. Dataset migr_eipre, dimensions freq=A citizen=TOTAL reason=TOTAL apprehen=TOTAL sex=T age=TOTAL unit=PER. Rounded to nearest 5 by Eurostat.",current,This is the value held in panel_final.csv.
Italy,ITA,2018,irregular_proxy_detections,26780,0.0004472485454861,PANEL PRIMARY,"Eurostat, Third country nationals found to be illegally present (migr_eipre)",https://ec.europa.eu/eurostat/databrowser/view/migr_eipre/default/table,"Eurostat enforcement statistic - annual flow of detections, NOT a stock. Dataset migr_eipre, dimensions freq=A citizen=TOTAL reason=TOTAL apprehen=TOTAL sex=T age=TOTAL unit=PER. Rounded to nearest 5 by Eurostat.",current,This is the value held in panel_final.csv.
Italy,ITA,2019,irregular_proxy_detections,26885,0.0004501157484743,PANEL PRIMARY,"Eurostat, Third country nationals found to be illegally present (migr_eipre)",https://ec.europa.eu/eurostat/databrowser/view/migr_eipre/default/table,"Eurostat enforcement statistic - annual flow of detections, NOT a stock. Dataset migr_eipre, dimensions freq=A citizen=TOTAL reason=TOTAL apprehen=TOTAL sex=T age=TOTAL unit=PER. Rounded to nearest 5 by Eurostat.",current,This is the value held in panel_final.csv.
Italy,ITA,2020,irregular_proxy_detections,22785,0.0003833351354655,PANEL PRIMARY,"Eurostat, Third country nationals found to be illegally present (migr_eipre)",https://ec.europa.eu/eurostat/databrowser/view/migr_eipre/default/table,"Eurostat enforcement statistic - annual flow of detections, NOT a stock. Dataset migr_eipre, dimensions freq=A citizen=TOTAL reason=TOTAL apprehen=TOTAL sex=T age=TOTAL unit=PER. Rounded to nearest 5 by Eurostat.",current,This is the value held in panel_final.csv.
Italy,ITA,2021,irregular_proxy_detections,92070,0.0015569940750515,PANEL PRIMARY,"Eurostat, Third country nationals found to be illegally present (migr_eipre)",https://ec.europa.eu/eurostat/databrowser/view/migr_eipre/default/table,"Eurostat enforcement statistic - annual flow of detections, NOT a stock. Dataset migr_eipre, dimensions freq=A citizen=TOTAL reason=TOTAL apprehen=TOTAL sex=T age=TOTAL unit=PER. Rounded to nearest 5 by Eurostat.",current,This is the value held in panel_final.csv.
Italy,ITA,2022,irregular_proxy_detections,138420,0.0023455583602354,PANEL PRIMARY,"Eurostat, Third country nationals found to be illegally present (migr_eipre)",https://ec.europa.eu/eurostat/databrowser/view/migr_eipre/default/table,"Eurostat enforcement statistic - annual flow of detections, NOT a stock. Dataset migr_eipre, dimensions freq=A citizen=TOTAL reason=TOTAL apprehen=TOTAL sex=T age=TOTAL unit=PER. Rounded to nearest 5 by Eurostat.",current,This is the value held in panel_final.csv.
Italy,ITA,2014,irregular_stock,400000,0.0066312220113733,PANEL PRIMARY,"Pew Research Center (2019), Europe's Unauthorized Immigrant Population Peaks in 2016, Then Levels Off",https://www.pewresearch.org/global/2019/11/13/europes-unauthorized-immigrant-population-peaks-in-2016-then-levels-off/,"Pew residual method (population/labour-force data minus lawfully resident foreign-born), estimate INCLUDES asylum seekers awaiting a decision; published range 300000-500000, value is the midpoint of the published range. Pew reports only rounded 100k bounds.",superseded,"Replaced by 350,000 after the source series was re-read (corrections_applied.csv)."
Italy,ITA,2015,irregular_stock,404000,0.0067076647771473,PANEL PRIMARY,"Fondazione ISMU, XXII Rapporto sulle migrazioni 2016",https://www.antoniocasella.eu/nume/Ismu_1dic2016.pdf,"ISMU annual estimate of irregular presence at 1 January (stranieri irregolarmente presenti); derived from ISMU's reconstruction of total foreign presence (regular registered, regular unregistered, irregular) benchmarked on ISTAT resident population, residence permits and regularisation/amnesty administrative records. Point estimate, no published interval. NOTE: for 2015-2017 an alternative Pew estimate also exists in this file - do not sum.",current,This is the value held in panel_final.csv.
Italy,ITA,2015,irregular_stock,450000,0.0074714087864265,alternative 1,"Pew Research Center (2019), Europe's Unauthorized Immigrant Population Peaks in 2016, Then Levels Off",https://www.pewresearch.org/global/2019/11/13/europes-unauthorized-immigrant-population-peaks-in-2016-then-levels-off/,"Pew residual method (population/labour-force data minus lawfully resident foreign-born), estimate INCLUDES asylum seekers awaiting a decision; published range 300000-600000, value is the midpoint of the published range. Pew reports only rounded 100k bounds.",valid alternative,"A competing published estimate for the same quantity, not used in the panel."
Italy,ITA,2016,irregular_stock,435000,0.0072361039066593,PANEL PRIMARY,"Fondazione ISMU, XXII Rapporto sulle migrazioni 2016",https://www.antoniocasella.eu/nume/Ismu_1dic2016.pdf,"ISMU annual estimate of irregular presence at 1 January (stranieri irregolarmente presenti); derived from ISMU's reconstruction of total foreign presence (regular registered, regular unregistered, irregular) benchmarked on ISTAT resident population, residence permits and regularisation/amnesty administrative records. Point estimate, no published interval. NOTE: for 2015-2017 an alternative Pew estimate also exists in this file - do not sum.",current,This is the value held in panel_final.csv.
Italy,ITA,2016,irregular_stock,500000,0.0083173608122521,alternative 1,"Pew Research Center (2019), Europe's Unauthorized Immigrant Population Peaks in 2016, Then Levels Off",https://www.pewresearch.org/global/2019/11/13/europes-unauthorized-immigrant-population-peaks-in-2016-then-levels-off/,"Pew residual method (population/labour-force data minus lawfully resident foreign-born), estimate INCLUDES asylum seekers awaiting a decision; published range 400000-600000, value is the midpoint of the published range. Pew reports only rounded 100k bounds.",valid alternative,"A competing published estimate for the same quantity, not used in the panel."
Italy,ITA,2017,irregular_stock,491000,0.0081830261970834,PANEL PRIMARY,"Fondazione ISMU estimate, reported in Neodemos",https://www.neodemos.info/2018/07/27/irregolari-sanatorie-e-rimpatri/,"ISMU annual estimate of irregular presence at 1 January (stranieri irregolarmente presenti); derived from ISMU's reconstruction of total foreign presence (regular registered, regular unregistered, irregular) benchmarked on ISTAT resident population, residence permits and regularisation/amnesty administrative records. Point estimate, no published interval. NOTE: for 2015-2017 an alternative Pew estimate also exists in this file - do not sum.",current,This is the value held in panel_final.csv.
Italy,ITA,2017,irregular_stock,600000,0.0099996246807536,alternative 1,"Pew Research Center (2019), Europe's Unauthorized Immigrant Population Peaks in 2016, Then Levels Off",https://www.pewresearch.org/global/2019/11/13/europes-unauthorized-immigrant-population-peaks-in-2016-then-levels-off/,"Pew residual method (population/labour-force data minus lawfully resident foreign-born), estimate INCLUDES asylum seekers awaiting a decision; published range 500000-700000, value is the midpoint of the published range. Pew reports only rounded 100k bounds.",valid alternative,"A competing published estimate for the same quantity, not used in the panel."
Italy,ITA,2018,irregular_stock,533000,0.0089015487208399,PANEL PRIMARY,"Fondazione ISMU, XXIV Rapporto sulle migrazioni 2018",https://www.vita.it/rapporto-ismu-calano-gli-sbarcati-ma-sale-la-quota-degli-irregolari/,"ISMU annual estimate of irregular presence at 1 January (stranieri irregolarmente presenti); derived from ISMU's reconstruction of total foreign presence (regular registered, regular unregistered, irregular) benchmarked on ISTAT resident population, residence permits and regularisation/amnesty administrative records. Point estimate, no published interval. NOTE: for 2015-2017 an alternative Pew estimate also exists in this file - do not sum.",current,This is the value held in panel_final.csv.
Italy,ITA,2019,irregular_stock,562000,0.0094091519673641,PANEL PRIMARY,"Fondazione ISMU, XXV Rapporto sulle migrazioni 2019",https://www.ismu.org/comunicato-stampa-xxv-rapporto-ismu/,"ISMU annual estimate of irregular presence at 1 January (stranieri irregolarmente presenti); derived from ISMU's reconstruction of total foreign presence (regular registered, regular unregistered, irregular) benchmarked on ISTAT resident population, residence permits and regularisation/amnesty administrative records. Point estimate, no published interval. NOTE: for 2015-2017 an alternative Pew estimate also exists in this file - do not sum.",current,This is the value held in panel_final.csv.
Italy,ITA,2020,irregular_stock,517000,0.0086980147042209,PANEL PRIMARY,"Fondazione ISMU, XXVI Rapporto sulle migrazioni 2020",https://www.cinformi.it/Comunicazione/Notizie/I-dati-del-Rapporto-ISMU-sulle-migrazioni-2020,"ISMU annual estimate of irregular presence at 1 January (stranieri irregolarmente presenti); derived from ISMU's reconstruction of total foreign presence (regular registered, regular unregistered, irregular) benchmarked on ISTAT resident population, residence permits and regularisation/amnesty administrative records. Point estimate, no published interval. NOTE: for 2015-2017 an alternative Pew estimate also exists in this file - do not sum.",current,This is the value held in panel_final.csv.
Italy,ITA,2021,irregular_stock,519000,0.0087767994455497,PANEL PRIMARY,"Fondazione ISMU, XXVII Rapporto sulle migrazioni 2021",https://www.ismu.org/xxvii-rapporto-sulle-migrazioni-2021-comunicato-stampa-11-2-2022/,"ISMU annual estimate of irregular presence at 1 January (stranieri irregolarmente presenti); derived from ISMU's reconstruction of total foreign presence (regular registered, regular unregistered, irregular) benchmarked on ISTAT resident population, residence permits and regularisation/amnesty administrative records. Point estimate, no published interval. NOTE: for 2015-2017 an alternative Pew estimate also exists in this file - do not sum.",current,This is the value held in panel_final.csv.
Italy,ITA,2022,irregular_stock,506000,0.0085742850041838,PANEL PRIMARY,"Fondazione ISMU, XXVII Rapporto sulle migrazioni 2021",https://www.ismu.org/xxvii-rapporto-sulle-migrazioni-2021-comunicato-stampa-11-2-2022/,"ISMU annual estimate of irregular presence at 1 January (stranieri irregolarmente presenti); derived from ISMU's reconstruction of total foreign presence (regular registered, regular unregistered, irregular) benchmarked on ISTAT resident population, residence permits and regularisation/amnesty administrative records. Point estimate, no published interval. 2022 fall reflects completion of the 2020 regularisation (sanatoria). NOTE: for 2015-2017 an alternative Pew estimate also exists in this file - do not sum.",current,This is the value held in panel_final.csv.
Japan,JPN,2011,irregular_proxy_overstayers,78488,0.0006139885632035,PANEL PRIMARY,"Global Detention Project, Japan Immigration Detention Profile (reproducing Ministry of Justice, 2011, p.34)",https://www.globaldetentionproject.org/countries/asia-pacific/japan,"overstayers (不法残留者) reported for 2011; the MOJ/ISA series is compiled as of 1 January. Source text: 'Immigration authorities estimate that in 2011 there were between 90,000 and 100,000 undocumented migrants in Japan, including 78,488 overstayers' (cited to MoJ, 2011, p.34). CAVEAT: the secondary source gives the year only and does not restate the 1 January reference date; the MOJ primary release for 1 January 2011 was no longer reachable (removed from moj.go.jp; nisshinkyo.org mirror returns 404 to the fetcher).",current,This is the value held in panel_final.csv.
Japan,JPN,2014,irregular_proxy_overstayers,59061,0.0004640387818598,PANEL PRIMARY,"出入国在留管理庁 本邦における不法残留者数について (Immigration Services Agency of Japan, Number of Overstayers in Japan)",https://www.moj.go.jp/isa/content/001459199.pdf,"As of 1 Jan 2014 (平成26年1月1日現在). RE-CONFIRMATION of a value already in the dataset. READ FROM A CHART: the labelled data point marked 過去最低 (all-time low) on 第1図 不法残留者数の推移 in the 令和7年 operations digest. Matches the already-confirmed 59,061.",current,This is the value held in panel_final.csv.
Japan,JPN,2014,irregular_proxy_overstayers,59061,0.0004640387818598,alternative 1,"Ministry of Justice Immigration Bureau, Honpo ni okeru fuho zanryusha su ni tsuite (Heisei 26-nen 1-gatsu 1-nichi genzai), mirrored by Nisshinkyo",https://www.nisshinkyo.org/news/pdf/G-26-2.pdf,"overstayers (不法残留者) as of 1 January 2014. Source sentence read verbatim: '平成26年1月1日現在の本邦における不法残留者数は，5万9，061人'. CAVEAT: the PDF itself returned 404 to the fetcher, so the figure was read from the indexed document text; independently corroborated as the labelled series minimum (59,061) in the ISA chart 【第１図】不法残留者数の推移, https://www.moj.go.jp/isa/content/001415150.pdf",valid alternative,"A competing published estimate for the same quantity, not used in the panel."
Japan,JPN,2017,irregular_proxy_overstayers,65270,0.0005140503418076,PANEL PRIMARY,"出入国在留管理庁 本邦における不法残留者数について (Immigration Services Agency of Japan, Number of Overstayers in Japan)",https://www.moj.go.jp/isa/content/001344148.pdf,"As of 1 Jan 2017 (平成29年1月1日現在). Read from 第1表 of the press release dated 31 Mar 2021 (本邦における不法残留者数について（令和3年1月1日現在）). Verified two ways within the table: 男 35,843 + 女 29,427 = 65,270; and the 11 nationality/region rows sum to 65,270. Landing page: https://www.moj.go.jp/isa/publications/press/13_00013.html",current,This is the value held in panel_final.csv.
Japan,JPN,2017,irregular_proxy_overstayers,65270,0.0005140503418076,alternative 1,"Immigration Services Agency of Japan, Honpo ni okeru fuho zanryusha su ni tsuite (Reiwa 3-nen 1-gatsu 1-nichi genzai), Table 1 (Dai-1-hyo)",https://www.moj.go.jp/isa/content/001344148.pdf,"overstayers (fuho zanryusha, 不法残留者) as of 1 January 2017. Administrative register count. Read from the year columns of 【第１表】国籍・地域別 性別 不法残留者数の推移 in the official ISA statistical annex to the 1 January 2021 press release, which tabulates 1 January 2017-2021.",valid alternative,"A competing published estimate for the same quantity, not used in the panel."
Japan,JPN,2018,irregular_proxy_overstayers,66498,0.0005243866856976,PANEL PRIMARY,"出入国在留管理庁 本邦における不法残留者数について (Immigration Services Agency of Japan, Number of Overstayers in Japan)",https://www.moj.go.jp/isa/content/001344904.pdf,"As of 1 Jan 2018 (平成30年1月1日現在（2018年）- the source PDF prints the Western year itself). Read from 第1表 of the press release dated 29 Mar 2022 (本邦における不法残留者数について（令和4年1月1日現在）). Corroborated by an independent PDF, 第1表 of the 2021 release (https://www.moj.go.jp/isa/content/001344148.pdf), which gives the same 66,498; also 男 37,052 + 女 29,446 = 66,498 and nationality rows sum to 66,498.",current,This is the value held in panel_final.csv.
Japan,JPN,2018,irregular_proxy_overstayers,66498,0.0005243866856976,alternative 1,"Immigration Services Agency of Japan, Honpo ni okeru fuho zanryusha su ni tsuite (Reiwa 3-nen 1-gatsu 1-nichi genzai), Table 1 (Dai-1-hyo)",https://www.moj.go.jp/isa/content/001344148.pdf,"overstayers (fuho zanryusha, 不法残留者) as of 1 January 2018. Administrative register count. Read from the year columns of 【第１表】国籍・地域別 性別 不法残留者数の推移 in the official ISA statistical annex to the 1 January 2021 press release, which tabulates 1 January 2017-2021.",valid alternative,"A competing published estimate for the same quantity, not used in the panel."
Japan,JPN,2019,irregular_proxy_overstayers,74167,0.0005856846161742,PANEL PRIMARY,"出入国在留管理庁 本邦における不法残留者数について (Immigration Services Agency of Japan, Number of Overstayers in Japan)",https://www.moj.go.jp/isa/content/001344904.pdf,"As of 1 Jan 2019 (平成31年1月1日現在（2019年）- the source PDF prints the Western year itself). Read from 第1表 of the press release dated 29 Mar 2022. Corroborated by an independent PDF, 第1表 of the 2021 release (https://www.moj.go.jp/isa/content/001344148.pdf), same 74,167; also 男 42,632 + 女 31,535 = 74,167 and nationality rows sum to 74,167.",current,This is the value held in panel_final.csv.
Japan,JPN,2019,irregular_proxy_overstayers,74167,0.0005856846161742,alternative 1,"Immigration Services Agency of Japan, Honpo ni okeru fuho zanryusha su ni tsuite (Reiwa 3-nen 1-gatsu 1-nichi genzai), Table 1 (Dai-1-hyo)",https://www.moj.go.jp/isa/content/001344148.pdf,"overstayers (fuho zanryusha, 不法残留者) as of 1 January 2019. Administrative register count. Read from the year columns of 【第１表】国籍・地域別 性別 不法残留者数の推移 in the official ISA statistical annex to the 1 January 2021 press release, which tabulates 1 January 2017-2021.",valid alternative,"A competing published estimate for the same quantity, not used in the panel."
Japan,JPN,2020,irregular_proxy_overstayers,82892,0.0006565130958886,PANEL PRIMARY,"出入国在留管理庁 本邦における不法残留者数について (Immigration Services Agency of Japan, Number of Overstayers in Japan)",https://www.moj.go.jp/isa/content/001344904.pdf,As of 1 Jan 2020 (令和2年1月1日現在（2020年）). RE-CONFIRMATION of a value already in the dataset. 第1表 of the 29 Mar 2022 release; identical figure in the 31 Mar 2021 release PDF.,current,This is the value held in panel_final.csv.
Japan,JPN,2020,irregular_proxy_overstayers,82892,0.0006565130958886,alternative 1,"Immigration Services Agency of Japan, Overstayers as of 1 January (本邦における不法残留者数について)",https://www.moj.go.jp/isa/publications/press/13_00013.html,Reference date 1 January 2020. Administrative register count of persons remaining beyond authorised period of stay (不法残留者). Prior-year comparison figure in the 1 January 2021 release.,valid alternative,"A competing published estimate for the same quantity, not used in the panel."
Japan,JPN,2021,irregular_proxy_overstayers,82868,0.0006593487401134,PANEL PRIMARY,"出入国在留管理庁 本邦における不法残留者数について (Immigration Services Agency of Japan, Number of Overstayers in Japan)",https://www.moj.go.jp/isa/content/001344904.pdf,"As of 1 Jan 2021 (令和3年1月1日現在（2021年）). RE-CONFIRMATION of a value already in the dataset. 第1表 of the 29 Mar 2022 release; identical figure in the 31 Mar 2021 release PDF, whose text also states a decrease of 24 persons (-0.03%) vs 1 Jan 2020, consistent with 82,892 - 24 = 82,868.",current,This is the value held in panel_final.csv.
Japan,JPN,2021,irregular_proxy_overstayers,82868,0.0006593487401134,alternative 1,"Immigration Services Agency of Japan, Overstayers as of 1 January (本邦における不法残留者数について)",https://www.moj.go.jp/isa/publications/press/13_00013.html,"Reference date 1 January 2021. Administrative register count of overstayers (不法残留者). Of whom 49,496 male and 33,372 female.",valid alternative,"A competing published estimate for the same quantity, not used in the panel."
Japan,JPN,2022,irregular_proxy_overstayers,66759,0.0005335385084429,PANEL PRIMARY,"出入国在留管理庁 本邦における不法残留者数について (Immigration Services Agency of Japan, Number of Overstayers in Japan)",https://www.moj.go.jp/isa/content/001344904.pdf,"As of 1 Jan 2022 (令和4年1月1日現在（2022年）). RE-CONFIRMATION of a value already in the dataset. 第1表 of the 29 Mar 2022 release; the release text states a decrease of 16,109 (-19.4%) vs 1 Jan 2021, consistent with 82,868 - 16,109 = 66,759.",current,This is the value held in panel_final.csv.
Japan,JPN,2022,irregular_proxy_overstayers,66759,0.0005335385084429,alternative 1,"Immigration Services Agency of Japan, Overstayers as of 1 January (本邦における不法残留者数について)",https://www.moj.go.jp/isa/publications/press/13_00003.html,Reference date 1 January 2022. Administrative register count of overstayers (不法残留者); down 19.4% on 1 January 2021. Cross-checked against ISA table 001403958.pdf.,valid alternative,"A competing published estimate for the same quantity, not used in the panel."
Korea (South),KOR,2010,irregular_proxy_overstayers,168515,0.0034006259662164,PANEL PRIMARY,"Korean National Police University press, Cheryu oegugin beomjoe-e gwanhan gyeongchal-ui daeeung bangan (2015), Table 1, citing Ministry of Justice Korea Immigration Service statistical yearbook",https://press.police.ac.kr/pds/1476878914562.pdf,"illegal residents (불법체류자), calendar-year figure as tabulated in the MOJ Korea Immigration Service statistical yearbook (통계연보); the yearbook series is compiled as of 31 December. Predominantly visa overstayers. Source line: '출처: 법무부 출입국·외국인 정책본부, 통계연보 자료'. Korean government portals (data.go.kr, index.go.kr, kosis) block the fetcher, so this secondary academic tabulation of the MOJ series was used.",current,This is the value held in panel_final.csv.
Korea (South),KOR,2011,irregular_proxy_overstayers,167780,0.0033598577461302,PANEL PRIMARY,"Korean National Police University press, Cheryu oegugin beomjoe-e gwanhan gyeongchal-ui daeeung bangan (2015), Table 1, citing Ministry of Justice Korea Immigration Service statistical yearbook",https://press.police.ac.kr/pds/1476878914562.pdf,"illegal residents (불법체류자), calendar-year figure as tabulated in the MOJ Korea Immigration Service statistical yearbook (통계연보); the yearbook series is compiled as of 31 December. Predominantly visa overstayers. Source line: '출처: 법무부 출입국·외국인 정책본부, 통계연보 자료'. Korean government portals (data.go.kr, index.go.kr, kosis) block the fetcher, so this secondary academic tabulation of the MOJ series was used.",current,This is the value held in panel_final.csv.
Korea (South),KOR,2012,irregular_proxy_overstayers,177854,0.0035429187412162,PANEL PRIMARY,"Korean National Police University press, Cheryu oegugin beomjoe-e gwanhan gyeongchal-ui daeeung bangan (2015), Table 1, citing Ministry of Justice Korea Immigration Service statistical yearbook",https://press.police.ac.kr/pds/1476878914562.pdf,"illegal residents (불법체류자), calendar-year figure as tabulated in the MOJ Korea Immigration Service statistical yearbook (통계연보); the yearbook series is compiled as of 31 December. Predominantly visa overstayers. Source line: '출처: 법무부 출입국·외국인 정책본부, 통계연보 자료'. Korean government portals (data.go.kr, index.go.kr, kosis) block the fetcher, so this secondary academic tabulation of the MOJ series was used.",current,This is the value held in panel_final.csv.
Korea (South),KOR,2013,irregular_proxy_overstayers,183106,0.0036309740132507,PANEL PRIMARY,"Korean National Police University press, Cheryu oegugin beomjoe-e gwanhan gyeongchal-ui daeeung bangan (2015), Table 1, citing Ministry of Justice Korea Immigration Service statistical yearbook",https://press.police.ac.kr/pds/1476878914562.pdf,"illegal residents (불법체류자), calendar-year figure as tabulated in the MOJ Korea Immigration Service statistical yearbook (통계연보); the yearbook series is compiled as of 31 December. Predominantly visa overstayers. Source line: '출처: 법무부 출입국·외국인 정책본부, 통계연보 자료'. Korean government portals (data.go.kr, index.go.kr, kosis) block the fetcher, so this secondary academic tabulation of the MOJ series was used.",current,This is the value held in panel_final.csv.
Korea (South),KOR,2014,irregular_proxy_overstayers,208778,0.0041141230598057,PANEL PRIMARY,"Korean National Police University press, Cheryu oegugin beomjoe-e gwanhan gyeongchal-ui daeeung bangan (2015), Table 1, citing Ministry of Justice Korea Immigration Service statistical yearbook",https://press.police.ac.kr/pds/1476878914562.pdf,"illegal residents (불법체류자), calendar-year figure as tabulated in the MOJ Korea Immigration Service statistical yearbook (통계연보); the yearbook series is compiled as of 31 December. Predominantly visa overstayers. Source line: '출처: 법무부 출입국·외국인 정책본부, 통계연보 자료'. Korean government portals (data.go.kr, index.go.kr, kosis) block the fetcher, so this secondary academic tabulation of the MOJ series was used.",current,This is the value held in panel_final.csv.
Korea (South),KOR,2015,irregular_proxy_overstayers,212596,0.0041673276657525,PANEL PRIMARY,"Korean National Police University press, Cheryu oegugin beomjoe-e gwanhan gyeongchal-ui daeeung bangan (2015), Table 1, citing Ministry of Justice Korea Immigration Service statistical yearbook",https://press.police.ac.kr/pds/1476878914562.pdf,"illegal residents (불법체류자) as of 31 AUGUST 2015, NOT year-end - the source column is labelled '2015. 8. 기준' and the table footer reads '2015. 8. 31. 기준'. Not strictly comparable with the 31 December figures for other years; use with care or drop.",superseded,"Replaced by 214,168 from the Ministry of Justice open-data series (corrections_applied.csv)."
Korea (South),KOR,2018,irregular_proxy_overstayers,355126,0.0068842803278422,PANEL PRIMARY,"Ministry of Justice of Korea, Immigration and Foreign Policy Statistics (불법체류외국인), reported via EKW",https://www.ekw.co.kr/news/articleView.html?idxno=11130,"Reference date 31 December 2018. Administrative register count of foreigners in illegal residence (불법체류자), predominantly overstayers. Figure taken from a secondary report citing the MOJ 2022 monthly statistics bulletin and 2021 statistical yearbook; the MOJ primary files were not directly reachable (robots.txt).",current,This is the value held in panel_final.csv.
Korea (South),KOR,2020,irregular_proxy_overstayers,392196,0.0075660581779476,PANEL PRIMARY,"Ministry of Justice of Korea, Immigration and Foreign Policy Statistics (불법체류외국인), reported via EKW",https://www.ekw.co.kr/news/articleView.html?idxno=11130,"Reference date 31 December 2020. Administrative register count of foreigners in illegal residence (불법체류자), predominantly overstayers. Figure taken from a secondary report citing the MOJ 2022 monthly statistics bulletin and 2021 statistical yearbook; the MOJ primary files were not directly reachable (robots.txt).",current,This is the value held in panel_final.csv.
Korea (South),KOR,2021,irregular_proxy_overstayers,388700,0.0075082762471576,PANEL PRIMARY,"Ministry of Justice of Korea, Immigration and Foreign Policy Statistics (불법체류외국인), reported via EKW",https://www.ekw.co.kr/news/articleView.html?idxno=11130,"Reference date 31 December 2021. Administrative register count of foreigners in illegal residence (불법체류자), predominantly overstayers. Figure taken from a secondary report citing the MOJ 2022 monthly statistics bulletin and 2021 statistical yearbook; the MOJ primary files were not directly reachable (robots.txt). Value ends in '00' and may have been rounded by the secondary source.",current,This is the value held in panel_final.csv.
Korea (South),KOR,2022,irregular_proxy_overstayers,411270,0.0079591552725005,PANEL PRIMARY,"Ministry of Justice of Korea, Immigration and Foreign Policy Statistics (불법체류외국인), reported via EKW",https://www.ekw.co.kr/news/articleView.html?idxno=11130,"Reference date 31 December 2022. Administrative register count of foreigners in illegal residence (불법체류자), predominantly overstayers. Figure taken from a secondary report citing the MOJ 2022 monthly statistics bulletin and 2021 statistical yearbook; the MOJ primary files were not directly reachable (robots.txt).",current,This is the value held in panel_final.csv.
Lithuania,LTU,2010,irregular_proxy_detections,1345,0.0004342517084333,PANEL PRIMARY,"Eurostat, Third country nationals found to be illegally present (migr_eipre)",https://ec.europa.eu/eurostat/databrowser/view/migr_eipre/default/table,"Eurostat enforcement statistic - annual flow of detections, NOT a stock. Dataset migr_eipre, dimensions freq=A citizen=TOTAL reason=TOTAL apprehen=TOTAL sex=T age=TOTAL unit=PER. Rounded to nearest 5 by Eurostat.",current,This is the value held in panel_final.csv.
Lithuania,LTU,2011,irregular_proxy_detections,1895,0.0006258018602331,PANEL PRIMARY,"Eurostat, Third country nationals found to be illegally present (migr_eipre)",https://ec.europa.eu/eurostat/databrowser/view/migr_eipre/default/table,"Eurostat enforcement statistic - annual flow of detections, NOT a stock. Dataset migr_eipre, dimensions freq=A citizen=TOTAL reason=TOTAL apprehen=TOTAL sex=T age=TOTAL unit=PER. Rounded to nearest 5 by Eurostat.",current,This is the value held in panel_final.csv.
Lithuania,LTU,2012,irregular_proxy_detections,2080,0.0006958525515206,PANEL PRIMARY,"Eurostat, Third country nationals found to be illegally present (migr_eipre)",https://ec.europa.eu/eurostat/databrowser/view/migr_eipre/default/table,"Eurostat enforcement statistic - annual flow of detections, NOT a stock. Dataset migr_eipre, dimensions freq=A citizen=TOTAL reason=TOTAL apprehen=TOTAL sex=T age=TOTAL unit=PER. Rounded to nearest 5 by Eurostat.",current,This is the value held in panel_final.csv.
Lithuania,LTU,2013,irregular_proxy_detections,1910,0.0006449978894048,PANEL PRIMARY,"Eurostat, Third country nationals found to be illegally present (migr_eipre)",https://ec.europa.eu/eurostat/databrowser/view/migr_eipre/default/table,"Eurostat enforcement statistic - annual flow of detections, NOT a stock. Dataset migr_eipre, dimensions freq=A citizen=TOTAL reason=TOTAL apprehen=TOTAL sex=T age=TOTAL unit=PER. Rounded to nearest 5 by Eurostat.",current,This is the value held in panel_final.csv.
Lithuania,LTU,2014,irregular_proxy_detections,2465,0.0008392195020313,PANEL PRIMARY,"Eurostat, Third country nationals found to be illegally present (migr_eipre)",https://ec.europa.eu/eurostat/databrowser/view/migr_eipre/default/table,"Eurostat enforcement statistic - annual flow of detections, NOT a stock. Dataset migr_eipre, dimensions freq=A citizen=TOTAL reason=TOTAL apprehen=TOTAL sex=T age=TOTAL unit=PER. Rounded to nearest 5 by Eurostat.",current,This is the value held in panel_final.csv.
Lithuania,LTU,2015,irregular_proxy_detections,2040,0.0007007638669661,PANEL PRIMARY,"Eurostat, Third country nationals found to be illegally present (migr_eipre)",https://ec.europa.eu/eurostat/databrowser/view/migr_eipre/default/table,"Eurostat enforcement statistic - annual flow of detections, NOT a stock. Dataset migr_eipre, dimensions freq=A citizen=TOTAL reason=TOTAL apprehen=TOTAL sex=T age=TOTAL unit=PER. Rounded to nearest 5 by Eurostat.",current,This is the value held in panel_final.csv.
Lithuania,LTU,2016,irregular_proxy_detections,1920,0.0006672864553013,PANEL PRIMARY,"Eurostat, Third country nationals found to be illegally present (migr_eipre)",https://ec.europa.eu/eurostat/databrowser/view/migr_eipre/default/table,"Eurostat enforcement statistic - annual flow of detections, NOT a stock. Dataset migr_eipre, dimensions freq=A citizen=TOTAL reason=TOTAL apprehen=TOTAL sex=T age=TOTAL unit=PER. Rounded to nearest 5 by Eurostat.",current,This is the value held in panel_final.csv.
Lithuania,LTU,2017,irregular_proxy_detections,2210,0.0007774465910022,PANEL PRIMARY,"Eurostat, Third country nationals found to be illegally present (migr_eipre)",https://ec.europa.eu/eurostat/databrowser/view/migr_eipre/default/table,"Eurostat enforcement statistic - annual flow of detections, NOT a stock. Dataset migr_eipre, dimensions freq=A citizen=TOTAL reason=TOTAL apprehen=TOTAL sex=T age=TOTAL unit=PER. Rounded to nearest 5 by Eurostat.",current,This is the value held in panel_final.csv.
Lithuania,LTU,2018,irregular_proxy_detections,2660,0.0009435300794551,PANEL PRIMARY,"Eurostat, Third country nationals found to be illegally present (migr_eipre)",https://ec.europa.eu/eurostat/databrowser/view/migr_eipre/default/table,"Eurostat enforcement statistic - annual flow of detections, NOT a stock. Dataset migr_eipre, dimensions freq=A citizen=TOTAL reason=TOTAL apprehen=TOTAL sex=T age=TOTAL unit=PER. Rounded to nearest 5 by Eurostat.",current,This is the value held in panel_final.csv.
Lithuania,LTU,2019,irregular_proxy_detections,2440,0.0008679910170044,PANEL PRIMARY,"Eurostat, Third country nationals found to be illegally present (migr_eipre)",https://ec.europa.eu/eurostat/databrowser/view/migr_eipre/default/table,"Eurostat enforcement statistic - annual flow of detections, NOT a stock. Dataset migr_eipre, dimensions freq=A citizen=TOTAL reason=TOTAL apprehen=TOTAL sex=T age=TOTAL unit=PER. Rounded to nearest 5 by Eurostat.",current,This is the value held in panel_final.csv.
Lithuania,LTU,2020,irregular_proxy_detections,1960,0.0006974173142388,PANEL PRIMARY,"Eurostat, Third country nationals found to be illegally present (migr_eipre)",https://ec.europa.eu/eurostat/databrowser/view/migr_eipre/default/table,"Eurostat enforcement statistic - annual flow of detections, NOT a stock. Dataset migr_eipre, dimensions freq=A citizen=TOTAL reason=TOTAL apprehen=TOTAL sex=T age=TOTAL unit=PER. Rounded to nearest 5 by Eurostat.",current,This is the value held in panel_final.csv.
Lithuania,LTU,2021,irregular_proxy_detections,5025,0.0017892877744464,PANEL PRIMARY,"Eurostat, Third country nationals found to be illegally present (migr_eipre)",https://ec.europa.eu/eurostat/databrowser/view/migr_eipre/default/table,"Eurostat enforcement statistic - annual flow of detections, NOT a stock. Dataset migr_eipre, dimensions freq=A citizen=TOTAL reason=TOTAL apprehen=TOTAL sex=T age=TOTAL unit=PER. Rounded to nearest 5 by Eurostat.",current,This is the value held in panel_final.csv.
Lithuania,LTU,2022,irregular_proxy_detections,3450,0.0012183756474607,PANEL PRIMARY,"Eurostat, Third country nationals found to be illegally present (migr_eipre)",https://ec.europa.eu/eurostat/databrowser/view/migr_eipre/default/table,"Eurostat enforcement statistic - annual flow of detections, NOT a stock. Dataset migr_eipre, dimensions freq=A citizen=TOTAL reason=TOTAL apprehen=TOTAL sex=T age=TOTAL unit=PER. Rounded to nearest 5 by Eurostat.",current,This is the value held in panel_final.csv.
Mexico,MEX,2017,irregular_proxy_detections,93846,0.0007605020798329,PANEL PRIMARY,"Unidad de Politica Migratoria, Registro e Identidad de Personas (UPMRIP), SEGOB, Boletin de Estadisticas Migratorias, as compiled in IOM Mexico, Estadisticas migratorias 2023",https://mexico.iom.int/sites/g/files/tmzbdl1686/files/documents/2024-03/estadisticas-migratorias-2023.pdf,"ENFORCEMENT/TRANSIT FLOW, not a stock. EVENTS, not persons: 'eventos de personas en situacion migratoria irregular' presented to the Mexican migration authority during calendar year 2017. One person may be recorded multiple times. Largely transit migrants heading to the United States. Administrative count.",current,This is the value held in panel_final.csv.
Mexico,MEX,2018,irregular_proxy_detections,131445,0.0010551584194196,PANEL PRIMARY,"Unidad de Politica Migratoria, Registro e Identidad de Personas (UPMRIP), SEGOB, Boletin de Estadisticas Migratorias, as compiled in IOM Mexico, Estadisticas migratorias 2023",https://mexico.iom.int/sites/g/files/tmzbdl1686/files/documents/2024-03/estadisticas-migratorias-2023.pdf,"ENFORCEMENT/TRANSIT FLOW, not a stock. EVENTS, not persons: 'eventos de personas en situacion migratoria irregular' presented to the Mexican migration authority during calendar year 2018. One person may be recorded multiple times. Largely transit migrants. Administrative count.",current,This is the value held in panel_final.csv.
Mexico,MEX,2019,irregular_proxy_detections,182940,0.001454641080314,PANEL PRIMARY,"Unidad de Politica Migratoria, Registro e Identidad de Personas (UPMRIP), SEGOB, Boletin de Estadisticas Migratorias, as compiled in IOM Mexico, Estadisticas migratorias 2023",https://mexico.iom.int/sites/g/files/tmzbdl1686/files/documents/2024-03/estadisticas-migratorias-2023.pdf,"ENFORCEMENT/TRANSIT FLOW, not a stock. EVENTS, not persons: 'eventos de personas en situacion migratoria irregular' during calendar year 2019. Largely transit migrants. Administrative count. Independently corroborated at 182,940 in Papeles de Poblacion 29(118), SciELO Mexico, citing UPM.",current,This is the value held in panel_final.csv.
Mexico,MEX,2020,irregular_proxy_detections,82379,0.0006496815031443,PANEL PRIMARY,"Unidad de Politica Migratoria, Registro e Identidad de Personas (UPMRIP), SEGOB, Boletin de Estadisticas Migratorias, as compiled in IOM Mexico, Estadisticas migratorias 2023",https://mexico.iom.int/sites/g/files/tmzbdl1686/files/documents/2024-03/estadisticas-migratorias-2023.pdf,"ENFORCEMENT/TRANSIT FLOW, not a stock. EVENTS, not persons: 'eventos de personas en situacion migratoria irregular' during calendar year 2020 (COVID-19 year). Largely transit migrants. Administrative count. Independently corroborated at 82,379 in Papeles de Poblacion 29(118), SciELO Mexico.",current,This is the value held in panel_final.csv.
Mexico,MEX,2021,irregular_proxy_detections,309692,0.0024261378237935,PANEL PRIMARY,"Unidad de Politica Migratoria, Registro e Identidad de Personas (UPMRIP), SEGOB, Boletin de Estadisticas Migratorias, as compiled in IOM Mexico, Estadisticas migratorias 2023",https://mexico.iom.int/sites/g/files/tmzbdl1686/files/documents/2024-03/estadisticas-migratorias-2023.pdf,"ENFORCEMENT/TRANSIT FLOW, not a stock. EVENTS, not persons: 'eventos de personas en situacion migratoria irregular' during calendar year 2021. Largely transit migrants. Administrative count. Independently corroborated at 309,692 in Papeles de Poblacion 29(118), SciELO Mexico, and in the IOM Mexico Q2-2023 bulletin.",current,This is the value held in panel_final.csv.
Mexico,MEX,2022,irregular_proxy_detections,441409,0.0034320682858498,PANEL PRIMARY,"Unidad de Politica Migratoria, Registro e Identidad de Personas (UPMRIP), SEGOB, Boletin de Estadisticas Migratorias, as compiled in IOM Mexico, Estadisticas migratorias 2023",https://mexico.iom.int/sites/g/files/tmzbdl1686/files/documents/2024-03/estadisticas-migratorias-2023.pdf,"ENFORCEMENT/TRANSIT FLOW, not a stock. EVENTS, not persons: 'eventos de personas en situacion migratoria irregular' during calendar year 2022. Largely transit migrants. Administrative count. Vintage caveat: a later UPM vintage cited in Papeles de Poblacion 29(118) gives 444,439 for 2022; the value here is the IOM/UPMRIP bulletin figure used consistently across 2017-2022.",current,This is the value held in panel_final.csv.
Netherlands,NLD,2010,irregular_proxy_detections,7580,0.0004562034460332,PANEL PRIMARY,"Eurostat, Third country nationals found to be illegally present (migr_eipre)",https://ec.europa.eu/eurostat/databrowser/view/migr_eipre/default/table,"Eurostat enforcement statistic - annual flow of detections, NOT a stock. Dataset migr_eipre, dimensions freq=A citizen=TOTAL reason=TOTAL apprehen=TOTAL sex=T age=TOTAL unit=PER. Rounded to nearest 5 by Eurostat.",current,This is the value held in panel_final.csv.
Netherlands,NLD,2011,irregular_proxy_detections,6145,0.0003681167411107,PANEL PRIMARY,"Eurostat, Third country nationals found to be illegally present (migr_eipre)",https://ec.europa.eu/eurostat/databrowser/view/migr_eipre/default/table,"Eurostat enforcement statistic - annual flow of detections, NOT a stock. Dataset migr_eipre, dimensions freq=A citizen=TOTAL reason=TOTAL apprehen=TOTAL sex=T age=TOTAL unit=PER. Rounded to nearest 5 by Eurostat.",current,This is the value held in panel_final.csv.
Netherlands,NLD,2012,irregular_proxy_detections,4005,0.0002390336665639,PANEL PRIMARY,"Eurostat, Third country nationals found to be illegally present (migr_eipre)",https://ec.europa.eu/eurostat/databrowser/view/migr_eipre/default/table,"Eurostat enforcement statistic - annual flow of detections, NOT a stock. Dataset migr_eipre, dimensions freq=A citizen=TOTAL reason=TOTAL apprehen=TOTAL sex=T age=TOTAL unit=PER. Rounded to nearest 5 by Eurostat.",current,This is the value held in panel_final.csv.
Netherlands,NLD,2013,irregular_proxy_detections,2715,0.0001615645205978,PANEL PRIMARY,"Eurostat, Third country nationals found to be illegally present (migr_eipre)",https://ec.europa.eu/eurostat/databrowser/view/migr_eipre/default/table,"Eurostat enforcement statistic - annual flow of detections, NOT a stock. Dataset migr_eipre, dimensions freq=A citizen=TOTAL reason=TOTAL apprehen=TOTAL sex=T age=TOTAL unit=PER. Rounded to nearest 5 by Eurostat.",current,This is the value held in panel_final.csv.
Netherlands,NLD,2014,irregular_proxy_detections,2645,0.0001568336048224,PANEL PRIMARY,"Eurostat, Third country nationals found to be illegally present (migr_eipre)",https://ec.europa.eu/eurostat/databrowser/view/migr_eipre/default/table,"Eurostat enforcement statistic - annual flow of detections, NOT a stock. Dataset migr_eipre, dimensions freq=A citizen=TOTAL reason=TOTAL apprehen=TOTAL sex=T age=TOTAL unit=PER. Rounded to nearest 5 by Eurostat.",current,This is the value held in panel_final.csv.
Netherlands,NLD,2015,irregular_proxy_detections,3150,0.0001859512584561,PANEL PRIMARY,"Eurostat, Third country nationals found to be illegally present (migr_eipre)",https://ec.europa.eu/eurostat/databrowser/view/migr_eipre/default/table,"Eurostat enforcement statistic - annual flow of detections, NOT a stock. Dataset migr_eipre, dimensions freq=A citizen=TOTAL reason=TOTAL apprehen=TOTAL sex=T age=TOTAL unit=PER. Rounded to nearest 5 by Eurostat.",current,This is the value held in panel_final.csv.
Netherlands,NLD,2016,irregular_proxy_detections,2760,0.0001620639525495,PANEL PRIMARY,"Eurostat, Third country nationals found to be illegally present (migr_eipre)",https://ec.europa.eu/eurostat/databrowser/view/migr_eipre/default/table,"Eurostat enforcement statistic - annual flow of detections, NOT a stock. Dataset migr_eipre, dimensions freq=A citizen=TOTAL reason=TOTAL apprehen=TOTAL sex=T age=TOTAL unit=PER. Rounded to nearest 5 by Eurostat.",current,This is the value held in panel_final.csv.
Netherlands,NLD,2017,irregular_proxy_detections,2120,0.0001237501237501,PANEL PRIMARY,"Eurostat, Third country nationals found to be illegally present (migr_eipre)",https://ec.europa.eu/eurostat/databrowser/view/migr_eipre/default/table,"Eurostat enforcement statistic - annual flow of detections, NOT a stock. Dataset migr_eipre, dimensions freq=A citizen=TOTAL reason=TOTAL apprehen=TOTAL sex=T age=TOTAL unit=PER. Rounded to nearest 5 by Eurostat.",current,This is the value held in panel_final.csv.
Netherlands,NLD,2018,irregular_proxy_detections,2790,0.0001619116108847,PANEL PRIMARY,"Eurostat, Third country nationals found to be illegally present (migr_eipre)",https://ec.europa.eu/eurostat/databrowser/view/migr_eipre/default/table,"Eurostat enforcement statistic - annual flow of detections, NOT a stock. Dataset migr_eipre, dimensions freq=A citizen=TOTAL reason=TOTAL apprehen=TOTAL sex=T age=TOTAL unit=PER. Rounded to nearest 5 by Eurostat.",current,This is the value held in panel_final.csv.
Netherlands,NLD,2019,irregular_proxy_detections,3565,0.0002055362293205,PANEL PRIMARY,"Eurostat, Third country nationals found to be illegally present (migr_eipre)",https://ec.europa.eu/eurostat/databrowser/view/migr_eipre/default/table,"Eurostat enforcement statistic - annual flow of detections, NOT a stock. Dataset migr_eipre, dimensions freq=A citizen=TOTAL reason=TOTAL apprehen=TOTAL sex=T age=TOTAL unit=PER. Rounded to nearest 5 by Eurostat.",current,This is the value held in panel_final.csv.
Netherlands,NLD,2020,irregular_proxy_detections,3640,0.000208697646418,PANEL PRIMARY,"Eurostat, Third country nationals found to be illegally present (migr_eipre)",https://ec.europa.eu/eurostat/databrowser/view/migr_eipre/default/table,"Eurostat enforcement statistic - annual flow of detections, NOT a stock. Dataset migr_eipre, dimensions freq=A citizen=TOTAL reason=TOTAL apprehen=TOTAL sex=T age=TOTAL unit=PER. Rounded to nearest 5 by Eurostat.",current,This is the value held in panel_final.csv.
Netherlands,NLD,2021,irregular_proxy_detections,5010,0.0002857461602218,PANEL PRIMARY,"Eurostat, Third country nationals found to be illegally present (migr_eipre)",https://ec.europa.eu/eurostat/databrowser/view/migr_eipre/default/table,"Eurostat enforcement statistic - annual flow of detections, NOT a stock. Dataset migr_eipre, dimensions freq=A citizen=TOTAL reason=TOTAL apprehen=TOTAL sex=T age=TOTAL unit=PER. Rounded to nearest 5 by Eurostat.",current,This is the value held in panel_final.csv.
Netherlands,NLD,2022,irregular_proxy_detections,5475,0.000309304873594,PANEL PRIMARY,"Eurostat, Third country nationals found to be illegally present (migr_eipre)",https://ec.europa.eu/eurostat/databrowser/view/migr_eipre/default/table,"Eurostat enforcement statistic - annual flow of detections, NOT a stock. Dataset migr_eipre, dimensions freq=A citizen=TOTAL reason=TOTAL apprehen=TOTAL sex=T age=TOTAL unit=PER. Rounded to nearest 5 by Eurostat.",current,This is the value held in panel_final.csv.
Netherlands,NLD,2017,irregular_stock,40500,0.0023640943452264,PANEL PRIMARY,"Van der Heijden, Cruyff, Van Gils (WODC), Schattingen onrechtmatig in Nederland verblijvende vreemdelingen 2017-2018",https://www.wodc.nl/actueel/nieuws/2020/12/16/nieuwe-schatting-voor-de-periode-medio-2017---medio-2018,"Capture-recapture; this round used Dual Systems Estimation alongside the truncated Poisson model. Published range approximately 23000-58000 for mid-2017 to mid-2018; value is the midpoint of that range, no point estimate was published. Not strictly comparable with the later 2018-2023 series.",current,This is the value held in panel_final.csv.
Netherlands,NLD,2018,irregular_stock,34952,0.0020283636643882,PANEL PRIMARY,"Van der Heijden, Cruyff, Lugtig, Engbersen, Van Gils (WODC/Utrecht University/Erasmus University Rotterdam), Schattingen onrechtmatig in Nederland verblijvende vreemdelingen medio 2018-2019 tot medio 2022-2023",https://www.wodc.nl/actueel/nieuws/2026/03/31/nieuwe-schattingen-beschikbaar-over-het-aantal-vreemdelingen-zonder-verblijfsvergunning,"Capture-recapture (truncated Poisson regression) on police apprehension/detention records; reference period is mid-2018 to mid-2019, coded to the starting year. Point estimate with 95% CI 21056-48848. Overlapping CIs mean the 2018-2023 changes are not statistically significant.",current,This is the value held in panel_final.csv.
Netherlands,NLD,2019,irregular_stock,24124,0.00139084319667,PANEL PRIMARY,"Van der Heijden, Cruyff, Lugtig, Engbersen, Van Gils (WODC/Utrecht University/Erasmus University Rotterdam), Schattingen onrechtmatig in Nederland verblijvende vreemdelingen medio 2018-2019 tot medio 2022-2023",https://www.wodc.nl/actueel/nieuws/2026/03/31/nieuwe-schattingen-beschikbaar-over-het-aantal-vreemdelingen-zonder-verblijfsvergunning,"Capture-recapture (truncated Poisson regression) on police apprehension/detention records; reference period is mid-2019 to mid-2020, coded to the starting year. Point estimate with 95% CI 18511-29737. Overlapping CIs mean the 2018-2023 changes are not statistically significant.",current,This is the value held in panel_final.csv.
Netherlands,NLD,2020,irregular_stock,24283,0.0013922541065848,PANEL PRIMARY,"Van der Heijden, Cruyff, Lugtig, Engbersen, Van Gils (WODC/Utrecht University/Erasmus University Rotterdam), Schattingen onrechtmatig in Nederland verblijvende vreemdelingen medio 2018-2019 tot medio 2022-2023",https://www.wodc.nl/actueel/nieuws/2026/03/31/nieuwe-schattingen-beschikbaar-over-het-aantal-vreemdelingen-zonder-verblijfsvergunning,"Capture-recapture (truncated Poisson regression) on police apprehension/detention records; reference period is mid-2020 to mid-2021, coded to the starting year. Point estimate with 95% CI 19202-29364. Overlapping CIs mean the 2018-2023 changes are not statistically significant.",current,This is the value held in panel_final.csv.
Netherlands,NLD,2021,irregular_stock,20197,0.0011519391612774,PANEL PRIMARY,"Van der Heijden, Cruyff, Lugtig, Engbersen, Van Gils (WODC/Utrecht University/Erasmus University Rotterdam), Schattingen onrechtmatig in Nederland verblijvende vreemdelingen medio 2018-2019 tot medio 2022-2023",https://www.wodc.nl/actueel/nieuws/2026/03/31/nieuwe-schattingen-beschikbaar-over-het-aantal-vreemdelingen-zonder-verblijfsvergunning,"Capture-recapture (truncated Poisson regression) on police apprehension/detention records; reference period is mid-2021 to mid-2022, coded to the starting year. Point estimate with 95% CI 15923-24471. Overlapping CIs mean the 2018-2023 changes are not statistically significant.",current,This is the value held in panel_final.csv.
Netherlands,NLD,2022,irregular_stock,20065,0.0011335529294363,PANEL PRIMARY,"Van der Heijden, Cruyff, Lugtig, Engbersen, Van Gils (WODC/Utrecht University/Erasmus University Rotterdam), Schattingen onrechtmatig in Nederland verblijvende vreemdelingen medio 2018-2019 tot medio 2022-2023",https://www.wodc.nl/actueel/nieuws/2026/03/31/nieuwe-schattingen-beschikbaar-over-het-aantal-vreemdelingen-zonder-verblijfsvergunning,"Capture-recapture (truncated Poisson regression) on police apprehension/detention records; reference period is mid-2022 to mid-2023, coded to the starting year. Point estimate with 95% CI 16955-23175. Overlapping CIs mean the 2018-2023 changes are not statistically significant.",current,This is the value held in panel_final.csv.
Norway,NOR,2010,irregular_proxy_detections,2410,0.0004929179350951,PANEL PRIMARY,"Eurostat, Third country nationals found to be illegally present (migr_eipre)",https://ec.europa.eu/eurostat/databrowser/view/migr_eipre/default/table,"Eurostat enforcement statistic - annual flow of detections, NOT a stock. Dataset migr_eipre, dimensions freq=A citizen=TOTAL reason=TOTAL apprehen=TOTAL sex=T age=TOTAL unit=PER. Rounded to nearest 5 by Eurostat.",current,This is the value held in panel_final.csv.
Norway,NOR,2011,irregular_proxy_detections,1925,0.0003886464363241,PANEL PRIMARY,"Eurostat, Third country nationals found to be illegally present (migr_eipre)",https://ec.europa.eu/eurostat/databrowser/view/migr_eipre/default/table,"Eurostat enforcement statistic - annual flow of detections, NOT a stock. Dataset migr_eipre, dimensions freq=A citizen=TOTAL reason=TOTAL apprehen=TOTAL sex=T age=TOTAL unit=PER. Rounded to nearest 5 by Eurostat.",current,This is the value held in panel_final.csv.
Norway,NOR,2012,irregular_proxy_detections,2760,0.0005499571292476,PANEL PRIMARY,"Eurostat, Third country nationals found to be illegally present (migr_eipre)",https://ec.europa.eu/eurostat/databrowser/view/migr_eipre/default/table,"Eurostat enforcement statistic - annual flow of detections, NOT a stock. Dataset migr_eipre, dimensions freq=A citizen=TOTAL reason=TOTAL apprehen=TOTAL sex=T age=TOTAL unit=PER. Rounded to nearest 5 by Eurostat.",current,This is the value held in panel_final.csv.
Norway,NOR,2013,irregular_proxy_detections,3180,0.0006260307113342,PANEL PRIMARY,"Eurostat, Third country nationals found to be illegally present (migr_eipre)",https://ec.europa.eu/eurostat/databrowser/view/migr_eipre/default/table,"Eurostat enforcement statistic - annual flow of detections, NOT a stock. Dataset migr_eipre, dimensions freq=A citizen=TOTAL reason=TOTAL apprehen=TOTAL sex=T age=TOTAL unit=PER. Rounded to nearest 5 by Eurostat.",current,This is the value held in panel_final.csv.
Norway,NOR,2014,irregular_proxy_detections,3720,0.0007241253655665,PANEL PRIMARY,"Eurostat, Third country nationals found to be illegally present (migr_eipre)",https://ec.europa.eu/eurostat/databrowser/view/migr_eipre/default/table,"Eurostat enforcement statistic - annual flow of detections, NOT a stock. Dataset migr_eipre, dimensions freq=A citizen=TOTAL reason=TOTAL apprehen=TOTAL sex=T age=TOTAL unit=PER. Rounded to nearest 5 by Eurostat.",current,This is the value held in panel_final.csv.
Norway,NOR,2015,irregular_proxy_detections,5455,0.0010513419112297,PANEL PRIMARY,"Eurostat, Third country nationals found to be illegally present (migr_eipre)",https://ec.europa.eu/eurostat/databrowser/view/migr_eipre/default/table,"Eurostat enforcement statistic - annual flow of detections, NOT a stock. Dataset migr_eipre, dimensions freq=A citizen=TOTAL reason=TOTAL apprehen=TOTAL sex=T age=TOTAL unit=PER. Rounded to nearest 5 by Eurostat.",current,This is the value held in panel_final.csv.
Norway,NOR,2016,irregular_proxy_detections,5330,0.0010182406444603,PANEL PRIMARY,"Eurostat, Third country nationals found to be illegally present (migr_eipre)",https://ec.europa.eu/eurostat/databrowser/view/migr_eipre/default/table,"Eurostat enforcement statistic - annual flow of detections, NOT a stock. Dataset migr_eipre, dimensions freq=A citizen=TOTAL reason=TOTAL apprehen=TOTAL sex=T age=TOTAL unit=PER. Rounded to nearest 5 by Eurostat.",current,This is the value held in panel_final.csv.
Norway,NOR,2017,irregular_proxy_detections,3850,0.000729585625685,PANEL PRIMARY,"Eurostat, Third country nationals found to be illegally present (migr_eipre)",https://ec.europa.eu/eurostat/databrowser/view/migr_eipre/default/table,"Eurostat enforcement statistic - annual flow of detections, NOT a stock. Dataset migr_eipre, dimensions freq=A citizen=TOTAL reason=TOTAL apprehen=TOTAL sex=T age=TOTAL unit=PER. Rounded to nearest 5 by Eurostat.",current,This is the value held in panel_final.csv.
Norway,NOR,2018,irregular_proxy_detections,3230,0.0006080668444305,PANEL PRIMARY,"Eurostat, Third country nationals found to be illegally present (migr_eipre)",https://ec.europa.eu/eurostat/databrowser/view/migr_eipre/default/table,"Eurostat enforcement statistic - annual flow of detections, NOT a stock. Dataset migr_eipre, dimensions freq=A citizen=TOTAL reason=TOTAL apprehen=TOTAL sex=T age=TOTAL unit=PER. Rounded to nearest 5 by Eurostat.",current,This is the value held in panel_final.csv.
Norway,NOR,2019,irregular_proxy_detections,2915,0.0005450741749652,PANEL PRIMARY,"Eurostat, Third country nationals found to be illegally present (migr_eipre)",https://ec.europa.eu/eurostat/databrowser/view/migr_eipre/default/table,"Eurostat enforcement statistic - annual flow of detections, NOT a stock. Dataset migr_eipre, dimensions freq=A citizen=TOTAL reason=TOTAL apprehen=TOTAL sex=T age=TOTAL unit=PER. Rounded to nearest 5 by Eurostat.",current,This is the value held in panel_final.csv.
Norway,NOR,2020,irregular_proxy_detections,1900,0.0003531943172893,PANEL PRIMARY,"Eurostat, Third country nationals found to be illegally present (migr_eipre)",https://ec.europa.eu/eurostat/databrowser/view/migr_eipre/default/table,"Eurostat enforcement statistic - annual flow of detections, NOT a stock. Dataset migr_eipre, dimensions freq=A citizen=TOTAL reason=TOTAL apprehen=TOTAL sex=T age=TOTAL unit=PER. Rounded to nearest 5 by Eurostat.",current,This is the value held in panel_final.csv.
Norway,NOR,2021,irregular_proxy_detections,1430,0.0002644074315129,PANEL PRIMARY,"Eurostat, Third country nationals found to be illegally present (migr_eipre)",https://ec.europa.eu/eurostat/databrowser/view/migr_eipre/default/table,"Eurostat enforcement statistic - annual flow of detections, NOT a stock. Dataset migr_eipre, dimensions freq=A citizen=TOTAL reason=TOTAL apprehen=TOTAL sex=T age=TOTAL unit=PER. Rounded to nearest 5 by Eurostat.",current,This is the value held in panel_final.csv.
Norway,NOR,2022,irregular_proxy_detections,2305,0.0004223834262973,PANEL PRIMARY,"Eurostat, Third country nationals found to be illegally present (migr_eipre)",https://ec.europa.eu/eurostat/databrowser/view/migr_eipre/default/table,"Eurostat enforcement statistic - annual flow of detections, NOT a stock. Dataset migr_eipre, dimensions freq=A citizen=TOTAL reason=TOTAL apprehen=TOTAL sex=T age=TOTAL unit=PER. Rounded to nearest 5 by Eurostat.",current,This is the value held in panel_final.csv.
New Zealand,NZL,2010,irregular_proxy_overstayers,15614,0.0035888477716229,PANEL PRIMARY,"Immigration New Zealand (MBIE), 'OVERSTAYERS' factsheet, October 2018, released under the Official Information Act and published on FYI.org.nz",https://fyi.org.nz/request/29926/response/118942/attach/4/Appendix%20A%20Immigration%20New%20Zealand%20Overstayers%20Factsheet%202017.pdf,"estimated overstayer population (people unlawfully in New Zealand), reference date October 2010. Register-derived estimate from the INZ overstayer estimate series; INZ notes the methodology was revised for the December 2017 estimate, so figures up to October 2014 / January 2016 are on the older basis. The same table also reports 15,760 for April 2010; the later 2010 estimate is used here.",current,This is the value held in panel_final.csv.
New Zealand,NZL,2011,irregular_proxy_overstayers,15030,0.0034283759124087,PANEL PRIMARY,"Immigration New Zealand (MBIE), 'OVERSTAYERS' factsheet, October 2018, released under the Official Information Act and published on FYI.org.nz",https://fyi.org.nz/request/29926/response/118942/attach/4/Appendix%20A%20Immigration%20New%20Zealand%20Overstayers%20Factsheet%202017.pdf,"estimated overstayer population (people unlawfully in New Zealand), reference date May 2011. Register-derived estimate from the INZ overstayer estimate series; INZ notes the methodology was revised for the December 2017 estimate, so figures up to October 2014 / January 2016 are on the older basis.",current,This is the value held in panel_final.csv.
New Zealand,NZL,2012,irregular_proxy_overstayers,14044,0.0031859531317347,PANEL PRIMARY,"Immigration New Zealand (MBIE), 'OVERSTAYERS' factsheet, October 2018, released under the Official Information Act and published on FYI.org.nz",https://fyi.org.nz/request/29926/response/118942/attach/4/Appendix%20A%20Immigration%20New%20Zealand%20Overstayers%20Factsheet%202017.pdf,"estimated overstayer population (people unlawfully in New Zealand), reference date August 2012. Register-derived estimate from the INZ overstayer estimate series; INZ notes the methodology was revised for the December 2017 estimate, so figures up to October 2014 / January 2016 are on the older basis.",current,This is the value held in panel_final.csv.
New Zealand,NZL,2013,irregular_proxy_overstayers,13151,0.0029605366831003,PANEL PRIMARY,"Immigration New Zealand (MBIE), 'OVERSTAYERS' factsheet, October 2018, released under the Official Information Act and published on FYI.org.nz",https://fyi.org.nz/request/29926/response/118942/attach/4/Appendix%20A%20Immigration%20New%20Zealand%20Overstayers%20Factsheet%202017.pdf,"estimated overstayer population (people unlawfully in New Zealand), reference date September 2013. Register-derived estimate from the INZ overstayer estimate series; INZ notes the methodology was revised for the December 2017 estimate, so figures up to October 2014 / January 2016 are on the older basis.",current,This is the value held in panel_final.csv.
New Zealand,NZL,2014,irregular_proxy_overstayers,12162,0.002692793091996,PANEL PRIMARY,"Immigration New Zealand (MBIE), 'OVERSTAYERS' factsheet, October 2018, released under the Official Information Act and published on FYI.org.nz",https://fyi.org.nz/request/29926/response/118942/attach/4/Appendix%20A%20Immigration%20New%20Zealand%20Overstayers%20Factsheet%202017.pdf,"estimated overstayer population (people unlawfully in New Zealand), reference date October 2014. Register-derived estimate from the INZ overstayer estimate series; INZ notes the methodology was revised for the December 2017 estimate, so figures up to October 2014 / January 2016 are on the older basis.",current,This is the value held in panel_final.csv.
New Zealand,NZL,2016,irregular_proxy_overstayers,10894,0.0023109395218599,PANEL PRIMARY,"Immigration New Zealand (MBIE), 'OVERSTAYERS' factsheet, October 2018, released under the Official Information Act and published on FYI.org.nz",https://fyi.org.nz/request/29926/response/118942/attach/4/Appendix%20A%20Immigration%20New%20Zealand%20Overstayers%20Factsheet%202017.pdf,"estimated overstayer population (people unlawfully in New Zealand), reference date December 2016. Register-derived estimate from the INZ overstayer estimate series; INZ notes the methodology was revised for the December 2017 estimate, so figures up to October 2014 / January 2016 are on the older basis. The same table also reports 10,848 for January 2016; the December 2016 estimate is used here.",current,This is the value held in panel_final.csv.
New Zealand,NZL,2017,irregular_proxy_overstayers,14000,0.0029084261259764,PANEL PRIMARY,"Immigration New Zealand, New estimate of people who have overstayed their visa (5 September 2025)",https://immigration.govt.nz/assets/inz/documents/visa-paks/5-September-2025-New-estimate-of-people-who-have-overstayed-their-visa.pdf,"Reference year 2017. Register-derived estimate of the overstayer population, published as 'approximately 14,000'; INZ states it is not directly comparable with its later (2025) estimate because the methodology changed.",current,This is the value held in panel_final.csv.
Poland,POL,2010,irregular_proxy_detections,4005,0.0001052761792417,PANEL PRIMARY,"Eurostat, Third country nationals found to be illegally present (migr_eipre)",https://ec.europa.eu/eurostat/databrowser/view/migr_eipre/default/table,"Eurostat enforcement statistic - annual flow of detections, NOT a stock. Dataset migr_eipre, dimensions freq=A citizen=TOTAL reason=TOTAL apprehen=TOTAL sex=T age=TOTAL unit=PER. Rounded to nearest 5 by Eurostat.",current,This is the value held in panel_final.csv.
Poland,POL,2011,irregular_proxy_detections,6875,0.0001806203909781,PANEL PRIMARY,"Eurostat, Third country nationals found to be illegally present (migr_eipre)",https://ec.europa.eu/eurostat/databrowser/view/migr_eipre/default/table,"Eurostat enforcement statistic - annual flow of detections, NOT a stock. Dataset migr_eipre, dimensions freq=A citizen=TOTAL reason=TOTAL apprehen=TOTAL sex=T age=TOTAL unit=PER. Rounded to nearest 5 by Eurostat.",current,This is the value held in panel_final.csv.
Poland,POL,2012,irregular_proxy_detections,8140,0.0002138550541936,PANEL PRIMARY,"Eurostat, Third country nationals found to be illegally present (migr_eipre)",https://ec.europa.eu/eurostat/databrowser/view/migr_eipre/default/table,"Eurostat enforcement statistic - annual flow of detections, NOT a stock. Dataset migr_eipre, dimensions freq=A citizen=TOTAL reason=TOTAL apprehen=TOTAL sex=T age=TOTAL unit=PER. Rounded to nearest 5 by Eurostat.",current,This is the value held in panel_final.csv.
Poland,POL,2013,irregular_proxy_detections,9280,0.0002439524759546,PANEL PRIMARY,"Eurostat, Third country nationals found to be illegally present (migr_eipre)",https://ec.europa.eu/eurostat/databrowser/view/migr_eipre/default/table,"Eurostat enforcement statistic - annual flow of detections, NOT a stock. Dataset migr_eipre, dimensions freq=A citizen=TOTAL reason=TOTAL apprehen=TOTAL sex=T age=TOTAL unit=PER. Rounded to nearest 5 by Eurostat.",current,This is the value held in panel_final.csv.
Poland,POL,2014,irregular_proxy_detections,12050,0.0003170073662778,PANEL PRIMARY,"Eurostat, Third country nationals found to be illegally present (migr_eipre)",https://ec.europa.eu/eurostat/databrowser/view/migr_eipre/default/table,"Eurostat enforcement statistic - annual flow of detections, NOT a stock. Dataset migr_eipre, dimensions freq=A citizen=TOTAL reason=TOTAL apprehen=TOTAL sex=T age=TOTAL unit=PER. Rounded to nearest 5 by Eurostat.",current,This is the value held in panel_final.csv.
Poland,POL,2015,irregular_proxy_detections,16835,0.0004431847893399,PANEL PRIMARY,"Eurostat, Third country nationals found to be illegally present (migr_eipre)",https://ec.europa.eu/eurostat/databrowser/view/migr_eipre/default/table,"Eurostat enforcement statistic - annual flow of detections, NOT a stock. Dataset migr_eipre, dimensions freq=A citizen=TOTAL reason=TOTAL apprehen=TOTAL sex=T age=TOTAL unit=PER. Rounded to nearest 5 by Eurostat.",current,This is the value held in panel_final.csv.
Poland,POL,2016,irregular_proxy_detections,23375,0.0006156161822858,PANEL PRIMARY,"Eurostat, Third country nationals found to be illegally present (migr_eipre)",https://ec.europa.eu/eurostat/databrowser/view/migr_eipre/default/table,"Eurostat enforcement statistic - annual flow of detections, NOT a stock. Dataset migr_eipre, dimensions freq=A citizen=TOTAL reason=TOTAL apprehen=TOTAL sex=T age=TOTAL unit=PER. Rounded to nearest 5 by Eurostat.",current,This is the value held in panel_final.csv.
Poland,POL,2017,irregular_proxy_detections,28470,0.0007497071875984,PANEL PRIMARY,"Eurostat, Third country nationals found to be illegally present (migr_eipre)",https://ec.europa.eu/eurostat/databrowser/view/migr_eipre/default/table,"Eurostat enforcement statistic - annual flow of detections, NOT a stock. Dataset migr_eipre, dimensions freq=A citizen=TOTAL reason=TOTAL apprehen=TOTAL sex=T age=TOTAL unit=PER. Rounded to nearest 5 by Eurostat.",current,This is the value held in panel_final.csv.
Poland,POL,2018,irregular_proxy_detections,31245,0.0008227835601287,PANEL PRIMARY,"Eurostat, Third country nationals found to be illegally present (migr_eipre)",https://ec.europa.eu/eurostat/databrowser/view/migr_eipre/default/table,"Eurostat enforcement statistic - annual flow of detections, NOT a stock. Dataset migr_eipre, dimensions freq=A citizen=TOTAL reason=TOTAL apprehen=TOTAL sex=T age=TOTAL unit=PER. Rounded to nearest 5 by Eurostat.",current,This is the value held in panel_final.csv.
Poland,POL,2019,irregular_proxy_detections,30900,0.0008138973633281,PANEL PRIMARY,"Eurostat, Third country nationals found to be illegally present (migr_eipre)",https://ec.europa.eu/eurostat/databrowser/view/migr_eipre/default/table,"Eurostat enforcement statistic - annual flow of detections, NOT a stock. Dataset migr_eipre, dimensions freq=A citizen=TOTAL reason=TOTAL apprehen=TOTAL sex=T age=TOTAL unit=PER. Rounded to nearest 5 by Eurostat.",current,This is the value held in panel_final.csv.
Poland,POL,2020,irregular_proxy_detections,12170,0.0003243971038508,PANEL PRIMARY,"Eurostat, Third country nationals found to be illegally present (migr_eipre)",https://ec.europa.eu/eurostat/databrowser/view/migr_eipre/default/table,"Eurostat enforcement statistic - annual flow of detections, NOT a stock. Dataset migr_eipre, dimensions freq=A citizen=TOTAL reason=TOTAL apprehen=TOTAL sex=T age=TOTAL unit=PER. Rounded to nearest 5 by Eurostat.",current,This is the value held in panel_final.csv.
Poland,POL,2021,irregular_proxy_detections,12795,0.0003459832507331,PANEL PRIMARY,"Eurostat, Third country nationals found to be illegally present (migr_eipre)",https://ec.europa.eu/eurostat/databrowser/view/migr_eipre/default/table,"Eurostat enforcement statistic - annual flow of detections, NOT a stock. Dataset migr_eipre, dimensions freq=A citizen=TOTAL reason=TOTAL apprehen=TOTAL sex=T age=TOTAL unit=PER. Rounded to nearest 5 by Eurostat.",current,This is the value held in panel_final.csv.
Poland,POL,2022,irregular_proxy_detections,10510,0.0002854291359163,PANEL PRIMARY,"Eurostat, Third country nationals found to be illegally present (migr_eipre)",https://ec.europa.eu/eurostat/databrowser/view/migr_eipre/default/table,"Eurostat enforcement statistic - annual flow of detections, NOT a stock. Dataset migr_eipre, dimensions freq=A citizen=TOTAL reason=TOTAL apprehen=TOTAL sex=T age=TOTAL unit=PER. Rounded to nearest 5 by Eurostat.",current,This is the value held in panel_final.csv.
Portugal,PRT,2010,irregular_proxy_detections,9230,0.0008729700844596,PANEL PRIMARY,"Eurostat, Third country nationals found to be illegally present (migr_eipre)",https://ec.europa.eu/eurostat/databrowser/view/migr_eipre/default/table,"Eurostat enforcement statistic - annual flow of detections, NOT a stock. Dataset migr_eipre, dimensions freq=A citizen=TOTAL reason=TOTAL apprehen=TOTAL sex=T age=TOTAL unit=PER. Rounded to nearest 5 by Eurostat.",rejected,Input error: the Eurostat value for the next year was recorded under this year (corrected 2026-08-17; the panel holds the correctly aligned value). Not a valid estimate.
Portugal,PRT,2011,irregular_proxy_detections,9110,0.0008628887735423,PANEL PRIMARY,"Eurostat, Third country nationals found to be illegally present (migr_eipre)",https://ec.europa.eu/eurostat/databrowser/view/migr_eipre/default/table,"Eurostat enforcement statistic - annual flow of detections, NOT a stock. Dataset migr_eipre, dimensions freq=A citizen=TOTAL reason=TOTAL apprehen=TOTAL sex=T age=TOTAL unit=PER. Rounded to nearest 5 by Eurostat.",rejected,Input error: the Eurostat value for the next year was recorded under this year (corrected 2026-08-17; the panel holds the correctly aligned value). Not a valid estimate.
Portugal,PRT,2012,irregular_proxy_detections,5155,0.0004902592943842,PANEL PRIMARY,"Eurostat, Third country nationals found to be illegally present (migr_eipre)",https://ec.europa.eu/eurostat/databrowser/view/migr_eipre/default/table,"Eurostat enforcement statistic - annual flow of detections, NOT a stock. Dataset migr_eipre, dimensions freq=A citizen=TOTAL reason=TOTAL apprehen=TOTAL sex=T age=TOTAL unit=PER. Rounded to nearest 5 by Eurostat.",rejected,Input error: the Eurostat value for the next year was recorded under this year (corrected 2026-08-17; the panel holds the correctly aligned value). Not a valid estimate.
Portugal,PRT,2013,irregular_proxy_detections,4530,0.0004331904187459,PANEL PRIMARY,"Eurostat, Third country nationals found to be illegally present (migr_eipre)",https://ec.europa.eu/eurostat/databrowser/view/migr_eipre/default/table,"Eurostat enforcement statistic - annual flow of detections, NOT a stock. Dataset migr_eipre, dimensions freq=A citizen=TOTAL reason=TOTAL apprehen=TOTAL sex=T age=TOTAL unit=PER. Rounded to nearest 5 by Eurostat.",rejected,Input error: the Eurostat value for the next year was recorded under this year (corrected 2026-08-17; the panel holds the correctly aligned value). Not a valid estimate.
Portugal,PRT,2014,irregular_proxy_detections,5145,0.0004946610259606,PANEL PRIMARY,"Eurostat, Third country nationals found to be illegally present (migr_eipre)",https://ec.europa.eu/eurostat/databrowser/view/migr_eipre/default/table,"Eurostat enforcement statistic - annual flow of detections, NOT a stock. Dataset migr_eipre, dimensions freq=A citizen=TOTAL reason=TOTAL apprehen=TOTAL sex=T age=TOTAL unit=PER. Rounded to nearest 5 by Eurostat.",rejected,Input error: the Eurostat value for the next year was recorded under this year (corrected 2026-08-17; the panel holds the correctly aligned value). Not a valid estimate.
Portugal,PRT,2015,irregular_proxy_detections,6500,0.0006275296686373,PANEL PRIMARY,"Eurostat, Third country nationals found to be illegally present (migr_eipre)",https://ec.europa.eu/eurostat/databrowser/view/migr_eipre/default/table,"Eurostat enforcement statistic - annual flow of detections, NOT a stock. Dataset migr_eipre, dimensions freq=A citizen=TOTAL reason=TOTAL apprehen=TOTAL sex=T age=TOTAL unit=PER. Rounded to nearest 5 by Eurostat.",rejected,Input error: the Eurostat value for the next year was recorded under this year (corrected 2026-08-17; the panel holds the correctly aligned value). Not a valid estimate.
Portugal,PRT,2016,irregular_proxy_detections,6005,0.0005815726033107,PANEL PRIMARY,"Eurostat, Third country nationals found to be illegally present (migr_eipre)",https://ec.europa.eu/eurostat/databrowser/view/migr_eipre/default/table,"Eurostat enforcement statistic - annual flow of detections, NOT a stock. Dataset migr_eipre, dimensions freq=A citizen=TOTAL reason=TOTAL apprehen=TOTAL sex=T age=TOTAL unit=PER. Rounded to nearest 5 by Eurostat.",rejected,Input error: the Eurostat value for the next year was recorded under this year (corrected 2026-08-17; the panel holds the correctly aligned value). Not a valid estimate.
Portugal,PRT,2017,irregular_proxy_detections,4760,0.0004621224624525,PANEL PRIMARY,"Eurostat, Third country nationals found to be illegally present (migr_eipre)",https://ec.europa.eu/eurostat/databrowser/view/migr_eipre/default/table,"Eurostat enforcement statistic - annual flow of detections, NOT a stock. Dataset migr_eipre, dimensions freq=A citizen=TOTAL reason=TOTAL apprehen=TOTAL sex=T age=TOTAL unit=PER. Rounded to nearest 5 by Eurostat.",rejected,Input error: the Eurostat value for the next year was recorded under this year (corrected 2026-08-17; the panel holds the correctly aligned value). Not a valid estimate.
Portugal,PRT,2018,irregular_proxy_detections,5890,0.0005727442579227,PANEL PRIMARY,"Eurostat, Third country nationals found to be illegally present (migr_eipre)",https://ec.europa.eu/eurostat/databrowser/view/migr_eipre/default/table,"Eurostat enforcement statistic - annual flow of detections, NOT a stock. Dataset migr_eipre, dimensions freq=A citizen=TOTAL reason=TOTAL apprehen=TOTAL sex=T age=TOTAL unit=PER. Rounded to nearest 5 by Eurostat.",rejected,Input error: the Eurostat value for the next year was recorded under this year (corrected 2026-08-17; the panel holds the correctly aligned value). Not a valid estimate.
Portugal,PRT,2019,irregular_proxy_detections,3145,0.0003057475781048,PANEL PRIMARY,"Eurostat, Third country nationals found to be illegally present (migr_eipre)",https://ec.europa.eu/eurostat/databrowser/view/migr_eipre/default/table,"Eurostat enforcement statistic - annual flow of detections, NOT a stock. Dataset migr_eipre, dimensions freq=A citizen=TOTAL reason=TOTAL apprehen=TOTAL sex=T age=TOTAL unit=PER. Rounded to nearest 5 by Eurostat.",rejected,Input error: the Eurostat value for the next year was recorded under this year (corrected 2026-08-17; the panel holds the correctly aligned value). Not a valid estimate.
Portugal,PRT,2020,irregular_proxy_detections,1855,0.000180148141012,PANEL PRIMARY,"Eurostat, Third country nationals found to be illegally present (migr_eipre)",https://ec.europa.eu/eurostat/databrowser/view/migr_eipre/default/table,"Eurostat enforcement statistic - annual flow of detections, NOT a stock. Dataset migr_eipre, dimensions freq=A citizen=TOTAL reason=TOTAL apprehen=TOTAL sex=T age=TOTAL unit=PER. Rounded to nearest 5 by Eurostat.",rejected,Input error: the Eurostat value for the next year was recorded under this year (corrected 2026-08-17; the panel holds the correctly aligned value). Not a valid estimate.
Portugal,PRT,2021,irregular_proxy_detections,2170,0.0002094224466698,PANEL PRIMARY,"Eurostat, Third country nationals found to be illegally present (migr_eipre)",https://ec.europa.eu/eurostat/databrowser/view/migr_eipre/default/table,"Eurostat enforcement statistic - annual flow of detections, NOT a stock. Dataset migr_eipre, dimensions freq=A citizen=TOTAL reason=TOTAL apprehen=TOTAL sex=T age=TOTAL unit=PER. Rounded to nearest 5 by Eurostat.",rejected,Input error: the Eurostat value for the next year was recorded under this year (corrected 2026-08-17; the panel holds the correctly aligned value). Not a valid estimate.
Portugal,PRT,2022,irregular_proxy_detections,1615,0.0001547775171424,PANEL PRIMARY,"Eurostat, Third country nationals found to be illegally present (migr_eipre)",https://ec.europa.eu/eurostat/databrowser/view/migr_eipre/default/table,"Eurostat enforcement statistic - annual flow of detections, NOT a stock. Dataset migr_eipre, dimensions freq=A citizen=TOTAL reason=TOTAL apprehen=TOTAL sex=T age=TOTAL unit=PER. Rounded to nearest 5 by Eurostat.",rejected,Input error: the Eurostat value for the next year was recorded under this year (corrected 2026-08-17; the panel holds the correctly aligned value). Not a valid estimate.
Russia,RUS,2020,irregular_stock,1200000,0.0082618938844001,PANEL PRIMARY,"Russian Ministry of Internal Affairs (MVD) data, reported by The Moscow Times, 16 April 2021",https://www.themoscowtimes.com/2021/04/16/russia-tells-illegal-migrants-from-post-soviet-countries-to-leave-by-june-15-a73623,"ADMINISTRATIVE COUNT, not a modelled stock and not an enforcement flow: MVD register of nationals of post-Soviet/CIS states residing in Russia without valid documentation, as at late 2020. LOWER BOUND: source states 'more than 1.2 million'; recorded here as 1,200,000. Covers CIS nationals only (Uzbekistan 332,000; Tajikistan 247,000; Ukraine 152,000; Azerbaijan 120,000; Kyrgyzstan 115,000; Armenia 61,000; Moldova 56,000; Kazakhstan 49,000) and therefore excludes non-CIS irregular migrants. No published method statement accompanies the figure.",deleted,No numeric estimate exists in the archived source; deleted as untraceable (deleted_values.csv).
Slovak Republic,SVK,2010,irregular_proxy_detections,1440,0.0002670906483402,PANEL PRIMARY,"Eurostat, Third country nationals found to be illegally present (migr_eipre)",https://ec.europa.eu/eurostat/databrowser/view/migr_eipre/default/table,"Eurostat enforcement statistic - annual flow of detections, NOT a stock. Dataset migr_eipre, dimensions freq=A citizen=TOTAL reason=TOTAL apprehen=TOTAL sex=T age=TOTAL unit=PER. Rounded to nearest 5 by Eurostat.",current,This is the value held in panel_final.csv.
Slovak Republic,SVK,2011,irregular_proxy_detections,1145,0.0002121005100785,PANEL PRIMARY,"Eurostat, Third country nationals found to be illegally present (migr_eipre)",https://ec.europa.eu/eurostat/databrowser/view/migr_eipre/default/table,"Eurostat enforcement statistic - annual flow of detections, NOT a stock. Dataset migr_eipre, dimensions freq=A citizen=TOTAL reason=TOTAL apprehen=TOTAL sex=T age=TOTAL unit=PER. Rounded to nearest 5 by Eurostat.",current,This is the value held in panel_final.csv.
Slovak Republic,SVK,2012,irregular_proxy_detections,1395,0.0002579712658844,PANEL PRIMARY,"Eurostat, Third country nationals found to be illegally present (migr_eipre)",https://ec.europa.eu/eurostat/databrowser/view/migr_eipre/default/table,"Eurostat enforcement statistic - annual flow of detections, NOT a stock. Dataset migr_eipre, dimensions freq=A citizen=TOTAL reason=TOTAL apprehen=TOTAL sex=T age=TOTAL unit=PER. Rounded to nearest 5 by Eurostat.",current,This is the value held in panel_final.csv.
Slovak Republic,SVK,2013,irregular_proxy_detections,1025,0.0001893452036458,PANEL PRIMARY,"Eurostat, Third country nationals found to be illegally present (migr_eipre)",https://ec.europa.eu/eurostat/databrowser/view/migr_eipre/default/table,"Eurostat enforcement statistic - annual flow of detections, NOT a stock. Dataset migr_eipre, dimensions freq=A citizen=TOTAL reason=TOTAL apprehen=TOTAL sex=T age=TOTAL unit=PER. Rounded to nearest 5 by Eurostat.",current,This is the value held in panel_final.csv.
Slovak Republic,SVK,2014,irregular_proxy_detections,1155,0.0002131527618784,PANEL PRIMARY,"Eurostat, Third country nationals found to be illegally present (migr_eipre)",https://ec.europa.eu/eurostat/databrowser/view/migr_eipre/default/table,"Eurostat enforcement statistic - annual flow of detections, NOT a stock. Dataset migr_eipre, dimensions freq=A citizen=TOTAL reason=TOTAL apprehen=TOTAL sex=T age=TOTAL unit=PER. Rounded to nearest 5 by Eurostat.",current,This is the value held in panel_final.csv.
Slovak Republic,SVK,2015,irregular_proxy_detections,1985,0.0003659795040415,PANEL PRIMARY,"Eurostat, Third country nationals found to be illegally present (migr_eipre)",https://ec.europa.eu/eurostat/databrowser/view/migr_eipre/default/table,"Eurostat enforcement statistic - annual flow of detections, NOT a stock. Dataset migr_eipre, dimensions freq=A citizen=TOTAL reason=TOTAL apprehen=TOTAL sex=T age=TOTAL unit=PER. Rounded to nearest 5 by Eurostat.",current,This is the value held in panel_final.csv.
Slovak Republic,SVK,2016,irregular_proxy_detections,2035,0.0003747147288483,PANEL PRIMARY,"Eurostat, Third country nationals found to be illegally present (migr_eipre)",https://ec.europa.eu/eurostat/databrowser/view/migr_eipre/default/table,"Eurostat enforcement statistic - annual flow of detections, NOT a stock. Dataset migr_eipre, dimensions freq=A citizen=TOTAL reason=TOTAL apprehen=TOTAL sex=T age=TOTAL unit=PER. Rounded to nearest 5 by Eurostat.",current,This is the value held in panel_final.csv.
Slovak Republic,SVK,2017,irregular_proxy_detections,2590,0.0004761701651997,PANEL PRIMARY,"Eurostat, Third country nationals found to be illegally present (migr_eipre)",https://ec.europa.eu/eurostat/databrowser/view/migr_eipre/default/table,"Eurostat enforcement statistic - annual flow of detections, NOT a stock. Dataset migr_eipre, dimensions freq=A citizen=TOTAL reason=TOTAL apprehen=TOTAL sex=T age=TOTAL unit=PER. Rounded to nearest 5 by Eurostat.",current,This is the value held in panel_final.csv.
Slovak Republic,SVK,2018,irregular_proxy_detections,2635,0.0004837728628576,PANEL PRIMARY,"Eurostat, Third country nationals found to be illegally present (migr_eipre)",https://ec.europa.eu/eurostat/databrowser/view/migr_eipre/default/table,"Eurostat enforcement statistic - annual flow of detections, NOT a stock. Dataset migr_eipre, dimensions freq=A citizen=TOTAL reason=TOTAL apprehen=TOTAL sex=T age=TOTAL unit=PER. Rounded to nearest 5 by Eurostat.",current,This is the value held in panel_final.csv.
Slovak Republic,SVK,2019,irregular_proxy_detections,2005,0.0003676101872575,PANEL PRIMARY,"Eurostat, Third country nationals found to be illegally present (migr_eipre)",https://ec.europa.eu/eurostat/databrowser/view/migr_eipre/default/table,"Eurostat enforcement statistic - annual flow of detections, NOT a stock. Dataset migr_eipre, dimensions freq=A citizen=TOTAL reason=TOTAL apprehen=TOTAL sex=T age=TOTAL unit=PER. Rounded to nearest 5 by Eurostat.",current,This is the value held in panel_final.csv.
Slovak Republic,SVK,2020,irregular_proxy_detections,1215,0.0002225752895264,PANEL PRIMARY,"Eurostat, Third country nationals found to be illegally present (migr_eipre)",https://ec.europa.eu/eurostat/databrowser/view/migr_eipre/default/table,"Eurostat enforcement statistic - annual flow of detections, NOT a stock. Dataset migr_eipre, dimensions freq=A citizen=TOTAL reason=TOTAL apprehen=TOTAL sex=T age=TOTAL unit=PER. Rounded to nearest 5 by Eurostat.",current,This is the value held in panel_final.csv.
Slovak Republic,SVK,2021,irregular_proxy_detections,1715,0.0003148379355663,PANEL PRIMARY,"Eurostat, Third country nationals found to be illegally present (migr_eipre)",https://ec.europa.eu/eurostat/databrowser/view/migr_eipre/default/table,"Eurostat enforcement statistic - annual flow of detections, NOT a stock. Dataset migr_eipre, dimensions freq=A citizen=TOTAL reason=TOTAL apprehen=TOTAL sex=T age=TOTAL unit=PER. Rounded to nearest 5 by Eurostat.",current,This is the value held in panel_final.csv.
Slovak Republic,SVK,2022,irregular_proxy_detections,11705,0.0021549216532713,PANEL PRIMARY,"Eurostat, Third country nationals found to be illegally present (migr_eipre)",https://ec.europa.eu/eurostat/databrowser/view/migr_eipre/default/table,"Eurostat enforcement statistic - annual flow of detections, NOT a stock. Dataset migr_eipre, dimensions freq=A citizen=TOTAL reason=TOTAL apprehen=TOTAL sex=T age=TOTAL unit=PER. Rounded to nearest 5 by Eurostat.",current,This is the value held in panel_final.csv.
Slovenia,SVN,2010,irregular_proxy_detections,3415,0.0016670059255592,PANEL PRIMARY,"Eurostat, Third country nationals found to be illegally present (migr_eipre)",https://ec.europa.eu/eurostat/databrowser/view/migr_eipre/default/table,"Eurostat enforcement statistic - annual flow of detections, NOT a stock. Dataset migr_eipre, dimensions freq=A citizen=TOTAL reason=TOTAL apprehen=TOTAL sex=T age=TOTAL unit=PER. Rounded to nearest 5 by Eurostat.",current,This is the value held in panel_final.csv.
Slovenia,SVN,2011,irregular_proxy_detections,4350,0.0021190125109421,PANEL PRIMARY,"Eurostat, Third country nationals found to be illegally present (migr_eipre)",https://ec.europa.eu/eurostat/databrowser/view/migr_eipre/default/table,"Eurostat enforcement statistic - annual flow of detections, NOT a stock. Dataset migr_eipre, dimensions freq=A citizen=TOTAL reason=TOTAL apprehen=TOTAL sex=T age=TOTAL unit=PER. Rounded to nearest 5 by Eurostat.",current,This is the value held in panel_final.csv.
Slovenia,SVN,2012,irregular_proxy_detections,1555,0.0007558968460872,PANEL PRIMARY,"Eurostat, Third country nationals found to be illegally present (migr_eipre)",https://ec.europa.eu/eurostat/databrowser/view/migr_eipre/default/table,"Eurostat enforcement statistic - annual flow of detections, NOT a stock. Dataset migr_eipre, dimensions freq=A citizen=TOTAL reason=TOTAL apprehen=TOTAL sex=T age=TOTAL unit=PER. Rounded to nearest 5 by Eurostat.",current,This is the value held in panel_final.csv.
Slovenia,SVN,2013,irregular_proxy_detections,1040,0.0005048658877168,PANEL PRIMARY,"Eurostat, Third country nationals found to be illegally present (migr_eipre)",https://ec.europa.eu/eurostat/databrowser/view/migr_eipre/default/table,"Eurostat enforcement statistic - annual flow of detections, NOT a stock. Dataset migr_eipre, dimensions freq=A citizen=TOTAL reason=TOTAL apprehen=TOTAL sex=T age=TOTAL unit=PER. Rounded to nearest 5 by Eurostat.",current,This is the value held in panel_final.csv.
Slovenia,SVN,2014,irregular_proxy_detections,1025,0.0004970950251699,PANEL PRIMARY,"Eurostat, Third country nationals found to be illegally present (migr_eipre)",https://ec.europa.eu/eurostat/databrowser/view/migr_eipre/default/table,"Eurostat enforcement statistic - annual flow of detections, NOT a stock. Dataset migr_eipre, dimensions freq=A citizen=TOTAL reason=TOTAL apprehen=TOTAL sex=T age=TOTAL unit=PER. Rounded to nearest 5 by Eurostat.",current,This is the value held in panel_final.csv.
Slovenia,SVN,2015,irregular_proxy_detections,1025,0.0004967213964801,PANEL PRIMARY,"Eurostat, Third country nationals found to be illegally present (migr_eipre)",https://ec.europa.eu/eurostat/databrowser/view/migr_eipre/default/table,"Eurostat enforcement statistic - annual flow of detections, NOT a stock. Dataset migr_eipre, dimensions freq=A citizen=TOTAL reason=TOTAL apprehen=TOTAL sex=T age=TOTAL unit=PER. Rounded to nearest 5 by Eurostat.",current,This is the value held in panel_final.csv.
Slovenia,SVN,2016,irregular_proxy_detections,2475,0.0011985228387606,PANEL PRIMARY,"Eurostat, Third country nationals found to be illegally present (migr_eipre)",https://ec.europa.eu/eurostat/databrowser/view/migr_eipre/default/table,"Eurostat enforcement statistic - annual flow of detections, NOT a stock. Dataset migr_eipre, dimensions freq=A citizen=TOTAL reason=TOTAL apprehen=TOTAL sex=T age=TOTAL unit=PER. Rounded to nearest 5 by Eurostat.",current,This is the value held in panel_final.csv.
Slovenia,SVN,2017,irregular_proxy_detections,4180,0.0020228534041041,PANEL PRIMARY,"Eurostat, Third country nationals found to be illegally present (migr_eipre)",https://ec.europa.eu/eurostat/databrowser/view/migr_eipre/default/table,"Eurostat enforcement statistic - annual flow of detections, NOT a stock. Dataset migr_eipre, dimensions freq=A citizen=TOTAL reason=TOTAL apprehen=TOTAL sex=T age=TOTAL unit=PER. Rounded to nearest 5 by Eurostat.",current,This is the value held in panel_final.csv.
Slovenia,SVN,2018,irregular_proxy_detections,4345,0.0020950926132193,PANEL PRIMARY,"Eurostat, Third country nationals found to be illegally present (migr_eipre)",https://ec.europa.eu/eurostat/databrowser/view/migr_eipre/default/table,"Eurostat enforcement statistic - annual flow of detections, NOT a stock. Dataset migr_eipre, dimensions freq=A citizen=TOTAL reason=TOTAL apprehen=TOTAL sex=T age=TOTAL unit=PER. Rounded to nearest 5 by Eurostat.",current,This is the value held in panel_final.csv.
Slovenia,SVN,2019,irregular_proxy_detections,5765,0.0027605063242649,PANEL PRIMARY,"Eurostat, Third country nationals found to be illegally present (migr_eipre)",https://ec.europa.eu/eurostat/databrowser/view/migr_eipre/default/table,"Eurostat enforcement statistic - annual flow of detections, NOT a stock. Dataset migr_eipre, dimensions freq=A citizen=TOTAL reason=TOTAL apprehen=TOTAL sex=T age=TOTAL unit=PER. Rounded to nearest 5 by Eurostat.",current,This is the value held in panel_final.csv.
Slovenia,SVN,2020,irregular_proxy_detections,4605,0.0021903340865926,PANEL PRIMARY,"Eurostat, Third country nationals found to be illegally present (migr_eipre)",https://ec.europa.eu/eurostat/databrowser/view/migr_eipre/default/table,"Eurostat enforcement statistic - annual flow of detections, NOT a stock. Dataset migr_eipre, dimensions freq=A citizen=TOTAL reason=TOTAL apprehen=TOTAL sex=T age=TOTAL unit=PER. Rounded to nearest 5 by Eurostat.",current,This is the value held in panel_final.csv.
Slovenia,SVN,2021,irregular_proxy_detections,14430,0.0068450945149588,PANEL PRIMARY,"Eurostat, Third country nationals found to be illegally present (migr_eipre)",https://ec.europa.eu/eurostat/databrowser/view/migr_eipre/default/table,"Eurostat enforcement statistic - annual flow of detections, NOT a stock. Dataset migr_eipre, dimensions freq=A citizen=TOTAL reason=TOTAL apprehen=TOTAL sex=T age=TOTAL unit=PER. Rounded to nearest 5 by Eurostat.",current,This is the value held in panel_final.csv.
Slovenia,SVN,2022,irregular_proxy_detections,35215,0.0166731689579352,PANEL PRIMARY,"Eurostat, Third country nationals found to be illegally present (migr_eipre)",https://ec.europa.eu/eurostat/databrowser/view/migr_eipre/default/table,"Eurostat enforcement statistic - annual flow of detections, NOT a stock. Dataset migr_eipre, dimensions freq=A citizen=TOTAL reason=TOTAL apprehen=TOTAL sex=T age=TOTAL unit=PER. Rounded to nearest 5 by Eurostat.",current,This is the value held in panel_final.csv.
Sweden,SWE,2010,irregular_proxy_detections,20765,0.0022141950321418,PANEL PRIMARY,"Eurostat, Third country nationals found to be illegally present (migr_eipre)",https://ec.europa.eu/eurostat/databrowser/view/migr_eipre/default/table,"Eurostat enforcement statistic - annual flow of detections, NOT a stock. Dataset migr_eipre, dimensions freq=A citizen=TOTAL reason=TOTAL apprehen=TOTAL sex=T age=TOTAL unit=PER. Rounded to nearest 5 by Eurostat. Break in series: Sweden's 2013 figure (72835) and earlier years are not comparable with 2014 onwards owing to a change in national reporting practice.",rejected,Input error: the Eurostat value for the next year was recorded under this year (corrected 2026-08-17; the panel holds the correctly aligned value). Not a valid estimate.
Sweden,SWE,2011,irregular_proxy_detections,23205,0.0024557600722938,PANEL PRIMARY,"Eurostat, Third country nationals found to be illegally present (migr_eipre)",https://ec.europa.eu/eurostat/databrowser/view/migr_eipre/default/table,"Eurostat enforcement statistic - annual flow of detections, NOT a stock. Dataset migr_eipre, dimensions freq=A citizen=TOTAL reason=TOTAL apprehen=TOTAL sex=T age=TOTAL unit=PER. Rounded to nearest 5 by Eurostat. Break in series: Sweden's 2013 figure (72835) and earlier years are not comparable with 2014 onwards owing to a change in national reporting practice.",rejected,Input error: the Eurostat value for the next year was recorded under this year (corrected 2026-08-17; the panel holds the correctly aligned value). Not a valid estimate.
Sweden,SWE,2012,irregular_proxy_detections,24400,0.002563193756228,PANEL PRIMARY,"Eurostat, Third country nationals found to be illegally present (migr_eipre)",https://ec.europa.eu/eurostat/databrowser/view/migr_eipre/default/table,"Eurostat enforcement statistic - annual flow of detections, NOT a stock. Dataset migr_eipre, dimensions freq=A citizen=TOTAL reason=TOTAL apprehen=TOTAL sex=T age=TOTAL unit=PER. Rounded to nearest 5 by Eurostat. Break in series: Sweden's 2013 figure (72835) and earlier years are not comparable with 2014 onwards owing to a change in national reporting practice.",rejected,Input error: the Eurostat value for the next year was recorded under this year (corrected 2026-08-17; the panel holds the correctly aligned value). Not a valid estimate.
Sweden,SWE,2013,irregular_proxy_detections,72835,0.0075866796508762,PANEL PRIMARY,"Eurostat, Third country nationals found to be illegally present (migr_eipre)",https://ec.europa.eu/eurostat/databrowser/view/migr_eipre/default/table,"Eurostat enforcement statistic - annual flow of detections, NOT a stock. Dataset migr_eipre, dimensions freq=A citizen=TOTAL reason=TOTAL apprehen=TOTAL sex=T age=TOTAL unit=PER. Rounded to nearest 5 by Eurostat. Break in series: Sweden's 2013 figure (72835) and earlier years are not comparable with 2014 onwards owing to a change in national reporting practice.",rejected,Input error: the Eurostat value for the next year was recorded under this year (corrected 2026-08-17; the panel holds the correctly aligned value). Not a valid estimate.
Sweden,SWE,2014,irregular_proxy_detections,1445,0.0001490288373378,PANEL PRIMARY,"Eurostat, Third country nationals found to be illegally present (migr_eipre)",https://ec.europa.eu/eurostat/databrowser/view/migr_eipre/default/table,"Eurostat enforcement statistic - annual flow of detections, NOT a stock. Dataset migr_eipre, dimensions freq=A citizen=TOTAL reason=TOTAL apprehen=TOTAL sex=T age=TOTAL unit=PER. Rounded to nearest 5 by Eurostat. Break in series: Sweden's 2013 figure (72835) and earlier years are not comparable with 2014 onwards owing to a change in national reporting practice.",rejected,Input error: the Eurostat value for the next year was recorded under this year (corrected 2026-08-17; the panel holds the correctly aligned value). Not a valid estimate.
Sweden,SWE,2015,irregular_proxy_detections,1210,0.0001234796441255,PANEL PRIMARY,"Eurostat, Third country nationals found to be illegally present (migr_eipre)",https://ec.europa.eu/eurostat/databrowser/view/migr_eipre/default/table,"Eurostat enforcement statistic - annual flow of detections, NOT a stock. Dataset migr_eipre, dimensions freq=A citizen=TOTAL reason=TOTAL apprehen=TOTAL sex=T age=TOTAL unit=PER. Rounded to nearest 5 by Eurostat. Break in series: Sweden's 2013 figure (72835) and earlier years are not comparable with 2014 onwards owing to a change in national reporting practice.",rejected,Input error: the Eurostat value for the next year was recorded under this year (corrected 2026-08-17; the panel holds the correctly aligned value). Not a valid estimate.
Sweden,SWE,2016,irregular_proxy_detections,2145,0.0002161626147513,PANEL PRIMARY,"Eurostat, Third country nationals found to be illegally present (migr_eipre)",https://ec.europa.eu/eurostat/databrowser/view/migr_eipre/default/table,"Eurostat enforcement statistic - annual flow of detections, NOT a stock. Dataset migr_eipre, dimensions freq=A citizen=TOTAL reason=TOTAL apprehen=TOTAL sex=T age=TOTAL unit=PER. Rounded to nearest 5 by Eurostat. Break in series: Sweden's 2013 figure (72835) and earlier years are not comparable with 2014 onwards owing to a change in national reporting practice.",rejected,Input error: the Eurostat value for the next year was recorded under this year (corrected 2026-08-17; the panel holds the correctly aligned value). Not a valid estimate.
Sweden,SWE,2017,irregular_proxy_detections,1720,0.0001710132875335,PANEL PRIMARY,"Eurostat, Third country nationals found to be illegally present (migr_eipre)",https://ec.europa.eu/eurostat/databrowser/view/migr_eipre/default/table,"Eurostat enforcement statistic - annual flow of detections, NOT a stock. Dataset migr_eipre, dimensions freq=A citizen=TOTAL reason=TOTAL apprehen=TOTAL sex=T age=TOTAL unit=PER. Rounded to nearest 5 by Eurostat. Break in series: Sweden's 2013 figure (72835) and earlier years are not comparable with 2014 onwards owing to a change in national reporting practice.",rejected,Input error: the Eurostat value for the next year was recorded under this year (corrected 2026-08-17; the panel holds the correctly aligned value). Not a valid estimate.
Sweden,SWE,2018,irregular_proxy_detections,2170,0.000213263327926,PANEL PRIMARY,"Eurostat, Third country nationals found to be illegally present (migr_eipre)",https://ec.europa.eu/eurostat/databrowser/view/migr_eipre/default/table,"Eurostat enforcement statistic - annual flow of detections, NOT a stock. Dataset migr_eipre, dimensions freq=A citizen=TOTAL reason=TOTAL apprehen=TOTAL sex=T age=TOTAL unit=PER. Rounded to nearest 5 by Eurostat. Break in series: Sweden's 2013 figure (72835) and earlier years are not comparable with 2014 onwards owing to a change in national reporting practice.",rejected,Input error: the Eurostat value for the next year was recorded under this year (corrected 2026-08-17; the panel holds the correctly aligned value). Not a valid estimate.
Sweden,SWE,2019,irregular_proxy_detections,2615,0.0002544049759472,PANEL PRIMARY,"Eurostat, Third country nationals found to be illegally present (migr_eipre)",https://ec.europa.eu/eurostat/databrowser/view/migr_eipre/default/table,"Eurostat enforcement statistic - annual flow of detections, NOT a stock. Dataset migr_eipre, dimensions freq=A citizen=TOTAL reason=TOTAL apprehen=TOTAL sex=T age=TOTAL unit=PER. Rounded to nearest 5 by Eurostat. Break in series: Sweden's 2013 figure (72835) and earlier years are not comparable with 2014 onwards owing to a change in national reporting practice.",rejected,Input error: the Eurostat value for the next year was recorded under this year (corrected 2026-08-17; the panel holds the correctly aligned value). Not a valid estimate.
Sweden,SWE,2020,irregular_proxy_detections,2635,0.000254504733788,PANEL PRIMARY,"Eurostat, Third country nationals found to be illegally present (migr_eipre)",https://ec.europa.eu/eurostat/databrowser/view/migr_eipre/default/table,"Eurostat enforcement statistic - annual flow of detections, NOT a stock. Dataset migr_eipre, dimensions freq=A citizen=TOTAL reason=TOTAL apprehen=TOTAL sex=T age=TOTAL unit=PER. Rounded to nearest 5 by Eurostat. Break in series: Sweden's 2013 figure (72835) and earlier years are not comparable with 2014 onwards owing to a change in national reporting practice.",rejected,Input error: the Eurostat value for the next year was recorded under this year (corrected 2026-08-17; the panel holds the correctly aligned value). Not a valid estimate.
Sweden,SWE,2021,irregular_proxy_detections,2455,0.0002356993612883,PANEL PRIMARY,"Eurostat, Third country nationals found to be illegally present (migr_eipre)",https://ec.europa.eu/eurostat/databrowser/view/migr_eipre/default/table,"Eurostat enforcement statistic - annual flow of detections, NOT a stock. Dataset migr_eipre, dimensions freq=A citizen=TOTAL reason=TOTAL apprehen=TOTAL sex=T age=TOTAL unit=PER. Rounded to nearest 5 by Eurostat. Break in series: Sweden's 2013 figure (72835) and earlier years are not comparable with 2014 onwards owing to a change in national reporting practice.",rejected,Input error: the Eurostat value for the next year was recorded under this year (corrected 2026-08-17; the panel holds the correctly aligned value). Not a valid estimate.
Sweden,SWE,2022,irregular_proxy_detections,2510,0.0002393452962117,PANEL PRIMARY,"Eurostat, Third country nationals found to be illegally present (migr_eipre)",https://ec.europa.eu/eurostat/databrowser/view/migr_eipre/default/table,"Eurostat enforcement statistic - annual flow of detections, NOT a stock. Dataset migr_eipre, dimensions freq=A citizen=TOTAL reason=TOTAL apprehen=TOTAL sex=T age=TOTAL unit=PER. Rounded to nearest 5 by Eurostat. Break in series: Sweden's 2013 figure (72835) and earlier years are not comparable with 2014 onwards owing to a change in national reporting practice.",rejected,Input error: the Eurostat value for the next year was recorded under this year (corrected 2026-08-17; the panel holds the correctly aligned value). Not a valid estimate.
Turkey,TUR,2010,irregular_proxy_detections,32667,0.0004466234585666,PANEL PRIMARY,Presidency of Migration Management / Goc Idaresi Baskanligi (GIB) figures reported by Demiroren Haber Ajansi (DHA),https://www.dha.com.tr/gundem/guzel-yasam-icin-hedef-ulke-turkiyede-20-yilda-2-6-milyon-duzensiz-gocmen-yakalandi-2478884,"ENFORCEMENT/TRANSIT FLOW, not a stock: number of irregular migrants apprehended during calendar year 2010. Administrative apprehension count published by DGMM/PMM. Syrians under temporary protection are excluded from this series. goc.gov.tr publishes the series only as images; value read from DHA reporting quoting GIB verbatim ('en az yakalandigi yil 32 bin 667 ile 2010 oldu').",current,This is the value held in panel_final.csv.
Turkey,TUR,2014,irregular_proxy_detections,58647,0.0007598544756953,PANEL PRIMARY,Presidency of Migration Management / Goc Idaresi Baskanligi (GIB) figures reported by Demiroren Haber Ajansi (DHA),https://www.dha.com.tr/gundem/guzel-yasam-icin-hedef-ulke-turkiyede-20-yilda-2-6-milyon-duzensiz-gocmen-yakalandi-2478884,"ENFORCEMENT/TRANSIT FLOW, not a stock: irregular migrants apprehended during calendar year 2014. Administrative apprehension count published by DGMM/PMM. Syrians under temporary protection excluded. Verbatim: '2014te 58 bin 647 duzensiz gocmen yakalanirken'.",current,This is the value held in panel_final.csv.
Turkey,TUR,2015,irregular_proxy_detections,146485,0.001872767175644,PANEL PRIMARY,Presidency of Migration Management / Goc Idaresi Baskanligi (GIB) figures reported by Demiroren Haber Ajansi (DHA),https://www.dha.com.tr/gundem/guzel-yasam-icin-hedef-ulke-turkiyede-20-yilda-2-6-milyon-duzensiz-gocmen-yakalandi-2478884,"ENFORCEMENT/TRANSIT FLOW, not a stock: irregular migrants apprehended during calendar year 2015. Administrative apprehension count published by DGMM/PMM. Syrians under temporary protection excluded.",current,This is the value held in panel_final.csv.
Turkey,TUR,2018,irregular_proxy_detections,268003,0.0032921287899778,PANEL PRIMARY,Presidency of Migration Management / Goc Idaresi Baskanligi (GIB) figures reported by Demiroren Haber Ajansi (DHA),https://www.dha.com.tr/gundem/guzel-yasam-icin-hedef-ulke-turkiyede-20-yilda-2-6-milyon-duzensiz-gocmen-yakalandi-2478884,"ENFORCEMENT/TRANSIT FLOW, not a stock: irregular migrants apprehended during calendar year 2018. Administrative apprehension count published by DGMM/PMM. Syrians under temporary protection excluded.",current,This is the value held in panel_final.csv.
Turkey,TUR,2019,irregular_proxy_detections,454662,0.0055057530058329,PANEL PRIMARY,Presidency of Migration Management / Goc Idaresi Baskanligi (GIB) figures reported by Demiroren Haber Ajansi (DHA),https://www.dha.com.tr/gundem/guzel-yasam-icin-hedef-ulke-turkiyede-20-yilda-2-6-milyon-duzensiz-gocmen-yakalandi-2478884,"ENFORCEMENT/TRANSIT FLOW, not a stock: irregular migrants apprehended during calendar year 2019 (peak year on record). Administrative apprehension count published by DGMM/PMM. Syrians under temporary protection excluded. Independently corroborated at 454,662 by AIDA/ECRE country report on Turkiye citing PMM.",current,This is the value held in panel_final.csv.
Turkey,TUR,2020,irregular_proxy_detections,122302,0.0014667202656411,PANEL PRIMARY,Presidency of Migration Management / Goc Idaresi Baskanligi (GIB) figures reported by Demiroren Haber Ajansi (DHA),https://www.dha.com.tr/gundem/guzel-yasam-icin-hedef-ulke-turkiyede-20-yilda-2-6-milyon-duzensiz-gocmen-yakalandi-2478884,"ENFORCEMENT/TRANSIT FLOW, not a stock: irregular migrants apprehended during calendar year 2020 (COVID-19 border closures). Administrative apprehension count published by DGMM/PMM. Syrians under temporary protection excluded.",current,This is the value held in panel_final.csv.
Turkey,TUR,2021,irregular_proxy_detections,162996,0.0019370314333726,PANEL PRIMARY,Presidency of Migration Management / Goc Idaresi Baskanligi (GIB) data tabulated in Turkiye'nin Duzensiz Gocle Mucadele Stratejisine Iliskin Bir Degerlendirme (DergiPark),https://dergipark.org.tr/tr/download/article-file/3843070,"ENFORCEMENT/TRANSIT FLOW, not a stock: irregular migrants apprehended during calendar year 2021. Administrative apprehension count published by DGMM/PMM (cited as GIB 2024h). Syrians under temporary protection excluded. Same value also appears in the AYBU-GPM Turkiye Goc ve Insan Hareketlilikleri Yillik Raporu 2021. The adjacent values in this source for 2019, 2020, 2022 and 2023 match the DGMM figures exactly, which anchors the 2021 reading.",current,This is the value held in panel_final.csv.
Turkey,TUR,2022,irregular_proxy_detections,285027,0.003354051445075,PANEL PRIMARY,Presidency of Migration Management / Goc Idaresi Baskanligi (GIB) figures reported by Demiroren Haber Ajansi (DHA),https://www.dha.com.tr/gundem/guzel-yasam-icin-hedef-ulke-turkiyede-20-yilda-2-6-milyon-duzensiz-gocmen-yakalandi-2478884,"ENFORCEMENT/TRANSIT FLOW, not a stock: irregular migrants apprehended during calendar year 2022. Administrative apprehension count published by DGMM/PMM. Syrians under temporary protection excluded. Verbatim: '2022de 285 bin 27'.",current,This is the value held in panel_final.csv.
Taiwan,TWN,2019,irregular_proxy_absconded_workers,47632,0.002018038207743798,ALTERNATIVE - 31 July stock (not year-end),"National Immigration Agency / Ministry of Labor (失聯移工), reported by the Legislative Yuan Budget Center, October 2019",https://www.ly.gov.tw/Pages/Detail.aspx?nodeid=33580&pid=188916,"Stock at 31 July 2019. Held in the panel until 2026-10-07; replaced by the Ministry of Labor year-end stock (48,491) so the column is year-end throughout.",superseded,Replaced in the panel by the Ministry of Labor year-end stock.
Taiwan,TWN,2011,irregular_proxy_overstayers,33730,0.0014523143164693,PANEL PRIMARY,"Ministry of Labor, Republic of China (Taiwan), Monthly Bulletin of Labour Statistics, Table 12-7 Status of the Missing Foreign Workers by Nationality (表 12-7 失聯移工概況—按國籍分)",https://statdb.mol.gov.tw/html/mon/212070.pdf,"absconded / missing migrant workers (失聯移工), stock at END OF YEAR 2011. Counts migrant workers whose employment permit has lapsed and who have not been located. This is the Ministry of Labor absconded-worker measure, a DIFFERENT series from the National Immigration Agency 逾期停留/逾期居留 (overstaying visit / overstaying residence) counts used for TWN 2014-2018; the two are not additive and not directly comparable.",reclassified,"This is the Ministry of Labor missing-worker count (Table 12-7); it now sits in irregular_proxy_absconded_workers, not in the overstay column."
Taiwan,TWN,2012,irregular_proxy_overstayers,63181,0.002709790802142854,ALTERNATIVE - COMPONENT (foreign nationals only),"National Immigration Agency, as tabulated in the Legislative Yuan Budget Center report of July 2019 (附表11, 外國人 column)",https://www.ly.gov.tw/Pages/Detail.aspx?nodeid=33342&pid=184411,The foreign-national component of the overstay total in the panel (which covers all categories). Use it if the intended universe is foreign nationals only.,component,"The foreign-national part of a total that is held in the panel; a different universe, not a rival estimate."
Taiwan,TWN,2012,irregular_proxy_overstayers,37177,0.0015944844741808,PANEL PRIMARY,"Ministry of Labor, Republic of China (Taiwan), Monthly Bulletin of Labour Statistics, Table 12-7 Status of the Missing Foreign Workers by Nationality (表 12-7 失聯移工概況—按國籍分)",https://statdb.mol.gov.tw/html/mon/212070.pdf,"absconded / missing migrant workers (失聯移工), stock at END OF YEAR 2012. Counts migrant workers whose employment permit has lapsed and who have not been located. This is the Ministry of Labor absconded-worker measure, a DIFFERENT series from the National Immigration Agency 逾期停留/逾期居留 (overstaying visit / overstaying residence) counts used for TWN 2014-2018; the two are not additive and not directly comparable.",reclassified,"This is the Ministry of Labor missing-worker count (Table 12-7); it now sits in irregular_proxy_absconded_workers, not in the overstay column."
Taiwan,TWN,2013,irregular_proxy_overstayers,64728,0.0027692879937580637,ALTERNATIVE - COMPONENT (foreign nationals only),"National Immigration Agency, as tabulated in the Legislative Yuan Budget Center report of July 2019 (附表11, 外國人 column)",https://www.ly.gov.tw/Pages/Detail.aspx?nodeid=33342&pid=184411,The foreign-national component of the overstay total in the panel (which covers all categories). Use it if the intended universe is foreign nationals only.,component,"The foreign-national part of a total that is held in the panel; a different universe, not a rival estimate."
Taiwan,TWN,2013,irregular_proxy_overstayers,41724,0.0017850603234363,PANEL PRIMARY,"Ministry of Labor, Republic of China (Taiwan), Monthly Bulletin of Labour Statistics, Table 12-7 Status of the Missing Foreign Workers by Nationality (表 12-7 失聯移工概況—按國籍分)",https://statdb.mol.gov.tw/html/mon/212070.pdf,"absconded / missing migrant workers (失聯移工), stock at END OF YEAR 2013. Counts migrant workers whose employment permit has lapsed and who have not been located. This is the Ministry of Labor absconded-worker measure, a DIFFERENT series from the National Immigration Agency 逾期停留/逾期居留 (overstaying visit / overstaying residence) counts used for TWN 2014-2018; the two are not additive and not directly comparable.",reclassified,"This is the Ministry of Labor missing-worker count (Table 12-7); it now sits in irregular_proxy_absconded_workers, not in the overstay column."
Taiwan,TWN,2014,irregular_proxy_overstayers,65711,0.002804117633227593,ALTERNATIVE - COMPONENT (foreign nationals only),"National Immigration Agency, as tabulated in the Legislative Yuan Budget Center report of July 2019 (附表11, 外國人 column)",https://www.ly.gov.tw/Pages/Detail.aspx?nodeid=33342&pid=184411,The foreign-national component of the overstay total in the panel (which covers all categories). Use it if the intended universe is foreign nationals only.,component,"The foreign-national part of a total that is held in the panel; a different universe, not a rival estimate."
Taiwan,TWN,2014,irregular_proxy_overstayers,68998,0.0029443543569173,PANEL PRIMARY,"National Immigration Agency (內政部移民署), reported by the Legislative Yuan Budget Center",https://www.ly.gov.tw/Pages/Detail.aspx?nodeid=33580&pid=188916,Reference date 31 December 2014. Administrative register count of overstaying foreign nationals: 49265 overstaying residence (逾期居留) plus 19733 overstaying visit (逾期停留). Source is a Legislative Yuan Budget Center report (Oct 2019) reproducing NIA figures.,current,This is the value held in panel_final.csv.
Taiwan,TWN,2015,irregular_proxy_overstayers,74088,0.003153744535284539,ALTERNATIVE - COMPONENT (foreign nationals only),"National Immigration Agency, as tabulated in the Legislative Yuan Budget Center report of July 2019 (附表11, 外國人 column)",https://www.ly.gov.tw/Pages/Detail.aspx?nodeid=33342&pid=184411,The foreign-national component of the overstay total in the panel (which covers all categories). Use it if the intended universe is foreign nationals only.,component,"The foreign-national part of a total that is held in the panel; a different universe, not a rival estimate."
Taiwan,TWN,2015,irregular_proxy_overstayers,77422,0.0032956751234462,PANEL PRIMARY,"National Immigration Agency (內政部移民署), reported by the Legislative Yuan Budget Center",https://www.ly.gov.tw/Pages/Detail.aspx?nodeid=33580&pid=188916,Reference date 31 December 2015. Administrative register count of overstaying foreign nationals: 56557 overstaying residence (逾期居留) plus 20865 overstaying visit (逾期停留). Source is a Legislative Yuan Budget Center report (Oct 2019) reproducing NIA figures.,current,This is the value held in panel_final.csv.
Taiwan,TWN,2016,irregular_proxy_overstayers,76027,0.0032297193826833653,ALTERNATIVE - COMPONENT (foreign nationals only),"National Immigration Agency, as tabulated in the Legislative Yuan Budget Center report of July 2019 (附表11, 外國人 column)",https://www.ly.gov.tw/Pages/Detail.aspx?nodeid=33342&pid=184411,The foreign-national component of the overstay total in the panel (which covers all categories). Use it if the intended universe is foreign nationals only.,component,"The foreign-national part of a total that is held in the panel; a different universe, not a rival estimate."
Taiwan,TWN,2016,irregular_proxy_overstayers,79392,0.00337264231096,PANEL PRIMARY,"National Immigration Agency (內政部移民署), reported by the Legislative Yuan Budget Center",https://www.ly.gov.tw/Pages/Detail.aspx?nodeid=33580&pid=188916,Reference date 31 December 2016. Administrative register count of overstaying foreign nationals: 58700 overstaying residence (逾期居留) plus 20692 overstaying visit (逾期停留). Source is a Legislative Yuan Budget Center report (Oct 2019) reproducing NIA figures.,current,This is the value held in panel_final.csv.
Taiwan,TWN,2017,irregular_proxy_overstayers,76493,0.003245185327009069,ALTERNATIVE - COMPONENT (foreign nationals only),"National Immigration Agency, as tabulated in the Legislative Yuan Budget Center report of July 2019 (附表11, 外國人 column)",https://www.ly.gov.tw/Pages/Detail.aspx?nodeid=33342&pid=184411,The foreign-national component of the overstay total in the panel (which covers all categories). Use it if the intended universe is foreign nationals only.,component,"The foreign-national part of a total that is held in the panel; a different universe, not a rival estimate."
Taiwan,TWN,2017,irregular_proxy_overstayers,79909,0.0033901077784368,PANEL PRIMARY,"National Immigration Agency (內政部移民署), reported by the Legislative Yuan Budget Center",https://www.ly.gov.tw/Pages/Detail.aspx?nodeid=33580&pid=188916,Reference date 31 December 2017. Administrative register count of overstaying foreign nationals: 56675 overstaying residence (逾期居留) plus 23234 overstaying visit (逾期停留). Source is a Legislative Yuan Budget Center report (Oct 2019) reproducing NIA figures.,current,This is the value held in panel_final.csv.
Taiwan,TWN,2018,irregular_proxy_overstayers,86585,0.0036705773707771086,ALTERNATIVE - COMPONENT (foreign nationals only),"National Immigration Agency, as tabulated in the Legislative Yuan Budget Center report of July 2019 (附表11, 外國人 column)",https://www.ly.gov.tw/Pages/Detail.aspx?nodeid=33342&pid=184411,The foreign-national component of the overstay total in the panel (which covers all categories). Use it if the intended universe is foreign nationals only.,component,"The foreign-national part of a total that is held in the panel; a different universe, not a rival estimate."
Taiwan,TWN,2018,irregular_proxy_overstayers,89965,0.003813864909187,PANEL PRIMARY,"National Immigration Agency (內政部移民署), reported by the Legislative Yuan Budget Center",https://www.ly.gov.tw/Pages/Detail.aspx?nodeid=33580&pid=188916,Reference date 31 December 2018. Administrative register count of overstaying foreign nationals: 54681 overstaying residence (逾期居留) plus 35284 overstaying visit (逾期停留). Source is a Legislative Yuan Budget Center report (Oct 2019) reproducing NIA figures.,current,This is the value held in panel_final.csv.
Taiwan,TWN,2019,irregular_proxy_overstayers,47632,0.0020180382077438,PANEL PRIMARY,"National Immigration Agency / Ministry of Labor (失聯移工), reported by the Legislative Yuan Budget Center",https://www.ly.gov.tw/Pages/Detail.aspx?nodeid=33580&pid=188916,Reference date 31 July 2019 (not year-end). Administrative count of absconded/missing migrant workers (失聯移工) not yet located - a DIFFERENT series from the 逾期停留/居留 overstayer counts above and not additive with them.,reclassified,Missing-worker count at 31 July 2019; see the absconded-worker alternatives.
Taiwan,TWN,2019,irregular_proxy_overstayers,48491,0.0020544316999434,alternative 1,"Ministry of Labor, Republic of China (Taiwan), Monthly Bulletin of Labour Statistics, Table 12-7 Status of the Missing Foreign Workers by Nationality (表 12-7 失聯移工概況—按國籍分)",https://statdb.mol.gov.tw/html/mon/212070.pdf,"absconded / missing migrant workers (失聯移工), stock at END OF YEAR 2019. Counts migrant workers whose employment permit has lapsed and who have not been located. This is the Ministry of Labor absconded-worker measure, a DIFFERENT series from the National Immigration Agency 逾期停留/逾期居留 (overstaying visit / overstaying residence) counts used for TWN 2014-2018; the two are not additive and not directly comparable.",reclassified,"This is the Ministry of Labor missing-worker count (Table 12-7); it now sits in irregular_proxy_absconded_workers, not in the overstay column."
Taiwan,TWN,2020,irregular_proxy_overstayers,52199,0.0022154610225032,PANEL PRIMARY,"Ministry of Labor, Republic of China (Taiwan), Monthly Bulletin of Labour Statistics, Table 12-7 Status of the Missing Foreign Workers by Nationality (表 12-7 失聯移工概況—按國籍分)",https://statdb.mol.gov.tw/html/mon/212070.pdf,"absconded / missing migrant workers (失聯移工), stock at END OF YEAR 2020. Counts migrant workers whose employment permit has lapsed and who have not been located. This is the Ministry of Labor absconded-worker measure, a DIFFERENT series from the National Immigration Agency 逾期停留/逾期居留 (overstaying visit / overstaying residence) counts used for TWN 2014-2018; the two are not additive and not directly comparable.",reclassified,"This is the Ministry of Labor missing-worker count (Table 12-7); it now sits in irregular_proxy_absconded_workers, not in the overstay column."
Taiwan,TWN,2021,irregular_proxy_overstayers,55805,0.0023873476095337,PANEL PRIMARY,"Ministry of Labor, Republic of China (Taiwan), Monthly Bulletin of Labour Statistics, Table 12-7 Status of the Missing Foreign Workers by Nationality (表 12-7 失聯移工概況—按國籍分)",https://statdb.mol.gov.tw/html/mon/212070.pdf,"absconded / missing migrant workers (失聯移工), stock at END OF YEAR 2021. Counts migrant workers whose employment permit has lapsed and who have not been located. This is the Ministry of Labor absconded-worker measure, a DIFFERENT series from the National Immigration Agency 逾期停留/逾期居留 (overstaying visit / overstaying residence) counts used for TWN 2014-2018; the two are not additive and not directly comparable.",reclassified,"This is the Ministry of Labor missing-worker count (Table 12-7); it now sits in irregular_proxy_absconded_workers, not in the overstay column."
Taiwan,TWN,2022,irregular_proxy_overstayers,80331,0.003452922546835,PANEL PRIMARY,"Ministry of Labor, Republic of China (Taiwan), Monthly Bulletin of Labour Statistics, Table 12-7 Status of the Missing Foreign Workers by Nationality (表 12-7 失聯移工概況—按國籍分)",https://statdb.mol.gov.tw/html/mon/212070.pdf,"absconded / missing migrant workers (失聯移工), stock at END OF YEAR 2022. Counts migrant workers whose employment permit has lapsed and who have not been located. This is the Ministry of Labor absconded-worker measure, a DIFFERENT series from the National Immigration Agency 逾期停留/逾期居留 (overstaying visit / overstaying residence) counts used for TWN 2014-2018; the two are not additive and not directly comparable.",reclassified,"This is the Ministry of Labor missing-worker count (Table 12-7); it now sits in irregular_proxy_absconded_workers, not in the overstay column."
United States,USA,2010,irregular_stock,11590000,0.0374622355050215,PANEL PRIMARY,"DHS Office of Homeland Security Statistics, Estimates of the Unauthorized Immigrant Population Residing in the United States: January 2015-January 2018, Table A2-1",https://ohss.dhs.gov/sites/default/files/2023-12/unauthorized_immigrant_population_estimates_2015_-_2018.pdf,"Modelled resident stock (ACS residual method), reference date 1 January 2010. AMBIGUITY FLAG: Table A2-1 prints TWO values for 2010 (10,790,000 and 11,590,000) reflecting a revision to align with the 2010 Census. 11,590,000 is recorded here because it is continuous with the 2011-2018 series; 10,790,000 is retained as an alternative row. Verify against the PDF before publication. Value read independently by two extractions.",current,This is the value held in panel_final.csv.
United States,USA,2010,irregular_stock,11200000,0.0362016425932908,alternative 1,"Pew Hispanic Center, Unauthorized Immigrant Population: National and State Trends, 2010",https://www.pewresearch.org/race-and-ethnicity/2011/02/01/unauthorized-immigrant-population-brnational-and-state-trends-2010/,"Reference date March 2010. Modelled stock estimate (augmented residual method, CPS-based). Published 1 February 2011.",valid alternative,"A competing published estimate for the same quantity, not used in the panel."
United States,USA,2010,irregular_stock,10790000,0.034876403891215,alternative 2,"DHS Office of Homeland Security Statistics, Estimates of the Unauthorized Immigrant Population Residing in the United States: January 2015-January 2018, Table A2-1 (pre-revision entry)",https://ohss.dhs.gov/sites/default/files/2023-12/unauthorized_immigrant_population_estimates_2015_-_2018.pdf,"ALTERNATIVE ENTRY for 1 January 2010. Table A2-1 prints two 2010 values; this is the lower one, understood to precede the revision aligning estimates with the 2010 Census. Not continuous with 2011-2018.",valid alternative,"A competing published estimate for the same quantity, not used in the panel."
United States,USA,2011,irregular_stock,11510000,0.036910017619611,PANEL PRIMARY,"DHS Office of Homeland Security Statistics, Estimates of the Unauthorized Immigrant Population Residing in the United States: January 2015-January 2018, Table A2-1",https://ohss.dhs.gov/sites/default/files/2023-12/unauthorized_immigrant_population_estimates_2015_-_2018.pdf,"Modelled resident stock (ACS residual method), reference date 1 January 2011. Read directly from Table A2-1 and independently confirmed by a second extraction. CORRECTION: an earlier pass recorded 11,600,000 from a rounded chart; that value was wrong.",current,This is the value held in panel_final.csv.
United States,USA,2011,irregular_stock,10300000,0.0330298159410941,alternative 1,"Migration Policy Institute, Unauthorized Immigrants in the United States: Stable Numbers, Changing Origins",https://www.migrationpolicy.org/sites/default/files/publications/mpi-unauthorized-immigrants-stablenumbers-changingorigins_final.pdf,Modelled stock estimate from pooled 2010-2012 ACS; MPI publishes it as a single 2010-2012 figure. Assigned here to 2011 as the midpoint of the pooling window - not a published 2011-specific value.,valid alternative,"A competing published estimate for the same quantity, not used in the panel."
United States,USA,2012,irregular_stock,11430000,0.0363620053514246,PANEL PRIMARY,"DHS Office of Homeland Security Statistics, Estimates of the Unauthorized Immigrant Population Residing in the United States: January 2015-January 2018, Table A2-1",https://ohss.dhs.gov/sites/default/files/2023-12/unauthorized_immigrant_population_estimates_2015_-_2018.pdf,"Modelled resident stock (ACS residual method), reference date 1 January 2012. Read directly from Table A2-1; confirmed by two independent extractions.",current,This is the value held in panel_final.csv.
United States,USA,2013,irregular_stock,11210000,0.0353933368876537,PANEL PRIMARY,"DHS Office of Homeland Security Statistics, Estimates of the Unauthorized Immigrant Population Residing in the United States: January 2015-January 2018, Table A2-1",https://ohss.dhs.gov/sites/default/files/2023-12/unauthorized_immigrant_population_estimates_2015_-_2018.pdf,"Modelled resident stock (ACS residual method), reference date 1 January 2013. Read directly from Table A2-1; confirmed by two independent extractions.",current,This is the value held in panel_final.csv.
United States,USA,2014,irregular_stock,11460000,0.0358957827028434,PANEL PRIMARY,"DHS Office of Homeland Security Statistics, Estimates of the Unauthorized Immigrant Population Residing in the United States: January 2015-January 2018, Table A2-1",https://ohss.dhs.gov/sites/default/files/2023-12/unauthorized_immigrant_population_estimates_2015_-_2018.pdf,"Modelled resident stock (ACS residual method), reference date 1 January 2014. Read directly from Table A2-1; confirmed by two independent extractions.",current,This is the value held in panel_final.csv.
United States,USA,2015,irregular_stock,11440000,0.0355483606999312,PANEL PRIMARY,"DHS Office of Homeland Security Statistics, Estimates of the Unauthorized Immigrant Population Residing in the United States: January 2015-January 2018, Table A2-1",https://ohss.dhs.gov/sites/default/files/2023-12/unauthorized_immigrant_population_estimates_2015_-_2018.pdf,"Modelled resident stock (ACS residual method), reference date 1 January 2015. AMBIGUITY FLAG: Table A2-1 prints TWO values for 2015 (11,960,000 and 11,440,000) reflecting a methodology update. 11,440,000 is recorded as the report's current-methodology figure; 11,960,000 is retained as an alternative row. Verify against the PDF before publication.",current,This is the value held in panel_final.csv.
United States,USA,2015,irregular_stock,11960000,0.0371641952772008,alternative 1,"DHS Office of Homeland Security Statistics, Estimates of the Unauthorized Immigrant Population Residing in the United States: January 2015-January 2018, Table A2-1 (pre-update entry)",https://ohss.dhs.gov/sites/default/files/2023-12/unauthorized_immigrant_population_estimates_2015_-_2018.pdf,"ALTERNATIVE ENTRY for 1 January 2015. Table A2-1 prints two 2015 values; this is the higher one, understood to precede the methodology update applied to 2016-2018.",valid alternative,"A competing published estimate for the same quantity, not used in the panel."
United States,USA,2016,irregular_stock,11750000,0.0362259257142227,PANEL PRIMARY,"DHS Office of Homeland Security Statistics, Estimates of the Unauthorized Immigrant Population Residing in the United States: January 2015-January 2018, Table A2-1",https://ohss.dhs.gov/sites/default/files/2023-12/unauthorized_immigrant_population_estimates_2015_-_2018.pdf,"Modelled resident stock (ACS residual method), reference date 1 January 2016. Read directly from Table A2-1; confirmed by two independent extractions.",current,This is the value held in panel_final.csv.
United States,USA,2017,irregular_stock,11410000,0.0349347803015199,PANEL PRIMARY,"DHS Office of Homeland Security Statistics, Estimates of the Unauthorized Immigrant Population Residing in the United States: January 2015-January 2018, Table A2-1",https://ohss.dhs.gov/sites/default/files/2023-12/unauthorized_immigrant_population_estimates_2015_-_2018.pdf,"Modelled resident stock (ACS residual method), reference date 1 January 2017. Read directly from Table A2-1; confirmed by two independent extractions.",current,This is the value held in panel_final.csv.
United States,USA,2017,irregular_stock,10500000,0.0321485708296195,alternative 1,"Pew Research Center, Unauthorized immigrant population trends",https://www.pewresearch.org/race-and-ethnicity/feature/unauthorized-trends/,Reference year 2017. Modelled stock estimate (residual method). Pre-2025 vintage.,valid alternative,"A competing published estimate for the same quantity, not used in the panel."
United States,USA,2018,irregular_stock,11390000,0.0346696334132497,PANEL PRIMARY,"DHS Office of Homeland Security Statistics, Estimates of the Unauthorized Immigrant Population Residing in the United States: January 2015-January 2018, Table A2-1",https://ohss.dhs.gov/sites/default/files/2023-12/unauthorized_immigrant_population_estimates_2015_-_2018.pdf,"Modelled resident stock (ACS residual method), reference date 1 January 2018. Read directly from Table A2-1; confirmed by two independent extractions. NOTE: the later DHS report (Baker & Warren 2024) revises January 2018 to 11,570,000; that revision is in the Long sheet.",current,This is the value held in panel_final.csv.
United States,USA,2018,irregular_stock,11000000,0.0334825256844379,alternative 1,"Migration Policy Institute, Unauthorized Immigrants in the United States: Stable Numbers, Changing Origins",https://www.migrationpolicy.org/sites/default/files/publications/mpi-unauthorized-immigrants-stablenumbers-changingorigins_final.pdf,"Reference year 2018. Modelled stock estimate from pooled 2014-2018 ACS and 2008 SIPP, weighted to 2018.",valid alternative,"A competing published estimate for the same quantity, not used in the panel."
United States,USA,2019,irregular_stock,11110000,0.0336436027535754,PANEL PRIMARY,"DHS Office of Homeland Security Statistics (Baker & Warren 2024), Estimates of the Unauthorized Immigrant Population Residing in the United States: January 2018-January 2022, as reproduced in Choices Magazine (AAEA)",https://www.choicesmagazine.org/UserFiles/file/cmsarticle_991.pdf,"Modelled resident stock (ACS-based residual method). Reference date 1 January 2019. The ohss.dhs.gov PDF returns HTTP 403; value read from Table 3 of the AAEA Choices Magazine article, which reproduces the DHS/OHSS table with full attribution to Baker and Warren (2024).",current,This is the value held in panel_final.csv.
United States,USA,2019,irregular_stock,11000000,0.0333104977758172,alternative 1,"Migration Policy Institute (with Jennifer Van Hook, Penn State), Diverse Flows Drive Increase in U.S. Unauthorized Immigrant Population (July 2024)",https://www.migrationpolicy.org/commentary/diverse-flows-drive-increase-us-unauthorized-immigrant-population,"Modelled resident stock (ACS/SIPP-based residual method). Reference year 2019. MPI publishes no independent 2020 estimate: the 2020 value in its series was interpolated as the average of 2019 and 2021 because of low-quality pandemic ACS data, so 2020 is deliberately omitted here.",valid alternative,"A competing published estimate for the same quantity, not used in the panel."
United States,USA,2019,irregular_stock,10350000,0.0313421501799734,alternative 2,"Center for Migration Studies of New York (Robert Warren), After a Decade of Decline, the US Undocumented Population Increased by 650,000 in 2022, Journal on Migration and Human Security",https://journals.sagepub.com/doi/10.1177/23315024241226624,"Modelled resident stock (ACS-based residual method with undercount adjustment). Reference date 1 July 2019. DOI 10.1177/23315024241226624. Same value also published in Warren (2021), JMHS, DOI 10.1177/2331502421993746.",valid alternative,"A competing published estimate for the same quantity, not used in the panel."
United States,USA,2020,irregular_stock,10510000,0.0316969060176543,PANEL PRIMARY,"DHS Office of Homeland Security Statistics (Baker & Warren 2024), Estimates of the Unauthorized Immigrant Population Residing in the United States: January 2018-January 2022, as reproduced in Choices Magazine (AAEA)",https://www.choicesmagazine.org/UserFiles/file/cmsarticle_991.pdf,"Modelled resident stock (ACS-based residual method). Reference date 1 January 2020. The ohss.dhs.gov PDF returns HTTP 403; value read from Table 3 of the AAEA Choices Magazine article, which reproduces the DHS/OHSS table with full attribution. DHS published NO January 2021 estimate because the 2020 ACS was unusable for this purpose.",current,This is the value held in panel_final.csv.
United States,USA,2020,irregular_stock,10210000,0.0307921418116318,alternative 1,"Center for Migration Studies of New York (Robert Warren), After a Decade of Decline, the US Undocumented Population Increased by 650,000 in 2022, Journal on Migration and Human Security",https://journals.sagepub.com/doi/10.1177/23315024241226624,Modelled resident stock (ACS-based residual method with undercount adjustment). Reference date 1 July 2020. DOI 10.1177/23315024241226624.,valid alternative,"A competing published estimate for the same quantity, not used in the panel."
United States,USA,2020,irregular_stock,10000000,0.0301588068674161,alternative 2,"Center for Migration Studies of New York (Robert Warren), US Undocumented Population Increased to 11.7 Million in July 2023",https://cmsny.org/us-undocumented-population-increased-in-july-2023-warren-090624/,Reference year 2020. Modelled residual stock estimate from ACS. Figure stated in prose as '10 million' (rounded); treat as approximate.,valid alternative,"A competing published estimate for the same quantity, not used in the panel."
United States,USA,2021,irregular_stock,10500000,0.0316169670327717,PANEL PRIMARY,"Pew Research Center, Q&A: How Pew Research Center estimates the number of unauthorized immigrants living in the U.S. (22 August 2025)",https://www.pewresearch.org/short-reads/2025/08/22/qa-how-pew-research-center-estimates-the-number-of-unauthorized-immigrants-living-in-the-us/,"Modelled resident stock (augmented residual method, ACS-based). Reference year 2021. 2025 revised vintage; source states the population 'grew from an estimated 10.5 million to 14 million' between 2021 and 2023.",current,This is the value held in panel_final.csv.
United States,USA,2021,irregular_stock,11200000,0.0337247648349565,alternative 1,"Migration Policy Institute (with Jennifer Van Hook, Penn State), Diverse Flows Drive Increase in U.S. Unauthorized Immigrant Population (July 2024)",https://www.migrationpolicy.org/commentary/diverse-flows-drive-increase-us-unauthorized-immigrant-population,Modelled resident stock (ACS/SIPP-based residual method). Reference year 2021.,valid alternative,"A competing published estimate for the same quantity, not used in the panel."
United States,USA,2021,irregular_stock,10500000,0.0316169670327717,alternative 2,"Pew Research Center, What we know about unauthorized immigrants living in the U.S. (July 2024)",https://www.pewresearch.org/short-reads/2024/07/22/what-we-know-about-unauthorized-immigrants-living-in-the-us/,"Reference year 2021. Modelled stock estimate (residual method). 2024 vintage; superseded by Pew's August 2025 revision, which was not recorded here because the revised 2021/2022 values could not be read unambiguously from the source.",valid alternative,"A competing published estimate for the same quantity, not used in the panel."
United States,USA,2021,irregular_stock,10290000,0.0309846276921162,alternative 3,"Center for Migration Studies of New York (Robert Warren), After a Decade of Decline, the US Undocumented Population Increased by 650,000 in 2022, Journal on Migration and Human Security",https://journals.sagepub.com/doi/10.1177/23315024241226624,Modelled resident stock (ACS-based residual method with undercount adjustment). Reference date 1 July 2021. DOI 10.1177/23315024241226624.,valid alternative,"A competing published estimate for the same quantity, not used in the panel."
United States,USA,2022,irregular_stock,10990000,0.0329045557342455,PANEL PRIMARY,"DHS Office of Homeland Security Statistics (Baker & Warren 2024), Estimates of the Unauthorized Immigrant Population Residing in the United States: January 2018-January 2022, as reproduced in Choices Magazine (AAEA)",https://www.choicesmagazine.org/UserFiles/file/cmsarticle_991.pdf,"Modelled resident stock (ACS-based residual method). Reference date 1 January 2022. Read from Table 3 of the AAEA Choices Magazine article reproducing the DHS/OHSS table. Independently corroborated at 10.99 million by the Social Security Bulletin (SSA, v85n2) and by US House Judiciary testimony (HHRG-119-JU10-Wstate-RodriguezJ).",current,This is the value held in panel_final.csv.
United States,USA,2022,irregular_stock,11800000,0.0353297322715284,alternative 1,"Pew Research Center, Q&A: How Pew Research Center estimates the number of unauthorized immigrants living in the U.S. (22 August 2025)",https://www.pewresearch.org/short-reads/2025/08/22/qa-how-pew-research-center-estimates-the-number-of-unauthorized-immigrants-living-in-the-us/,"Modelled resident stock (augmented residual method, ACS-based). Reference year 2022. 2025 revised vintage; source states verbatim: 'we revised our estimate of the unauthorized immigrant population for 2022 upward, from 11.0 million to 11.8 million.' Revision follows the Census Bureau's December 2024 population-estimate update and reweighting of the 2022 and 2023 ACS.",valid alternative,"A competing published estimate for the same quantity, not used in the panel."
United States,USA,2022,irregular_stock,11300000,0.0338327097176501,alternative 2,"Migration Policy Institute (with Jennifer Van Hook, Penn State), Diverse Flows Drive Increase in U.S. Unauthorized Immigrant Population (July 2024)",https://www.migrationpolicy.org/commentary/diverse-flows-drive-increase-us-unauthorized-immigrant-population,Modelled resident stock (ACS/SIPP-based residual method). Reference year 2022.,valid alternative,"A competing published estimate for the same quantity, not used in the panel."
United States,USA,2022,irregular_stock,11000000,0.0329344961853231,alternative 3,"Pew Research Center, What we know about unauthorized immigrants living in the U.S. (July 2024)",https://www.pewresearch.org/short-reads/2024/07/22/what-we-know-about-unauthorized-immigrants-living-in-the-us/,Reference year 2022. Modelled stock estimate (residual method). 2024 vintage; Pew revised its series upward in August 2025.,valid alternative,"A competing published estimate for the same quantity, not used in the panel."
United States,USA,2022,irregular_stock,10940000,0.0327548534788577,alternative 4,"Center for Migration Studies of New York (Robert Warren), After a Decade of Decline, the US Undocumented Population Increased by 650,000 in 2022, Journal on Migration and Human Security",https://journals.sagepub.com/doi/10.1177/23315024241226624,Modelled resident stock (ACS-based residual method with undercount adjustment). Reference date 1 July 2022. DOI 10.1177/23315024241226624.,valid alternative,"A competing published estimate for the same quantity, not used in the panel."
