country,iso3,iso2,m49_code,in_wave1,in_wave2,year,population,population_grade,population_source,population_url,population_un_wpp2024,population_wb_vs_unwpp_pct,foreign_born,foreign_born_pct_pop,foreign_born_ref_date,foreign_born_source,foreign_born_url,foreign_born_note,foreign_nationals,foreign_nationals_pct_pop,foreign_nationals_ref_date,foreign_nationals_source,foreign_nationals_url,foreign_nationals_note,irregular_stock,irregular_stock_pct_pop,irregular_stock_ref_date,irregular_stock_source,irregular_stock_url,irregular_stock_note,irregular_stock_n_estimates,irregular_proxy_overstayers,irregular_proxy_overstayers_ref_date,irregular_proxy_overstayers_source,irregular_proxy_overstayers_url,irregular_proxy_overstayers_note,irregular_proxy_detections,irregular_proxy_detections_ref_date,irregular_proxy_detections_source,irregular_proxy_detections_url,irregular_proxy_detections_note,irregular_proxy_absconded_workers,irregular_proxy_overstayers_pct_pop,irregular_proxy_detections_per_1000_pop,population_verification,foreign_born_grade,foreign_born_verification,foreign_nationals_grade,foreign_nationals_verification,irregular_stock_grade,irregular_stock_verification,irregular_proxy_overstayers_grade,irregular_proxy_overstayers_verification,irregular_proxy_detections_grade,irregular_proxy_detections_verification,irregular_proxy_absconded_workers_source,irregular_proxy_absconded_workers_url,irregular_proxy_absconded_workers_note,irregular_proxy_absconded_workers_ref_date,irregular_proxy_absconded_workers_grade,population_derived,population_derivation,population_published_range,foreign_born_derived,foreign_born_derivation,foreign_born_published_range,foreign_nationals_derived,foreign_nationals_derivation,foreign_nationals_published_range,irregular_stock_derived,irregular_stock_derivation,irregular_stock_published_range,irregular_proxy_overstayers_derived,irregular_proxy_overstayers_derivation,irregular_proxy_overstayers_published_range,irregular_proxy_detections_derived,irregular_proxy_detections_derivation,irregular_proxy_detections_published_range,irregular_proxy_absconded_workers_derived,irregular_proxy_absconded_workers_derivation,irregular_proxy_absconded_workers_published_range,irregular_proxy_absconded_workers_verification
Australia,AUS,AU,36,1,1,2010,22031750,A,"World Bank, World Development Indicators (SP.POP.TOTL), sourced from UN World Population Prospects and national statistical offices",https://api.worldbank.org/v2/country/all/indicator/SP.POP.TOTL,22141581,-0.4960395556216152,5881360.0,0.2669492890941482,Mid-year / 30 June,"OECD International Migration Database (stocks of foreign-born population, measure B14)","https://sdmx.oecd.org/public/rest/data/OECD.ELS.IMD,DSD_MIG_F@DF_MIG_POPF,1.0/AUS.W.A.B14._T._Z._Z.PS?startPeriod=2010&endPeriod=2022&format=jsondata&dimensionAtObservation=AllDimensions",Overseas-born estimated resident population; reference date 30 June. OECD IMD series sourced from ABS.,,,,,,,,,,,,,,53900.0,Mid-year / 30 June,"ANU Press, A Long Way to Go, Chapter 2, Table 2.3 Estimated size of irregular migrant populations by region/country",https://press-files.anu.edu.au/downloads/press/n4016/html/ch02.xhtml,"estimated irregular migrant population of Australia (visa overstayers / unlawful non-citizens in the community) for 2010. Table 2.3 source note (l): 'Department of Immigration and Border Protection (DIBP) (2010).' The DIAC/DIBP overstayer estimate is published as at 30 June, but the ANU table states the year only and does not restate the within-year reference date.",,,,,,,0.0024464692999875,,,A,,,,,,B,The published figure appears in the archived source document.,,,,,,,,,,,,,,,,,,,,,,,,,,,,,
Australia,AUS,AU,36,1,1,2011,22340024,A,"World Bank, World Development Indicators (SP.POP.TOTL), sourced from UN World Population Prospects and national statistical offices",https://api.worldbank.org/v2/country/all/indicator/SP.POP.TOTL,22479775,-0.6216743717408203,6018180.0,0.2693900418370186,Mid-year / 30 June,"OECD International Migration Database (stocks of foreign-born population, measure B14)","https://sdmx.oecd.org/public/rest/data/OECD.ELS.IMD,DSD_MIG_F@DF_MIG_POPF,1.0/AUS.W.A.B14._T._Z._Z.PS?startPeriod=2010&endPeriod=2022&format=jsondata&dimensionAtObservation=AllDimensions",Overseas-born estimated resident population; reference date 30 June. OECD IMD series sourced from ABS.,,,,,,,,,,,,,,58400.0,Mid-year / 30 June,"ANU Press, A Long Way to Go, Chapter 2, Table 2.3 Estimated size of irregular migrant populations by region/country",https://press-files.anu.edu.au/downloads/press/n4016/html/ch02.xhtml,"estimated irregular migrant population of Australia (visa overstayers / unlawful non-citizens in the community) for 2011. Table 2.3 source note (m): 'Australian National Audit Office (ANAO) (2013), p. 39.' The DIAC/DIBP overstayer estimate is published as at 30 June, but the ANU table states the year only and does not restate the within-year reference date.",,,,,,,0.0026141422229447,,,A,,,,,,B,The published figure appears in the archived source document.,,,,,,,,,,,,,,,,,,,,,,,,,,,,,
Australia,AUS,AU,36,1,1,2012,22733465,A,"World Bank, World Development Indicators (SP.POP.TOTL), sourced from UN World Population Prospects and national statistical offices",https://api.worldbank.org/v2/country/all/indicator/SP.POP.TOTL,22852644,-0.5215107713575725,6214010.0,0.2733419652481484,Mid-year / 30 June,"OECD International Migration Database (stocks of foreign-born population, measure B14)","https://sdmx.oecd.org/public/rest/data/OECD.ELS.IMD,DSD_MIG_F@DF_MIG_POPF,1.0/AUS.W.A.B14._T._Z._Z.PS?startPeriod=2010&endPeriod=2022&format=jsondata&dimensionAtObservation=AllDimensions",Overseas-born estimated resident population; reference date 30 June. OECD IMD series sourced from ABS.,,,,,,,,,,,,,,,,,,,,,,,,,,,,A,,,,,,,,,,,,,,,,,,,,,,,,,,,,,,,,,,,,
Australia,AUS,AU,36,1,1,2013,23128129,A,"World Bank, World Development Indicators (SP.POP.TOTL), sourced from UN World Population Prospects and national statistical offices",https://api.worldbank.org/v2/country/all/indicator/SP.POP.TOTL,23236270,-0.4653974153338725,6408740.0,0.2770972092035633,Mid-year / 30 June,"OECD International Migration Database (stocks of foreign-born population, measure B14)","https://sdmx.oecd.org/public/rest/data/OECD.ELS.IMD,DSD_MIG_F@DF_MIG_POPF,1.0/AUS.W.A.B14._T._Z._Z.PS?startPeriod=2010&endPeriod=2022&format=jsondata&dimensionAtObservation=AllDimensions",Overseas-born estimated resident population; reference date 30 June. OECD IMD series sourced from ABS.,,,,,,,,,,,,,,,,,,,,,,,,,,,,A,,,,,,,,,,,,,,,,,,,,,,,,,,,,,,,,,,,,
Australia,AUS,AU,36,1,1,2014,23475686,A,"World Bank, World Development Indicators (SP.POP.TOTL), sourced from UN World Population Prospects and national statistical offices",https://api.worldbank.org/v2/country/all/indicator/SP.POP.TOTL,23595601,-0.508209136101259,6570240.0,0.2798742494681518,Mid-year / 30 June,"OECD International Migration Database (stocks of foreign-born population, measure B14)","https://sdmx.oecd.org/public/rest/data/OECD.ELS.IMD,DSD_MIG_F@DF_MIG_POPF,1.0/AUS.W.A.B14._T._Z._Z.PS?startPeriod=2010&endPeriod=2022&format=jsondata&dimensionAtObservation=AllDimensions",Overseas-born estimated resident population; reference date 30 June. OECD IMD series sourced from ABS.,,,,,,,,,,,,,,,,,,,,,,,,,,,,A,,,,,,,,,,,,,,,,,,,,,,,,,,,,,,,,,,,,
Australia,AUS,AU,36,1,1,2015,23815995,A,"World Bank, World Development Indicators (SP.POP.TOTL), sourced from UN World Population Prospects and national statistical offices",https://api.worldbank.org/v2/country/all/indicator/SP.POP.TOTL,23948002,-0.5512234381807719,6729730.0,0.2825718597942265,Mid-year / 30 June,"OECD International Migration Database (stocks of foreign-born population, measure B14)","https://sdmx.oecd.org/public/rest/data/OECD.ELS.IMD,DSD_MIG_F@DF_MIG_POPF,1.0/AUS.W.A.B14._T._Z._Z.PS?startPeriod=2010&endPeriod=2022&format=jsondata&dimensionAtObservation=AllDimensions",Overseas-born estimated resident population; reference date 30 June. OECD IMD series sourced from ABS.,,,,,,,,,,,,,,,,,,,,,,,,,,,,A,,,,,,,,,,,,,,,,,,,,,,,,,,,,,,,,,,,,
Australia,AUS,AU,36,1,1,2016,24190907,A,"World Bank, World Development Indicators (SP.POP.TOTL), sourced from UN World Population Prospects and national statistical offices",https://api.worldbank.org/v2/country/all/indicator/SP.POP.TOTL,24329963,-0.5715421762047069,6912110.0,0.2857317420963174,Mid-year / 30 June,"OECD International Migration Database (stocks of foreign-born population, measure B14)","https://sdmx.oecd.org/public/rest/data/OECD.ELS.IMD,DSD_MIG_F@DF_MIG_POPF,1.0/AUS.W.A.B14._T._Z._Z.PS?startPeriod=2010&endPeriod=2022&format=jsondata&dimensionAtObservation=AllDimensions",Overseas-born estimated resident population; reference date 30 June. OECD IMD series sourced from ABS.,,,,,,,,,,,,,,64600.0,Mid-year / 30 June,"Australian Department of Immigration and Border Protection, Senate Legal and Constitutional Affairs Committee, Budget Estimates Question on Notice BE17171",https://www.aph.gov.au/~/media/Committees/legcon_ctte/estimates/bud_1718/DIBP/QoNs/BE17171.pdf,Reference date 30 June 2016. Departmental estimate of unlawful non-citizens (visa overstayers) in the Australian community; register-derived estimate rather than a survey model.,,,,,,,0.0026704248832009,,,A,,,,,,B,The published figure appears in the archived source document.,,,,,,,,,,,,,,,,,,,,,,,,,,,,,
Australia,AUS,AU,36,1,1,2017,24592588,A,"World Bank, World Development Indicators (SP.POP.TOTL), sourced from UN World Population Prospects and national statistical offices",https://api.worldbank.org/v2/country/all/indicator/SP.POP.TOTL,24731038,-0.5598228428584356,7142030.0,0.2904139247158534,Mid-year / 30 June,"OECD International Migration Database (stocks of foreign-born population, measure B14)","https://sdmx.oecd.org/public/rest/data/OECD.ELS.IMD,DSD_MIG_F@DF_MIG_POPF,1.0/AUS.W.A.B14._T._Z._Z.PS?startPeriod=2010&endPeriod=2022&format=jsondata&dimensionAtObservation=AllDimensions",Overseas-born estimated resident population; reference date 30 June. OECD IMD series sourced from ABS.,,,,,,,,,,,,,,,,,,,,,,,,,,,,A,,,,,,,,,,,,,,,,,,,,,,,,,,,,,,,,,,,,
Australia,AUS,AU,36,1,1,2018,24963258,A,"World Bank, World Development Indicators (SP.POP.TOTL), sourced from UN World Population Prospects and national statistical offices",https://api.worldbank.org/v2/country/all/indicator/SP.POP.TOTL,25119706,-0.6228098370259588,7346520.0,0.2942933170021317,Mid-year / 30 June,"OECD International Migration Database (stocks of foreign-born population, measure B14)","https://sdmx.oecd.org/public/rest/data/OECD.ELS.IMD,DSD_MIG_F@DF_MIG_POPF,1.0/AUS.W.A.B14._T._Z._Z.PS?startPeriod=2010&endPeriod=2022&format=jsondata&dimensionAtObservation=AllDimensions",Overseas-born estimated resident population; reference date 30 June. OECD IMD series sourced from ABS.,,,,,,,,,,,,,,,,,,,,,,,,,,,,A,,,,,,,,,,,,,,,,,,,,,,,,,,,,,,,,,,,,
Australia,AUS,AU,36,1,1,2019,25334826,A,"World Bank, World Development Indicators (SP.POP.TOTL), sourced from UN World Population Prospects and national statistical offices",https://api.worldbank.org/v2/country/all/indicator/SP.POP.TOTL,25482714,-0.5803463477241867,7549660.0,0.297995336537934,Mid-year / 30 June,"OECD International Migration Database (stocks of foreign-born population, measure B14)","https://sdmx.oecd.org/public/rest/data/OECD.ELS.IMD,DSD_MIG_F@DF_MIG_POPF,1.0/AUS.W.A.B14._T._Z._Z.PS?startPeriod=2010&endPeriod=2022&format=jsondata&dimensionAtObservation=AllDimensions",Overseas-born estimated resident population; reference date 30 June. OECD IMD series sourced from ABS.,,,,,,,,,,,,,,,,,,,,,,,,,,,,A,,,,,,,,,,,,,,,,,,,,,,,,,,,,,,,,,,,,
Australia,AUS,AU,36,1,1,2020,25649248,A,"World Bank, World Development Indicators (SP.POP.TOTL), sourced from UN World Population Prospects and national statistical offices",https://api.worldbank.org/v2/country/all/indicator/SP.POP.TOTL,25743791,-0.3672458341508444,7672450.0,0.299129627504089,Mid-year / 30 June,"OECD International Migration Database (stocks of foreign-born population, measure B14)","https://sdmx.oecd.org/public/rest/data/OECD.ELS.IMD,DSD_MIG_F@DF_MIG_POPF,1.0/AUS.W.A.B14._T._Z._Z.PS?startPeriod=2010&endPeriod=2022&format=jsondata&dimensionAtObservation=AllDimensions",Overseas-born estimated resident population; reference date 30 June. OECD IMD series sourced from ABS.,,,,,,,,,,,,,,,,,,,,,,,,,,,,A,,,,,,,,,,,,,,,,,,,,,,,,,,,,,,,,,,,,
Australia,AUS,AU,36,1,1,2021,25685412,A,"World Bank, World Development Indicators (SP.POP.TOTL), sourced from UN World Population Prospects and national statistical offices",https://api.worldbank.org/v2/country/all/indicator/SP.POP.TOTL,25956417,-1.044077077356247,7525860.0,0.2930013347654303,Mid-year / 30 June,"OECD International Migration Database (stocks of foreign-born population, measure B14)","https://sdmx.oecd.org/public/rest/data/OECD.ELS.IMD,DSD_MIG_F@DF_MIG_POPF,1.0/AUS.W.A.B14._T._Z._Z.PS?startPeriod=2010&endPeriod=2022&format=jsondata&dimensionAtObservation=AllDimensions",Overseas-born estimated resident population; reference date 30 June. OECD IMD series sourced from ABS.,,,,,,,,,,,,,,,,,,,,,,,,,,,,A,,,,,,,,,,,,,,,,,,,,,,,,,,,,,,,,,,,,
Australia,AUS,AU,36,1,1,2022,26018721,A,"World Bank, World Development Indicators (SP.POP.TOTL), sourced from UN World Population Prospects and national statistical offices",https://api.worldbank.org/v2/country/all/indicator/SP.POP.TOTL,26200984,-0.6956341792354058,7681720.0,0.2952381863812598,Mid-year / 30 June,"OECD International Migration Database (stocks of foreign-born population, measure B14)","https://sdmx.oecd.org/public/rest/data/OECD.ELS.IMD,DSD_MIG_F@DF_MIG_POPF,1.0/AUS.W.A.B14._T._Z._Z.PS?startPeriod=2010&endPeriod=2022&format=jsondata&dimensionAtObservation=AllDimensions",Overseas-born estimated resident population; reference date 30 June. OECD IMD series sourced from ABS.,,,,,,,,,,,,,,,,,,,,,,,,,,,,A,,,,,,,,,,,,,,,,,,,,,,,,,,,,,,,,,,,,
Austria,AUT,AT,40,0,1,2010,8363404,A,"World Bank, World Development Indicators (SP.POP.TOTL), sourced from UN World Population Prospects and national statistical offices",https://api.worldbank.org/v2/country/all/indicator/SP.POP.TOTL,8365092,-0.020179096655482,1274901.0,0.1524380503440943,1 January,Eurostat [migr_pop3ctb],https://ec.europa.eu/eurostat/api/dissemination/statistics/1.0/data/migr_pop3ctb?format=JSON&lang=EN&geo=AT&age=TOTAL&sex=T&unit=NR&c_birth=FOR&sinceTimePeriod=2010&untilTimePeriod=2022,stock at 1 Jan; c_birth=FOR (born in a foreign country),879102.0,0.1051129420508682,1 January,Eurostat [migr_pop1ctz],https://ec.europa.eu/eurostat/api/dissemination/statistics/1.0/data/migr_pop1ctz?format=JSON&lang=EN&geo=AT&age=TOTAL&sex=T&unit=NR&citizen=FOR_STLS&sinceTimePeriod=2010&untilTimePeriod=2022,stock at 1 Jan; citizen=FOR_STLS (foreign citizens incl. stateless),,,,,,,,,,,,,15220.0,Full calendar year (flow),"Eurostat, Third country nationals found to be illegally present (migr_eipre)",https://ec.europa.eu/eurostat/databrowser/view/migr_eipre/default/table,"Eurostat enforcement statistic - annual flow of detections, NOT a stock. Dataset migr_eipre, dimensions freq=A citizen=TOTAL reason=TOTAL apprehen=TOTAL sex=T age=TOTAL unit=PER. Rounded to nearest 5 by Eurostat.",,,1.819833168408461,,A,,A,,,,,,A,,,,,,,,,,,,,,,,,,,,,,,,,,,,
Austria,AUT,AT,40,0,1,2011,8391643,A,"World Bank, World Development Indicators (SP.POP.TOTL), sourced from UN World Population Prospects and national statistical offices",https://api.worldbank.org/v2/country/all/indicator/SP.POP.TOTL,8393270,-0.0193845783586135,1294224.0,0.1542277239391618,1 January,Eurostat [migr_pop3ctb],https://ec.europa.eu/eurostat/api/dissemination/statistics/1.0/data/migr_pop3ctb?format=JSON&lang=EN&geo=AT&age=TOTAL&sex=T&unit=NR&c_birth=FOR&sinceTimePeriod=2010&untilTimePeriod=2022,stock at 1 Jan; c_birth=FOR (born in a foreign country),908591.0,0.1082733142961396,1 January,Eurostat [migr_pop1ctz],https://ec.europa.eu/eurostat/api/dissemination/statistics/1.0/data/migr_pop1ctz?format=JSON&lang=EN&geo=AT&age=TOTAL&sex=T&unit=NR&citizen=FOR_STLS&sinceTimePeriod=2010&untilTimePeriod=2022,stock at 1 Jan; citizen=FOR_STLS (foreign citizens incl. stateless),,,,,,,,,,,,,20080.0,Full calendar year (flow),"Eurostat, Third country nationals found to be illegally present (migr_eipre)",https://ec.europa.eu/eurostat/databrowser/view/migr_eipre/default/table,"Eurostat enforcement statistic - annual flow of detections, NOT a stock. Dataset migr_eipre, dimensions freq=A citizen=TOTAL reason=TOTAL apprehen=TOTAL sex=T age=TOTAL unit=PER. Rounded to nearest 5 by Eurostat.",,,2.392856798126422,,A,,A,,,,,,A,,,,,,,,,,,,,,,,,,,,,,,,,,,,
Austria,AUT,AT,40,0,1,2012,8429991,A,"World Bank, World Development Indicators (SP.POP.TOTL), sourced from UN World Population Prospects and national statistical offices",https://api.worldbank.org/v2/country/all/indicator/SP.POP.TOTL,8431601,-0.01909483145609,1322656.0,0.1568988626441001,1 January,Eurostat [migr_pop3ctb],https://ec.europa.eu/eurostat/api/dissemination/statistics/1.0/data/migr_pop3ctb?format=JSON&lang=EN&geo=AT&age=TOTAL&sex=T&unit=NR&c_birth=FOR&sinceTimePeriod=2010&untilTimePeriod=2022,stock at 1 Jan; c_birth=FOR (born in a foreign country),946610.0,0.1122907485903603,1 January,Eurostat [migr_pop1ctz],https://ec.europa.eu/eurostat/api/dissemination/statistics/1.0/data/migr_pop1ctz?format=JSON&lang=EN&geo=AT&age=TOTAL&sex=T&unit=NR&citizen=FOR_STLS&sinceTimePeriod=2010&untilTimePeriod=2022,stock at 1 Jan; citizen=FOR_STLS (foreign citizens incl. stateless),,,,,,,,,,,,,23135.0,Full calendar year (flow),"Eurostat, Third country nationals found to be illegally present (migr_eipre)",https://ec.europa.eu/eurostat/databrowser/view/migr_eipre/default/table,"Eurostat enforcement statistic - annual flow of detections, NOT a stock. Dataset migr_eipre, dimensions freq=A citizen=TOTAL reason=TOTAL apprehen=TOTAL sex=T age=TOTAL unit=PER. Rounded to nearest 5 by Eurostat.",,,2.744368291733644,,A,,A,,,,,,A,,,,,,,,,,,,,,,,,,,,,,,,,,,,
Austria,AUT,AT,40,0,1,2013,8479823,A,"World Bank, World Development Indicators (SP.POP.TOTL), sourced from UN World Population Prospects and national statistical offices",https://api.worldbank.org/v2/country/all/indicator/SP.POP.TOTL,8481406,-0.0186643582443759,1364003.0,0.1608527677995165,1 January,Eurostat [migr_pop3ctb],https://ec.europa.eu/eurostat/api/dissemination/statistics/1.0/data/migr_pop3ctb?format=JSON&lang=EN&geo=AT&age=TOTAL&sex=T&unit=NR&c_birth=FOR&sinceTimePeriod=2010&untilTimePeriod=2022,stock at 1 Jan; c_birth=FOR (born in a foreign country),999095.0,0.1178202658239446,1 January,Eurostat [migr_pop1ctz],https://ec.europa.eu/eurostat/api/dissemination/statistics/1.0/data/migr_pop1ctz?format=JSON&lang=EN&geo=AT&age=TOTAL&sex=T&unit=NR&citizen=FOR_STLS&sinceTimePeriod=2010&untilTimePeriod=2022,stock at 1 Jan; citizen=FOR_STLS (foreign citizens incl. stateless),,,,,,,,,,,,,25960.0,Full calendar year (flow),"Eurostat, Third country nationals found to be illegally present (migr_eipre)",https://ec.europa.eu/eurostat/databrowser/view/migr_eipre/default/table,"Eurostat enforcement statistic - annual flow of detections, NOT a stock. Dataset migr_eipre, dimensions freq=A citizen=TOTAL reason=TOTAL apprehen=TOTAL sex=T age=TOTAL unit=PER. Rounded to nearest 5 by Eurostat.",,,3.061384653901384,,A,,A,,,,,,A,,,,,,,,,,,,,,,,,,,,,,,,,,,,
Austria,AUT,AT,40,0,1,2014,8546356,A,"World Bank, World Development Indicators (SP.POP.TOTL), sourced from UN World Population Prospects and national statistical offices",https://api.worldbank.org/v2/country/all/indicator/SP.POP.TOTL,8547817,-0.0170920832769349,1414215.0,0.1654757887455191,1 January,Eurostat [migr_pop3ctb],https://ec.europa.eu/eurostat/api/dissemination/statistics/1.0/data/migr_pop3ctb?format=JSON&lang=EN&geo=AT&age=TOTAL&sex=T&unit=NR&c_birth=FOR&sinceTimePeriod=2010&untilTimePeriod=2022,stock at 1 Jan; c_birth=FOR (born in a foreign country),1060446.0,0.1240816553862254,1 January,Eurostat [migr_pop1ctz],https://ec.europa.eu/eurostat/api/dissemination/statistics/1.0/data/migr_pop1ctz?format=JSON&lang=EN&geo=AT&age=TOTAL&sex=T&unit=NR&citizen=FOR_STLS&sinceTimePeriod=2010&untilTimePeriod=2022,stock at 1 Jan; citizen=FOR_STLS (foreign citizens incl. stateless),,,,,,,,,,,,,33055.0,Full calendar year (flow),"Eurostat, Third country nationals found to be illegally present (migr_eipre)",https://ec.europa.eu/eurostat/databrowser/view/migr_eipre/default/table,"Eurostat enforcement statistic - annual flow of detections, NOT a stock. Dataset migr_eipre, dimensions freq=A citizen=TOTAL reason=TOTAL apprehen=TOTAL sex=T age=TOTAL unit=PER. Rounded to nearest 5 by Eurostat.",,,3.867730293472446,,A,,A,,,,,,A,,,,,,,,,,,,,,,,,,,,,,,,,,,,
Austria,AUT,AT,40,0,1,2015,8642699,A,"World Bank, World Development Indicators (SP.POP.TOTL), sourced from UN World Population Prospects and national statistical offices",https://api.worldbank.org/v2/country/all/indicator/SP.POP.TOTL,8644039,-0.0155020124272923,1483123.0,0.1716041481949099,1 January,Eurostat [migr_pop3ctb],https://ec.europa.eu/eurostat/api/dissemination/statistics/1.0/data/migr_pop3ctb?format=JSON&lang=EN&geo=AT&age=TOTAL&sex=T&unit=NR&c_birth=FOR&sinceTimePeriod=2010&untilTimePeriod=2022,stock at 1 Jan; c_birth=FOR (born in a foreign country),1139736.0,0.1318726939350774,1 January,Eurostat [migr_pop1ctz],https://ec.europa.eu/eurostat/api/dissemination/statistics/1.0/data/migr_pop1ctz?format=JSON&lang=EN&geo=AT&age=TOTAL&sex=T&unit=NR&citizen=FOR_STLS&sinceTimePeriod=2010&untilTimePeriod=2022,stock at 1 Jan; citizen=FOR_STLS (foreign citizens incl. stateless),,,,,,,,,,,,,86220.0,Full calendar year (flow),"Eurostat, Third country nationals found to be illegally present (migr_eipre)",https://ec.europa.eu/eurostat/databrowser/view/migr_eipre/default/table,"Eurostat enforcement statistic - annual flow of detections, NOT a stock. Dataset migr_eipre, dimensions freq=A citizen=TOTAL reason=TOTAL apprehen=TOTAL sex=T age=TOTAL unit=PER. Rounded to nearest 5 by Eurostat.",,,9.976050305581625,,A,,A,,,,,,A,,,,,,,,,,,,,,,,,,,,,,,,,,,,
Austria,AUT,AT,40,0,1,2016,8736668,A,"World Bank, World Development Indicators (SP.POP.TOTL), sourced from UN World Population Prospects and national statistical offices",https://api.worldbank.org/v2/country/all/indicator/SP.POP.TOTL,8737915,-0.0142711390531951,1588209.0,0.1817865804217351,1 January,Eurostat [migr_pop3ctb],https://ec.europa.eu/eurostat/api/dissemination/statistics/1.0/data/migr_pop3ctb?format=JSON&lang=EN&geo=AT&age=TOTAL&sex=T&unit=NR&c_birth=FOR&sinceTimePeriod=2010&untilTimePeriod=2022,stock at 1 Jan; c_birth=FOR (born in a foreign country),1260188.0,0.1442412599402884,1 January,Eurostat [migr_pop1ctz],https://ec.europa.eu/eurostat/api/dissemination/statistics/1.0/data/migr_pop1ctz?format=JSON&lang=EN&geo=AT&age=TOTAL&sex=T&unit=NR&citizen=FOR_STLS&sinceTimePeriod=2010&untilTimePeriod=2022,stock at 1 Jan; citizen=FOR_STLS (foreign citizens incl. stateless),,,,,,,,,,,,,49810.0,Full calendar year (flow),"Eurostat, Third country nationals found to be illegally present (migr_eipre)",https://ec.europa.eu/eurostat/databrowser/view/migr_eipre/default/table,"Eurostat enforcement statistic - annual flow of detections, NOT a stock. Dataset migr_eipre, dimensions freq=A citizen=TOTAL reason=TOTAL apprehen=TOTAL sex=T age=TOTAL unit=PER. Rounded to nearest 5 by Eurostat.",,,5.701258191337933,,A,,A,,,,,,A,,,,,,,,,,,,,,,,,,,,,,,,,,,,
Austria,AUT,AT,40,0,1,2017,8797566,A,"World Bank, World Development Indicators (SP.POP.TOTL), sourced from UN World Population Prospects and national statistical offices",https://api.worldbank.org/v2/country/all/indicator/SP.POP.TOTL,8798778,-0.0137746400693369,1649008.0,0.1874391166829552,1 January,Eurostat [migr_pop3ctb],https://ec.europa.eu/eurostat/api/dissemination/statistics/1.0/data/migr_pop3ctb?format=JSON&lang=EN&geo=AT&age=TOTAL&sex=T&unit=NR&c_birth=FOR&sinceTimePeriod=2010&untilTimePeriod=2022,stock at 1 Jan; c_birth=FOR (born in a foreign country),1333239.0,0.1515463481603889,1 January,Eurostat [migr_pop1ctz],https://ec.europa.eu/eurostat/api/dissemination/statistics/1.0/data/migr_pop1ctz?format=JSON&lang=EN&geo=AT&age=TOTAL&sex=T&unit=NR&citizen=FOR_STLS&sinceTimePeriod=2010&untilTimePeriod=2022,stock at 1 Jan; citizen=FOR_STLS (foreign citizens incl. stateless),150000.0,0.0170501704676043,See note,"Pew Research Center (2019), Europe's Unauthorized Immigrant Population Peaks in 2016, Then Levels Off — Appendix B, unauthorized immigrant population trends with waiting asylum seekers, by country",https://www.pewresearch.org/global/2019/11/13/eu-unauthorized-immigrants-appendix-b-unauthorized-immigrant-population-trends-with-waiting-asylum-seekers-by-country/,"Pew publishes a RANGE, not a point estimate. This cell is the midpoint of the published 100,000–200,000 range in Appendix B. Use the range, not the midpoint, for any claim about level.",1.0,,,,,,26660.0,Full calendar year (flow),"Eurostat, Third country nationals found to be illegally present (migr_eipre)",https://ec.europa.eu/eurostat/databrowser/view/migr_eipre/default/table,"Eurostat enforcement statistic - annual flow of detections, NOT a stock. Dataset migr_eipre, dimensions freq=A citizen=TOTAL reason=TOTAL apprehen=TOTAL sex=T age=TOTAL unit=PER. Rounded to nearest 5 by Eurostat.",,,3.030383631108877,,A,,A,,C,Published range read from the archived Appendix B table.,,,A,,,,,,,,,,,,,,,,yes,midpoint of the published range,"100,000–200,000 (Pew Appendix B, thousands)",,,,,,,,,,
Austria,AUT,AT,40,0,1,2018,8840521,A,"World Bank, World Development Indicators (SP.POP.TOTL), sourced from UN World Population Prospects and national statistical offices",https://api.worldbank.org/v2/country/all/indicator/SP.POP.TOTL,8841650,-0.0127691098380958,1690619.0,0.1912352224489936,1 January,Eurostat [migr_pop3ctb],https://ec.europa.eu/eurostat/api/dissemination/statistics/1.0/data/migr_pop3ctb?format=JSON&lang=EN&geo=AT&age=TOTAL&sex=T&unit=NR&c_birth=FOR&sinceTimePeriod=2010&untilTimePeriod=2022,stock at 1 Jan; c_birth=FOR (born in a foreign country),1385823.0,0.1567580688966182,1 January,Eurostat [migr_pop1ctz],https://ec.europa.eu/eurostat/api/dissemination/statistics/1.0/data/migr_pop1ctz?format=JSON&lang=EN&geo=AT&age=TOTAL&sex=T&unit=NR&citizen=FOR_STLS&sinceTimePeriod=2010&untilTimePeriod=2022,stock at 1 Jan; citizen=FOR_STLS (foreign citizens incl. stateless),,,,,,,,,,,,,18840.0,Full calendar year (flow),"Eurostat, Third country nationals found to be illegally present (migr_eipre)",https://ec.europa.eu/eurostat/databrowser/view/migr_eipre/default/table,"Eurostat enforcement statistic - annual flow of detections, NOT a stock. Dataset migr_eipre, dimensions freq=A citizen=TOTAL reason=TOTAL apprehen=TOTAL sex=T age=TOTAL unit=PER. Rounded to nearest 5 by Eurostat.",,,2.13109611978751,,A,,A,,,,,,A,,,,,,,,,,,,,,,,,,,,,,,,,,,,
Austria,AUT,AT,40,0,1,2019,8879920,A,"World Bank, World Development Indicators (SP.POP.TOTL), sourced from UN World Population Prospects and national statistical offices",https://api.worldbank.org/v2/country/all/indicator/SP.POP.TOTL,8880876,-0.0107647038422786,1722833.0,0.1940144731033612,1 January,Eurostat [migr_pop3ctb],https://ec.europa.eu/eurostat/api/dissemination/statistics/1.0/data/migr_pop3ctb?format=JSON&lang=EN&geo=AT&age=TOTAL&sex=T&unit=NR&c_birth=FOR&sinceTimePeriod=2010&untilTimePeriod=2022,stock at 1 Jan; c_birth=FOR (born in a foreign country),1427105.0,0.1607114703736069,1 January,Eurostat [migr_pop1ctz],https://ec.europa.eu/eurostat/api/dissemination/statistics/1.0/data/migr_pop1ctz?format=JSON&lang=EN&geo=AT&age=TOTAL&sex=T&unit=NR&citizen=FOR_STLS&sinceTimePeriod=2010&untilTimePeriod=2022,stock at 1 Jan; citizen=FOR_STLS (foreign citizens incl. stateless),,,,,,,,,,,,,16090.0,Full calendar year (flow),"Eurostat, Third country nationals found to be illegally present (migr_eipre)",https://ec.europa.eu/eurostat/databrowser/view/migr_eipre/default/table,"Eurostat enforcement statistic - annual flow of detections, NOT a stock. Dataset migr_eipre, dimensions freq=A citizen=TOTAL reason=TOTAL apprehen=TOTAL sex=T age=TOTAL unit=PER. Rounded to nearest 5 by Eurostat.",,,1.811953260840188,,A,,A,,,,,,A,,,,,,,,,,,,,,,,,,,,,,,,,,,,
Austria,AUT,AT,40,0,1,2020,8916864,A,"World Bank, World Development Indicators (SP.POP.TOTL), sourced from UN World Population Prospects and national statistical offices",https://api.worldbank.org/v2/country/all/indicator/SP.POP.TOTL,8921405,-0.0509000544196794,1760595.0,0.1974455369062486,1 January,Eurostat [migr_pop3ctb],https://ec.europa.eu/eurostat/api/dissemination/statistics/1.0/data/migr_pop3ctb?format=JSON&lang=EN&geo=AT&age=TOTAL&sex=T&unit=NR&c_birth=FOR&sinceTimePeriod=2010&untilTimePeriod=2022,stock at 1 Jan; c_birth=FOR (born in a foreign country),1473453.0,0.1652434084449421,1 January,Eurostat [migr_pop1ctz],https://ec.europa.eu/eurostat/api/dissemination/statistics/1.0/data/migr_pop1ctz?format=JSON&lang=EN&geo=AT&age=TOTAL&sex=T&unit=NR&citizen=FOR_STLS&sinceTimePeriod=2010&untilTimePeriod=2022,stock at 1 Jan; citizen=FOR_STLS (foreign citizens incl. stateless),,,,,,,,,,,,,18715.0,Full calendar year (flow),"Eurostat, Third country nationals found to be illegally present (migr_eipre)",https://ec.europa.eu/eurostat/databrowser/view/migr_eipre/default/table,"Eurostat enforcement statistic - annual flow of detections, NOT a stock. Dataset migr_eipre, dimensions freq=A citizen=TOTAL reason=TOTAL apprehen=TOTAL sex=T age=TOTAL unit=PER. Rounded to nearest 5 by Eurostat.",,,2.09883205575413,,A,,A,,,,,,A,,,,,,,,,,,,,,,,,,,,,,,,,,,,
Austria,AUT,AT,40,0,1,2021,8955797,A,"World Bank, World Development Indicators (SP.POP.TOTL), sourced from UN World Population Prospects and national statistical offices",https://api.worldbank.org/v2/country/all/indicator/SP.POP.TOTL,8967057,-0.125570741883318,1792053.0,0.200099778947647,1 January,Eurostat [migr_pop3ctb],https://ec.europa.eu/eurostat/api/dissemination/statistics/1.0/data/migr_pop3ctb?format=JSON&lang=EN&geo=AT&age=TOTAL&sex=T&unit=NR&c_birth=FOR&sinceTimePeriod=2010&untilTimePeriod=2022,stock at 1 Jan; c_birth=FOR (born in a foreign country),1517372.0,0.1694290301577849,1 January,Eurostat [migr_pop1ctz],https://ec.europa.eu/eurostat/api/dissemination/statistics/1.0/data/migr_pop1ctz?format=JSON&lang=EN&geo=AT&age=TOTAL&sex=T&unit=NR&citizen=FOR_STLS&sinceTimePeriod=2010&untilTimePeriod=2022,stock at 1 Jan; citizen=FOR_STLS (foreign citizens incl. stateless),,,,,,,,,,,,,38410.0,Full calendar year (flow),"Eurostat, Third country nationals found to be illegally present (migr_eipre)",https://ec.europa.eu/eurostat/databrowser/view/migr_eipre/default/table,"Eurostat enforcement statistic - annual flow of detections, NOT a stock. Dataset migr_eipre, dimensions freq=A citizen=TOTAL reason=TOTAL apprehen=TOTAL sex=T age=TOTAL unit=PER. Rounded to nearest 5 by Eurostat.",,,4.28884218791471,,A,,A,,,,,,A,,,,,,,,,,,,,,,,,,,,,,,,,,,,
Austria,AUT,AT,40,0,1,2022,9041851,A,"World Bank, World Development Indicators (SP.POP.TOTL), sourced from UN World Population Prospects and national statistical offices",https://api.worldbank.org/v2/country/all/indicator/SP.POP.TOTL,9064677,-0.2518126128487534,1834342.0,0.2028723985829892,1 January,Eurostat [migr_pop3ctb],https://ec.europa.eu/eurostat/api/dissemination/statistics/1.0/data/migr_pop3ctb?format=JSON&lang=EN&geo=AT&age=TOTAL&sex=T&unit=NR&c_birth=FOR&sinceTimePeriod=2010&untilTimePeriod=2022,stock at 1 Jan; c_birth=FOR (born in a foreign country),1572316.0,0.1738931552842443,1 January,Eurostat [migr_pop1ctz],https://ec.europa.eu/eurostat/api/dissemination/statistics/1.0/data/migr_pop1ctz?format=JSON&lang=EN&geo=AT&age=TOTAL&sex=T&unit=NR&citizen=FOR_STLS&sinceTimePeriod=2010&untilTimePeriod=2022,stock at 1 Jan; citizen=FOR_STLS (foreign citizens incl. stateless),,,,,,,,,,,,,105545.0,Full calendar year (flow),"Eurostat, Third country nationals found to be illegally present (migr_eipre)",https://ec.europa.eu/eurostat/databrowser/view/migr_eipre/default/table,"Eurostat enforcement statistic - annual flow of detections, NOT a stock. Dataset migr_eipre, dimensions freq=A citizen=TOTAL reason=TOTAL apprehen=TOTAL sex=T age=TOTAL unit=PER. Rounded to nearest 5 by Eurostat.",,,11.67294174610929,,A,,A,,,,,,A,,,,,,,,,,,,,,,,,,,,,,,,,,,,
Belgium,BEL,BE,56,1,0,2010,10895586,A,"World Bank, World Development Indicators (SP.POP.TOTL), sourced from UN World Population Prospects and national statistical offices",https://api.worldbank.org/v2/country/all/indicator/SP.POP.TOTL,10936626,-0.3752528430614707,1503806.0,0.1380197448765032,1 January,Eurostat [migr_pop3ctb],https://ec.europa.eu/eurostat/api/dissemination/statistics/1.0/data/migr_pop3ctb?format=JSON&lang=EN&geo=BE&age=TOTAL&sex=T&unit=NR&c_birth=FOR&sinceTimePeriod=2010&untilTimePeriod=2022,stock at 1 Jan; c_birth=FOR (born in a foreign country),1052844.0,0.0966303235089879,1 January,Eurostat [migr_pop1ctz],https://ec.europa.eu/eurostat/api/dissemination/statistics/1.0/data/migr_pop1ctz?format=JSON&lang=EN&geo=BE&age=TOTAL&sex=T&unit=NR&citizen=FOR_STLS&sinceTimePeriod=2010&untilTimePeriod=2022,stock at 1 Jan; citizen=FOR_STLS (foreign citizens incl. stateless),,,,,,,,,,,,,12115.0,Full calendar year (flow),"Eurostat, Third country nationals found to be illegally present (migr_eipre)",https://ec.europa.eu/eurostat/databrowser/view/migr_eipre/default/table,"Eurostat enforcement statistic - annual flow of detections, NOT a stock. Dataset migr_eipre, dimensions freq=A citizen=TOTAL reason=TOTAL apprehen=TOTAL sex=T age=TOTAL unit=PER. Rounded to nearest 5 by Eurostat.",,,1.111918165759969,,A,,A,,,,,,A,,,,,,,,,,,,,,,,,,,,,,,,,,,,
Belgium,BEL,BE,56,1,0,2011,11038264,A,"World Bank, World Development Indicators (SP.POP.TOTL), sourced from UN World Population Prospects and national statistical offices",https://api.worldbank.org/v2/country/all/indicator/SP.POP.TOTL,11038631,-0.0033246876356316,1628793.0,0.1475588009128971,1 January,Eurostat [migr_pop3ctb],https://ec.europa.eu/eurostat/api/dissemination/statistics/1.0/data/migr_pop3ctb?format=JSON&lang=EN&geo=BE&age=TOTAL&sex=T&unit=NR&c_birth=FOR&sinceTimePeriod=2010&untilTimePeriod=2022,stock at 1 Jan; c_birth=FOR (born in a foreign country),1162608.0,0.1053252576673288,1 January,Eurostat [migr_pop1ctz],https://ec.europa.eu/eurostat/api/dissemination/statistics/1.0/data/migr_pop1ctz?format=JSON&lang=EN&geo=BE&age=TOTAL&sex=T&unit=NR&citizen=FOR_STLS&sinceTimePeriod=2010&untilTimePeriod=2022,stock at 1 Jan; citizen=FOR_STLS (foreign citizens incl. stateless),,,,,,,,,,,,,13550.0,Full calendar year (flow),"Eurostat, Third country nationals found to be illegally present (migr_eipre)",https://ec.europa.eu/eurostat/databrowser/view/migr_eipre/default/table,"Eurostat enforcement statistic - annual flow of detections, NOT a stock. Dataset migr_eipre, dimensions freq=A citizen=TOTAL reason=TOTAL apprehen=TOTAL sex=T age=TOTAL unit=PER. Rounded to nearest 5 by Eurostat.",,,1.227548099954848,,A,,A,,,,,,A,,,,,,,,,,,,,,,,,,,,,,,,,,,,
Belgium,BEL,BE,56,1,0,2012,11106932,A,"World Bank, World Development Indicators (SP.POP.TOTL), sourced from UN World Population Prospects and national statistical offices",https://api.worldbank.org/v2/country/all/indicator/SP.POP.TOTL,11107518,-0.0052757060578249,1677737.0,0.1510531441085621,1 January,Eurostat [migr_pop3ctb],https://ec.europa.eu/eurostat/api/dissemination/statistics/1.0/data/migr_pop3ctb?format=JSON&lang=EN&geo=BE&age=TOTAL&sex=T&unit=NR&c_birth=FOR&sinceTimePeriod=2010&untilTimePeriod=2022,stock at 1 Jan; c_birth=FOR (born in a foreign country),1197598.0,0.1078243749038888,1 January,Eurostat [migr_pop1ctz],https://ec.europa.eu/eurostat/api/dissemination/statistics/1.0/data/migr_pop1ctz?format=JSON&lang=EN&geo=BE&age=TOTAL&sex=T&unit=NR&citizen=FOR_STLS&sinceTimePeriod=2010&untilTimePeriod=2022,stock at 1 Jan; citizen=FOR_STLS (foreign citizens incl. stateless),,,,,,,,,,,,,15085.0,Full calendar year (flow),"Eurostat, Third country nationals found to be illegally present (migr_eipre)",https://ec.europa.eu/eurostat/databrowser/view/migr_eipre/default/table,"Eurostat enforcement statistic - annual flow of detections, NOT a stock. Dataset migr_eipre, dimensions freq=A citizen=TOTAL reason=TOTAL apprehen=TOTAL sex=T age=TOTAL unit=PER. Rounded to nearest 5 by Eurostat.",,,1.358160831451926,,A,,A,,,,,,A,,,,,,,,,,,,,,,,,,,,,,,,,,,,
Belgium,BEL,BE,56,1,0,2013,11159407,A,"World Bank, World Development Indicators (SP.POP.TOTL), sourced from UN World Population Prospects and national statistical offices",https://api.worldbank.org/v2/country/all/indicator/SP.POP.TOTL,11160276,-0.0077865457807674,1722265.0,0.1543330214589359,1 January,Eurostat [migr_pop3ctb],https://ec.europa.eu/eurostat/api/dissemination/statistics/1.0/data/migr_pop3ctb?format=JSON&lang=EN&geo=BE&age=TOTAL&sex=T&unit=NR&c_birth=FOR&sinceTimePeriod=2010&untilTimePeriod=2022,stock at 1 Jan; c_birth=FOR (born in a foreign country),1222741.0,0.109570427891016,1 January,Eurostat [migr_pop1ctz],https://ec.europa.eu/eurostat/api/dissemination/statistics/1.0/data/migr_pop1ctz?format=JSON&lang=EN&geo=BE&age=TOTAL&sex=T&unit=NR&citizen=FOR_STLS&sinceTimePeriod=2010&untilTimePeriod=2022,stock at 1 Jan; citizen=FOR_STLS (foreign citizens incl. stateless),,,,,,,,,,,,,15075.0,Full calendar year (flow),"Eurostat, Third country nationals found to be illegally present (migr_eipre)",https://ec.europa.eu/eurostat/databrowser/view/migr_eipre/default/table,"Eurostat enforcement statistic - annual flow of detections, NOT a stock. Dataset migr_eipre, dimensions freq=A citizen=TOTAL reason=TOTAL apprehen=TOTAL sex=T age=TOTAL unit=PER. Rounded to nearest 5 by Eurostat.",,,1.350878232149791,,A,,A,,,,,,A,,,,,,,,,,,,,,,,,,,,,,,,,,,,
Belgium,BEL,BE,56,1,0,2014,11209057,A,"World Bank, World Development Indicators (SP.POP.TOTL), sourced from UN World Population Prospects and national statistical offices",https://api.worldbank.org/v2/country/all/indicator/SP.POP.TOTL,11210119,-0.009473583643492,1748748.0,0.1560120534671203,1 January,Eurostat [migr_pop3ctb],https://ec.europa.eu/eurostat/api/dissemination/statistics/1.0/data/migr_pop3ctb?format=JSON&lang=EN&geo=BE&age=TOTAL&sex=T&unit=NR&c_birth=FOR&sinceTimePeriod=2010&untilTimePeriod=2022,stock at 1 Jan; c_birth=FOR (born in a foreign country),1237696.0,0.1104192796949823,1 January,Eurostat [migr_pop1ctz],https://ec.europa.eu/eurostat/api/dissemination/statistics/1.0/data/migr_pop1ctz?format=JSON&lang=EN&geo=BE&age=TOTAL&sex=T&unit=NR&citizen=FOR_STLS&sinceTimePeriod=2010&untilTimePeriod=2022,stock at 1 Jan; citizen=FOR_STLS (foreign citizens incl. stateless),,,,,,,,,,,,,15540.0,Full calendar year (flow),"Eurostat, Third country nationals found to be illegally present (migr_eipre)",https://ec.europa.eu/eurostat/databrowser/view/migr_eipre/default/table,"Eurostat enforcement statistic - annual flow of detections, NOT a stock. Dataset migr_eipre, dimensions freq=A citizen=TOTAL reason=TOTAL apprehen=TOTAL sex=T age=TOTAL unit=PER. Rounded to nearest 5 by Eurostat.",,,1.386378889856658,,A,,A,,,,,,A,,,,,,,,,,,,,,,,,,,,,,,,,,,,
Belgium,BEL,BE,56,1,0,2015,11274196,A,"World Bank, World Development Indicators (SP.POP.TOTL), sourced from UN World Population Prospects and national statistical offices",https://api.worldbank.org/v2/country/all/indicator/SP.POP.TOTL,11275335,-0.0101016954263443,1783488.0,0.1581920342701155,1 January,Eurostat [migr_pop3ctb],https://ec.europa.eu/eurostat/api/dissemination/statistics/1.0/data/migr_pop3ctb?format=JSON&lang=EN&geo=BE&age=TOTAL&sex=T&unit=NR&c_birth=FOR&sinceTimePeriod=2010&untilTimePeriod=2022,stock at 1 Jan; c_birth=FOR (born in a foreign country),1272751.0,0.1128906220895929,1 January,Eurostat [migr_pop1ctz],https://ec.europa.eu/eurostat/api/dissemination/statistics/1.0/data/migr_pop1ctz?format=JSON&lang=EN&geo=BE&age=TOTAL&sex=T&unit=NR&citizen=FOR_STLS&sinceTimePeriod=2010&untilTimePeriod=2022,stock at 1 Jan; citizen=FOR_STLS (foreign citizens incl. stateless),,,,,,,,,,,,,16275.0,Full calendar year (flow),"Eurostat, Third country nationals found to be illegally present (migr_eipre)",https://ec.europa.eu/eurostat/databrowser/view/migr_eipre/default/table,"Eurostat enforcement statistic - annual flow of detections, NOT a stock. Dataset migr_eipre, dimensions freq=A citizen=TOTAL reason=TOTAL apprehen=TOTAL sex=T age=TOTAL unit=PER. Rounded to nearest 5 by Eurostat.",,,1.443561917852058,,A,,A,,,,,,A,,,,,,,,,,,,,,,,,,,,,,,,,,,,
Belgium,BEL,BE,56,1,0,2016,11331422,A,"World Bank, World Development Indicators (SP.POP.TOTL), sourced from UN World Population Prospects and national statistical offices",https://api.worldbank.org/v2/country/all/indicator/SP.POP.TOTL,11332701,-0.0112859238058076,1845631.0,0.1628772628889825,1 January,Eurostat [migr_pop3ctb],https://ec.europa.eu/eurostat/api/dissemination/statistics/1.0/data/migr_pop3ctb?format=JSON&lang=EN&geo=BE&age=TOTAL&sex=T&unit=NR&c_birth=FOR&sinceTimePeriod=2010&untilTimePeriod=2022,stock at 1 Jan; c_birth=FOR (born in a foreign country),1327421.0,0.1171451385360107,1 January,Eurostat [migr_pop1ctz],https://ec.europa.eu/eurostat/api/dissemination/statistics/1.0/data/migr_pop1ctz?format=JSON&lang=EN&geo=BE&age=TOTAL&sex=T&unit=NR&citizen=FOR_STLS&sinceTimePeriod=2010&untilTimePeriod=2022,stock at 1 Jan; citizen=FOR_STLS (foreign citizens incl. stateless),,,,,,,,,,,,,19320.0,Full calendar year (flow),"Eurostat, Third country nationals found to be illegally present (migr_eipre)",https://ec.europa.eu/eurostat/databrowser/view/migr_eipre/default/table,"Eurostat enforcement statistic - annual flow of detections, NOT a stock. Dataset migr_eipre, dimensions freq=A citizen=TOTAL reason=TOTAL apprehen=TOTAL sex=T age=TOTAL unit=PER. Rounded to nearest 5 by Eurostat.",,,1.704993424479293,,A,,A,,,,,,A,,,,,,,,,,,,,,,,,,,,,,,,,,,,
Belgium,BEL,BE,56,1,0,2017,11375158,A,"World Bank, World Development Indicators (SP.POP.TOTL), sourced from UN World Population Prospects and national statistical offices",https://api.worldbank.org/v2/country/all/indicator/SP.POP.TOTL,11376581,-0.0125081516142679,1876726.0,0.1649846094445457,1 January,Eurostat [migr_pop3ctb],https://ec.europa.eu/eurostat/api/dissemination/statistics/1.0/data/migr_pop3ctb?format=JSON&lang=EN&geo=BE&age=TOTAL&sex=T&unit=NR&c_birth=FOR&sinceTimePeriod=2010&untilTimePeriod=2022,stock at 1 Jan; c_birth=FOR (born in a foreign country),1346358.0,0.1183594988306975,1 January,Eurostat [migr_pop1ctz],https://ec.europa.eu/eurostat/api/dissemination/statistics/1.0/data/migr_pop1ctz?format=JSON&lang=EN&geo=BE&age=TOTAL&sex=T&unit=NR&citizen=FOR_STLS&sinceTimePeriod=2010&untilTimePeriod=2022,stock at 1 Jan; citizen=FOR_STLS (foreign citizens incl. stateless),,,,,,,,,,,,,18285.0,Full calendar year (flow),"Eurostat, Third country nationals found to be illegally present (migr_eipre)",https://ec.europa.eu/eurostat/databrowser/view/migr_eipre/default/table,"Eurostat enforcement statistic - annual flow of detections, NOT a stock. Dataset migr_eipre, dimensions freq=A citizen=TOTAL reason=TOTAL apprehen=TOTAL sex=T age=TOTAL unit=PER. Rounded to nearest 5 by Eurostat.",,,1.607450199812609,,A,,A,,,,,,A,,,,,,,,,,,,,,,,,,,,,,,,,,,,
Belgium,BEL,BE,56,1,0,2018,11427054,A,"World Bank, World Development Indicators (SP.POP.TOTL), sourced from UN World Population Prospects and national statistical offices",https://api.worldbank.org/v2/country/all/indicator/SP.POP.TOTL,11428605,-0.0135712101345702,1916272.0,0.1676960658451426,1 January,Eurostat [migr_pop3ctb],https://ec.europa.eu/eurostat/api/dissemination/statistics/1.0/data/migr_pop3ctb?format=JSON&lang=EN&geo=BE&age=TOTAL&sex=T&unit=NR&c_birth=FOR&sinceTimePeriod=2010&untilTimePeriod=2022,stock at 1 Jan; c_birth=FOR (born in a foreign country),1366070.0,0.1195469978526398,1 January,Eurostat [migr_pop1ctz],https://ec.europa.eu/eurostat/api/dissemination/statistics/1.0/data/migr_pop1ctz?format=JSON&lang=EN&geo=BE&age=TOTAL&sex=T&unit=NR&citizen=FOR_STLS&sinceTimePeriod=2010&untilTimePeriod=2022,stock at 1 Jan; citizen=FOR_STLS (foreign citizens incl. stateless),,,,,,,,,,,,,19145.0,Full calendar year (flow),"Eurostat, Third country nationals found to be illegally present (migr_eipre)",https://ec.europa.eu/eurostat/databrowser/view/migr_eipre/default/table,"Eurostat enforcement statistic - annual flow of detections, NOT a stock. Dataset migr_eipre, dimensions freq=A citizen=TOTAL reason=TOTAL apprehen=TOTAL sex=T age=TOTAL unit=PER. Rounded to nearest 5 by Eurostat.",,,1.675409952556451,,A,,A,,,,,,A,,,,,,,,,,,,,,,,,,,,,,,,,,,,
Belgium,BEL,BE,56,1,0,2019,11488980,A,"World Bank, World Development Indicators (SP.POP.TOTL), sourced from UN World Population Prospects and national statistical offices",https://api.worldbank.org/v2/country/all/indicator/SP.POP.TOTL,11490618,-0.0142551079498074,1968060.0,0.1712998020712021,1 January,Eurostat [migr_pop3ctb],https://ec.europa.eu/eurostat/api/dissemination/statistics/1.0/data/migr_pop3ctb?format=JSON&lang=EN&geo=BE&age=TOTAL&sex=T&unit=NR&c_birth=FOR&sinceTimePeriod=2010&untilTimePeriod=2022,stock at 1 Jan; c_birth=FOR (born in a foreign country),1400238.0,0.1218766156786764,1 January,Eurostat [migr_pop1ctz],https://ec.europa.eu/eurostat/api/dissemination/statistics/1.0/data/migr_pop1ctz?format=JSON&lang=EN&geo=BE&age=TOTAL&sex=T&unit=NR&citizen=FOR_STLS&sinceTimePeriod=2010&untilTimePeriod=2022,stock at 1 Jan; citizen=FOR_STLS (foreign citizens incl. stateless),,,,,,,,,,,,,17585.0,Full calendar year (flow),"Eurostat, Third country nationals found to be illegally present (migr_eipre)",https://ec.europa.eu/eurostat/databrowser/view/migr_eipre/default/table,"Eurostat enforcement statistic - annual flow of detections, NOT a stock. Dataset migr_eipre, dimensions freq=A citizen=TOTAL reason=TOTAL apprehen=TOTAL sex=T age=TOTAL unit=PER. Rounded to nearest 5 by Eurostat.",,,1.530597146134818,,A,,A,,,,,,A,,,,,,,,,,,,,,,,,,,,,,,,,,,,
Belgium,BEL,BE,56,1,0,2020,11538604,A,"World Bank, World Development Indicators (SP.POP.TOTL), sourced from UN World Population Prospects and national statistical offices",https://api.worldbank.org/v2/country/all/indicator/SP.POP.TOTL,11540107,-0.0130241426704275,2027763.0,0.1757372902302566,1 January,Eurostat [migr_pop3ctb],https://ec.europa.eu/eurostat/api/dissemination/statistics/1.0/data/migr_pop3ctb?format=JSON&lang=EN&geo=BE&age=TOTAL&sex=T&unit=NR&c_birth=FOR&sinceTimePeriod=2010&untilTimePeriod=2022,stock at 1 Jan; c_birth=FOR (born in a foreign country),1437580.0,0.1245887284111665,1 January,Eurostat [migr_pop1ctz],https://ec.europa.eu/eurostat/api/dissemination/statistics/1.0/data/migr_pop1ctz?format=JSON&lang=EN&geo=BE&age=TOTAL&sex=T&unit=NR&citizen=FOR_STLS&sinceTimePeriod=2010&untilTimePeriod=2022,stock at 1 Jan; citizen=FOR_STLS (foreign citizens incl. stateless),,,,,,,,,,,,,11495.0,Full calendar year (flow),"Eurostat, Third country nationals found to be illegally present (migr_eipre)",https://ec.europa.eu/eurostat/databrowser/view/migr_eipre/default/table,"Eurostat enforcement statistic - annual flow of detections, NOT a stock. Dataset migr_eipre, dimensions freq=A citizen=TOTAL reason=TOTAL apprehen=TOTAL sex=T age=TOTAL unit=PER. Rounded to nearest 5 by Eurostat.",,,0.9962210333243088,,A,,A,,,,,,A,,,,,,,,,,,,,,,,,,,,,,,,,,,,
Belgium,BEL,BE,56,1,0,2021,11586195,A,"World Bank, World Development Indicators (SP.POP.TOTL), sourced from UN World Population Prospects and national statistical offices",https://api.worldbank.org/v2/country/all/indicator/SP.POP.TOTL,11570844,0.1326696652379031,2065727.0,0.1782920967582541,1 January,Eurostat [migr_pop3ctb],https://ec.europa.eu/eurostat/api/dissemination/statistics/1.0/data/migr_pop3ctb?format=JSON&lang=EN&geo=BE&age=TOTAL&sex=T&unit=NR&c_birth=FOR&sinceTimePeriod=2010&untilTimePeriod=2022,stock at 1 Jan; c_birth=FOR (born in a foreign country),1454039.0,0.12549754254956,1 January,Eurostat [migr_pop1ctz],https://ec.europa.eu/eurostat/api/dissemination/statistics/1.0/data/migr_pop1ctz?format=JSON&lang=EN&geo=BE&age=TOTAL&sex=T&unit=NR&citizen=FOR_STLS&sinceTimePeriod=2010&untilTimePeriod=2022,stock at 1 Jan; citizen=FOR_STLS (foreign citizens incl. stateless),,,,,,,,,,,,,10885.0,Full calendar year (flow),"Eurostat, Third country nationals found to be illegally present (migr_eipre)",https://ec.europa.eu/eurostat/databrowser/view/migr_eipre/default/table,"Eurostat enforcement statistic - annual flow of detections, NOT a stock. Dataset migr_eipre, dimensions freq=A citizen=TOTAL reason=TOTAL apprehen=TOTAL sex=T age=TOTAL unit=PER. Rounded to nearest 5 by Eurostat.",,,0.9394801313114444,,A,,A,,,,,,A,,,,,,,,,,,,,,,,,,,,,,,,,,,,
Belgium,BEL,BE,56,1,0,2022,11680210,A,"World Bank, World Development Indicators (SP.POP.TOTL), sourced from UN World Population Prospects and national statistical offices",https://api.worldbank.org/v2/country/all/indicator/SP.POP.TOTL,11641820,0.3297594362393509,2119691.0,0.181477130976241,1 January,Eurostat [migr_pop3ctb],https://ec.europa.eu/eurostat/api/dissemination/statistics/1.0/data/migr_pop3ctb?format=JSON&lang=EN&geo=BE&age=TOTAL&sex=T&unit=NR&c_birth=FOR&sinceTimePeriod=2010&untilTimePeriod=2022,stock at 1 Jan; c_birth=FOR (born in a foreign country),1488896.0,0.1274716807317676,1 January,Eurostat [migr_pop1ctz],https://ec.europa.eu/eurostat/api/dissemination/statistics/1.0/data/migr_pop1ctz?format=JSON&lang=EN&geo=BE&age=TOTAL&sex=T&unit=NR&citizen=FOR_STLS&sinceTimePeriod=2010&untilTimePeriod=2022,stock at 1 Jan; citizen=FOR_STLS (foreign citizens incl. stateless),,,,,,,,,,,,,10965.0,Full calendar year (flow),"Eurostat, Third country nationals found to be illegally present (migr_eipre)",https://ec.europa.eu/eurostat/databrowser/view/migr_eipre/default/table,"Eurostat enforcement statistic - annual flow of detections, NOT a stock. Dataset migr_eipre, dimensions freq=A citizen=TOTAL reason=TOTAL apprehen=TOTAL sex=T age=TOTAL unit=PER. Rounded to nearest 5 by Eurostat.",,,0.938767368052458,,A,,A,,,,,,A,,,,,,,,,,,,,,,,,,,,,,,,,,,,
Bulgaria,BGR,BG,100,1,0,2010,7395599,A,"World Bank, World Development Indicators (SP.POP.TOTL), sourced from UN World Population Prospects and national statistical offices",https://api.worldbank.org/v2/country/all/indicator/SP.POP.TOTL,7437599,-0.5646983656957036,,,,,,,38002.0,0.0051384614011657,1 January,Eurostat [migr_pop1ctz],https://ec.europa.eu/eurostat/api/dissemination/statistics/1.0/data/migr_pop1ctz?format=JSON&lang=EN&geo=BG&age=TOTAL&sex=T&unit=NR&citizen=FOR_STLS&sinceTimePeriod=2010&untilTimePeriod=2022,stock at 1 Jan; citizen=FOR_STLS (foreign citizens incl. stateless),,,,,,,,,,,,,1705.0,Full calendar year (flow),"Eurostat, Third country nationals found to be illegally present (migr_eipre)",https://ec.europa.eu/eurostat/databrowser/view/migr_eipre/default/table,"Eurostat enforcement statistic - annual flow of detections, NOT a stock. Dataset migr_eipre, dimensions freq=A citizen=TOTAL reason=TOTAL apprehen=TOTAL sex=T age=TOTAL unit=PER. Rounded to nearest 5 by Eurostat.",,,0.230542515893574,,,,A,,,,,,A,,,,,,,,,,,,,,,,,,,,,,,,,,,,
Bulgaria,BGR,BG,100,1,0,2011,7348328,A,"World Bank, World Development Indicators (SP.POP.TOTL), sourced from UN World Population Prospects and national statistical offices",https://api.worldbank.org/v2/country/all/indicator/SP.POP.TOTL,7380025,-0.4294971900501692,78621.0,0.0106991685727692,1 January,Eurostat [migr_pop3ctb],https://ec.europa.eu/eurostat/api/dissemination/statistics/1.0/data/migr_pop3ctb?format=JSON&lang=EN&geo=BG&age=TOTAL&sex=T&unit=NR&c_birth=FOR&sinceTimePeriod=2010&untilTimePeriod=2022,stock at 1 Jan; c_birth=FOR (born in a foreign country); Eurostat series starts in 2011,38815.0,0.0052821539811505,1 January,Eurostat [migr_pop1ctz],https://ec.europa.eu/eurostat/api/dissemination/statistics/1.0/data/migr_pop1ctz?format=JSON&lang=EN&geo=BG&age=TOTAL&sex=T&unit=NR&citizen=FOR_STLS&sinceTimePeriod=2010&untilTimePeriod=2022,stock at 1 Jan; citizen=FOR_STLS (foreign citizens incl. stateless),,,,,,,,,,,,,1355.0,Full calendar year (flow),"Eurostat, Third country nationals found to be illegally present (migr_eipre)",https://ec.europa.eu/eurostat/databrowser/view/migr_eipre/default/table,"Eurostat enforcement statistic - annual flow of detections, NOT a stock. Dataset migr_eipre, dimensions freq=A citizen=TOTAL reason=TOTAL apprehen=TOTAL sex=T age=TOTAL unit=PER. Rounded to nearest 5 by Eurostat.",,,0.1843956883797239,,A,,A,,,,,,A,,,,,,,,,,,,,,,,,,,,,,,,,,,,
Bulgaria,BGR,BG,100,1,0,2012,7305888,A,"World Bank, World Development Indicators (SP.POP.TOTL), sourced from UN World Population Prospects and national statistical offices",https://api.worldbank.org/v2/country/all/indicator/SP.POP.TOTL,7317014,-0.1520565629640725,85076.0,0.0116448541231401,1 January,Eurostat [migr_pop3ctb],https://ec.europa.eu/eurostat/api/dissemination/statistics/1.0/data/migr_pop3ctb?format=JSON&lang=EN&geo=BG&age=TOTAL&sex=T&unit=NR&c_birth=FOR&sinceTimePeriod=2010&untilTimePeriod=2022,stock at 1 Jan; c_birth=FOR (born in a foreign country); Eurostat series starts in 2011,39432.0,0.0053972905141715,1 January,Eurostat [migr_pop1ctz],https://ec.europa.eu/eurostat/api/dissemination/statistics/1.0/data/migr_pop1ctz?format=JSON&lang=EN&geo=BG&age=TOTAL&sex=T&unit=NR&citizen=FOR_STLS&sinceTimePeriod=2010&untilTimePeriod=2022,stock at 1 Jan; citizen=FOR_STLS (foreign citizens incl. stateless),,,,,,,,,,,,,2050.0,Full calendar year (flow),"Eurostat, Third country nationals found to be illegally present (migr_eipre)",https://ec.europa.eu/eurostat/databrowser/view/migr_eipre/default/table,"Eurostat enforcement statistic - annual flow of detections, NOT a stock. Dataset migr_eipre, dimensions freq=A citizen=TOTAL reason=TOTAL apprehen=TOTAL sex=T age=TOTAL unit=PER. Rounded to nearest 5 by Eurostat.",,,0.2805955963190238,,A,,A,,,,,,A,,,,,,,,,,,,,,,,,,,,,,,,,,,,
Bulgaria,BGR,BG,100,1,0,2013,7160005,A,"World Bank, World Development Indicators (SP.POP.TOTL), sourced from UN World Population Prospects and national statistical offices",https://api.worldbank.org/v2/country/all/indicator/SP.POP.TOTL,7264600,-1.439790215565895,95180.0,0.0132932868063639,1 January,Eurostat [migr_pop3ctb],https://ec.europa.eu/eurostat/api/dissemination/statistics/1.0/data/migr_pop3ctb?format=JSON&lang=EN&geo=BG&age=TOTAL&sex=T&unit=NR&c_birth=FOR&sinceTimePeriod=2010&untilTimePeriod=2022,stock at 1 Jan; c_birth=FOR (born in a foreign country); Eurostat series starts in 2011,44506.0,0.006215917446985,1 January,Eurostat [migr_pop1ctz],https://ec.europa.eu/eurostat/api/dissemination/statistics/1.0/data/migr_pop1ctz?format=JSON&lang=EN&geo=BG&age=TOTAL&sex=T&unit=NR&citizen=FOR_STLS&sinceTimePeriod=2010&untilTimePeriod=2022,stock at 1 Jan; citizen=FOR_STLS (foreign citizens incl. stateless),,,,,,,,,,,,,5260.0,Full calendar year (flow),"Eurostat, Third country nationals found to be illegally present (migr_eipre)",https://ec.europa.eu/eurostat/databrowser/view/migr_eipre/default/table,"Eurostat enforcement statistic - annual flow of detections, NOT a stock. Dataset migr_eipre, dimensions freq=A citizen=TOTAL reason=TOTAL apprehen=TOTAL sex=T age=TOTAL unit=PER. Rounded to nearest 5 by Eurostat.",,,0.7346363584941631,,A,,A,,,,,,A,,,,,,,,,,,,,,,,,,,,,,,,,,,,
Bulgaria,BGR,BG,100,1,0,2014,7073572,A,"World Bank, World Development Indicators (SP.POP.TOTL), sourced from UN World Population Prospects and national statistical offices",https://api.worldbank.org/v2/country/all/indicator/SP.POP.TOTL,7223449,-2.074867559804188,107275.0,0.0151656051567722,1 January,Eurostat [migr_pop3ctb],https://ec.europa.eu/eurostat/api/dissemination/statistics/1.0/data/migr_pop3ctb?format=JSON&lang=EN&geo=BG&age=TOTAL&sex=T&unit=NR&c_birth=FOR&sinceTimePeriod=2010&untilTimePeriod=2022,stock at 1 Jan; c_birth=FOR (born in a foreign country); Eurostat series starts in 2011,53253.0,0.0075284453173022,1 January,Eurostat [migr_pop1ctz],https://ec.europa.eu/eurostat/api/dissemination/statistics/1.0/data/migr_pop1ctz?format=JSON&lang=EN&geo=BG&age=TOTAL&sex=T&unit=NR&citizen=FOR_STLS&sinceTimePeriod=2010&untilTimePeriod=2022,stock at 1 Jan; citizen=FOR_STLS (foreign citizens incl. stateless),,,,,,,,,,,,,12870.0,Full calendar year (flow),"Eurostat, Third country nationals found to be illegally present (migr_eipre)",https://ec.europa.eu/eurostat/databrowser/view/migr_eipre/default/table,"Eurostat enforcement statistic - annual flow of detections, NOT a stock. Dataset migr_eipre, dimensions freq=A citizen=TOTAL reason=TOTAL apprehen=TOTAL sex=T age=TOTAL unit=PER. Rounded to nearest 5 by Eurostat.",,,1.819448504942057,,A,,A,,,,,,A,,,,,,,,,,,,,,,,,,,,,,,,,,,,
Bulgaria,BGR,BG,100,1,0,2015,6984225,A,"World Bank, World Development Indicators (SP.POP.TOTL), sourced from UN World Population Prospects and national statistical offices",https://api.worldbank.org/v2/country/all/indicator/SP.POP.TOTL,7177517,-2.693020441470219,120635.0,0.0172724962325812,1 January,Eurostat [migr_pop3ctb],https://ec.europa.eu/eurostat/api/dissemination/statistics/1.0/data/migr_pop3ctb?format=JSON&lang=EN&geo=BG&age=TOTAL&sex=T&unit=NR&c_birth=FOR&sinceTimePeriod=2010&untilTimePeriod=2022,stock at 1 Jan; c_birth=FOR (born in a foreign country); Eurostat series starts in 2011,63879.0,0.0091461830052725,1 January,Eurostat [migr_pop1ctz],https://ec.europa.eu/eurostat/api/dissemination/statistics/1.0/data/migr_pop1ctz?format=JSON&lang=EN&geo=BG&age=TOTAL&sex=T&unit=NR&citizen=FOR_STLS&sinceTimePeriod=2010&untilTimePeriod=2022,stock at 1 Jan; citizen=FOR_STLS (foreign citizens incl. stateless),,,,,,,,,,,,,20810.0,Full calendar year (flow),"Eurostat, Third country nationals found to be illegally present (migr_eipre)",https://ec.europa.eu/eurostat/databrowser/view/migr_eipre/default/table,"Eurostat enforcement statistic - annual flow of detections, NOT a stock. Dataset migr_eipre, dimensions freq=A citizen=TOTAL reason=TOTAL apprehen=TOTAL sex=T age=TOTAL unit=PER. Rounded to nearest 5 by Eurostat.",,,2.979571820781834,,A,,A,,,,,,A,,,,,,,,,,,,,,,,,,,,,,,,,,,,
Bulgaria,BGR,BG,100,1,0,2016,6894139,A,"World Bank, World Development Indicators (SP.POP.TOTL), sourced from UN World Population Prospects and national statistical offices",https://api.worldbank.org/v2/country/all/indicator/SP.POP.TOTL,7127434,-3.27319761922734,131924.0,0.0191356745200524,1 January,Eurostat [migr_pop3ctb],https://ec.europa.eu/eurostat/api/dissemination/statistics/1.0/data/migr_pop3ctb?format=JSON&lang=EN&geo=BG&age=TOTAL&sex=T&unit=NR&c_birth=FOR&sinceTimePeriod=2010&untilTimePeriod=2022,stock at 1 Jan; c_birth=FOR (born in a foreign country); Eurostat series starts in 2011,71491.0,0.0103698228306681,1 January,Eurostat [migr_pop1ctz],https://ec.europa.eu/eurostat/api/dissemination/statistics/1.0/data/migr_pop1ctz?format=JSON&lang=EN&geo=BG&age=TOTAL&sex=T&unit=NR&citizen=FOR_STLS&sinceTimePeriod=2010&untilTimePeriod=2022,stock at 1 Jan; citizen=FOR_STLS (foreign citizens incl. stateless),,,,,,,,,,,,,14125.0,Full calendar year (flow),"Eurostat, Third country nationals found to be illegally present (migr_eipre)",https://ec.europa.eu/eurostat/databrowser/view/migr_eipre/default/table,"Eurostat enforcement statistic - annual flow of detections, NOT a stock. Dataset migr_eipre, dimensions freq=A citizen=TOTAL reason=TOTAL apprehen=TOTAL sex=T age=TOTAL unit=PER. Rounded to nearest 5 by Eurostat.",,,2.048841777051493,,A,,A,,,,,,A,,,,,,,,,,,,,,,,,,,,,,,,,,,,
Bulgaria,BGR,BG,100,1,0,2017,6803468,A,"World Bank, World Development Indicators (SP.POP.TOTL), sourced from UN World Population Prospects and national statistical offices",https://api.worldbank.org/v2/country/all/indicator/SP.POP.TOTL,7075636,-3.846551744606421,139655.0,0.0205270312140808,1 January,Eurostat [migr_pop3ctb],https://ec.europa.eu/eurostat/api/dissemination/statistics/1.0/data/migr_pop3ctb?format=JSON&lang=EN&geo=BG&age=TOTAL&sex=T&unit=NR&c_birth=FOR&sinceTimePeriod=2010&untilTimePeriod=2022,stock at 1 Jan; c_birth=FOR (born in a foreign country); Eurostat series starts in 2011,76562.0,0.0112533784240625,1 January,Eurostat [migr_pop1ctz],https://ec.europa.eu/eurostat/api/dissemination/statistics/1.0/data/migr_pop1ctz?format=JSON&lang=EN&geo=BG&age=TOTAL&sex=T&unit=NR&citizen=FOR_STLS&sinceTimePeriod=2010&untilTimePeriod=2022,stock at 1 Jan; citizen=FOR_STLS (foreign citizens incl. stateless),,,,,,,,,,,,,2595.0,Full calendar year (flow),"Eurostat, Third country nationals found to be illegally present (migr_eipre)",https://ec.europa.eu/eurostat/databrowser/view/migr_eipre/default/table,"Eurostat enforcement statistic - annual flow of detections, NOT a stock. Dataset migr_eipre, dimensions freq=A citizen=TOTAL reason=TOTAL apprehen=TOTAL sex=T age=TOTAL unit=PER. Rounded to nearest 5 by Eurostat.",,,0.3814231212669773,,A,,A,,,,,,A,,,,,,,,,,,,,,,,,,,,,,,,,,,,
Bulgaria,BGR,BG,100,1,0,2018,6710798,A,"World Bank, World Development Indicators (SP.POP.TOTL), sourced from UN World Population Prospects and national statistical offices",https://api.worldbank.org/v2/country/all/indicator/SP.POP.TOTL,7024745,-4.469158666969406,149096.0,0.0222173279541419,1 January,Eurostat [migr_pop3ctb],https://ec.europa.eu/eurostat/api/dissemination/statistics/1.0/data/migr_pop3ctb?format=JSON&lang=EN&geo=BG&age=TOTAL&sex=T&unit=NR&c_birth=FOR&sinceTimePeriod=2010&untilTimePeriod=2022,stock at 1 Jan; c_birth=FOR (born in a foreign country); Eurostat series starts in 2011,82370.0,0.0122742481594588,1 January,Eurostat [migr_pop1ctz],https://ec.europa.eu/eurostat/api/dissemination/statistics/1.0/data/migr_pop1ctz?format=JSON&lang=EN&geo=BG&age=TOTAL&sex=T&unit=NR&citizen=FOR_STLS&sinceTimePeriod=2010&untilTimePeriod=2022,stock at 1 Jan; citizen=FOR_STLS (foreign citizens incl. stateless),,,,,,,,,,,,,1305.0,Full calendar year (flow),"Eurostat, Third country nationals found to be illegally present (migr_eipre)",https://ec.europa.eu/eurostat/databrowser/view/migr_eipre/default/table,"Eurostat enforcement statistic - annual flow of detections, NOT a stock. Dataset migr_eipre, dimensions freq=A citizen=TOTAL reason=TOTAL apprehen=TOTAL sex=T age=TOTAL unit=PER. Rounded to nearest 5 by Eurostat.",,,0.194462715164426,,A,,A,,,,,,A,,,,,,,,,,,,,,,,,,,,,,,,,,,,
Bulgaria,BGR,BG,100,1,0,2019,6616726,A,"World Bank, World Development Indicators (SP.POP.TOTL), sourced from UN World Population Prospects and national statistical offices",https://api.worldbank.org/v2/country/all/indicator/SP.POP.TOTL,6975469,-5.142923006324019,162346.0,0.0245356993776075,1 January,Eurostat [migr_pop3ctb],https://ec.europa.eu/eurostat/api/dissemination/statistics/1.0/data/migr_pop3ctb?format=JSON&lang=EN&geo=BG&age=TOTAL&sex=T&unit=NR&c_birth=FOR&sinceTimePeriod=2010&untilTimePeriod=2022,stock at 1 Jan; c_birth=FOR (born in a foreign country); Eurostat series starts in 2011,91243.0,0.0137897503992155,1 January,Eurostat [migr_pop1ctz],https://ec.europa.eu/eurostat/api/dissemination/statistics/1.0/data/migr_pop1ctz?format=JSON&lang=EN&geo=BG&age=TOTAL&sex=T&unit=NR&citizen=FOR_STLS&sinceTimePeriod=2010&untilTimePeriod=2022,stock at 1 Jan; citizen=FOR_STLS (foreign citizens incl. stateless),,,,,,,,,,,,,655.0,Full calendar year (flow),"Eurostat, Third country nationals found to be illegally present (migr_eipre)",https://ec.europa.eu/eurostat/databrowser/view/migr_eipre/default/table,"Eurostat enforcement statistic - annual flow of detections, NOT a stock. Dataset migr_eipre, dimensions freq=A citizen=TOTAL reason=TOTAL apprehen=TOTAL sex=T age=TOTAL unit=PER. Rounded to nearest 5 by Eurostat.",,,0.0989915556424733,,A,,A,,,,,,A,,,,,,,,,,,,,,,,,,,,,,,,,,,,
Bulgaria,BGR,BG,100,1,0,2020,6550696,A,"World Bank, World Development Indicators (SP.POP.TOTL), sourced from UN World Population Prospects and national statistical offices",https://api.worldbank.org/v2/country/all/indicator/SP.POP.TOTL,6933652,-5.523149993682982,176321.0,0.0269163765193805,1 January,Eurostat [migr_pop3ctb],https://ec.europa.eu/eurostat/api/dissemination/statistics/1.0/data/migr_pop3ctb?format=JSON&lang=EN&geo=BG&age=TOTAL&sex=T&unit=NR&c_birth=FOR&sinceTimePeriod=2010&untilTimePeriod=2022,stock at 1 Jan; c_birth=FOR (born in a foreign country); Eurostat series starts in 2011,100768.0,0.0153827929123867,1 January,Eurostat [migr_pop1ctz],https://ec.europa.eu/eurostat/api/dissemination/statistics/1.0/data/migr_pop1ctz?format=JSON&lang=EN&geo=BG&age=TOTAL&sex=T&unit=NR&citizen=FOR_STLS&sinceTimePeriod=2010&untilTimePeriod=2022,stock at 1 Jan; citizen=FOR_STLS (foreign citizens incl. stateless),,,,,,,,,,,,,670.0,Full calendar year (flow),"Eurostat, Third country nationals found to be illegally present (migr_eipre)",https://ec.europa.eu/eurostat/databrowser/view/migr_eipre/default/table,"Eurostat enforcement statistic - annual flow of detections, NOT a stock. Dataset migr_eipre, dimensions freq=A citizen=TOTAL reason=TOTAL apprehen=TOTAL sex=T age=TOTAL unit=PER. Rounded to nearest 5 by Eurostat.",,,0.1022792081940606,,A,,A,,,,,,A,,,,,,,,,,,,,,,,,,,,,,,,,,,,
Bulgaria,BGR,BG,100,1,0,2021,6507301,A,"World Bank, World Development Indicators (SP.POP.TOTL), sourced from UN World Population Prospects and national statistical offices",https://api.worldbank.org/v2/country/all/indicator/SP.POP.TOTL,6877225,-5.378971896368085,188519.0,0.0289703826517322,1 January,Eurostat [migr_pop3ctb],https://ec.europa.eu/eurostat/api/dissemination/statistics/1.0/data/migr_pop3ctb?format=JSON&lang=EN&geo=BG&age=TOTAL&sex=T&unit=NR&c_birth=FOR&sinceTimePeriod=2010&untilTimePeriod=2022,stock at 1 Jan; c_birth=FOR (born in a foreign country); Eurostat series starts in 2011,108438.0,0.01666405165521,1 January,Eurostat [migr_pop1ctz],https://ec.europa.eu/eurostat/api/dissemination/statistics/1.0/data/migr_pop1ctz?format=JSON&lang=EN&geo=BG&age=TOTAL&sex=T&unit=NR&citizen=FOR_STLS&sinceTimePeriod=2010&untilTimePeriod=2022,stock at 1 Jan; citizen=FOR_STLS (foreign citizens incl. stateless),,,,,,,,,,,,,3200.0,Full calendar year (flow),"Eurostat, Third country nationals found to be illegally present (migr_eipre)",https://ec.europa.eu/eurostat/databrowser/view/migr_eipre/default/table,"Eurostat enforcement statistic - annual flow of detections, NOT a stock. Dataset migr_eipre, dimensions freq=A citizen=TOTAL reason=TOTAL apprehen=TOTAL sex=T age=TOTAL unit=PER. Rounded to nearest 5 by Eurostat.",,,0.4917553375815872,,A,,A,,,,,,A,,,,,,,,,,,,,,,,,,,,,,,,,,,,
Bulgaria,BGR,BG,100,1,0,2022,6465097,A,"World Bank, World Development Indicators (SP.POP.TOTL), sourced from UN World Population Prospects and national statistical offices",https://api.worldbank.org/v2/country/all/indicator/SP.POP.TOTL,6825864,-5.285294286554787,142214.0,0.0219971950923551,1 January,Eurostat [migr_pop3ctb],https://ec.europa.eu/eurostat/api/dissemination/statistics/1.0/data/migr_pop3ctb?format=JSON&lang=EN&geo=BG&age=TOTAL&sex=T&unit=NR&c_birth=FOR&sinceTimePeriod=2010&untilTimePeriod=2022,stock at 1 Jan; c_birth=FOR (born in a foreign country); apparent break in series (population census re-basing); Eurostat series starts in 2011,63861.0,0.0098778100313112,1 January,Eurostat [migr_pop1ctz],https://ec.europa.eu/eurostat/api/dissemination/statistics/1.0/data/migr_pop1ctz?format=JSON&lang=EN&geo=BG&age=TOTAL&sex=T&unit=NR&citizen=FOR_STLS&sinceTimePeriod=2010&untilTimePeriod=2022,stock at 1 Jan; citizen=FOR_STLS (foreign citizens incl. stateless); apparent break in series (population census re-basing),,,,,,,,,,,,,10135.0,Full calendar year (flow),"Eurostat, Third country nationals found to be illegally present (migr_eipre)",https://ec.europa.eu/eurostat/databrowser/view/migr_eipre/default/table,"Eurostat enforcement statistic - annual flow of detections, NOT a stock. Dataset migr_eipre, dimensions freq=A citizen=TOTAL reason=TOTAL apprehen=TOTAL sex=T age=TOTAL unit=PER. Rounded to nearest 5 by Eurostat.",,,1.567648559642647,,A,,A,,,,,,A,,,,,,,,,,,,,,,,,,,,,,,,,,,,
Chile,CHL,CL,152,1,0,2010,17181464,A,"World Bank, World Development Indicators (SP.POP.TOTL), sourced from UN World Population Prospects and national statistical offices",https://api.worldbank.org/v2/country/all/indicator/SP.POP.TOTL,17181464,0.0,352344.0,0.0205072163815609,See note,"OECD International Migration Database (stocks of foreign-born population, measure B14)","https://sdmx.oecd.org/public/rest/data/OECD.ELS.IMD,DSD_MIG_F@DF_MIG_POPF,1.0/CHL.W.A.B14._T._Z._Z.PS?startPeriod=2010&endPeriod=2022&format=jsondata&dimensionAtObservation=AllDimensions",OECD IMD foreign-born stock for Chile; derived from INE/SERMIG foreign-resident estimates and Censo 2017. NOTE: OECD labels this series one year later than the corresponding B15 foreign-national series (e.g. 1534813 appears as 2021 here and as 2020 under B15). Values recorded exactly as published.,,,,,,,,,,,,,,,,,,,,,,,,,,,,A,,,,,,,,,,,,,,,,,,,,,,,,,,,,,,,,,,,,
Chile,CHL,CL,152,1,0,2011,17351816,A,"World Bank, World Development Indicators (SP.POP.TOTL), sourced from UN World Population Prospects and national statistical offices",https://api.worldbank.org/v2/country/all/indicator/SP.POP.TOTL,17351816,0.0,369436.0,0.0212909127206051,See note,"OECD International Migration Database (stocks of foreign-born population, measure B14)","https://sdmx.oecd.org/public/rest/data/OECD.ELS.IMD,DSD_MIG_F@DF_MIG_POPF,1.0/CHL.W.A.B14._T._Z._Z.PS?startPeriod=2010&endPeriod=2022&format=jsondata&dimensionAtObservation=AllDimensions",OECD IMD foreign-born stock for Chile; derived from INE/SERMIG foreign-resident estimates and Censo 2017. NOTE: OECD labels this series one year later than the corresponding B15 foreign-national series (e.g. 1534813 appears as 2021 here and as 2020 under B15). Values recorded exactly as published.,,,,,,,,,,,,,,,,,,,,,,,,,,,,A,,,,,,,,,,,,,,,,,,,,,,,,,,,,,,,,,,,,
Chile,CHL,CL,152,1,0,2012,17519119,A,"World Bank, World Development Indicators (SP.POP.TOTL), sourced from UN World Population Prospects and national statistical offices",https://api.worldbank.org/v2/country/all/indicator/SP.POP.TOTL,17519119,0.0,388229.0,0.0221603038371963,See note,"OECD International Migration Database (stocks of foreign-born population, measure B14)","https://sdmx.oecd.org/public/rest/data/OECD.ELS.IMD,DSD_MIG_F@DF_MIG_POPF,1.0/CHL.W.A.B14._T._Z._Z.PS?startPeriod=2010&endPeriod=2022&format=jsondata&dimensionAtObservation=AllDimensions",OECD IMD foreign-born stock for Chile; derived from INE/SERMIG foreign-resident estimates and Censo 2017. NOTE: OECD labels this series one year later than the corresponding B15 foreign-national series (e.g. 1534813 appears as 2021 here and as 2020 under B15). Values recorded exactly as published.,,,,,,,,,,,,,,,,,,,,,,,,,,,,A,,,,,,,,,,,,,,,,,,,,,,,,,,,,,,,,,,,,
Chile,CHL,CL,152,1,0,2013,17687006,A,"World Bank, World Development Indicators (SP.POP.TOTL), sourced from UN World Population Prospects and national statistical offices",https://api.worldbank.org/v2/country/all/indicator/SP.POP.TOTL,17687006,0.0,415540.0,0.0234940837358227,See note,"OECD International Migration Database (stocks of foreign-born population, measure B14)","https://sdmx.oecd.org/public/rest/data/OECD.ELS.IMD,DSD_MIG_F@DF_MIG_POPF,1.0/CHL.W.A.B14._T._Z._Z.PS?startPeriod=2010&endPeriod=2022&format=jsondata&dimensionAtObservation=AllDimensions",OECD IMD foreign-born stock for Chile; derived from INE/SERMIG foreign-resident estimates and Censo 2017. NOTE: OECD labels this series one year later than the corresponding B15 foreign-national series (e.g. 1534813 appears as 2021 here and as 2020 under B15). Values recorded exactly as published.,,,,,,,,,,,,,,,,,,,,,,,,,,,,A,,,,,,,,,,,,,,,,,,,,,,,,,,,,,,,,,,,,
Chile,CHL,CL,152,1,0,2014,17864195,A,"World Bank, World Development Indicators (SP.POP.TOTL), sourced from UN World Population Prospects and national statistical offices",https://api.worldbank.org/v2/country/all/indicator/SP.POP.TOTL,17864195,0.0,441529.0,0.0247158632113005,See note,"OECD International Migration Database (stocks of foreign-born population, measure B14)","https://sdmx.oecd.org/public/rest/data/OECD.ELS.IMD,DSD_MIG_F@DF_MIG_POPF,1.0/CHL.W.A.B14._T._Z._Z.PS?startPeriod=2010&endPeriod=2022&format=jsondata&dimensionAtObservation=AllDimensions",OECD IMD foreign-born stock for Chile; derived from INE/SERMIG foreign-resident estimates and Censo 2017. NOTE: OECD labels this series one year later than the corresponding B15 foreign-national series (e.g. 1534813 appears as 2021 here and as 2020 under B15). Values recorded exactly as published.,,,,,,,,,,,,,,,,,,,,,,,,,,,,A,,,,,,,,,,,,,,,,,,,,,,,,,,,,,,,,,,,,
Chile,CHL,CL,152,1,0,2015,18047625,A,"World Bank, World Development Indicators (SP.POP.TOTL), sourced from UN World Population Prospects and national statistical offices",https://api.worldbank.org/v2/country/all/indicator/SP.POP.TOTL,18047625,0.0,465319.0,0.0257828384621245,See note,"OECD International Migration Database (stocks of foreign-born population, measure B14)","https://sdmx.oecd.org/public/rest/data/OECD.ELS.IMD,DSD_MIG_F@DF_MIG_POPF,1.0/CHL.W.A.B14._T._Z._Z.PS?startPeriod=2010&endPeriod=2022&format=jsondata&dimensionAtObservation=AllDimensions",OECD IMD foreign-born stock for Chile; derived from INE/SERMIG foreign-resident estimates and Censo 2017. NOTE: OECD labels this series one year later than the corresponding B15 foreign-national series (e.g. 1534813 appears as 2021 here and as 2020 under B15). Values recorded exactly as published.,,,,,,,,,,,,,,,,,,,,,,,,,,,,A,,,,,,,,,,,,,,,,,,,,,,,,,,,,,,,,,,,,
Chile,CHL,CL,152,1,0,2016,18267221,A,"World Bank, World Development Indicators (SP.POP.TOTL), sourced from UN World Population Prospects and national statistical offices",https://api.worldbank.org/v2/country/all/indicator/SP.POP.TOTL,18267221,0.0,,,,,,,,,,,,,,,,,,,,,,,,,,,,,,,,,,,,,,,,,,,,,,,,,,,,,,,,,,,,,,,,,,,,,,
Chile,CHL,CL,152,1,0,2017,18558868,A,"World Bank, World Development Indicators (SP.POP.TOTL), sourced from UN World Population Prospects and national statistical offices",https://api.worldbank.org/v2/country/all/indicator/SP.POP.TOTL,18558868,0.0,746435.0,0.0402198560817394,See note,"OECD International Migration Database (stocks of foreign-born population, measure B14)","https://sdmx.oecd.org/public/rest/data/OECD.ELS.IMD,DSD_MIG_F@DF_MIG_POPF,1.0/CHL.W.A.B14._T._Z._Z.PS?startPeriod=2010&endPeriod=2022&format=jsondata&dimensionAtObservation=AllDimensions",OECD IMD foreign-born stock for Chile; derived from INE/SERMIG foreign-resident estimates and Censo 2017. NOTE: OECD labels this series one year later than the corresponding B15 foreign-national series (e.g. 1534813 appears as 2021 here and as 2020 under B15). Values recorded exactly as published.,746465.0,0.040221472559641,31 December,"OECD International Migration Database (stocks of foreign population, measure B15)","https://sdmx.oecd.org/public/rest/data/OECD.ELS.IMD,DSD_MIG@DF_MIG,1.0/CHL.W.A.B15._T._Z._Z.PS?startPeriod=2010&endPeriod=2022&format=jsondata&dimensionAtObservation=AllDimensions",Foreign nationals resident in Chile; OECD IMD series based on INE/SERMIG estimates of foreign residents. Reference date 31 December.,,,,,,,,,,,,,,,,,,,,,,A,,A,,,,,,,,,,,,,,,,,,,,,,,,,,,,,,,,,,
Chile,CHL,CL,152,1,0,2018,18893191,A,"World Bank, World Development Indicators (SP.POP.TOTL), sourced from UN World Population Prospects and national statistical offices",https://api.worldbank.org/v2/country/all/indicator/SP.POP.TOTL,18893191,0.0,,,,,,,1306859.0,0.0691708986586755,31 December,"OECD International Migration Database (stocks of foreign population, measure B15)","https://sdmx.oecd.org/public/rest/data/OECD.ELS.IMD,DSD_MIG@DF_MIG,1.0/CHL.W.A.B15._T._Z._Z.PS?startPeriod=2010&endPeriod=2022&format=jsondata&dimensionAtObservation=AllDimensions",Foreign nationals resident in Chile; OECD IMD series based on INE/SERMIG estimates of foreign residents. Reference date 31 December.,59682.0,0.0031589158231661,31 December,"Instituto Nacional de Estadisticas (INE) and Servicio Nacional de Migraciones (SERMIG), Estimacion de Personas Extranjeras Residentes Habituales en Chile 2023 - Sintesis (2023 revised methodology)",https://www.ine.gob.cl/docs/default-source/demografia-y-migracion/publicaciones-y-anuarios/migraci%C3%B3n-internacional/estimaci%C3%B3n-poblaci%C3%B3n-extranjera-en-chile-2018/sintesis-epe2023.pdf?sfvrsn=cc51129c_10,"Reference date 31 December 2018. Modelled stock estimate, REVISED under the 2023 methodology which added Mineduc school-enrolment and SERMIG biometric-registration records. Substantially higher than the 2022-methodology value for the same year.",2.0,,,,,,,,,,,,,,,,,A,,B,The published figure appears in the archived source document.,,,,,,,,,,,,,,,,,,,,,,,,,,,,,,,
Chile,CHL,CL,152,1,0,2019,19197744,A,"World Bank, World Development Indicators (SP.POP.TOTL), sourced from UN World Population Prospects and national statistical offices",https://api.worldbank.org/v2/country/all/indicator/SP.POP.TOTL,19197744,0.0,1306859.0,0.0680735715613251,See note,"OECD International Migration Database (stocks of foreign-born population, measure B14)","https://sdmx.oecd.org/public/rest/data/OECD.ELS.IMD,DSD_MIG_F@DF_MIG_POPF,1.0/CHL.W.A.B14._T._Z._Z.PS?startPeriod=2010&endPeriod=2022&format=jsondata&dimensionAtObservation=AllDimensions",OECD IMD foreign-born stock for Chile; derived from INE/SERMIG foreign-resident estimates and Censo 2017. NOTE: OECD labels this series one year later than the corresponding B15 foreign-national series (e.g. 1534813 appears as 2021 here and as 2020 under B15). Values recorded exactly as published.,1486810.0,0.0774471208700355,31 December,"OECD International Migration Database (stocks of foreign population, measure B15)","https://sdmx.oecd.org/public/rest/data/OECD.ELS.IMD,DSD_MIG@DF_MIG,1.0/CHL.W.A.B15._T._Z._Z.PS?startPeriod=2010&endPeriod=2022&format=jsondata&dimensionAtObservation=AllDimensions",Foreign nationals resident in Chile; OECD IMD series based on INE/SERMIG estimates of foreign residents. Reference date 31 December.,115059.0,0.0059933604698552,31 December,"Instituto Nacional de Estadisticas (INE) and Servicio Nacional de Migraciones (SERMIG), Estimacion de Personas Extranjeras Residentes Habituales en Chile 2023 - Sintesis (2023 revised methodology)",https://www.ine.gob.cl/docs/default-source/demografia-y-migracion/publicaciones-y-anuarios/migraci%C3%B3n-internacional/estimaci%C3%B3n-poblaci%C3%B3n-extranjera-en-chile-2018/sintesis-epe2023.pdf?sfvrsn=cc51129c_10,"Reference date 31 December 2019. Modelled stock estimate, REVISED under the 2023 methodology which added Mineduc school-enrolment and SERMIG biometric-registration records. Substantially higher than the 2022-methodology value for the same year.",2.0,,,,,,,,,,,,,,,A,,A,,B,The published figure appears in the archived source document.,,,,,,,,,,,,,,,,,,,,,,,,,,,,,,,
Chile,CHL,CL,152,1,0,2020,19370624,A,"World Bank, World Development Indicators (SP.POP.TOTL), sourced from UN World Population Prospects and national statistical offices",https://api.worldbank.org/v2/country/all/indicator/SP.POP.TOTL,19370624,0.0,1486810.0,0.076755916587922,See note,"OECD International Migration Database (stocks of foreign-born population, measure B14)","https://sdmx.oecd.org/public/rest/data/OECD.ELS.IMD,DSD_MIG_F@DF_MIG_POPF,1.0/CHL.W.A.B14._T._Z._Z.PS?startPeriod=2010&endPeriod=2022&format=jsondata&dimensionAtObservation=AllDimensions",OECD IMD foreign-born stock for Chile; derived from INE/SERMIG foreign-resident estimates and Censo 2017. NOTE: OECD labels this series one year later than the corresponding B15 foreign-national series (e.g. 1534813 appears as 2021 here and as 2020 under B15). Values recorded exactly as published.,1534813.0,0.0792340504879966,31 December,"OECD International Migration Database (stocks of foreign population, measure B15)","https://sdmx.oecd.org/public/rest/data/OECD.ELS.IMD,DSD_MIG@DF_MIG,1.0/CHL.W.A.B15._T._Z._Z.PS?startPeriod=2010&endPeriod=2022&format=jsondata&dimensionAtObservation=AllDimensions",Foreign nationals resident in Chile; OECD IMD series based on INE/SERMIG estimates of foreign residents. Reference date 31 December.,130017.0,0.0067120708140326,31 December,"Instituto Nacional de Estadisticas (INE) and Servicio Nacional de Migraciones (SERMIG), Estimacion de Personas Extranjeras Residentes Habituales en Chile 2023 - Sintesis (2023 revised methodology)",https://www.ine.gob.cl/docs/default-source/demografia-y-migracion/publicaciones-y-anuarios/migraci%C3%B3n-internacional/estimaci%C3%B3n-poblaci%C3%B3n-extranjera-en-chile-2018/sintesis-epe2023.pdf?sfvrsn=cc51129c_10,"Reference date 31 December 2020. Modelled stock estimate, REVISED under the 2023 methodology which added Mineduc school-enrolment and SERMIG biometric-registration records. Substantially higher than the 2022-methodology value for the same year.",2.0,,,,,,,,,,,,,,,A,,A,,B,The published figure appears in the archived source document.,,,,,,,,,,,,,,,,,,,,,,,,,,,,,,,
Chile,CHL,CL,152,1,0,2021,19456334,A,"World Bank, World Development Indicators (SP.POP.TOTL), sourced from UN World Population Prospects and national statistical offices",https://api.worldbank.org/v2/country/all/indicator/SP.POP.TOTL,19456334,0.0,1534813.0,0.07888500474961,See note,"OECD International Migration Database (stocks of foreign-born population, measure B14)","https://sdmx.oecd.org/public/rest/data/OECD.ELS.IMD,DSD_MIG_F@DF_MIG_POPF,1.0/CHL.W.A.B14._T._Z._Z.PS?startPeriod=2010&endPeriod=2022&format=jsondata&dimensionAtObservation=AllDimensions",OECD IMD foreign-born stock for Chile; derived from INE/SERMIG foreign-resident estimates and Censo 2017. NOTE: OECD labels this series one year later than the corresponding B15 foreign-national series (e.g. 1534813 appears as 2021 here and as 2020 under B15). Values recorded exactly as published.,1630812.0,0.083819079174936,31 December,"OECD International Migration Database (stocks of foreign population, measure B15)","https://sdmx.oecd.org/public/rest/data/OECD.ELS.IMD,DSD_MIG@DF_MIG,1.0/CHL.W.A.B15._T._Z._Z.PS?startPeriod=2010&endPeriod=2022&format=jsondata&dimensionAtObservation=AllDimensions",Foreign nationals resident in Chile; OECD IMD series based on INE/SERMIG estimates of foreign residents. Reference date 31 December.,53356.0,0.0027423460144136,31 December,"Instituto Nacional de Estadisticas (INE) and Servicio Nacional de Migraciones (SERMIG), Estimacion de Personas Extranjeras Residentes Habituales en Chile 2023 - Sintesis (2022 methodology series)",https://www.ine.gob.cl/docs/default-source/demografia-y-migracion/publicaciones-y-anuarios/migraci%C3%B3n-internacional/estimaci%C3%B3n-poblaci%C3%B3n-extranjera-en-chile-2018/sintesis-epe2023.pdf?sfvrsn=cc51129c_10,"Reference date 31 December 2021. Modelled stock estimate of foreign residents in irregular migratory status, built from census plus administrative records. This is the 2022-methodology series; INE revised 2018-2020 sharply upward in the 2023 methodology (recorded as separate rows).",1.0,,,,,,,,,,,,,,,A,,A,,B,The published figure appears in the archived source document.,,,,,,,,,,,,,,,,,,,,,,,,,,,,,,,
Chile,CHL,CL,152,1,0,2022,19553036,A,"World Bank, World Development Indicators (SP.POP.TOTL), sourced from UN World Population Prospects and national statistical offices",https://api.worldbank.org/v2/country/all/indicator/SP.POP.TOTL,19553036,0.0,1630812.0,0.083404541371478,See note,"OECD International Migration Database (stocks of foreign-born population, measure B14)","https://sdmx.oecd.org/public/rest/data/OECD.ELS.IMD,DSD_MIG_F@DF_MIG_POPF,1.0/CHL.W.A.B14._T._Z._Z.PS?startPeriod=2010&endPeriod=2022&format=jsondata&dimensionAtObservation=AllDimensions",OECD IMD foreign-born stock for Chile; derived from INE/SERMIG foreign-resident estimates and Censo 2017. NOTE: OECD labels this series one year later than the corresponding B15 foreign-national series (e.g. 1534813 appears as 2021 here and as 2020 under B15). Values recorded exactly as published.,1836137.0,0.0939054681840712,31 December,"OECD International Migration Database (stocks of foreign population, measure B15)","https://sdmx.oecd.org/public/rest/data/OECD.ELS.IMD,DSD_MIG@DF_MIG,1.0/CHL.W.A.B15._T._Z._Z.PS?startPeriod=2010&endPeriod=2022&format=jsondata&dimensionAtObservation=AllDimensions",Foreign nationals resident in Chile; OECD IMD series based on INE/SERMIG estimates of foreign residents. Reference date 31 December.,109846.0,0.0056178488087476,31 December,"Instituto Nacional de Estadisticas (INE) and Servicio Nacional de Migraciones (SERMIG), Estimacion de Personas Extranjeras Residentes Habituales en Chile 2023 - Sintesis (2022 methodology series)",https://www.ine.gob.cl/docs/default-source/demografia-y-migracion/publicaciones-y-anuarios/migraci%C3%B3n-internacional/estimaci%C3%B3n-poblaci%C3%B3n-extranjera-en-chile-2018/sintesis-epe2023.pdf?sfvrsn=cc51129c_10,"Reference date 31 December 2022. Modelled stock estimate of foreign residents in irregular migratory status, built from census plus administrative records. This is the 2022-methodology series; INE revised 2018-2020 sharply upward in the 2023 methodology (recorded as separate rows).",2.0,,,,,,,,,,,,,,,A,,A,,B,The published figure appears in the archived source document.,,,,,,,,,,,,,,,,,,,,,,,,,,,,,,,
China,CHN,CN,156,1,1,2010,1337705000,A,"World Bank, World Development Indicators (SP.POP.TOTL), sourced from UN World Population Prospects and national statistical offices",https://api.worldbank.org/v2/country/all/indicator/SP.POP.TOTL,1351561514,-1.025222593013254,1010008.0,0.0007550304439319,Mid-year / 30 June,UN DESA International Migrant Stock (World Bank indicator SM.POP.TOTL),https://api.worldbank.org/v2/country/CHN;IND;PHL;RUS;ZAF;SUR;THA/indicator/SM.POP.TOTL?format=json&date=2010:2022&per_page=200,"UN estimate (not annual); mid-year benchmark year only; retrieved from World Bank mirror of UN DESA International Migrant Stock, accessed 2026-08; latest UN revision is IMS 2024",593832.0,0.0004439185022108,Census reference date,National Bureau of Statistics of China - 2010 Population Census (Sixth National Population Census),https://www.stats.gov.cn/english/NewsEvents/201104/t20110429_26451.html,"Census count, reference date 1 Nov 2010; foreign nationals who had stayed or intended to stay more than three months in mainland China; excludes 426313 residents of Hong Kong SAR (234829), Macao SAR (21201) and Taiwan (170283) who are counted separately, giving a total of 1020145 persons from outside the mainland",,,,,,,,,,,,,,,,,,,,,,A,,B,The published figure appears in the archived source document.,,,,,,,,,,,,,,,,,,,,,,,,,,,,,,,,,
China,CHN,CN,156,1,1,2011,1345035000,A,"World Bank, World Development Indicators (SP.POP.TOTL), sourced from UN World Population Prospects and national statistical offices",https://api.worldbank.org/v2/country/all/indicator/SP.POP.TOTL,1360250664,-1.118592653743413,,,,,,,,,,,,,,,,,,,,,,,,,,,,,,,,,,,,,,,,,,,,,,,,,,,,,,,,,,,,,,,,,,,,,,
China,CHN,CN,156,1,1,2012,1354190000,A,"World Bank, World Development Indicators (SP.POP.TOTL), sourced from UN World Population Prospects and national statistical offices",https://api.worldbank.org/v2/country/all/indicator/SP.POP.TOTL,1369520864,-1.119432671892467,,,,,,,,,,,,,,,,,,,,,,,,,,,,,,,,,,,,,,,,,,,,,,,,,,,,,,,,,,,,,,,,,,,,,,
China,CHN,CN,156,1,1,2013,1363240000,A,"World Bank, World Development Indicators (SP.POP.TOTL), sourced from UN World Population Prospects and national statistical offices",https://api.worldbank.org/v2/country/all/indicator/SP.POP.TOTL,1379008040,-1.143433507465265,,,,,,,,,,,,,,,,,,,,,,,,,,,,,,,,,,,,,,,,,,,,,,,,,,,,,,,,,,,,,,,,,,,,,,
China,CHN,CN,156,1,1,2014,1371860000,A,"World Bank, World Development Indicators (SP.POP.TOTL), sourced from UN World Population Prospects and national statistical offices",https://api.worldbank.org/v2/country/all/indicator/SP.POP.TOTL,1387951972,-1.15940409499991,,,,,,,,,,,,,,,,,,,,,,,,,,,,,,,,,,,,,,,,,,,,,,,,,,,,,,,,,,,,,,,,,,,,,,
China,CHN,CN,156,1,1,2015,1379860000,A,"World Bank, World Development Indicators (SP.POP.TOTL), sourced from UN World Population Prospects and national statistical offices",https://api.worldbank.org/v2/country/all/indicator/SP.POP.TOTL,1396134174,-1.165659741239168,1196007.0,0.0008667596712709,Mid-year / 30 June,UN DESA International Migrant Stock (World Bank indicator SM.POP.TOTL),https://api.worldbank.org/v2/country/CHN;IND;PHL;RUS;ZAF;SUR;THA/indicator/SM.POP.TOTL?format=json&date=2010:2022&per_page=200,"UN estimate (not annual); mid-year benchmark year only; retrieved from World Bank mirror of UN DESA International Migrant Stock, accessed 2026-08",,,,,,,,,,,,,,,,,,,,,,,,,,,,A,,,,,,,,,,,,,,,,,,,,,,,,,,,,,,,,,,,,
China,CHN,CN,156,1,1,2016,1387790000,A,"World Bank, World Development Indicators (SP.POP.TOTL), sourced from UN World Population Prospects and national statistical offices",https://api.worldbank.org/v2/country/all/indicator/SP.POP.TOTL,1404052632,-1.158263702467815,,,,,,,,,,,,,,,,,,,,,,,,,,,,,,,,,,,,,,,,,,,,,,,,,,,,,,,,,,,,,,,,,,,,,,
China,CHN,CN,156,1,1,2017,1396215000,A,"World Bank, World Development Indicators (SP.POP.TOTL), sourced from UN World Population Prospects and national statistical offices",https://api.worldbank.org/v2/country/all/indicator/SP.POP.TOTL,1412354727,-1.142753069852543,,,,,,,,,,,,,,,,,,,,,,,,,,,,,,,,,,,,,,,,,,,,,,,,,,,,,,,,,,,,,,,,,,,,,,
China,CHN,CN,156,1,1,2018,1402760000,A,"World Bank, World Development Indicators (SP.POP.TOTL), sourced from UN World Population Prospects and national statistical offices",https://api.worldbank.org/v2/country/all/indicator/SP.POP.TOTL,1419008956,-1.14509185662955,,,,,,,,,,,,,,,,,,,,,,,,,,,,,,,,,,,,,,,,,,,,,,,,,,,,,,,,,,,,,,,,,,,,,,
China,CHN,CN,156,1,1,2019,1407745000,A,"World Bank, World Development Indicators (SP.POP.TOTL), sourced from UN World Population Prospects and national statistical offices",https://api.worldbank.org/v2/country/all/indicator/SP.POP.TOTL,1423520357,-1.108193284516549,,,,,,,,,,,,,,,,,,,,,,,,,,,,,,,,,,,,,,,,,,,,,,,,,,,,,,,,,,,,,,,,,,,,,,
China,CHN,CN,156,1,1,2020,1411100000,A,"World Bank, World Development Indicators (SP.POP.TOTL), sourced from UN World Population Prospects and national statistical offices",https://api.worldbank.org/v2/country/all/indicator/SP.POP.TOTL,1426106093,-1.052242401435417,1415116.0,0.0010028460066614,Mid-year / 30 June,UN DESA International Migrant Stock (World Bank indicator SM.POP.TOTL),https://api.worldbank.org/v2/country/CHN;IND;PHL;RUS;ZAF;SUR;THA/indicator/SM.POP.TOTL?format=json&date=2010:2022&per_page=200,"UN estimate (not annual); mid-year benchmark year only; retrieved from World Bank mirror of UN DESA International Migrant Stock, accessed 2026-08",845697.0,0.0005993175536815,Census reference date,National Bureau of Statistics of China - Communique of the Seventh National Population Census (No. 8),https://www.stats.gov.cn/english/PressRelease/202105/t20210510_1817193.html,"Census count, reference date 1 Nov 2020; foreign nationals residing in the 31 mainland provinces; excludes 584998 residents of Hong Kong SAR (371380), Macao SAR (55732) and Taiwan (157886), giving a total of 1430695 persons from outside the mainland",,,,,,,,,,,,,,,,,,,,,,A,,B,The published figure appears in the archived source document.,,,,,,,,,,,,,,,,,,,,,,,,,,,,,,,,,
China,CHN,CN,156,1,1,2021,1412360000,A,"World Bank, World Development Indicators (SP.POP.TOTL), sourced from UN World Population Prospects and national statistical offices",https://api.worldbank.org/v2/country/all/indicator/SP.POP.TOTL,1426437267,-0.9868830074530014,,,,,,,,,,,,,,,,,,,,,,,,,,,,,,,,,,,,,,,,,,,,,,,,,,,,,,,,,,,,,,,,,,,,,,
China,CHN,CN,156,1,1,2022,1412175000,A,"World Bank, World Development Indicators (SP.POP.TOTL), sourced from UN World Population Prospects and national statistical offices",https://api.worldbank.org/v2/country/all/indicator/SP.POP.TOTL,1425179569,-0.9124863478870148,,,,,,,,,,,,,,,,,,,,,,,,,,,,,,,,,,,,,,,,,,,,,,,,,,,,,,,,,,,,,,,,,,,,,,
Croatia,HRV,HR,191,1,1,2010,4295427,A,"World Bank, World Development Indicators (SP.POP.TOTL), sourced from UN World Population Prospects and national statistical offices",https://api.worldbank.org/v2/country/all/indicator/SP.POP.TOTL,4301145,-0.1329413446884492,,,,,,,,,,,,,,,,,,,,,,,,,,,,,,,,,,,,,,,,,,,,,,,,,,,,,,,,,,,,,,,,,,,,,,
Croatia,HRV,HR,191,1,1,2011,4280622,A,"World Bank, World Development Indicators (SP.POP.TOTL), sourced from UN World Population Prospects and national statistical offices",https://api.worldbank.org/v2/country/all/indicator/SP.POP.TOTL,4280824,-0.0047187177048157,584947.0,0.1366500008643603,See note (not 1 January),"Croatian Bureau of Statistics, Census 2011",https://web.dzs.hr/eng/censuses/census2011/results/htm/e01_01_25/E01_01_25.html,"census reference date 31 March 2011, NOT stock at 1 Jan; published category 'Born abroad'; total census population 4284889; not strictly comparable with the Eurostat 1 Jan register series",23276.0,0.0054375275368859,See note (not 1 January),"Croatian Bureau of Statistics, Census 2011",https://web.dzs.hr/eng/censuses/census2011/results/htm/e01_01_06/e01_01_06_RH.html,"census reference date 31 March 2011, NOT stock at 1 Jan; computed as published 'Foreign' citizenship 22527 plus 'Stateless' 749 to match the Eurostat FOR_STLS concept; 'Unknown' citizenship 2137 excluded; not strictly comparable with the Eurostat 1 Jan register series",,,,,,,,,,,,,,,,,,,,,,B,The published figure appears in the archived source document.,B,The published figure appears in the archived source document.,,,,,,,,,,,,,,,,,,,,,,,,,,,,,,,,,
Croatia,HRV,HR,191,1,1,2012,4260368,A,"World Bank, World Development Indicators (SP.POP.TOTL), sourced from UN World Population Prospects and national statistical offices",https://api.worldbank.org/v2/country/all/indicator/SP.POP.TOTL,4259236,0.0265775364408076,,,,,,,,,,,,,,,,,,,,,,,,,,,,,,,,,,,,,,,,,,,,,,,,,,,,,,,,,,,,,,,,,,,,,,
Croatia,HRV,HR,191,1,1,2013,4233922,A,"World Bank, World Development Indicators (SP.POP.TOTL), sourced from UN World Population Prospects and national statistical offices",https://api.worldbank.org/v2/country/all/indicator/SP.POP.TOTL,4242398,-0.1997926644317671,569220.0,0.1344427223741958,1 January,Eurostat [migr_pop3ctb],https://ec.europa.eu/eurostat/api/dissemination/statistics/1.0/data/migr_pop3ctb?format=JSON&lang=EN&geo=HR&age=TOTAL&sex=T&unit=NR&c_birth=FOR&sinceTimePeriod=2010&untilTimePeriod=2022,stock at 1 Jan; c_birth=FOR (born in a foreign country); Eurostat series for Croatia starts in 2013,24142.0,0.0057020417475806,1 January,Eurostat [migr_pop1ctz],https://ec.europa.eu/eurostat/api/dissemination/statistics/1.0/data/migr_pop1ctz?format=JSON&lang=EN&geo=HR&age=TOTAL&sex=T&unit=NR&citizen=FOR_STLS&sinceTimePeriod=2010&untilTimePeriod=2022,stock at 1 Jan; citizen=FOR_STLS (foreign citizens incl. stateless); Eurostat series for Croatia starts in 2013,,,,,,,,,,,,,4150.0,Full calendar year (flow),"Eurostat, Third country nationals found to be illegally present (migr_eipre)",https://ec.europa.eu/eurostat/databrowser/view/migr_eipre/default/table,"Eurostat enforcement statistic - annual flow of detections, NOT a stock. Dataset migr_eipre, dimensions freq=A citizen=TOTAL reason=TOTAL apprehen=TOTAL sex=T age=TOTAL unit=PER. Rounded to nearest 5 by Eurostat. Croatia acceded to the EU in July 2013; no data reported before 2013.",,,0.9801786617703396,,A,,A,,,,,,A,,,,,,,,,,,,,,,,,,,,,,,,,,,,
Croatia,HRV,HR,191,1,1,2014,4201598,A,"World Bank, World Development Indicators (SP.POP.TOTL), sourced from UN World Population Prospects and national statistical offices",https://api.worldbank.org/v2/country/all/indicator/SP.POP.TOTL,4219479,-0.4237726980037109,558092.0,0.1328285095337535,1 January,Eurostat [migr_pop3ctb],https://ec.europa.eu/eurostat/api/dissemination/statistics/1.0/data/migr_pop3ctb?format=JSON&lang=EN&geo=HR&age=TOTAL&sex=T&unit=NR&c_birth=FOR&sinceTimePeriod=2010&untilTimePeriod=2022,stock at 1 Jan; c_birth=FOR (born in a foreign country); Eurostat series for Croatia starts in 2013,23801.0,0.0056647494596103,1 January,Eurostat [migr_pop1ctz],https://ec.europa.eu/eurostat/api/dissemination/statistics/1.0/data/migr_pop1ctz?format=JSON&lang=EN&geo=HR&age=TOTAL&sex=T&unit=NR&citizen=FOR_STLS&sinceTimePeriod=2010&untilTimePeriod=2022,stock at 1 Jan; citizen=FOR_STLS (foreign citizens incl. stateless); Eurostat series for Croatia starts in 2013,,,,,,,,,,,,,2500.0,Full calendar year (flow),"Eurostat, Third country nationals found to be illegally present (migr_eipre)",https://ec.europa.eu/eurostat/databrowser/view/migr_eipre/default/table,"Eurostat enforcement statistic - annual flow of detections, NOT a stock. Dataset migr_eipre, dimensions freq=A citizen=TOTAL reason=TOTAL apprehen=TOTAL sex=T age=TOTAL unit=PER. Rounded to nearest 5 by Eurostat. Croatia acceded to the EU in July 2013; no data reported before 2013.",,,0.5950117074503558,,A,,A,,,,,,A,,,,,,,,,,,,,,,,,,,,,,,,,,,,
Croatia,HRV,HR,191,1,1,2015,4151725,A,"World Bank, World Development Indicators (SP.POP.TOTL), sourced from UN World Population Prospects and national statistical offices",https://api.worldbank.org/v2/country/all/indicator/SP.POP.TOTL,4183729,-0.7649635050453794,545115.0,0.1312984361921851,1 January,Eurostat [migr_pop3ctb],https://ec.europa.eu/eurostat/api/dissemination/statistics/1.0/data/migr_pop3ctb?format=JSON&lang=EN&geo=HR&age=TOTAL&sex=T&unit=NR&c_birth=FOR&sinceTimePeriod=2010&untilTimePeriod=2022,stock at 1 Jan; c_birth=FOR (born in a foreign country); Eurostat series for Croatia starts in 2013,24125.0,0.0058108376638626,1 January,Eurostat [migr_pop1ctz],https://ec.europa.eu/eurostat/api/dissemination/statistics/1.0/data/migr_pop1ctz?format=JSON&lang=EN&geo=HR&age=TOTAL&sex=T&unit=NR&citizen=FOR_STLS&sinceTimePeriod=2010&untilTimePeriod=2022,stock at 1 Jan; citizen=FOR_STLS (foreign citizens incl. stateless); Eurostat series for Croatia starts in 2013,,,,,,,,,,,,,3295.0,Full calendar year (flow),"Eurostat, Third country nationals found to be illegally present (migr_eipre)",https://ec.europa.eu/eurostat/databrowser/view/migr_eipre/default/table,"Eurostat enforcement statistic - annual flow of detections, NOT a stock. Dataset migr_eipre, dimensions freq=A citizen=TOTAL reason=TOTAL apprehen=TOTAL sex=T age=TOTAL unit=PER. Rounded to nearest 5 by Eurostat. Croatia acceded to the EU in July 2013; no data reported before 2013.",,,0.7936460146083857,,A,,A,,,,,,A,,,,,,,,,,,,,,,,,,,,,,,,,,,,
Croatia,HRV,HR,191,1,1,2016,4106867,A,"World Bank, World Development Indicators (SP.POP.TOTL), sourced from UN World Population Prospects and national statistical offices",https://api.worldbank.org/v2/country/all/indicator/SP.POP.TOTL,4136444,-0.7150344595502803,526279.0,0.1281461026130137,1 January,Eurostat [migr_pop3ctb],https://ec.europa.eu/eurostat/api/dissemination/statistics/1.0/data/migr_pop3ctb?format=JSON&lang=EN&geo=HR&age=TOTAL&sex=T&unit=NR&c_birth=FOR&sinceTimePeriod=2010&untilTimePeriod=2022,stock at 1 Jan; c_birth=FOR (born in a foreign country); Eurostat series for Croatia starts in 2013,24231.0,0.00590011802184,1 January,Eurostat [migr_pop1ctz],https://ec.europa.eu/eurostat/api/dissemination/statistics/1.0/data/migr_pop1ctz?format=JSON&lang=EN&geo=HR&age=TOTAL&sex=T&unit=NR&citizen=FOR_STLS&sinceTimePeriod=2010&untilTimePeriod=2022,stock at 1 Jan; citizen=FOR_STLS (foreign citizens incl. stateless); Eurostat series for Croatia starts in 2013,,,,,,,,,,,,,3320.0,Full calendar year (flow),"Eurostat, Third country nationals found to be illegally present (migr_eipre)",https://ec.europa.eu/eurostat/databrowser/view/migr_eipre/default/table,"Eurostat enforcement statistic - annual flow of detections, NOT a stock. Dataset migr_eipre, dimensions freq=A citizen=TOTAL reason=TOTAL apprehen=TOTAL sex=T age=TOTAL unit=PER. Rounded to nearest 5 by Eurostat. Croatia acceded to the EU in July 2013; no data reported before 2013.",,,0.80840212259126,,A,,A,,,,,,A,,,,,,,,,,,,,,,,,,,,,,,,,,,,
Croatia,HRV,HR,191,1,1,2017,4041407,A,"World Bank, World Development Indicators (SP.POP.TOTL), sourced from UN World Population Prospects and national statistical offices",https://api.worldbank.org/v2/country/all/indicator/SP.POP.TOTL,4079200,-0.926480682486762,512411.0,0.1267902490395053,1 January,Eurostat [migr_pop3ctb],https://ec.europa.eu/eurostat/api/dissemination/statistics/1.0/data/migr_pop3ctb?format=JSON&lang=EN&geo=HR&age=TOTAL&sex=T&unit=NR&c_birth=FOR&sinceTimePeriod=2010&untilTimePeriod=2022,stock at 1 Jan; c_birth=FOR (born in a foreign country); Eurostat series for Croatia starts in 2013,24102.0,0.0059637645998039,1 January,Eurostat [migr_pop1ctz],https://ec.europa.eu/eurostat/api/dissemination/statistics/1.0/data/migr_pop1ctz?format=JSON&lang=EN&geo=HR&age=TOTAL&sex=T&unit=NR&citizen=FOR_STLS&sinceTimePeriod=2010&untilTimePeriod=2022,stock at 1 Jan; citizen=FOR_STLS (foreign citizens incl. stateless); Eurostat series for Croatia starts in 2013,,,,,,,,,,,,,3495.0,Full calendar year (flow),"Eurostat, Third country nationals found to be illegally present (migr_eipre)",https://ec.europa.eu/eurostat/databrowser/view/migr_eipre/default/table,"Eurostat enforcement statistic - annual flow of detections, NOT a stock. Dataset migr_eipre, dimensions freq=A citizen=TOTAL reason=TOTAL apprehen=TOTAL sex=T age=TOTAL unit=PER. Rounded to nearest 5 by Eurostat. Croatia acceded to the EU in July 2013; no data reported before 2013.",,,0.8647978290728947,,A,,A,,,,,,A,,,,,,,,,,,,,,,,,,,,,,,,,,,,
Croatia,HRV,HR,191,1,1,2018,3988775,A,"World Bank, World Development Indicators (SP.POP.TOTL), sourced from UN World Population Prospects and national statistical offices",https://api.worldbank.org/v2/country/all/indicator/SP.POP.TOTL,4024868,-0.8967499058354212,496265.0,0.1244153906901241,1 January,Eurostat [migr_pop3ctb],https://ec.europa.eu/eurostat/api/dissemination/statistics/1.0/data/migr_pop3ctb?format=JSON&lang=EN&geo=HR&age=TOTAL&sex=T&unit=NR&c_birth=FOR&sinceTimePeriod=2010&untilTimePeriod=2022,stock at 1 Jan; c_birth=FOR (born in a foreign country); Eurostat series for Croatia starts in 2013,24024.0,0.0060229017680866,1 January,Eurostat [migr_pop1ctz],https://ec.europa.eu/eurostat/api/dissemination/statistics/1.0/data/migr_pop1ctz?format=JSON&lang=EN&geo=HR&age=TOTAL&sex=T&unit=NR&citizen=FOR_STLS&sinceTimePeriod=2010&untilTimePeriod=2022,stock at 1 Jan; citizen=FOR_STLS (foreign citizens incl. stateless); Eurostat series for Croatia starts in 2013,,,,,,,,,,,,,5580.0,Full calendar year (flow),"Eurostat, Third country nationals found to be illegally present (migr_eipre)",https://ec.europa.eu/eurostat/databrowser/view/migr_eipre/default/table,"Eurostat enforcement statistic - annual flow of detections, NOT a stock. Dataset migr_eipre, dimensions freq=A citizen=TOTAL reason=TOTAL apprehen=TOTAL sex=T age=TOTAL unit=PER. Rounded to nearest 5 by Eurostat. Croatia acceded to the EU in July 2013; no data reported before 2013.",,,1.398925735344812,,A,,A,,,,,,A,,,,,,,,,,,,,,,,,,,,,,,,,,,,
Croatia,HRV,HR,191,1,1,2019,3949390,A,"World Bank, World Development Indicators (SP.POP.TOTL), sourced from UN World Population Prospects and national statistical offices",https://api.worldbank.org/v2/country/all/indicator/SP.POP.TOTL,3986334,-0.9267662970538848,488393.0,0.1236628947761553,1 January,Eurostat [migr_pop3ctb],https://ec.europa.eu/eurostat/api/dissemination/statistics/1.0/data/migr_pop3ctb?format=JSON&lang=EN&geo=HR&age=TOTAL&sex=T&unit=NR&c_birth=FOR&sinceTimePeriod=2010&untilTimePeriod=2022,stock at 1 Jan; c_birth=FOR (born in a foreign country); Eurostat series for Croatia starts in 2013,23878.0,0.0060459969767483,1 January,Eurostat [migr_pop1ctz],https://ec.europa.eu/eurostat/api/dissemination/statistics/1.0/data/migr_pop1ctz?format=JSON&lang=EN&geo=HR&age=TOTAL&sex=T&unit=NR&citizen=FOR_STLS&sinceTimePeriod=2010&untilTimePeriod=2022,stock at 1 Jan; citizen=FOR_STLS (foreign citizens incl. stateless); Eurostat series for Croatia starts in 2013,,,,,,,,,,,,,13630.0,Full calendar year (flow),"Eurostat, Third country nationals found to be illegally present (migr_eipre)",https://ec.europa.eu/eurostat/databrowser/view/migr_eipre/default/table,"Eurostat enforcement statistic - annual flow of detections, NOT a stock. Dataset migr_eipre, dimensions freq=A citizen=TOTAL reason=TOTAL apprehen=TOTAL sex=T age=TOTAL unit=PER. Rounded to nearest 5 by Eurostat. Croatia acceded to the EU in July 2013; no data reported before 2013.",,,3.451165876249244,,A,,A,,,,,,A,,,,,,,,,,,,,,,,,,,,,,,,,,,,
Croatia,HRV,HR,191,1,1,2020,3914206,A,"World Bank, World Development Indicators (SP.POP.TOTL), sourced from UN World Population Prospects and national statistical offices",https://api.worldbank.org/v2/country/all/indicator/SP.POP.TOTL,3953958,-1.005372338300002,486390.0,0.1242627495844623,1 January,Eurostat [migr_pop3ctb],https://ec.europa.eu/eurostat/api/dissemination/statistics/1.0/data/migr_pop3ctb?format=JSON&lang=EN&geo=HR&age=TOTAL&sex=T&unit=NR&c_birth=FOR&sinceTimePeriod=2010&untilTimePeriod=2022,stock at 1 Jan; c_birth=FOR (born in a foreign country); Eurostat series for Croatia starts in 2013,24631.0,0.0062927193918766,1 January,Eurostat [migr_pop1ctz],https://ec.europa.eu/eurostat/api/dissemination/statistics/1.0/data/migr_pop1ctz?format=JSON&lang=EN&geo=HR&age=TOTAL&sex=T&unit=NR&citizen=FOR_STLS&sinceTimePeriod=2010&untilTimePeriod=2022,stock at 1 Jan; citizen=FOR_STLS (foreign citizens incl. stateless); Eurostat series for Croatia starts in 2013,,,,,,,,,,,,,22240.0,Full calendar year (flow),"Eurostat, Third country nationals found to be illegally present (migr_eipre)",https://ec.europa.eu/eurostat/databrowser/view/migr_eipre/default/table,"Eurostat enforcement statistic - annual flow of detections, NOT a stock. Dataset migr_eipre, dimensions freq=A citizen=TOTAL reason=TOTAL apprehen=TOTAL sex=T age=TOTAL unit=PER. Rounded to nearest 5 by Eurostat. Croatia acceded to the EU in July 2013; no data reported before 2013.",,,5.681867535842518,,A,,A,,,,,,A,,,,,,,,,,,,,,,,,,,,,,,,,,,,
Croatia,HRV,HR,191,1,1,2021,3878981,A,"World Bank, World Development Indicators (SP.POP.TOTL), sourced from UN World Population Prospects and national statistical offices",https://api.worldbank.org/v2/country/all/indicator/SP.POP.TOTL,3924610,-1.162637816241614,478056.0,0.1232426763626839,1 January,Eurostat [migr_pop3ctb],https://ec.europa.eu/eurostat/api/dissemination/statistics/1.0/data/migr_pop3ctb?format=JSON&lang=EN&geo=HR&age=TOTAL&sex=T&unit=NR&c_birth=FOR&sinceTimePeriod=2010&untilTimePeriod=2022,stock at 1 Jan; c_birth=FOR (born in a foreign country); Eurostat series for Croatia starts in 2013,26259.0,0.0067695613873849,1 January,Eurostat [migr_pop1ctz],https://ec.europa.eu/eurostat/api/dissemination/statistics/1.0/data/migr_pop1ctz?format=JSON&lang=EN&geo=HR&age=TOTAL&sex=T&unit=NR&citizen=FOR_STLS&sinceTimePeriod=2010&untilTimePeriod=2022,stock at 1 Jan; citizen=FOR_STLS (foreign citizens incl. stateless); Eurostat series for Croatia starts in 2013,,,,,,,,,,,,,13540.0,Full calendar year (flow),"Eurostat, Third country nationals found to be illegally present (migr_eipre)",https://ec.europa.eu/eurostat/databrowser/view/migr_eipre/default/table,"Eurostat enforcement statistic - annual flow of detections, NOT a stock. Dataset migr_eipre, dimensions freq=A citizen=TOTAL reason=TOTAL apprehen=TOTAL sex=T age=TOTAL unit=PER. Rounded to nearest 5 by Eurostat. Croatia acceded to the EU in July 2013; no data reported before 2013.",,,3.490607455927214,,A,,A,,,,,,A,,,,,,,,,,,,,,,,,,,,,,,,,,,,
Croatia,HRV,HR,191,1,1,2022,3855641,A,"World Bank, World Development Indicators (SP.POP.TOTL), sourced from UN World Population Prospects and national statistical offices",https://api.worldbank.org/v2/country/all/indicator/SP.POP.TOTL,3907027,-1.315219986961953,472308.0,0.1224979192824228,1 January,Eurostat [migr_pop3ctb],https://ec.europa.eu/eurostat/api/dissemination/statistics/1.0/data/migr_pop3ctb?format=JSON&lang=EN&geo=HR&age=TOTAL&sex=T&unit=NR&c_birth=FOR&sinceTimePeriod=2010&untilTimePeriod=2022,stock at 1 Jan; c_birth=FOR (born in a foreign country); Eurostat series for Croatia starts in 2013,35919.0,0.0093159606923984,1 January,Eurostat [migr_pop1ctz],https://ec.europa.eu/eurostat/api/dissemination/statistics/1.0/data/migr_pop1ctz?format=JSON&lang=EN&geo=HR&age=TOTAL&sex=T&unit=NR&citizen=FOR_STLS&sinceTimePeriod=2010&untilTimePeriod=2022,stock at 1 Jan; citizen=FOR_STLS (foreign citizens incl. stateless); apparent break in series (population census re-basing); Eurostat series for Croatia starts in 2013,,,,,,,,,,,,,43830.0,Full calendar year (flow),"Eurostat, Third country nationals found to be illegally present (migr_eipre)",https://ec.europa.eu/eurostat/databrowser/view/migr_eipre/default/table,"Eurostat enforcement statistic - annual flow of detections, NOT a stock. Dataset migr_eipre, dimensions freq=A citizen=TOTAL reason=TOTAL apprehen=TOTAL sex=T age=TOTAL unit=PER. Rounded to nearest 5 by Eurostat. Croatia acceded to the EU in July 2013; no data reported before 2013.",,,11.36775960209988,,A,,A,,,,,,A,,,,,,,,,,,,,,,,,,,,,,,,,,,,
Czech Republic,CZE,CZ,203,1,1,2010,10474410,A,"World Bank, World Development Indicators (SP.POP.TOTL), sourced from UN World Population Prospects and national statistical offices",https://api.worldbank.org/v2/country/all/indicator/SP.POP.TOTL,10464035,0.0991491331976622,398493.0,0.0380444340063068,1 January,Eurostat [migr_pop3ctb],https://ec.europa.eu/eurostat/api/dissemination/statistics/1.0/data/migr_pop3ctb?format=JSON&lang=EN&geo=CZ&age=TOTAL&sex=T&unit=NR&c_birth=FOR&sinceTimePeriod=2010&untilTimePeriod=2022,stock at 1 Jan; c_birth=FOR (born in a foreign country),424419.0,0.0405196092190395,1 January,Eurostat [migr_pop1ctz],https://ec.europa.eu/eurostat/api/dissemination/statistics/1.0/data/migr_pop1ctz?format=JSON&lang=EN&geo=CZ&age=TOTAL&sex=T&unit=NR&citizen=FOR_STLS&sinceTimePeriod=2010&untilTimePeriod=2022,stock at 1 Jan; citizen=FOR_STLS (foreign citizens incl. stateless),,,,,,,,,,,,,2655.0,Full calendar year (flow),"Eurostat, Third country nationals found to be illegally present (migr_eipre)",https://ec.europa.eu/eurostat/databrowser/view/migr_eipre/default/table,"Eurostat enforcement statistic - annual flow of detections, NOT a stock. Dataset migr_eipre, dimensions freq=A citizen=TOTAL reason=TOTAL apprehen=TOTAL sex=T age=TOTAL unit=PER. Rounded to nearest 5 by Eurostat.",,,0.2534748973927887,,A,,A,,,,,,A,,,,,,,,,,,,,,,,,,,,,,,,,,,,
Czech Republic,CZE,CZ,203,1,1,2011,10496088,A,"World Bank, World Development Indicators (SP.POP.TOTL), sourced from UN World Population Prospects and national statistical offices",https://api.worldbank.org/v2/country/all/indicator/SP.POP.TOTL,10495511,0.0054975884451933,387971.0,0.0369633905508414,1 January,Eurostat [migr_pop3ctb],https://ec.europa.eu/eurostat/api/dissemination/statistics/1.0/data/migr_pop3ctb?format=JSON&lang=EN&geo=CZ&age=TOTAL&sex=T&unit=NR&c_birth=FOR&sinceTimePeriod=2010&untilTimePeriod=2022,stock at 1 Jan; c_birth=FOR (born in a foreign country),416737.0,0.0397040306826695,1 January,Eurostat [migr_pop1ctz],https://ec.europa.eu/eurostat/api/dissemination/statistics/1.0/data/migr_pop1ctz?format=JSON&lang=EN&geo=CZ&age=TOTAL&sex=T&unit=NR&citizen=FOR_STLS&sinceTimePeriod=2010&untilTimePeriod=2022,stock at 1 Jan; citizen=FOR_STLS (foreign citizens incl. stateless),,,,,,,,,,,,,3085.0,Full calendar year (flow),"Eurostat, Third country nationals found to be illegally present (migr_eipre)",https://ec.europa.eu/eurostat/databrowser/view/migr_eipre/default/table,"Eurostat enforcement statistic - annual flow of detections, NOT a stock. Dataset migr_eipre, dimensions freq=A citizen=TOTAL reason=TOTAL apprehen=TOTAL sex=T age=TOTAL unit=PER. Rounded to nearest 5 by Eurostat.",,,0.2939190296422819,,A,,A,,,,,,A,,,,,,,,,,,,,,,,,,,,,,,,,,,,
Czech Republic,CZE,CZ,203,1,1,2012,10510785,A,"World Bank, World Development Indicators (SP.POP.TOTL), sourced from UN World Population Prospects and national statistical offices",https://api.worldbank.org/v2/country/all/indicator/SP.POP.TOTL,10507335,0.0328342058190778,390843.0,0.0371849486027922,1 January,Eurostat [migr_pop3ctb],https://ec.europa.eu/eurostat/api/dissemination/statistics/1.0/data/migr_pop3ctb?format=JSON&lang=EN&geo=CZ&age=TOTAL&sex=T&unit=NR&c_birth=FOR&sinceTimePeriod=2010&untilTimePeriod=2022,stock at 1 Jan; c_birth=FOR (born in a foreign country),422966.0,0.0402411427880981,1 January,Eurostat [migr_pop1ctz],https://ec.europa.eu/eurostat/api/dissemination/statistics/1.0/data/migr_pop1ctz?format=JSON&lang=EN&geo=CZ&age=TOTAL&sex=T&unit=NR&citizen=FOR_STLS&sinceTimePeriod=2010&untilTimePeriod=2022,stock at 1 Jan; citizen=FOR_STLS (foreign citizens incl. stateless),,,,,,,,,,,,,3315.0,Full calendar year (flow),"Eurostat, Third country nationals found to be illegally present (migr_eipre)",https://ec.europa.eu/eurostat/databrowser/view/migr_eipre/default/table,"Eurostat enforcement statistic - annual flow of detections, NOT a stock. Dataset migr_eipre, dimensions freq=A citizen=TOTAL reason=TOTAL apprehen=TOTAL sex=T age=TOTAL unit=PER. Rounded to nearest 5 by Eurostat.",,,0.3153903347846997,,A,,A,,,,,,A,,,,,,,,,,,,,,,,,,,,,,,,,,,,
Czech Republic,CZE,CZ,203,1,1,2013,10514272,A,"World Bank, World Development Indicators (SP.POP.TOTL), sourced from UN World Population Prospects and national statistical offices",https://api.worldbank.org/v2/country/all/indicator/SP.POP.TOTL,10511163,0.0295780780870775,387337.0,0.0368391648989107,1 January,Eurostat [migr_pop3ctb],https://ec.europa.eu/eurostat/api/dissemination/statistics/1.0/data/migr_pop3ctb?format=JSON&lang=EN&geo=CZ&age=TOTAL&sex=T&unit=NR&c_birth=FOR&sinceTimePeriod=2010&untilTimePeriod=2022,stock at 1 Jan; c_birth=FOR (born in a foreign country),422280.0,0.0401625523859379,1 January,Eurostat [migr_pop1ctz],https://ec.europa.eu/eurostat/api/dissemination/statistics/1.0/data/migr_pop1ctz?format=JSON&lang=EN&geo=CZ&age=TOTAL&sex=T&unit=NR&citizen=FOR_STLS&sinceTimePeriod=2010&untilTimePeriod=2022,stock at 1 Jan; citizen=FOR_STLS (foreign citizens incl. stateless),,,,,,,,,,,,,3695.0,Full calendar year (flow),"Eurostat, Third country nationals found to be illegally present (migr_eipre)",https://ec.europa.eu/eurostat/databrowser/view/migr_eipre/default/table,"Eurostat enforcement statistic - annual flow of detections, NOT a stock. Dataset migr_eipre, dimensions freq=A citizen=TOTAL reason=TOTAL apprehen=TOTAL sex=T age=TOTAL unit=PER. Rounded to nearest 5 by Eurostat.",,,0.3514270888179419,,A,,A,,,,,,A,,,,,,,,,,,,,,,,,,,,,,,,,,,,
Czech Republic,CZE,CZ,203,1,1,2014,10525347,A,"World Bank, World Development Indicators (SP.POP.TOTL), sourced from UN World Population Prospects and national statistical offices",https://api.worldbank.org/v2/country/all/indicator/SP.POP.TOTL,10517226,0.0772161784866085,396156.0,0.0376382840394715,1 January,Eurostat [migr_pop3ctb],https://ec.europa.eu/eurostat/api/dissemination/statistics/1.0/data/migr_pop3ctb?format=JSON&lang=EN&geo=CZ&age=TOTAL&sex=T&unit=NR&c_birth=FOR&sinceTimePeriod=2010&untilTimePeriod=2022,stock at 1 Jan; c_birth=FOR (born in a foreign country),434581.0,0.0412889950326578,1 January,Eurostat [migr_pop1ctz],https://ec.europa.eu/eurostat/api/dissemination/statistics/1.0/data/migr_pop1ctz?format=JSON&lang=EN&geo=CZ&age=TOTAL&sex=T&unit=NR&citizen=FOR_STLS&sinceTimePeriod=2010&untilTimePeriod=2022,stock at 1 Jan; citizen=FOR_STLS (foreign citizens incl. stateless),,,,,,,,,,,,,4430.0,Full calendar year (flow),"Eurostat, Third country nationals found to be illegally present (migr_eipre)",https://ec.europa.eu/eurostat/databrowser/view/migr_eipre/default/table,"Eurostat enforcement statistic - annual flow of detections, NOT a stock. Dataset migr_eipre, dimensions freq=A citizen=TOTAL reason=TOTAL apprehen=TOTAL sex=T age=TOTAL unit=PER. Rounded to nearest 5 by Eurostat.",,,0.4208887364948633,,A,,A,,,,,,A,,,,,,,,,,,,,,,,,,,,,,,,,,,,
Czech Republic,CZE,CZ,203,1,1,2015,10546059,A,"World Bank, World Development Indicators (SP.POP.TOTL), sourced from UN World Population Prospects and national statistical offices",https://api.worldbank.org/v2/country/all/indicator/SP.POP.TOTL,10524416,0.2056456149205809,416454.0,0.0394890641139026,1 January,Eurostat [migr_pop3ctb],https://ec.europa.eu/eurostat/api/dissemination/statistics/1.0/data/migr_pop3ctb?format=JSON&lang=EN&geo=CZ&age=TOTAL&sex=T&unit=NR&c_birth=FOR&sinceTimePeriod=2010&untilTimePeriod=2022,stock at 1 Jan; c_birth=FOR (born in a foreign country),457323.0,0.0433643506071794,1 January,Eurostat [migr_pop1ctz],https://ec.europa.eu/eurostat/api/dissemination/statistics/1.0/data/migr_pop1ctz?format=JSON&lang=EN&geo=CZ&age=TOTAL&sex=T&unit=NR&citizen=FOR_STLS&sinceTimePeriod=2010&untilTimePeriod=2022,stock at 1 Jan; citizen=FOR_STLS (foreign citizens incl. stateless),,,,,,,,,,,,,8165.0,Full calendar year (flow),"Eurostat, Third country nationals found to be illegally present (migr_eipre)",https://ec.europa.eu/eurostat/databrowser/view/migr_eipre/default/table,"Eurostat enforcement statistic - annual flow of detections, NOT a stock. Dataset migr_eipre, dimensions freq=A citizen=TOTAL reason=TOTAL apprehen=TOTAL sex=T age=TOTAL unit=PER. Rounded to nearest 5 by Eurostat.",,,0.7742228637256817,,A,,A,,,,,,A,,,,,,,,,,,,,,,,,,,,,,,,,,,,
Czech Republic,CZE,CZ,203,1,1,2016,10566332,A,"World Bank, World Development Indicators (SP.POP.TOTL), sourced from UN World Population Prospects and national statistical offices",https://api.worldbank.org/v2/country/all/indicator/SP.POP.TOTL,10531948,0.326473317186906,433290.0,0.0410066615359048,1 January,Eurostat [migr_pop3ctb],https://ec.europa.eu/eurostat/api/dissemination/statistics/1.0/data/migr_pop3ctb?format=JSON&lang=EN&geo=CZ&age=TOTAL&sex=T&unit=NR&c_birth=FOR&sinceTimePeriod=2010&untilTimePeriod=2022,stock at 1 Jan; c_birth=FOR (born in a foreign country),476345.0,0.0450813962688282,1 January,Eurostat [migr_pop1ctz],https://ec.europa.eu/eurostat/api/dissemination/statistics/1.0/data/migr_pop1ctz?format=JSON&lang=EN&geo=CZ&age=TOTAL&sex=T&unit=NR&citizen=FOR_STLS&sinceTimePeriod=2010&untilTimePeriod=2022,stock at 1 Jan; citizen=FOR_STLS (foreign citizens incl. stateless),,,,,,,,,,,,,4885.0,Full calendar year (flow),"Eurostat, Third country nationals found to be illegally present (migr_eipre)",https://ec.europa.eu/eurostat/databrowser/view/migr_eipre/default/table,"Eurostat enforcement statistic - annual flow of detections, NOT a stock. Dataset migr_eipre, dimensions freq=A citizen=TOTAL reason=TOTAL apprehen=TOTAL sex=T age=TOTAL unit=PER. Rounded to nearest 5 by Eurostat.",,,0.4623174816009945,,A,,A,,,,,,A,,,,,,,,,,,,,,,,,,,,,,,,,,,,
Czech Republic,CZE,CZ,203,1,1,2017,10594438,A,"World Bank, World Development Indicators (SP.POP.TOTL), sourced from UN World Population Prospects and national statistical offices",https://api.worldbank.org/v2/country/all/indicator/SP.POP.TOTL,10541342,0.5036929833032644,465056.0,0.0438962406500467,1 January,Eurostat [migr_pop3ctb],https://ec.europa.eu/eurostat/api/dissemination/statistics/1.0/data/migr_pop3ctb?format=JSON&lang=EN&geo=CZ&age=TOTAL&sex=T&unit=NR&c_birth=FOR&sinceTimePeriod=2010&untilTimePeriod=2022,stock at 1 Jan; c_birth=FOR (born in a foreign country),510841.0,0.0482178478933946,1 January,Eurostat [migr_pop1ctz],https://ec.europa.eu/eurostat/api/dissemination/statistics/1.0/data/migr_pop1ctz?format=JSON&lang=EN&geo=CZ&age=TOTAL&sex=T&unit=NR&citizen=FOR_STLS&sinceTimePeriod=2010&untilTimePeriod=2022,stock at 1 Jan; citizen=FOR_STLS (foreign citizens incl. stateless),150000.0,0.0141583725347205,See note,"Pew Research Center (2019), Europe's Unauthorized Immigrant Population Peaks in 2016, Then Levels Off — Appendix B, unauthorized immigrant population trends with waiting asylum seekers, by country",https://www.pewresearch.org/global/2019/11/13/eu-unauthorized-immigrants-appendix-b-unauthorized-immigrant-population-trends-with-waiting-asylum-seekers-by-country/,"Pew publishes a RANGE, not a point estimate. This cell is the midpoint of the published 100,000–200,000 range in Appendix B. Use the range, not the midpoint, for any claim about level.",1.0,,,,,,4360.0,Full calendar year (flow),"Eurostat, Third country nationals found to be illegally present (migr_eipre)",https://ec.europa.eu/eurostat/databrowser/view/migr_eipre/default/table,"Eurostat enforcement statistic - annual flow of detections, NOT a stock. Dataset migr_eipre, dimensions freq=A citizen=TOTAL reason=TOTAL apprehen=TOTAL sex=T age=TOTAL unit=PER. Rounded to nearest 5 by Eurostat.",,,0.4115366950092114,,A,,A,,C,Published range read from the archived Appendix B table.,,,A,,,,,,,,,,,,,,,,yes,midpoint of the published range,"100,000–200,000 (Pew Appendix B, thousands)",,,,,,,,,,
Czech Republic,CZE,CZ,203,1,1,2018,10629928,A,"World Bank, World Development Indicators (SP.POP.TOTL), sourced from UN World Population Prospects and national statistical offices",https://api.worldbank.org/v2/country/all/indicator/SP.POP.TOTL,10548937,0.7677645624388505,467580.0,0.0439871276644583,1 January,Eurostat [migr_pop3ctb],https://ec.europa.eu/eurostat/api/dissemination/statistics/1.0/data/migr_pop3ctb?format=JSON&lang=EN&geo=CZ&age=TOTAL&sex=T&unit=NR&c_birth=FOR&sinceTimePeriod=2010&untilTimePeriod=2022,stock at 1 Jan; c_birth=FOR (born in a foreign country),515422.0,0.0484878166625399,1 January,Eurostat [migr_pop1ctz],https://ec.europa.eu/eurostat/api/dissemination/statistics/1.0/data/migr_pop1ctz?format=JSON&lang=EN&geo=CZ&age=TOTAL&sex=T&unit=NR&citizen=FOR_STLS&sinceTimePeriod=2010&untilTimePeriod=2022,stock at 1 Jan; citizen=FOR_STLS (foreign citizens incl. stateless),,,,,,,,,,,,,4505.0,Full calendar year (flow),"Eurostat, Third country nationals found to be illegally present (migr_eipre)",https://ec.europa.eu/eurostat/databrowser/view/migr_eipre/default/table,"Eurostat enforcement statistic - annual flow of detections, NOT a stock. Dataset migr_eipre, dimensions freq=A citizen=TOTAL reason=TOTAL apprehen=TOTAL sex=T age=TOTAL unit=PER. Rounded to nearest 5 by Eurostat.",,,0.4238034349809331,,A,,A,,,,,,A,,,,,,,,,,,,,,,,,,,,,,,,,,,,
Czech Republic,CZE,CZ,203,1,1,2019,10671870,A,"World Bank, World Development Indicators (SP.POP.TOTL), sourced from UN World Population Prospects and national statistical offices",https://api.worldbank.org/v2/country/all/indicator/SP.POP.TOTL,10554875,1.108445149753076,507051.0,0.0475128538859637,1 January,Eurostat [migr_pop3ctb],https://ec.europa.eu/eurostat/api/dissemination/statistics/1.0/data/migr_pop3ctb?format=JSON&lang=EN&geo=CZ&age=TOTAL&sex=T&unit=NR&c_birth=FOR&sinceTimePeriod=2010&untilTimePeriod=2022,stock at 1 Jan; c_birth=FOR (born in a foreign country),557458.0,0.052236206025748,1 January,Eurostat [migr_pop1ctz],https://ec.europa.eu/eurostat/api/dissemination/statistics/1.0/data/migr_pop1ctz?format=JSON&lang=EN&geo=CZ&age=TOTAL&sex=T&unit=NR&citizen=FOR_STLS&sinceTimePeriod=2010&untilTimePeriod=2022,stock at 1 Jan; citizen=FOR_STLS (foreign citizens incl. stateless),,,,,,,,,,,,,4995.0,Full calendar year (flow),"Eurostat, Third country nationals found to be illegally present (migr_eipre)",https://ec.europa.eu/eurostat/databrowser/view/migr_eipre/default/table,"Eurostat enforcement statistic - annual flow of detections, NOT a stock. Dataset migr_eipre, dimensions freq=A citizen=TOTAL reason=TOTAL apprehen=TOTAL sex=T age=TOTAL unit=PER. Rounded to nearest 5 by Eurostat.",,,0.4680529279310936,,A,,A,,,,,,A,,,,,,,,,,,,,,,,,,,,,,,,,,,,
Czech Republic,CZE,CZ,203,1,1,2020,10697858,A,"World Bank, World Development Indicators (SP.POP.TOTL), sourced from UN World Population Prospects and national statistical offices",https://api.worldbank.org/v2/country/all/indicator/SP.POP.TOTL,10550129,1.400257759881419,533639.0,0.0498827896201276,1 January,Eurostat [migr_pop3ctb],https://ec.europa.eu/eurostat/api/dissemination/statistics/1.0/data/migr_pop3ctb?format=JSON&lang=EN&geo=CZ&age=TOTAL&sex=T&unit=NR&c_birth=FOR&sinceTimePeriod=2010&untilTimePeriod=2022,stock at 1 Jan; c_birth=FOR (born in a foreign country),586646.0,0.0548377067633539,1 January,Eurostat [migr_pop1ctz],https://ec.europa.eu/eurostat/api/dissemination/statistics/1.0/data/migr_pop1ctz?format=JSON&lang=EN&geo=CZ&age=TOTAL&sex=T&unit=NR&citizen=FOR_STLS&sinceTimePeriod=2010&untilTimePeriod=2022,stock at 1 Jan; citizen=FOR_STLS (foreign citizens incl. stateless),,,,,,,,,,,,,6515.0,Full calendar year (flow),"Eurostat, Third country nationals found to be illegally present (migr_eipre)",https://ec.europa.eu/eurostat/databrowser/view/migr_eipre/default/table,"Eurostat enforcement statistic - annual flow of detections, NOT a stock. Dataset migr_eipre, dimensions freq=A citizen=TOTAL reason=TOTAL apprehen=TOTAL sex=T age=TOTAL unit=PER. Rounded to nearest 5 by Eurostat.",,,0.6090004185884689,,A,,A,,,,,,A,,,,,,,,,,,,,,,,,,,,,,,,,,,,
Czech Republic,CZE,CZ,203,1,1,2021,10505772,A,"World Bank, World Development Indicators (SP.POP.TOTL), sourced from UN World Population Prospects and national statistical offices",https://api.worldbank.org/v2/country/all/indicator/SP.POP.TOTL,10530683,-0.2365563563161098,409220.0,0.0389519209059553,1 January,Eurostat [migr_pop3ctb],https://ec.europa.eu/eurostat/api/dissemination/statistics/1.0/data/migr_pop3ctb?format=JSON&lang=EN&geo=CZ&age=TOTAL&sex=T&unit=NR&c_birth=FOR&sinceTimePeriod=2010&untilTimePeriod=2022,stock at 1 Jan; c_birth=FOR (born in a foreign country); apparent break in series (population census re-basing),488532.0,0.046501294716847,1 January,Eurostat [migr_pop1ctz],https://ec.europa.eu/eurostat/api/dissemination/statistics/1.0/data/migr_pop1ctz?format=JSON&lang=EN&geo=CZ&age=TOTAL&sex=T&unit=NR&citizen=FOR_STLS&sinceTimePeriod=2010&untilTimePeriod=2022,stock at 1 Jan; citizen=FOR_STLS (foreign citizens incl. stateless); apparent break in series (population census re-basing),,,,,,,,,,,,,11040.0,Full calendar year (flow),"Eurostat, Third country nationals found to be illegally present (migr_eipre)",https://ec.europa.eu/eurostat/databrowser/view/migr_eipre/default/table,"Eurostat enforcement statistic - annual flow of detections, NOT a stock. Dataset migr_eipre, dimensions freq=A citizen=TOTAL reason=TOTAL apprehen=TOTAL sex=T age=TOTAL unit=PER. Rounded to nearest 5 by Eurostat.",,,1.050850903674666,,A,,A,,,,,,A,,,,,,,,,,,,,,,,,,,,,,,,,,,,
Czech Republic,CZE,CZ,203,1,1,2022,10672118,A,"World Bank, World Development Indicators (SP.POP.TOTL), sourced from UN World Population Prospects and national statistical offices",https://api.worldbank.org/v2/country/all/indicator/SP.POP.TOTL,10673213,-0.0102593286576403,685840.0,0.0642646567438628,1 January,Eurostat [migr_pop3ctb],https://ec.europa.eu/eurostat/api/dissemination/statistics/1.0/data/migr_pop3ctb?format=JSON&lang=EN&geo=CZ&age=TOTAL&sex=T&unit=NR&c_birth=FOR&sinceTimePeriod=2010&untilTimePeriod=2022,stock at 1 Jan; c_birth=FOR (born in a foreign country); apparent break in series (population census re-basing),538237.0,0.0504339438525698,1 January,Eurostat [migr_pop1ctz],https://ec.europa.eu/eurostat/api/dissemination/statistics/1.0/data/migr_pop1ctz?format=JSON&lang=EN&geo=CZ&age=TOTAL&sex=T&unit=NR&citizen=FOR_STLS&sinceTimePeriod=2010&untilTimePeriod=2022,stock at 1 Jan; citizen=FOR_STLS (foreign citizens incl. stateless),,,,,,,,,,,,,29130.0,Full calendar year (flow),"Eurostat, Third country nationals found to be illegally present (migr_eipre)",https://ec.europa.eu/eurostat/databrowser/view/migr_eipre/default/table,"Eurostat enforcement statistic - annual flow of detections, NOT a stock. Dataset migr_eipre, dimensions freq=A citizen=TOTAL reason=TOTAL apprehen=TOTAL sex=T age=TOTAL unit=PER. Rounded to nearest 5 by Eurostat.",,,2.729542533169142,,A,,A,,,,,,A,,,,,,,,,,,,,,,,,,,,,,,,,,,,
Denmark,DNK,DK,208,1,1,2010,5547683,A,"World Bank, World Development Indicators (SP.POP.TOTL), sourced from UN World Population Prospects and national statistical offices",https://api.worldbank.org/v2/country/all/indicator/SP.POP.TOTL,5547863,-0.0032444925190113,500772.0,0.0902668735758694,1 January,Eurostat [migr_pop3ctb],https://ec.europa.eu/eurostat/api/dissemination/statistics/1.0/data/migr_pop3ctb?format=JSON&lang=EN&geo=DK&age=TOTAL&sex=T&unit=NR&c_birth=FOR&sinceTimePeriod=2010&untilTimePeriod=2022,stock at 1 Jan; c_birth=FOR (born in a foreign country),329797.0,0.0594477009591211,1 January,Eurostat [migr_pop1ctz],https://ec.europa.eu/eurostat/api/dissemination/statistics/1.0/data/migr_pop1ctz?format=JSON&lang=EN&geo=DK&age=TOTAL&sex=T&unit=NR&citizen=FOR_STLS&sinceTimePeriod=2010&untilTimePeriod=2022,stock at 1 Jan; citizen=FOR_STLS (foreign citizens incl. stateless),,,,,,,,,,,,,665.0,Full calendar year (flow),"Eurostat, Third country nationals found to be illegally present (migr_eipre)",https://ec.europa.eu/eurostat/databrowser/view/migr_eipre/default/table,"Eurostat enforcement statistic - annual flow of detections, NOT a stock. Dataset migr_eipre, dimensions freq=A citizen=TOTAL reason=TOTAL apprehen=TOTAL sex=T age=TOTAL unit=PER. Rounded to nearest 5 by Eurostat.",,,0.119869862787762,,A,,A,,,,,,A,,,,,,,,,,,,,,,,,,,,,,,,,,,,
Denmark,DNK,DK,208,1,1,2011,5570572,A,"World Bank, World Development Indicators (SP.POP.TOTL), sourced from UN World Population Prospects and national statistical offices",https://api.worldbank.org/v2/country/all/indicator/SP.POP.TOTL,5570849,-0.0049723121197505,517230.0,0.0928504290044182,1 January,Eurostat [migr_pop3ctb],https://ec.europa.eu/eurostat/api/dissemination/statistics/1.0/data/migr_pop3ctb?format=JSON&lang=EN&geo=DK&age=TOTAL&sex=T&unit=NR&c_birth=FOR&sinceTimePeriod=2010&untilTimePeriod=2022,stock at 1 Jan; c_birth=FOR (born in a foreign country),345884.0,0.0620912897275181,1 January,Eurostat [migr_pop1ctz],https://ec.europa.eu/eurostat/api/dissemination/statistics/1.0/data/migr_pop1ctz?format=JSON&lang=EN&geo=DK&age=TOTAL&sex=T&unit=NR&citizen=FOR_STLS&sinceTimePeriod=2010&untilTimePeriod=2022,stock at 1 Jan; citizen=FOR_STLS (foreign citizens incl. stateless),,,,,,,,,,,,,400.0,Full calendar year (flow),"Eurostat, Third country nationals found to be illegally present (migr_eipre)",https://ec.europa.eu/eurostat/databrowser/view/migr_eipre/default/table,"Eurostat enforcement statistic - annual flow of detections, NOT a stock. Dataset migr_eipre, dimensions freq=A citizen=TOTAL reason=TOTAL apprehen=TOTAL sex=T age=TOTAL unit=PER. Rounded to nearest 5 by Eurostat.",,,0.0718059114934696,,A,,A,,,,,,A,,,,,,,,,,,,,,,,,,,,,,,,,,,,
Denmark,DNK,DK,208,1,1,2012,5591572,A,"World Bank, World Development Indicators (SP.POP.TOTL), sourced from UN World Population Prospects and national statistical offices",https://api.worldbank.org/v2/country/all/indicator/SP.POP.TOTL,5591917,-0.0061696194703891,531540.0,0.0950609238332261,1 January,Eurostat [migr_pop3ctb],https://ec.europa.eu/eurostat/api/dissemination/statistics/1.0/data/migr_pop3ctb?format=JSON&lang=EN&geo=DK&age=TOTAL&sex=T&unit=NR&c_birth=FOR&sinceTimePeriod=2010&untilTimePeriod=2022,stock at 1 Jan; c_birth=FOR (born in a foreign country),358714.0,0.064152621123362,1 January,Eurostat [migr_pop1ctz],https://ec.europa.eu/eurostat/api/dissemination/statistics/1.0/data/migr_pop1ctz?format=JSON&lang=EN&geo=DK&age=TOTAL&sex=T&unit=NR&citizen=FOR_STLS&sinceTimePeriod=2010&untilTimePeriod=2022,stock at 1 Jan; citizen=FOR_STLS (foreign citizens incl. stateless),,,,,,,,,,,,,630.0,Full calendar year (flow),"Eurostat, Third country nationals found to be illegally present (migr_eipre)",https://ec.europa.eu/eurostat/databrowser/view/migr_eipre/default/table,"Eurostat enforcement statistic - annual flow of detections, NOT a stock. Dataset migr_eipre, dimensions freq=A citizen=TOTAL reason=TOTAL apprehen=TOTAL sex=T age=TOTAL unit=PER. Rounded to nearest 5 by Eurostat.",,,0.1126695676993875,,A,,A,,,,,,A,,,,,,,,,,,,,,,,,,,,,,,,,,,,
Denmark,DNK,DK,208,1,1,2013,5614932,A,"World Bank, World Development Indicators (SP.POP.TOTL), sourced from UN World Population Prospects and national statistical offices",https://api.worldbank.org/v2/country/all/indicator/SP.POP.TOTL,5615333,-0.0071411615304025,548411.0,0.0976701053547932,1 January,Eurostat [migr_pop3ctb],https://ec.europa.eu/eurostat/api/dissemination/statistics/1.0/data/migr_pop3ctb?format=JSON&lang=EN&geo=DK&age=TOTAL&sex=T&unit=NR&c_birth=FOR&sinceTimePeriod=2010&untilTimePeriod=2022,stock at 1 Jan; c_birth=FOR (born in a foreign country),374569.0,0.0667094454572201,1 January,Eurostat [migr_pop1ctz],https://ec.europa.eu/eurostat/api/dissemination/statistics/1.0/data/migr_pop1ctz?format=JSON&lang=EN&geo=DK&age=TOTAL&sex=T&unit=NR&citizen=FOR_STLS&sinceTimePeriod=2010&untilTimePeriod=2022,stock at 1 Jan; citizen=FOR_STLS (foreign citizens incl. stateless),,,,,,,,,,,,,395.0,Full calendar year (flow),"Eurostat, Third country nationals found to be illegally present (migr_eipre)",https://ec.europa.eu/eurostat/databrowser/view/migr_eipre/default/table,"Eurostat enforcement statistic - annual flow of detections, NOT a stock. Dataset migr_eipre, dimensions freq=A citizen=TOTAL reason=TOTAL apprehen=TOTAL sex=T age=TOTAL unit=PER. Rounded to nearest 5 by Eurostat.",,,0.0703481360059213,,A,,A,,,,,,A,,,,,,,,,,,,,,,,,,,,,,,,,,,,
Denmark,DNK,DK,208,1,1,2014,5643475,A,"World Bank, World Development Indicators (SP.POP.TOTL), sourced from UN World Population Prospects and national statistical offices",https://api.worldbank.org/v2/country/all/indicator/SP.POP.TOTL,5643794,-0.0056522261443277,569596.0,0.1009300120936125,1 January,Eurostat [migr_pop3ctb],https://ec.europa.eu/eurostat/api/dissemination/statistics/1.0/data/migr_pop3ctb?format=JSON&lang=EN&geo=DK&age=TOTAL&sex=T&unit=NR&c_birth=FOR&sinceTimePeriod=2010&untilTimePeriod=2022,stock at 1 Jan; c_birth=FOR (born in a foreign country),397221.0,0.0703858881274392,1 January,Eurostat [migr_pop1ctz],https://ec.europa.eu/eurostat/api/dissemination/statistics/1.0/data/migr_pop1ctz?format=JSON&lang=EN&geo=DK&age=TOTAL&sex=T&unit=NR&citizen=FOR_STLS&sinceTimePeriod=2010&untilTimePeriod=2022,stock at 1 Jan; citizen=FOR_STLS (foreign citizens incl. stateless),,,,,,,,,,,,,515.0,Full calendar year (flow),"Eurostat, Third country nationals found to be illegally present (migr_eipre)",https://ec.europa.eu/eurostat/databrowser/view/migr_eipre/default/table,"Eurostat enforcement statistic - annual flow of detections, NOT a stock. Dataset migr_eipre, dimensions freq=A citizen=TOTAL reason=TOTAL apprehen=TOTAL sex=T age=TOTAL unit=PER. Rounded to nearest 5 by Eurostat.",,,0.0912558308489007,,A,,A,,,,,,A,,,,,,,,,,,,,,,,,,,,,,,,,,,,
Denmark,DNK,DK,208,1,1,2015,5683483,A,"World Bank, World Development Indicators (SP.POP.TOTL), sourced from UN World Population Prospects and national statistical offices",https://api.worldbank.org/v2/country/all/indicator/SP.POP.TOTL,5683701,-0.0038355289977428,595876.0,0.1048434560286359,1 January,Eurostat [migr_pop3ctb],https://ec.europa.eu/eurostat/api/dissemination/statistics/1.0/data/migr_pop3ctb?format=JSON&lang=EN&geo=DK&age=TOTAL&sex=T&unit=NR&c_birth=FOR&sinceTimePeriod=2010&untilTimePeriod=2022,stock at 1 Jan; c_birth=FOR (born in a foreign country),422492.0,0.0743368107197646,1 January,Eurostat [migr_pop1ctz],https://ec.europa.eu/eurostat/api/dissemination/statistics/1.0/data/migr_pop1ctz?format=JSON&lang=EN&geo=DK&age=TOTAL&sex=T&unit=NR&citizen=FOR_STLS&sinceTimePeriod=2010&untilTimePeriod=2022,stock at 1 Jan; citizen=FOR_STLS (foreign citizens incl. stateless),,,,,,,,,,,,,2165.0,Full calendar year (flow),"Eurostat, Third country nationals found to be illegally present (migr_eipre)",https://ec.europa.eu/eurostat/databrowser/view/migr_eipre/default/table,"Eurostat enforcement statistic - annual flow of detections, NOT a stock. Dataset migr_eipre, dimensions freq=A citizen=TOTAL reason=TOTAL apprehen=TOTAL sex=T age=TOTAL unit=PER. Rounded to nearest 5 by Eurostat.",,,0.3809283849357867,,A,,A,,,,,,A,,,,,,,,,,,,,,,,,,,,,,,,,,,,
Denmark,DNK,DK,208,1,1,2016,5728010,A,"World Bank, World Development Indicators (SP.POP.TOTL), sourced from UN World Population Prospects and national statistical offices",https://api.worldbank.org/v2/country/all/indicator/SP.POP.TOTL,5728201,-0.0033343802006947,636666.0,0.11114959645671,1 January,Eurostat [migr_pop3ctb],https://ec.europa.eu/eurostat/api/dissemination/statistics/1.0/data/migr_pop3ctb?format=JSON&lang=EN&geo=DK&age=TOTAL&sex=T&unit=NR&c_birth=FOR&sinceTimePeriod=2010&untilTimePeriod=2022,stock at 1 Jan; c_birth=FOR (born in a foreign country),463088.0,0.0808462275729267,1 January,Eurostat [migr_pop1ctz],https://ec.europa.eu/eurostat/api/dissemination/statistics/1.0/data/migr_pop1ctz?format=JSON&lang=EN&geo=DK&age=TOTAL&sex=T&unit=NR&citizen=FOR_STLS&sinceTimePeriod=2010&untilTimePeriod=2022,stock at 1 Jan; citizen=FOR_STLS (foreign citizens incl. stateless),,,,,,,,,,,,,1390.0,Full calendar year (flow),"Eurostat, Third country nationals found to be illegally present (migr_eipre)",https://ec.europa.eu/eurostat/databrowser/view/migr_eipre/default/table,"Eurostat enforcement statistic - annual flow of detections, NOT a stock. Dataset migr_eipre, dimensions freq=A citizen=TOTAL reason=TOTAL apprehen=TOTAL sex=T age=TOTAL unit=PER. Rounded to nearest 5 by Eurostat.",,,0.2426671741145703,,A,,A,,,,,,A,,,,,,,,,,,,,,,,,,,,,,,,,,,,
Denmark,DNK,DK,208,1,1,2017,5764980,A,"World Bank, World Development Indicators (SP.POP.TOTL), sourced from UN World Population Prospects and national statistical offices",https://api.worldbank.org/v2/country/all/indicator/SP.POP.TOTL,5765168,-0.0032609630803473,668090.0,0.115887652689168,1 January,Eurostat [migr_pop3ctb],https://ec.europa.eu/eurostat/api/dissemination/statistics/1.0/data/migr_pop3ctb?format=JSON&lang=EN&geo=DK&age=TOTAL&sex=T&unit=NR&c_birth=FOR&sinceTimePeriod=2010&untilTimePeriod=2022,stock at 1 Jan; c_birth=FOR (born in a foreign country),484934.0,0.0841172042227379,1 January,Eurostat [migr_pop1ctz],https://ec.europa.eu/eurostat/api/dissemination/statistics/1.0/data/migr_pop1ctz?format=JSON&lang=EN&geo=DK&age=TOTAL&sex=T&unit=NR&citizen=FOR_STLS&sinceTimePeriod=2010&untilTimePeriod=2022,stock at 1 Jan; citizen=FOR_STLS (foreign citizens incl. stateless),,,,,,,,,,,,,1105.0,Full calendar year (flow),"Eurostat, Third country nationals found to be illegally present (migr_eipre)",https://ec.europa.eu/eurostat/databrowser/view/migr_eipre/default/table,"Eurostat enforcement statistic - annual flow of detections, NOT a stock. Dataset migr_eipre, dimensions freq=A citizen=TOTAL reason=TOTAL apprehen=TOTAL sex=T age=TOTAL unit=PER. Rounded to nearest 5 by Eurostat.",,,0.1916745591485139,,A,,A,,,,,,A,,,,,,,,,,,,,,,,,,,,,,,,,,,,
Denmark,DNK,DK,208,1,1,2018,5793636,A,"World Bank, World Development Indicators (SP.POP.TOTL), sourced from UN World Population Prospects and national statistical offices",https://api.worldbank.org/v2/country/all/indicator/SP.POP.TOTL,5793824,-0.0032448344996327,690549.0,0.1191909536601885,1 January,Eurostat [migr_pop3ctb],https://ec.europa.eu/eurostat/api/dissemination/statistics/1.0/data/migr_pop3ctb?format=JSON&lang=EN&geo=DK&age=TOTAL&sex=T&unit=NR&c_birth=FOR&sinceTimePeriod=2010&untilTimePeriod=2022,stock at 1 Jan; c_birth=FOR (born in a foreign country),505934.0,0.0873258175004435,1 January,Eurostat [migr_pop1ctz],https://ec.europa.eu/eurostat/api/dissemination/statistics/1.0/data/migr_pop1ctz?format=JSON&lang=EN&geo=DK&age=TOTAL&sex=T&unit=NR&citizen=FOR_STLS&sinceTimePeriod=2010&untilTimePeriod=2022,stock at 1 Jan; citizen=FOR_STLS (foreign citizens incl. stateless),,,,,,,,,,,,,1135.0,Full calendar year (flow),"Eurostat, Third country nationals found to be illegally present (migr_eipre)",https://ec.europa.eu/eurostat/databrowser/view/migr_eipre/default/table,"Eurostat enforcement statistic - annual flow of detections, NOT a stock. Dataset migr_eipre, dimensions freq=A citizen=TOTAL reason=TOTAL apprehen=TOTAL sex=T age=TOTAL unit=PER. Rounded to nearest 5 by Eurostat.",,,0.1959046098167023,,A,,A,,,,,,A,,,,,,,,,,,,,,,,,,,,,,,,,,,,
Denmark,DNK,DK,208,1,1,2019,5814422,A,"World Bank, World Development Indicators (SP.POP.TOTL), sourced from UN World Population Prospects and national statistical offices",https://api.worldbank.org/v2/country/all/indicator/SP.POP.TOTL,5814618,-0.0033708147293596,707880.0,0.1217455492566587,1 January,Eurostat [migr_pop3ctb],https://ec.europa.eu/eurostat/api/dissemination/statistics/1.0/data/migr_pop3ctb?format=JSON&lang=EN&geo=DK&age=TOTAL&sex=T&unit=NR&c_birth=FOR&sinceTimePeriod=2010&untilTimePeriod=2022,stock at 1 Jan; c_birth=FOR (born in a foreign country),525849.0,0.090438740084569,1 January,Eurostat [migr_pop1ctz],https://ec.europa.eu/eurostat/api/dissemination/statistics/1.0/data/migr_pop1ctz?format=JSON&lang=EN&geo=DK&age=TOTAL&sex=T&unit=NR&citizen=FOR_STLS&sinceTimePeriod=2010&untilTimePeriod=2022,stock at 1 Jan; citizen=FOR_STLS (foreign citizens incl. stateless),,,,,,,,,,,,,1195.0,Full calendar year (flow),"Eurostat, Third country nationals found to be illegally present (migr_eipre)",https://ec.europa.eu/eurostat/databrowser/view/migr_eipre/default/table,"Eurostat enforcement statistic - annual flow of detections, NOT a stock. Dataset migr_eipre, dimensions freq=A citizen=TOTAL reason=TOTAL apprehen=TOTAL sex=T age=TOTAL unit=PER. Rounded to nearest 5 by Eurostat.",,,0.2055234380992642,,A,,A,,,,,,A,,,,,,,,,,,,,,,,,,,,,,,,,,,,
Denmark,DNK,DK,208,1,1,2020,5831404,A,"World Bank, World Development Indicators (SP.POP.TOTL), sourced from UN World Population Prospects and national statistical offices",https://api.worldbank.org/v2/country/all/indicator/SP.POP.TOTL,5831530,-0.0021606679550649,715936.0,0.1227724918390151,1 January,Eurostat [migr_pop3ctb],https://ec.europa.eu/eurostat/api/dissemination/statistics/1.0/data/migr_pop3ctb?format=JSON&lang=EN&geo=DK&age=TOTAL&sex=T&unit=NR&c_birth=FOR&sinceTimePeriod=2010&untilTimePeriod=2022,stock at 1 Jan; c_birth=FOR (born in a foreign country),537071.0,0.0920997756286479,1 January,Eurostat [migr_pop1ctz],https://ec.europa.eu/eurostat/api/dissemination/statistics/1.0/data/migr_pop1ctz?format=JSON&lang=EN&geo=DK&age=TOTAL&sex=T&unit=NR&citizen=FOR_STLS&sinceTimePeriod=2010&untilTimePeriod=2022,stock at 1 Jan; citizen=FOR_STLS (foreign citizens incl. stateless),,,,,,,,,,,,,490.0,Full calendar year (flow),"Eurostat, Third country nationals found to be illegally present (migr_eipre)",https://ec.europa.eu/eurostat/databrowser/view/migr_eipre/default/table,"Eurostat enforcement statistic - annual flow of detections, NOT a stock. Dataset migr_eipre, dimensions freq=A citizen=TOTAL reason=TOTAL apprehen=TOTAL sex=T age=TOTAL unit=PER. Rounded to nearest 5 by Eurostat.",,,0.0840277915918705,,A,,A,,,,,,A,,,,,,,,,,,,,,,,,,,,,,,,,,,,
Denmark,DNK,DK,208,1,1,2021,5856733,A,"World Bank, World Development Indicators (SP.POP.TOTL), sourced from UN World Population Prospects and national statistical offices",https://api.worldbank.org/v2/country/all/indicator/SP.POP.TOTL,5856776,-0.000734192326973,721135.0,0.1231292257987516,1 January,Eurostat [migr_pop3ctb],https://ec.europa.eu/eurostat/api/dissemination/statistics/1.0/data/migr_pop3ctb?format=JSON&lang=EN&geo=DK&age=TOTAL&sex=T&unit=NR&c_birth=FOR&sinceTimePeriod=2010&untilTimePeriod=2022,stock at 1 Jan; c_birth=FOR (born in a foreign country),539443.0,0.0921064695966164,1 January,Eurostat [migr_pop1ctz],https://ec.europa.eu/eurostat/api/dissemination/statistics/1.0/data/migr_pop1ctz?format=JSON&lang=EN&geo=DK&age=TOTAL&sex=T&unit=NR&citizen=FOR_STLS&sinceTimePeriod=2010&untilTimePeriod=2022,stock at 1 Jan; citizen=FOR_STLS (foreign citizens incl. stateless),,,,,,,,,,,,,425.0,Full calendar year (flow),"Eurostat, Third country nationals found to be illegally present (migr_eipre)",https://ec.europa.eu/eurostat/databrowser/view/migr_eipre/default/table,"Eurostat enforcement statistic - annual flow of detections, NOT a stock. Dataset migr_eipre, dimensions freq=A citizen=TOTAL reason=TOTAL apprehen=TOTAL sex=T age=TOTAL unit=PER. Rounded to nearest 5 by Eurostat.",,,0.0725660534635948,,A,,A,,,,,,A,,,,,,,,,,,,,,,,,,,,,,,,,,,,
Denmark,DNK,DK,208,1,1,2022,5903037,A,"World Bank, World Development Indicators (SP.POP.TOTL), sourced from UN World Population Prospects and national statistical offices",https://api.worldbank.org/v2/country/all/indicator/SP.POP.TOTL,5902904,0.0022531282907531,745851.0,0.1263503854033102,1 January,Eurostat [migr_pop3ctb],https://ec.europa.eu/eurostat/api/dissemination/statistics/1.0/data/migr_pop3ctb?format=JSON&lang=EN&geo=DK&age=TOTAL&sex=T&unit=NR&c_birth=FOR&sinceTimePeriod=2010&untilTimePeriod=2022,stock at 1 Jan; c_birth=FOR (born in a foreign country),562205.0,0.0952399586856731,1 January,Eurostat [migr_pop1ctz],https://ec.europa.eu/eurostat/api/dissemination/statistics/1.0/data/migr_pop1ctz?format=JSON&lang=EN&geo=DK&age=TOTAL&sex=T&unit=NR&citizen=FOR_STLS&sinceTimePeriod=2010&untilTimePeriod=2022,stock at 1 Jan; citizen=FOR_STLS (foreign citizens incl. stateless),,,,,,,,,,,,,510.0,Full calendar year (flow),"Eurostat, Third country nationals found to be illegally present (migr_eipre)",https://ec.europa.eu/eurostat/databrowser/view/migr_eipre/default/table,"Eurostat enforcement statistic - annual flow of detections, NOT a stock. Dataset migr_eipre, dimensions freq=A citizen=TOTAL reason=TOTAL apprehen=TOTAL sex=T age=TOTAL unit=PER. Rounded to nearest 5 by Eurostat.",,,0.0863962058852079,,A,,A,,,,,,A,,,,,,,,,,,,,,,,,,,,,,,,,,,,
Finland,FIN,FI,246,1,1,2010,5363352,A,"World Bank, World Development Indicators (SP.POP.TOTL), sourced from UN World Population Prospects and national statistical offices",https://api.worldbank.org/v2/country/all/indicator/SP.POP.TOTL,5363350,3.729012650675418e-05,228481.0,0.0426004110862013,1 January,Eurostat [migr_pop3ctb],https://ec.europa.eu/eurostat/api/dissemination/statistics/1.0/data/migr_pop3ctb?format=JSON&lang=EN&geo=FI&age=TOTAL&sex=T&unit=NR&c_birth=FOR&sinceTimePeriod=2010&untilTimePeriod=2022,stock at 1 Jan; c_birth=FOR (born in a foreign country),154623.0,0.0288295454036953,1 January,Eurostat [migr_pop1ctz],https://ec.europa.eu/eurostat/api/dissemination/statistics/1.0/data/migr_pop1ctz?format=JSON&lang=EN&geo=FI&age=TOTAL&sex=T&unit=NR&citizen=FOR_STLS&sinceTimePeriod=2010&untilTimePeriod=2022,stock at 1 Jan; citizen=FOR_STLS (foreign citizens incl. stateless),,,,,,,,,,,,,3755.0,Full calendar year (flow),"Eurostat, Third country nationals found to be illegally present (migr_eipre)",https://ec.europa.eu/eurostat/databrowser/view/migr_eipre/default/table,"Eurostat enforcement statistic - annual flow of detections, NOT a stock. Dataset migr_eipre, dimensions freq=A citizen=TOTAL reason=TOTAL apprehen=TOTAL sex=T age=TOTAL unit=PER. Rounded to nearest 5 by Eurostat.",,,0.7001218640879808,,A,,A,,,,,,A,,,,,,,,,,,,,,,,,,,,,,,,,,,,
Finland,FIN,FI,246,1,1,2011,5388272,A,"World Bank, World Development Indicators (SP.POP.TOTL), sourced from UN World Population Prospects and national statistical offices",https://api.worldbank.org/v2/country/all/indicator/SP.POP.TOTL,5388241,0.0005753269016734,243217.0,0.0451382187090777,1 January,Eurostat [migr_pop3ctb],https://ec.europa.eu/eurostat/api/dissemination/statistics/1.0/data/migr_pop3ctb?format=JSON&lang=EN&geo=FI&age=TOTAL&sex=T&unit=NR&c_birth=FOR&sinceTimePeriod=2010&untilTimePeriod=2022,stock at 1 Jan; c_birth=FOR (born in a foreign country),166627.0,0.0309240142294227,1 January,Eurostat [migr_pop1ctz],https://ec.europa.eu/eurostat/api/dissemination/statistics/1.0/data/migr_pop1ctz?format=JSON&lang=EN&geo=FI&age=TOTAL&sex=T&unit=NR&citizen=FOR_STLS&sinceTimePeriod=2010&untilTimePeriod=2022,stock at 1 Jan; citizen=FOR_STLS (foreign citizens incl. stateless),,,,,,,,,,,,,3305.0,Full calendar year (flow),"Eurostat, Third country nationals found to be illegally present (migr_eipre)",https://ec.europa.eu/eurostat/databrowser/view/migr_eipre/default/table,"Eurostat enforcement statistic - annual flow of detections, NOT a stock. Dataset migr_eipre, dimensions freq=A citizen=TOTAL reason=TOTAL apprehen=TOTAL sex=T age=TOTAL unit=PER. Rounded to nearest 5 by Eurostat.",,,0.6133691840352529,,A,,A,,,,,,A,,,,,,,,,,,,,,,,,,,,,,,,,,,,
Finland,FIN,FI,246,1,1,2012,5413971,A,"World Bank, World Development Indicators (SP.POP.TOTL), sourced from UN World Population Prospects and national statistical offices",https://api.worldbank.org/v2/country/all/indicator/SP.POP.TOTL,5413971,0.0,260856.0,0.0481820091020066,1 January,Eurostat [migr_pop3ctb],https://ec.europa.eu/eurostat/api/dissemination/statistics/1.0/data/migr_pop3ctb?format=JSON&lang=EN&geo=FI&age=TOTAL&sex=T&unit=NR&c_birth=FOR&sinceTimePeriod=2010&untilTimePeriod=2022,stock at 1 Jan; c_birth=FOR (born in a foreign country),181697.0,0.0335607634396268,1 January,Eurostat [migr_pop1ctz],https://ec.europa.eu/eurostat/api/dissemination/statistics/1.0/data/migr_pop1ctz?format=JSON&lang=EN&geo=FI&age=TOTAL&sex=T&unit=NR&citizen=FOR_STLS&sinceTimePeriod=2010&untilTimePeriod=2022,stock at 1 Jan; citizen=FOR_STLS (foreign citizens incl. stateless),,,,,,,,,,,,,3620.0,Full calendar year (flow),"Eurostat, Third country nationals found to be illegally present (migr_eipre)",https://ec.europa.eu/eurostat/databrowser/view/migr_eipre/default/table,"Eurostat enforcement statistic - annual flow of detections, NOT a stock. Dataset migr_eipre, dimensions freq=A citizen=TOTAL reason=TOTAL apprehen=TOTAL sex=T age=TOTAL unit=PER. Rounded to nearest 5 by Eurostat.",,,0.6686404489421904,,A,,A,,,,,,A,,,,,,,,,,,,,,,,,,,,,,,,,,,,
Finland,FIN,FI,246,1,1,2013,5438972,A,"World Bank, World Development Indicators (SP.POP.TOTL), sourced from UN World Population Prospects and national statistical offices",https://api.worldbank.org/v2/country/all/indicator/SP.POP.TOTL,5439053,-0.0014892298346789,279743.0,0.0514330649247688,1 January,Eurostat [migr_pop3ctb],https://ec.europa.eu/eurostat/api/dissemination/statistics/1.0/data/migr_pop3ctb?format=JSON&lang=EN&geo=FI&age=TOTAL&sex=T&unit=NR&c_birth=FOR&sinceTimePeriod=2010&untilTimePeriod=2022,stock at 1 Jan; c_birth=FOR (born in a foreign country),194250.0,0.0357144695725589,1 January,Eurostat [migr_pop1ctz],https://ec.europa.eu/eurostat/api/dissemination/statistics/1.0/data/migr_pop1ctz?format=JSON&lang=EN&geo=FI&age=TOTAL&sex=T&unit=NR&citizen=FOR_STLS&sinceTimePeriod=2010&untilTimePeriod=2022,stock at 1 Jan; citizen=FOR_STLS (foreign citizens incl. stateless),,,,,,,,,,,,,3365.0,Full calendar year (flow),"Eurostat, Third country nationals found to be illegally present (migr_eipre)",https://ec.europa.eu/eurostat/databrowser/view/migr_eipre/default/table,"Eurostat enforcement statistic - annual flow of detections, NOT a stock. Dataset migr_eipre, dimensions freq=A citizen=TOTAL reason=TOTAL apprehen=TOTAL sex=T age=TOTAL unit=PER. Rounded to nearest 5 by Eurostat.",,,0.6186830893779192,,A,,A,,,,,,A,,,,,,,,,,,,,,,,,,,,,,,,,,,,
Finland,FIN,FI,246,1,1,2014,5461512,A,"World Bank, World Development Indicators (SP.POP.TOTL), sourced from UN World Population Prospects and national statistical offices",https://api.worldbank.org/v2/country/all/indicator/SP.POP.TOTL,5461684,-0.0031492118548052,297812.0,0.0545292219443992,1 January,Eurostat [migr_pop3ctb],https://ec.europa.eu/eurostat/api/dissemination/statistics/1.0/data/migr_pop3ctb?format=JSON&lang=EN&geo=FI&age=TOTAL&sex=T&unit=NR&c_birth=FOR&sinceTimePeriod=2010&untilTimePeriod=2022,stock at 1 Jan; c_birth=FOR (born in a foreign country),206168.0,0.0377492533203259,1 January,Eurostat [migr_pop1ctz],https://ec.europa.eu/eurostat/api/dissemination/statistics/1.0/data/migr_pop1ctz?format=JSON&lang=EN&geo=FI&age=TOTAL&sex=T&unit=NR&citizen=FOR_STLS&sinceTimePeriod=2010&untilTimePeriod=2022,stock at 1 Jan; citizen=FOR_STLS (foreign citizens incl. stateless),,,,,,,,,,,,,2930.0,Full calendar year (flow),"Eurostat, Third country nationals found to be illegally present (migr_eipre)",https://ec.europa.eu/eurostat/databrowser/view/migr_eipre/default/table,"Eurostat enforcement statistic - annual flow of detections, NOT a stock. Dataset migr_eipre, dimensions freq=A citizen=TOTAL reason=TOTAL apprehen=TOTAL sex=T age=TOTAL unit=PER. Rounded to nearest 5 by Eurostat.",,,0.5364814725299514,,A,,A,,,,,,A,,,,,,,,,,,,,,,,,,,,,,,,,,,,
Finland,FIN,FI,246,1,1,2015,5479531,A,"World Bank, World Development Indicators (SP.POP.TOTL), sourced from UN World Population Prospects and national statistical offices",https://api.worldbank.org/v2/country/all/indicator/SP.POP.TOTL,5479717,-0.0033943358753745,314856.0,0.0574603921394002,1 January,Eurostat [migr_pop3ctb],https://ec.europa.eu/eurostat/api/dissemination/statistics/1.0/data/migr_pop3ctb?format=JSON&lang=EN&geo=FI&age=TOTAL&sex=T&unit=NR&c_birth=FOR&sinceTimePeriod=2010&untilTimePeriod=2022,stock at 1 Jan; c_birth=FOR (born in a foreign country),218215.0,0.0398236637405646,1 January,Eurostat [migr_pop1ctz],https://ec.europa.eu/eurostat/api/dissemination/statistics/1.0/data/migr_pop1ctz?format=JSON&lang=EN&geo=FI&age=TOTAL&sex=T&unit=NR&citizen=FOR_STLS&sinceTimePeriod=2010&untilTimePeriod=2022,stock at 1 Jan; citizen=FOR_STLS (foreign citizens incl. stateless),,,,,,,,,,,,,14285.0,Full calendar year (flow),"Eurostat, Third country nationals found to be illegally present (migr_eipre)",https://ec.europa.eu/eurostat/databrowser/view/migr_eipre/default/table,"Eurostat enforcement statistic - annual flow of detections, NOT a stock. Dataset migr_eipre, dimensions freq=A citizen=TOTAL reason=TOTAL apprehen=TOTAL sex=T age=TOTAL unit=PER. Rounded to nearest 5 by Eurostat.",,,2.606974940008552,,A,,A,,,,,,A,,,,,,,,,,,,,,,,,,,,,,,,,,,,
Finland,FIN,FI,246,1,1,2016,5495303,A,"World Bank, World Development Indicators (SP.POP.TOTL), sourced from UN World Population Prospects and national statistical offices",https://api.worldbank.org/v2/country/all/indicator/SP.POP.TOTL,5495469,-0.0030206703012973,329219.0,0.0599091624247107,1 January,Eurostat [migr_pop3ctb],https://ec.europa.eu/eurostat/api/dissemination/statistics/1.0/data/migr_pop3ctb?format=JSON&lang=EN&geo=FI&age=TOTAL&sex=T&unit=NR&c_birth=FOR&sinceTimePeriod=2010&untilTimePeriod=2022,stock at 1 Jan; c_birth=FOR (born in a foreign country),228224.0,0.0415307399792149,1 January,Eurostat [migr_pop1ctz],https://ec.europa.eu/eurostat/api/dissemination/statistics/1.0/data/migr_pop1ctz?format=JSON&lang=EN&geo=FI&age=TOTAL&sex=T&unit=NR&citizen=FOR_STLS&sinceTimePeriod=2010&untilTimePeriod=2022,stock at 1 Jan; citizen=FOR_STLS (foreign citizens incl. stateless),,,,,,,,,,,,,2130.0,Full calendar year (flow),"Eurostat, Third country nationals found to be illegally present (migr_eipre)",https://ec.europa.eu/eurostat/databrowser/view/migr_eipre/default/table,"Eurostat enforcement statistic - annual flow of detections, NOT a stock. Dataset migr_eipre, dimensions freq=A citizen=TOTAL reason=TOTAL apprehen=TOTAL sex=T age=TOTAL unit=PER. Rounded to nearest 5 by Eurostat.",,,0.387603740867428,,A,,A,,,,,,A,,,,,,,,,,,,,,,,,,,,,,,,,,,,
Finland,FIN,FI,246,1,1,2017,5508214,A,"World Bank, World Development Indicators (SP.POP.TOTL), sourced from UN World Population Prospects and national statistical offices",https://api.worldbank.org/v2/country/all/indicator/SP.POP.TOTL,5508396,-0.0033040471309615,348986.0,0.0633573786348896,1 January,Eurostat [migr_pop3ctb],https://ec.europa.eu/eurostat/api/dissemination/statistics/1.0/data/migr_pop3ctb?format=JSON&lang=EN&geo=FI&age=TOTAL&sex=T&unit=NR&c_birth=FOR&sinceTimePeriod=2010&untilTimePeriod=2022,stock at 1 Jan; c_birth=FOR (born in a foreign country),242003.0,0.0439349306326878,1 January,Eurostat [migr_pop1ctz],https://ec.europa.eu/eurostat/api/dissemination/statistics/1.0/data/migr_pop1ctz?format=JSON&lang=EN&geo=FI&age=TOTAL&sex=T&unit=NR&citizen=FOR_STLS&sinceTimePeriod=2010&untilTimePeriod=2022,stock at 1 Jan; citizen=FOR_STLS (foreign citizens incl. stateless),,,,,,,,,,,,,930.0,Full calendar year (flow),"Eurostat, Third country nationals found to be illegally present (migr_eipre)",https://ec.europa.eu/eurostat/databrowser/view/migr_eipre/default/table,"Eurostat enforcement statistic - annual flow of detections, NOT a stock. Dataset migr_eipre, dimensions freq=A citizen=TOTAL reason=TOTAL apprehen=TOTAL sex=T age=TOTAL unit=PER. Rounded to nearest 5 by Eurostat.",,,0.1688387560831877,,A,,A,,,,,,A,,,,,,,,,,,,,,,,,,,,,,,,,,,,
Finland,FIN,FI,246,1,1,2018,5515525,A,"World Bank, World Development Indicators (SP.POP.TOTL), sourced from UN World Population Prospects and national statistical offices",https://api.worldbank.org/v2/country/all/indicator/SP.POP.TOTL,5515736,-0.0038254187655101,363717.0,0.0659442210850281,1 January,Eurostat [migr_pop3ctb],https://ec.europa.eu/eurostat/api/dissemination/statistics/1.0/data/migr_pop3ctb?format=JSON&lang=EN&geo=FI&age=TOTAL&sex=T&unit=NR&c_birth=FOR&sinceTimePeriod=2010&untilTimePeriod=2022,stock at 1 Jan; c_birth=FOR (born in a foreign country),247848.0,0.0449364294423468,1 January,Eurostat [migr_pop1ctz],https://ec.europa.eu/eurostat/api/dissemination/statistics/1.0/data/migr_pop1ctz?format=JSON&lang=EN&geo=FI&age=TOTAL&sex=T&unit=NR&citizen=FOR_STLS&sinceTimePeriod=2010&untilTimePeriod=2022,stock at 1 Jan; citizen=FOR_STLS (foreign citizens incl. stateless),,,,,,,,,,,,,1305.0,Full calendar year (flow),"Eurostat, Third country nationals found to be illegally present (migr_eipre)",https://ec.europa.eu/eurostat/databrowser/view/migr_eipre/default/table,"Eurostat enforcement statistic - annual flow of detections, NOT a stock. Dataset migr_eipre, dimensions freq=A citizen=TOTAL reason=TOTAL apprehen=TOTAL sex=T age=TOTAL unit=PER. Rounded to nearest 5 by Eurostat.",,,0.236604856292012,,A,,A,,,,,,A,,,,,,,,,,,,,,,,,,,,,,,,,,,,
Finland,FIN,FI,246,1,1,2019,5521606,A,"World Bank, World Development Indicators (SP.POP.TOTL), sourced from UN World Population Prospects and national statistical offices",https://api.worldbank.org/v2/country/all/indicator/SP.POP.TOTL,5521759,-0.0027708561710136,377360.0,0.0683424351538302,1 January,Eurostat [migr_pop3ctb],https://ec.europa.eu/eurostat/api/dissemination/statistics/1.0/data/migr_pop3ctb?format=JSON&lang=EN&geo=FI&age=TOTAL&sex=T&unit=NR&c_birth=FOR&sinceTimePeriod=2010&untilTimePeriod=2022,stock at 1 Jan; c_birth=FOR (born in a foreign country),256026.0,0.0463680313300152,1 January,Eurostat [migr_pop1ctz],https://ec.europa.eu/eurostat/api/dissemination/statistics/1.0/data/migr_pop1ctz?format=JSON&lang=EN&geo=FI&age=TOTAL&sex=T&unit=NR&citizen=FOR_STLS&sinceTimePeriod=2010&untilTimePeriod=2022,stock at 1 Jan; citizen=FOR_STLS (foreign citizens incl. stateless),,,,,,,,,,,,,1220.0,Full calendar year (flow),"Eurostat, Third country nationals found to be illegally present (migr_eipre)",https://ec.europa.eu/eurostat/databrowser/view/migr_eipre/default/table,"Eurostat enforcement statistic - annual flow of detections, NOT a stock. Dataset migr_eipre, dimensions freq=A citizen=TOTAL reason=TOTAL apprehen=TOTAL sex=T age=TOTAL unit=PER. Rounded to nearest 5 by Eurostat.",,,0.2209502090514969,,A,,A,,,,,,A,,,,,,,,,,,,,,,,,,,,,,,,,,,,
Finland,FIN,FI,246,1,1,2020,5529543,A,"World Bank, World Development Indicators (SP.POP.TOTL), sourced from UN World Population Prospects and national statistical offices",https://api.worldbank.org/v2/country/all/indicator/SP.POP.TOTL,5529612,-0.0012478271531528,393555.0,0.0711731511989327,1 January,Eurostat [migr_pop3ctb],https://ec.europa.eu/eurostat/api/dissemination/statistics/1.0/data/migr_pop3ctb?format=JSON&lang=EN&geo=FI&age=TOTAL&sex=T&unit=NR&c_birth=FOR&sinceTimePeriod=2010&untilTimePeriod=2022,stock at 1 Jan; c_birth=FOR (born in a foreign country),266079.0,0.0481195281418374,1 January,Eurostat [migr_pop1ctz],https://ec.europa.eu/eurostat/api/dissemination/statistics/1.0/data/migr_pop1ctz?format=JSON&lang=EN&geo=FI&age=TOTAL&sex=T&unit=NR&citizen=FOR_STLS&sinceTimePeriod=2010&untilTimePeriod=2022,stock at 1 Jan; citizen=FOR_STLS (foreign citizens incl. stateless),,,,,,,,,,,,,1145.0,Full calendar year (flow),"Eurostat, Third country nationals found to be illegally present (migr_eipre)",https://ec.europa.eu/eurostat/databrowser/view/migr_eipre/default/table,"Eurostat enforcement statistic - annual flow of detections, NOT a stock. Dataset migr_eipre, dimensions freq=A citizen=TOTAL reason=TOTAL apprehen=TOTAL sex=T age=TOTAL unit=PER. Rounded to nearest 5 by Eurostat.",,,0.2070695534875124,,A,,A,,,,,,A,,,,,,,,,,,,,,,,,,,,,,,,,,,,
Finland,FIN,FI,246,1,1,2021,5541017,A,"World Bank, World Development Indicators (SP.POP.TOTL), sourced from UN World Population Prospects and national statistical offices",https://api.worldbank.org/v2/country/all/indicator/SP.POP.TOTL,5541075,-0.0010467282973069,408676.0,0.0737546916026426,1 January,Eurostat [migr_pop3ctb],https://ec.europa.eu/eurostat/api/dissemination/statistics/1.0/data/migr_pop3ctb?format=JSON&lang=EN&geo=FI&age=TOTAL&sex=T&unit=NR&c_birth=FOR&sinceTimePeriod=2010&untilTimePeriod=2022,stock at 1 Jan; c_birth=FOR (born in a foreign country),277217.0,0.0500299854701763,1 January,Eurostat [migr_pop1ctz],https://ec.europa.eu/eurostat/api/dissemination/statistics/1.0/data/migr_pop1ctz?format=JSON&lang=EN&geo=FI&age=TOTAL&sex=T&unit=NR&citizen=FOR_STLS&sinceTimePeriod=2010&untilTimePeriod=2022,stock at 1 Jan; citizen=FOR_STLS (foreign citizens incl. stateless),,,,,,,,,,,,,1090.0,Full calendar year (flow),"Eurostat, Third country nationals found to be illegally present (migr_eipre)",https://ec.europa.eu/eurostat/databrowser/view/migr_eipre/default/table,"Eurostat enforcement statistic - annual flow of detections, NOT a stock. Dataset migr_eipre, dimensions freq=A citizen=TOTAL reason=TOTAL apprehen=TOTAL sex=T age=TOTAL unit=PER. Rounded to nearest 5 by Eurostat.",,,0.1967147908046483,,A,,A,,,,,,A,,,,,,,,,,,,,,,,,,,,,,,,,,,,
Finland,FIN,FI,246,1,1,2022,5556106,A,"World Bank, World Development Indicators (SP.POP.TOTL), sourced from UN World Population Prospects and national statistical offices",https://api.worldbank.org/v2/country/all/indicator/SP.POP.TOTL,5569299,-0.2368879817729305,428409.0,0.0771059803394679,1 January,Eurostat [migr_pop3ctb],https://ec.europa.eu/eurostat/api/dissemination/statistics/1.0/data/migr_pop3ctb?format=JSON&lang=EN&geo=FI&age=TOTAL&sex=T&unit=NR&c_birth=FOR&sinceTimePeriod=2010&untilTimePeriod=2022,stock at 1 Jan; c_birth=FOR (born in a foreign country),294638.0,0.0530295858286361,1 January,Eurostat [migr_pop1ctz],https://ec.europa.eu/eurostat/api/dissemination/statistics/1.0/data/migr_pop1ctz?format=JSON&lang=EN&geo=FI&age=TOTAL&sex=T&unit=NR&citizen=FOR_STLS&sinceTimePeriod=2010&untilTimePeriod=2022,stock at 1 Jan; citizen=FOR_STLS (foreign citizens incl. stateless),,,,,,,,,,,,,1190.0,Full calendar year (flow),"Eurostat, Third country nationals found to be illegally present (migr_eipre)",https://ec.europa.eu/eurostat/databrowser/view/migr_eipre/default/table,"Eurostat enforcement statistic - annual flow of detections, NOT a stock. Dataset migr_eipre, dimensions freq=A citizen=TOTAL reason=TOTAL apprehen=TOTAL sex=T age=TOTAL unit=PER. Rounded to nearest 5 by Eurostat.",,,0.2141787791665601,,A,,A,,,,,,A,,,,,,,,,,,,,,,,,,,,,,,,,,,,
France,FRA,FR,250,1,1,2010,65026211,A,"World Bank, World Development Indicators (SP.POP.TOTL), sourced from UN World Population Prospects and national statistical offices",https://api.worldbank.org/v2/country/all/indicator/SP.POP.TOTL,63417363,2.536920369899329,7309986.0,0.1124159917606148,1 January,Eurostat [migr_pop3ctb],https://ec.europa.eu/eurostat/api/dissemination/statistics/1.0/data/migr_pop3ctb?format=JSON&lang=EN&geo=FR&age=TOTAL&sex=T&unit=NR&c_birth=FOR&sinceTimePeriod=2010&untilTimePeriod=2022,stock at 1 Jan; c_birth=FOR (born in a foreign country),3824590.0,0.058816128776133,1 January,Eurostat [migr_pop1ctz],https://ec.europa.eu/eurostat/api/dissemination/statistics/1.0/data/migr_pop1ctz?format=JSON&lang=EN&geo=FR&age=TOTAL&sex=T&unit=NR&citizen=FOR_STLS&sinceTimePeriod=2010&untilTimePeriod=2022,stock at 1 Jan; citizen=FOR_STLS (foreign citizens incl. stateless),,,,,,,,,,,,,56220.0,Full calendar year (flow),"Eurostat, Third country nationals found to be illegally present (migr_eipre)",https://ec.europa.eu/eurostat/databrowser/view/migr_eipre/default/table,"Eurostat enforcement statistic - annual flow of detections, NOT a stock. Dataset migr_eipre, dimensions freq=A citizen=TOTAL reason=TOTAL apprehen=TOTAL sex=T age=TOTAL unit=PER. Rounded to nearest 5 by Eurostat.",,,0.8645744406051892,,A,,A,,,,,,A,,,,,,,,,,,,,,,,,,,,,,,,,,,,
France,FRA,FR,250,1,1,2011,65340830,A,"World Bank, World Development Indicators (SP.POP.TOTL), sourced from UN World Population Prospects and national statistical offices",https://api.worldbank.org/v2/country/all/indicator/SP.POP.TOTL,63733777,2.521509120666111,7335966.0,0.1122723112026584,1 January,Eurostat [migr_pop3ctb],https://ec.europa.eu/eurostat/api/dissemination/statistics/1.0/data/migr_pop3ctb?format=JSON&lang=EN&geo=FR&age=TOTAL&sex=T&unit=NR&c_birth=FOR&sinceTimePeriod=2010&untilTimePeriod=2022,stock at 1 Jan; c_birth=FOR (born in a foreign country),3875096.0,0.0593058888293889,1 January,Eurostat [migr_pop1ctz],https://ec.europa.eu/eurostat/api/dissemination/statistics/1.0/data/migr_pop1ctz?format=JSON&lang=EN&geo=FR&age=TOTAL&sex=T&unit=NR&citizen=FOR_STLS&sinceTimePeriod=2010&untilTimePeriod=2022,stock at 1 Jan; citizen=FOR_STLS (foreign citizens incl. stateless),,,,,,,,,,,,,57975.0,Full calendar year (flow),"Eurostat, Third country nationals found to be illegally present (migr_eipre)",https://ec.europa.eu/eurostat/databrowser/view/migr_eipre/default/table,"Eurostat enforcement statistic - annual flow of detections, NOT a stock. Dataset migr_eipre, dimensions freq=A citizen=TOTAL reason=TOTAL apprehen=TOTAL sex=T age=TOTAL unit=PER. Rounded to nearest 5 by Eurostat.",,,0.8872706392006346,,A,,A,,,,,,A,,,,,,,,,,,,,,,,,,,,,,,,,,,,
France,FRA,FR,250,1,1,2012,65657659,A,"World Bank, World Development Indicators (SP.POP.TOTL), sourced from UN World Population Prospects and national statistical offices",https://api.worldbank.org/v2/country/all/indicator/SP.POP.TOTL,64058465,2.496460069719123,7463157.0,0.1136677291525121,1 January,Eurostat [migr_pop3ctb],https://ec.europa.eu/eurostat/api/dissemination/statistics/1.0/data/migr_pop3ctb?format=JSON&lang=EN&geo=FR&age=TOTAL&sex=T&unit=NR&c_birth=FOR&sinceTimePeriod=2010&untilTimePeriod=2022,stock at 1 Jan; c_birth=FOR (born in a foreign country),3944725.0,0.0600801956706985,1 January,Eurostat [migr_pop1ctz],https://ec.europa.eu/eurostat/api/dissemination/statistics/1.0/data/migr_pop1ctz?format=JSON&lang=EN&geo=FR&age=TOTAL&sex=T&unit=NR&citizen=FOR_STLS&sinceTimePeriod=2010&untilTimePeriod=2022,stock at 1 Jan; citizen=FOR_STLS (foreign citizens incl. stateless),,,,,,,,,,,,,49760.0,Full calendar year (flow),"Eurostat, Third country nationals found to be illegally present (migr_eipre)",https://ec.europa.eu/eurostat/databrowser/view/migr_eipre/default/table,"Eurostat enforcement statistic - annual flow of detections, NOT a stock. Dataset migr_eipre, dimensions freq=A citizen=TOTAL reason=TOTAL apprehen=TOTAL sex=T age=TOTAL unit=PER. Rounded to nearest 5 by Eurostat.",,,0.7578704565144486,,A,,A,,,,,,A,,,,,,,,,,,,,,,,,,,,,,,,,,,,
France,FRA,FR,250,1,1,2013,65997932,A,"World Bank, World Development Indicators (SP.POP.TOTL), sourced from UN World Population Prospects and national statistical offices",https://api.worldbank.org/v2/country/all/indicator/SP.POP.TOTL,64387734,2.500783767293317,7543950.0,0.1143058543107077,1 January,Eurostat [migr_pop3ctb],https://ec.europa.eu/eurostat/api/dissemination/statistics/1.0/data/migr_pop3ctb?format=JSON&lang=EN&geo=FR&age=TOTAL&sex=T&unit=NR&c_birth=FOR&sinceTimePeriod=2010&untilTimePeriod=2022,stock at 1 Jan; c_birth=FOR (born in a foreign country),4092106.0,0.0620035488384696,1 January,Eurostat [migr_pop1ctz],https://ec.europa.eu/eurostat/api/dissemination/statistics/1.0/data/migr_pop1ctz?format=JSON&lang=EN&geo=FR&age=TOTAL&sex=T&unit=NR&citizen=FOR_STLS&sinceTimePeriod=2010&untilTimePeriod=2022,stock at 1 Jan; citizen=FOR_STLS (foreign citizens incl. stateless),,,,,,,,,,,,,48965.0,Full calendar year (flow),"Eurostat, Third country nationals found to be illegally present (migr_eipre)",https://ec.europa.eu/eurostat/databrowser/view/migr_eipre/default/table,"Eurostat enforcement statistic - annual flow of detections, NOT a stock. Dataset migr_eipre, dimensions freq=A citizen=TOTAL reason=TOTAL apprehen=TOTAL sex=T age=TOTAL unit=PER. Rounded to nearest 5 by Eurostat.",,,0.7419171861324382,,A,,A,,,,,,A,,,,,,,,,,,,,,,,,,,,,,,,,,,,
France,FRA,FR,250,1,1,2014,66312067,A,"World Bank, World Development Indicators (SP.POP.TOTL), sourced from UN World Population Prospects and national statistical offices",https://api.worldbank.org/v2/country/all/indicator/SP.POP.TOTL,64692493,2.503496039331797,7746520.0,0.1168191605307673,1 January,Eurostat [migr_pop3ctb],https://ec.europa.eu/eurostat/api/dissemination/statistics/1.0/data/migr_pop3ctb?format=JSON&lang=EN&geo=FR&age=TOTAL&sex=T&unit=NR&c_birth=FOR&sinceTimePeriod=2010&untilTimePeriod=2022,stock at 1 Jan; c_birth=FOR (born in a foreign country),4227226.0,0.0637474624339488,1 January,Eurostat [migr_pop1ctz],https://ec.europa.eu/eurostat/api/dissemination/statistics/1.0/data/migr_pop1ctz?format=JSON&lang=EN&geo=FR&age=TOTAL&sex=T&unit=NR&citizen=FOR_STLS&sinceTimePeriod=2010&untilTimePeriod=2022,stock at 1 Jan; citizen=FOR_STLS (foreign citizens incl. stateless),250000.0,0.0037700528924848,See note,"Pew Research Center (2019), Europe's Unauthorized Immigrant Population Peaks in 2016, Then Levels Off — Appendix B, unauthorized immigrant population trends with waiting asylum seekers, by country",https://www.pewresearch.org/global/2019/11/13/eu-unauthorized-immigrants-appendix-b-unauthorized-immigrant-population-trends-with-waiting-asylum-seekers-by-country/,"Pew publishes a RANGE, not a point estimate. This cell is the midpoint of the published 200,000–300,000 range in Appendix B. Use the range, not the midpoint, for any claim about level.",1.0,,,,,,96375.0,Full calendar year (flow),"Eurostat, Third country nationals found to be illegally present (migr_eipre)",https://ec.europa.eu/eurostat/databrowser/view/migr_eipre/default/table,"Eurostat enforcement statistic - annual flow of detections, NOT a stock. Dataset migr_eipre, dimensions freq=A citizen=TOTAL reason=TOTAL apprehen=TOTAL sex=T age=TOTAL unit=PER. Rounded to nearest 5 by Eurostat.",,,1.453355390052915,,A,,A,,C,Published range read from the archived Appendix B table.,,,A,,,,,,,,,,,,,,,,yes,midpoint of the published range,"200,000–300,000 (Pew Appendix B, thousands)",,,,,,,,,,
France,FRA,FR,250,1,1,2015,66548272,A,"World Bank, World Development Indicators (SP.POP.TOTL), sourced from UN World Population Prospects and national statistical offices",https://api.worldbank.org/v2/country/all/indicator/SP.POP.TOTL,64916336,2.513906514994931,7915838.0,0.1189488135770076,1 January,Eurostat [migr_pop3ctb],https://ec.europa.eu/eurostat/api/dissemination/statistics/1.0/data/migr_pop3ctb?format=JSON&lang=EN&geo=FR&age=TOTAL&sex=T&unit=NR&c_birth=FOR&sinceTimePeriod=2010&untilTimePeriod=2022,stock at 1 Jan; c_birth=FOR (born in a foreign country),4431376.0,0.0665888965531667,1 January,Eurostat [migr_pop1ctz],https://ec.europa.eu/eurostat/api/dissemination/statistics/1.0/data/migr_pop1ctz?format=JSON&lang=EN&geo=FR&age=TOTAL&sex=T&unit=NR&citizen=FOR_STLS&sinceTimePeriod=2010&untilTimePeriod=2022,stock at 1 Jan; citizen=FOR_STLS (foreign citizens incl. stateless),250000.0,0.0037566715481357,See note,"Pew Research Center (2019), Europe's Unauthorized Immigrant Population Peaks in 2016, Then Levels Off — Appendix B, unauthorized immigrant population trends with waiting asylum seekers, by country",https://www.pewresearch.org/global/2019/11/13/eu-unauthorized-immigrants-appendix-b-unauthorized-immigrant-population-trends-with-waiting-asylum-seekers-by-country/,"Pew publishes a RANGE, not a point estimate. This cell is the midpoint of the published 200,000–300,000 range in Appendix B. Use the range, not the midpoint, for any claim about level.",1.0,,,,,,109720.0,Full calendar year (flow),"Eurostat, Third country nationals found to be illegally present (migr_eipre)",https://ec.europa.eu/eurostat/databrowser/view/migr_eipre/default/table,"Eurostat enforcement statistic - annual flow of detections, NOT a stock. Dataset migr_eipre, dimensions freq=A citizen=TOTAL reason=TOTAL apprehen=TOTAL sex=T age=TOTAL unit=PER. Rounded to nearest 5 by Eurostat.",,,1.648728009045825,,A,,A,,C,Published range read from the archived Appendix B table.,,,A,,,,,,,,,,,,,,,,yes,midpoint of the published range,"200,000–300,000 (Pew Appendix B, thousands)",,,,,,,,,,
France,FRA,FR,250,1,1,2016,66724104,A,"World Bank, World Development Indicators (SP.POP.TOTL), sourced from UN World Population Prospects and national statistical offices",https://api.worldbank.org/v2/country/all/indicator/SP.POP.TOTL,65086855,2.515483349134015,8028227.0,0.1203197423228043,1 January,Eurostat [migr_pop3ctb],https://ec.europa.eu/eurostat/api/dissemination/statistics/1.0/data/migr_pop3ctb?format=JSON&lang=EN&geo=FR&age=TOTAL&sex=T&unit=NR&c_birth=FOR&sinceTimePeriod=2010&untilTimePeriod=2022,stock at 1 Jan; c_birth=FOR (born in a foreign country),4544793.0,0.068113211381602,1 January,Eurostat [migr_pop1ctz],https://ec.europa.eu/eurostat/api/dissemination/statistics/1.0/data/migr_pop1ctz?format=JSON&lang=EN&geo=FR&age=TOTAL&sex=T&unit=NR&citizen=FOR_STLS&sinceTimePeriod=2010&untilTimePeriod=2022,stock at 1 Jan; citizen=FOR_STLS (foreign citizens incl. stateless),350000.0,0.0052454807036449,See note,"Pew Research Center (2019), Europe's Unauthorized Immigrant Population Peaks in 2016, Then Levels Off — Appendix B, unauthorized immigrant population trends with waiting asylum seekers, by country",https://www.pewresearch.org/global/2019/11/13/eu-unauthorized-immigrants-appendix-b-unauthorized-immigrant-population-trends-with-waiting-asylum-seekers-by-country/,"Pew publishes a RANGE, not a point estimate. This cell is the midpoint of the published 300,000–400,000 range in Appendix B. Use the range, not the midpoint, for any claim about level.",1.0,,,,,,91985.0,Full calendar year (flow),"Eurostat, Third country nationals found to be illegally present (migr_eipre)",https://ec.europa.eu/eurostat/databrowser/view/migr_eipre/default/table,"Eurostat enforcement statistic - annual flow of detections, NOT a stock. Dataset migr_eipre, dimensions freq=A citizen=TOTAL reason=TOTAL apprehen=TOTAL sex=T age=TOTAL unit=PER. Rounded to nearest 5 by Eurostat.",,,1.378587264356521,,A,,A,,C,Published range read from the archived Appendix B table.,,,A,,,,,,,,,,,,,,,,yes,midpoint of the published range,"300,000–400,000 (Pew Appendix B, thousands)",,,,,,,,,,
France,FRA,FR,250,1,1,2017,66918020,A,"World Bank, World Development Indicators (SP.POP.TOTL), sourced from UN World Population Prospects and national statistical offices",https://api.worldbank.org/v2/country/all/indicator/SP.POP.TOTL,65284776,2.501722606814183,8098872.0,0.121026772758668,1 January,Eurostat [migr_pop3ctb],https://ec.europa.eu/eurostat/api/dissemination/statistics/1.0/data/migr_pop3ctb?format=JSON&lang=EN&geo=FR&age=TOTAL&sex=T&unit=NR&c_birth=FOR&sinceTimePeriod=2010&untilTimePeriod=2022,stock at 1 Jan; c_birth=FOR (born in a foreign country),4605669.0,0.0688255420587758,1 January,Eurostat [migr_pop1ctz],https://ec.europa.eu/eurostat/api/dissemination/statistics/1.0/data/migr_pop1ctz?format=JSON&lang=EN&geo=FR&age=TOTAL&sex=T&unit=NR&citizen=FOR_STLS&sinceTimePeriod=2010&untilTimePeriod=2022,stock at 1 Jan; citizen=FOR_STLS (foreign citizens incl. stateless),350000.0,0.0052302802742818,See note,"Pew Research Center (2019), Europe's Unauthorized Immigrant Population Peaks in 2016, Then Levels Off — Appendix B, unauthorized immigrant population trends with waiting asylum seekers, by country",https://www.pewresearch.org/global/2019/11/13/eu-unauthorized-immigrants-appendix-b-unauthorized-immigrant-population-trends-with-waiting-asylum-seekers-by-country/,"Pew publishes a RANGE, not a point estimate. This cell is the midpoint of the published 300,000–400,000 range in Appendix B. Use the range, not the midpoint, for any claim about level.",1.0,,,,,,115085.0,Full calendar year (flow),"Eurostat, Third country nationals found to be illegally present (migr_eipre)",https://ec.europa.eu/eurostat/databrowser/view/migr_eipre/default/table,"Eurostat enforcement statistic - annual flow of detections, NOT a stock. Dataset migr_eipre, dimensions freq=A citizen=TOTAL reason=TOTAL apprehen=TOTAL sex=T age=TOTAL unit=PER. Rounded to nearest 5 by Eurostat.",,,1.719790872473513,,A,,A,,C,Published range read from the archived Appendix B table.,,,A,,,,,,,,,,,,,,,,yes,midpoint of the published range,"300,000–400,000 (Pew Appendix B, thousands)",,,,,,,,,,
France,FRA,FR,250,1,1,2018,67158348,A,"World Bank, World Development Indicators (SP.POP.TOTL), sourced from UN World Population Prospects and national statistical offices",https://api.worldbank.org/v2/country/all/indicator/SP.POP.TOTL,65519543,2.50124607859368,8199663.0,0.1220944714125487,1 January,Eurostat [migr_pop3ctb],https://ec.europa.eu/eurostat/api/dissemination/statistics/1.0/data/migr_pop3ctb?format=JSON&lang=EN&geo=FR&age=TOTAL&sex=T&unit=NR&c_birth=FOR&sinceTimePeriod=2010&untilTimePeriod=2022,stock at 1 Jan; c_birth=FOR (born in a foreign country),4950717.0,0.0737170753515259,1 January,Eurostat [migr_pop1ctz],https://ec.europa.eu/eurostat/api/dissemination/statistics/1.0/data/migr_pop1ctz?format=JSON&lang=EN&geo=FR&age=TOTAL&sex=T&unit=NR&citizen=FOR_STLS&sinceTimePeriod=2010&untilTimePeriod=2022,stock at 1 Jan; citizen=FOR_STLS (foreign citizens incl. stateless),,,,,,,,,,,,,105880.0,Full calendar year (flow),"Eurostat, Third country nationals found to be illegally present (migr_eipre)",https://ec.europa.eu/eurostat/databrowser/view/migr_eipre/default/table,"Eurostat enforcement statistic - annual flow of detections, NOT a stock. Dataset migr_eipre, dimensions freq=A citizen=TOTAL reason=TOTAL apprehen=TOTAL sex=T age=TOTAL unit=PER. Rounded to nearest 5 by Eurostat.",,,1.576572431471959,,A,,A,,,,,,A,,,,,,,,,,,,,,,,,,,,,,,,,,,,
France,FRA,FR,250,1,1,2019,67382061,A,"World Bank, World Development Indicators (SP.POP.TOTL), sourced from UN World Population Prospects and national statistical offices",https://api.worldbank.org/v2/country/all/indicator/SP.POP.TOTL,65729459,2.514248595899747,8368280.0,0.1241915114469413,1 January,Eurostat [migr_pop3ctb],https://ec.europa.eu/eurostat/api/dissemination/statistics/1.0/data/migr_pop3ctb?format=JSON&lang=EN&geo=FR&age=TOTAL&sex=T&unit=NR&c_birth=FOR&sinceTimePeriod=2010&untilTimePeriod=2022,stock at 1 Jan; c_birth=FOR (born in a foreign country),5042171.0,0.074829575189159,1 January,Eurostat [migr_pop1ctz],https://ec.europa.eu/eurostat/api/dissemination/statistics/1.0/data/migr_pop1ctz?format=JSON&lang=EN&geo=FR&age=TOTAL&sex=T&unit=NR&citizen=FOR_STLS&sinceTimePeriod=2010&untilTimePeriod=2022,stock at 1 Jan; citizen=FOR_STLS (foreign citizens incl. stateless),,,,,,,,,,,,,120455.0,Full calendar year (flow),"Eurostat, Third country nationals found to be illegally present (migr_eipre)",https://ec.europa.eu/eurostat/databrowser/view/migr_eipre/default/table,"Eurostat enforcement statistic - annual flow of detections, NOT a stock. Dataset migr_eipre, dimensions freq=A citizen=TOTAL reason=TOTAL apprehen=TOTAL sex=T age=TOTAL unit=PER. Rounded to nearest 5 by Eurostat.",,,1.787641966012289,,A,,A,,,,,,A,,,,,,,,,,,,,,,,,,,,,,,,,,,,
France,FRA,FR,250,1,1,2020,67601110,A,"World Bank, World Development Indicators (SP.POP.TOTL), sourced from UN World Population Prospects and national statistical offices",https://api.worldbank.org/v2/country/all/indicator/SP.POP.TOTL,65905277,2.573136897672094,8473346.0,0.1253432968778175,1 January,Eurostat [migr_pop3ctb],https://ec.europa.eu/eurostat/api/dissemination/statistics/1.0/data/migr_pop3ctb?format=JSON&lang=EN&geo=FR&age=TOTAL&sex=T&unit=NR&c_birth=FOR&sinceTimePeriod=2010&untilTimePeriod=2022,stock at 1 Jan; c_birth=FOR (born in a foreign country),5173605.0,0.0765313616891793,1 January,Eurostat [migr_pop1ctz],https://ec.europa.eu/eurostat/api/dissemination/statistics/1.0/data/migr_pop1ctz?format=JSON&lang=EN&geo=FR&age=TOTAL&sex=T&unit=NR&citizen=FOR_STLS&sinceTimePeriod=2010&untilTimePeriod=2022,stock at 1 Jan; citizen=FOR_STLS (foreign citizens incl. stateless),,,,,,,,,,,,,103915.0,Full calendar year (flow),"Eurostat, Third country nationals found to be illegally present (migr_eipre)",https://ec.europa.eu/eurostat/databrowser/view/migr_eipre/default/table,"Eurostat enforcement statistic - annual flow of detections, NOT a stock. Dataset migr_eipre, dimensions freq=A citizen=TOTAL reason=TOTAL apprehen=TOTAL sex=T age=TOTAL unit=PER. Rounded to nearest 5 by Eurostat.",,,1.537178901352359,,A,,A,,,,,,A,,,,,,,,,,,,,,,,,,,,,,,,,,,,
France,FRA,FR,250,1,1,2021,67842811,A,"World Bank, World Development Indicators (SP.POP.TOTL), sourced from UN World Population Prospects and national statistical offices",https://api.worldbank.org/v2/country/all/indicator/SP.POP.TOTL,66083548,2.662180002804934,8548924.0,0.1260107574257204,1 January,Eurostat [migr_pop3ctb],https://ec.europa.eu/eurostat/api/dissemination/statistics/1.0/data/migr_pop3ctb?format=JSON&lang=EN&geo=FR&age=TOTAL&sex=T&unit=NR&c_birth=FOR&sinceTimePeriod=2010&untilTimePeriod=2022,stock at 1 Jan; c_birth=FOR (born in a foreign country),5302510.0,0.0781587602553791,1 January,Eurostat [migr_pop1ctz],https://ec.europa.eu/eurostat/api/dissemination/statistics/1.0/data/migr_pop1ctz?format=JSON&lang=EN&geo=FR&age=TOTAL&sex=T&unit=NR&citizen=FOR_STLS&sinceTimePeriod=2010&untilTimePeriod=2022,stock at 1 Jan; citizen=FOR_STLS (foreign citizens incl. stateless),,,,,,,,,,,,,117265.0,Full calendar year (flow),"Eurostat, Third country nationals found to be illegally present (migr_eipre)",https://ec.europa.eu/eurostat/databrowser/view/migr_eipre/default/table,"Eurostat enforcement statistic - annual flow of detections, NOT a stock. Dataset migr_eipre, dimensions freq=A citizen=TOTAL reason=TOTAL apprehen=TOTAL sex=T age=TOTAL unit=PER. Rounded to nearest 5 by Eurostat.",,,1.728480855547097,,A,,A,,,,,,A,,,,,,,,,,,,,,,,,,,,,,,,,,,,
France,FRA,FR,250,1,1,2022,68184457,A,"World Bank, World Development Indicators (SP.POP.TOTL), sourced from UN World Population Prospects and national statistical offices",https://api.worldbank.org/v2/country/all/indicator/SP.POP.TOTL,66277409,2.877372590108343,8635504.0,0.1266491570065594,1 January,Eurostat [migr_pop3ctb],https://ec.europa.eu/eurostat/api/dissemination/statistics/1.0/data/migr_pop3ctb?format=JSON&lang=EN&geo=FR&age=TOTAL&sex=T&unit=NR&c_birth=FOR&sinceTimePeriod=2010&untilTimePeriod=2022,stock at 1 Jan; c_birth=FOR (born in a foreign country),5458039.0,0.0800481405901641,1 January,Eurostat [migr_pop1ctz],https://ec.europa.eu/eurostat/api/dissemination/statistics/1.0/data/migr_pop1ctz?format=JSON&lang=EN&geo=FR&age=TOTAL&sex=T&unit=NR&citizen=FOR_STLS&sinceTimePeriod=2010&untilTimePeriod=2022,stock at 1 Jan; citizen=FOR_STLS (foreign citizens incl. stateless),,,,,,,,,,,,,115135.0,Full calendar year (flow),"Eurostat, Third country nationals found to be illegally present (migr_eipre)",https://ec.europa.eu/eurostat/databrowser/view/migr_eipre/default/table,"Eurostat enforcement statistic - annual flow of detections, NOT a stock. Dataset migr_eipre, dimensions freq=A citizen=TOTAL reason=TOTAL apprehen=TOTAL sex=T age=TOTAL unit=PER. Rounded to nearest 5 by Eurostat.",,,1.688581314066929,,A,,A,,,,,,A,,,,,,,,,,,,,,,,,,,,,,,,,,,,
Germany,DEU,DE,276,1,1,2010,81776930,A,"World Bank, World Development Indicators (SP.POP.TOTL), sourced from UN World Population Prospects and national statistical offices",https://api.worldbank.org/v2/country/all/indicator/SP.POP.TOTL,80830924,1.170351584747441,9812263.0,0.1199881555837324,1 January,Eurostat [migr_pop3ctb],https://ec.europa.eu/eurostat/api/dissemination/statistics/1.0/data/migr_pop3ctb?format=JSON&lang=EN&geo=DE&age=TOTAL&sex=T&unit=NR&c_birth=FOR&sinceTimePeriod=2010&untilTimePeriod=2022,stock at 1 Jan; c_birth=FOR (born in a foreign country),7130919.0,0.0871996417571557,1 January,Eurostat [migr_pop1ctz],https://ec.europa.eu/eurostat/api/dissemination/statistics/1.0/data/migr_pop1ctz?format=JSON&lang=EN&geo=DE&age=TOTAL&sex=T&unit=NR&citizen=FOR_STLS&sinceTimePeriod=2010&untilTimePeriod=2022,stock at 1 Jan; citizen=FOR_STLS (foreign citizens incl. stateless),,,,,,,,,,,,,50250.0,Full calendar year (flow),"Eurostat, Third country nationals found to be illegally present (migr_eipre)",https://ec.europa.eu/eurostat/databrowser/view/migr_eipre/default/table,"Eurostat enforcement statistic - annual flow of detections, NOT a stock. Dataset migr_eipre, dimensions freq=A citizen=TOTAL reason=TOTAL apprehen=TOTAL sex=T age=TOTAL unit=PER. Rounded to nearest 5 by Eurostat.",,,0.6144764788798015,,A,,A,,,,,,A,,,,,,,,,,,,,,,,,,,,,,,,,,,,
Germany,DEU,DE,276,1,1,2011,80274983,A,"World Bank, World Development Indicators (SP.POP.TOTL), sourced from UN World Population Prospects and national statistical offices",https://api.worldbank.org/v2/country/all/indicator/SP.POP.TOTL,80857874,-0.7208834108104302,8935603.0,0.1113124246940046,1 January,Eurostat [migr_pop3ctb],https://ec.europa.eu/eurostat/api/dissemination/statistics/1.0/data/migr_pop3ctb?format=JSON&lang=EN&geo=DE&age=TOTAL&sex=T&unit=NR&c_birth=FOR&sinceTimePeriod=2010&untilTimePeriod=2022,stock at 1 Jan; c_birth=FOR (born in a foreign country); apparent break in series (population census re-basing),6107216.0,0.0760786956504245,1 January,Eurostat [migr_pop1ctz],https://ec.europa.eu/eurostat/api/dissemination/statistics/1.0/data/migr_pop1ctz?format=JSON&lang=EN&geo=DE&age=TOTAL&sex=T&unit=NR&citizen=FOR_STLS&sinceTimePeriod=2010&untilTimePeriod=2022,stock at 1 Jan; citizen=FOR_STLS (foreign citizens incl. stateless); apparent break in series (population census re-basing),,,,,,,,,,,,,56345.0,Full calendar year (flow),"Eurostat, Third country nationals found to be illegally present (migr_eipre)",https://ec.europa.eu/eurostat/databrowser/view/migr_eipre/default/table,"Eurostat enforcement statistic - annual flow of detections, NOT a stock. Dataset migr_eipre, dimensions freq=A citizen=TOTAL reason=TOTAL apprehen=TOTAL sex=T age=TOTAL unit=PER. Rounded to nearest 5 by Eurostat.",,,0.7018998683562474,,A,,A,,,,,,A,,,,,,,,,,,,,,,,,,,,,,,,,,,,
Germany,DEU,DE,276,1,1,2012,80425823,A,"World Bank, World Development Indicators (SP.POP.TOTL), sourced from UN World Population Prospects and national statistical offices",https://api.worldbank.org/v2/country/all/indicator/SP.POP.TOTL,80916390,-0.606264070851406,9117874.0,0.1133699806839402,1 January,Eurostat [migr_pop3ctb],https://ec.europa.eu/eurostat/api/dissemination/statistics/1.0/data/migr_pop3ctb?format=JSON&lang=EN&geo=DE&age=TOTAL&sex=T&unit=NR&c_birth=FOR&sinceTimePeriod=2010&untilTimePeriod=2022,stock at 1 Jan; c_birth=FOR (born in a foreign country),6342394.0,0.0788601690777848,1 January,Eurostat [migr_pop1ctz],https://ec.europa.eu/eurostat/api/dissemination/statistics/1.0/data/migr_pop1ctz?format=JSON&lang=EN&geo=DE&age=TOTAL&sex=T&unit=NR&citizen=FOR_STLS&sinceTimePeriod=2010&untilTimePeriod=2022,stock at 1 Jan; citizen=FOR_STLS (foreign citizens incl. stateless),,,,,,,,,,,,,64815.0,Full calendar year (flow),"Eurostat, Third country nationals found to be illegally present (migr_eipre)",https://ec.europa.eu/eurostat/databrowser/view/migr_eipre/default/table,"Eurostat enforcement statistic - annual flow of detections, NOT a stock. Dataset migr_eipre, dimensions freq=A citizen=TOTAL reason=TOTAL apprehen=TOTAL sex=T age=TOTAL unit=PER. Rounded to nearest 5 by Eurostat.",,,0.8058978768548007,,A,,A,,,,,,A,,,,,,,,,,,,,,,,,,,,,,,,,,,,
Germany,DEU,DE,276,1,1,2013,80645605,A,"World Bank, World Development Indicators (SP.POP.TOTL), sourced from UN World Population Prospects and national statistical offices",https://api.worldbank.org/v2/country/all/indicator/SP.POP.TOTL,81041582,-0.4886096621361612,9456225.0,0.1172565448544902,1 January,Eurostat [migr_pop3ctb],https://ec.europa.eu/eurostat/api/dissemination/statistics/1.0/data/migr_pop3ctb?format=JSON&lang=EN&geo=DE&age=TOTAL&sex=T&unit=NR&c_birth=FOR&sinceTimePeriod=2010&untilTimePeriod=2022,stock at 1 Jan; c_birth=FOR (born in a foreign country),6643699.0,0.0823814143374583,1 January,Eurostat [migr_pop1ctz],https://ec.europa.eu/eurostat/api/dissemination/statistics/1.0/data/migr_pop1ctz?format=JSON&lang=EN&geo=DE&age=TOTAL&sex=T&unit=NR&citizen=FOR_STLS&sinceTimePeriod=2010&untilTimePeriod=2022,stock at 1 Jan; citizen=FOR_STLS (foreign citizens incl. stateless),,,,,,,,,,,,,86305.0,Full calendar year (flow),"Eurostat, Third country nationals found to be illegally present (migr_eipre)",https://ec.europa.eu/eurostat/databrowser/view/migr_eipre/default/table,"Eurostat enforcement statistic - annual flow of detections, NOT a stock. Dataset migr_eipre, dimensions freq=A citizen=TOTAL reason=TOTAL apprehen=TOTAL sex=T age=TOTAL unit=PER. Rounded to nearest 5 by Eurostat.",,,1.070176111891032,,A,,A,,,,,,A,,,,,,,,,,,,,,,,,,,,,,,,,,,,
Germany,DEU,DE,276,1,1,2014,80982500,A,"World Bank, World Development Indicators (SP.POP.TOTL), sourced from UN World Population Prospects and national statistical offices",https://api.worldbank.org/v2/country/all/indicator/SP.POP.TOTL,81376080,-0.4836556393475823,9807877.0,0.1211110672058778,1 January,Eurostat [migr_pop3ctb],https://ec.europa.eu/eurostat/api/dissemination/statistics/1.0/data/migr_pop3ctb?format=JSON&lang=EN&geo=DE&age=TOTAL&sex=T&unit=NR&c_birth=FOR&sinceTimePeriod=2010&untilTimePeriod=2022,stock at 1 Jan; c_birth=FOR (born in a foreign country),7015236.0,0.0866265674682801,1 January,Eurostat [migr_pop1ctz],https://ec.europa.eu/eurostat/api/dissemination/statistics/1.0/data/migr_pop1ctz?format=JSON&lang=EN&geo=DE&age=TOTAL&sex=T&unit=NR&citizen=FOR_STLS&sinceTimePeriod=2010&untilTimePeriod=2022,stock at 1 Jan; citizen=FOR_STLS (foreign citizens incl. stateless),550000.0,0.0067915907757848,See note,"Pew Research Center (2019), Europe's Unauthorized Immigrant Population Peaks in 2016, Then Levels Off — Appendix B, unauthorized immigrant population trends with waiting asylum seekers, by country",https://www.pewresearch.org/global/2019/11/13/eu-unauthorized-immigrants-appendix-b-unauthorized-immigrant-population-trends-with-waiting-asylum-seekers-by-country/,"Pew publishes a RANGE, not a point estimate. This cell is the midpoint of the published 500,000–600,000 range in Appendix B. Use the range, not the midpoint, for any claim about level.",2.0,,,,,,128290.0,Full calendar year (flow),"Eurostat, Third country nationals found to be illegally present (migr_eipre)",https://ec.europa.eu/eurostat/databrowser/view/migr_eipre/default/table,"Eurostat enforcement statistic - annual flow of detections, NOT a stock. Dataset migr_eipre, dimensions freq=A citizen=TOTAL reason=TOTAL apprehen=TOTAL sex=T age=TOTAL unit=PER. Rounded to nearest 5 by Eurostat.",,,1.584169419318989,,A,,A,,C,Published range read from the archived Appendix B table.,,,A,,,,,,,,,,,,,,,,yes,midpoint of the published range,"500,000–600,000 (Pew Appendix B, thousands)",,,,,,,,,,
Germany,DEU,DE,276,1,1,2015,81686611,A,"World Bank, World Development Indicators (SP.POP.TOTL), sourced from UN World Population Prospects and national statistical offices",https://api.worldbank.org/v2/country/all/indicator/SP.POP.TOTL,82077550,-0.4763044218546971,10220418.0,0.1251174197935571,1 January,Eurostat [migr_pop3ctb],https://ec.europa.eu/eurostat/api/dissemination/statistics/1.0/data/migr_pop3ctb?format=JSON&lang=EN&geo=DE&age=TOTAL&sex=T&unit=NR&c_birth=FOR&sinceTimePeriod=2010&untilTimePeriod=2022,stock at 1 Jan; c_birth=FOR (born in a foreign country),7539774.0,0.0923012217999838,1 January,Eurostat [migr_pop1ctz],https://ec.europa.eu/eurostat/api/dissemination/statistics/1.0/data/migr_pop1ctz?format=JSON&lang=EN&geo=DE&age=TOTAL&sex=T&unit=NR&citizen=FOR_STLS&sinceTimePeriod=2010&untilTimePeriod=2022,stock at 1 Jan; citizen=FOR_STLS (foreign citizens incl. stateless),900000.0,0.0110177174567812,See note,"Pew Research Center (2019), Europe's Unauthorized Immigrant Population Peaks in 2016, Then Levels Off — Appendix B, unauthorized immigrant population trends with waiting asylum seekers, by country",https://www.pewresearch.org/global/2019/11/13/eu-unauthorized-immigrants-appendix-b-unauthorized-immigrant-population-trends-with-waiting-asylum-seekers-by-country/,"Pew publishes a RANGE, not a point estimate. This cell is the midpoint of the published 600,000–1,200,000 range in Appendix B. Use the range, not the midpoint, for any claim about level.",1.0,,,,,,376435.0,Full calendar year (flow),"Eurostat, Third country nationals found to be illegally present (migr_eipre)",https://ec.europa.eu/eurostat/databrowser/view/migr_eipre/default/table,"Eurostat enforcement statistic - annual flow of detections, NOT a stock. Dataset migr_eipre, dimensions freq=A citizen=TOTAL reason=TOTAL apprehen=TOTAL sex=T age=TOTAL unit=PER. Rounded to nearest 5 by Eurostat.",,,4.608282745381615,,A,,A,,C,Published range read from the archived Appendix B table.,,,A,,,,,,,,,,,,,,,,yes,midpoint of the published range,"600,000–1,200,000 (Pew Appendix B, thousands)",,,,,,,,,,
Germany,DEU,DE,276,1,1,2016,82348669,A,"World Bank, World Development Indicators (SP.POP.TOTL), sourced from UN World Population Prospects and national statistical offices",https://api.worldbank.org/v2/country/all/indicator/SP.POP.TOTL,82760102,-0.4971393099539679,10908255.0,0.1324642539152636,1 January,Eurostat [migr_pop3ctb],https://ec.europa.eu/eurostat/api/dissemination/statistics/1.0/data/migr_pop3ctb?format=JSON&lang=EN&geo=DE&age=TOTAL&sex=T&unit=NR&c_birth=FOR&sinceTimePeriod=2010&untilTimePeriod=2022,stock at 1 Jan; c_birth=FOR (born in a foreign country),8651958.0,0.1050649403938757,1 January,Eurostat [migr_pop1ctz],https://ec.europa.eu/eurostat/api/dissemination/statistics/1.0/data/migr_pop1ctz?format=JSON&lang=EN&geo=DE&age=TOTAL&sex=T&unit=NR&citizen=FOR_STLS&sinceTimePeriod=2010&untilTimePeriod=2022,stock at 1 Jan; citizen=FOR_STLS (foreign citizens incl. stateless),1250000.0,0.0151793588794981,See note,"Pew Research Center (2019), Europe's Unauthorized Immigrant Population Peaks in 2016, Then Levels Off — Appendix B, unauthorized immigrant population trends with waiting asylum seekers, by country",https://www.pewresearch.org/global/2019/11/13/eu-unauthorized-immigrants-appendix-b-unauthorized-immigrant-population-trends-with-waiting-asylum-seekers-by-country/,"Pew publishes a RANGE, not a point estimate. This cell is the midpoint of the published 1,100,000–1,400,000 range in Appendix B. Use the range, not the midpoint, for any claim about level.",1.0,,,,,,370555.0,Full calendar year (flow),"Eurostat, Third country nationals found to be illegally present (migr_eipre)",https://ec.europa.eu/eurostat/databrowser/view/migr_eipre/default/table,"Eurostat enforcement statistic - annual flow of detections, NOT a stock. Dataset migr_eipre, dimensions freq=A citizen=TOTAL reason=TOTAL apprehen=TOTAL sex=T age=TOTAL unit=PER. Rounded to nearest 5 by Eurostat.",,,4.499829863673935,,A,,A,,C,Published range read from the archived Appendix B table.,,,A,,,,,,,,,,,,,,,,yes,midpoint of the published range,"1,100,000–1,400,000 (Pew Appendix B, thousands)",,,,,,,,,,
Germany,DEU,DE,276,1,1,2017,82657002,A,"World Bank, World Development Indicators (SP.POP.TOTL), sourced from UN World Population Prospects and national statistical offices",https://api.worldbank.org/v2/country/all/indicator/SP.POP.TOTL,83104007,-0.5378862176886369,12105436.0,0.146453847914784,1 January,Eurostat [migr_pop3ctb],https://ec.europa.eu/eurostat/api/dissemination/statistics/1.0/data/migr_pop3ctb?format=JSON&lang=EN&geo=DE&age=TOTAL&sex=T&unit=NR&c_birth=FOR&sinceTimePeriod=2010&untilTimePeriod=2022,stock at 1 Jan; c_birth=FOR (born in a foreign country),9219989.0,0.1115451658892733,1 January,Eurostat [migr_pop1ctz],https://ec.europa.eu/eurostat/api/dissemination/statistics/1.0/data/migr_pop1ctz?format=JSON&lang=EN&geo=DE&age=TOTAL&sex=T&unit=NR&citizen=FOR_STLS&sinceTimePeriod=2010&untilTimePeriod=2022,stock at 1 Jan; citizen=FOR_STLS (foreign citizens incl. stateless),1100000.0,0.013308007469228,See note,"Pew Research Center (2019), Europe's Unauthorized Immigrant Population Peaks in 2016, Then Levels Off — Appendix B, unauthorized immigrant population trends with waiting asylum seekers, by country",https://www.pewresearch.org/global/2019/11/13/eu-unauthorized-immigrants-appendix-b-unauthorized-immigrant-population-trends-with-waiting-asylum-seekers-by-country/,"Pew publishes a RANGE, not a point estimate. This cell is the midpoint of the published 1,000,000–1,200,000 range in Appendix B. Use the range, not the midpoint, for any claim about level.",1.0,,,,,,156710.0,Full calendar year (flow),"Eurostat, Third country nationals found to be illegally present (migr_eipre)",https://ec.europa.eu/eurostat/databrowser/view/migr_eipre/default/table,"Eurostat enforcement statistic - annual flow of detections, NOT a stock. Dataset migr_eipre, dimensions freq=A citizen=TOTAL reason=TOTAL apprehen=TOTAL sex=T age=TOTAL unit=PER. Rounded to nearest 5 by Eurostat.",,,1.895907136820665,,A,,A,,C,Published range read from the archived Appendix B table.,,,A,,,,,,,,,,,,,,,,yes,midpoint of the published range,"1,000,000–1,200,000 (Pew Appendix B, thousands)",,,,,,,,,,
Germany,DEU,DE,276,1,1,2018,82905782,A,"World Bank, World Development Indicators (SP.POP.TOTL), sourced from UN World Population Prospects and national statistical offices",https://api.worldbank.org/v2/country/all/indicator/SP.POP.TOTL,83368505,-0.5550333426274107,13745843.0,0.1658007761147467,1 January,Eurostat [migr_pop3ctb],https://ec.europa.eu/eurostat/api/dissemination/statistics/1.0/data/migr_pop3ctb?format=JSON&lang=EN&geo=DE&age=TOTAL&sex=T&unit=NR&c_birth=FOR&sinceTimePeriod=2010&untilTimePeriod=2022,stock at 1 Jan; c_birth=FOR (born in a foreign country),9678868.0,0.1167453917749669,1 January,Eurostat [migr_pop1ctz],https://ec.europa.eu/eurostat/api/dissemination/statistics/1.0/data/migr_pop1ctz?format=JSON&lang=EN&geo=DE&age=TOTAL&sex=T&unit=NR&citizen=FOR_STLS&sinceTimePeriod=2010&untilTimePeriod=2022,stock at 1 Jan; citizen=FOR_STLS (foreign citizens incl. stateless),,,,,,,,,,,,,134125.0,Full calendar year (flow),"Eurostat, Third country nationals found to be illegally present (migr_eipre)",https://ec.europa.eu/eurostat/databrowser/view/migr_eipre/default/table,"Eurostat enforcement statistic - annual flow of detections, NOT a stock. Dataset migr_eipre, dimensions freq=A citizen=TOTAL reason=TOTAL apprehen=TOTAL sex=T age=TOTAL unit=PER. Rounded to nearest 5 by Eurostat.",,,1.617800312166406,,A,,A,,,,,,A,,,,,,,,,,,,,,,,,,,,,,,,,,,,
Germany,DEU,DE,276,1,1,2019,83092962,A,"World Bank, World Development Indicators (SP.POP.TOTL), sourced from UN World Population Prospects and national statistical offices",https://api.worldbank.org/v2/country/all/indicator/SP.POP.TOTL,83559186,-0.5579566081459912,14879635.0,0.1790721457251698,1 January,Eurostat [migr_pop3ctb],https://ec.europa.eu/eurostat/api/dissemination/statistics/1.0/data/migr_pop3ctb?format=JSON&lang=EN&geo=DE&age=TOTAL&sex=T&unit=NR&c_birth=FOR&sinceTimePeriod=2010&untilTimePeriod=2022,stock at 1 Jan; c_birth=FOR (born in a foreign country),10089292.0,0.1214217396655086,1 January,Eurostat [migr_pop1ctz],https://ec.europa.eu/eurostat/api/dissemination/statistics/1.0/data/migr_pop1ctz?format=JSON&lang=EN&geo=DE&age=TOTAL&sex=T&unit=NR&citizen=FOR_STLS&sinceTimePeriod=2010&untilTimePeriod=2022,stock at 1 Jan; citizen=FOR_STLS (foreign citizens incl. stateless),,,,,,,,,,,,,133525.0,Full calendar year (flow),"Eurostat, Third country nationals found to be illegally present (migr_eipre)",https://ec.europa.eu/eurostat/databrowser/view/migr_eipre/default/table,"Eurostat enforcement statistic - annual flow of detections, NOT a stock. Dataset migr_eipre, dimensions freq=A citizen=TOTAL reason=TOTAL apprehen=TOTAL sex=T age=TOTAL unit=PER. Rounded to nearest 5 by Eurostat.",,,1.606935133687977,,A,,A,,,,,,A,,,,,,,,,,,,,,,,,,,,,,,,,,,,
Germany,DEU,DE,276,1,1,2020,83160871,A,"World Bank, World Development Indicators (SP.POP.TOTL), sourced from UN World Population Prospects and national statistical offices",https://api.worldbank.org/v2/country/all/indicator/SP.POP.TOTL,83628708,-0.559421532615331,15040708.0,0.1808628002465246,1 January,Eurostat [migr_pop3ctb],https://ec.europa.eu/eurostat/api/dissemination/statistics/1.0/data/migr_pop3ctb?format=JSON&lang=EN&geo=DE&age=TOTAL&sex=T&unit=NR&c_birth=FOR&sinceTimePeriod=2010&untilTimePeriod=2022,stock at 1 Jan; c_birth=FOR (born in a foreign country),10398022.0,0.1250350299962587,1 January,Eurostat [migr_pop1ctz],https://ec.europa.eu/eurostat/api/dissemination/statistics/1.0/data/migr_pop1ctz?format=JSON&lang=EN&geo=DE&age=TOTAL&sex=T&unit=NR&citizen=FOR_STLS&sinceTimePeriod=2010&untilTimePeriod=2022,stock at 1 Jan; citizen=FOR_STLS (foreign citizens incl. stateless),,,,,,,,,,,,,117930.0,Full calendar year (flow),"Eurostat, Third country nationals found to be illegally present (migr_eipre)",https://ec.europa.eu/eurostat/databrowser/view/migr_eipre/default/table,"Eurostat enforcement statistic - annual flow of detections, NOT a stock. Dataset migr_eipre, dimensions freq=A citizen=TOTAL reason=TOTAL apprehen=TOTAL sex=T age=TOTAL unit=PER. Rounded to nearest 5 by Eurostat.",,,1.418094815288791,,A,,A,,,,,,A,,,,,,,,,,,,,,,,,,,,,,,,,,,,
Germany,DEU,DE,276,1,1,2021,83196078,A,"World Bank, World Development Indicators (SP.POP.TOTL), sourced from UN World Population Prospects and national statistical offices",https://api.worldbank.org/v2/country/all/indicator/SP.POP.TOTL,83697083,-0.5985931433237643,15162728.0,0.1822529182204959,1 January,Eurostat [migr_pop3ctb],https://ec.europa.eu/eurostat/api/dissemination/statistics/1.0/data/migr_pop3ctb?format=JSON&lang=EN&geo=DE&age=TOTAL&sex=T&unit=NR&c_birth=FOR&sinceTimePeriod=2010&untilTimePeriod=2022,stock at 1 Jan; c_birth=FOR (born in a foreign country),10585053.0,0.1272301922694,1 January,Eurostat [migr_pop1ctz],https://ec.europa.eu/eurostat/api/dissemination/statistics/1.0/data/migr_pop1ctz?format=JSON&lang=EN&geo=DE&age=TOTAL&sex=T&unit=NR&citizen=FOR_STLS&sinceTimePeriod=2010&untilTimePeriod=2022,stock at 1 Jan; citizen=FOR_STLS (foreign citizens incl. stateless),,,,,,,,,,,,,120285.0,Full calendar year (flow),"Eurostat, Third country nationals found to be illegally present (migr_eipre)",https://ec.europa.eu/eurostat/databrowser/view/migr_eipre/default/table,"Eurostat enforcement statistic - annual flow of detections, NOT a stock. Dataset migr_eipre, dimensions freq=A citizen=TOTAL reason=TOTAL apprehen=TOTAL sex=T age=TOTAL unit=PER. Rounded to nearest 5 by Eurostat.",,,1.445801327317377,,A,,A,,,,,,A,,,,,,,,,,,,,,,,,,,,,,,,,,,,
Germany,DEU,DE,276,1,1,2022,83177813,A,"World Bank, World Development Indicators (SP.POP.TOTL), sourced from UN World Population Prospects and national statistical offices",https://api.worldbank.org/v2/country/all/indicator/SP.POP.TOTL,84086227,-1.080336260063137,15287650.0,0.1837948059538425,1 January,Eurostat [migr_pop3ctb],https://ec.europa.eu/eurostat/api/dissemination/statistics/1.0/data/migr_pop3ctb?format=JSON&lang=EN&geo=DE&age=TOTAL&sex=T&unit=NR&c_birth=FOR&sinceTimePeriod=2010&untilTimePeriod=2022,stock at 1 Jan; c_birth=FOR (born in a foreign country),10893053.0,0.1309610412574805,1 January,Eurostat [migr_pop1ctz],https://ec.europa.eu/eurostat/api/dissemination/statistics/1.0/data/migr_pop1ctz?format=JSON&lang=EN&geo=DE&age=TOTAL&sex=T&unit=NR&citizen=FOR_STLS&sinceTimePeriod=2010&untilTimePeriod=2022,stock at 1 Jan; citizen=FOR_STLS (foreign citizens incl. stateless),,,,,,,,,,,,,198310.0,Full calendar year (flow),"Eurostat, Third country nationals found to be illegally present (migr_eipre)",https://ec.europa.eu/eurostat/databrowser/view/migr_eipre/default/table,"Eurostat enforcement statistic - annual flow of detections, NOT a stock. Dataset migr_eipre, dimensions freq=A citizen=TOTAL reason=TOTAL apprehen=TOTAL sex=T age=TOTAL unit=PER. Rounded to nearest 5 by Eurostat.",,,2.384169441915959,,A,,A,,,,,,A,,,,,,,,,,,,,,,,,,,,,,,,,,,,
Hungary,HUN,HU,348,0,1,2010,10000023,A,"World Bank, World Development Indicators (SP.POP.TOTL), sourced from UN World Population Prospects and national statistical offices",https://api.worldbank.org/v2/country/all/indicator/SP.POP.TOTL,9979129,0.2093769907173262,436616.0,0.0436614995785509,1 January,Eurostat [migr_pop3ctb],https://ec.europa.eu/eurostat/api/dissemination/statistics/1.0/data/migr_pop3ctb?format=JSON&lang=EN&geo=HU&age=TOTAL&sex=T&unit=NR&c_birth=FOR&sinceTimePeriod=2010&untilTimePeriod=2022,stock at 1 Jan; c_birth=FOR (born in a foreign country),200005.0,0.0200004539989558,1 January,Eurostat [migr_pop1ctz],https://ec.europa.eu/eurostat/api/dissemination/statistics/1.0/data/migr_pop1ctz?format=JSON&lang=EN&geo=HU&age=TOTAL&sex=T&unit=NR&citizen=FOR_STLS&sinceTimePeriod=2010&untilTimePeriod=2022,stock at 1 Jan; citizen=FOR_STLS (foreign citizens incl. stateless),,,,,,,,,,,,,6970.0,Full calendar year (flow),"Eurostat, Third country nationals found to be illegally present (migr_eipre)",https://ec.europa.eu/eurostat/databrowser/view/migr_eipre/default/table,"Eurostat enforcement statistic - annual flow of detections, NOT a stock. Dataset migr_eipre, dimensions freq=A citizen=TOTAL reason=TOTAL apprehen=TOTAL sex=T age=TOTAL unit=PER. Rounded to nearest 5 by Eurostat.",,,0.6969983969036871,,A,,A,,,,,,A,,,,,,,,,,,,,,,,,,,,,,,,,,,,
Hungary,HUN,HU,348,0,1,2011,9971727,A,"World Bank, World Development Indicators (SP.POP.TOTL), sourced from UN World Population Prospects and national statistical offices",https://api.worldbank.org/v2/country/all/indicator/SP.POP.TOTL,9946676,0.2518529808350046,443295.0,0.0444551881534662,1 January,Eurostat [migr_pop3ctb],https://ec.europa.eu/eurostat/api/dissemination/statistics/1.0/data/migr_pop3ctb?format=JSON&lang=EN&geo=HU&age=TOTAL&sex=T&unit=NR&c_birth=FOR&sinceTimePeriod=2010&untilTimePeriod=2022,stock at 1 Jan; c_birth=FOR (born in a foreign country),209202.0,0.0209795153838447,1 January,Eurostat [migr_pop1ctz],https://ec.europa.eu/eurostat/api/dissemination/statistics/1.0/data/migr_pop1ctz?format=JSON&lang=EN&geo=HU&age=TOTAL&sex=T&unit=NR&citizen=FOR_STLS&sinceTimePeriod=2010&untilTimePeriod=2022,stock at 1 Jan; citizen=FOR_STLS (foreign citizens incl. stateless),,,,,,,,,,,,,9655.0,Full calendar year (flow),"Eurostat, Third country nationals found to be illegally present (migr_eipre)",https://ec.europa.eu/eurostat/databrowser/view/migr_eipre/default/table,"Eurostat enforcement statistic - annual flow of detections, NOT a stock. Dataset migr_eipre, dimensions freq=A citizen=TOTAL reason=TOTAL apprehen=TOTAL sex=T age=TOTAL unit=PER. Rounded to nearest 5 by Eurostat.",,,0.9682374978777496,,A,,A,,,,,,A,,,,,,,,,,,,,,,,,,,,,,,,,,,,
Hungary,HUN,HU,348,0,1,2012,9920362,A,"World Bank, World Development Indicators (SP.POP.TOTL), sourced from UN World Population Prospects and national statistical offices",https://api.worldbank.org/v2/country/all/indicator/SP.POP.TOTL,9916623,0.0377043677066275,401769.0,0.0404994293555013,1 January,Eurostat [migr_pop3ctb],https://ec.europa.eu/eurostat/api/dissemination/statistics/1.0/data/migr_pop3ctb?format=JSON&lang=EN&geo=HU&age=TOTAL&sex=T&unit=NR&c_birth=FOR&sinceTimePeriod=2010&untilTimePeriod=2022,stock at 1 Jan; c_birth=FOR (born in a foreign country); apparent break in series (population census re-basing),143125.0,0.0144273969034597,1 January,Eurostat [migr_pop1ctz],https://ec.europa.eu/eurostat/api/dissemination/statistics/1.0/data/migr_pop1ctz?format=JSON&lang=EN&geo=HU&age=TOTAL&sex=T&unit=NR&citizen=FOR_STLS&sinceTimePeriod=2010&untilTimePeriod=2022,stock at 1 Jan; citizen=FOR_STLS (foreign citizens incl. stateless); apparent break in series (population census re-basing),,,,,,,,,,,,,12175.0,Full calendar year (flow),"Eurostat, Third country nationals found to be illegally present (migr_eipre)",https://ec.europa.eu/eurostat/databrowser/view/migr_eipre/default/table,"Eurostat enforcement statistic - annual flow of detections, NOT a stock. Dataset migr_eipre, dimensions freq=A citizen=TOTAL reason=TOTAL apprehen=TOTAL sex=T age=TOTAL unit=PER. Rounded to nearest 5 by Eurostat.",,,1.227273762792124,,A,,A,,,,,,A,,,,,,,,,,,,,,,,,,,,,,,,,,,,
Hungary,HUN,HU,348,0,1,2013,9872734,A,"World Bank, World Development Indicators (SP.POP.TOTL), sourced from UN World Population Prospects and national statistical offices",https://api.worldbank.org/v2/country/all/indicator/SP.POP.TOTL,9889346,-0.1679787520833026,423317.0,0.042877383306387,1 January,Eurostat [migr_pop3ctb],https://ec.europa.eu/eurostat/api/dissemination/statistics/1.0/data/migr_pop3ctb?format=JSON&lang=EN&geo=HU&age=TOTAL&sex=T&unit=NR&c_birth=FOR&sinceTimePeriod=2010&untilTimePeriod=2022,stock at 1 Jan; c_birth=FOR (born in a foreign country),141122.0,0.0142941154901975,1 January,Eurostat [migr_pop1ctz],https://ec.europa.eu/eurostat/api/dissemination/statistics/1.0/data/migr_pop1ctz?format=JSON&lang=EN&geo=HU&age=TOTAL&sex=T&unit=NR&citizen=FOR_STLS&sinceTimePeriod=2010&untilTimePeriod=2022,stock at 1 Jan; citizen=FOR_STLS (foreign citizens incl. stateless),,,,,,,,,,,,,28755.0,Full calendar year (flow),"Eurostat, Third country nationals found to be illegally present (migr_eipre)",https://ec.europa.eu/eurostat/databrowser/view/migr_eipre/default/table,"Eurostat enforcement statistic - annual flow of detections, NOT a stock. Dataset migr_eipre, dimensions freq=A citizen=TOTAL reason=TOTAL apprehen=TOTAL sex=T age=TOTAL unit=PER. Rounded to nearest 5 by Eurostat.",,,2.912567076151348,,A,,A,,,,,,A,,,,,,,,,,,,,,,,,,,,,,,,,,,,
Hungary,HUN,HU,348,0,1,2014,9833038,A,"World Bank, World Development Indicators (SP.POP.TOTL), sourced from UN World Population Prospects and national statistical offices",https://api.worldbank.org/v2/country/all/indicator/SP.POP.TOTL,9862842,-0.3021847049765169,447029.0,0.0454619416705193,1 January,Eurostat [migr_pop3ctb],https://ec.europa.eu/eurostat/api/dissemination/statistics/1.0/data/migr_pop3ctb?format=JSON&lang=EN&geo=HU&age=TOTAL&sex=T&unit=NR&c_birth=FOR&sinceTimePeriod=2010&untilTimePeriod=2022,stock at 1 Jan; c_birth=FOR (born in a foreign country),140301.0,0.0142683268385619,1 January,Eurostat [migr_pop1ctz],https://ec.europa.eu/eurostat/api/dissemination/statistics/1.0/data/migr_pop1ctz?format=JSON&lang=EN&geo=HU&age=TOTAL&sex=T&unit=NR&citizen=FOR_STLS&sinceTimePeriod=2010&untilTimePeriod=2022,stock at 1 Jan; citizen=FOR_STLS (foreign citizens incl. stateless),,,,,,,,,,,,,56170.0,Full calendar year (flow),"Eurostat, Third country nationals found to be illegally present (migr_eipre)",https://ec.europa.eu/eurostat/databrowser/view/migr_eipre/default/table,"Eurostat enforcement statistic - annual flow of detections, NOT a stock. Dataset migr_eipre, dimensions freq=A citizen=TOTAL reason=TOTAL apprehen=TOTAL sex=T age=TOTAL unit=PER. Rounded to nearest 5 by Eurostat.",,,5.712374954718979,,A,,A,,,,,,A,,,,,,,,,,,,,,,,,,,,,,,,,,,,
Hungary,HUN,HU,348,0,1,2015,9797755,A,"World Bank, World Development Indicators (SP.POP.TOTL), sourced from UN World Population Prospects and national statistical offices",https://api.worldbank.org/v2/country/all/indicator/SP.POP.TOTL,9839211,-0.4213345968492799,475508.0,0.0485323423580197,1 January,Eurostat [migr_pop3ctb],https://ec.europa.eu/eurostat/api/dissemination/statistics/1.0/data/migr_pop3ctb?format=JSON&lang=EN&geo=HU&age=TOTAL&sex=T&unit=NR&c_birth=FOR&sinceTimePeriod=2010&untilTimePeriod=2022,stock at 1 Jan; c_birth=FOR (born in a foreign country),145727.0,0.0148735092886074,1 January,Eurostat [migr_pop1ctz],https://ec.europa.eu/eurostat/api/dissemination/statistics/1.0/data/migr_pop1ctz?format=JSON&lang=EN&geo=HU&age=TOTAL&sex=T&unit=NR&citizen=FOR_STLS&sinceTimePeriod=2010&untilTimePeriod=2022,stock at 1 Jan; citizen=FOR_STLS (foreign citizens incl. stateless),,,,,,,,,,,,,424055.0,Full calendar year (flow),"Eurostat, Third country nationals found to be illegally present (migr_eipre)",https://ec.europa.eu/eurostat/databrowser/view/migr_eipre/default/table,"Eurostat enforcement statistic - annual flow of detections, NOT a stock. Dataset migr_eipre, dimensions freq=A citizen=TOTAL reason=TOTAL apprehen=TOTAL sex=T age=TOTAL unit=PER. Rounded to nearest 5 by Eurostat.",,,43.28083321128157,,A,,A,,,,,,A,,,,,,,,,,,,,,,,,,,,,,,,,,,,
Hungary,HUN,HU,348,0,1,2016,9759755,A,"World Bank, World Development Indicators (SP.POP.TOTL), sourced from UN World Population Prospects and national statistical offices",https://api.worldbank.org/v2/country/all/indicator/SP.POP.TOTL,9810532,-0.5175764168548658,503787.0,0.0516188162510226,1 January,Eurostat [migr_pop3ctb],https://ec.europa.eu/eurostat/api/dissemination/statistics/1.0/data/migr_pop3ctb?format=JSON&lang=EN&geo=HU&age=TOTAL&sex=T&unit=NR&c_birth=FOR&sinceTimePeriod=2010&untilTimePeriod=2022,stock at 1 Jan; c_birth=FOR (born in a foreign country),156366.0,0.0160215087366434,1 January,Eurostat [migr_pop1ctz],https://ec.europa.eu/eurostat/api/dissemination/statistics/1.0/data/migr_pop1ctz?format=JSON&lang=EN&geo=HU&age=TOTAL&sex=T&unit=NR&citizen=FOR_STLS&sinceTimePeriod=2010&untilTimePeriod=2022,stock at 1 Jan; citizen=FOR_STLS (foreign citizens incl. stateless),,,,,,,,,,,,,41560.0,Full calendar year (flow),"Eurostat, Third country nationals found to be illegally present (migr_eipre)",https://ec.europa.eu/eurostat/databrowser/view/migr_eipre/default/table,"Eurostat enforcement statistic - annual flow of detections, NOT a stock. Dataset migr_eipre, dimensions freq=A citizen=TOTAL reason=TOTAL apprehen=TOTAL sex=T age=TOTAL unit=PER. Rounded to nearest 5 by Eurostat.",,,4.258303615203456,,A,,A,,,,,,A,,,,,,,,,,,,,,,,,,,,,,,,,,,,
Hungary,HUN,HU,348,0,1,2017,9726756,A,"World Bank, World Development Indicators (SP.POP.TOTL), sourced from UN World Population Prospects and national statistical offices",https://api.worldbank.org/v2/country/all/indicator/SP.POP.TOTL,9785604,-0.601373200877534,513649.0,0.0528078426147422,1 January,Eurostat [migr_pop3ctb],https://ec.europa.eu/eurostat/api/dissemination/statistics/1.0/data/migr_pop3ctb?format=JSON&lang=EN&geo=HU&age=TOTAL&sex=T&unit=NR&c_birth=FOR&sinceTimePeriod=2010&untilTimePeriod=2022,stock at 1 Jan; c_birth=FOR (born in a foreign country),150885.0,0.0155123660961578,1 January,Eurostat [migr_pop1ctz],https://ec.europa.eu/eurostat/api/dissemination/statistics/1.0/data/migr_pop1ctz?format=JSON&lang=EN&geo=HU&age=TOTAL&sex=T&unit=NR&citizen=FOR_STLS&sinceTimePeriod=2010&untilTimePeriod=2022,stock at 1 Jan; citizen=FOR_STLS (foreign citizens incl. stateless),,,,,,,,,,,,,25730.0,Full calendar year (flow),"Eurostat, Third country nationals found to be illegally present (migr_eipre)",https://ec.europa.eu/eurostat/databrowser/view/migr_eipre/default/table,"Eurostat enforcement statistic - annual flow of detections, NOT a stock. Dataset migr_eipre, dimensions freq=A citizen=TOTAL reason=TOTAL apprehen=TOTAL sex=T age=TOTAL unit=PER. Rounded to nearest 5 by Eurostat.",,,2.645280708182666,,A,,A,,,,,,A,,,,,,,,,,,,,,,,,,,,,,,,,,,,
Hungary,HUN,HU,348,0,1,2018,9706964,A,"World Bank, World Development Indicators (SP.POP.TOTL), sourced from UN World Population Prospects and national statistical offices",https://api.worldbank.org/v2/country/all/indicator/SP.POP.TOTL,9774394,-0.6898637398901661,536182.0,0.055236838212236,1 January,Eurostat [migr_pop3ctb],https://ec.europa.eu/eurostat/api/dissemination/statistics/1.0/data/migr_pop3ctb?format=JSON&lang=EN&geo=HU&age=TOTAL&sex=T&unit=NR&c_birth=FOR&sinceTimePeriod=2010&untilTimePeriod=2022,stock at 1 Jan; c_birth=FOR (born in a foreign country),161549.0,0.0166425877339196,1 January,Eurostat [migr_pop1ctz],https://ec.europa.eu/eurostat/api/dissemination/statistics/1.0/data/migr_pop1ctz?format=JSON&lang=EN&geo=HU&age=TOTAL&sex=T&unit=NR&citizen=FOR_STLS&sinceTimePeriod=2010&untilTimePeriod=2022,stock at 1 Jan; citizen=FOR_STLS (foreign citizens incl. stateless),,,,,,,,,,,,,18915.0,Full calendar year (flow),"Eurostat, Third country nationals found to be illegally present (migr_eipre)",https://ec.europa.eu/eurostat/databrowser/view/migr_eipre/default/table,"Eurostat enforcement statistic - annual flow of detections, NOT a stock. Dataset migr_eipre, dimensions freq=A citizen=TOTAL reason=TOTAL apprehen=TOTAL sex=T age=TOTAL unit=PER. Rounded to nearest 5 by Eurostat.",,,1.948601024996075,,A,,A,,,,,,A,,,,,,,,,,,,,,,,,,,,,,,,,,,,
Hungary,HUN,HU,348,0,1,2019,9694824,A,"World Bank, World Development Indicators (SP.POP.TOTL), sourced from UN World Population Prospects and national statistical offices",https://api.worldbank.org/v2/country/all/indicator/SP.POP.TOTL,9770346,-0.7729716020292423,564761.0,0.0582538682496969,1 January,Eurostat [migr_pop3ctb],https://ec.europa.eu/eurostat/api/dissemination/statistics/1.0/data/migr_pop3ctb?format=JSON&lang=EN&geo=HU&age=TOTAL&sex=T&unit=NR&c_birth=FOR&sinceTimePeriod=2010&untilTimePeriod=2022,stock at 1 Jan; c_birth=FOR (born in a foreign country),180525.0,0.0186207609338756,1 January,Eurostat [migr_pop1ctz],https://ec.europa.eu/eurostat/api/dissemination/statistics/1.0/data/migr_pop1ctz?format=JSON&lang=EN&geo=HU&age=TOTAL&sex=T&unit=NR&citizen=FOR_STLS&sinceTimePeriod=2010&untilTimePeriod=2022,stock at 1 Jan; citizen=FOR_STLS (foreign citizens incl. stateless),,,,,,,,,,,,,36440.0,Full calendar year (flow),"Eurostat, Third country nationals found to be illegally present (migr_eipre)",https://ec.europa.eu/eurostat/databrowser/view/migr_eipre/default/table,"Eurostat enforcement statistic - annual flow of detections, NOT a stock. Dataset migr_eipre, dimensions freq=A citizen=TOTAL reason=TOTAL apprehen=TOTAL sex=T age=TOTAL unit=PER. Rounded to nearest 5 by Eurostat.",,,3.758706707826774,,A,,A,,,,,,A,,,,,,,,,,,,,,,,,,,,,,,,,,,,
Hungary,HUN,HU,348,0,1,2020,9670419,A,"World Bank, World Development Indicators (SP.POP.TOTL), sourced from UN World Population Prospects and national statistical offices",https://api.worldbank.org/v2/country/all/indicator/SP.POP.TOTL,9749457,-0.8106913031156505,593937.0,0.0614179178792563,1 January,Eurostat [migr_pop3ctb],https://ec.europa.eu/eurostat/api/dissemination/statistics/1.0/data/migr_pop3ctb?format=JSON&lang=EN&geo=HU&age=TOTAL&sex=T&unit=NR&c_birth=FOR&sinceTimePeriod=2010&untilTimePeriod=2022,stock at 1 Jan; c_birth=FOR (born in a foreign country),199707.0,0.0206513285515343,1 January,Eurostat [migr_pop1ctz],https://ec.europa.eu/eurostat/api/dissemination/statistics/1.0/data/migr_pop1ctz?format=JSON&lang=EN&geo=HU&age=TOTAL&sex=T&unit=NR&citizen=FOR_STLS&sinceTimePeriod=2010&untilTimePeriod=2022,stock at 1 Jan; citizen=FOR_STLS (foreign citizens incl. stateless),,,,,,,,,,,,,89370.0,Full calendar year (flow),"Eurostat, Third country nationals found to be illegally present (migr_eipre)",https://ec.europa.eu/eurostat/databrowser/view/migr_eipre/default/table,"Eurostat enforcement statistic - annual flow of detections, NOT a stock. Dataset migr_eipre, dimensions freq=A citizen=TOTAL reason=TOTAL apprehen=TOTAL sex=T age=TOTAL unit=PER. Rounded to nearest 5 by Eurostat.",,,9.241585085403228,,A,,A,,,,,,A,,,,,,,,,,,,,,,,,,,,,,,,,,,,
Hungary,HUN,HU,348,0,1,2021,9630932,A,"World Bank, World Development Indicators (SP.POP.TOTL), sourced from UN World Population Prospects and national statistical offices",https://api.worldbank.org/v2/country/all/indicator/SP.POP.TOTL,9707850,-0.7923278583826491,597440.0,0.0620334563674626,1 January,Eurostat [migr_pop3ctb],https://ec.europa.eu/eurostat/api/dissemination/statistics/1.0/data/migr_pop3ctb?format=JSON&lang=EN&geo=HU&age=TOTAL&sex=T&unit=NR&c_birth=FOR&sinceTimePeriod=2010&untilTimePeriod=2022,stock at 1 Jan; c_birth=FOR (born in a foreign country),194240.0,0.0201683492314139,1 January,Eurostat [migr_pop1ctz],https://ec.europa.eu/eurostat/api/dissemination/statistics/1.0/data/migr_pop1ctz?format=JSON&lang=EN&geo=HU&age=TOTAL&sex=T&unit=NR&citizen=FOR_STLS&sinceTimePeriod=2010&untilTimePeriod=2022,stock at 1 Jan; citizen=FOR_STLS (foreign citizens incl. stateless),,,,,,,,,,,,,134140.0,Full calendar year (flow),"Eurostat, Third country nationals found to be illegally present (migr_eipre)",https://ec.europa.eu/eurostat/databrowser/view/migr_eipre/default/table,"Eurostat enforcement statistic - annual flow of detections, NOT a stock. Dataset migr_eipre, dimensions freq=A citizen=TOTAL reason=TOTAL apprehen=TOTAL sex=T age=TOTAL unit=PER. Rounded to nearest 5 by Eurostat.",,,13.92803936316859,,A,,A,,,,,,A,,,,,,,,,,,,,,,,,,,,,,,,,,,,
Hungary,HUN,HU,348,0,1,2022,9605074,A,"World Bank, World Development Indicators (SP.POP.TOTL), sourced from UN World Population Prospects and national statistical offices",https://api.worldbank.org/v2/country/all/indicator/SP.POP.TOTL,9684306,-0.8181484558625058,612618.0,0.0637806642614101,1 January,Eurostat [migr_pop3ctb],https://ec.europa.eu/eurostat/api/dissemination/statistics/1.0/data/migr_pop3ctb?format=JSON&lang=EN&geo=HU&age=TOTAL&sex=T&unit=NR&c_birth=FOR&sinceTimePeriod=2010&untilTimePeriod=2022,stock at 1 Jan; c_birth=FOR (born in a foreign country),202299.0,0.0210616805242729,1 January,Eurostat [migr_pop1ctz],https://ec.europa.eu/eurostat/api/dissemination/statistics/1.0/data/migr_pop1ctz?format=JSON&lang=EN&geo=HU&age=TOTAL&sex=T&unit=NR&citizen=FOR_STLS&sinceTimePeriod=2010&untilTimePeriod=2022,stock at 1 Jan; citizen=FOR_STLS (foreign citizens incl. stateless),,,,,,,,,,,,,222515.0,Full calendar year (flow),"Eurostat, Third country nationals found to be illegally present (migr_eipre)",https://ec.europa.eu/eurostat/databrowser/view/migr_eipre/default/table,"Eurostat enforcement statistic - annual flow of detections, NOT a stock. Dataset migr_eipre, dimensions freq=A citizen=TOTAL reason=TOTAL apprehen=TOTAL sex=T age=TOTAL unit=PER. Rounded to nearest 5 by Eurostat.",,,23.16640142491354,,A,,A,,,,,,A,,,,,,,,,,,,,,,,,,,,,,,,,,,,
Iceland,ISL,IS,352,0,1,2010,318041,A,"World Bank, World Development Indicators (SP.POP.TOTL), sourced from UN World Population Prospects and national statistical offices",https://api.worldbank.org/v2/country/all/indicator/SP.POP.TOTL,318158,-0.0367741813815777,35091.0,0.1103348310437962,1 January,Eurostat [migr_pop3ctb],https://ec.europa.eu/eurostat/api/dissemination/statistics/1.0/data/migr_pop3ctb?format=JSON&lang=EN&geo=IS&age=TOTAL&sex=T&unit=NR&c_birth=FOR&sinceTimePeriod=2010&untilTimePeriod=2022,stock at 1 Jan; c_birth=FOR (born in a foreign country),21701.0,0.0682333409843385,1 January,Eurostat [migr_pop1ctz],https://ec.europa.eu/eurostat/api/dissemination/statistics/1.0/data/migr_pop1ctz?format=JSON&lang=EN&geo=IS&age=TOTAL&sex=T&unit=NR&citizen=FOR_STLS&sinceTimePeriod=2010&untilTimePeriod=2022,stock at 1 Jan; citizen=FOR_STLS (foreign citizens incl. stateless),,,,,,,,,,,,,,,,,,,,,,A,,A,,,,,,,,,,,,,,,,,,,,,,,,,,,,,,,,,,
Iceland,ISL,IS,352,0,1,2011,319014,A,"World Bank, World Development Indicators (SP.POP.TOTL), sourced from UN World Population Prospects and national statistical offices",https://api.worldbank.org/v2/country/all/indicator/SP.POP.TOTL,319137,-0.0385414414499102,34650.0,0.1086159228121649,1 January,Eurostat [migr_pop3ctb],https://ec.europa.eu/eurostat/api/dissemination/statistics/1.0/data/migr_pop3ctb?format=JSON&lang=EN&geo=IS&age=TOTAL&sex=T&unit=NR&c_birth=FOR&sinceTimePeriod=2010&untilTimePeriod=2022,stock at 1 Jan; c_birth=FOR (born in a foreign country),21143.0,0.0662760881967562,1 January,Eurostat [migr_pop1ctz],https://ec.europa.eu/eurostat/api/dissemination/statistics/1.0/data/migr_pop1ctz?format=JSON&lang=EN&geo=IS&age=TOTAL&sex=T&unit=NR&citizen=FOR_STLS&sinceTimePeriod=2010&untilTimePeriod=2022,stock at 1 Jan; citizen=FOR_STLS (foreign citizens incl. stateless),,,,,,,,,,,,,,,,,,,,,,A,,A,,,,,,,,,,,,,,,,,,,,,,,,,,,,,,,,,,
Iceland,ISL,IS,352,0,1,2012,320716,A,"World Bank, World Development Indicators (SP.POP.TOTL), sourced from UN World Population Prospects and national statistical offices",https://api.worldbank.org/v2/country/all/indicator/SP.POP.TOTL,320841,-0.0389601079662511,34550.0,0.1077277092505518,1 January,Eurostat [migr_pop3ctb],https://ec.europa.eu/eurostat/api/dissemination/statistics/1.0/data/migr_pop3ctb?format=JSON&lang=EN&geo=IS&age=TOTAL&sex=T&unit=NR&c_birth=FOR&sinceTimePeriod=2010&untilTimePeriod=2022,stock at 1 Jan; c_birth=FOR (born in a foreign country),20957.0,0.0653444168672595,1 January,Eurostat [migr_pop1ctz],https://ec.europa.eu/eurostat/api/dissemination/statistics/1.0/data/migr_pop1ctz?format=JSON&lang=EN&geo=IS&age=TOTAL&sex=T&unit=NR&citizen=FOR_STLS&sinceTimePeriod=2010&untilTimePeriod=2022,stock at 1 Jan; citizen=FOR_STLS (foreign citizens incl. stateless),,,,,,,,,,,,,,,,,,,,,,A,,A,,,,,,,,,,,,,,,,,,,,,,,,,,,,,,,,,,
Iceland,ISL,IS,352,0,1,2013,323764,A,"World Bank, World Development Indicators (SP.POP.TOTL), sourced from UN World Population Prospects and national statistical offices",https://api.worldbank.org/v2/country/all/indicator/SP.POP.TOTL,323885,-0.0373589391296293,35319.0,0.1090887189434279,1 January,Eurostat [migr_pop3ctb],https://ec.europa.eu/eurostat/api/dissemination/statistics/1.0/data/migr_pop3ctb?format=JSON&lang=EN&geo=IS&age=TOTAL&sex=T&unit=NR&c_birth=FOR&sinceTimePeriod=2010&untilTimePeriod=2022,stock at 1 Jan; c_birth=FOR (born in a foreign country),21446.0,0.0662396066270493,1 January,Eurostat [migr_pop1ctz],https://ec.europa.eu/eurostat/api/dissemination/statistics/1.0/data/migr_pop1ctz?format=JSON&lang=EN&geo=IS&age=TOTAL&sex=T&unit=NR&citizen=FOR_STLS&sinceTimePeriod=2010&untilTimePeriod=2022,stock at 1 Jan; citizen=FOR_STLS (foreign citizens incl. stateless),,,,,,,,,,,,,,,,,,,,,,A,,A,,,,,,,,,,,,,,,,,,,,,,,,,,,,,,,,,,
Iceland,ISL,IS,352,0,1,2014,327386,A,"World Bank, World Development Indicators (SP.POP.TOTL), sourced from UN World Population Prospects and national statistical offices",https://api.worldbank.org/v2/country/all/indicator/SP.POP.TOTL,327512,-0.0384718727863406,37116.0,0.1133707611199012,1 January,Eurostat [migr_pop3ctb],https://ec.europa.eu/eurostat/api/dissemination/statistics/1.0/data/migr_pop3ctb?format=JSON&lang=EN&geo=IS&age=TOTAL&sex=T&unit=NR&c_birth=FOR&sinceTimePeriod=2010&untilTimePeriod=2022,stock at 1 Jan; c_birth=FOR (born in a foreign country),22744.0,0.0694715106937987,1 January,Eurostat [migr_pop1ctz],https://ec.europa.eu/eurostat/api/dissemination/statistics/1.0/data/migr_pop1ctz?format=JSON&lang=EN&geo=IS&age=TOTAL&sex=T&unit=NR&citizen=FOR_STLS&sinceTimePeriod=2010&untilTimePeriod=2022,stock at 1 Jan; citizen=FOR_STLS (foreign citizens incl. stateless),,,,,,,,,,,,,,,,,,,,,,A,,A,,,,,,,,,,,,,,,,,,,,,,,,,,,,,,,,,,
Iceland,ISL,IS,352,0,1,2015,330815,A,"World Bank, World Development Indicators (SP.POP.TOTL), sourced from UN World Population Prospects and national statistical offices",https://api.worldbank.org/v2/country/all/indicator/SP.POP.TOTL,330952,-0.0413957311029998,39072.0,0.118108308268972,1 January,Eurostat [migr_pop3ctb],https://ec.europa.eu/eurostat/api/dissemination/statistics/1.0/data/migr_pop3ctb?format=JSON&lang=EN&geo=IS&age=TOTAL&sex=T&unit=NR&c_birth=FOR&sinceTimePeriod=2010&untilTimePeriod=2022,stock at 1 Jan; c_birth=FOR (born in a foreign country),24294.0,0.0734368151383703,1 January,Eurostat [migr_pop1ctz],https://ec.europa.eu/eurostat/api/dissemination/statistics/1.0/data/migr_pop1ctz?format=JSON&lang=EN&geo=IS&age=TOTAL&sex=T&unit=NR&citizen=FOR_STLS&sinceTimePeriod=2010&untilTimePeriod=2022,stock at 1 Jan; citizen=FOR_STLS (foreign citizens incl. stateless),,,,,,,,,,,,,,,,,,,,,,A,,A,,,,,,,,,,,,,,,,,,,,,,,,,,,,,,,,,,
Iceland,ISL,IS,352,0,1,2016,335439,A,"World Bank, World Development Indicators (SP.POP.TOTL), sourced from UN World Population Prospects and national statistical offices",https://api.worldbank.org/v2/country/all/indicator/SP.POP.TOTL,335574,-0.0402295767848522,41853.0,0.1247708227129224,1 January,Eurostat [migr_pop3ctb],https://ec.europa.eu/eurostat/api/dissemination/statistics/1.0/data/migr_pop3ctb?format=JSON&lang=EN&geo=IS&age=TOTAL&sex=T&unit=NR&c_birth=FOR&sinceTimePeriod=2010&untilTimePeriod=2022,stock at 1 Jan; c_birth=FOR (born in a foreign country),26485.0,0.0789562334731501,1 January,Eurostat [migr_pop1ctz],https://ec.europa.eu/eurostat/api/dissemination/statistics/1.0/data/migr_pop1ctz?format=JSON&lang=EN&geo=IS&age=TOTAL&sex=T&unit=NR&citizen=FOR_STLS&sinceTimePeriod=2010&untilTimePeriod=2022,stock at 1 Jan; citizen=FOR_STLS (foreign citizens incl. stateless),,,,,,,,,,,,,30.0,Full calendar year (flow),"Eurostat, Third country nationals found to be illegally present (migr_eipre)",https://ec.europa.eu/eurostat/databrowser/view/migr_eipre/default/table,"Eurostat enforcement statistic - annual flow of detections, NOT a stock. Dataset migr_eipre, dimensions freq=A citizen=TOTAL reason=TOTAL apprehen=TOTAL sex=T age=TOTAL unit=PER. Rounded to nearest 5 by Eurostat. Iceland reports only sporadically; most years are not available in migr_eipre.",,,0.0894350388595243,,A,,A,,,,,,A,,,,,,,,,,,,,,,,,,,,,,,,,,,,
Iceland,ISL,IS,352,0,1,2017,343400,A,"World Bank, World Development Indicators (SP.POP.TOTL), sourced from UN World Population Prospects and national statistical offices",https://api.worldbank.org/v2/country/all/indicator/SP.POP.TOTL,343531,-0.0381333853422253,46080.0,0.1341875364006989,1 January,Eurostat [migr_pop3ctb],https://ec.europa.eu/eurostat/api/dissemination/statistics/1.0/data/migr_pop3ctb?format=JSON&lang=EN&geo=IS&age=TOTAL&sex=T&unit=NR&c_birth=FOR&sinceTimePeriod=2010&untilTimePeriod=2022,stock at 1 Jan; c_birth=FOR (born in a foreign country),30275.0,0.0881624927198602,1 January,Eurostat [migr_pop1ctz],https://ec.europa.eu/eurostat/api/dissemination/statistics/1.0/data/migr_pop1ctz?format=JSON&lang=EN&geo=IS&age=TOTAL&sex=T&unit=NR&citizen=FOR_STLS&sinceTimePeriod=2010&untilTimePeriod=2022,stock at 1 Jan; citizen=FOR_STLS (foreign citizens incl. stateless),,,,,,,,,,,,,15.0,Full calendar year (flow),"Eurostat, Third country nationals found to be illegally present (migr_eipre)",https://ec.europa.eu/eurostat/databrowser/view/migr_eipre/default/table,"Eurostat enforcement statistic - annual flow of detections, NOT a stock. Dataset migr_eipre, dimensions freq=A citizen=TOTAL reason=TOTAL apprehen=TOTAL sex=T age=TOTAL unit=PER. Rounded to nearest 5 by Eurostat. Iceland reports only sporadically; most years are not available in migr_eipre.",,,0.0436808386721025,,A,,A,,,,,,A,,,,,,,,,,,,,,,,,,,,,,,,,,,,
Iceland,ISL,IS,352,0,1,2018,352721,A,"World Bank, World Development Indicators (SP.POP.TOTL), sourced from UN World Population Prospects and national statistical offices",https://api.worldbank.org/v2/country/all/indicator/SP.POP.TOTL,352854,-0.0376926434162571,53540.0,0.1517913591762327,1 January,Eurostat [migr_pop3ctb],https://ec.europa.eu/eurostat/api/dissemination/statistics/1.0/data/migr_pop3ctb?format=JSON&lang=EN&geo=IS&age=TOTAL&sex=T&unit=NR&c_birth=FOR&sinceTimePeriod=2010&untilTimePeriod=2022,stock at 1 Jan; c_birth=FOR (born in a foreign country),37830.0,0.1072519073148465,1 January,Eurostat [migr_pop1ctz],https://ec.europa.eu/eurostat/api/dissemination/statistics/1.0/data/migr_pop1ctz?format=JSON&lang=EN&geo=IS&age=TOTAL&sex=T&unit=NR&citizen=FOR_STLS&sinceTimePeriod=2010&untilTimePeriod=2022,stock at 1 Jan; citizen=FOR_STLS (foreign citizens incl. stateless),,,,,,,,,,,,,,,,,,,,,,A,,A,,,,,,,,,,,,,,,,,,,,,,,,,,,,,,,,,,
Iceland,ISL,IS,352,0,1,2019,360563,A,"World Bank, World Development Indicators (SP.POP.TOTL), sourced from UN World Population Prospects and national statistical offices",https://api.worldbank.org/v2/country/all/indicator/SP.POP.TOTL,360700,-0.0379817022456334,59999.0,0.1664036520663518,1 January,Eurostat [migr_pop3ctb],https://ec.europa.eu/eurostat/api/dissemination/statistics/1.0/data/migr_pop3ctb?format=JSON&lang=EN&geo=IS&age=TOTAL&sex=T&unit=NR&c_birth=FOR&sinceTimePeriod=2010&untilTimePeriod=2022,stock at 1 Jan; c_birth=FOR (born in a foreign country),44269.0,0.1227774341793251,1 January,Eurostat [migr_pop1ctz],https://ec.europa.eu/eurostat/api/dissemination/statistics/1.0/data/migr_pop1ctz?format=JSON&lang=EN&geo=IS&age=TOTAL&sex=T&unit=NR&citizen=FOR_STLS&sinceTimePeriod=2010&untilTimePeriod=2022,stock at 1 Jan; citizen=FOR_STLS (foreign citizens incl. stateless),,,,,,,,,,,,,110.0,Full calendar year (flow),"Eurostat, Third country nationals found to be illegally present (migr_eipre)",https://ec.europa.eu/eurostat/databrowser/view/migr_eipre/default/table,"Eurostat enforcement statistic - annual flow of detections, NOT a stock. Dataset migr_eipre, dimensions freq=A citizen=TOTAL reason=TOTAL apprehen=TOTAL sex=T age=TOTAL unit=PER. Rounded to nearest 5 by Eurostat. Iceland reports only sporadically; most years are not available in migr_eipre.",,,0.3050784467624243,,A,,A,,,,,,A,,,,,,,,,,,,,,,,,,,,,,,,,,,,
Iceland,ISL,IS,352,0,1,2020,366463,A,"World Bank, World Development Indicators (SP.POP.TOTL), sourced from UN World Population Prospects and national statistical offices",https://api.worldbank.org/v2/country/all/indicator/SP.POP.TOTL,366614,-0.0411877342381905,65205.0,0.1779306505704532,1 January,Eurostat [migr_pop3ctb],https://ec.europa.eu/eurostat/api/dissemination/statistics/1.0/data/migr_pop3ctb?format=JSON&lang=EN&geo=IS&age=TOTAL&sex=T&unit=NR&c_birth=FOR&sinceTimePeriod=2010&untilTimePeriod=2022,stock at 1 Jan; c_birth=FOR (born in a foreign country),49391.0,0.1347775900977725,1 January,Eurostat [migr_pop1ctz],https://ec.europa.eu/eurostat/api/dissemination/statistics/1.0/data/migr_pop1ctz?format=JSON&lang=EN&geo=IS&age=TOTAL&sex=T&unit=NR&citizen=FOR_STLS&sinceTimePeriod=2010&untilTimePeriod=2022,stock at 1 Jan; citizen=FOR_STLS (foreign citizens incl. stateless),,,,,,,,,,,,,,,,,,,,,,A,,A,,,,,,,,,,,,,,,,,,,,,,,,,,,,,,,,,,
Iceland,ISL,IS,352,0,1,2021,372520,A,"World Bank, World Development Indicators (SP.POP.TOTL), sourced from UN World Population Prospects and national statistical offices",https://api.worldbank.org/v2/country/all/indicator/SP.POP.TOTL,372644,-0.0332757269672931,67438.0,0.1810318909051863,1 January,Eurostat [migr_pop3ctb],https://ec.europa.eu/eurostat/api/dissemination/statistics/1.0/data/migr_pop3ctb?format=JSON&lang=EN&geo=IS&age=TOTAL&sex=T&unit=NR&c_birth=FOR&sinceTimePeriod=2010&untilTimePeriod=2022,stock at 1 Jan; c_birth=FOR (born in a foreign country),51283.0,0.1376650918071513,1 January,Eurostat [migr_pop1ctz],https://ec.europa.eu/eurostat/api/dissemination/statistics/1.0/data/migr_pop1ctz?format=JSON&lang=EN&geo=IS&age=TOTAL&sex=T&unit=NR&citizen=FOR_STLS&sinceTimePeriod=2010&untilTimePeriod=2022,stock at 1 Jan; citizen=FOR_STLS (foreign citizens incl. stateless),,,,,,,,,,,,,,,,,,,,,,A,,A,,,,,,,,,,,,,,,,,,,,,,,,,,,,,,,,,,
Iceland,ISL,IS,352,0,1,2022,382003,A,"World Bank, World Development Indicators (SP.POP.TOTL), sourced from UN World Population Prospects and national statistical offices",https://api.worldbank.org/v2/country/all/indicator/SP.POP.TOTL,380356,0.4330153855861351,71767.0,0.1878702523278613,1 January,Eurostat [migr_pop3ctb],https://ec.europa.eu/eurostat/api/dissemination/statistics/1.0/data/migr_pop3ctb?format=JSON&lang=EN&geo=IS&age=TOTAL&sex=T&unit=NR&c_birth=FOR&sinceTimePeriod=2010&untilTimePeriod=2022,stock at 1 Jan; c_birth=FOR (born in a foreign country),54959.0,0.1438705978748858,1 January,Eurostat [migr_pop1ctz],https://ec.europa.eu/eurostat/api/dissemination/statistics/1.0/data/migr_pop1ctz?format=JSON&lang=EN&geo=IS&age=TOTAL&sex=T&unit=NR&citizen=FOR_STLS&sinceTimePeriod=2010&untilTimePeriod=2022,stock at 1 Jan; citizen=FOR_STLS (foreign citizens incl. stateless),,,,,,,,,,,,,,,,,,,,,,A,,A,,,,,,,,,,,,,,,,,,,,,,,,,,,,,,,,,,
India,IND,IN,356,0,1,2010,1243481564,A,"World Bank, World Development Indicators (SP.POP.TOTL), sourced from UN World Population Prospects and national statistical offices",https://api.worldbank.org/v2/country/all/indicator/SP.POP.TOTL,1243481564,0.0,5601237.0,0.0045044793281712,Mid-year / 30 June,UN DESA International Migrant Stock (World Bank indicator SM.POP.TOTL),https://api.worldbank.org/v2/country/CHN;IND;PHL;RUS;ZAF;SUR;THA/indicator/SM.POP.TOTL?format=json&date=2010:2022&per_page=200,"UN estimate (not annual); mid-year benchmark year only; retrieved from World Bank mirror of UN DESA International Migrant Stock, accessed 2026-08",,,,,,,,,,,,,,,,,,,,,,,,,,,,A,,,,,,,,,,,,,,,,,,,,,,,,,,,,,,,,,,,,
India,IND,IN,356,0,1,2011,1261224954,A,"World Bank, World Development Indicators (SP.POP.TOTL), sourced from UN World Population Prospects and national statistical offices",https://api.worldbank.org/v2/country/all/indicator/SP.POP.TOTL,1261224954,0.0,5490000.0,0.0043529110192344,Census reference date,"Chandrasekhar S. and Sharma A., Migration in India: trends and characteristics, Demography India Vol. 51 No. 1 (2022) pp.160-175 (Census of India 2011 place-of-birth data)",https://iasp.ac.in/uploads/journal/10.%20Migration%20in%20India%20trends%20and%20characteristics-1669206793.pdf,"Census (Census of India 2011, place-of-birth / D-series tables), reference date 1 Mar 2011; value as published is rounded to the nearest thousand (5490 thousand; 2513 thousand male, 2977 thousand female = 0.44 per cent of population); no exact unit-level figure could be verified from censusindia.gov.in; India has no 2021 census (postponed), so no national 2021 benchmark exists",,,,,,,,,,,,,,,,,,,,,,,,,,,,B,The published figure appears in the archived source document.,,,,,,,,,,,,,,,,,,,,,,,,,,,,,,,,,,,
India,IND,IN,356,0,1,2012,1278674502,A,"World Bank, World Development Indicators (SP.POP.TOTL), sourced from UN World Population Prospects and national statistical offices",https://api.worldbank.org/v2/country/all/indicator/SP.POP.TOTL,1278674502,0.0,,,,,,,,,,,,,,,,,,,,,,,,,,,,,,,,,,,,,,,,,,,,,,,,,,,,,,,,,,,,,,,,,,,,,,
India,IND,IN,356,0,1,2013,1295829511,A,"World Bank, World Development Indicators (SP.POP.TOTL), sourced from UN World Population Prospects and national statistical offices",https://api.worldbank.org/v2/country/all/indicator/SP.POP.TOTL,1295829511,0.0,,,,,,,,,,,,,,,,,,,,,,,,,,,,,,,,,,,,,,,,,,,,,,,,,,,,,,,,,,,,,,,,,,,,,,
India,IND,IN,356,0,1,2014,1312277191,A,"World Bank, World Development Indicators (SP.POP.TOTL), sourced from UN World Population Prospects and national statistical offices",https://api.worldbank.org/v2/country/all/indicator/SP.POP.TOTL,1312277191,0.0,,,,,,,,,,,,,,,,,,,,,,,,,,,,,,,,,,,,,,,,,,,,,,,,,,,,,,,,,,,,,,,,,,,,,,
India,IND,IN,356,0,1,2015,1328024498,A,"World Bank, World Development Indicators (SP.POP.TOTL), sourced from UN World Population Prospects and national statistical offices",https://api.worldbank.org/v2/country/all/indicator/SP.POP.TOTL,1328024498,0.0,5252296.0,0.003954969210214,Mid-year / 30 June,UN DESA International Migrant Stock (World Bank indicator SM.POP.TOTL),https://api.worldbank.org/v2/country/CHN;IND;PHL;RUS;ZAF;SUR;THA/indicator/SM.POP.TOTL?format=json&date=2010:2022&per_page=200,"UN estimate (not annual); mid-year benchmark year only; retrieved from World Bank mirror of UN DESA International Migrant Stock, accessed 2026-08",,,,,,,,,,,,,,,,,,,,,,,,,,,,A,,,,,,,,,,,,,,,,,,,,,,,,,,,,,,,,,,,,
India,IND,IN,356,0,1,2016,1343944296,A,"World Bank, World Development Indicators (SP.POP.TOTL), sourced from UN World Population Prospects and national statistical offices",https://api.worldbank.org/v2/country/all/indicator/SP.POP.TOTL,1343944296,0.0,,,,,,,,,,,,,,,,,,,,,,,,,,,,,,,,,,,,,,,,,,,,,,,,,,,,,,,,,,,,,,,,,,,,,,
India,IND,IN,356,0,1,2017,1359657400,A,"World Bank, World Development Indicators (SP.POP.TOTL), sourced from UN World Population Prospects and national statistical offices",https://api.worldbank.org/v2/country/all/indicator/SP.POP.TOTL,1359657400,0.0,,,,,,,,,,,,,,,,,,,,,,,,,,,,,,,,,,,,,,,,,,,,,,,,,,,,,,,,,,,,,,,,,,,,,,
India,IND,IN,356,0,1,2018,1374659064,A,"World Bank, World Development Indicators (SP.POP.TOTL), sourced from UN World Population Prospects and national statistical offices",https://api.worldbank.org/v2/country/all/indicator/SP.POP.TOTL,1374659064,0.0,,,,,,,,,,,,,,,,,,,,,,,,,,,,,,,,,,,,,,,,,,,,,,,,,,,,,,,,,,,,,,,,,,,,,,
India,IND,IN,356,0,1,2019,1389030312,A,"World Bank, World Development Indicators (SP.POP.TOTL), sourced from UN World Population Prospects and national statistical offices",https://api.worldbank.org/v2/country/all/indicator/SP.POP.TOTL,1389030312,0.0,,,,,,,,,,,,,,,,,,,,,,,,,,,,,,,,,,,,,,,,,,,,,,,,,,,,,,,,,,,,,,,,,,,,,,
India,IND,IN,356,0,1,2020,1402617695,A,"World Bank, World Development Indicators (SP.POP.TOTL), sourced from UN World Population Prospects and national statistical offices",https://api.worldbank.org/v2/country/all/indicator/SP.POP.TOTL,1402617695,0.0,4929816.0,0.0035147253721193,Mid-year / 30 June,UN DESA International Migrant Stock (World Bank indicator SM.POP.TOTL),https://api.worldbank.org/v2/country/CHN;IND;PHL;RUS;ZAF;SUR;THA/indicator/SM.POP.TOTL?format=json&date=2010:2022&per_page=200,"UN estimate (not annual); mid-year benchmark year only; retrieved from World Bank mirror of UN DESA International Migrant Stock, accessed 2026-08",,,,,,,,,,,,,,,,,,,,,,,,,,,,A,,,,,,,,,,,,,,,,,,,,,,,,,,,,,,,,,,,,
India,IND,IN,356,0,1,2021,1414203896,A,"World Bank, World Development Indicators (SP.POP.TOTL), sourced from UN World Population Prospects and national statistical offices",https://api.worldbank.org/v2/country/all/indicator/SP.POP.TOTL,1414203896,0.0,,,,,,,,,,,,,,,,,,,,,,,,,,,,,,,,,,,,,,,,,,,,,,,,,,,,,,,,,,,,,,,,,,,,,,
India,IND,IN,356,0,1,2022,1425423212,A,"World Bank, World Development Indicators (SP.POP.TOTL), sourced from UN World Population Prospects and national statistical offices",https://api.worldbank.org/v2/country/all/indicator/SP.POP.TOTL,1425423212,0.0,,,,,,,,,,,,,,,,,,,,,,,,,,,,,,,,,,,,,,,,,,,,,,,,,,,,,,,,,,,,,,,,,,,,,,
Israel,ISR,IL,376,1,1,2010,7623600,A,"World Bank, World Development Indicators (SP.POP.TOTL), sourced from UN World Population Prospects and national statistical offices",https://api.worldbank.org/v2/country/all/indicator/SP.POP.TOTL,7336735,3.909981756189913,1877700.0,0.2463009601762946,31 December,"OECD International Migration Database (stocks of foreign-born population, measure B14)","https://sdmx.oecd.org/public/rest/data/OECD.ELS.IMD,DSD_MIG_F@DF_MIG_POPF,1.0/ISR.W.A.B14._T._Z._Z.PS?startPeriod=2010&endPeriod=2022&format=jsondata&dimensionAtObservation=AllDimensions",Population born abroad; OECD IMD series sourced from Israel CBS. Reference date 31 December. Figures for 2010-2015 are rounded by the source to the nearest 100 or 1000.,,,,,,,,,,,,,,,,,,,,,,,,,,,,A,,,,,,,,,,,,,,,,,,,,,,,,,,,,,,,,,,,,
Israel,ISR,IL,376,1,1,2011,7765800,A,"World Bank, World Development Indicators (SP.POP.TOTL), sourced from UN World Population Prospects and national statistical offices",https://api.worldbank.org/v2/country/all/indicator/SP.POP.TOTL,7471023,3.94560423652825,1869000.0,0.2406706327744726,31 December,"OECD International Migration Database (stocks of foreign-born population, measure B14)","https://sdmx.oecd.org/public/rest/data/OECD.ELS.IMD,DSD_MIG_F@DF_MIG_POPF,1.0/ISR.W.A.B14._T._Z._Z.PS?startPeriod=2010&endPeriod=2022&format=jsondata&dimensionAtObservation=AllDimensions",Population born abroad; OECD IMD series sourced from Israel CBS. Reference date 31 December. Figures for 2010-2015 are rounded by the source to the nearest 100 or 1000.,,,,,,,,,,,,,,,,,,,,,,,,,,,,A,,,,,,,,,,,,,,,,,,,,,,,,,,,,,,,,,,,,
Israel,ISR,IL,376,1,1,2012,7910500,A,"World Bank, World Development Indicators (SP.POP.TOTL), sourced from UN World Population Prospects and national statistical offices",https://api.worldbank.org/v2/country/all/indicator/SP.POP.TOTL,7607780,3.979084568691524,1850000.0,0.2338663801276784,31 December,"OECD International Migration Database (stocks of foreign-born population, measure B14)","https://sdmx.oecd.org/public/rest/data/OECD.ELS.IMD,DSD_MIG_F@DF_MIG_POPF,1.0/ISR.W.A.B14._T._Z._Z.PS?startPeriod=2010&endPeriod=2022&format=jsondata&dimensionAtObservation=AllDimensions",Population born abroad; OECD IMD series sourced from Israel CBS. Reference date 31 December. Figures for 2010-2015 are rounded by the source to the nearest 100 or 1000.,,,,,,,,,,,,,,,,,,,,,,,,,,,,A,,,,,,,,,,,,,,,,,,,,,,,,,,,,,,,,,,,,
Israel,ISR,IL,376,1,1,2013,8059500,A,"World Bank, World Development Indicators (SP.POP.TOTL), sourced from UN World Population Prospects and national statistical offices",https://api.worldbank.org/v2/country/all/indicator/SP.POP.TOTL,7749379,4.001881957251026,1835000.0,0.2276816179663751,31 December,"OECD International Migration Database (stocks of foreign-born population, measure B14)","https://sdmx.oecd.org/public/rest/data/OECD.ELS.IMD,DSD_MIG_F@DF_MIG_POPF,1.0/ISR.W.A.B14._T._Z._Z.PS?startPeriod=2010&endPeriod=2022&format=jsondata&dimensionAtObservation=AllDimensions",Population born abroad; OECD IMD series sourced from Israel CBS. Reference date 31 December. Figures for 2010-2015 are rounded by the source to the nearest 100 or 1000.,,,,,,,,,,,,,,,,,,,,,,,,,,,,A,,,,,,,,,,,,,,,,,,,,,,,,,,,,,,,,,,,,
Israel,ISR,IL,376,1,1,2014,8215700,A,"World Bank, World Development Indicators (SP.POP.TOTL), sourced from UN World Population Prospects and national statistical offices",https://api.worldbank.org/v2/country/all/indicator/SP.POP.TOTL,7897179,4.033351656331964,1821000.0,0.2216487943814891,31 December,"OECD International Migration Database (stocks of foreign-born population, measure B14)","https://sdmx.oecd.org/public/rest/data/OECD.ELS.IMD,DSD_MIG_F@DF_MIG_POPF,1.0/ISR.W.A.B14._T._Z._Z.PS?startPeriod=2010&endPeriod=2022&format=jsondata&dimensionAtObservation=AllDimensions",Population born abroad; OECD IMD series sourced from Israel CBS. Reference date 31 December. Figures for 2010-2015 are rounded by the source to the nearest 100 or 1000.,,,,,,,,,,,,,,,,,,,,,,,,,,,,A,,,,,,,,,,,,,,,,,,,,,,,,,,,,,,,,,,,,
Israel,ISR,IL,376,1,1,2015,8380100,A,"World Bank, World Development Indicators (SP.POP.TOTL), sourced from UN World Population Prospects and national statistical offices",https://api.worldbank.org/v2/country/all/indicator/SP.POP.TOTL,8052908,4.063029156672347,1817000.0,0.2168231882674431,31 December,"OECD International Migration Database (stocks of foreign-born population, measure B14)","https://sdmx.oecd.org/public/rest/data/OECD.ELS.IMD,DSD_MIG_F@DF_MIG_POPF,1.0/ISR.W.A.B14._T._Z._Z.PS?startPeriod=2010&endPeriod=2022&format=jsondata&dimensionAtObservation=AllDimensions",Population born abroad; OECD IMD series sourced from Israel CBS. Reference date 31 December. Figures for 2010-2015 are rounded by the source to the nearest 100 or 1000.,,,,,,,,,,,,,,,,,,,,,,,,,,,,A,,,,,,,,,,,,,,,,,,,,,,,,,,,,,,,,,,,,
Israel,ISR,IL,376,1,1,2016,8546000,A,"World Bank, World Development Indicators (SP.POP.TOTL), sourced from UN World Population Prospects and national statistical offices",https://api.worldbank.org/v2/country/all/indicator/SP.POP.TOTL,8210005,4.092506642809597,1817500.0,0.2126725953662532,31 December,"OECD International Migration Database (stocks of foreign-born population, measure B14)","https://sdmx.oecd.org/public/rest/data/OECD.ELS.IMD,DSD_MIG_F@DF_MIG_POPF,1.0/ISR.W.A.B14._T._Z._Z.PS?startPeriod=2010&endPeriod=2022&format=jsondata&dimensionAtObservation=AllDimensions",Population born abroad; OECD IMD series sourced from Israel CBS. Reference date 31 December. Figures for 2010-2015 are rounded by the source to the nearest 100 or 1000.,,,,,,,,,,,,,,,,,,,,,,,,,,,,A,,,,,,,,,,,,,,,,,,,,,,,,,,,,,,,,,,,,
Israel,ISR,IL,376,1,1,2017,8713300,A,"World Bank, World Development Indicators (SP.POP.TOTL), sourced from UN World Population Prospects and national statistical offices",https://api.worldbank.org/v2/country/all/indicator/SP.POP.TOTL,8361797,4.203677750129548,1812420.0,0.2080061515154992,31 December,"OECD International Migration Database (stocks of foreign-born population, measure B14)","https://sdmx.oecd.org/public/rest/data/OECD.ELS.IMD,DSD_MIG_F@DF_MIG_POPF,1.0/ISR.W.A.B14._T._Z._Z.PS?startPeriod=2010&endPeriod=2022&format=jsondata&dimensionAtObservation=AllDimensions",Population born abroad; OECD IMD series sourced from Israel CBS. Reference date 31 December. Figures for 2010-2015 are rounded by the source to the nearest 100 or 1000.,,,,,,,,,,,,,,,,,,,,,,,,,,,,A,,,,,,,,,,,,,,,,,,,,,,,,,,,,,,,,,,,,
Israel,ISR,IL,376,1,1,2018,8882800,A,"World Bank, World Development Indicators (SP.POP.TOTL), sourced from UN World Population Prospects and national statistical offices",https://api.worldbank.org/v2/country/all/indicator/SP.POP.TOTL,8510067,4.379906762191179,1811240.0,0.2039041743594362,31 December,"OECD International Migration Database (stocks of foreign-born population, measure B14)","https://sdmx.oecd.org/public/rest/data/OECD.ELS.IMD,DSD_MIG_F@DF_MIG_POPF,1.0/ISR.W.A.B14._T._Z._Z.PS?startPeriod=2010&endPeriod=2022&format=jsondata&dimensionAtObservation=AllDimensions",Population born abroad; OECD IMD series sourced from Israel CBS. Reference date 31 December. Figures for 2010-2015 are rounded by the source to the nearest 100 or 1000.,,,,,,,,,,,,,,,,,,,,,,,,,,,,A,,,,,,,,,,,,,,,,,,,,,,,,,,,,,,,,,,,,
Israel,ISR,IL,376,1,1,2019,9054000,A,"World Bank, World Development Indicators (SP.POP.TOTL), sourced from UN World Population Prospects and national statistical offices",https://api.worldbank.org/v2/country/all/indicator/SP.POP.TOTL,8657474,4.580158138505527,1808920.0,0.1997923569692953,31 December,"OECD International Migration Database (stocks of foreign-born population, measure B14)","https://sdmx.oecd.org/public/rest/data/OECD.ELS.IMD,DSD_MIG_F@DF_MIG_POPF,1.0/ISR.W.A.B14._T._Z._Z.PS?startPeriod=2010&endPeriod=2022&format=jsondata&dimensionAtObservation=AllDimensions",Population born abroad; OECD IMD series sourced from Israel CBS. Reference date 31 December. Figures for 2010-2015 are rounded by the source to the nearest 100 or 1000.,,,,,,,,,,,,,,,,,,,,,,,,,,,,A,,,,,,,,,,,,,,,,,,,,,,,,,,,,,,,,,,,,
Israel,ISR,IL,376,1,1,2020,9215100,A,"World Bank, World Development Indicators (SP.POP.TOTL), sourced from UN World Population Prospects and national statistical offices",https://api.worldbank.org/v2/country/all/indicator/SP.POP.TOTL,8800376,4.712571371950471,1812180.0,0.1966533190090178,31 December,"OECD International Migration Database (stocks of foreign-born population, measure B14)","https://sdmx.oecd.org/public/rest/data/OECD.ELS.IMD,DSD_MIG_F@DF_MIG_POPF,1.0/ISR.W.A.B14._T._Z._Z.PS?startPeriod=2010&endPeriod=2022&format=jsondata&dimensionAtObservation=AllDimensions",Population born abroad; OECD IMD series sourced from Israel CBS. Reference date 31 December. Figures for 2010-2015 are rounded by the source to the nearest 100 or 1000.,,,,,,,30100.0,0.0032663780100053,See note,"Israel Population and Immigration Authority (רשות האוכלוסין וההגירה), Foreigners in Israel (נתוני זרים בישראל), Q1 2022",https://www.gov.il/BlobFolder/generalpage/foreign_workers_stats/he/zarim_2022_q1.pdf,"Reference date end of 2020. Administrative register count of persons who entered Israel as tourists and remained without a valid permit; published as '30.1 thousand'. Excludes infiltrators and lapsed foreign workers, which PIBA counts separately.",1.0,,,,,,,,,,,,,,,A,,,,B,The published figure appears in the archived source document.,,,,,,,,,,,,,,,,,,,,,,,,,,,,,,,
Israel,ISR,IL,376,1,1,2021,9371400,A,"World Bank, World Development Indicators (SP.POP.TOTL), sourced from UN World Population Prospects and national statistical offices",https://api.worldbank.org/v2/country/all/indicator/SP.POP.TOTL,8942924,4.791229356304492,1797300.0,0.1917856456879441,31 December,"OECD International Migration Database (stocks of foreign-born population, measure B14)","https://sdmx.oecd.org/public/rest/data/OECD.ELS.IMD,DSD_MIG_F@DF_MIG_POPF,1.0/ISR.W.A.B14._T._Z._Z.PS?startPeriod=2010&endPeriod=2022&format=jsondata&dimensionAtObservation=AllDimensions",Population born abroad; OECD IMD series sourced from Israel CBS. Reference date 31 December. Figures for 2010-2015 are rounded by the source to the nearest 100 or 1000.,,,,,,,,,,,,,,,,,,,,,,,,,,,,A,,,,,,,,,,,,,,,,,,,,,,,,,,,,,,,,,,,,
Israel,ISR,IL,376,1,1,2022,9557500,A,"World Bank, World Development Indicators (SP.POP.TOTL), sourced from UN World Population Prospects and national statistical offices",https://api.worldbank.org/v2/country/all/indicator/SP.POP.TOTL,9103151,4.991117910710258,1792880.0,0.1875888046037143,31 December,"OECD International Migration Database (stocks of foreign-born population, measure B14)","https://sdmx.oecd.org/public/rest/data/OECD.ELS.IMD,DSD_MIG_F@DF_MIG_POPF,1.0/ISR.W.A.B14._T._Z._Z.PS?startPeriod=2010&endPeriod=2022&format=jsondata&dimensionAtObservation=AllDimensions",Population born abroad; OECD IMD series sourced from Israel CBS. Reference date 31 December. Figures for 2010-2015 are rounded by the source to the nearest 100 or 1000.,,,,,,,26798.0,0.0028038713052576,See note,"Israel Population and Immigration Authority (רשות האוכלוסין וההגירה), Foreigners in Israel (נתוני זרים בישראל), Q1 2022",https://www.gov.il/BlobFolder/generalpage/foreign_workers_stats/he/zarim_2022_q1.pdf,"Reference date 31 March 2022. Administrative register count of 'infiltrators' (מסתננים) resident in Israel, i.e. persons who entered irregularly via the Egyptian border; 76% Eritrean, 14% Sudanese. Separate PIBA category from tourist overstayers and lapsed workers.",2.0,,,,,,,,,,,,,,,A,,,,B,The published figure appears in the archived source document.,,,,,,,,,,,,,,,,,,,,,,,,,,,,,,,
Italy,ITA,IT,380,1,1,2010,59819407,A,"World Bank, World Development Indicators (SP.POP.TOTL), sourced from UN World Population Prospects and national statistical offices",https://api.worldbank.org/v2/country/all/indicator/SP.POP.TOTL,60164213,-0.5731081365595192,4597046.0,0.0768487390722545,1 January,Eurostat [migr_pop3ctb],https://ec.europa.eu/eurostat/api/dissemination/statistics/1.0/data/migr_pop3ctb?format=JSON&lang=EN&geo=IT&age=TOTAL&sex=T&unit=NR&c_birth=FOR&sinceTimePeriod=2010&untilTimePeriod=2022,stock at 1 Jan; c_birth=FOR (born in a foreign country),3836349.0,0.0641321803808586,1 January,Eurostat [migr_pop1ctz],https://ec.europa.eu/eurostat/api/dissemination/statistics/1.0/data/migr_pop1ctz?format=JSON&lang=EN&geo=IT&age=TOTAL&sex=T&unit=NR&citizen=FOR_STLS&sinceTimePeriod=2010&untilTimePeriod=2022,stock at 1 Jan; citizen=FOR_STLS (foreign citizens incl. stateless),454000.0,0.0075895102069467,1 January,"Fondazione ISMU, Stime stranieri irregolari 1991-2021 (agg. maggio 2022)",https://test.ismu.org/wp-content/uploads/2022/11/Stime-irregolari-ISMU_1991_2021_agg_maggio-2022.xls,"ISMU estimate of irregularly present foreigners, stock at 1 January.",,,,,,,46955.0,Full calendar year (flow),"Eurostat, Third country nationals found to be illegally present (migr_eipre)",https://ec.europa.eu/eurostat/databrowser/view/migr_eipre/default/table,"Eurostat enforcement statistic - annual flow of detections, NOT a stock. Dataset migr_eipre, dimensions freq=A citizen=TOTAL reason=TOTAL apprehen=TOTAL sex=T age=TOTAL unit=PER. Rounded to nearest 5 by Eurostat.",,,0.7849459290026062,,A,,A,,A,"Matches the official ISMU series ""Stime stranieri irregolari 1991-2021"" exactly.",,,A,,,,,,,,,,,,,,,,,,,,,,,,,,,,
Italy,ITA,IT,380,1,1,2011,60026841,A,"World Bank, World Development Indicators (SP.POP.TOTL), sourced from UN World Population Prospects and national statistical offices",https://api.worldbank.org/v2/country/all/indicator/SP.POP.TOTL,60367880,-0.5649345314097497,4834495.0,0.0805388875953009,1 January,Eurostat [migr_pop3ctb],https://ec.europa.eu/eurostat/api/dissemination/statistics/1.0/data/migr_pop3ctb?format=JSON&lang=EN&geo=IT&age=TOTAL&sex=T&unit=NR&c_birth=FOR&sinceTimePeriod=2010&untilTimePeriod=2022,stock at 1 Jan; c_birth=FOR (born in a foreign country),4101335.0,0.0683250181364699,1 January,Eurostat [migr_pop1ctz],https://ec.europa.eu/eurostat/api/dissemination/statistics/1.0/data/migr_pop1ctz?format=JSON&lang=EN&geo=IT&age=TOTAL&sex=T&unit=NR&citizen=FOR_STLS&sinceTimePeriod=2010&untilTimePeriod=2022,stock at 1 Jan; citizen=FOR_STLS (foreign citizens incl. stateless),443000.0,0.0073800318760735,1 January,"Fondazione ISMU, Stime stranieri irregolari 1991-2021 (agg. maggio 2022)",https://test.ismu.org/wp-content/uploads/2022/11/Stime-irregolari-ISMU_1991_2021_agg_maggio-2022.xls,"ISMU estimate of irregularly present foreigners, stock at 1 January.",,,,,,,29505.0,Full calendar year (flow),"Eurostat, Third country nationals found to be illegally present (migr_eipre)",https://ec.europa.eu/eurostat/databrowser/view/migr_eipre/default/table,"Eurostat enforcement statistic - annual flow of detections, NOT a stock. Dataset migr_eipre, dimensions freq=A citizen=TOTAL reason=TOTAL apprehen=TOTAL sex=T age=TOTAL unit=PER. Rounded to nearest 5 by Eurostat.",,,0.4915301140035005,,A,,A,,A,"Matches the official ISMU series ""Stime stranieri irregolari 1991-2021"" exactly.",,,A,,,,,,,,,,,,,,,,,,,,,,,,,,,,
Italy,ITA,IT,380,1,1,2012,60191247,A,"World Bank, World Development Indicators (SP.POP.TOTL), sourced from UN World Population Prospects and national statistical offices",https://api.worldbank.org/v2/country/all/indicator/SP.POP.TOTL,60531515,-0.562133625765025,5022967.0,0.0834501235702925,1 January,Eurostat [migr_pop3ctb],https://ec.europa.eu/eurostat/api/dissemination/statistics/1.0/data/migr_pop3ctb?format=JSON&lang=EN&geo=IT&age=TOTAL&sex=T&unit=NR&c_birth=FOR&sinceTimePeriod=2010&untilTimePeriod=2022,stock at 1 Jan; c_birth=FOR (born in a foreign country),4319201.0,0.0717579584287396,1 January,Eurostat [migr_pop1ctz],https://ec.europa.eu/eurostat/api/dissemination/statistics/1.0/data/migr_pop1ctz?format=JSON&lang=EN&geo=IT&age=TOTAL&sex=T&unit=NR&citizen=FOR_STLS&sinceTimePeriod=2010&untilTimePeriod=2022,stock at 1 Jan; citizen=FOR_STLS (foreign citizens incl. stateless),326000.0,0.0054160698813898,1 January,"Fondazione ISMU, Stime stranieri irregolari 1991-2021 (agg. maggio 2022)",https://test.ismu.org/wp-content/uploads/2022/11/Stime-irregolari-ISMU_1991_2021_agg_maggio-2022.xls,"ISMU estimate of irregularly present foreigners, stock at 1 January.",,,,,,,29345.0,Full calendar year (flow),"Eurostat, Third country nationals found to be illegally present (migr_eipre)",https://ec.europa.eu/eurostat/databrowser/view/migr_eipre/default/table,"Eurostat enforcement statistic - annual flow of detections, NOT a stock. Dataset migr_eipre, dimensions freq=A citizen=TOTAL reason=TOTAL apprehen=TOTAL sex=T age=TOTAL unit=PER. Rounded to nearest 5 by Eurostat.",,,0.4875293578815537,,A,,A,,A,"Matches the official ISMU series ""Stime stranieri irregolari 1991-2021"" exactly.",,,A,,,,,,,,,,,,,,,,,,,,,,,,,,,,
Italy,ITA,IT,380,1,1,2013,60311613,A,"World Bank, World Development Indicators (SP.POP.TOTL), sourced from UN World Population Prospects and national statistical offices",https://api.worldbank.org/v2/country/all/indicator/SP.POP.TOTL,60653868,-0.5642756369634991,5220823.0,0.0865641414697365,1 January,Eurostat [migr_pop3ctb],https://ec.europa.eu/eurostat/api/dissemination/statistics/1.0/data/migr_pop3ctb?format=JSON&lang=EN&geo=IT&age=TOTAL&sex=T&unit=NR&c_birth=FOR&sinceTimePeriod=2010&untilTimePeriod=2022,stock at 1 Jan; c_birth=FOR (born in a foreign country),4610493.0,0.0764445315034104,1 January,Eurostat [migr_pop1ctz],https://ec.europa.eu/eurostat/api/dissemination/statistics/1.0/data/migr_pop1ctz?format=JSON&lang=EN&geo=IT&age=TOTAL&sex=T&unit=NR&citizen=FOR_STLS&sinceTimePeriod=2010&untilTimePeriod=2022,stock at 1 Jan; citizen=FOR_STLS (foreign citizens incl. stateless),294000.0,0.0048746830896398,1 January,"Fondazione ISMU, Stime stranieri irregolari 1991-2021 (agg. maggio 2022)",https://test.ismu.org/wp-content/uploads/2022/11/Stime-irregolari-ISMU_1991_2021_agg_maggio-2022.xls,"ISMU estimate of irregularly present foreigners, stock at 1 January.",,,,,,,23945.0,Full calendar year (flow),"Eurostat, Third country nationals found to be illegally present (migr_eipre)",https://ec.europa.eu/eurostat/databrowser/view/migr_eipre/default/table,"Eurostat enforcement statistic - annual flow of detections, NOT a stock. Dataset migr_eipre, dimensions freq=A citizen=TOTAL reason=TOTAL apprehen=TOTAL sex=T age=TOTAL unit=PER. Rounded to nearest 5 by Eurostat.",,,0.3970213829300171,,A,,A,,A,"Matches the official ISMU series ""Stime stranieri irregolari 1991-2021"" exactly.",,,A,,,,,,,,,,,,,,,,,,,,,,,,,,,,
Italy,ITA,IT,380,1,1,2014,60320707,A,"World Bank, World Development Indicators (SP.POP.TOTL), sourced from UN World Population Prospects and national statistical offices",https://api.worldbank.org/v2/country/all/indicator/SP.POP.TOTL,60664171,-0.566172741402829,5355018.0,0.0887757830822506,1 January,Eurostat [migr_pop3ctb],https://ec.europa.eu/eurostat/api/dissemination/statistics/1.0/data/migr_pop3ctb?format=JSON&lang=EN&geo=IT&age=TOTAL&sex=T&unit=NR&c_birth=FOR&sinceTimePeriod=2010&untilTimePeriod=2022,stock at 1 Jan; c_birth=FOR (born in a foreign country),4787166.0,0.0793619013782447,1 January,Eurostat [migr_pop1ctz],https://ec.europa.eu/eurostat/api/dissemination/statistics/1.0/data/migr_pop1ctz?format=JSON&lang=EN&geo=IT&age=TOTAL&sex=T&unit=NR&citizen=FOR_STLS&sinceTimePeriod=2010&untilTimePeriod=2022,stock at 1 Jan; citizen=FOR_STLS (foreign citizens incl. stateless),350000.0,0.0058023192599516,1 January,"Fondazione ISMU, Stime stranieri irregolari 1991-2021 (agg. maggio 2022)",https://test.ismu.org/wp-content/uploads/2022/11/Stime-irregolari-ISMU_1991_2021_agg_maggio-2022.xls,"ISMU estimate of irregularly present foreigners, stock at 1 January.",1.0,,,,,,25300.0,Full calendar year (flow),"Eurostat, Third country nationals found to be illegally present (migr_eipre)",https://ec.europa.eu/eurostat/databrowser/view/migr_eipre/default/table,"Eurostat enforcement statistic - annual flow of detections, NOT a stock. Dataset migr_eipre, dimensions freq=A citizen=TOTAL reason=TOTAL apprehen=TOTAL sex=T age=TOTAL unit=PER. Rounded to nearest 5 by Eurostat.",,,0.4194247922193617,,A,,A,,A,"Matches the official ISMU series ""Stime stranieri irregolari 1991-2021"" exactly.",,,A,,,,,,,,,,,,,,,,,,,,,,,,,,,,
Italy,ITA,IT,380,1,1,2015,60229605,A,"World Bank, World Development Indicators (SP.POP.TOTL), sourced from UN World Population Prospects and national statistical offices",https://api.worldbank.org/v2/country/all/indicator/SP.POP.TOTL,60575316,-0.5707126645447462,5383252.0,0.0893788362052183,1 January,Eurostat [migr_pop3ctb],https://ec.europa.eu/eurostat/api/dissemination/statistics/1.0/data/migr_pop3ctb?format=JSON&lang=EN&geo=IT&age=TOTAL&sex=T&unit=NR&c_birth=FOR&sinceTimePeriod=2010&untilTimePeriod=2022,stock at 1 Jan; c_birth=FOR (born in a foreign country),4835245.0,0.0802802043945,1 January,Eurostat [migr_pop1ctz],https://ec.europa.eu/eurostat/api/dissemination/statistics/1.0/data/migr_pop1ctz?format=JSON&lang=EN&geo=IT&age=TOTAL&sex=T&unit=NR&citizen=FOR_STLS&sinceTimePeriod=2010&untilTimePeriod=2022,stock at 1 Jan; citizen=FOR_STLS (foreign citizens incl. stateless),404000.0,0.0067076647771473,1 January,"Fondazione ISMU, XXII Rapporto sulle migrazioni 2016",https://www.antoniocasella.eu/nume/Ismu_1dic2016.pdf,"ISMU annual estimate of irregular presence at 1 January (stranieri irregolarmente presenti); derived from ISMU's reconstruction of total foreign presence (regular registered, regular unregistered, irregular) benchmarked on ISTAT resident population, residence permits and regularisation/amnesty administrative records. Point estimate, no published interval. NOTE: for 2015-2017 an alternative Pew estimate also exists in this file - do not sum.",2.0,,,,,,27305.0,Full calendar year (flow),"Eurostat, Third country nationals found to be illegally present (migr_eipre)",https://ec.europa.eu/eurostat/databrowser/view/migr_eipre/default/table,"Eurostat enforcement statistic - annual flow of detections, NOT a stock. Dataset migr_eipre, dimensions freq=A citizen=TOTAL reason=TOTAL apprehen=TOTAL sex=T age=TOTAL unit=PER. Rounded to nearest 5 by Eurostat.",,,0.4533484820297261,,A,,A,,B,"Matches the official ISMU series ""Stime stranieri irregolari 1991-2021"" exactly.",,,A,,,,,,,,,,,,,,,,,,,,,,,,,,,,
Italy,ITA,IT,380,1,1,2016,60115223,A,"World Bank, World Development Indicators (SP.POP.TOTL), sourced from UN World Population Prospects and national statistical offices",https://api.worldbank.org/v2/country/all/indicator/SP.POP.TOTL,60478107,-0.6000253943133504,5656510.0,0.0940944692162249,1 January,Eurostat [migr_pop3ctb],https://ec.europa.eu/eurostat/api/dissemination/statistics/1.0/data/migr_pop3ctb?format=JSON&lang=EN&geo=IT&age=TOTAL&sex=T&unit=NR&c_birth=FOR&sinceTimePeriod=2010&untilTimePeriod=2022,stock at 1 Jan; c_birth=FOR (born in a foreign country),4831042.0,0.0803630388262886,1 January,Eurostat [migr_pop1ctz],https://ec.europa.eu/eurostat/api/dissemination/statistics/1.0/data/migr_pop1ctz?format=JSON&lang=EN&geo=IT&age=TOTAL&sex=T&unit=NR&citizen=FOR_STLS&sinceTimePeriod=2010&untilTimePeriod=2022,stock at 1 Jan; citizen=FOR_STLS (foreign citizens incl. stateless),435000.0,0.0072361039066593,1 January,"Fondazione ISMU, XXII Rapporto sulle migrazioni 2016",https://www.antoniocasella.eu/nume/Ismu_1dic2016.pdf,"ISMU annual estimate of irregular presence at 1 January (stranieri irregolarmente presenti); derived from ISMU's reconstruction of total foreign presence (regular registered, regular unregistered, irregular) benchmarked on ISTAT resident population, residence permits and regularisation/amnesty administrative records. Point estimate, no published interval. NOTE: for 2015-2017 an alternative Pew estimate also exists in this file - do not sum.",2.0,,,,,,32365.0,Full calendar year (flow),"Eurostat, Third country nationals found to be illegally present (migr_eipre)",https://ec.europa.eu/eurostat/databrowser/view/migr_eipre/default/table,"Eurostat enforcement statistic - annual flow of detections, NOT a stock. Dataset migr_eipre, dimensions freq=A citizen=TOTAL reason=TOTAL apprehen=TOTAL sex=T age=TOTAL unit=PER. Rounded to nearest 5 by Eurostat.",,,0.5383827653770826,,A,,A,,B,"Matches the official ISMU series ""Stime stranieri irregolari 1991-2021"" exactly.",,,A,,,,,,,,,,,,,,,,,,,,,,,,,,,,
Italy,ITA,IT,380,1,1,2017,60002252,A,"World Bank, World Development Indicators (SP.POP.TOTL), sourced from UN World Population Prospects and national statistical offices",https://api.worldbank.org/v2/country/all/indicator/SP.POP.TOTL,60390318,-0.6425963844071826,5770263.0,0.0961674405153993,1 January,Eurostat [migr_pop3ctb],https://ec.europa.eu/eurostat/api/dissemination/statistics/1.0/data/migr_pop3ctb?format=JSON&lang=EN&geo=IT&age=TOTAL&sex=T&unit=NR&c_birth=FOR&sinceTimePeriod=2010&untilTimePeriod=2022,stock at 1 Jan; c_birth=FOR (born in a foreign country),4818633.0,0.0803075357904899,1 January,Eurostat [migr_pop1ctz],https://ec.europa.eu/eurostat/api/dissemination/statistics/1.0/data/migr_pop1ctz?format=JSON&lang=EN&geo=IT&age=TOTAL&sex=T&unit=NR&citizen=FOR_STLS&sinceTimePeriod=2010&untilTimePeriod=2022,stock at 1 Jan; citizen=FOR_STLS (foreign citizens incl. stateless),491000.0,0.0081830261970834,1 January,"Fondazione ISMU estimate, reported in Neodemos",https://www.neodemos.info/2018/07/27/irregolari-sanatorie-e-rimpatri/,"ISMU annual estimate of irregular presence at 1 January (stranieri irregolarmente presenti); derived from ISMU's reconstruction of total foreign presence (regular registered, regular unregistered, irregular) benchmarked on ISTAT resident population, residence permits and regularisation/amnesty administrative records. Point estimate, no published interval. NOTE: for 2015-2017 an alternative Pew estimate also exists in this file - do not sum.",2.0,,,,,,36230.0,Full calendar year (flow),"Eurostat, Third country nationals found to be illegally present (migr_eipre)",https://ec.europa.eu/eurostat/databrowser/view/migr_eipre/default/table,"Eurostat enforcement statistic - annual flow of detections, NOT a stock. Dataset migr_eipre, dimensions freq=A citizen=TOTAL reason=TOTAL apprehen=TOTAL sex=T age=TOTAL unit=PER. Rounded to nearest 5 by Eurostat.",,,0.6038106703061745,,A,,A,,B,"Matches the official ISMU series ""Stime stranieri irregolari 1991-2021"" exactly.",,,A,,,,,,,,,,,,,,,,,,,,,,,,,,,,
Italy,ITA,IT,380,1,1,2018,59877221,A,"World Bank, World Development Indicators (SP.POP.TOTL), sourced from UN World Population Prospects and national statistical offices",https://api.worldbank.org/v2/country/all/indicator/SP.POP.TOTL,60277499,-0.6640587393979303,5888837.0,0.0983485355808346,1 January,Eurostat [migr_pop3ctb],https://ec.europa.eu/eurostat/api/dissemination/statistics/1.0/data/migr_pop3ctb?format=JSON&lang=EN&geo=IT&age=TOTAL&sex=T&unit=NR&c_birth=FOR&sinceTimePeriod=2010&untilTimePeriod=2022,stock at 1 Jan; c_birth=FOR (born in a foreign country),4883451.0,0.0815577429687326,1 January,Eurostat [migr_pop1ctz],https://ec.europa.eu/eurostat/api/dissemination/statistics/1.0/data/migr_pop1ctz?format=JSON&lang=EN&geo=IT&age=TOTAL&sex=T&unit=NR&citizen=FOR_STLS&sinceTimePeriod=2010&untilTimePeriod=2022,stock at 1 Jan; citizen=FOR_STLS (foreign citizens incl. stateless),533000.0,0.0089015487208399,1 January,"Fondazione ISMU, XXIV Rapporto sulle migrazioni 2018",https://www.vita.it/rapporto-ismu-calano-gli-sbarcati-ma-sale-la-quota-degli-irregolari/,"ISMU annual estimate of irregular presence at 1 January (stranieri irregolarmente presenti); derived from ISMU's reconstruction of total foreign presence (regular registered, regular unregistered, irregular) benchmarked on ISTAT resident population, residence permits and regularisation/amnesty administrative records. Point estimate, no published interval. NOTE: for 2015-2017 an alternative Pew estimate also exists in this file - do not sum.",1.0,,,,,,26780.0,Full calendar year (flow),"Eurostat, Third country nationals found to be illegally present (migr_eipre)",https://ec.europa.eu/eurostat/databrowser/view/migr_eipre/default/table,"Eurostat enforcement statistic - annual flow of detections, NOT a stock. Dataset migr_eipre, dimensions freq=A citizen=TOTAL reason=TOTAL apprehen=TOTAL sex=T age=TOTAL unit=PER. Rounded to nearest 5 by Eurostat.",,,0.4472485454861039,,A,,A,,B,"Matches the official ISMU series ""Stime stranieri irregolari 1991-2021"" exactly.",,,A,,,,,,,,,,,,,,,,,,,,,,,,,,,,
Italy,ITA,IT,380,1,1,2019,59729081,A,"World Bank, World Development Indicators (SP.POP.TOTL), sourced from UN World Population Prospects and national statistical offices",https://api.worldbank.org/v2/country/all/indicator/SP.POP.TOTL,60130136,-0.6669783683841992,6069000.0,0.10160879588956,1 January,Eurostat [migr_pop3ctb],https://ec.europa.eu/eurostat/api/dissemination/statistics/1.0/data/migr_pop3ctb?format=JSON&lang=EN&geo=IT&age=TOTAL&sex=T&unit=NR&c_birth=FOR&sinceTimePeriod=2010&untilTimePeriod=2022,stock at 1 Jan; c_birth=FOR (born in a foreign country),4996158.0,0.0836469926600745,1 January,Eurostat [migr_pop1ctz],https://ec.europa.eu/eurostat/api/dissemination/statistics/1.0/data/migr_pop1ctz?format=JSON&lang=EN&geo=IT&age=TOTAL&sex=T&unit=NR&citizen=FOR_STLS&sinceTimePeriod=2010&untilTimePeriod=2022,stock at 1 Jan; citizen=FOR_STLS (foreign citizens incl. stateless),562000.0,0.0094091519673641,1 January,"Fondazione ISMU, XXV Rapporto sulle migrazioni 2019",https://www.ismu.org/comunicato-stampa-xxv-rapporto-ismu/,"ISMU annual estimate of irregular presence at 1 January (stranieri irregolarmente presenti); derived from ISMU's reconstruction of total foreign presence (regular registered, regular unregistered, irregular) benchmarked on ISTAT resident population, residence permits and regularisation/amnesty administrative records. Point estimate, no published interval. NOTE: for 2015-2017 an alternative Pew estimate also exists in this file - do not sum.",1.0,,,,,,26885.0,Full calendar year (flow),"Eurostat, Third country nationals found to be illegally present (migr_eipre)",https://ec.europa.eu/eurostat/databrowser/view/migr_eipre/default/table,"Eurostat enforcement statistic - annual flow of detections, NOT a stock. Dataset migr_eipre, dimensions freq=A citizen=TOTAL reason=TOTAL apprehen=TOTAL sex=T age=TOTAL unit=PER. Rounded to nearest 5 by Eurostat.",,,0.4501157484743487,,A,,A,,B,"Matches the official ISMU series ""Stime stranieri irregolari 1991-2021"" exactly.",,,A,,,,,,,,,,,,,,,,,,,,,,,,,,,,
Italy,ITA,IT,380,1,1,2020,59438851,A,"World Bank, World Development Indicators (SP.POP.TOTL), sourced from UN World Population Prospects and national statistical offices",https://api.worldbank.org/v2/country/all/indicator/SP.POP.TOTL,59912769,-0.7910133480894532,6161391.0,0.1036593220821176,1 January,Eurostat [migr_pop3ctb],https://ec.europa.eu/eurostat/api/dissemination/statistics/1.0/data/migr_pop3ctb?format=JSON&lang=EN&geo=IT&age=TOTAL&sex=T&unit=NR&c_birth=FOR&sinceTimePeriod=2010&untilTimePeriod=2022,stock at 1 Jan; c_birth=FOR (born in a foreign country),5039637.0,0.0847869182397216,1 January,Eurostat [migr_pop1ctz],https://ec.europa.eu/eurostat/api/dissemination/statistics/1.0/data/migr_pop1ctz?format=JSON&lang=EN&geo=IT&age=TOTAL&sex=T&unit=NR&citizen=FOR_STLS&sinceTimePeriod=2010&untilTimePeriod=2022,stock at 1 Jan; citizen=FOR_STLS (foreign citizens incl. stateless),517000.0,0.0086980147042209,1 January,"Fondazione ISMU, XXVI Rapporto sulle migrazioni 2020",https://www.cinformi.it/Comunicazione/Notizie/I-dati-del-Rapporto-ISMU-sulle-migrazioni-2020,"ISMU annual estimate of irregular presence at 1 January (stranieri irregolarmente presenti); derived from ISMU's reconstruction of total foreign presence (regular registered, regular unregistered, irregular) benchmarked on ISTAT resident population, residence permits and regularisation/amnesty administrative records. Point estimate, no published interval. NOTE: for 2015-2017 an alternative Pew estimate also exists in this file - do not sum.",1.0,,,,,,22785.0,Full calendar year (flow),"Eurostat, Third country nationals found to be illegally present (migr_eipre)",https://ec.europa.eu/eurostat/databrowser/view/migr_eipre/default/table,"Eurostat enforcement statistic - annual flow of detections, NOT a stock. Dataset migr_eipre, dimensions freq=A citizen=TOTAL reason=TOTAL apprehen=TOTAL sex=T age=TOTAL unit=PER. Rounded to nearest 5 by Eurostat.",,,0.3833351354655224,,A,,A,,B,"Matches the official ISMU series ""Stime stranieri irregolari 1991-2021"" exactly.",,,A,,,,,,,,,,,,,,,,,,,,,,,,,,,,
Italy,ITA,IT,380,1,1,2021,59133173,A,"World Bank, World Development Indicators (SP.POP.TOTL), sourced from UN World Population Prospects and national statistical offices",https://api.worldbank.org/v2/country/all/indicator/SP.POP.TOTL,59729350,-0.9981307347225444,6262207.0,0.105900067293869,1 January,Eurostat [migr_pop3ctb],https://ec.europa.eu/eurostat/api/dissemination/statistics/1.0/data/migr_pop3ctb?format=JSON&lang=EN&geo=IT&age=TOTAL&sex=T&unit=NR&c_birth=FOR&sinceTimePeriod=2010&untilTimePeriod=2022,stock at 1 Jan; c_birth=FOR (born in a foreign country),5171894.0,0.0874618042228175,1 January,Eurostat [migr_pop1ctz],https://ec.europa.eu/eurostat/api/dissemination/statistics/1.0/data/migr_pop1ctz?format=JSON&lang=EN&geo=IT&age=TOTAL&sex=T&unit=NR&citizen=FOR_STLS&sinceTimePeriod=2010&untilTimePeriod=2022,stock at 1 Jan; citizen=FOR_STLS (foreign citizens incl. stateless),519000.0,0.0087767994455497,1 January,"Fondazione ISMU, XXVII Rapporto sulle migrazioni 2021",https://www.ismu.org/xxvii-rapporto-sulle-migrazioni-2021-comunicato-stampa-11-2-2022/,"ISMU annual estimate of irregular presence at 1 January (stranieri irregolarmente presenti); derived from ISMU's reconstruction of total foreign presence (regular registered, regular unregistered, irregular) benchmarked on ISTAT resident population, residence permits and regularisation/amnesty administrative records. Point estimate, no published interval. NOTE: for 2015-2017 an alternative Pew estimate also exists in this file - do not sum.",1.0,,,,,,92070.0,Full calendar year (flow),"Eurostat, Third country nationals found to be illegally present (migr_eipre)",https://ec.europa.eu/eurostat/databrowser/view/migr_eipre/default/table,"Eurostat enforcement statistic - annual flow of detections, NOT a stock. Dataset migr_eipre, dimensions freq=A citizen=TOTAL reason=TOTAL apprehen=TOTAL sex=T age=TOTAL unit=PER. Rounded to nearest 5 by Eurostat.",,,1.556994075051579,,A,,A,,B,"Matches the official ISMU series ""Stime stranieri irregolari 1991-2021"" exactly.",,,A,,,,,,,,,,,,,,,,,,,,,,,,,,,,
Italy,ITA,IT,380,1,1,2022,59013667,A,"World Bank, World Development Indicators (SP.POP.TOTL), sourced from UN World Population Prospects and national statistical offices",https://api.worldbank.org/v2/country/all/indicator/SP.POP.TOTL,59619115,-1.015526647787375,6161003.0,0.1043995961138968,1 January,Eurostat [migr_pop3ctb],https://ec.europa.eu/eurostat/api/dissemination/statistics/1.0/data/migr_pop3ctb?format=JSON&lang=EN&geo=IT&age=TOTAL&sex=T&unit=NR&c_birth=FOR&sinceTimePeriod=2010&untilTimePeriod=2022,stock at 1 Jan; c_birth=FOR (born in a foreign country); apparent break in series (population census re-basing),5030716.0,0.0852466260061419,1 January,Eurostat [migr_pop1ctz],https://ec.europa.eu/eurostat/api/dissemination/statistics/1.0/data/migr_pop1ctz?format=JSON&lang=EN&geo=IT&age=TOTAL&sex=T&unit=NR&citizen=FOR_STLS&sinceTimePeriod=2010&untilTimePeriod=2022,stock at 1 Jan; citizen=FOR_STLS (foreign citizens incl. stateless); apparent break in series (population census re-basing),506000.0,0.0085742850041838,1 January,"Fondazione ISMU, XXVII Rapporto sulle migrazioni 2021",https://www.ismu.org/xxvii-rapporto-sulle-migrazioni-2021-comunicato-stampa-11-2-2022/,"ISMU annual estimate of irregular presence at 1 January (stranieri irregolarmente presenti); derived from ISMU's reconstruction of total foreign presence (regular registered, regular unregistered, irregular) benchmarked on ISTAT resident population, residence permits and regularisation/amnesty administrative records. Point estimate, no published interval. 2022 fall reflects completion of the 2020 regularisation (sanatoria). NOTE: for 2015-2017 an alternative Pew estimate also exists in this file - do not sum.",1.0,,,,,,138420.0,Full calendar year (flow),"Eurostat, Third country nationals found to be illegally present (migr_eipre)",https://ec.europa.eu/eurostat/databrowser/view/migr_eipre/default/table,"Eurostat enforcement statistic - annual flow of detections, NOT a stock. Dataset migr_eipre, dimensions freq=A citizen=TOTAL reason=TOTAL apprehen=TOTAL sex=T age=TOTAL unit=PER. Rounded to nearest 5 by Eurostat.",,,2.345558360235435,,A,,A,,B,The published figure appears in the archived source document.,,,A,,,,,,,,,,,,,,,,,,,,,,,,,,,,
Japan,JPN,JP,392,1,1,2010,128070000,A,"World Bank, World Development Indicators (SP.POP.TOTL), sourced from UN World Population Prospects and national statistical offices",https://api.worldbank.org/v2/country/all/indicator/SP.POP.TOTL,128185275,-0.0899284258663875,,,,,,,2184724.0,0.0170588272038728,See note,"OECD International Migration Database (stocks of foreign population, measure B15)","https://sdmx.oecd.org/public/rest/data/OECD.ELS.IMD,DSD_MIG@DF_MIG,1.0/JPN.W.A.B15._T._Z._Z.PS?startPeriod=2010&endPeriod=2022&format=jsondata&dimensionAtObservation=AllDimensions","Registered foreign residents (在留外国人), OECD IMD series sourced from Japan's Immigration Services Agency. Excludes short stays under 90 days. IMPORTANT REFERENCE-DATE CAVEAT (verified): the OECD year label is offset one year later than Japan's ISA 31-December series. ISA reports end-2021 = 2760635 and end-2020 = 2887116 (https://www.moj.go.jp/isa/publications/press/13_00001.html), whereas OECD labels 2887116 as 2021 and 2760635 as 2022. Values are recorded here exactly as OECD publishes them; to align with the ISA national series subtract one from the year label.",,,,,,,,,,,,,,,,,,,,,,,,A,,,,,,,,,,,,,,,,,,,,,,,,,,,,,,,,,,
Japan,JPN,JP,392,1,1,2011,127833000,A,"World Bank, World Development Indicators (SP.POP.TOTL), sourced from UN World Population Prospects and national statistical offices",https://api.worldbank.org/v2/country/all/indicator/SP.POP.TOTL,128096432,-0.2056513174387246,,,,,,,2132913.0,0.0166851517213864,See note,"OECD International Migration Database (stocks of foreign population, measure B15)","https://sdmx.oecd.org/public/rest/data/OECD.ELS.IMD,DSD_MIG@DF_MIG,1.0/JPN.W.A.B15._T._Z._Z.PS?startPeriod=2010&endPeriod=2022&format=jsondata&dimensionAtObservation=AllDimensions","Registered foreign residents (在留外国人), OECD IMD series sourced from Japan's Immigration Services Agency. Excludes short stays under 90 days. IMPORTANT REFERENCE-DATE CAVEAT (verified): the OECD year label is offset one year later than Japan's ISA 31-December series. ISA reports end-2021 = 2760635 and end-2020 = 2887116 (https://www.moj.go.jp/isa/publications/press/13_00001.html), whereas OECD labels 2887116 as 2021 and 2760635 as 2022. Values are recorded here exactly as OECD publishes them; to align with the ISA national series subtract one from the year label.",,,,,,,,78488.0,1 January,"Global Detention Project, Japan Immigration Detention Profile (reproducing Ministry of Justice, 2011, p.34)",https://www.globaldetentionproject.org/countries/asia-pacific/japan,"overstayers (不法残留者) reported for 2011; the MOJ/ISA series is compiled as of 1 January. Source text: 'Immigration authorities estimate that in 2011 there were between 90,000 and 100,000 undocumented migrants in Japan, including 78,488 overstayers' (cited to MoJ, 2011, p.34). CAVEAT: the secondary source gives the year only and does not restate the 1 January reference date; the MOJ primary release for 1 January 2011 was no longer reachable (removed from moj.go.jp; nisshinkyo.org mirror returns 404 to the fetcher).",,,,,,,0.0006139885632035,,,,,A,,,,B,The published figure appears in the archived source document.,,,,,,,,,,,,,,,,,,,,,,,,,,,,,
Japan,JPN,JP,392,1,1,2012,127629000,A,"World Bank, World Development Indicators (SP.POP.TOTL), sourced from UN World Population Prospects and national statistical offices",https://api.worldbank.org/v2/country/all/indicator/SP.POP.TOTL,127928285,-0.2339474808092675,,,,,,,2078508.0,0.01628554638836,See note,"OECD International Migration Database (stocks of foreign population, measure B15)","https://sdmx.oecd.org/public/rest/data/OECD.ELS.IMD,DSD_MIG@DF_MIG,1.0/JPN.W.A.B15._T._Z._Z.PS?startPeriod=2010&endPeriod=2022&format=jsondata&dimensionAtObservation=AllDimensions","Registered foreign residents (在留外国人), OECD IMD series sourced from Japan's Immigration Services Agency. Excludes short stays under 90 days. IMPORTANT REFERENCE-DATE CAVEAT (verified): the OECD year label is offset one year later than Japan's ISA 31-December series. ISA reports end-2021 = 2760635 and end-2020 = 2887116 (https://www.moj.go.jp/isa/publications/press/13_00001.html), whereas OECD labels 2887116 as 2021 and 2760635 as 2022. Values are recorded here exactly as OECD publishes them; to align with the ISA national series subtract one from the year label.",,,,,,,,,,,,,,,,,,,,,,,,A,,,,,,,,,,,,,,,,,,,,,,,,,,,,,,,,,,
Japan,JPN,JP,392,1,1,2013,127445000,A,"World Bank, World Development Indicators (SP.POP.TOTL), sourced from UN World Population Prospects and national statistical offices",https://api.worldbank.org/v2/country/all/indicator/SP.POP.TOTL,127723645,-0.218162424036677,,,,,,,2033656.0,0.0159571266036329,See note,"OECD International Migration Database (stocks of foreign population, measure B15)","https://sdmx.oecd.org/public/rest/data/OECD.ELS.IMD,DSD_MIG@DF_MIG,1.0/JPN.W.A.B15._T._Z._Z.PS?startPeriod=2010&endPeriod=2022&format=jsondata&dimensionAtObservation=AllDimensions","Registered foreign residents (在留外国人), OECD IMD series sourced from Japan's Immigration Services Agency. Excludes short stays under 90 days. IMPORTANT REFERENCE-DATE CAVEAT (verified): the OECD year label is offset one year later than Japan's ISA 31-December series. ISA reports end-2021 = 2760635 and end-2020 = 2887116 (https://www.moj.go.jp/isa/publications/press/13_00001.html), whereas OECD labels 2887116 as 2021 and 2760635 as 2022. Values are recorded here exactly as OECD publishes them; to align with the ISA national series subtract one from the year label.",,,,,,,,,,,,,,,,,,,,,,,,A,,,,,,,,,,,,,,,,,,,,,,,,,,,,,,,,,,
Japan,JPN,JP,392,1,1,2014,127276000,A,"World Bank, World Development Indicators (SP.POP.TOTL), sourced from UN World Population Prospects and national statistical offices",https://api.worldbank.org/v2/country/all/indicator/SP.POP.TOTL,127486605,-0.1651977476378793,,,,,,,2066445.0,0.0162359360759294,See note,"OECD International Migration Database (stocks of foreign population, measure B15)","https://sdmx.oecd.org/public/rest/data/OECD.ELS.IMD,DSD_MIG@DF_MIG,1.0/JPN.W.A.B15._T._Z._Z.PS?startPeriod=2010&endPeriod=2022&format=jsondata&dimensionAtObservation=AllDimensions","Registered foreign residents (在留外国人), OECD IMD series sourced from Japan's Immigration Services Agency. Excludes short stays under 90 days. IMPORTANT REFERENCE-DATE CAVEAT (verified): the OECD year label is offset one year later than Japan's ISA 31-December series. ISA reports end-2021 = 2760635 and end-2020 = 2887116 (https://www.moj.go.jp/isa/publications/press/13_00001.html), whereas OECD labels 2887116 as 2021 and 2760635 as 2022. Values are recorded here exactly as OECD publishes them; to align with the ISA national series subtract one from the year label.",,,,,,,,59061.0,1 January,"出入国在留管理庁 本邦における不法残留者数について (Immigration Services Agency of Japan, Number of Overstayers in Japan)",https://www.moj.go.jp/isa/content/001459199.pdf,"As of 1 Jan 2014 (平成26年1月1日現在). RE-CONFIRMATION of a value already in the dataset. READ FROM A CHART: the labelled data point marked 過去最低 (all-time low) on 第1図 不法残留者数の推移 in the 令和7年 operations digest. Matches the already-confirmed 59,061.",,,,,,,0.0004640387818598,,,,,A,,,,B,The published figure appears in the archived source document.,,,,,,,,,,,,,,,,,,,,,,,,,,,,,
Japan,JPN,JP,392,1,1,2015,127141000,A,"World Bank, World Development Indicators (SP.POP.TOTL), sourced from UN World Population Prospects and national statistical offices",https://api.worldbank.org/v2/country/all/indicator/SP.POP.TOTL,127275872,-0.1059682388190591,,,,,,,2121831.0,0.0166888021959871,See note,"OECD International Migration Database (stocks of foreign population, measure B15)","https://sdmx.oecd.org/public/rest/data/OECD.ELS.IMD,DSD_MIG@DF_MIG,1.0/JPN.W.A.B15._T._Z._Z.PS?startPeriod=2010&endPeriod=2022&format=jsondata&dimensionAtObservation=AllDimensions","Registered foreign residents (在留外国人), OECD IMD series sourced from Japan's Immigration Services Agency. Excludes short stays under 90 days. IMPORTANT REFERENCE-DATE CAVEAT (verified): the OECD year label is offset one year later than Japan's ISA 31-December series. ISA reports end-2021 = 2760635 and end-2020 = 2887116 (https://www.moj.go.jp/isa/publications/press/13_00001.html), whereas OECD labels 2887116 as 2021 and 2760635 as 2022. Values are recorded here exactly as OECD publishes them; to align with the ISA national series subtract one from the year label.",,,,,,,,,,,,,,,,,,,,,,,,A,,,,,,,,,,,,,,,,,,,,,,,,,,,,,,,,,,
Japan,JPN,JP,392,1,1,2016,127076000,A,"World Bank, World Development Indicators (SP.POP.TOTL), sourced from UN World Population Prospects and national statistical offices",https://api.worldbank.org/v2/country/all/indicator/SP.POP.TOTL,127159951,-0.0660200002750866,,,,,,,2232189.0,0.0175657795335075,See note,"OECD International Migration Database (stocks of foreign population, measure B15)","https://sdmx.oecd.org/public/rest/data/OECD.ELS.IMD,DSD_MIG@DF_MIG,1.0/JPN.W.A.B15._T._Z._Z.PS?startPeriod=2010&endPeriod=2022&format=jsondata&dimensionAtObservation=AllDimensions","Registered foreign residents (在留外国人), OECD IMD series sourced from Japan's Immigration Services Agency. Excludes short stays under 90 days. IMPORTANT REFERENCE-DATE CAVEAT (verified): the OECD year label is offset one year later than Japan's ISA 31-December series. ISA reports end-2021 = 2760635 and end-2020 = 2887116 (https://www.moj.go.jp/isa/publications/press/13_00001.html), whereas OECD labels 2887116 as 2021 and 2760635 as 2022. Values are recorded here exactly as OECD publishes them; to align with the ISA national series subtract one from the year label.",,,,,,,,,,,,,,,,,,,,,,,,A,,,,,,,,,,,,,,,,,,,,,,,,,,,,,,,,,,
Japan,JPN,JP,392,1,1,2017,126972000,A,"World Bank, World Development Indicators (SP.POP.TOTL), sourced from UN World Population Prospects and national statistical offices",https://api.worldbank.org/v2/country/all/indicator/SP.POP.TOTL,127064690,-0.0729470949010303,,,,,,,2382822.0,0.0187665154522256,See note,"OECD International Migration Database (stocks of foreign population, measure B15)","https://sdmx.oecd.org/public/rest/data/OECD.ELS.IMD,DSD_MIG@DF_MIG,1.0/JPN.W.A.B15._T._Z._Z.PS?startPeriod=2010&endPeriod=2022&format=jsondata&dimensionAtObservation=AllDimensions","Registered foreign residents (在留外国人), OECD IMD series sourced from Japan's Immigration Services Agency. Excludes short stays under 90 days. IMPORTANT REFERENCE-DATE CAVEAT (verified): the OECD year label is offset one year later than Japan's ISA 31-December series. ISA reports end-2021 = 2760635 and end-2020 = 2887116 (https://www.moj.go.jp/isa/publications/press/13_00001.html), whereas OECD labels 2887116 as 2021 and 2760635 as 2022. Values are recorded here exactly as OECD publishes them; to align with the ISA national series subtract one from the year label.",,,,,,,,65270.0,1 January,"出入国在留管理庁 本邦における不法残留者数について (Immigration Services Agency of Japan, Number of Overstayers in Japan)",https://www.moj.go.jp/isa/content/001344148.pdf,"As of 1 Jan 2017 (平成29年1月1日現在). Read from 第1表 of the press release dated 31 Mar 2021 (本邦における不法残留者数について（令和3年1月1日現在）). Verified two ways within the table: 男 35,843 + 女 29,427 = 65,270; and the 11 nationality/region rows sum to 65,270. Landing page: https://www.moj.go.jp/isa/publications/press/13_00013.html",,,,,,,0.0005140503418076,,,,,A,,,,B,The published figure appears in the archived source document.,,,,,,,,,,,,,,,,,,,,,,,,,,,,,
Japan,JPN,JP,392,1,1,2018,126811000,A,"World Bank, World Development Indicators (SP.POP.TOTL), sourced from UN World Population Prospects and national statistical offices",https://api.worldbank.org/v2/country/all/indicator/SP.POP.TOTL,126913432,-0.0807101331874785,,,,,,,2561848.0,0.0202020960326785,See note,"OECD International Migration Database (stocks of foreign population, measure B15)","https://sdmx.oecd.org/public/rest/data/OECD.ELS.IMD,DSD_MIG@DF_MIG,1.0/JPN.W.A.B15._T._Z._Z.PS?startPeriod=2010&endPeriod=2022&format=jsondata&dimensionAtObservation=AllDimensions","Registered foreign residents (在留外国人), OECD IMD series sourced from Japan's Immigration Services Agency. Excludes short stays under 90 days. IMPORTANT REFERENCE-DATE CAVEAT (verified): the OECD year label is offset one year later than Japan's ISA 31-December series. ISA reports end-2021 = 2760635 and end-2020 = 2887116 (https://www.moj.go.jp/isa/publications/press/13_00001.html), whereas OECD labels 2887116 as 2021 and 2760635 as 2022. Values are recorded here exactly as OECD publishes them; to align with the ISA national series subtract one from the year label.",,,,,,,,66498.0,1 January,"出入国在留管理庁 本邦における不法残留者数について (Immigration Services Agency of Japan, Number of Overstayers in Japan)",https://www.moj.go.jp/isa/content/001344904.pdf,"As of 1 Jan 2018 (平成30年1月1日現在（2018年）- the source PDF prints the Western year itself). Read from 第1表 of the press release dated 29 Mar 2022 (本邦における不法残留者数について（令和4年1月1日現在）). Corroborated by an independent PDF, 第1表 of the 2021 release (https://www.moj.go.jp/isa/content/001344148.pdf), which gives the same 66,498; also 男 37,052 + 女 29,446 = 66,498 and nationality rows sum to 66,498.",,,,,,,0.0005243866856976,,,,,A,,,,B,The published figure appears in the archived source document.,,,,,,,,,,,,,,,,,,,,,,,,,,,,,
Japan,JPN,JP,392,1,1,2019,126633000,A,"World Bank, World Development Indicators (SP.POP.TOTL), sourced from UN World Population Prospects and national statistical offices",https://api.worldbank.org/v2/country/all/indicator/SP.POP.TOTL,126699424,-0.0524264419702492,,,,,,,2731093.0,0.0215669928059826,See note,"OECD International Migration Database (stocks of foreign population, measure B15)","https://sdmx.oecd.org/public/rest/data/OECD.ELS.IMD,DSD_MIG@DF_MIG,1.0/JPN.W.A.B15._T._Z._Z.PS?startPeriod=2010&endPeriod=2022&format=jsondata&dimensionAtObservation=AllDimensions","Registered foreign residents (在留外国人), OECD IMD series sourced from Japan's Immigration Services Agency. Excludes short stays under 90 days. IMPORTANT REFERENCE-DATE CAVEAT (verified): the OECD year label is offset one year later than Japan's ISA 31-December series. ISA reports end-2021 = 2760635 and end-2020 = 2887116 (https://www.moj.go.jp/isa/publications/press/13_00001.html), whereas OECD labels 2887116 as 2021 and 2760635 as 2022. Values are recorded here exactly as OECD publishes them; to align with the ISA national series subtract one from the year label.",,,,,,,,74167.0,1 January,"出入国在留管理庁 本邦における不法残留者数について (Immigration Services Agency of Japan, Number of Overstayers in Japan)",https://www.moj.go.jp/isa/content/001344904.pdf,"As of 1 Jan 2019 (平成31年1月1日現在（2019年）- the source PDF prints the Western year itself). Read from 第1表 of the press release dated 29 Mar 2022. Corroborated by an independent PDF, 第1表 of the 2021 release (https://www.moj.go.jp/isa/content/001344148.pdf), same 74,167; also 男 42,632 + 女 31,535 = 74,167 and nationality rows sum to 74,167.",,,,,,,0.0005856846161742,,,,,A,,,,B,The published figure appears in the archived source document.,,,,,,,,,,,,,,,,,,,,,,,,,,,,,
Japan,JPN,JP,392,1,1,2020,126261000,A,"World Bank, World Development Indicators (SP.POP.TOTL), sourced from UN World Population Prospects and national statistical offices",https://api.worldbank.org/v2/country/all/indicator/SP.POP.TOTL,126304543,-0.0344746110993014,,,,,,,2933137.0,0.0232307442519859,See note,"OECD International Migration Database (stocks of foreign population, measure B15)","https://sdmx.oecd.org/public/rest/data/OECD.ELS.IMD,DSD_MIG@DF_MIG,1.0/JPN.W.A.B15._T._Z._Z.PS?startPeriod=2010&endPeriod=2022&format=jsondata&dimensionAtObservation=AllDimensions","Registered foreign residents (在留外国人), OECD IMD series sourced from Japan's Immigration Services Agency. Excludes short stays under 90 days. IMPORTANT REFERENCE-DATE CAVEAT (verified): the OECD year label is offset one year later than Japan's ISA 31-December series. ISA reports end-2021 = 2760635 and end-2020 = 2887116 (https://www.moj.go.jp/isa/publications/press/13_00001.html), whereas OECD labels 2887116 as 2021 and 2760635 as 2022. Values are recorded here exactly as OECD publishes them; to align with the ISA national series subtract one from the year label.",,,,,,,,82892.0,1 January,"出入国在留管理庁 本邦における不法残留者数について (Immigration Services Agency of Japan, Number of Overstayers in Japan)",https://www.moj.go.jp/isa/content/001344904.pdf,As of 1 Jan 2020 (令和2年1月1日現在（2020年）). RE-CONFIRMATION of a value already in the dataset. 第1表 of the 29 Mar 2022 release; identical figure in the 31 Mar 2021 release PDF.,,,,,,,0.0006565130958886,,,,,A,,,,B,The published figure appears in the archived source document.,,,,,,,,,,,,,,,,,,,,,,,,,,,,,
Japan,JPN,JP,392,1,1,2021,125681593,A,"World Bank, World Development Indicators (SP.POP.TOTL), sourced from UN World Population Prospects and national statistical offices",https://api.worldbank.org/v2/country/all/indicator/SP.POP.TOTL,125679338,0.0017942487889298,,,,,,,2887116.0,0.0229716693676853,See note,"OECD International Migration Database (stocks of foreign population, measure B15)","https://sdmx.oecd.org/public/rest/data/OECD.ELS.IMD,DSD_MIG@DF_MIG,1.0/JPN.W.A.B15._T._Z._Z.PS?startPeriod=2010&endPeriod=2022&format=jsondata&dimensionAtObservation=AllDimensions","Registered foreign residents (在留外国人), OECD IMD series sourced from Japan's Immigration Services Agency. Excludes short stays under 90 days. IMPORTANT REFERENCE-DATE CAVEAT (verified): the OECD year label is offset one year later than Japan's ISA 31-December series. ISA reports end-2021 = 2760635 and end-2020 = 2887116 (https://www.moj.go.jp/isa/publications/press/13_00001.html), whereas OECD labels 2887116 as 2021 and 2760635 as 2022. Values are recorded here exactly as OECD publishes them; to align with the ISA national series subtract one from the year label.",,,,,,,,82868.0,1 January,"出入国在留管理庁 本邦における不法残留者数について (Immigration Services Agency of Japan, Number of Overstayers in Japan)",https://www.moj.go.jp/isa/content/001344904.pdf,"As of 1 Jan 2021 (令和3年1月1日現在（2021年）). RE-CONFIRMATION of a value already in the dataset. 第1表 of the 29 Mar 2022 release; identical figure in the 31 Mar 2021 release PDF, whose text also states a decrease of 24 persons (-0.03%) vs 1 Jan 2020, consistent with 82,892 - 24 = 82,868.",,,,,,,0.0006593487401134,,,,,A,,,,B,The published figure appears in the archived source document.,,,,,,,,,,,,,,,,,,,,,,,,,,,,,
Japan,JPN,JP,392,1,1,2022,125124989,A,"World Bank, World Development Indicators (SP.POP.TOTL), sourced from UN World Population Prospects and national statistical offices",https://api.worldbank.org/v2/country/all/indicator/SP.POP.TOTL,124997578,0.1019307750106966,,,,,,,2760635.0,0.022063018922623,See note,"OECD International Migration Database (stocks of foreign population, measure B15)","https://sdmx.oecd.org/public/rest/data/OECD.ELS.IMD,DSD_MIG@DF_MIG,1.0/JPN.W.A.B15._T._Z._Z.PS?startPeriod=2010&endPeriod=2022&format=jsondata&dimensionAtObservation=AllDimensions","Registered foreign residents (在留外国人), OECD IMD series sourced from Japan's Immigration Services Agency. Excludes short stays under 90 days. IMPORTANT REFERENCE-DATE CAVEAT (verified): the OECD year label is offset one year later than Japan's ISA 31-December series. ISA reports end-2021 = 2760635 and end-2020 = 2887116 (https://www.moj.go.jp/isa/publications/press/13_00001.html), whereas OECD labels 2887116 as 2021 and 2760635 as 2022. Values are recorded here exactly as OECD publishes them; to align with the ISA national series subtract one from the year label.",,,,,,,,66759.0,1 January,"出入国在留管理庁 本邦における不法残留者数について (Immigration Services Agency of Japan, Number of Overstayers in Japan)",https://www.moj.go.jp/isa/content/001344904.pdf,"As of 1 Jan 2022 (令和4年1月1日現在（2022年）). RE-CONFIRMATION of a value already in the dataset. 第1表 of the 29 Mar 2022 release; the release text states a decrease of 16,109 (-19.4%) vs 1 Jan 2021, consistent with 82,868 - 16,109 = 66,759.",,,,,,,0.0005335385084429,,,,,A,,,,B,The published figure appears in the archived source document.,,,,,,,,,,,,,,,,,,,,,,,,,,,,,
Korea (South),KOR,KR,410,1,0,2010,49554112,A,"World Bank, World Development Indicators (SP.POP.TOTL), sourced from UN World Population Prospects and national statistical offices",https://api.worldbank.org/v2/country/all/indicator/SP.POP.TOTL,48769332,1.609167006839462,566098.0,0.0114238350189788,Mid-year / 30 June,UN DESA International Migrant Stock (retrieved via World Bank indicator SM.POP.TOTL),https://api.worldbank.org/v2/country/KOR/indicator/SM.POP.TOTL?format=json&date=2010:2022,"UN DESA International Migrant Stock, mid-year estimate. UN DESA publishes only 1990/1995/2000/2005/2010/2015/2020 - this is a 5-year-interval estimate, NOT an annual national figure. Korea does not publish an annual foreign-born stock; OECD IMD has no foreign-born series for Korea.",1010020.0,0.0203821632400556,31 December,"OECD International Migration Database (stocks of foreign population, measure B15)","https://sdmx.oecd.org/public/rest/data/OECD.ELS.IMD,DSD_MIG@DF_MIG,1.0/KOR.W.A.B15._T._Z._Z.PS?startPeriod=2010&endPeriod=2022&format=jsondata&dimensionAtObservation=AllDimensions",Foreign residents in Korea (Ministry of Justice / Korea Immigration Service) as compiled by OECD IMD. Reference date 31 December.,,,,,,,,168515.0,31 December,"법무부 출입국·외국인정책본부, 2015년도 출입국·외국인정책 통계연보, 표 6-1 연도별 불법체류자 현황 (Ministry of Justice, Korea Immigration Statistical Yearbook 2015, Table 6-1)",https://www.korea.kr/archive/expDocView.do?docId=38074,"Illegal-stay foreign residents (불법체류자), year-end stock, published as 계 = 등록 + 단기 + 거소 — the same three-component definition the panel uses for 2021 and 2022. Replaces values previously taken from a Korean National Police University publication whose host no longer responds.",,,,,,,0.0034006259662164,,,A,,A,,,,B,"Read from Table 6-1 of the 2015 Immigration Statistical Yearbook; components 78,545 + 89,238 + 732 = 168,515 reconcile exactly.",,,,,,,,,,,,,,,,,,,,,,,,,,,,,
Korea (South),KOR,KR,410,1,0,2011,49936638,A,"World Bank, World Development Indicators (SP.POP.TOTL), sourced from UN World Population Prospects and national statistical offices",https://api.worldbank.org/v2/country/all/indicator/SP.POP.TOTL,49127643,1.646720564224911,,,,,,,1088638.0,0.0218003863215621,31 December,"OECD International Migration Database (stocks of foreign population, measure B15)","https://sdmx.oecd.org/public/rest/data/OECD.ELS.IMD,DSD_MIG@DF_MIG,1.0/KOR.W.A.B15._T._Z._Z.PS?startPeriod=2010&endPeriod=2022&format=jsondata&dimensionAtObservation=AllDimensions",Foreign residents in Korea (Ministry of Justice / Korea Immigration Service) as compiled by OECD IMD. Reference date 31 December.,,,,,,,,167780.0,31 December,"법무부 출입국·외국인정책본부, 2015년도 출입국·외국인정책 통계연보, 표 6-1 연도별 불법체류자 현황 (Ministry of Justice, Korea Immigration Statistical Yearbook 2015, Table 6-1)",https://www.korea.kr/archive/expDocView.do?docId=38074,"Illegal-stay foreign residents (불법체류자), year-end stock, published as 계 = 등록 + 단기 + 거소 — the same three-component definition the panel uses for 2021 and 2022. Replaces values previously taken from a Korean National Police University publication whose host no longer responds.",,,,,,,0.0033598577461302,,,,,A,,,,A,Confirmed against the Ministry of Justice open-data series (2011-2025) and Table 6-1 of the 2015 Immigration Statistical Yearbook.,,,,,,,,,,,,,,,,,,,,,,,,,,,,,
Korea (South),KOR,KR,410,1,0,2012,50199853,A,"World Bank, World Development Indicators (SP.POP.TOTL), sourced from UN World Population Prospects and national statistical offices",https://api.worldbank.org/v2/country/all/indicator/SP.POP.TOTL,49599579,1.21024011111062,,,,,,,1200079.0,0.0239060261790009,31 December,"OECD International Migration Database (stocks of foreign population, measure B15)","https://sdmx.oecd.org/public/rest/data/OECD.ELS.IMD,DSD_MIG@DF_MIG,1.0/KOR.W.A.B15._T._Z._Z.PS?startPeriod=2010&endPeriod=2022&format=jsondata&dimensionAtObservation=AllDimensions",Foreign residents in Korea (Ministry of Justice / Korea Immigration Service) as compiled by OECD IMD. Reference date 31 December.,,,,,,,,177854.0,31 December,"법무부 출입국·외국인정책본부, 2015년도 출입국·외국인정책 통계연보, 표 6-1 연도별 불법체류자 현황 (Ministry of Justice, Korea Immigration Statistical Yearbook 2015, Table 6-1)",https://www.korea.kr/archive/expDocView.do?docId=38074,"Illegal-stay foreign residents (불법체류자), year-end stock, published as 계 = 등록 + 단기 + 거소 — the same three-component definition the panel uses for 2021 and 2022. Replaces values previously taken from a Korean National Police University publication whose host no longer responds.",,,,,,,0.0035429187412162,,,,,A,,,,A,Confirmed against the Ministry of Justice open-data series (2011-2025) and Table 6-1 of the 2015 Immigration Statistical Yearbook.,,,,,,,,,,,,,,,,,,,,,,,,,,,,,
Korea (South),KOR,KR,410,1,0,2013,50428893,A,"World Bank, World Development Indicators (SP.POP.TOTL), sourced from UN World Population Prospects and national statistical offices",https://api.worldbank.org/v2/country/all/indicator/SP.POP.TOTL,50071164,0.7144411501997437,,,,,,,1202270.0,0.0238408961307161,31 December,"OECD International Migration Database (stocks of foreign population, measure B15)","https://sdmx.oecd.org/public/rest/data/OECD.ELS.IMD,DSD_MIG@DF_MIG,1.0/KOR.W.A.B15._T._Z._Z.PS?startPeriod=2010&endPeriod=2022&format=jsondata&dimensionAtObservation=AllDimensions",Foreign residents in Korea (Ministry of Justice / Korea Immigration Service) as compiled by OECD IMD. Reference date 31 December.,,,,,,,,183106.0,31 December,"법무부 출입국·외국인정책본부, 2015년도 출입국·외국인정책 통계연보, 표 6-1 연도별 불법체류자 현황 (Ministry of Justice, Korea Immigration Statistical Yearbook 2015, Table 6-1)",https://www.korea.kr/archive/expDocView.do?docId=38074,"Illegal-stay foreign residents (불법체류자), year-end stock, published as 계 = 등록 + 단기 + 거소 — the same three-component definition the panel uses for 2021 and 2022. Replaces values previously taken from a Korean National Police University publication whose host no longer responds.",,,,,,,0.0036309740132506,,,,,A,,,,A,Confirmed against the Ministry of Justice open-data series (2011-2025) and Table 6-1 of the 2015 Immigration Statistical Yearbook.,,,,,,,,,,,,,,,,,,,,,,,,,,,,,
Korea (South),KOR,KR,410,1,0,2014,50746659,A,"World Bank, World Development Indicators (SP.POP.TOTL), sourced from UN World Population Prospects and national statistical offices",https://api.worldbank.org/v2/country/all/indicator/SP.POP.TOTL,50539056,0.4107773599886788,,,,,,,1303777.0,0.0256918785530294,31 December,"OECD International Migration Database (stocks of foreign population, measure B15)","https://sdmx.oecd.org/public/rest/data/OECD.ELS.IMD,DSD_MIG@DF_MIG,1.0/KOR.W.A.B15._T._Z._Z.PS?startPeriod=2010&endPeriod=2022&format=jsondata&dimensionAtObservation=AllDimensions",Foreign residents in Korea (Ministry of Justice / Korea Immigration Service) as compiled by OECD IMD. Reference date 31 December.,,,,,,,,208778.0,31 December,"법무부 출입국·외국인정책본부, 2015년도 출입국·외국인정책 통계연보, 표 6-1 연도별 불법체류자 현황 (Ministry of Justice, Korea Immigration Statistical Yearbook 2015, Table 6-1)",https://www.korea.kr/archive/expDocView.do?docId=38074,"Illegal-stay foreign residents (불법체류자), year-end stock, published as 계 = 등록 + 단기 + 거소 — the same three-component definition the panel uses for 2021 and 2022. Replaces values previously taken from a Korean National Police University publication whose host no longer responds.",,,,,,,0.0041141230598057,,,,,A,,,,A,Confirmed against the Ministry of Justice open-data series (2011-2025) and Table 6-1 of the 2015 Immigration Statistical Yearbook.,,,,,,,,,,,,,,,,,,,,,,,,,,,,,
Korea (South),KOR,KR,410,1,0,2015,51014947,A,"World Bank, World Development Indicators (SP.POP.TOTL), sourced from UN World Population Prospects and national statistical offices",https://api.worldbank.org/v2/country/all/indicator/SP.POP.TOTL,50983912,0.0608721433537701,1312172.0,0.025721324379696,Mid-year / 30 June,UN DESA International Migrant Stock (retrieved via World Bank indicator SM.POP.TOTL),https://api.worldbank.org/v2/country/KOR/indicator/SM.POP.TOTL?format=json&date=2010:2022,"UN DESA International Migrant Stock, mid-year estimate. UN DESA publishes only 1990/1995/2000/2005/2010/2015/2020 - this is a 5-year-interval estimate, NOT an annual national figure. Korea does not publish an annual foreign-born stock; OECD IMD has no foreign-born series for Korea.",1488882.0,0.0291852111499792,31 December,"OECD International Migration Database (stocks of foreign population, measure B15)","https://sdmx.oecd.org/public/rest/data/OECD.ELS.IMD,DSD_MIG@DF_MIG,1.0/KOR.W.A.B15._T._Z._Z.PS?startPeriod=2010&endPeriod=2022&format=jsondata&dimensionAtObservation=AllDimensions",Foreign residents in Korea (Ministry of Justice / Korea Immigration Service) as compiled by OECD IMD. Reference date 31 December.,,,,,,,,214168.0,31 December,"법무부 출입국·외국인정책본부, 2015년도 출입국·외국인정책 통계연보, 표 6-1 연도별 불법체류자 현황 (Ministry of Justice, Korea Immigration Statistical Yearbook 2015, Table 6-1)",https://www.korea.kr/archive/expDocView.do?docId=38074,"Illegal-stay foreign residents (불법체류자), year-end stock, published as 계 = 등록 + 단기 + 거소 — the same three-component definition the panel uses for 2021 and 2022. Replaces values previously taken from a Korean National Police University publication whose host no longer responds.",,,,,,,0.0041981421640994,,,A,,A,,,,A,Confirmed against the Ministry of Justice open-data series (2011-2025) and Table 6-1 of the 2015 Immigration Statistical Yearbook.,,,,,,,,,,,,,,,,,,,,,,,,,,,,,
Korea (South),KOR,KR,410,1,0,2016,51217803,A,"World Bank, World Development Indicators (SP.POP.TOTL), sourced from UN World Population Prospects and national statistical offices",https://api.worldbank.org/v2/country/all/indicator/SP.POP.TOTL,51297839,-0.1560221669376755,,,,,,,1594768.0,0.0311369857078797,31 December,"OECD International Migration Database (stocks of foreign population, measure B15)","https://sdmx.oecd.org/public/rest/data/OECD.ELS.IMD,DSD_MIG@DF_MIG,1.0/KOR.W.A.B15._T._Z._Z.PS?startPeriod=2010&endPeriod=2022&format=jsondata&dimensionAtObservation=AllDimensions",Foreign residents in Korea (Ministry of Justice / Korea Immigration Service) as compiled by OECD IMD. Reference date 31 December.,,,,,,,,,,,,,,,,,,,,,,,,A,,,,,,,,,,,,,,,,,,,,,,,,,,,,,,,,,,
Korea (South),KOR,KR,410,1,0,2017,51361911,A,"World Bank, World Development Indicators (SP.POP.TOTL), sourced from UN World Population Prospects and national statistical offices",https://api.worldbank.org/v2/country/all/indicator/SP.POP.TOTL,51486270,-0.241538180955816,,,,,,,1662759.0,0.032373386574343,31 December,"OECD International Migration Database (stocks of foreign population, measure B15)","https://sdmx.oecd.org/public/rest/data/OECD.ELS.IMD,DSD_MIG@DF_MIG,1.0/KOR.W.A.B15._T._Z._Z.PS?startPeriod=2010&endPeriod=2022&format=jsondata&dimensionAtObservation=AllDimensions",Foreign residents in Korea (Ministry of Justice / Korea Immigration Service) as compiled by OECD IMD. Reference date 31 December.,,,,,,,,,,,,,,,,,,,,,,,,A,,,,,,,,,,,,,,,,,,,,,,,,,,,,,,,,,,
Korea (South),KOR,KR,410,1,0,2018,51585058,A,"World Bank, World Development Indicators (SP.POP.TOTL), sourced from UN World Population Prospects and national statistical offices",https://api.worldbank.org/v2/country/all/indicator/SP.POP.TOTL,51640894,-0.1081236122674406,,,,,,,1749563.0,0.0339160808930368,31 December,"OECD International Migration Database (stocks of foreign population, measure B15)","https://sdmx.oecd.org/public/rest/data/OECD.ELS.IMD,DSD_MIG@DF_MIG,1.0/KOR.W.A.B15._T._Z._Z.PS?startPeriod=2010&endPeriod=2022&format=jsondata&dimensionAtObservation=AllDimensions",Foreign residents in Korea (Ministry of Justice / Korea Immigration Service) as compiled by OECD IMD. Reference date 31 December.,,,,,,,,355126.0,31 December,"Ministry of Justice of Korea, Immigration and Foreign Policy Statistics (불법체류외국인), reported via EKW",https://www.ekw.co.kr/news/articleView.html?idxno=11130,"Reference date 31 December 2018. Administrative register count of foreigners in illegal residence (불법체류자), predominantly overstayers. Figure taken from a secondary report citing the MOJ 2022 monthly statistics bulletin and 2021 statistical yearbook; the MOJ primary files were not directly reachable (robots.txt).",,,,,,,0.0068842803278422,,,,,A,,,,A,"Matches the Ministry of Justice open-data series (연도별 불법체류외국인 현황, 2011-2025) exactly.",,,,,,,,,,,,,,,,,,,,,,,,,,,,,
Korea (South),KOR,KR,410,1,0,2019,51764822,A,"World Bank, World Development Indicators (SP.POP.TOTL), sourced from UN World Population Prospects and national statistical offices",https://api.worldbank.org/v2/country/all/indicator/SP.POP.TOTL,51767846,-0.0058414638306565,,,,,,,1951097.0,0.0376915620418824,31 December,"OECD International Migration Database (stocks of foreign population, measure B15)","https://sdmx.oecd.org/public/rest/data/OECD.ELS.IMD,DSD_MIG@DF_MIG,1.0/KOR.W.A.B15._T._Z._Z.PS?startPeriod=2010&endPeriod=2022&format=jsondata&dimensionAtObservation=AllDimensions",Foreign residents in Korea (Ministry of Justice / Korea Immigration Service) as compiled by OECD IMD. Reference date 31 December.,,,,,,,,,,,,,,,,,,,,,,,,A,,,,,,,,,,,,,,,,,,,,,,,,,,,,,,,,,,
Korea (South),KOR,KR,410,1,0,2020,51836239,A,"World Bank, World Development Indicators (SP.POP.TOTL), sourced from UN World Population Prospects and national statistical offices",https://api.worldbank.org/v2/country/all/indicator/SP.POP.TOTL,51858482,-0.042891729842767,1723389.0,0.0332467986344456,Mid-year / 30 June,UN DESA International Migrant Stock (retrieved via World Bank indicator SM.POP.TOTL),https://api.worldbank.org/v2/country/KOR/indicator/SM.POP.TOTL?format=json&date=2010:2022,"UN DESA International Migrant Stock, mid-year estimate. UN DESA publishes only 1990/1995/2000/2005/2010/2015/2020 - this is a 5-year-interval estimate, NOT an annual national figure. Korea does not publish an annual foreign-born stock; OECD IMD has no foreign-born series for Korea.",2024578.0,0.0390571931732933,31 December,"OECD International Migration Database (stocks of foreign population, measure B15)","https://sdmx.oecd.org/public/rest/data/OECD.ELS.IMD,DSD_MIG@DF_MIG,1.0/KOR.W.A.B15._T._Z._Z.PS?startPeriod=2010&endPeriod=2022&format=jsondata&dimensionAtObservation=AllDimensions",Foreign residents in Korea (Ministry of Justice / Korea Immigration Service) as compiled by OECD IMD. Reference date 31 December.,,,,,,,,392196.0,31 December,"Ministry of Justice of Korea, Immigration and Foreign Policy Statistics (불법체류외국인), reported via EKW",https://www.ekw.co.kr/news/articleView.html?idxno=11130,"Reference date 31 December 2020. Administrative register count of foreigners in illegal residence (불법체류자), predominantly overstayers. Figure taken from a secondary report citing the MOJ 2022 monthly statistics bulletin and 2021 statistical yearbook; the MOJ primary files were not directly reachable (robots.txt).",,,,,,,0.0075660581779476,,,A,,A,,,,A,"Matches the Ministry of Justice open-data series (연도별 불법체류외국인 현황, 2011-2025) exactly.",,,,,,,,,,,,,,,,,,,,,,,,,,,,,
Korea (South),KOR,KR,410,1,0,2021,51769539,A,"World Bank, World Development Indicators (SP.POP.TOTL), sourced from UN World Population Prospects and national statistical offices",https://api.worldbank.org/v2/country/all/indicator/SP.POP.TOTL,51848397,-0.1520934195901948,,,,,,,1889454.0,0.0364974082539154,31 December,"OECD International Migration Database (stocks of foreign population, measure B15)","https://sdmx.oecd.org/public/rest/data/OECD.ELS.IMD,DSD_MIG@DF_MIG,1.0/KOR.W.A.B15._T._Z._Z.PS?startPeriod=2010&endPeriod=2022&format=jsondata&dimensionAtObservation=AllDimensions",Foreign residents in Korea (Ministry of Justice / Korea Immigration Service) as compiled by OECD IMD. Reference date 31 December.,,,,,,,,388700.0,31 December,"Ministry of Justice of Korea, Immigration and Foreign Policy Statistics (불법체류외국인), reported via EKW",https://www.ekw.co.kr/news/articleView.html?idxno=11130,"Reference date 31 December 2021. Administrative register count of foreigners in illegal residence (불법체류자), predominantly overstayers. Figure taken from a secondary report citing the MOJ 2022 monthly statistics bulletin and 2021 statistical yearbook; the MOJ primary files were not directly reachable (robots.txt). Value ends in '00' and may have been rounded by the secondary source.",,,,,,,0.0075082762471576,,,,,A,,,,A,"Matches the Ministry of Justice open-data series (연도별 불법체류외국인 현황, 2011-2025) exactly.",,,,,,,,,,,,,,,,,,,,,,,,,,,,,
Korea (South),KOR,KR,410,1,0,2022,51672569,A,"World Bank, World Development Indicators (SP.POP.TOTL), sourced from UN World Population Prospects and national statistical offices",https://api.worldbank.org/v2/country/all/indicator/SP.POP.TOTL,51782512,-0.2123168532264329,,,,,,,1829774.0,0.0354109353455989,31 December,"OECD International Migration Database (stocks of foreign population, measure B15)","https://sdmx.oecd.org/public/rest/data/OECD.ELS.IMD,DSD_MIG@DF_MIG,1.0/KOR.W.A.B15._T._Z._Z.PS?startPeriod=2010&endPeriod=2022&format=jsondata&dimensionAtObservation=AllDimensions",Foreign residents in Korea (Ministry of Justice / Korea Immigration Service) as compiled by OECD IMD. Reference date 31 December.,,,,,,,,411270.0,31 December,"Ministry of Justice of Korea, Immigration and Foreign Policy Statistics (불법체류외국인), reported via EKW",https://www.ekw.co.kr/news/articleView.html?idxno=11130,"Reference date 31 December 2022. Administrative register count of foreigners in illegal residence (불법체류자), predominantly overstayers. Figure taken from a secondary report citing the MOJ 2022 monthly statistics bulletin and 2021 statistical yearbook; the MOJ primary files were not directly reachable (robots.txt).",,,,,,,0.0079591552725005,,,,,A,,,,A,"Matches the Ministry of Justice open-data series (연도별 불법체류외국인 현황, 2011-2025) exactly.",,,,,,,,,,,,,,,,,,,,,,,,,,,,,
Lithuania,LTU,LT,440,1,0,2010,3097282,A,"World Bank, World Development Indicators (SP.POP.TOTL), sourced from UN World Population Prospects and national statistical offices",https://api.worldbank.org/v2/country/all/indicator/SP.POP.TOTL,3097720,-0.0141394315819376,160772.0,0.0519074465934971,1 January,Eurostat [migr_pop3ctb],https://ec.europa.eu/eurostat/api/dissemination/statistics/1.0/data/migr_pop3ctb?format=JSON&lang=EN&geo=LT&age=TOTAL&sex=T&unit=NR&c_birth=FOR&sinceTimePeriod=2010&untilTimePeriod=2022,stock at 1 Jan; c_birth=FOR (born in a foreign country),27318.0,0.0088199912051921,1 January,Eurostat [migr_pop1ctz],https://ec.europa.eu/eurostat/api/dissemination/statistics/1.0/data/migr_pop1ctz?format=JSON&lang=EN&geo=LT&age=TOTAL&sex=T&unit=NR&citizen=FOR_STLS&sinceTimePeriod=2010&untilTimePeriod=2022,stock at 1 Jan; citizen=FOR_STLS (foreign citizens incl. stateless),,,,,,,,,,,,,1345.0,Full calendar year (flow),"Eurostat, Third country nationals found to be illegally present (migr_eipre)",https://ec.europa.eu/eurostat/databrowser/view/migr_eipre/default/table,"Eurostat enforcement statistic - annual flow of detections, NOT a stock. Dataset migr_eipre, dimensions freq=A citizen=TOTAL reason=TOTAL apprehen=TOTAL sex=T age=TOTAL unit=PER. Rounded to nearest 5 by Eurostat.",,,0.4342517084333941,,A,,A,,,,,,A,,,,,,,,,,,,,,,,,,,,,,,,,,,,
Lithuania,LTU,LT,440,1,0,2011,3028115,A,"World Bank, World Development Indicators (SP.POP.TOTL), sourced from UN World Population Prospects and national statistical offices",https://api.worldbank.org/v2/country/all/indicator/SP.POP.TOTL,3028642,-0.0174005379308614,149544.0,0.0493851785681851,1 January,Eurostat [migr_pop3ctb],https://ec.europa.eu/eurostat/api/dissemination/statistics/1.0/data/migr_pop3ctb?format=JSON&lang=EN&geo=LT&age=TOTAL&sex=T&unit=NR&c_birth=FOR&sinceTimePeriod=2010&untilTimePeriod=2022,stock at 1 Jan; c_birth=FOR (born in a foreign country),24031.0,0.0079359601600335,1 January,Eurostat [migr_pop1ctz],https://ec.europa.eu/eurostat/api/dissemination/statistics/1.0/data/migr_pop1ctz?format=JSON&lang=EN&geo=LT&age=TOTAL&sex=T&unit=NR&citizen=FOR_STLS&sinceTimePeriod=2010&untilTimePeriod=2022,stock at 1 Jan; citizen=FOR_STLS (foreign citizens incl. stateless),,,,,,,,,,,,,1895.0,Full calendar year (flow),"Eurostat, Third country nationals found to be illegally present (migr_eipre)",https://ec.europa.eu/eurostat/databrowser/view/migr_eipre/default/table,"Eurostat enforcement statistic - annual flow of detections, NOT a stock. Dataset migr_eipre, dimensions freq=A citizen=TOTAL reason=TOTAL apprehen=TOTAL sex=T age=TOTAL unit=PER. Rounded to nearest 5 by Eurostat.",,,0.6258018602331814,,A,,A,,,,,,A,,,,,,,,,,,,,,,,,,,,,,,,,,,,
Lithuania,LTU,LT,440,1,0,2012,2989139,A,"World Bank, World Development Indicators (SP.POP.TOTL), sourced from UN World Population Prospects and national statistical offices",https://api.worldbank.org/v2/country/all/indicator/SP.POP.TOTL,2988329,0.0271054492326648,143675.0,0.0480656804517956,1 January,Eurostat [migr_pop3ctb],https://ec.europa.eu/eurostat/api/dissemination/statistics/1.0/data/migr_pop3ctb?format=JSON&lang=EN&geo=LT&age=TOTAL&sex=T&unit=NR&c_birth=FOR&sinceTimePeriod=2010&untilTimePeriod=2022,stock at 1 Jan; c_birth=FOR (born in a foreign country),22865.0,0.0076493598992887,1 January,Eurostat [migr_pop1ctz],https://ec.europa.eu/eurostat/api/dissemination/statistics/1.0/data/migr_pop1ctz?format=JSON&lang=EN&geo=LT&age=TOTAL&sex=T&unit=NR&citizen=FOR_STLS&sinceTimePeriod=2010&untilTimePeriod=2022,stock at 1 Jan; citizen=FOR_STLS (foreign citizens incl. stateless),,,,,,,,,,,,,2080.0,Full calendar year (flow),"Eurostat, Third country nationals found to be illegally present (migr_eipre)",https://ec.europa.eu/eurostat/databrowser/view/migr_eipre/default/table,"Eurostat enforcement statistic - annual flow of detections, NOT a stock. Dataset migr_eipre, dimensions freq=A citizen=TOTAL reason=TOTAL apprehen=TOTAL sex=T age=TOTAL unit=PER. Rounded to nearest 5 by Eurostat.",,,0.6958525515206888,,A,,A,,,,,,A,,,,,,,,,,,,,,,,,,,,,,,,,,,,
Lithuania,LTU,LT,440,1,0,2013,2961250,A,"World Bank, World Development Indicators (SP.POP.TOTL), sourced from UN World Population Prospects and national statistical offices",https://api.worldbank.org/v2/country/all/indicator/SP.POP.TOTL,2958360,0.0976892602658229,138297.0,0.0467022372308991,1 January,Eurostat [migr_pop3ctb],https://ec.europa.eu/eurostat/api/dissemination/statistics/1.0/data/migr_pop3ctb?format=JSON&lang=EN&geo=LT&age=TOTAL&sex=T&unit=NR&c_birth=FOR&sinceTimePeriod=2010&untilTimePeriod=2022,stock at 1 Jan; c_birth=FOR (born in a foreign country),21498.0,0.0072597720557197,1 January,Eurostat [migr_pop1ctz],https://ec.europa.eu/eurostat/api/dissemination/statistics/1.0/data/migr_pop1ctz?format=JSON&lang=EN&geo=LT&age=TOTAL&sex=T&unit=NR&citizen=FOR_STLS&sinceTimePeriod=2010&untilTimePeriod=2022,stock at 1 Jan; citizen=FOR_STLS (foreign citizens incl. stateless),,,,,,,,,,,,,1910.0,Full calendar year (flow),"Eurostat, Third country nationals found to be illegally present (migr_eipre)",https://ec.europa.eu/eurostat/databrowser/view/migr_eipre/default/table,"Eurostat enforcement statistic - annual flow of detections, NOT a stock. Dataset migr_eipre, dimensions freq=A citizen=TOTAL reason=TOTAL apprehen=TOTAL sex=T age=TOTAL unit=PER. Rounded to nearest 5 by Eurostat.",,,0.6449978894048122,,A,,A,,,,,,A,,,,,,,,,,,,,,,,,,,,,,,,,,,,
Lithuania,LTU,LT,440,1,0,2014,2937253,A,"World Bank, World Development Indicators (SP.POP.TOTL), sourced from UN World Population Prospects and national statistical offices",https://api.worldbank.org/v2/country/all/indicator/SP.POP.TOTL,2933168,0.1392692133556619,133746.0,0.0455343819548401,1 January,Eurostat [migr_pop3ctb],https://ec.europa.eu/eurostat/api/dissemination/statistics/1.0/data/migr_pop3ctb?format=JSON&lang=EN&geo=LT&age=TOTAL&sex=T&unit=NR&c_birth=FOR&sinceTimePeriod=2010&untilTimePeriod=2022,stock at 1 Jan; c_birth=FOR (born in a foreign country),20410.0,0.0069486693859875,1 January,Eurostat [migr_pop1ctz],https://ec.europa.eu/eurostat/api/dissemination/statistics/1.0/data/migr_pop1ctz?format=JSON&lang=EN&geo=LT&age=TOTAL&sex=T&unit=NR&citizen=FOR_STLS&sinceTimePeriod=2010&untilTimePeriod=2022,stock at 1 Jan; citizen=FOR_STLS (foreign citizens incl. stateless),,,,,,,,,,,,,2465.0,Full calendar year (flow),"Eurostat, Third country nationals found to be illegally present (migr_eipre)",https://ec.europa.eu/eurostat/databrowser/view/migr_eipre/default/table,"Eurostat enforcement statistic - annual flow of detections, NOT a stock. Dataset migr_eipre, dimensions freq=A citizen=TOTAL reason=TOTAL apprehen=TOTAL sex=T age=TOTAL unit=PER. Rounded to nearest 5 by Eurostat.",,,0.8392195020313197,,A,,A,,,,,,A,,,,,,,,,,,,,,,,,,,,,,,,,,,,
Lithuania,LTU,LT,440,1,0,2015,2911109,A,"World Bank, World Development Indicators (SP.POP.TOTL), sourced from UN World Population Prospects and national statistical offices",https://api.worldbank.org/v2/country/all/indicator/SP.POP.TOTL,2905764,0.1839447388019123,131929.0,0.0453191550024406,1 January,Eurostat [migr_pop3ctb],https://ec.europa.eu/eurostat/api/dissemination/statistics/1.0/data/migr_pop3ctb?format=JSON&lang=EN&geo=LT&age=TOTAL&sex=T&unit=NR&c_birth=FOR&sinceTimePeriod=2010&untilTimePeriod=2022,stock at 1 Jan; c_birth=FOR (born in a foreign country),20254.0,0.0069574859615356,1 January,Eurostat [migr_pop1ctz],https://ec.europa.eu/eurostat/api/dissemination/statistics/1.0/data/migr_pop1ctz?format=JSON&lang=EN&geo=LT&age=TOTAL&sex=T&unit=NR&citizen=FOR_STLS&sinceTimePeriod=2010&untilTimePeriod=2022,stock at 1 Jan; citizen=FOR_STLS (foreign citizens incl. stateless),,,,,,,,,,,,,2040.0,Full calendar year (flow),"Eurostat, Third country nationals found to be illegally present (migr_eipre)",https://ec.europa.eu/eurostat/databrowser/view/migr_eipre/default/table,"Eurostat enforcement statistic - annual flow of detections, NOT a stock. Dataset migr_eipre, dimensions freq=A citizen=TOTAL reason=TOTAL apprehen=TOTAL sex=T age=TOTAL unit=PER. Rounded to nearest 5 by Eurostat.",,,0.7007638669661631,,A,,A,,,,,,A,,,,,,,,,,,,,,,,,,,,,,,,,,,,
Lithuania,LTU,LT,440,1,0,2016,2877325,A,"World Bank, World Development Indicators (SP.POP.TOTL), sourced from UN World Population Prospects and national statistical offices",https://api.worldbank.org/v2/country/all/indicator/SP.POP.TOTL,2869110,0.2863257247020853,126264.0,0.043882425516756,1 January,Eurostat [migr_pop3ctb],https://ec.europa.eu/eurostat/api/dissemination/statistics/1.0/data/migr_pop3ctb?format=JSON&lang=EN&geo=LT&age=TOTAL&sex=T&unit=NR&c_birth=FOR&sinceTimePeriod=2010&untilTimePeriod=2022,stock at 1 Jan; c_birth=FOR (born in a foreign country),19123.0,0.0066461035857958,1 January,Eurostat [migr_pop1ctz],https://ec.europa.eu/eurostat/api/dissemination/statistics/1.0/data/migr_pop1ctz?format=JSON&lang=EN&geo=LT&age=TOTAL&sex=T&unit=NR&citizen=FOR_STLS&sinceTimePeriod=2010&untilTimePeriod=2022,stock at 1 Jan; citizen=FOR_STLS (foreign citizens incl. stateless),,,,,,,,,,,,,1920.0,Full calendar year (flow),"Eurostat, Third country nationals found to be illegally present (migr_eipre)",https://ec.europa.eu/eurostat/databrowser/view/migr_eipre/default/table,"Eurostat enforcement statistic - annual flow of detections, NOT a stock. Dataset migr_eipre, dimensions freq=A citizen=TOTAL reason=TOTAL apprehen=TOTAL sex=T age=TOTAL unit=PER. Rounded to nearest 5 by Eurostat.",,,0.667286455301365,,A,,A,,,,,,A,,,,,,,,,,,,,,,,,,,,,,,,,,,,
Lithuania,LTU,LT,440,1,0,2017,2842639,A,"World Bank, World Development Indicators (SP.POP.TOTL), sourced from UN World Population Prospects and national statistical offices",https://api.worldbank.org/v2/country/all/indicator/SP.POP.TOTL,2829313,0.4709977298375966,124964.0,0.0439605591846168,1 January,Eurostat [migr_pop3ctb],https://ec.europa.eu/eurostat/api/dissemination/statistics/1.0/data/migr_pop3ctb?format=JSON&lang=EN&geo=LT&age=TOTAL&sex=T&unit=NR&c_birth=FOR&sinceTimePeriod=2010&untilTimePeriod=2022,stock at 1 Jan; c_birth=FOR (born in a foreign country),18665.0,0.0065660817289849,1 January,Eurostat [migr_pop1ctz],https://ec.europa.eu/eurostat/api/dissemination/statistics/1.0/data/migr_pop1ctz?format=JSON&lang=EN&geo=LT&age=TOTAL&sex=T&unit=NR&citizen=FOR_STLS&sinceTimePeriod=2010&untilTimePeriod=2022,stock at 1 Jan; citizen=FOR_STLS (foreign citizens incl. stateless),,,,,,,,,,,,,2210.0,Full calendar year (flow),"Eurostat, Third country nationals found to be illegally present (migr_eipre)",https://ec.europa.eu/eurostat/databrowser/view/migr_eipre/default/table,"Eurostat enforcement statistic - annual flow of detections, NOT a stock. Dataset migr_eipre, dimensions freq=A citizen=TOTAL reason=TOTAL apprehen=TOTAL sex=T age=TOTAL unit=PER. Rounded to nearest 5 by Eurostat.",,,0.7774465910022342,,A,,A,,,,,,A,,,,,,,,,,,,,,,,,,,,,,,,,,,,
Lithuania,LTU,LT,440,1,0,2018,2819200,A,"World Bank, World Development Indicators (SP.POP.TOTL), sourced from UN World Population Prospects and national statistical offices",https://api.worldbank.org/v2/country/all/indicator/SP.POP.TOTL,2802478,0.596686218410992,132127.0,0.0468668416572077,1 January,Eurostat [migr_pop3ctb],https://ec.europa.eu/eurostat/api/dissemination/statistics/1.0/data/migr_pop3ctb?format=JSON&lang=EN&geo=LT&age=TOTAL&sex=T&unit=NR&c_birth=FOR&sinceTimePeriod=2010&untilTimePeriod=2022,stock at 1 Jan; c_birth=FOR (born in a foreign country),18923.0,0.0067121878547105,1 January,Eurostat [migr_pop1ctz],https://ec.europa.eu/eurostat/api/dissemination/statistics/1.0/data/migr_pop1ctz?format=JSON&lang=EN&geo=LT&age=TOTAL&sex=T&unit=NR&citizen=FOR_STLS&sinceTimePeriod=2010&untilTimePeriod=2022,stock at 1 Jan; citizen=FOR_STLS (foreign citizens incl. stateless),,,,,,,,,,,,,2660.0,Full calendar year (flow),"Eurostat, Third country nationals found to be illegally present (migr_eipre)",https://ec.europa.eu/eurostat/databrowser/view/migr_eipre/default/table,"Eurostat enforcement statistic - annual flow of detections, NOT a stock. Dataset migr_eipre, dimensions freq=A citizen=TOTAL reason=TOTAL apprehen=TOTAL sex=T age=TOTAL unit=PER. Rounded to nearest 5 by Eurostat.",,,0.9435300794551646,,A,,A,,,,,,A,,,,,,,,,,,,,,,,,,,,,,,,,,,,
Lithuania,LTU,LT,440,1,0,2019,2811089,A,"World Bank, World Development Indicators (SP.POP.TOTL), sourced from UN World Population Prospects and national statistical offices",https://api.worldbank.org/v2/country/all/indicator/SP.POP.TOTL,2795058,0.5735480265525796,148679.0,0.0528901788595096,1 January,Eurostat [migr_pop3ctb],https://ec.europa.eu/eurostat/api/dissemination/statistics/1.0/data/migr_pop3ctb?format=JSON&lang=EN&geo=LT&age=TOTAL&sex=T&unit=NR&c_birth=FOR&sinceTimePeriod=2010&untilTimePeriod=2022,stock at 1 Jan; c_birth=FOR (born in a foreign country),20202.0,0.0071865387399687,1 January,Eurostat [migr_pop1ctz],https://ec.europa.eu/eurostat/api/dissemination/statistics/1.0/data/migr_pop1ctz?format=JSON&lang=EN&geo=LT&age=TOTAL&sex=T&unit=NR&citizen=FOR_STLS&sinceTimePeriod=2010&untilTimePeriod=2022,stock at 1 Jan; citizen=FOR_STLS (foreign citizens incl. stateless),,,,,,,,,,,,,2440.0,Full calendar year (flow),"Eurostat, Third country nationals found to be illegally present (migr_eipre)",https://ec.europa.eu/eurostat/databrowser/view/migr_eipre/default/table,"Eurostat enforcement statistic - annual flow of detections, NOT a stock. Dataset migr_eipre, dimensions freq=A citizen=TOTAL reason=TOTAL apprehen=TOTAL sex=T age=TOTAL unit=PER. Rounded to nearest 5 by Eurostat.",,,0.867991017004442,,A,,A,,,,,,A,,,,,,,,,,,,,,,,,,,,,,,,,,,,
Lithuania,LTU,LT,440,1,0,2020,2810369,A,"World Bank, World Development Indicators (SP.POP.TOTL), sourced from UN World Population Prospects and national statistical offices",https://api.worldbank.org/v2/country/all/indicator/SP.POP.TOTL,2795765,0.5223615003406938,153697.0,0.0546892596666131,1 January,Eurostat [migr_pop3ctb],https://ec.europa.eu/eurostat/api/dissemination/statistics/1.0/data/migr_pop3ctb?format=JSON&lang=EN&geo=LT&age=TOTAL&sex=T&unit=NR&c_birth=FOR&sinceTimePeriod=2010&untilTimePeriod=2022,stock at 1 Jan; c_birth=FOR (born in a foreign country),20680.0,0.00735846431554,1 January,Eurostat [migr_pop1ctz],https://ec.europa.eu/eurostat/api/dissemination/statistics/1.0/data/migr_pop1ctz?format=JSON&lang=EN&geo=LT&age=TOTAL&sex=T&unit=NR&citizen=FOR_STLS&sinceTimePeriod=2010&untilTimePeriod=2022,stock at 1 Jan; citizen=FOR_STLS (foreign citizens incl. stateless),,,,,,,,,,,,,1960.0,Full calendar year (flow),"Eurostat, Third country nationals found to be illegally present (migr_eipre)",https://ec.europa.eu/eurostat/databrowser/view/migr_eipre/default/table,"Eurostat enforcement statistic - annual flow of detections, NOT a stock. Dataset migr_eipre, dimensions freq=A citizen=TOTAL reason=TOTAL apprehen=TOTAL sex=T age=TOTAL unit=PER. Rounded to nearest 5 by Eurostat.",,,0.6974173142388064,,A,,A,,,,,,A,,,,,,,,,,,,,,,,,,,,,,,,,,,,
Lithuania,LTU,LT,440,1,0,2021,2808380,A,"World Bank, World Development Indicators (SP.POP.TOTL), sourced from UN World Population Prospects and national statistical offices",https://api.worldbank.org/v2/country/all/indicator/SP.POP.TOTL,2794488,0.4971214762775865,155586.0,0.0554006224228914,1 January,Eurostat [migr_pop3ctb],https://ec.europa.eu/eurostat/api/dissemination/statistics/1.0/data/migr_pop3ctb?format=JSON&lang=EN&geo=LT&age=TOTAL&sex=T&unit=NR&c_birth=FOR&sinceTimePeriod=2010&untilTimePeriod=2022,stock at 1 Jan; c_birth=FOR (born in a foreign country),20001.0,0.0071218994580505,1 January,Eurostat [migr_pop1ctz],https://ec.europa.eu/eurostat/api/dissemination/statistics/1.0/data/migr_pop1ctz?format=JSON&lang=EN&geo=LT&age=TOTAL&sex=T&unit=NR&citizen=FOR_STLS&sinceTimePeriod=2010&untilTimePeriod=2022,stock at 1 Jan; citizen=FOR_STLS (foreign citizens incl. stateless),,,,,,,,,,,,,5025.0,Full calendar year (flow),"Eurostat, Third country nationals found to be illegally present (migr_eipre)",https://ec.europa.eu/eurostat/databrowser/view/migr_eipre/default/table,"Eurostat enforcement statistic - annual flow of detections, NOT a stock. Dataset migr_eipre, dimensions freq=A citizen=TOTAL reason=TOTAL apprehen=TOTAL sex=T age=TOTAL unit=PER. Rounded to nearest 5 by Eurostat.",,,1.789287774446478,,A,,A,,,,,,A,,,,,,,,,,,,,,,,,,,,,,,,,,,,
Lithuania,LTU,LT,440,1,0,2022,2831639,A,"World Bank, World Development Indicators (SP.POP.TOTL), sourced from UN World Population Prospects and national statistical offices",https://api.worldbank.org/v2/country/all/indicator/SP.POP.TOTL,2816919,0.5225567366331797,168787.0,0.0596075276544785,1 January,Eurostat [migr_pop3ctb],https://ec.europa.eu/eurostat/api/dissemination/statistics/1.0/data/migr_pop3ctb?format=JSON&lang=EN&geo=LT&age=TOTAL&sex=T&unit=NR&c_birth=FOR&sinceTimePeriod=2010&untilTimePeriod=2022,stock at 1 Jan; c_birth=FOR (born in a foreign country),34310.0,0.0121166575259063,1 January,Eurostat [migr_pop1ctz],https://ec.europa.eu/eurostat/api/dissemination/statistics/1.0/data/migr_pop1ctz?format=JSON&lang=EN&geo=LT&age=TOTAL&sex=T&unit=NR&citizen=FOR_STLS&sinceTimePeriod=2010&untilTimePeriod=2022,stock at 1 Jan; citizen=FOR_STLS (foreign citizens incl. stateless); apparent break in series (population census re-basing),,,,,,,,,,,,,3450.0,Full calendar year (flow),"Eurostat, Third country nationals found to be illegally present (migr_eipre)",https://ec.europa.eu/eurostat/databrowser/view/migr_eipre/default/table,"Eurostat enforcement statistic - annual flow of detections, NOT a stock. Dataset migr_eipre, dimensions freq=A citizen=TOTAL reason=TOTAL apprehen=TOTAL sex=T age=TOTAL unit=PER. Rounded to nearest 5 by Eurostat.",,,1.218375647460711,,A,,A,,,,,,A,,,,,,,,,,,,,,,,,,,,,,,,,,,,
Mexico,MEX,MX,484,0,1,2010,113623895,A,"World Bank, World Development Indicators (SP.POP.TOTL), sourced from UN World Population Prospects and national statistical offices",https://api.worldbank.org/v2/country/all/indicator/SP.POP.TOTL,113623895,0.0,961121.0,0.0084587929325957,See note,"OECD International Migration Database (stocks of foreign-born population, measure B14)","https://sdmx.oecd.org/public/rest/data/OECD.ELS.IMD,DSD_MIG_F@DF_MIG_POPF,1.0/MEX.W.A.B14._T._Z._Z.PS?startPeriod=2010&endPeriod=2022&format=jsondata&dimensionAtObservation=AllDimensions","Population born abroad; OECD IMD series sourced from INEGI. 2010 value (961121) corresponds to the Censo de Población y Vivienda 2010. Years 2016, 2017, 2019, 2021 and 2022 are not published.",262672.0,0.0023117672563504,Census reference date,"OECD International Migration Database (stocks of foreign population, measure B15)","https://sdmx.oecd.org/public/rest/data/OECD.ELS.IMD,DSD_MIG@DF_MIG,1.0/MEX.W.A.B15._T._Z._Z.PS?startPeriod=2010&endPeriod=2022&format=jsondata&dimensionAtObservation=AllDimensions",Foreign nationals resident in Mexico; OECD IMD series sourced from INEGI (Census/ENADID/ENOE). Reference date varies by source year.,,,,,,,,,,,,,,,,,,,,,,A,,A,,,,,,,,,,,,,,,,,,,,,,,,,,,,,,,,,,
Mexico,MEX,MX,484,0,1,2011,115243504,A,"World Bank, World Development Indicators (SP.POP.TOTL), sourced from UN World Population Prospects and national statistical offices",https://api.worldbank.org/v2/country/all/indicator/SP.POP.TOTL,115243504,0.0,966778.0,0.0083890021254473,See note,"OECD International Migration Database (stocks of foreign-born population, measure B14)","https://sdmx.oecd.org/public/rest/data/OECD.ELS.IMD,DSD_MIG_F@DF_MIG_POPF,1.0/MEX.W.A.B14._T._Z._Z.PS?startPeriod=2010&endPeriod=2022&format=jsondata&dimensionAtObservation=AllDimensions","Population born abroad; OECD IMD series sourced from INEGI. 2010 value (961121) corresponds to the Censo de Población y Vivienda 2010. Years 2016, 2017, 2019, 2021 and 2022 are not published.",281053.0,0.0024387752041971,Census reference date,"OECD International Migration Database (stocks of foreign population, measure B15)","https://sdmx.oecd.org/public/rest/data/OECD.ELS.IMD,DSD_MIG@DF_MIG,1.0/MEX.W.A.B15._T._Z._Z.PS?startPeriod=2010&endPeriod=2022&format=jsondata&dimensionAtObservation=AllDimensions",Foreign nationals resident in Mexico; OECD IMD series sourced from INEGI (Census/ENADID/ENOE). Reference date varies by source year.,,,,,,,,,,,,,,,,,,,,,,A,,A,,,,,,,,,,,,,,,,,,,,,,,,,,,,,,,,,,
Mexico,MEX,MX,484,0,1,2012,116818208,A,"World Bank, World Development Indicators (SP.POP.TOTL), sourced from UN World Population Prospects and national statistical offices",https://api.worldbank.org/v2/country/all/indicator/SP.POP.TOTL,116818208,0.0,973650.0,0.0083347452136913,See note,"OECD International Migration Database (stocks of foreign-born population, measure B14)","https://sdmx.oecd.org/public/rest/data/OECD.ELS.IMD,DSD_MIG_F@DF_MIG_POPF,1.0/MEX.W.A.B14._T._Z._Z.PS?startPeriod=2010&endPeriod=2022&format=jsondata&dimensionAtObservation=AllDimensions","Population born abroad; OECD IMD series sourced from INEGI. 2010 value (961121) corresponds to the Censo de Población y Vivienda 2010. Years 2016, 2017, 2019, 2021 and 2022 are not published.",303936.0,0.0026017861873039,Census reference date,"OECD International Migration Database (stocks of foreign population, measure B15)","https://sdmx.oecd.org/public/rest/data/OECD.ELS.IMD,DSD_MIG@DF_MIG,1.0/MEX.W.A.B15._T._Z._Z.PS?startPeriod=2010&endPeriod=2022&format=jsondata&dimensionAtObservation=AllDimensions",Foreign nationals resident in Mexico; OECD IMD series sourced from INEGI (Census/ENADID/ENOE). Reference date varies by source year.,,,,,,,,,,,,,,,,,,,,,,A,,A,,,,,,,,,,,,,,,,,,,,,,,,,,,,,,,,,,
Mexico,MEX,MX,484,0,1,2013,118343573,A,"World Bank, World Development Indicators (SP.POP.TOTL), sourced from UN World Population Prospects and national statistical offices",https://api.worldbank.org/v2/country/all/indicator/SP.POP.TOTL,118343573,0.0,991160.0,0.0083752752673776,See note,"OECD International Migration Database (stocks of foreign-born population, measure B14)","https://sdmx.oecd.org/public/rest/data/OECD.ELS.IMD,DSD_MIG_F@DF_MIG_POPF,1.0/MEX.W.A.B14._T._Z._Z.PS?startPeriod=2010&endPeriod=2022&format=jsondata&dimensionAtObservation=AllDimensions","Population born abroad; OECD IMD series sourced from INEGI. 2010 value (961121) corresponds to the Censo de Población y Vivienda 2010. Years 2016, 2017, 2019, 2021 and 2022 are not published.",296447.0,0.0025049691545142,Census reference date,"OECD International Migration Database (stocks of foreign population, measure B15)","https://sdmx.oecd.org/public/rest/data/OECD.ELS.IMD,DSD_MIG@DF_MIG,1.0/MEX.W.A.B15._T._Z._Z.PS?startPeriod=2010&endPeriod=2022&format=jsondata&dimensionAtObservation=AllDimensions",Foreign nationals resident in Mexico; OECD IMD series sourced from INEGI (Census/ENADID/ENOE). Reference date varies by source year.,,,,,,,,,,,,,,,,,,,,,,A,,A,,,,,,,,,,,,,,,,,,,,,,,,,,,,,,,,,,
Mexico,MEX,MX,484,0,1,2014,119784261,A,"World Bank, World Development Indicators (SP.POP.TOTL), sourced from UN World Population Prospects and national statistical offices",https://api.worldbank.org/v2/country/all/indicator/SP.POP.TOTL,119784261,0.0,939905.0,0.0078466485676277,See note,"OECD International Migration Database (stocks of foreign-born population, measure B14)","https://sdmx.oecd.org/public/rest/data/OECD.ELS.IMD,DSD_MIG_F@DF_MIG_POPF,1.0/MEX.W.A.B14._T._Z._Z.PS?startPeriod=2010&endPeriod=2022&format=jsondata&dimensionAtObservation=AllDimensions","Population born abroad; OECD IMD series sourced from INEGI. 2010 value (961121) corresponds to the Censo de Población y Vivienda 2010. Years 2016, 2017, 2019, 2021 and 2022 are not published.",,,,,,,,,,,,,,,,,,,,,,,,,,,,A,,,,,,,,,,,,,,,,,,,,,,,,,,,,,,,,,,,,
Mexico,MEX,MX,484,0,1,2015,121072306,A,"World Bank, World Development Indicators (SP.POP.TOTL), sourced from UN World Population Prospects and national statistical offices",https://api.worldbank.org/v2/country/all/indicator/SP.POP.TOTL,121072306,0.0,1007063.0,0.0083178642025699,See note,"OECD International Migration Database (stocks of foreign-born population, measure B14)","https://sdmx.oecd.org/public/rest/data/OECD.ELS.IMD,DSD_MIG_F@DF_MIG_POPF,1.0/MEX.W.A.B14._T._Z._Z.PS?startPeriod=2010&endPeriod=2022&format=jsondata&dimensionAtObservation=AllDimensions","Population born abroad; OECD IMD series sourced from INEGI. 2010 value (961121) corresponds to the Censo de Población y Vivienda 2010. Years 2016, 2017, 2019, 2021 and 2022 are not published.",325979.0,0.0026924324048143,Census reference date,"OECD International Migration Database (stocks of foreign population, measure B15)","https://sdmx.oecd.org/public/rest/data/OECD.ELS.IMD,DSD_MIG@DF_MIG,1.0/MEX.W.A.B15._T._Z._Z.PS?startPeriod=2010&endPeriod=2022&format=jsondata&dimensionAtObservation=AllDimensions",Foreign nationals resident in Mexico; OECD IMD series sourced from INEGI (Census/ENADID/ENOE). Reference date varies by source year.,,,,,,,,,,,,,,,,,,,,,,A,,A,,,,,,,,,,,,,,,,,,,,,,,,,,,,,,,,,,
Mexico,MEX,MX,484,0,1,2016,122251351,A,"World Bank, World Development Indicators (SP.POP.TOTL), sourced from UN World Population Prospects and national statistical offices",https://api.worldbank.org/v2/country/all/indicator/SP.POP.TOTL,122251351,0.0,,,,,,,355206.0,0.0029055384426794,Census reference date,"OECD International Migration Database (stocks of foreign population, measure B15)","https://sdmx.oecd.org/public/rest/data/OECD.ELS.IMD,DSD_MIG@DF_MIG,1.0/MEX.W.A.B15._T._Z._Z.PS?startPeriod=2010&endPeriod=2022&format=jsondata&dimensionAtObservation=AllDimensions",Foreign nationals resident in Mexico; OECD IMD series sourced from INEGI (Census/ENADID/ENOE). Reference date varies by source year.,,,,,,,,,,,,,,,,,,,,,,,,A,,,,,,,,,,,,,,,,,,,,,,,,,,,,,,,,,,
Mexico,MEX,MX,484,0,1,2017,123400057,A,"World Bank, World Development Indicators (SP.POP.TOTL), sourced from UN World Population Prospects and national statistical offices",https://api.worldbank.org/v2/country/all/indicator/SP.POP.TOTL,123400057,0.0,,,,,,,381770.0,0.0030937587006138,Census reference date,"OECD International Migration Database (stocks of foreign population, measure B15)","https://sdmx.oecd.org/public/rest/data/OECD.ELS.IMD,DSD_MIG@DF_MIG,1.0/MEX.W.A.B15._T._Z._Z.PS?startPeriod=2010&endPeriod=2022&format=jsondata&dimensionAtObservation=AllDimensions",Foreign nationals resident in Mexico; OECD IMD series sourced from INEGI (Census/ENADID/ENOE). Reference date varies by source year.,,,,,,,,,,,,,93846.0,See note,"Unidad de Politica Migratoria, Registro e Identidad de Personas (UPMRIP), SEGOB, Boletin de Estadisticas Migratorias, as compiled in IOM Mexico, Estadisticas migratorias 2023",https://mexico.iom.int/sites/g/files/tmzbdl1686/files/documents/2024-03/estadisticas-migratorias-2023.pdf,"ENFORCEMENT/TRANSIT FLOW, not a stock. EVENTS, not persons: 'eventos de personas en situacion migratoria irregular' presented to the Mexican migration authority during calendar year 2017. One person may be recorded multiple times. Largely transit migrants heading to the United States. Administrative count.",,,0.7605020798329128,,,,A,,,,,,B,The published figure appears in the archived source document.,,,,,,,,,,,,,,,,,,,,,,,,,,,
Mexico,MEX,MX,484,0,1,2018,124573711,A,"World Bank, World Development Indicators (SP.POP.TOTL), sourced from UN World Population Prospects and national statistical offices",https://api.worldbank.org/v2/country/all/indicator/SP.POP.TOTL,124573711,0.0,1074752.0,0.0086274382562144,See note,"OECD International Migration Database (stocks of foreign-born population, measure B14)","https://sdmx.oecd.org/public/rest/data/OECD.ELS.IMD,DSD_MIG_F@DF_MIG_POPF,1.0/MEX.W.A.B14._T._Z._Z.PS?startPeriod=2010&endPeriod=2022&format=jsondata&dimensionAtObservation=AllDimensions","Population born abroad; OECD IMD series sourced from INEGI. 2010 value (961121) corresponds to the Censo de Población y Vivienda 2010. Years 2016, 2017, 2019, 2021 and 2022 are not published.",423864.0,0.0034025156399169,Census reference date,"OECD International Migration Database (stocks of foreign population, measure B15)","https://sdmx.oecd.org/public/rest/data/OECD.ELS.IMD,DSD_MIG@DF_MIG,1.0/MEX.W.A.B15._T._Z._Z.PS?startPeriod=2010&endPeriod=2022&format=jsondata&dimensionAtObservation=AllDimensions",Foreign nationals resident in Mexico; OECD IMD series sourced from INEGI (Census/ENADID/ENOE). Reference date varies by source year.,,,,,,,,,,,,,131445.0,See note,"Unidad de Politica Migratoria, Registro e Identidad de Personas (UPMRIP), SEGOB, Boletin de Estadisticas Migratorias, as compiled in IOM Mexico, Estadisticas migratorias 2023",https://mexico.iom.int/sites/g/files/tmzbdl1686/files/documents/2024-03/estadisticas-migratorias-2023.pdf,"ENFORCEMENT/TRANSIT FLOW, not a stock. EVENTS, not persons: 'eventos de personas en situacion migratoria irregular' presented to the Mexican migration authority during calendar year 2018. One person may be recorded multiple times. Largely transit migrants. Administrative count.",,,1.055158419419648,,A,,A,,,,,,B,The published figure appears in the archived source document.,,,,,,,,,,,,,,,,,,,,,,,,,,,
Mexico,MEX,MX,484,0,1,2019,125762982,A,"World Bank, World Development Indicators (SP.POP.TOTL), sourced from UN World Population Prospects and national statistical offices",https://api.worldbank.org/v2/country/all/indicator/SP.POP.TOTL,125762982,0.0,,,,,,,461988.0,0.0036734815973113,Census reference date,"OECD International Migration Database (stocks of foreign population, measure B15)","https://sdmx.oecd.org/public/rest/data/OECD.ELS.IMD,DSD_MIG@DF_MIG,1.0/MEX.W.A.B15._T._Z._Z.PS?startPeriod=2010&endPeriod=2022&format=jsondata&dimensionAtObservation=AllDimensions",Foreign nationals resident in Mexico; OECD IMD series sourced from INEGI (Census/ENADID/ENOE). Reference date varies by source year.,,,,,,,,,,,,,182940.0,See note,"Unidad de Politica Migratoria, Registro e Identidad de Personas (UPMRIP), SEGOB, Boletin de Estadisticas Migratorias, as compiled in IOM Mexico, Estadisticas migratorias 2023",https://mexico.iom.int/sites/g/files/tmzbdl1686/files/documents/2024-03/estadisticas-migratorias-2023.pdf,"ENFORCEMENT/TRANSIT FLOW, not a stock. EVENTS, not persons: 'eventos de personas en situacion migratoria irregular' during calendar year 2019. Largely transit migrants. Administrative count. Independently corroborated at 182,940 in Papeles de Poblacion 29(118), SciELO Mexico, citing UPM.",,,1.454641080314079,,,,A,,,,,,B,The published figure appears in the archived source document.,,,,,,,,,,,,,,,,,,,,,,,,,,,
Mexico,MEX,MX,484,0,1,2020,126799054,A,"World Bank, World Development Indicators (SP.POP.TOTL), sourced from UN World Population Prospects and national statistical offices",https://api.worldbank.org/v2/country/all/indicator/SP.POP.TOTL,126799054,0.0,1169883.0,0.0092262754578594,See note,"OECD International Migration Database (stocks of foreign-born population, measure B14)","https://sdmx.oecd.org/public/rest/data/OECD.ELS.IMD,DSD_MIG_F@DF_MIG_POPF,1.0/MEX.W.A.B14._T._Z._Z.PS?startPeriod=2010&endPeriod=2022&format=jsondata&dimensionAtObservation=AllDimensions","Population born abroad; OECD IMD series sourced from INEGI. 2010 value (961121) corresponds to the Censo de Población y Vivienda 2010. Years 2016, 2017, 2019, 2021 and 2022 are not published.",480328.0,0.0037881039711857,Census reference date,"OECD International Migration Database (stocks of foreign population, measure B15)","https://sdmx.oecd.org/public/rest/data/OECD.ELS.IMD,DSD_MIG@DF_MIG,1.0/MEX.W.A.B15._T._Z._Z.PS?startPeriod=2010&endPeriod=2022&format=jsondata&dimensionAtObservation=AllDimensions",Foreign nationals resident in Mexico; OECD IMD series sourced from INEGI (Census/ENADID/ENOE). Reference date varies by source year.,,,,,,,,,,,,,82379.0,See note,"Unidad de Politica Migratoria, Registro e Identidad de Personas (UPMRIP), SEGOB, Boletin de Estadisticas Migratorias, as compiled in IOM Mexico, Estadisticas migratorias 2023",https://mexico.iom.int/sites/g/files/tmzbdl1686/files/documents/2024-03/estadisticas-migratorias-2023.pdf,"ENFORCEMENT/TRANSIT FLOW, not a stock. EVENTS, not persons: 'eventos de personas en situacion migratoria irregular' during calendar year 2020 (COVID-19 year). Largely transit migrants. Administrative count. Independently corroborated at 82,379 in Papeles de Poblacion 29(118), SciELO Mexico.",,,0.6496815031443374,,A,,A,,,,,,B,The published figure appears in the archived source document.,,,,,,,,,,,,,,,,,,,,,,,,,,,
Mexico,MEX,MX,484,0,1,2021,127648148,A,"World Bank, World Development Indicators (SP.POP.TOTL), sourced from UN World Population Prospects and national statistical offices",https://api.worldbank.org/v2/country/all/indicator/SP.POP.TOTL,127648148,0.0,,,,,,,579843.0,0.0045425100879646,Census reference date,"OECD International Migration Database (stocks of foreign population, measure B15)","https://sdmx.oecd.org/public/rest/data/OECD.ELS.IMD,DSD_MIG@DF_MIG,1.0/MEX.W.A.B15._T._Z._Z.PS?startPeriod=2010&endPeriod=2022&format=jsondata&dimensionAtObservation=AllDimensions",Foreign nationals resident in Mexico; OECD IMD series sourced from INEGI (Census/ENADID/ENOE). Reference date varies by source year.,,,,,,,,,,,,,309692.0,See note,"Unidad de Politica Migratoria, Registro e Identidad de Personas (UPMRIP), SEGOB, Boletin de Estadisticas Migratorias, as compiled in IOM Mexico, Estadisticas migratorias 2023",https://mexico.iom.int/sites/g/files/tmzbdl1686/files/documents/2024-03/estadisticas-migratorias-2023.pdf,"ENFORCEMENT/TRANSIT FLOW, not a stock. EVENTS, not persons: 'eventos de personas en situacion migratoria irregular' during calendar year 2021. Largely transit migrants. Administrative count. Independently corroborated at 309,692 in Papeles de Poblacion 29(118), SciELO Mexico, and in the IOM Mexico Q2-2023 bulletin.",,,2.426137823793574,,,,A,,,,,,B,The published figure appears in the archived source document.,,,,,,,,,,,,,,,,,,,,,,,,,,,
Mexico,MEX,MX,484,0,1,2022,128613117,A,"World Bank, World Development Indicators (SP.POP.TOTL), sourced from UN World Population Prospects and national statistical offices",https://api.worldbank.org/v2/country/all/indicator/SP.POP.TOTL,128613117,0.0,,,,,,,720371.0,0.0056010694461281,Census reference date,"OECD International Migration Database (stocks of foreign population, measure B15)","https://sdmx.oecd.org/public/rest/data/OECD.ELS.IMD,DSD_MIG@DF_MIG,1.0/MEX.W.A.B15._T._Z._Z.PS?startPeriod=2010&endPeriod=2022&format=jsondata&dimensionAtObservation=AllDimensions",Foreign nationals resident in Mexico; OECD IMD series sourced from INEGI (Census/ENADID/ENOE). Reference date varies by source year.,,,,,,,,,,,,,441409.0,See note,"Unidad de Politica Migratoria, Registro e Identidad de Personas (UPMRIP), SEGOB, Boletin de Estadisticas Migratorias, as compiled in IOM Mexico, Estadisticas migratorias 2023",https://mexico.iom.int/sites/g/files/tmzbdl1686/files/documents/2024-03/estadisticas-migratorias-2023.pdf,"ENFORCEMENT/TRANSIT FLOW, not a stock. EVENTS, not persons: 'eventos de personas en situacion migratoria irregular' during calendar year 2022. Largely transit migrants. Administrative count. Vintage caveat: a later UPM vintage cited in Papeles de Poblacion 29(118) gives 444,439 for 2022; the value here is the IOM/UPMRIP bulletin figure used consistently across 2017-2022.",,,3.43206828584988,,,,A,,,,,,B,The published figure appears in the archived source document.,,,,,,,,,,,,,,,,,,,,,,,,,,,
Netherlands,NLD,NL,528,1,1,2010,16615394,A,"World Bank, World Development Indicators (SP.POP.TOTL), sourced from UN World Population Prospects and national statistical offices",https://api.worldbank.org/v2/country/all/indicator/SP.POP.TOTL,16771235,-0.9292160058576484,1832510.0,0.1102898914103391,1 January,Eurostat [migr_pop3ctb],https://ec.europa.eu/eurostat/api/dissemination/statistics/1.0/data/migr_pop3ctb?format=JSON&lang=EN&geo=NL&age=TOTAL&sex=T&unit=NR&c_birth=FOR&sinceTimePeriod=2010&untilTimePeriod=2022,stock at 1 Jan; c_birth=FOR (born in a foreign country),652188.0,0.0392520333854255,1 January,Eurostat [migr_pop1ctz],https://ec.europa.eu/eurostat/api/dissemination/statistics/1.0/data/migr_pop1ctz?format=JSON&lang=EN&geo=NL&age=TOTAL&sex=T&unit=NR&citizen=FOR_STLS&sinceTimePeriod=2010&untilTimePeriod=2022,stock at 1 Jan; citizen=FOR_STLS (foreign citizens incl. stateless),,,,,,,,,,,,,7580.0,Full calendar year (flow),"Eurostat, Third country nationals found to be illegally present (migr_eipre)",https://ec.europa.eu/eurostat/databrowser/view/migr_eipre/default/table,"Eurostat enforcement statistic - annual flow of detections, NOT a stock. Dataset migr_eipre, dimensions freq=A citizen=TOTAL reason=TOTAL apprehen=TOTAL sex=T age=TOTAL unit=PER. Rounded to nearest 5 by Eurostat.",,,0.4562034460332388,,A,,A,,,,,,A,,,,,,,,,,,,,,,,,,,,,,,,,,,,
Netherlands,NLD,NL,528,1,1,2011,16693074,A,"World Bank, World Development Indicators (SP.POP.TOTL), sourced from UN World Population Prospects and national statistical offices",https://api.worldbank.org/v2/country/all/indicator/SP.POP.TOTL,16851057,-0.9375257587699096,1868655.0,0.1119419347209507,1 January,Eurostat [migr_pop3ctb],https://ec.europa.eu/eurostat/api/dissemination/statistics/1.0/data/migr_pop3ctb?format=JSON&lang=EN&geo=NL&age=TOTAL&sex=T&unit=NR&c_birth=FOR&sinceTimePeriod=2010&untilTimePeriod=2022,stock at 1 Jan; c_birth=FOR (born in a foreign country),673235.0,0.0403301992191492,1 January,Eurostat [migr_pop1ctz],https://ec.europa.eu/eurostat/api/dissemination/statistics/1.0/data/migr_pop1ctz?format=JSON&lang=EN&geo=NL&age=TOTAL&sex=T&unit=NR&citizen=FOR_STLS&sinceTimePeriod=2010&untilTimePeriod=2022,stock at 1 Jan; citizen=FOR_STLS (foreign citizens incl. stateless),,,,,,,,,,,,,6145.0,Full calendar year (flow),"Eurostat, Third country nationals found to be illegally present (migr_eipre)",https://ec.europa.eu/eurostat/databrowser/view/migr_eipre/default/table,"Eurostat enforcement statistic - annual flow of detections, NOT a stock. Dataset migr_eipre, dimensions freq=A citizen=TOTAL reason=TOTAL apprehen=TOTAL sex=T age=TOTAL unit=PER. Rounded to nearest 5 by Eurostat.",,,0.3681167411107146,,A,,A,,,,,,A,,,,,,,,,,,,,,,,,,,,,,,,,,,,
Netherlands,NLD,NL,528,1,1,2012,16754962,A,"World Bank, World Development Indicators (SP.POP.TOTL), sourced from UN World Population Prospects and national statistical offices",https://api.worldbank.org/v2/country/all/indicator/SP.POP.TOTL,16915194,-0.9472666999858234,1906295.0,0.1137749521604405,1 January,Eurostat [migr_pop3ctb],https://ec.europa.eu/eurostat/api/dissemination/statistics/1.0/data/migr_pop3ctb?format=JSON&lang=EN&geo=NL&age=TOTAL&sex=T&unit=NR&c_birth=FOR&sinceTimePeriod=2010&untilTimePeriod=2022,stock at 1 Jan; c_birth=FOR (born in a foreign country),697741.0,0.041643842582275,1 January,Eurostat [migr_pop1ctz],https://ec.europa.eu/eurostat/api/dissemination/statistics/1.0/data/migr_pop1ctz?format=JSON&lang=EN&geo=NL&age=TOTAL&sex=T&unit=NR&citizen=FOR_STLS&sinceTimePeriod=2010&untilTimePeriod=2022,stock at 1 Jan; citizen=FOR_STLS (foreign citizens incl. stateless),,,,,,,,,,,,,4005.0,Full calendar year (flow),"Eurostat, Third country nationals found to be illegally present (migr_eipre)",https://ec.europa.eu/eurostat/databrowser/view/migr_eipre/default/table,"Eurostat enforcement statistic - annual flow of detections, NOT a stock. Dataset migr_eipre, dimensions freq=A citizen=TOTAL reason=TOTAL apprehen=TOTAL sex=T age=TOTAL unit=PER. Rounded to nearest 5 by Eurostat.",,,0.2390336665639707,,A,,A,,,,,,A,,,,,,,,,,,,,,,,,,,,,,,,,,,,
Netherlands,NLD,NL,528,1,1,2013,16804432,A,"World Bank, World Development Indicators (SP.POP.TOTL), sourced from UN World Population Prospects and national statistical offices",https://api.worldbank.org/v2/country/all/indicator/SP.POP.TOTL,16967063,-0.9585100261606856,1927728.0,0.1147154512571445,1 January,Eurostat [migr_pop3ctb],https://ec.europa.eu/eurostat/api/dissemination/statistics/1.0/data/migr_pop3ctb?format=JSON&lang=EN&geo=NL&age=TOTAL&sex=T&unit=NR&c_birth=FOR&sinceTimePeriod=2010&untilTimePeriod=2022,stock at 1 Jan; c_birth=FOR (born in a foreign country),714552.0,0.0425216395293812,1 January,Eurostat [migr_pop1ctz],https://ec.europa.eu/eurostat/api/dissemination/statistics/1.0/data/migr_pop1ctz?format=JSON&lang=EN&geo=NL&age=TOTAL&sex=T&unit=NR&citizen=FOR_STLS&sinceTimePeriod=2010&untilTimePeriod=2022,stock at 1 Jan; citizen=FOR_STLS (foreign citizens incl. stateless),,,,,,,,,,,,,2715.0,Full calendar year (flow),"Eurostat, Third country nationals found to be illegally present (migr_eipre)",https://ec.europa.eu/eurostat/databrowser/view/migr_eipre/default/table,"Eurostat enforcement statistic - annual flow of detections, NOT a stock. Dataset migr_eipre, dimensions freq=A citizen=TOTAL reason=TOTAL apprehen=TOTAL sex=T age=TOTAL unit=PER. Rounded to nearest 5 by Eurostat.",,,0.1615645205978993,,A,,A,,,,,,A,,,,,,,,,,,,,,,,,,,,,,,,,,,,
Netherlands,NLD,NL,528,1,1,2014,16865008,A,"World Bank, World Development Indicators (SP.POP.TOTL), sourced from UN World Population Prospects and national statistical offices",https://api.worldbank.org/v2/country/all/indicator/SP.POP.TOTL,17030089,-0.9693490151460749,1953436.0,0.1158277541285482,1 January,Eurostat [migr_pop3ctb],https://ec.europa.eu/eurostat/api/dissemination/statistics/1.0/data/migr_pop3ctb?format=JSON&lang=EN&geo=NL&age=TOTAL&sex=T&unit=NR&c_birth=FOR&sinceTimePeriod=2010&untilTimePeriod=2022,stock at 1 Jan; c_birth=FOR (born in a foreign country),735354.0,0.0436023510928663,1 January,Eurostat [migr_pop1ctz],https://ec.europa.eu/eurostat/api/dissemination/statistics/1.0/data/migr_pop1ctz?format=JSON&lang=EN&geo=NL&age=TOTAL&sex=T&unit=NR&citizen=FOR_STLS&sinceTimePeriod=2010&untilTimePeriod=2022,stock at 1 Jan; citizen=FOR_STLS (foreign citizens incl. stateless),,,,,,,,,,,,,2645.0,Full calendar year (flow),"Eurostat, Third country nationals found to be illegally present (migr_eipre)",https://ec.europa.eu/eurostat/databrowser/view/migr_eipre/default/table,"Eurostat enforcement statistic - annual flow of detections, NOT a stock. Dataset migr_eipre, dimensions freq=A citizen=TOTAL reason=TOTAL apprehen=TOTAL sex=T age=TOTAL unit=PER. Rounded to nearest 5 by Eurostat.",,,0.1568336048224821,,A,,A,,,,,,A,,,,,,,,,,,,,,,,,,,,,,,,,,,,
Netherlands,NLD,NL,528,1,1,2015,16939923,A,"World Bank, World Development Indicators (SP.POP.TOTL), sourced from UN World Population Prospects and national statistical offices",https://api.worldbank.org/v2/country/all/indicator/SP.POP.TOTL,17107433,-0.9791650214266512,1996318.0,0.117846934723375,1 January,Eurostat [migr_pop3ctb],https://ec.europa.eu/eurostat/api/dissemination/statistics/1.0/data/migr_pop3ctb?format=JSON&lang=EN&geo=NL&age=TOTAL&sex=T&unit=NR&c_birth=FOR&sinceTimePeriod=2010&untilTimePeriod=2022,stock at 1 Jan; c_birth=FOR (born in a foreign country),773288.0,0.0456488497615957,1 January,Eurostat [migr_pop1ctz],https://ec.europa.eu/eurostat/api/dissemination/statistics/1.0/data/migr_pop1ctz?format=JSON&lang=EN&geo=NL&age=TOTAL&sex=T&unit=NR&citizen=FOR_STLS&sinceTimePeriod=2010&untilTimePeriod=2022,stock at 1 Jan; citizen=FOR_STLS (foreign citizens incl. stateless),,,,,,,,,,,,,3150.0,Full calendar year (flow),"Eurostat, Third country nationals found to be illegally present (migr_eipre)",https://ec.europa.eu/eurostat/databrowser/view/migr_eipre/default/table,"Eurostat enforcement statistic - annual flow of detections, NOT a stock. Dataset migr_eipre, dimensions freq=A citizen=TOTAL reason=TOTAL apprehen=TOTAL sex=T age=TOTAL unit=PER. Rounded to nearest 5 by Eurostat.",,,0.1859512584561334,,A,,A,,,,,,A,,,,,,,,,,,,,,,,,,,,,,,,,,,,
Netherlands,NLD,NL,528,1,1,2016,17030314,A,"World Bank, World Development Indicators (SP.POP.TOTL), sourced from UN World Population Prospects and national statistical offices",https://api.worldbank.org/v2/country/all/indicator/SP.POP.TOTL,17204693,-1.013554848087089,2056520.0,0.1207564346729015,1 January,Eurostat [migr_pop3ctb],https://ec.europa.eu/eurostat/api/dissemination/statistics/1.0/data/migr_pop3ctb?format=JSON&lang=EN&geo=NL&age=TOTAL&sex=T&unit=NR&c_birth=FOR&sinceTimePeriod=2010&untilTimePeriod=2022,stock at 1 Jan; c_birth=FOR (born in a foreign country),834786.0,0.0490176517003738,1 January,Eurostat [migr_pop1ctz],https://ec.europa.eu/eurostat/api/dissemination/statistics/1.0/data/migr_pop1ctz?format=JSON&lang=EN&geo=NL&age=TOTAL&sex=T&unit=NR&citizen=FOR_STLS&sinceTimePeriod=2010&untilTimePeriod=2022,stock at 1 Jan; citizen=FOR_STLS (foreign citizens incl. stateless),,,,,,,,,,,,,2760.0,Full calendar year (flow),"Eurostat, Third country nationals found to be illegally present (migr_eipre)",https://ec.europa.eu/eurostat/databrowser/view/migr_eipre/default/table,"Eurostat enforcement statistic - annual flow of detections, NOT a stock. Dataset migr_eipre, dimensions freq=A citizen=TOTAL reason=TOTAL apprehen=TOTAL sex=T age=TOTAL unit=PER. Rounded to nearest 5 by Eurostat.",,,0.1620639525495537,,A,,A,,,,,,A,,,,,,,,,,,,,,,,,,,,,,,,,,,,
Netherlands,NLD,NL,528,1,1,2017,17131296,A,"World Bank, World Development Indicators (SP.POP.TOTL), sourced from UN World Population Prospects and national statistical offices",https://api.worldbank.org/v2/country/all/indicator/SP.POP.TOTL,17315370,-1.063067090105496,2137234.0,0.1247561188598924,1 January,Eurostat [migr_pop3ctb],https://ec.europa.eu/eurostat/api/dissemination/statistics/1.0/data/migr_pop3ctb?format=JSON&lang=EN&geo=NL&age=TOTAL&sex=T&unit=NR&c_birth=FOR&sinceTimePeriod=2010&untilTimePeriod=2022,stock at 1 Jan; c_birth=FOR (born in a foreign country),914997.0,0.0534108452740528,1 January,Eurostat [migr_pop1ctz],https://ec.europa.eu/eurostat/api/dissemination/statistics/1.0/data/migr_pop1ctz?format=JSON&lang=EN&geo=NL&age=TOTAL&sex=T&unit=NR&citizen=FOR_STLS&sinceTimePeriod=2010&untilTimePeriod=2022,stock at 1 Jan; citizen=FOR_STLS (foreign citizens incl. stateless),40500.0,0.0023640943452264,See note,"Van der Heijden, Cruyff, Van Gils (WODC), Schattingen onrechtmatig in Nederland verblijvende vreemdelingen 2017-2018",https://www.wodc.nl/actueel/nieuws/2020/12/16/nieuwe-schatting-voor-de-periode-medio-2017---medio-2018,"WODC publishes a range: ""tussen de circa 23.000 en 58.000 vreemdelingen"" for mid-2017 to mid-2018. This cell is the midpoint. Use the range for any claim about level.",1.0,,,,,,2120.0,Full calendar year (flow),"Eurostat, Third country nationals found to be illegally present (migr_eipre)",https://ec.europa.eu/eurostat/databrowser/view/migr_eipre/default/table,"Eurostat enforcement statistic - annual flow of detections, NOT a stock. Dataset migr_eipre, dimensions freq=A citizen=TOTAL reason=TOTAL apprehen=TOTAL sex=T age=TOTAL unit=PER. Rounded to nearest 5 by Eurostat.",,,0.1237501237501237,,A,,A,,C,Range read from the archived WODC news release.,,,A,,,,,,,,,,,,,,,,yes,midpoint of the published range,"23,000–58,000 (WODC)",,,,,,,,,,
Netherlands,NLD,NL,528,1,1,2018,17231624,A,"World Bank, World Development Indicators (SP.POP.TOTL), sourced from UN World Population Prospects and national statistical offices",https://api.worldbank.org/v2/country/all/indicator/SP.POP.TOTL,17421280,-1.08864561042587,2215849.0,0.1285920003825524,1 January,Eurostat [migr_pop3ctb],https://ec.europa.eu/eurostat/api/dissemination/statistics/1.0/data/migr_pop3ctb?format=JSON&lang=EN&geo=NL&age=TOTAL&sex=T&unit=NR&c_birth=FOR&sinceTimePeriod=2010&untilTimePeriod=2022,stock at 1 Jan; c_birth=FOR (born in a foreign country),991440.0,0.0575360743711678,1 January,Eurostat [migr_pop1ctz],https://ec.europa.eu/eurostat/api/dissemination/statistics/1.0/data/migr_pop1ctz?format=JSON&lang=EN&geo=NL&age=TOTAL&sex=T&unit=NR&citizen=FOR_STLS&sinceTimePeriod=2010&untilTimePeriod=2022,stock at 1 Jan; citizen=FOR_STLS (foreign citizens incl. stateless),34952.0,0.0020283636643882,See note,"Van der Heijden, Cruyff, Lugtig, Engbersen, Van Gils (WODC/Utrecht University/Erasmus University Rotterdam), Schattingen onrechtmatig in Nederland verblijvende vreemdelingen medio 2018-2019 tot medio 2022-2023",https://www.wodc.nl/actueel/nieuws/2026/03/31/nieuwe-schattingen-beschikbaar-over-het-aantal-vreemdelingen-zonder-verblijfsvergunning,"Capture-recapture (truncated Poisson regression) on police apprehension/detention records; reference period is mid-2018 to mid-2019, coded to the starting year. Point estimate with 95% CI 21056-48848. Overlapping CIs mean the 2018-2023 changes are not statistically significant.",1.0,,,,,,2790.0,Full calendar year (flow),"Eurostat, Third country nationals found to be illegally present (migr_eipre)",https://ec.europa.eu/eurostat/databrowser/view/migr_eipre/default/table,"Eurostat enforcement statistic - annual flow of detections, NOT a stock. Dataset migr_eipre, dimensions freq=A citizen=TOTAL reason=TOTAL apprehen=TOTAL sex=T age=TOTAL unit=PER. Rounded to nearest 5 by Eurostat.",,,0.1619116108847314,,A,,A,,B,The published figure appears in the archived source document.,,,A,,,,,,,,,,,,,,,,,,,,,,,,,,,,
Netherlands,NLD,NL,528,1,1,2019,17344874,A,"World Bank, World Development Indicators (SP.POP.TOTL), sourced from UN World Population Prospects and national statistical offices",https://api.worldbank.org/v2/country/all/indicator/SP.POP.TOTL,17537507,-1.098405833850843,2298705.0,0.13252935708844,1 January,Eurostat [migr_pop3ctb],https://ec.europa.eu/eurostat/api/dissemination/statistics/1.0/data/migr_pop3ctb?format=JSON&lang=EN&geo=NL&age=TOTAL&sex=T&unit=NR&c_birth=FOR&sinceTimePeriod=2010&untilTimePeriod=2022,stock at 1 Jan; c_birth=FOR (born in a foreign country),1068107.0,0.0615805568838378,1 January,Eurostat [migr_pop1ctz],https://ec.europa.eu/eurostat/api/dissemination/statistics/1.0/data/migr_pop1ctz?format=JSON&lang=EN&geo=NL&age=TOTAL&sex=T&unit=NR&citizen=FOR_STLS&sinceTimePeriod=2010&untilTimePeriod=2022,stock at 1 Jan; citizen=FOR_STLS (foreign citizens incl. stateless),24124.0,0.00139084319667,See note,"Van der Heijden, Cruyff, Lugtig, Engbersen, Van Gils (WODC/Utrecht University/Erasmus University Rotterdam), Schattingen onrechtmatig in Nederland verblijvende vreemdelingen medio 2018-2019 tot medio 2022-2023",https://www.wodc.nl/actueel/nieuws/2026/03/31/nieuwe-schattingen-beschikbaar-over-het-aantal-vreemdelingen-zonder-verblijfsvergunning,"Capture-recapture (truncated Poisson regression) on police apprehension/detention records; reference period is mid-2019 to mid-2020, coded to the starting year. Point estimate with 95% CI 18511-29737. Overlapping CIs mean the 2018-2023 changes are not statistically significant.",1.0,,,,,,3565.0,Full calendar year (flow),"Eurostat, Third country nationals found to be illegally present (migr_eipre)",https://ec.europa.eu/eurostat/databrowser/view/migr_eipre/default/table,"Eurostat enforcement statistic - annual flow of detections, NOT a stock. Dataset migr_eipre, dimensions freq=A citizen=TOTAL reason=TOTAL apprehen=TOTAL sex=T age=TOTAL unit=PER. Rounded to nearest 5 by Eurostat.",,,0.2055362293205473,,A,,A,,B,The published figure appears in the archived source document.,,,A,,,,,,,,,,,,,,,,,,,,,,,,,,,,
Netherlands,NLD,NL,528,1,1,2020,17441500,A,"World Bank, World Development Indicators (SP.POP.TOTL), sourced from UN World Population Prospects and national statistical offices",https://api.worldbank.org/v2/country/all/indicator/SP.POP.TOTL,17636731,-1.106956839110377,2399804.0,0.1375916062265287,1 January,Eurostat [migr_pop3ctb],https://ec.europa.eu/eurostat/api/dissemination/statistics/1.0/data/migr_pop3ctb?format=JSON&lang=EN&geo=NL&age=TOTAL&sex=T&unit=NR&c_birth=FOR&sinceTimePeriod=2010&untilTimePeriod=2022,stock at 1 Jan; c_birth=FOR (born in a foreign country),1154830.0,0.0662116217068486,1 January,Eurostat [migr_pop1ctz],https://ec.europa.eu/eurostat/api/dissemination/statistics/1.0/data/migr_pop1ctz?format=JSON&lang=EN&geo=NL&age=TOTAL&sex=T&unit=NR&citizen=FOR_STLS&sinceTimePeriod=2010&untilTimePeriod=2022,stock at 1 Jan; citizen=FOR_STLS (foreign citizens incl. stateless),24283.0,0.0013922541065848,See note,"Van der Heijden, Cruyff, Lugtig, Engbersen, Van Gils (WODC/Utrecht University/Erasmus University Rotterdam), Schattingen onrechtmatig in Nederland verblijvende vreemdelingen medio 2018-2019 tot medio 2022-2023",https://www.wodc.nl/actueel/nieuws/2026/03/31/nieuwe-schattingen-beschikbaar-over-het-aantal-vreemdelingen-zonder-verblijfsvergunning,"Capture-recapture (truncated Poisson regression) on police apprehension/detention records; reference period is mid-2020 to mid-2021, coded to the starting year. Point estimate with 95% CI 19202-29364. Overlapping CIs mean the 2018-2023 changes are not statistically significant.",1.0,,,,,,3640.0,Full calendar year (flow),"Eurostat, Third country nationals found to be illegally present (migr_eipre)",https://ec.europa.eu/eurostat/databrowser/view/migr_eipre/default/table,"Eurostat enforcement statistic - annual flow of detections, NOT a stock. Dataset migr_eipre, dimensions freq=A citizen=TOTAL reason=TOTAL apprehen=TOTAL sex=T age=TOTAL unit=PER. Rounded to nearest 5 by Eurostat.",,,0.2086976464180259,,A,,A,,B,The published figure appears in the archived source document.,,,A,,,,,,,,,,,,,,,,,,,,,,,,,,,,
Netherlands,NLD,NL,528,1,1,2021,17533044,A,"World Bank, World Development Indicators (SP.POP.TOTL), sourced from UN World Population Prospects and national statistical offices",https://api.worldbank.org/v2/country/all/indicator/SP.POP.TOTL,17730564,-1.114008556073005,2451157.0,0.1398021358983642,1 January,Eurostat [migr_pop3ctb],https://ec.europa.eu/eurostat/api/dissemination/statistics/1.0/data/migr_pop3ctb?format=JSON&lang=EN&geo=NL&age=TOTAL&sex=T&unit=NR&c_birth=FOR&sinceTimePeriod=2010&untilTimePeriod=2022,stock at 1 Jan; c_birth=FOR (born in a foreign country),1171380.0,0.0668098477366508,1 January,Eurostat [migr_pop1ctz],https://ec.europa.eu/eurostat/api/dissemination/statistics/1.0/data/migr_pop1ctz?format=JSON&lang=EN&geo=NL&age=TOTAL&sex=T&unit=NR&citizen=FOR_STLS&sinceTimePeriod=2010&untilTimePeriod=2022,stock at 1 Jan; citizen=FOR_STLS (foreign citizens incl. stateless),20197.0,0.0011519391612774,See note,"Van der Heijden, Cruyff, Lugtig, Engbersen, Van Gils (WODC/Utrecht University/Erasmus University Rotterdam), Schattingen onrechtmatig in Nederland verblijvende vreemdelingen medio 2018-2019 tot medio 2022-2023",https://www.wodc.nl/actueel/nieuws/2026/03/31/nieuwe-schattingen-beschikbaar-over-het-aantal-vreemdelingen-zonder-verblijfsvergunning,"Capture-recapture (truncated Poisson regression) on police apprehension/detention records; reference period is mid-2021 to mid-2022, coded to the starting year. Point estimate with 95% CI 15923-24471. Overlapping CIs mean the 2018-2023 changes are not statistically significant.",1.0,,,,,,5010.0,Full calendar year (flow),"Eurostat, Third country nationals found to be illegally present (migr_eipre)",https://ec.europa.eu/eurostat/databrowser/view/migr_eipre/default/table,"Eurostat enforcement statistic - annual flow of detections, NOT a stock. Dataset migr_eipre, dimensions freq=A citizen=TOTAL reason=TOTAL apprehen=TOTAL sex=T age=TOTAL unit=PER. Rounded to nearest 5 by Eurostat.",,,0.2857461602218075,,A,,A,,B,The published figure appears in the archived source document.,,,A,,,,,,,,,,,,,,,,,,,,,,,,,,,,
Netherlands,NLD,NL,528,1,1,2022,17700982,A,"World Bank, World Development Indicators (SP.POP.TOTL), sourced from UN World Population Prospects and national statistical offices",https://api.worldbank.org/v2/country/all/indicator/SP.POP.TOTL,17904421,-1.136250091527674,2550837.0,0.1441070896518622,1 January,Eurostat [migr_pop3ctb],https://ec.europa.eu/eurostat/api/dissemination/statistics/1.0/data/migr_pop3ctb?format=JSON&lang=EN&geo=NL&age=TOTAL&sex=T&unit=NR&c_birth=FOR&sinceTimePeriod=2010&untilTimePeriod=2022,stock at 1 Jan; c_birth=FOR (born in a foreign country),1230012.0,0.0694883481605709,1 January,Eurostat [migr_pop1ctz],https://ec.europa.eu/eurostat/api/dissemination/statistics/1.0/data/migr_pop1ctz?format=JSON&lang=EN&geo=NL&age=TOTAL&sex=T&unit=NR&citizen=FOR_STLS&sinceTimePeriod=2010&untilTimePeriod=2022,stock at 1 Jan; citizen=FOR_STLS (foreign citizens incl. stateless),20065.0,0.0011335529294363,See note,"Van der Heijden, Cruyff, Lugtig, Engbersen, Van Gils (WODC/Utrecht University/Erasmus University Rotterdam), Schattingen onrechtmatig in Nederland verblijvende vreemdelingen medio 2018-2019 tot medio 2022-2023",https://www.wodc.nl/actueel/nieuws/2026/03/31/nieuwe-schattingen-beschikbaar-over-het-aantal-vreemdelingen-zonder-verblijfsvergunning,"Capture-recapture (truncated Poisson regression) on police apprehension/detention records; reference period is mid-2022 to mid-2023, coded to the starting year. Point estimate with 95% CI 16955-23175. Overlapping CIs mean the 2018-2023 changes are not statistically significant.",1.0,,,,,,5475.0,Full calendar year (flow),"Eurostat, Third country nationals found to be illegally present (migr_eipre)",https://ec.europa.eu/eurostat/databrowser/view/migr_eipre/default/table,"Eurostat enforcement statistic - annual flow of detections, NOT a stock. Dataset migr_eipre, dimensions freq=A citizen=TOTAL reason=TOTAL apprehen=TOTAL sex=T age=TOTAL unit=PER. Rounded to nearest 5 by Eurostat.",,,0.3093048735940187,,A,,A,,B,The published figure appears in the archived source document.,,,A,,,,,,,,,,,,,,,,,,,,,,,,,,,,
New Zealand,NZL,NZ,554,0,1,2010,4350700,A,"World Bank, World Development Indicators (SP.POP.TOTL), sourced from UN World Population Prospects and national statistical offices",https://api.worldbank.org/v2/country/all/indicator/SP.POP.TOTL,4347770,0.0673908693422145,956982.0,0.2199604661318868,Mid-year / 30 June,UN DESA International Migrant Stock (retrieved via World Bank indicator SM.POP.TOTL),https://api.worldbank.org/v2/country/NZL/indicator/SM.POP.TOTL?format=json&date=2010:2022,"UN DESA International Migrant Stock, mid-year estimate. UN DESA publishes only 1990/1995/2000/2005/2010/2015/2020 - 5-year-interval estimate, NOT an annual national figure. Stats NZ publishes overseas-born counts only in census years (2013, 2018, 2023).",,,,,,,,,,,,,,15614.0,See note,"Immigration New Zealand (MBIE), 'OVERSTAYERS' factsheet, October 2018, released under the Official Information Act and published on FYI.org.nz",https://fyi.org.nz/request/29926/response/118942/attach/4/Appendix%20A%20Immigration%20New%20Zealand%20Overstayers%20Factsheet%202017.pdf,"estimated overstayer population (people unlawfully in New Zealand), reference date October 2010. Register-derived estimate from the INZ overstayer estimate series; INZ notes the methodology was revised for the December 2017 estimate, so figures up to October 2014 / January 2016 are on the older basis. The same table also reports 15,760 for April 2010; the later 2010 estimate is used here.",,,,,,,0.0035888477716229,,,A,,,,,,B,The published figure appears in the archived source document.,,,,,,,,,,,,,,,,,,,,,,,,,,,,,
New Zealand,NZL,NZ,554,0,1,2011,4384000,A,"World Bank, World Development Indicators (SP.POP.TOTL), sourced from UN World Population Prospects and national statistical offices",https://api.worldbank.org/v2/country/all/indicator/SP.POP.TOTL,4382700,0.0296620804526889,,,,,,,,,,,,,,,,,,,,15030.0,See note,"Immigration New Zealand (MBIE), 'OVERSTAYERS' factsheet, October 2018, released under the Official Information Act and published on FYI.org.nz",https://fyi.org.nz/request/29926/response/118942/attach/4/Appendix%20A%20Immigration%20New%20Zealand%20Overstayers%20Factsheet%202017.pdf,"estimated overstayer population (people unlawfully in New Zealand), reference date May 2011. Register-derived estimate from the INZ overstayer estimate series; INZ notes the methodology was revised for the December 2017 estimate, so figures up to October 2014 / January 2016 are on the older basis.",,,,,,,0.0034283759124087,,,,,,,,,B,The published figure appears in the archived source document.,,,,,,,,,,,,,,,,,,,,,,,,,,,,,
New Zealand,NZL,NZ,554,0,1,2012,4408100,A,"World Bank, World Development Indicators (SP.POP.TOTL), sourced from UN World Population Prospects and national statistical offices",https://api.worldbank.org/v2/country/all/indicator/SP.POP.TOTL,4411676,-0.0810576297987431,,,,,,,,,,,,,,,,,,,,14044.0,See note,"Immigration New Zealand (MBIE), 'OVERSTAYERS' factsheet, October 2018, released under the Official Information Act and published on FYI.org.nz",https://fyi.org.nz/request/29926/response/118942/attach/4/Appendix%20A%20Immigration%20New%20Zealand%20Overstayers%20Factsheet%202017.pdf,"estimated overstayer population (people unlawfully in New Zealand), reference date August 2012. Register-derived estimate from the INZ overstayer estimate series; INZ notes the methodology was revised for the December 2017 estimate, so figures up to October 2014 / January 2016 are on the older basis.",,,,,,,0.0031859531317347,,,,,,,,,B,The published figure appears in the archived source document.,,,,,,,,,,,,,,,,,,,,,,,,,,,,,
New Zealand,NZL,NZ,554,0,1,2013,4442100,A,"World Bank, World Development Indicators (SP.POP.TOTL), sourced from UN World Population Prospects and national statistical offices",https://api.worldbank.org/v2/country/all/indicator/SP.POP.TOTL,4453851,-0.2638390911595381,1001772.0,0.2255176605659485,Census reference date,"OECD International Migration Database (stocks of foreign-born population, measure B14)","https://sdmx.oecd.org/public/rest/data/OECD.ELS.IMD,DSD_MIG_F@DF_MIG_POPF,1.0/NZL.W.A.B14._T._Z._Z.PS?startPeriod=2010&endPeriod=2022&format=jsondata&dimensionAtObservation=AllDimensions","Overseas-born usually resident population from the New Zealand Census of Population and Dwellings (census years only), as compiled by OECD IMD.",,,,,,,,,,,,,,13151.0,See note,"Immigration New Zealand (MBIE), 'OVERSTAYERS' factsheet, October 2018, released under the Official Information Act and published on FYI.org.nz",https://fyi.org.nz/request/29926/response/118942/attach/4/Appendix%20A%20Immigration%20New%20Zealand%20Overstayers%20Factsheet%202017.pdf,"estimated overstayer population (people unlawfully in New Zealand), reference date September 2013. Register-derived estimate from the INZ overstayer estimate series; INZ notes the methodology was revised for the December 2017 estimate, so figures up to October 2014 / January 2016 are on the older basis.",,,,,,,0.0029605366831003,,,A,,,,,,B,The published figure appears in the archived source document.,,,,,,,,,,,,,,,,,,,,,,,,,,,,,
New Zealand,NZL,NZ,554,0,1,2014,4516500,A,"World Bank, World Development Indicators (SP.POP.TOTL), sourced from UN World Population Prospects and national statistical offices",https://api.worldbank.org/v2/country/all/indicator/SP.POP.TOTL,4522983,-0.1433346090400959,,,,,,,,,,,,,,,,,,,,12162.0,See note,"Immigration New Zealand (MBIE), 'OVERSTAYERS' factsheet, October 2018, released under the Official Information Act and published on FYI.org.nz",https://fyi.org.nz/request/29926/response/118942/attach/4/Appendix%20A%20Immigration%20New%20Zealand%20Overstayers%20Factsheet%202017.pdf,"estimated overstayer population (people unlawfully in New Zealand), reference date October 2014. Register-derived estimate from the INZ overstayer estimate series; INZ notes the methodology was revised for the December 2017 estimate, so figures up to October 2014 / January 2016 are on the older basis.",,,,,,,0.002692793091996,,,,,,,,,B,The published figure appears in the archived source document.,,,,,,,,,,,,,,,,,,,,,,,,,,,,,
New Zealand,NZL,NZ,554,0,1,2015,4609400,A,"World Bank, World Development Indicators (SP.POP.TOTL), sourced from UN World Population Prospects and national statistical offices",https://api.worldbank.org/v2/country/all/indicator/SP.POP.TOTL,4614029,-0.100324466968023,1132201.0,0.2456287152340868,Mid-year / 30 June,UN DESA International Migrant Stock (retrieved via World Bank indicator SM.POP.TOTL),https://api.worldbank.org/v2/country/NZL/indicator/SM.POP.TOTL?format=json&date=2010:2022,"UN DESA International Migrant Stock, mid-year estimate. UN DESA publishes only 1990/1995/2000/2005/2010/2015/2020 - 5-year-interval estimate, NOT an annual national figure. Stats NZ publishes overseas-born counts only in census years (2013, 2018, 2023).",,,,,,,,,,,,,,,,,,,,,,,,,,,,A,,,,,,,,,,,,,,,,,,,,,,,,,,,,,,,,,,,,
New Zealand,NZL,NZ,554,0,1,2016,4714100,A,"World Bank, World Development Indicators (SP.POP.TOTL), sourced from UN World Population Prospects and national statistical offices",https://api.worldbank.org/v2/country/all/indicator/SP.POP.TOTL,4714770,-0.014210661389633,,,,,,,,,,,,,,,,,,,,10894.0,See note,"Immigration New Zealand (MBIE), 'OVERSTAYERS' factsheet, October 2018, released under the Official Information Act and published on FYI.org.nz",https://fyi.org.nz/request/29926/response/118942/attach/4/Appendix%20A%20Immigration%20New%20Zealand%20Overstayers%20Factsheet%202017.pdf,"estimated overstayer population (people unlawfully in New Zealand), reference date December 2016. Register-derived estimate from the INZ overstayer estimate series; INZ notes the methodology was revised for the December 2017 estimate, so figures up to October 2014 / January 2016 are on the older basis. The same table also reports 10,848 for January 2016; the December 2016 estimate is used here.",,,,,,,0.0023109395218599,,,,,,,,,B,The published figure appears in the archived source document.,,,,,,,,,,,,,,,,,,,,,,,,,,,,,
New Zealand,NZL,NZ,554,0,1,2017,4813600,A,"World Bank, World Development Indicators (SP.POP.TOTL), sourced from UN World Population Prospects and national statistical offices",https://api.worldbank.org/v2/country/all/indicator/SP.POP.TOTL,4812752,0.0176198565810164,,,,,,,,,,,,,,,,,,,,14000.0,See note,"Immigration New Zealand, New estimate of people who have overstayed their visa (5 September 2025)",https://immigration.govt.nz/assets/inz/documents/visa-paks/5-September-2025-New-estimate-of-people-who-have-overstayed-their-visa.pdf,"Reference year 2017. Register-derived estimate of the overstayer population, published as 'approximately 14,000'; INZ states it is not directly comparable with its later (2025) estimate because the methodology changed.",,,,,,,0.0029084261259764,,,,,,,,,B,The published figure appears in the archived source document.,,,,,,,,,,,,,,,,,,,,,,,,,,,,,
New Zealand,NZL,NZ,554,0,1,2018,4900600,A,"World Bank, World Development Indicators (SP.POP.TOTL), sourced from UN World Population Prospects and national statistical offices",https://api.worldbank.org/v2/country/all/indicator/SP.POP.TOTL,4900847,-0.0050399451360142,1329633.0,0.2713204505570746,Census reference date,"OECD International Migration Database (stocks of foreign-born population, measure B14)","https://sdmx.oecd.org/public/rest/data/OECD.ELS.IMD,DSD_MIG_F@DF_MIG_POPF,1.0/NZL.W.A.B14._T._Z._Z.PS?startPeriod=2010&endPeriod=2022&format=jsondata&dimensionAtObservation=AllDimensions","Overseas-born usually resident population from the New Zealand Census of Population and Dwellings (census years only), as compiled by OECD IMD.",,,,,,,,,,,,,,,,,,,,,,,,,,,,A,,,,,,,,,,,,,,,,,,,,,,,,,,,,,,,,,,,,
New Zealand,NZL,NZ,554,0,1,2019,4970300,A,"World Bank, World Development Indicators (SP.POP.TOTL), sourced from UN World Population Prospects and national statistical offices",https://api.worldbank.org/v2/country/all/indicator/SP.POP.TOTL,4989403,-0.3828714577675926,,,,,,,,,,,,,,,,,,,,,,,,,,,,,,,,,,,,,,,,,,,,,,,,,,,,,,,,,,,,,,,,,,,,,,
New Zealand,NZL,NZ,554,0,1,2020,5072400,A,"World Bank, World Development Indicators (SP.POP.TOTL), sourced from UN World Population Prospects and national statistical offices",https://api.worldbank.org/v2/country/all/indicator/SP.POP.TOTL,5069895,0.0494093072933463,1343900.0,0.2649436164340352,Mid-year / 30 June,UN DESA International Migrant Stock (retrieved via World Bank indicator SM.POP.TOTL),https://api.worldbank.org/v2/country/NZL/indicator/SM.POP.TOTL?format=json&date=2010:2022,"UN DESA International Migrant Stock, mid-year estimate. UN DESA publishes only 1990/1995/2000/2005/2010/2015/2020 - 5-year-interval estimate, NOT an annual national figure. Stats NZ publishes overseas-born counts only in census years (2013, 2018, 2023).",,,,,,,,,,,,,,,,,,,,,,,,,,,,A,,,,,,,,,,,,,,,,,,,,,,,,,,,,,,,,,,,,
New Zealand,NZL,NZ,554,0,1,2021,5084600,A,"World Bank, World Development Indicators (SP.POP.TOTL), sourced from UN World Population Prospects and national statistical offices",https://api.worldbank.org/v2/country/all/indicator/SP.POP.TOTL,5107697,-0.4521998857802254,,,,,,,,,,,,,,,,,,,,,,,,,,,,,,,,,,,,,,,,,,,,,,,,,,,,,,,,,,,,,,,,,,,,,,
New Zealand,NZL,NZ,554,0,1,2022,5081700,A,"World Bank, World Development Indicators (SP.POP.TOTL), sourced from UN World Population Prospects and national statistical offices",https://api.worldbank.org/v2/country/all/indicator/SP.POP.TOTL,5131734,-0.9749920787008836,,,,,,,,,,,,,,,,,,,,,,,,,,,,,,,,,,,,,,,,,,,,,,,,,,,,,,,,,,,,,,,,,,,,,,
Norway,NOR,NO,578,1,1,2010,4889252,A,"World Bank, World Development Indicators (SP.POP.TOTL), sourced from UN World Population Prospects and national statistical offices",https://api.worldbank.org/v2/country/all/indicator/SP.POP.TOTL,4889162,0.0018408062567777,529532.0,0.1083053195049058,1 January,Eurostat [migr_pop3ctb],https://ec.europa.eu/eurostat/api/dissemination/statistics/1.0/data/migr_pop3ctb?format=JSON&lang=EN&geo=NO&age=TOTAL&sex=T&unit=NR&c_birth=FOR&sinceTimePeriod=2010&untilTimePeriod=2022,stock at 1 Jan; c_birth=FOR (born in a foreign country),333791.0,0.0682703611922641,1 January,Eurostat [migr_pop1ctz],https://ec.europa.eu/eurostat/api/dissemination/statistics/1.0/data/migr_pop1ctz?format=JSON&lang=EN&geo=NO&age=TOTAL&sex=T&unit=NR&citizen=FOR_STLS&sinceTimePeriod=2010&untilTimePeriod=2022,stock at 1 Jan; citizen=FOR_STLS (foreign citizens incl. stateless),,,,,,,,,,,,,2410.0,Full calendar year (flow),"Eurostat, Third country nationals found to be illegally present (migr_eipre)",https://ec.europa.eu/eurostat/databrowser/view/migr_eipre/default/table,"Eurostat enforcement statistic - annual flow of detections, NOT a stock. Dataset migr_eipre, dimensions freq=A citizen=TOTAL reason=TOTAL apprehen=TOTAL sex=T age=TOTAL unit=PER. Rounded to nearest 5 by Eurostat.",,,0.4929179350951843,,A,,A,,,,,,A,,,,,,,,,,,,,,,,,,,,,,,,,,,,
Norway,NOR,NO,578,1,1,2011,4953088,A,"World Bank, World Development Indicators (SP.POP.TOTL), sourced from UN World Population Prospects and national statistical offices",https://api.worldbank.org/v2/country/all/indicator/SP.POP.TOTL,4952968,0.0024227897293097,572231.0,0.1155301500801116,1 January,Eurostat [migr_pop3ctb],https://ec.europa.eu/eurostat/api/dissemination/statistics/1.0/data/migr_pop3ctb?format=JSON&lang=EN&geo=NO&age=TOTAL&sex=T&unit=NR&c_birth=FOR&sinceTimePeriod=2010&untilTimePeriod=2022,stock at 1 Jan; c_birth=FOR (born in a foreign country),369132.0,0.0745256292640066,1 January,Eurostat [migr_pop1ctz],https://ec.europa.eu/eurostat/api/dissemination/statistics/1.0/data/migr_pop1ctz?format=JSON&lang=EN&geo=NO&age=TOTAL&sex=T&unit=NR&citizen=FOR_STLS&sinceTimePeriod=2010&untilTimePeriod=2022,stock at 1 Jan; citizen=FOR_STLS (foreign citizens incl. stateless),,,,,,,,,,,,,1925.0,Full calendar year (flow),"Eurostat, Third country nationals found to be illegally present (migr_eipre)",https://ec.europa.eu/eurostat/databrowser/view/migr_eipre/default/table,"Eurostat enforcement statistic - annual flow of detections, NOT a stock. Dataset migr_eipre, dimensions freq=A citizen=TOTAL reason=TOTAL apprehen=TOTAL sex=T age=TOTAL unit=PER. Rounded to nearest 5 by Eurostat.",,,0.3886464363241678,,A,,A,,,,,,A,,,,,,,,,,,,,,,,,,,,,,,,,,,,
Norway,NOR,NO,578,1,1,2012,5018573,A,"World Bank, World Development Indicators (SP.POP.TOTL), sourced from UN World Population Prospects and national statistical offices",https://api.worldbank.org/v2/country/all/indicator/SP.POP.TOTL,5018458,0.0022915405489096,619978.0,0.1235367105350465,1 January,Eurostat [migr_pop3ctb],https://ec.europa.eu/eurostat/api/dissemination/statistics/1.0/data/migr_pop3ctb?format=JSON&lang=EN&geo=NO&age=TOTAL&sex=T&unit=NR&c_birth=FOR&sinceTimePeriod=2010&untilTimePeriod=2022,stock at 1 Jan; c_birth=FOR (born in a foreign country),407171.0,0.0811328240119253,1 January,Eurostat [migr_pop1ctz],https://ec.europa.eu/eurostat/api/dissemination/statistics/1.0/data/migr_pop1ctz?format=JSON&lang=EN&geo=NO&age=TOTAL&sex=T&unit=NR&citizen=FOR_STLS&sinceTimePeriod=2010&untilTimePeriod=2022,stock at 1 Jan; citizen=FOR_STLS (foreign citizens incl. stateless),,,,,,,,,,,,,2760.0,Full calendar year (flow),"Eurostat, Third country nationals found to be illegally present (migr_eipre)",https://ec.europa.eu/eurostat/databrowser/view/migr_eipre/default/table,"Eurostat enforcement statistic - annual flow of detections, NOT a stock. Dataset migr_eipre, dimensions freq=A citizen=TOTAL reason=TOTAL apprehen=TOTAL sex=T age=TOTAL unit=PER. Rounded to nearest 5 by Eurostat.",,,0.5499571292476966,,A,,A,,,,,,A,,,,,,,,,,,,,,,,,,,,,,,,,,,,
Norway,NOR,NO,578,1,1,2013,5079623,A,"World Bank, World Development Indicators (SP.POP.TOTL), sourced from UN World Population Prospects and national statistical offices",https://api.worldbank.org/v2/country/all/indicator/SP.POP.TOTL,5080124,-0.0098619639993039,668178.0,0.1315408643515473,1 January,Eurostat [migr_pop3ctb],https://ec.europa.eu/eurostat/api/dissemination/statistics/1.0/data/migr_pop3ctb?format=JSON&lang=EN&geo=NO&age=TOTAL&sex=T&unit=NR&c_birth=FOR&sinceTimePeriod=2010&untilTimePeriod=2022,stock at 1 Jan; c_birth=FOR (born in a foreign country),448665.0,0.0883264368241501,1 January,Eurostat [migr_pop1ctz],https://ec.europa.eu/eurostat/api/dissemination/statistics/1.0/data/migr_pop1ctz?format=JSON&lang=EN&geo=NO&age=TOTAL&sex=T&unit=NR&citizen=FOR_STLS&sinceTimePeriod=2010&untilTimePeriod=2022,stock at 1 Jan; citizen=FOR_STLS (foreign citizens incl. stateless),,,,,,,,,,,,,3180.0,Full calendar year (flow),"Eurostat, Third country nationals found to be illegally present (migr_eipre)",https://ec.europa.eu/eurostat/databrowser/view/migr_eipre/default/table,"Eurostat enforcement statistic - annual flow of detections, NOT a stock. Dataset migr_eipre, dimensions freq=A citizen=TOTAL reason=TOTAL apprehen=TOTAL sex=T age=TOTAL unit=PER. Rounded to nearest 5 by Eurostat.",,,0.626030711334286,,A,,A,,,,,,A,,,,,,,,,,,,,,,,,,,,,,,,,,,,
Norway,NOR,NO,578,1,1,2014,5137232,A,"World Bank, World Development Indicators (SP.POP.TOTL), sourced from UN World Population Prospects and national statistical offices",https://api.worldbank.org/v2/country/all/indicator/SP.POP.TOTL,5137395,-0.0031728142375659,709566.0,0.1381222417052607,1 January,Eurostat [migr_pop3ctb],https://ec.europa.eu/eurostat/api/dissemination/statistics/1.0/data/migr_pop3ctb?format=JSON&lang=EN&geo=NO&age=TOTAL&sex=T&unit=NR&c_birth=FOR&sinceTimePeriod=2010&untilTimePeriod=2022,stock at 1 Jan; c_birth=FOR (born in a foreign country),483057.0,0.094030598579157,1 January,Eurostat [migr_pop1ctz],https://ec.europa.eu/eurostat/api/dissemination/statistics/1.0/data/migr_pop1ctz?format=JSON&lang=EN&geo=NO&age=TOTAL&sex=T&unit=NR&citizen=FOR_STLS&sinceTimePeriod=2010&untilTimePeriod=2022,stock at 1 Jan; citizen=FOR_STLS (foreign citizens incl. stateless),,,,,,,,,,,,,3720.0,Full calendar year (flow),"Eurostat, Third country nationals found to be illegally present (migr_eipre)",https://ec.europa.eu/eurostat/databrowser/view/migr_eipre/default/table,"Eurostat enforcement statistic - annual flow of detections, NOT a stock. Dataset migr_eipre, dimensions freq=A citizen=TOTAL reason=TOTAL apprehen=TOTAL sex=T age=TOTAL unit=PER. Rounded to nearest 5 by Eurostat.",,,0.7241253655665152,,A,,A,,,,,,A,,,,,,,,,,,,,,,,,,,,,,,,,,,,
Norway,NOR,NO,578,1,1,2015,5188607,A,"World Bank, World Development Indicators (SP.POP.TOTL), sourced from UN World Population Prospects and national statistical offices",https://api.worldbank.org/v2/country/all/indicator/SP.POP.TOTL,5189771,-0.0224287352948713,747423.0,0.1440508020746223,1 January,Eurostat [migr_pop3ctb],https://ec.europa.eu/eurostat/api/dissemination/statistics/1.0/data/migr_pop3ctb?format=JSON&lang=EN&geo=NO&age=TOTAL&sex=T&unit=NR&c_birth=FOR&sinceTimePeriod=2010&untilTimePeriod=2022,stock at 1 Jan; c_birth=FOR (born in a foreign country),512024.0,0.0986823631082485,1 January,Eurostat [migr_pop1ctz],https://ec.europa.eu/eurostat/api/dissemination/statistics/1.0/data/migr_pop1ctz?format=JSON&lang=EN&geo=NO&age=TOTAL&sex=T&unit=NR&citizen=FOR_STLS&sinceTimePeriod=2010&untilTimePeriod=2022,stock at 1 Jan; citizen=FOR_STLS (foreign citizens incl. stateless),,,,,,,,,,,,,5455.0,Full calendar year (flow),"Eurostat, Third country nationals found to be illegally present (migr_eipre)",https://ec.europa.eu/eurostat/databrowser/view/migr_eipre/default/table,"Eurostat enforcement statistic - annual flow of detections, NOT a stock. Dataset migr_eipre, dimensions freq=A citizen=TOTAL reason=TOTAL apprehen=TOTAL sex=T age=TOTAL unit=PER. Rounded to nearest 5 by Eurostat.",,,1.051341911229738,,A,,A,,,,,,A,,,,,,,,,,,,,,,,,,,,,,,,,,,,
Norway,NOR,NO,578,1,1,2016,5234519,A,"World Bank, World Development Indicators (SP.POP.TOTL), sourced from UN World Population Prospects and national statistical offices",https://api.worldbank.org/v2/country/all/indicator/SP.POP.TOTL,5235983,-0.0279603657995069,778764.0,0.1487747011712059,1 January,Eurostat [migr_pop3ctb],https://ec.europa.eu/eurostat/api/dissemination/statistics/1.0/data/migr_pop3ctb?format=JSON&lang=EN&geo=NO&age=TOTAL&sex=T&unit=NR&c_birth=FOR&sinceTimePeriod=2010&untilTimePeriod=2022,stock at 1 Jan; c_birth=FOR (born in a foreign country),538087.0,0.1027958824870059,1 January,Eurostat [migr_pop1ctz],https://ec.europa.eu/eurostat/api/dissemination/statistics/1.0/data/migr_pop1ctz?format=JSON&lang=EN&geo=NO&age=TOTAL&sex=T&unit=NR&citizen=FOR_STLS&sinceTimePeriod=2010&untilTimePeriod=2022,stock at 1 Jan; citizen=FOR_STLS (foreign citizens incl. stateless),,,,,,,,,,,,,5330.0,Full calendar year (flow),"Eurostat, Third country nationals found to be illegally present (migr_eipre)",https://ec.europa.eu/eurostat/databrowser/view/migr_eipre/default/table,"Eurostat enforcement statistic - annual flow of detections, NOT a stock. Dataset migr_eipre, dimensions freq=A citizen=TOTAL reason=TOTAL apprehen=TOTAL sex=T age=TOTAL unit=PER. Rounded to nearest 5 by Eurostat.",,,1.01824064446036,,A,,A,,,,,,A,,,,,,,,,,,,,,,,,,,,,,,,,,,,
Norway,NOR,NO,578,1,1,2017,5276968,A,"World Bank, World Development Indicators (SP.POP.TOTL), sourced from UN World Population Prospects and national statistical offices",https://api.worldbank.org/v2/country/all/indicator/SP.POP.TOTL,5276802,0.0031458447749223,806618.0,0.1528563371996949,1 January,Eurostat [migr_pop3ctb],https://ec.europa.eu/eurostat/api/dissemination/statistics/1.0/data/migr_pop3ctb?format=JSON&lang=EN&geo=NO&age=TOTAL&sex=T&unit=NR&c_birth=FOR&sinceTimePeriod=2010&untilTimePeriod=2022,stock at 1 Jan; c_birth=FOR (born in a foreign country),559059.0,0.1059432234571064,1 January,Eurostat [migr_pop1ctz],https://ec.europa.eu/eurostat/api/dissemination/statistics/1.0/data/migr_pop1ctz?format=JSON&lang=EN&geo=NO&age=TOTAL&sex=T&unit=NR&citizen=FOR_STLS&sinceTimePeriod=2010&untilTimePeriod=2022,stock at 1 Jan; citizen=FOR_STLS (foreign citizens incl. stateless),,,,,,,,,,,,,3850.0,Full calendar year (flow),"Eurostat, Third country nationals found to be illegally present (migr_eipre)",https://ec.europa.eu/eurostat/databrowser/view/migr_eipre/default/table,"Eurostat enforcement statistic - annual flow of detections, NOT a stock. Dataset migr_eipre, dimensions freq=A citizen=TOTAL reason=TOTAL apprehen=TOTAL sex=T age=TOTAL unit=PER. Rounded to nearest 5 by Eurostat.",,,0.7295856256850526,,A,,A,,,,,,A,,,,,,,,,,,,,,,,,,,,,,,,,,,,
Norway,NOR,NO,578,1,1,2018,5311916,A,"World Bank, World Development Indicators (SP.POP.TOTL), sourced from UN World Population Prospects and national statistical offices",https://api.worldbank.org/v2/country/all/indicator/SP.POP.TOTL,5311752,0.0030874935426202,829705.0,0.156196935343104,1 January,Eurostat [migr_pop3ctb],https://ec.europa.eu/eurostat/api/dissemination/statistics/1.0/data/migr_pop3ctb?format=JSON&lang=EN&geo=NO&age=TOTAL&sex=T&unit=NR&c_birth=FOR&sinceTimePeriod=2010&untilTimePeriod=2022,stock at 1 Jan; c_birth=FOR (born in a foreign country),567594.0,0.1068529698135286,1 January,Eurostat [migr_pop1ctz],https://ec.europa.eu/eurostat/api/dissemination/statistics/1.0/data/migr_pop1ctz?format=JSON&lang=EN&geo=NO&age=TOTAL&sex=T&unit=NR&citizen=FOR_STLS&sinceTimePeriod=2010&untilTimePeriod=2022,stock at 1 Jan; citizen=FOR_STLS (foreign citizens incl. stateless),,,,,,,,,,,,,3230.0,Full calendar year (flow),"Eurostat, Third country nationals found to be illegally present (migr_eipre)",https://ec.europa.eu/eurostat/databrowser/view/migr_eipre/default/table,"Eurostat enforcement statistic - annual flow of detections, NOT a stock. Dataset migr_eipre, dimensions freq=A citizen=TOTAL reason=TOTAL apprehen=TOTAL sex=T age=TOTAL unit=PER. Rounded to nearest 5 by Eurostat.",,,0.608066844430522,,A,,A,,,,,,A,,,,,,,,,,,,,,,,,,,,,,,,,,,,
Norway,NOR,NO,578,1,1,2019,5347896,A,"World Bank, World Development Indicators (SP.POP.TOTL), sourced from UN World Population Prospects and national statistical offices",https://api.worldbank.org/v2/country/all/indicator/SP.POP.TOTL,5347730,0.003104120813878,849354.0,0.1588202163991222,1 January,Eurostat [migr_pop3ctb],https://ec.europa.eu/eurostat/api/dissemination/statistics/1.0/data/migr_pop3ctb?format=JSON&lang=EN&geo=NO&age=TOTAL&sex=T&unit=NR&c_birth=FOR&sinceTimePeriod=2010&untilTimePeriod=2022,stock at 1 Jan; c_birth=FOR (born in a foreign country),584062.0,0.1092134177627986,1 January,Eurostat [migr_pop1ctz],https://ec.europa.eu/eurostat/api/dissemination/statistics/1.0/data/migr_pop1ctz?format=JSON&lang=EN&geo=NO&age=TOTAL&sex=T&unit=NR&citizen=FOR_STLS&sinceTimePeriod=2010&untilTimePeriod=2022,stock at 1 Jan; citizen=FOR_STLS (foreign citizens incl. stateless),,,,,,,,,,,,,2915.0,Full calendar year (flow),"Eurostat, Third country nationals found to be illegally present (migr_eipre)",https://ec.europa.eu/eurostat/databrowser/view/migr_eipre/default/table,"Eurostat enforcement statistic - annual flow of detections, NOT a stock. Dataset migr_eipre, dimensions freq=A citizen=TOTAL reason=TOTAL apprehen=TOTAL sex=T age=TOTAL unit=PER. Rounded to nearest 5 by Eurostat.",,,0.5450741749652573,,A,,A,,,,,,A,,,,,,,,,,,,,,,,,,,,,,,,,,,,
Norway,NOR,NO,578,1,1,2020,5379475,A,"World Bank, World Development Indicators (SP.POP.TOTL), sourced from UN World Population Prospects and national statistical offices",https://api.worldbank.org/v2/country/all/indicator/SP.POP.TOTL,5379274,0.0037365637072958,875977.0,0.162836893934817,1 January,Eurostat [migr_pop3ctb],https://ec.europa.eu/eurostat/api/dissemination/statistics/1.0/data/migr_pop3ctb?format=JSON&lang=EN&geo=NO&age=TOTAL&sex=T&unit=NR&c_birth=FOR&sinceTimePeriod=2010&untilTimePeriod=2022,stock at 1 Jan; c_birth=FOR (born in a foreign country),604362.0,0.1123459073608484,1 January,Eurostat [migr_pop1ctz],https://ec.europa.eu/eurostat/api/dissemination/statistics/1.0/data/migr_pop1ctz?format=JSON&lang=EN&geo=NO&age=TOTAL&sex=T&unit=NR&citizen=FOR_STLS&sinceTimePeriod=2010&untilTimePeriod=2022,stock at 1 Jan; citizen=FOR_STLS (foreign citizens incl. stateless),,,,,,,,,,,,,1900.0,Full calendar year (flow),"Eurostat, Third country nationals found to be illegally present (migr_eipre)",https://ec.europa.eu/eurostat/databrowser/view/migr_eipre/default/table,"Eurostat enforcement statistic - annual flow of detections, NOT a stock. Dataset migr_eipre, dimensions freq=A citizen=TOTAL reason=TOTAL apprehen=TOTAL sex=T age=TOTAL unit=PER. Rounded to nearest 5 by Eurostat.",,,0.3531943172893266,,A,,A,,,,,,A,,,,,,,,,,,,,,,,,,,,,,,,,,,,
Norway,NOR,NO,578,1,1,2021,5408320,A,"World Bank, World Development Indicators (SP.POP.TOTL), sourced from UN World Population Prospects and national statistical offices",https://api.worldbank.org/v2/country/all/indicator/SP.POP.TOTL,5408091,0.0042343962037621,878153.0,0.1623707546890716,1 January,Eurostat [migr_pop3ctb],https://ec.europa.eu/eurostat/api/dissemination/statistics/1.0/data/migr_pop3ctb?format=JSON&lang=EN&geo=NO&age=TOTAL&sex=T&unit=NR&c_birth=FOR&sinceTimePeriod=2010&untilTimePeriod=2022,stock at 1 Jan; c_birth=FOR (born in a foreign country),601525.0,0.1112221540145553,1 January,Eurostat [migr_pop1ctz],https://ec.europa.eu/eurostat/api/dissemination/statistics/1.0/data/migr_pop1ctz?format=JSON&lang=EN&geo=NO&age=TOTAL&sex=T&unit=NR&citizen=FOR_STLS&sinceTimePeriod=2010&untilTimePeriod=2022,stock at 1 Jan; citizen=FOR_STLS (foreign citizens incl. stateless),,,,,,,,,,,,,1430.0,Full calendar year (flow),"Eurostat, Third country nationals found to be illegally present (migr_eipre)",https://ec.europa.eu/eurostat/databrowser/view/migr_eipre/default/table,"Eurostat enforcement statistic - annual flow of detections, NOT a stock. Dataset migr_eipre, dimensions freq=A citizen=TOTAL reason=TOTAL apprehen=TOTAL sex=T age=TOTAL unit=PER. Rounded to nearest 5 by Eurostat.",,,0.2644074315129282,,A,,A,,,,,,A,,,,,,,,,,,,,,,,,,,,,,,,,,,,
Norway,NOR,NO,578,1,1,2022,5457127,A,"World Bank, World Development Indicators (SP.POP.TOTL), sourced from UN World Population Prospects and national statistical offices",https://api.worldbank.org/v2/country/all/indicator/SP.POP.TOTL,5456801,0.0059741962369527,906843.0,0.1661759017153165,1 January,Eurostat [migr_pop3ctb],https://ec.europa.eu/eurostat/api/dissemination/statistics/1.0/data/migr_pop3ctb?format=JSON&lang=EN&geo=NO&age=TOTAL&sex=T&unit=NR&c_birth=FOR&sinceTimePeriod=2010&untilTimePeriod=2022,stock at 1 Jan; c_birth=FOR (born in a foreign country),585964.0,0.107375914102787,1 January,Eurostat [migr_pop1ctz],https://ec.europa.eu/eurostat/api/dissemination/statistics/1.0/data/migr_pop1ctz?format=JSON&lang=EN&geo=NO&age=TOTAL&sex=T&unit=NR&citizen=FOR_STLS&sinceTimePeriod=2010&untilTimePeriod=2022,stock at 1 Jan; citizen=FOR_STLS (foreign citizens incl. stateless),,,,,,,,,,,,,2305.0,Full calendar year (flow),"Eurostat, Third country nationals found to be illegally present (migr_eipre)",https://ec.europa.eu/eurostat/databrowser/view/migr_eipre/default/table,"Eurostat enforcement statistic - annual flow of detections, NOT a stock. Dataset migr_eipre, dimensions freq=A citizen=TOTAL reason=TOTAL apprehen=TOTAL sex=T age=TOTAL unit=PER. Rounded to nearest 5 by Eurostat.",,,0.4223834262973905,,A,,A,,,,,,A,,,,,,,,,,,,,,,,,,,,,,,,,,,,
Philippines,PHL,PH,608,1,1,2010,96337125,A,"World Bank, World Development Indicators (SP.POP.TOTL), sourced from UN World Population Prospects and national statistical offices",https://api.worldbank.org/v2/country/all/indicator/SP.POP.TOTL,96337125,0.0,178147.0,0.0018492040321942,Mid-year / 30 June,UN DESA International Migrant Stock (World Bank indicator SM.POP.TOTL),https://api.worldbank.org/v2/country/CHN;IND;PHL;RUS;ZAF;SUR;THA/indicator/SM.POP.TOTL?format=json&date=2010:2022&per_page=200,"UN estimate (not annual); mid-year benchmark year only; retrieved from World Bank mirror of UN DESA International Migrant Stock, accessed 2026-08",177368.0,0.0018411178452751,Census reference date,National Statistics Office (Philippines) - 2010 Census of Population and Housing (reported by SunStar),https://www.sunstar.com.ph/bacolod/nearly-200000-foreigners-living-in-philippines-census,"Census count, reference date 1 May 2010; foreign citizens in the household population; top nationalities USA 29959, China 28750, Japan 11583, India 8963; figure reported from an NSO news release, the original PSA/NSO web page was not reachable",,,,,,,,,,,,,,,,,,,,,,A,,B,The published figure appears in the archived source document.,,,,,,,,,,,,,,,,,,,,,,,,,,,,,,,,,
Philippines,PHL,PH,608,1,1,2011,98248614,A,"World Bank, World Development Indicators (SP.POP.TOTL), sourced from UN World Population Prospects and national statistical offices",https://api.worldbank.org/v2/country/all/indicator/SP.POP.TOTL,98248614,0.0,,,,,,,,,,,,,,,,,,,,,,,,,,,,,,,,,,,,,,,,,,,,,,,,,,,,,,,,,,,,,,,,,,,,,,
Philippines,PHL,PH,608,1,1,2012,100175512,A,"World Bank, World Development Indicators (SP.POP.TOTL), sourced from UN World Population Prospects and national statistical offices",https://api.worldbank.org/v2/country/all/indicator/SP.POP.TOTL,100175512,0.0,,,,,,,,,,,,,,,,,,,,,,,,,,,,,,,,,,,,,,,,,,,,,,,,,,,,,,,,,,,,,,,,,,,,,,
Philippines,PHL,PH,608,1,1,2013,102076336,A,"World Bank, World Development Indicators (SP.POP.TOTL), sourced from UN World Population Prospects and national statistical offices",https://api.worldbank.org/v2/country/all/indicator/SP.POP.TOTL,102076336,0.0,,,,,,,,,,,,,,,,,,,,,,,,,,,,,,,,,,,,,,,,,,,,,,,,,,,,,,,,,,,,,,,,,,,,,,
Philippines,PHL,PH,608,1,1,2014,103767130,A,"World Bank, World Development Indicators (SP.POP.TOTL), sourced from UN World Population Prospects and national statistical offices",https://api.worldbank.org/v2/country/all/indicator/SP.POP.TOTL,103767130,0.0,,,,,,,,,,,,,,,,,,,,,,,,,,,,,,,,,,,,,,,,,,,,,,,,,,,,,,,,,,,,,,,,,,,,,,
Philippines,PHL,PH,608,1,1,2015,105312992,A,"World Bank, World Development Indicators (SP.POP.TOTL), sourced from UN World Population Prospects and national statistical offices",https://api.worldbank.org/v2/country/all/indicator/SP.POP.TOTL,105312992,0.0,131897.0,0.0012524285702565,Mid-year / 30 June,UN DESA International Migrant Stock (World Bank indicator SM.POP.TOTL),https://api.worldbank.org/v2/country/CHN;IND;PHL;RUS;ZAF;SUR;THA/indicator/SM.POP.TOTL?format=json&date=2010:2022&per_page=200,"UN estimate (not annual); mid-year benchmark year only; retrieved from World Bank mirror of UN DESA International Migrant Stock, accessed 2026-08",,,,,,,,,,,,,,,,,,,,,,,,,,,,A,,,,,,,,,,,,,,,,,,,,,,,,,,,,,,,,,,,,
Philippines,PHL,PH,608,1,1,2016,106735719,A,"World Bank, World Development Indicators (SP.POP.TOTL), sourced from UN World Population Prospects and national statistical offices",https://api.worldbank.org/v2/country/all/indicator/SP.POP.TOTL,106735719,0.0,,,,,,,,,,,,,,,,,,,,,,,,,,,,,,,,,,,,,,,,,,,,,,,,,,,,,,,,,,,,,,,,,,,,,,
Philippines,PHL,PH,608,1,1,2017,108119693,A,"World Bank, World Development Indicators (SP.POP.TOTL), sourced from UN World Population Prospects and national statistical offices",https://api.worldbank.org/v2/country/all/indicator/SP.POP.TOTL,108119693,0.0,,,,,,,,,,,,,,,,,,,,,,,,,,,,,,,,,,,,,,,,,,,,,,,,,,,,,,,,,,,,,,,,,,,,,,
Philippines,PHL,PH,608,1,1,2018,109465287,A,"World Bank, World Development Indicators (SP.POP.TOTL), sourced from UN World Population Prospects and national statistical offices",https://api.worldbank.org/v2/country/all/indicator/SP.POP.TOTL,109465287,0.0,,,,,,,,,,,,,,,,,,,,,,,,,,,,,,,,,,,,,,,,,,,,,,,,,,,,,,,,,,,,,,,,,,,,,,
Philippines,PHL,PH,608,1,1,2019,110804683,A,"World Bank, World Development Indicators (SP.POP.TOTL), sourced from UN World Population Prospects and national statistical offices",https://api.worldbank.org/v2/country/all/indicator/SP.POP.TOTL,110804683,0.0,,,,,,,,,,,,,,,,,,,,,,,,,,,,,,,,,,,,,,,,,,,,,,,,,,,,,,,,,,,,,,,,,,,,,,
Philippines,PHL,PH,608,1,1,2020,112081264,A,"World Bank, World Development Indicators (SP.POP.TOTL), sourced from UN World Population Prospects and national statistical offices",https://api.worldbank.org/v2/country/all/indicator/SP.POP.TOTL,112081264,0.0,87212.0,0.0007781139941462,Mid-year / 30 June,UN DESA International Migrant Stock (World Bank indicator SM.POP.TOTL),https://api.worldbank.org/v2/country/CHN;IND;PHL;RUS;ZAF;SUR;THA/indicator/SM.POP.TOTL?format=json&date=2010:2022&per_page=200,"UN estimate (not annual); mid-year benchmark year only; retrieved from World Bank mirror of UN DESA International Migrant Stock, accessed 2026-08",78396.0,0.0006994567798592,Census reference date,Philippine Statistics Authority - Foreign Citizens in the Country (2020 Census of Population and Housing),https://psa.gov.ph/content/foreign-citizens-country-2020-census-population-and-housing,"Census count, reference date 1 May 2020; foreign citizens in the household population of 108667043 (0.1 per cent); top nationalities China 22494, India 18959, USA 6306; the Philippines is primarily a sending country",,,,,,,,,,,,,,,,,,,,,,A,,B,"Philippine Statistics Authority 2020 CPH release states 78,396 foreign citizens - exact match.",,,,,,,,,,,,,,,,,,,,,,,,,,,,,,,,,
Philippines,PHL,PH,608,1,1,2021,113100950,A,"World Bank, World Development Indicators (SP.POP.TOTL), sourced from UN World Population Prospects and national statistical offices",https://api.worldbank.org/v2/country/all/indicator/SP.POP.TOTL,113100950,0.0,,,,,,,,,,,,,,,,,,,,,,,,,,,,,,,,,,,,,,,,,,,,,,,,,,,,,,,,,,,,,,,,,,,,,,
Philippines,PHL,PH,608,1,1,2022,113964338,A,"World Bank, World Development Indicators (SP.POP.TOTL), sourced from UN World Population Prospects and national statistical offices",https://api.worldbank.org/v2/country/all/indicator/SP.POP.TOTL,113964338,0.0,,,,,,,,,,,,,,,,,,,,,,,,,,,,,,,,,,,,,,,,,,,,,,,,,,,,,,,,,,,,,,,,,,,,,,
Poland,POL,PL,616,1,1,2010,38042794,A,"World Bank, World Development Indicators (SP.POP.TOTL), sourced from UN World Population Prospects and national statistical offices",https://api.worldbank.org/v2/country/all/indicator/SP.POP.TOTL,38095351,-0.1379617161159639,642417.0,0.0168866934431787,1 January,Eurostat [migr_pop3ctb],https://ec.europa.eu/eurostat/api/dissemination/statistics/1.0/data/migr_pop3ctb?format=JSON&lang=EN&geo=PL&age=TOTAL&sex=T&unit=NR&c_birth=FOR&sinceTimePeriod=2010&untilTimePeriod=2022,stock at 1 Jan; c_birth=FOR (born in a foreign country),75210.0,0.0019769841300299,1 January,Eurostat [migr_pop1ctz],https://ec.europa.eu/eurostat/api/dissemination/statistics/1.0/data/migr_pop1ctz?format=JSON&lang=EN&geo=PL&age=TOTAL&sex=T&unit=NR&citizen=FOR_STLS&sinceTimePeriod=2010&untilTimePeriod=2022,stock at 1 Jan; citizen=FOR_STLS (foreign citizens incl. stateless),,,,,,,,,,,,,4005.0,Full calendar year (flow),"Eurostat, Third country nationals found to be illegally present (migr_eipre)",https://ec.europa.eu/eurostat/databrowser/view/migr_eipre/default/table,"Eurostat enforcement statistic - annual flow of detections, NOT a stock. Dataset migr_eipre, dimensions freq=A citizen=TOTAL reason=TOTAL apprehen=TOTAL sex=T age=TOTAL unit=PER. Rounded to nearest 5 by Eurostat.",,,0.1052761792417244,,A,,A,,,,,,A,,,,,,,,,,,,,,,,,,,,,,,,,,,,
Poland,POL,PL,616,1,1,2011,38063255,A,"World Bank, World Development Indicators (SP.POP.TOTL), sourced from UN World Population Prospects and national statistical offices",https://api.worldbank.org/v2/country/all/indicator/SP.POP.TOTL,38208643,-0.3805107655877755,637408.0,0.016746019225103,1 January,Eurostat [migr_pop3ctb],https://ec.europa.eu/eurostat/api/dissemination/statistics/1.0/data/migr_pop3ctb?format=JSON&lang=EN&geo=PL&age=TOTAL&sex=T&unit=NR&c_birth=FOR&sinceTimePeriod=2010&untilTimePeriod=2022,stock at 1 Jan; c_birth=FOR (born in a foreign country),79338.0,0.0020843724479159,1 January,Eurostat [migr_pop1ctz],https://ec.europa.eu/eurostat/api/dissemination/statistics/1.0/data/migr_pop1ctz?format=JSON&lang=EN&geo=PL&age=TOTAL&sex=T&unit=NR&citizen=FOR_STLS&sinceTimePeriod=2010&untilTimePeriod=2022,stock at 1 Jan; citizen=FOR_STLS (foreign citizens incl. stateless),,,,,,,,,,,,,6875.0,Full calendar year (flow),"Eurostat, Third country nationals found to be illegally present (migr_eipre)",https://ec.europa.eu/eurostat/databrowser/view/migr_eipre/default/table,"Eurostat enforcement statistic - annual flow of detections, NOT a stock. Dataset migr_eipre, dimensions freq=A citizen=TOTAL reason=TOTAL apprehen=TOTAL sex=T age=TOTAL unit=PER. Rounded to nearest 5 by Eurostat.",,,0.1806203909781231,,A,,A,,,,,,A,,,,,,,,,,,,,,,,,,,,,,,,,,,,
Poland,POL,PL,616,1,1,2012,38063164,A,"World Bank, World Development Indicators (SP.POP.TOTL), sourced from UN World Population Prospects and national statistical offices",https://api.worldbank.org/v2/country/all/indicator/SP.POP.TOTL,38247868,-0.4829131913967074,630478.0,0.0165639934714833,1 January,Eurostat [migr_pop3ctb],https://ec.europa.eu/eurostat/api/dissemination/statistics/1.0/data/migr_pop3ctb?format=JSON&lang=EN&geo=PL&age=TOTAL&sex=T&unit=NR&c_birth=FOR&sinceTimePeriod=2010&untilTimePeriod=2022,stock at 1 Jan; c_birth=FOR (born in a foreign country),85829.0,0.0022549097599978,1 January,Eurostat [migr_pop1ctz],https://ec.europa.eu/eurostat/api/dissemination/statistics/1.0/data/migr_pop1ctz?format=JSON&lang=EN&geo=PL&age=TOTAL&sex=T&unit=NR&citizen=FOR_STLS&sinceTimePeriod=2010&untilTimePeriod=2022,stock at 1 Jan; citizen=FOR_STLS (foreign citizens incl. stateless),,,,,,,,,,,,,8140.0,Full calendar year (flow),"Eurostat, Third country nationals found to be illegally present (migr_eipre)",https://ec.europa.eu/eurostat/databrowser/view/migr_eipre/default/table,"Eurostat enforcement statistic - annual flow of detections, NOT a stock. Dataset migr_eipre, dimensions freq=A citizen=TOTAL reason=TOTAL apprehen=TOTAL sex=T age=TOTAL unit=PER. Rounded to nearest 5 by Eurostat.",,,0.213855054193603,,A,,A,,,,,,A,,,,,,,,,,,,,,,,,,,,,,,,,,,,
Poland,POL,PL,616,1,1,2013,38040196,A,"World Bank, World Development Indicators (SP.POP.TOTL), sourced from UN World Population Prospects and national statistical offices",https://api.worldbank.org/v2/country/all/indicator/SP.POP.TOTL,38259262,-0.572582921228329,625363.0,0.0164395314892699,1 January,Eurostat [migr_pop3ctb],https://ec.europa.eu/eurostat/api/dissemination/statistics/1.0/data/migr_pop3ctb?format=JSON&lang=EN&geo=PL&age=TOTAL&sex=T&unit=NR&c_birth=FOR&sinceTimePeriod=2010&untilTimePeriod=2022,stock at 1 Jan; c_birth=FOR (born in a foreign country),93265.0,0.0024517486713265,1 January,Eurostat [migr_pop1ctz],https://ec.europa.eu/eurostat/api/dissemination/statistics/1.0/data/migr_pop1ctz?format=JSON&lang=EN&geo=PL&age=TOTAL&sex=T&unit=NR&citizen=FOR_STLS&sinceTimePeriod=2010&untilTimePeriod=2022,stock at 1 Jan; citizen=FOR_STLS (foreign citizens incl. stateless),,,,,,,,,,,,,9280.0,Full calendar year (flow),"Eurostat, Third country nationals found to be illegally present (migr_eipre)",https://ec.europa.eu/eurostat/databrowser/view/migr_eipre/default/table,"Eurostat enforcement statistic - annual flow of detections, NOT a stock. Dataset migr_eipre, dimensions freq=A citizen=TOTAL reason=TOTAL apprehen=TOTAL sex=T age=TOTAL unit=PER. Rounded to nearest 5 by Eurostat.",,,0.2439524759546454,,A,,A,,,,,,A,,,,,,,,,,,,,,,,,,,,,,,,,,,,
Poland,POL,PL,616,1,1,2014,38011735,A,"World Bank, World Development Indicators (SP.POP.TOTL), sourced from UN World Population Prospects and national statistical offices",https://api.worldbank.org/v2/country/all/indicator/SP.POP.TOTL,38265113,-0.6621645152334974,620308.0,0.016318855216685,1 January,Eurostat [migr_pop3ctb],https://ec.europa.eu/eurostat/api/dissemination/statistics/1.0/data/migr_pop3ctb?format=JSON&lang=EN&geo=PL&age=TOTAL&sex=T&unit=NR&c_birth=FOR&sinceTimePeriod=2010&untilTimePeriod=2022,stock at 1 Jan; c_birth=FOR (born in a foreign country),101204.0,0.0026624409540895,1 January,Eurostat [migr_pop1ctz],https://ec.europa.eu/eurostat/api/dissemination/statistics/1.0/data/migr_pop1ctz?format=JSON&lang=EN&geo=PL&age=TOTAL&sex=T&unit=NR&citizen=FOR_STLS&sinceTimePeriod=2010&untilTimePeriod=2022,stock at 1 Jan; citizen=FOR_STLS (foreign citizens incl. stateless),,,,,,,,,,,,,12050.0,Full calendar year (flow),"Eurostat, Third country nationals found to be illegally present (migr_eipre)",https://ec.europa.eu/eurostat/databrowser/view/migr_eipre/default/table,"Eurostat enforcement statistic - annual flow of detections, NOT a stock. Dataset migr_eipre, dimensions freq=A citizen=TOTAL reason=TOTAL apprehen=TOTAL sex=T age=TOTAL unit=PER. Rounded to nearest 5 by Eurostat.",,,0.3170073662778087,,A,,A,,,,,,A,,,,,,,,,,,,,,,,,,,,,,,,,,,,
Poland,POL,PL,616,1,1,2015,37986412,A,"World Bank, World Development Indicators (SP.POP.TOTL), sourced from UN World Population Prospects and national statistical offices",https://api.worldbank.org/v2/country/all/indicator/SP.POP.TOTL,38266314,-0.7314579606491496,611855.0,0.0161072069665331,1 January,Eurostat [migr_pop3ctb],https://ec.europa.eu/eurostat/api/dissemination/statistics/1.0/data/migr_pop3ctb?format=JSON&lang=EN&geo=PL&age=TOTAL&sex=T&unit=NR&c_birth=FOR&sinceTimePeriod=2010&untilTimePeriod=2022,stock at 1 Jan; c_birth=FOR (born in a foreign country),108279.0,0.00285046663528,1 January,Eurostat [migr_pop1ctz],https://ec.europa.eu/eurostat/api/dissemination/statistics/1.0/data/migr_pop1ctz?format=JSON&lang=EN&geo=PL&age=TOTAL&sex=T&unit=NR&citizen=FOR_STLS&sinceTimePeriod=2010&untilTimePeriod=2022,stock at 1 Jan; citizen=FOR_STLS (foreign citizens incl. stateless),,,,,,,,,,,,,16835.0,Full calendar year (flow),"Eurostat, Third country nationals found to be illegally present (migr_eipre)",https://ec.europa.eu/eurostat/databrowser/view/migr_eipre/default/table,"Eurostat enforcement statistic - annual flow of detections, NOT a stock. Dataset migr_eipre, dimensions freq=A citizen=TOTAL reason=TOTAL apprehen=TOTAL sex=T age=TOTAL unit=PER. Rounded to nearest 5 by Eurostat.",,,0.4431847893399355,,A,,A,,,,,,A,,,,,,,,,,,,,,,,,,,,,,,,,,,,
Poland,POL,PL,616,1,1,2016,37970087,A,"World Bank, World Development Indicators (SP.POP.TOTL), sourced from UN World Population Prospects and national statistical offices",https://api.worldbank.org/v2/country/all/indicator/SP.POP.TOTL,38263265,-0.7662127108076114,626396.0,0.0164970915131166,1 January,Eurostat [migr_pop3ctb],https://ec.europa.eu/eurostat/api/dissemination/statistics/1.0/data/migr_pop3ctb?format=JSON&lang=EN&geo=PL&age=TOTAL&sex=T&unit=NR&c_birth=FOR&sinceTimePeriod=2010&untilTimePeriod=2022,stock at 1 Jan; c_birth=FOR (born in a foreign country),149586.0,0.0039395748553328,1 January,Eurostat [migr_pop1ctz],https://ec.europa.eu/eurostat/api/dissemination/statistics/1.0/data/migr_pop1ctz?format=JSON&lang=EN&geo=PL&age=TOTAL&sex=T&unit=NR&citizen=FOR_STLS&sinceTimePeriod=2010&untilTimePeriod=2022,stock at 1 Jan; citizen=FOR_STLS (foreign citizens incl. stateless),,,,,,,,,,,,,23375.0,Full calendar year (flow),"Eurostat, Third country nationals found to be illegally present (migr_eipre)",https://ec.europa.eu/eurostat/databrowser/view/migr_eipre/default/table,"Eurostat enforcement statistic - annual flow of detections, NOT a stock. Dataset migr_eipre, dimensions freq=A citizen=TOTAL reason=TOTAL apprehen=TOTAL sex=T age=TOTAL unit=PER. Rounded to nearest 5 by Eurostat.",,,0.6156161822858084,,A,,A,,,,,,A,,,,,,,,,,,,,,,,,,,,,,,,,,,,
Poland,POL,PL,616,1,1,2017,37974826,A,"World Bank, World Development Indicators (SP.POP.TOTL), sourced from UN World Population Prospects and national statistical offices",https://api.worldbank.org/v2/country/all/indicator/SP.POP.TOTL,38254959,-0.7322789184011411,651845.0,0.0171651872743274,1 January,Eurostat [migr_pop3ctb],https://ec.europa.eu/eurostat/api/dissemination/statistics/1.0/data/migr_pop3ctb?format=JSON&lang=EN&geo=PL&age=TOTAL&sex=T&unit=NR&c_birth=FOR&sinceTimePeriod=2010&untilTimePeriod=2022,stock at 1 Jan; c_birth=FOR (born in a foreign country),210328.0,0.0055386165561364,1 January,Eurostat [migr_pop1ctz],https://ec.europa.eu/eurostat/api/dissemination/statistics/1.0/data/migr_pop1ctz?format=JSON&lang=EN&geo=PL&age=TOTAL&sex=T&unit=NR&citizen=FOR_STLS&sinceTimePeriod=2010&untilTimePeriod=2022,stock at 1 Jan; citizen=FOR_STLS (foreign citizens incl. stateless),,,,,,,,,,,,,28470.0,Full calendar year (flow),"Eurostat, Third country nationals found to be illegally present (migr_eipre)",https://ec.europa.eu/eurostat/databrowser/view/migr_eipre/default/table,"Eurostat enforcement statistic - annual flow of detections, NOT a stock. Dataset migr_eipre, dimensions freq=A citizen=TOTAL reason=TOTAL apprehen=TOTAL sex=T age=TOTAL unit=PER. Rounded to nearest 5 by Eurostat.",,,0.7497071875984369,,A,,A,,,,,,A,,,,,,,,,,,,,,,,,,,,,,,,,,,,
Poland,POL,PL,616,1,1,2018,37974750,A,"World Bank, World Development Indicators (SP.POP.TOTL), sourced from UN World Population Prospects and national statistical offices",https://api.worldbank.org/v2/country/all/indicator/SP.POP.TOTL,38241071,-0.6964266246622642,695850.0,0.0183240179329686,1 January,Eurostat [migr_pop3ctb],https://ec.europa.eu/eurostat/api/dissemination/statistics/1.0/data/migr_pop3ctb?format=JSON&lang=EN&geo=PL&age=TOTAL&sex=T&unit=NR&c_birth=FOR&sinceTimePeriod=2010&untilTimePeriod=2022,stock at 1 Jan; c_birth=FOR (born in a foreign country),239230.0,0.0062997123088367,1 January,Eurostat [migr_pop1ctz],https://ec.europa.eu/eurostat/api/dissemination/statistics/1.0/data/migr_pop1ctz?format=JSON&lang=EN&geo=PL&age=TOTAL&sex=T&unit=NR&citizen=FOR_STLS&sinceTimePeriod=2010&untilTimePeriod=2022,stock at 1 Jan; citizen=FOR_STLS (foreign citizens incl. stateless),,,,,,,,,,,,,31245.0,Full calendar year (flow),"Eurostat, Third country nationals found to be illegally present (migr_eipre)",https://ec.europa.eu/eurostat/databrowser/view/migr_eipre/default/table,"Eurostat enforcement statistic - annual flow of detections, NOT a stock. Dataset migr_eipre, dimensions freq=A citizen=TOTAL reason=TOTAL apprehen=TOTAL sex=T age=TOTAL unit=PER. Rounded to nearest 5 by Eurostat.",,,0.8227835601287697,,A,,A,,,,,,A,,,,,,,,,,,,,,,,,,,,,,,,,,,,
Poland,POL,PL,616,1,1,2019,37965475,A,"World Bank, World Development Indicators (SP.POP.TOTL), sourced from UN World Population Prospects and national statistical offices",https://api.worldbank.org/v2/country/all/indicator/SP.POP.TOTL,38225885,-0.6812399503634775,760849.0,0.0200405499997036,1 January,Eurostat [migr_pop3ctb],https://ec.europa.eu/eurostat/api/dissemination/statistics/1.0/data/migr_pop3ctb?format=JSON&lang=EN&geo=PL&age=TOTAL&sex=T&unit=NR&c_birth=FOR&sinceTimePeriod=2010&untilTimePeriod=2022,stock at 1 Jan; c_birth=FOR (born in a foreign country),289751.0,0.0076319603534527,1 January,Eurostat [migr_pop1ctz],https://ec.europa.eu/eurostat/api/dissemination/statistics/1.0/data/migr_pop1ctz?format=JSON&lang=EN&geo=PL&age=TOTAL&sex=T&unit=NR&citizen=FOR_STLS&sinceTimePeriod=2010&untilTimePeriod=2022,stock at 1 Jan; citizen=FOR_STLS (foreign citizens incl. stateless),,,,,,,,,,,,,30900.0,Full calendar year (flow),"Eurostat, Third country nationals found to be illegally present (migr_eipre)",https://ec.europa.eu/eurostat/databrowser/view/migr_eipre/default/table,"Eurostat enforcement statistic - annual flow of detections, NOT a stock. Dataset migr_eipre, dimensions freq=A citizen=TOTAL reason=TOTAL apprehen=TOTAL sex=T age=TOTAL unit=PER. Rounded to nearest 5 by Eurostat.",,,0.813897363328129,,A,,A,,,,,,A,,,,,,,,,,,,,,,,,,,,,,,,,,,,
Poland,POL,PL,616,1,1,2020,37515748,A,"World Bank, World Development Indicators (SP.POP.TOTL), sourced from UN World Population Prospects and national statistical offices",https://api.worldbank.org/v2/country/all/indicator/SP.POP.TOTL,38171012,-1.716653464676284,849320.0,0.0226390261497651,1 January,Eurostat [migr_pop3ctb],https://ec.europa.eu/eurostat/api/dissemination/statistics/1.0/data/migr_pop3ctb?format=JSON&lang=EN&geo=PL&age=TOTAL&sex=T&unit=NR&c_birth=FOR&sinceTimePeriod=2010&untilTimePeriod=2022,stock at 1 Jan; c_birth=FOR (born in a foreign country),358239.0,0.0095490299167165,1 January,Eurostat [migr_pop1ctz],https://ec.europa.eu/eurostat/api/dissemination/statistics/1.0/data/migr_pop1ctz?format=JSON&lang=EN&geo=PL&age=TOTAL&sex=T&unit=NR&citizen=FOR_STLS&sinceTimePeriod=2010&untilTimePeriod=2022,stock at 1 Jan; citizen=FOR_STLS (foreign citizens incl. stateless),,,,,,,,,,,,,12170.0,Full calendar year (flow),"Eurostat, Third country nationals found to be illegally present (migr_eipre)",https://ec.europa.eu/eurostat/databrowser/view/migr_eipre/default/table,"Eurostat enforcement statistic - annual flow of detections, NOT a stock. Dataset migr_eipre, dimensions freq=A citizen=TOTAL reason=TOTAL apprehen=TOTAL sex=T age=TOTAL unit=PER. Rounded to nearest 5 by Eurostat.",,,0.3243971038508948,,A,,A,,,,,,A,,,,,,,,,,,,,,,,,,,,,,,,,,,,
Poland,POL,PL,616,1,1,2021,36981559,A,"World Bank, World Development Indicators (SP.POP.TOTL), sourced from UN World Population Prospects and national statistical offices",https://api.worldbank.org/v2/country/all/indicator/SP.POP.TOTL,38040302,-2.78321397132967,935740.0,0.0253028813631139,1 January,Eurostat [migr_pop3ctb],https://ec.europa.eu/eurostat/api/dissemination/statistics/1.0/data/migr_pop3ctb?format=JSON&lang=EN&geo=PL&age=TOTAL&sex=T&unit=NR&c_birth=FOR&sinceTimePeriod=2010&untilTimePeriod=2022,stock at 1 Jan; c_birth=FOR (born in a foreign country),447442.0,0.012099057262567,1 January,Eurostat [migr_pop1ctz],https://ec.europa.eu/eurostat/api/dissemination/statistics/1.0/data/migr_pop1ctz?format=JSON&lang=EN&geo=PL&age=TOTAL&sex=T&unit=NR&citizen=FOR_STLS&sinceTimePeriod=2010&untilTimePeriod=2022,stock at 1 Jan; citizen=FOR_STLS (foreign citizens incl. stateless),,,,,,,,,,,,,12795.0,Full calendar year (flow),"Eurostat, Third country nationals found to be illegally present (migr_eipre)",https://ec.europa.eu/eurostat/databrowser/view/migr_eipre/default/table,"Eurostat enforcement statistic - annual flow of detections, NOT a stock. Dataset migr_eipre, dimensions freq=A citizen=TOTAL reason=TOTAL apprehen=TOTAL sex=T age=TOTAL unit=PER. Rounded to nearest 5 by Eurostat.",,,0.3459832507331559,,A,,A,,,,,,A,,,,,,,,,,,,,,,,,,,,,,,,,,,,
Poland,POL,PL,616,1,1,2022,36821749,A,"World Bank, World Development Indicators (SP.POP.TOTL), sourced from UN World Population Prospects and national statistical offices",https://api.worldbank.org/v2/country/all/indicator/SP.POP.TOTL,38385739,-4.074403777923879,931158.0,0.0252882610220389,1 January,Eurostat [migr_pop3ctb],https://ec.europa.eu/eurostat/api/dissemination/statistics/1.0/data/migr_pop3ctb?format=JSON&lang=EN&geo=PL&age=TOTAL&sex=T&unit=NR&c_birth=FOR&sinceTimePeriod=2010&untilTimePeriod=2022,stock at 1 Jan; c_birth=FOR (born in a foreign country),441661.0,0.0119945687533745,1 January,Eurostat [migr_pop1ctz],https://ec.europa.eu/eurostat/api/dissemination/statistics/1.0/data/migr_pop1ctz?format=JSON&lang=EN&geo=PL&age=TOTAL&sex=T&unit=NR&citizen=FOR_STLS&sinceTimePeriod=2010&untilTimePeriod=2022,stock at 1 Jan; citizen=FOR_STLS (foreign citizens incl. stateless),,,,,,,,,,,,,10510.0,Full calendar year (flow),"Eurostat, Third country nationals found to be illegally present (migr_eipre)",https://ec.europa.eu/eurostat/databrowser/view/migr_eipre/default/table,"Eurostat enforcement statistic - annual flow of detections, NOT a stock. Dataset migr_eipre, dimensions freq=A citizen=TOTAL reason=TOTAL apprehen=TOTAL sex=T age=TOTAL unit=PER. Rounded to nearest 5 by Eurostat.",,,0.2854291359163846,,A,,A,,,,,,A,,,,,,,,,,,,,,,,,,,,,,,,,,,,
Portugal,PRT,PT,620,1,0,2010,10573100,A,"World Bank, World Development Indicators (SP.POP.TOTL), sourced from UN World Population Prospects and national statistical offices",https://api.worldbank.org/v2/country/all/indicator/SP.POP.TOTL,10578660,-0.0525586416427033,762825.0,0.0721477144829804,1 January,Eurostat [migr_pop3ctb],https://ec.europa.eu/eurostat/api/dissemination/statistics/1.0/data/migr_pop3ctb?format=JSON&lang=EN&geo=PT&age=TOTAL&sex=T&unit=NR&c_birth=FOR&sinceTimePeriod=2010&untilTimePeriod=2022,stock at 1 Jan; c_birth=FOR (born in a foreign country),454191.0,0.0429572216284722,1 January,Eurostat [migr_pop1ctz],https://ec.europa.eu/eurostat/api/dissemination/statistics/1.0/data/migr_pop1ctz?format=JSON&lang=EN&geo=PT&age=TOTAL&sex=T&unit=NR&citizen=FOR_STLS&sinceTimePeriod=2010&untilTimePeriod=2022,stock at 1 Jan; citizen=FOR_STLS (foreign citizens incl. stateless),,,,,,,,,,,,,10085.0,Full calendar year (flow),"Eurostat, Third country nationals found to be illegally present (migr_eipre)",https://ec.europa.eu/eurostat/databrowser/view/migr_eipre/default/table,"Eurostat enforcement statistic - annual flow of detections, NOT a stock. Dataset migr_eipre, dimensions freq=A citizen=TOTAL reason=TOTAL apprehen=TOTAL sex=T age=TOTAL unit=PER. Rounded to nearest 5 by Eurostat.",,,0.9538356773320976,,A,,A,,,,,,A,,,,,,,,,,,,,,,,,,,,,,,,,,,,
Portugal,PRT,PT,620,1,0,2011,10557560,A,"World Bank, World Development Indicators (SP.POP.TOTL), sourced from UN World Population Prospects and national statistical offices",https://api.worldbank.org/v2/country/all/indicator/SP.POP.TOTL,10557052,0.0048119493964792,755484.0,0.0715585798233682,1 January,Eurostat [migr_pop3ctb],https://ec.europa.eu/eurostat/api/dissemination/statistics/1.0/data/migr_pop3ctb?format=JSON&lang=EN&geo=PT&age=TOTAL&sex=T&unit=NR&c_birth=FOR&sinceTimePeriod=2010&untilTimePeriod=2022,stock at 1 Jan; c_birth=FOR (born in a foreign country),445262.0,0.0421747070345799,1 January,Eurostat [migr_pop1ctz],https://ec.europa.eu/eurostat/api/dissemination/statistics/1.0/data/migr_pop1ctz?format=JSON&lang=EN&geo=PT&age=TOTAL&sex=T&unit=NR&citizen=FOR_STLS&sinceTimePeriod=2010&untilTimePeriod=2022,stock at 1 Jan; citizen=FOR_STLS (foreign citizens incl. stateless),,,,,,,,,,,,,9230.0,Full calendar year (flow),"Eurostat, Third country nationals found to be illegally present (migr_eipre)",https://ec.europa.eu/eurostat/databrowser/view/migr_eipre/default/table,"Eurostat enforcement statistic - annual flow of detections, NOT a stock. Dataset migr_eipre, dimensions freq=A citizen=TOTAL reason=TOTAL apprehen=TOTAL sex=T age=TOTAL unit=PER. Rounded to nearest 5 by Eurostat.",,,0.8742550362015465,,A,,A,,,,,,A,,,,,,,,,,,,,,,,,,,,,,,,,,,,
Portugal,PRT,PT,620,1,0,2012,10514844,A,"World Bank, World Development Indicators (SP.POP.TOTL), sourced from UN World Population Prospects and national statistical offices",https://api.worldbank.org/v2/country/all/indicator/SP.POP.TOTL,10513150,0.0161131535267736,1221227.0,0.1161431401169622,1 January,Eurostat [migr_pop3ctb],https://ec.europa.eu/eurostat/api/dissemination/statistics/1.0/data/migr_pop3ctb?format=JSON&lang=EN&geo=PT&age=TOTAL&sex=T&unit=NR&c_birth=FOR&sinceTimePeriod=2010&untilTimePeriod=2022,stock at 1 Jan; c_birth=FOR (born in a foreign country); apparent break in series (population census re-basing),413011.0,0.039278851878354,1 January,Eurostat [migr_pop1ctz],https://ec.europa.eu/eurostat/api/dissemination/statistics/1.0/data/migr_pop1ctz?format=JSON&lang=EN&geo=PT&age=TOTAL&sex=T&unit=NR&citizen=FOR_STLS&sinceTimePeriod=2010&untilTimePeriod=2022,stock at 1 Jan; citizen=FOR_STLS (foreign citizens incl. stateless),,,,,,,,,,,,,9110.0,Full calendar year (flow),"Eurostat, Third country nationals found to be illegally present (migr_eipre)",https://ec.europa.eu/eurostat/databrowser/view/migr_eipre/default/table,"Eurostat enforcement statistic - annual flow of detections, NOT a stock. Dataset migr_eipre, dimensions freq=A citizen=TOTAL reason=TOTAL apprehen=TOTAL sex=T age=TOTAL unit=PER. Rounded to nearest 5 by Eurostat.",,,0.8663942137420203,,A,,A,,,,,,A,,,,,,,,,,,,,,,,,,,,,,,,,,,,
Portugal,PRT,PT,620,1,0,2013,10457295,A,"World Bank, World Development Indicators (SP.POP.TOTL), sourced from UN World Population Prospects and national statistical offices",https://api.worldbank.org/v2/country/all/indicator/SP.POP.TOTL,10458298,-0.0095904706482833,1197532.0,0.1145164213116298,1 January,Eurostat [migr_pop3ctb],https://ec.europa.eu/eurostat/api/dissemination/statistics/1.0/data/migr_pop3ctb?format=JSON&lang=EN&geo=PT&age=TOTAL&sex=T&unit=NR&c_birth=FOR&sinceTimePeriod=2010&untilTimePeriod=2022,stock at 1 Jan; c_birth=FOR (born in a foreign country),393908.0,0.037668249772049,1 January,Eurostat [migr_pop1ctz],https://ec.europa.eu/eurostat/api/dissemination/statistics/1.0/data/migr_pop1ctz?format=JSON&lang=EN&geo=PT&age=TOTAL&sex=T&unit=NR&citizen=FOR_STLS&sinceTimePeriod=2010&untilTimePeriod=2022,stock at 1 Jan; citizen=FOR_STLS (foreign citizens incl. stateless),,,,,,,,,,,,,5155.0,Full calendar year (flow),"Eurostat, Third country nationals found to be illegally present (migr_eipre)",https://ec.europa.eu/eurostat/databrowser/view/migr_eipre/default/table,"Eurostat enforcement statistic - annual flow of detections, NOT a stock. Dataset migr_eipre, dimensions freq=A citizen=TOTAL reason=TOTAL apprehen=TOTAL sex=T age=TOTAL unit=PER. Rounded to nearest 5 by Eurostat.",,,0.492957308749538,,A,,A,,,,,,A,,,,,,,,,,,,,,,,,,,,,,,,,,,,
Portugal,PRT,PT,620,1,0,2014,10401062,A,"World Bank, World Development Indicators (SP.POP.TOTL), sourced from UN World Population Prospects and national statistical offices",https://api.worldbank.org/v2/country/all/indicator/SP.POP.TOTL,10406199,-0.0493648064965892,1176104.0,0.1130753763413774,1 January,Eurostat [migr_pop3ctb],https://ec.europa.eu/eurostat/api/dissemination/statistics/1.0/data/migr_pop3ctb?format=JSON&lang=EN&geo=PT&age=TOTAL&sex=T&unit=NR&c_birth=FOR&sinceTimePeriod=2010&untilTimePeriod=2022,stock at 1 Jan; c_birth=FOR (born in a foreign country),377436.0,0.0362882174916369,1 January,Eurostat [migr_pop1ctz],https://ec.europa.eu/eurostat/api/dissemination/statistics/1.0/data/migr_pop1ctz?format=JSON&lang=EN&geo=PT&age=TOTAL&sex=T&unit=NR&citizen=FOR_STLS&sinceTimePeriod=2010&untilTimePeriod=2022,stock at 1 Jan; citizen=FOR_STLS (foreign citizens incl. stateless),,,,,,,,,,,,,4530.0,Full calendar year (flow),"Eurostat, Third country nationals found to be illegally present (migr_eipre)",https://ec.europa.eu/eurostat/databrowser/view/migr_eipre/default/table,"Eurostat enforcement statistic - annual flow of detections, NOT a stock. Dataset migr_eipre, dimensions freq=A citizen=TOTAL reason=TOTAL apprehen=TOTAL sex=T age=TOTAL unit=PER. Rounded to nearest 5 by Eurostat.",,,0.4355324485134306,,A,,A,,,,,,A,,,,,,,,,,,,,,,,,,,,,,,,,,,,
Portugal,PRT,PT,620,1,0,2015,10358076,A,"World Bank, World Development Indicators (SP.POP.TOTL), sourced from UN World Population Prospects and national statistical offices",https://api.worldbank.org/v2/country/all/indicator/SP.POP.TOTL,10370267,-0.117557243222378,1160656.0,0.1120532423202919,1 January,Eurostat [migr_pop3ctb],https://ec.europa.eu/eurostat/api/dissemination/statistics/1.0/data/migr_pop3ctb?format=JSON&lang=EN&geo=PT&age=TOTAL&sex=T&unit=NR&c_birth=FOR&sinceTimePeriod=2010&untilTimePeriod=2022,stock at 1 Jan; c_birth=FOR (born in a foreign country),366869.0,0.0354186433851228,1 January,Eurostat [migr_pop1ctz],https://ec.europa.eu/eurostat/api/dissemination/statistics/1.0/data/migr_pop1ctz?format=JSON&lang=EN&geo=PT&age=TOTAL&sex=T&unit=NR&citizen=FOR_STLS&sinceTimePeriod=2010&untilTimePeriod=2022,stock at 1 Jan; citizen=FOR_STLS (foreign citizens incl. stateless),,,,,,,,,,,,,5145.0,Full calendar year (flow),"Eurostat, Third country nationals found to be illegally present (migr_eipre)",https://ec.europa.eu/eurostat/databrowser/view/migr_eipre/default/table,"Eurostat enforcement statistic - annual flow of detections, NOT a stock. Dataset migr_eipre, dimensions freq=A citizen=TOTAL reason=TOTAL apprehen=TOTAL sex=T age=TOTAL unit=PER. Rounded to nearest 5 by Eurostat.",,,0.4967138684829113,,A,,A,,,,,,A,,,,,,,,,,,,,,,,,,,,,,,,,,,,
Portugal,PRT,PT,620,1,0,2016,10325452,A,"World Bank, World Development Indicators (SP.POP.TOTL), sourced from UN World Population Prospects and national statistical offices",https://api.worldbank.org/v2/country/all/indicator/SP.POP.TOTL,10346372,-0.2021964800801672,1170320.0,0.1133432221659642,1 January,Eurostat [migr_pop3ctb],https://ec.europa.eu/eurostat/api/dissemination/statistics/1.0/data/migr_pop3ctb?format=JSON&lang=EN&geo=PT&age=TOTAL&sex=T&unit=NR&c_birth=FOR&sinceTimePeriod=2010&untilTimePeriod=2022,stock at 1 Jan; c_birth=FOR (born in a foreign country),360961.0,0.0349583727666353,1 January,Eurostat [migr_pop1ctz],https://ec.europa.eu/eurostat/api/dissemination/statistics/1.0/data/migr_pop1ctz?format=JSON&lang=EN&geo=PT&age=TOTAL&sex=T&unit=NR&citizen=FOR_STLS&sinceTimePeriod=2010&untilTimePeriod=2022,stock at 1 Jan; citizen=FOR_STLS (foreign citizens incl. stateless),,,,,,,,,,,,,6500.0,Full calendar year (flow),"Eurostat, Third country nationals found to be illegally present (migr_eipre)",https://ec.europa.eu/eurostat/databrowser/view/migr_eipre/default/table,"Eurostat enforcement statistic - annual flow of detections, NOT a stock. Dataset migr_eipre, dimensions freq=A citizen=TOTAL reason=TOTAL apprehen=TOTAL sex=T age=TOTAL unit=PER. Rounded to nearest 5 by Eurostat.",,,0.6295123932589101,,A,,A,,,,,,A,,,,,,,,,,,,,,,,,,,,,,,,,,,,
Portugal,PRT,PT,620,1,0,2017,10300300,A,"World Bank, World Development Indicators (SP.POP.TOTL), sourced from UN World Population Prospects and national statistical offices",https://api.worldbank.org/v2/country/all/indicator/SP.POP.TOTL,10330844,-0.2956583218176559,1200249.0,0.1165256351756744,1 January,Eurostat [migr_pop3ctb],https://ec.europa.eu/eurostat/api/dissemination/statistics/1.0/data/migr_pop3ctb?format=JSON&lang=EN&geo=PT&age=TOTAL&sex=T&unit=NR&c_birth=FOR&sinceTimePeriod=2010&untilTimePeriod=2022,stock at 1 Jan; c_birth=FOR (born in a foreign country),370080.0,0.0359290506101764,1 January,Eurostat [migr_pop1ctz],https://ec.europa.eu/eurostat/api/dissemination/statistics/1.0/data/migr_pop1ctz?format=JSON&lang=EN&geo=PT&age=TOTAL&sex=T&unit=NR&citizen=FOR_STLS&sinceTimePeriod=2010&untilTimePeriod=2022,stock at 1 Jan; citizen=FOR_STLS (foreign citizens incl. stateless),,,,,,,,,,,,,6005.0,Full calendar year (flow),"Eurostat, Third country nationals found to be illegally present (migr_eipre)",https://ec.europa.eu/eurostat/databrowser/view/migr_eipre/default/table,"Eurostat enforcement statistic - annual flow of detections, NOT a stock. Dataset migr_eipre, dimensions freq=A citizen=TOTAL reason=TOTAL apprehen=TOTAL sex=T age=TOTAL unit=PER. Rounded to nearest 5 by Eurostat.",,,0.5829927283671349,,A,,A,,,,,,A,,,,,,,,,,,,,,,,,,,,,,,,,,,,
Portugal,PRT,PT,620,1,0,2018,10283822,A,"World Bank, World Development Indicators (SP.POP.TOTL), sourced from UN World Population Prospects and national statistical offices",https://api.worldbank.org/v2/country/all/indicator/SP.POP.TOTL,10325353,-0.402223536570614,1236888.0,0.1202751272824442,1 January,Eurostat [migr_pop3ctb],https://ec.europa.eu/eurostat/api/dissemination/statistics/1.0/data/migr_pop3ctb?format=JSON&lang=EN&geo=PT&age=TOTAL&sex=T&unit=NR&c_birth=FOR&sinceTimePeriod=2010&untilTimePeriod=2022,stock at 1 Jan; c_birth=FOR (born in a foreign country),387943.0,0.0377236206538775,1 January,Eurostat [migr_pop1ctz],https://ec.europa.eu/eurostat/api/dissemination/statistics/1.0/data/migr_pop1ctz?format=JSON&lang=EN&geo=PT&age=TOTAL&sex=T&unit=NR&citizen=FOR_STLS&sinceTimePeriod=2010&untilTimePeriod=2022,stock at 1 Jan; citizen=FOR_STLS (foreign citizens incl. stateless),,,,,,,,,,,,,4760.0,Full calendar year (flow),"Eurostat, Third country nationals found to be illegally present (migr_eipre)",https://ec.europa.eu/eurostat/databrowser/view/migr_eipre/default/table,"Eurostat enforcement statistic - annual flow of detections, NOT a stock. Dataset migr_eipre, dimensions freq=A citizen=TOTAL reason=TOTAL apprehen=TOTAL sex=T age=TOTAL unit=PER. Rounded to nearest 5 by Eurostat.",,,0.4628629316999069,,A,,A,,,,,,A,,,,,,,,,,,,,,,,,,,,,,,,,,,,
Portugal,PRT,PT,620,1,0,2019,10286263,A,"World Bank, World Development Indicators (SP.POP.TOTL), sourced from UN World Population Prospects and national statistical offices",https://api.worldbank.org/v2/country/all/indicator/SP.POP.TOTL,10343213,-0.550602602885583,1307266.0,0.1270885257357312,1 January,Eurostat [migr_pop3ctb],https://ec.europa.eu/eurostat/api/dissemination/statistics/1.0/data/migr_pop3ctb?format=JSON&lang=EN&geo=PT&age=TOTAL&sex=T&unit=NR&c_birth=FOR&sinceTimePeriod=2010&untilTimePeriod=2022,stock at 1 Jan; c_birth=FOR (born in a foreign country),441863.0,0.0429566111618962,1 January,Eurostat [migr_pop1ctz],https://ec.europa.eu/eurostat/api/dissemination/statistics/1.0/data/migr_pop1ctz?format=JSON&lang=EN&geo=PT&age=TOTAL&sex=T&unit=NR&citizen=FOR_STLS&sinceTimePeriod=2010&untilTimePeriod=2022,stock at 1 Jan; citizen=FOR_STLS (foreign citizens incl. stateless),,,,,,,,,,,,,5890.0,Full calendar year (flow),"Eurostat, Third country nationals found to be illegally present (migr_eipre)",https://ec.europa.eu/eurostat/databrowser/view/migr_eipre/default/table,"Eurostat enforcement statistic - annual flow of detections, NOT a stock. Dataset migr_eipre, dimensions freq=A citizen=TOTAL reason=TOTAL apprehen=TOTAL sex=T age=TOTAL unit=PER. Rounded to nearest 5 by Eurostat.",,,0.5726083418244312,,A,,A,,,,,,A,,,,,,,,,,,,,,,,,,,,,,,,,,,,
Portugal,PRT,PT,620,1,0,2020,10297081,A,"World Bank, World Development Indicators (SP.POP.TOTL), sourced from UN World Population Prospects and national statistical offices",https://api.worldbank.org/v2/country/all/indicator/SP.POP.TOTL,10370519,-0.7081419936649266,1416498.0,0.1375630627747805,1 January,Eurostat [migr_pop3ctb],https://ec.europa.eu/eurostat/api/dissemination/statistics/1.0/data/migr_pop3ctb?format=JSON&lang=EN&geo=PT&age=TOTAL&sex=T&unit=NR&c_birth=FOR&sinceTimePeriod=2010&untilTimePeriod=2022,stock at 1 Jan; c_birth=FOR (born in a foreign country),520487.0,0.0505470433805463,1 January,Eurostat [migr_pop1ctz],https://ec.europa.eu/eurostat/api/dissemination/statistics/1.0/data/migr_pop1ctz?format=JSON&lang=EN&geo=PT&age=TOTAL&sex=T&unit=NR&citizen=FOR_STLS&sinceTimePeriod=2010&untilTimePeriod=2022,stock at 1 Jan; citizen=FOR_STLS (foreign citizens incl. stateless),,,,,,,,,,,,,3145.0,Full calendar year (flow),"Eurostat, Third country nationals found to be illegally present (migr_eipre)",https://ec.europa.eu/eurostat/databrowser/view/migr_eipre/default/table,"Eurostat enforcement statistic - annual flow of detections, NOT a stock. Dataset migr_eipre, dimensions freq=A citizen=TOTAL reason=TOTAL apprehen=TOTAL sex=T age=TOTAL unit=PER. Rounded to nearest 5 by Eurostat.",,,0.305426363063474,,A,,A,,,,,,A,,,,,,,,,,,,,,,,,,,,,,,,,,,,
Portugal,PRT,PT,620,1,0,2021,10361831,A,"World Bank, World Development Indicators (SP.POP.TOTL), sourced from UN World Population Prospects and national statistical offices",https://api.worldbank.org/v2/country/all/indicator/SP.POP.TOTL,10390956,-0.2802918230045436,1495524.0,0.1443300899232963,1 January,Eurostat [migr_pop3ctb],https://ec.europa.eu/eurostat/api/dissemination/statistics/1.0/data/migr_pop3ctb?format=JSON&lang=EN&geo=PT&age=TOTAL&sex=T&unit=NR&c_birth=FOR&sinceTimePeriod=2010&untilTimePeriod=2022,stock at 1 Jan; c_birth=FOR (born in a foreign country),595794.0,0.0574989111480393,1 January,Eurostat [migr_pop1ctz],https://ec.europa.eu/eurostat/api/dissemination/statistics/1.0/data/migr_pop1ctz?format=JSON&lang=EN&geo=PT&age=TOTAL&sex=T&unit=NR&citizen=FOR_STLS&sinceTimePeriod=2010&untilTimePeriod=2022,stock at 1 Jan; citizen=FOR_STLS (foreign citizens incl. stateless),,,,,,,,,,,,,1855.0,Full calendar year (flow),"Eurostat, Third country nationals found to be illegally present (migr_eipre)",https://ec.europa.eu/eurostat/databrowser/view/migr_eipre/default/table,"Eurostat enforcement statistic - annual flow of detections, NOT a stock. Dataset migr_eipre, dimensions freq=A citizen=TOTAL reason=TOTAL apprehen=TOTAL sex=T age=TOTAL unit=PER. Rounded to nearest 5 by Eurostat.",,,0.1790224140887841,,A,,A,,,,,,A,,,,,,,,,,,,,,,,,,,,,,,,,,,,
Portugal,PRT,PT,620,1,0,2022,10434332,A,"World Bank, World Development Indicators (SP.POP.TOTL), sourced from UN World Population Prospects and national statistical offices",https://api.worldbank.org/v2/country/all/indicator/SP.POP.TOTL,10417073,0.1656799371570114,1568066.0,0.150279481235598,1 January,Eurostat [migr_pop3ctb],https://ec.europa.eu/eurostat/api/dissemination/statistics/1.0/data/migr_pop3ctb?format=JSON&lang=EN&geo=PT&age=TOTAL&sex=T&unit=NR&c_birth=FOR&sinceTimePeriod=2010&untilTimePeriod=2022,stock at 1 Jan; c_birth=FOR (born in a foreign country),643347.0,0.0616567500439894,1 January,Eurostat [migr_pop1ctz],https://ec.europa.eu/eurostat/api/dissemination/statistics/1.0/data/migr_pop1ctz?format=JSON&lang=EN&geo=PT&age=TOTAL&sex=T&unit=NR&citizen=FOR_STLS&sinceTimePeriod=2010&untilTimePeriod=2022,stock at 1 Jan; citizen=FOR_STLS (foreign citizens incl. stateless),,,,,,,,,,,,,2170.0,Full calendar year (flow),"Eurostat, Third country nationals found to be illegally present (migr_eipre)",https://ec.europa.eu/eurostat/databrowser/view/migr_eipre/default/table,"Eurostat enforcement statistic - annual flow of detections, NOT a stock. Dataset migr_eipre, dimensions freq=A citizen=TOTAL reason=TOTAL apprehen=TOTAL sex=T age=TOTAL unit=PER. Rounded to nearest 5 by Eurostat.",,,0.2079673140551786,,A,,A,,,,,,A,,,,,,,,,,,,,,,,,,,,,,,,,,,,
Russia,RUS,RU,643,1,1,2010,142849468,A,"World Bank, World Development Indicators (SP.POP.TOTL), sourced from UN World Population Prospects and national statistical offices",https://api.worldbank.org/v2/country/all/indicator/SP.POP.TOTL,143934465,-0.7538132024181978,11199727.0,0.0784023010852235,Mid-year / 30 June,UN DESA International Migrant Stock (World Bank indicator SM.POP.TOTL),https://api.worldbank.org/v2/country/CHN;IND;PHL;RUS;ZAF;SUR;THA/indicator/SM.POP.TOTL?format=json&date=2010:2022&per_page=200,"UN estimate (not annual); mid-year benchmark year only; largely reflects persons born in other former-USSR republics; retrieved from World Bank mirror of UN DESA International Migrant Stock, accessed 2026-08",,,,,,,,,,,,,,,,,,,,,,,,,,,,A,,,,,,,,,,,,,,,,,,,,,,,,,,,,,,,,,,,,
Russia,RUS,RU,643,1,1,2011,143018195,A,"World Bank, World Development Indicators (SP.POP.TOTL), sourced from UN World Population Prospects and national statistical offices",https://api.worldbank.org/v2/country/all/indicator/SP.POP.TOTL,144043748,-0.7119732818948865,,,,,,,,,,,,,,,,,,,,,,,,,,,,,,,,,,,,,,,,,,,,,,,,,,,,,,,,,,,,,,,,,,,,,,
Russia,RUS,RU,643,1,1,2012,143378447,A,"World Bank, World Development Indicators (SP.POP.TOTL), sourced from UN World Population Prospects and national statistical offices",https://api.worldbank.org/v2/country/all/indicator/SP.POP.TOTL,144291029,-0.6324592778390956,,,,,,,,,,,,,,,,,,,,,,,,,,,,,,,,,,,,,,,,,,,,,,,,,,,,,,,,,,,,,,,,,,,,,,
Russia,RUS,RU,643,1,1,2013,143805638,A,"World Bank, World Development Indicators (SP.POP.TOTL), sourced from UN World Population Prospects and national statistical offices",https://api.worldbank.org/v2/country/all/indicator/SP.POP.TOTL,144604098,-0.5521696902393458,,,,,,,,,,,,,,,,,,,,,,,,,,,,,,,,,,,,,,,,,,,,,,,,,,,,,,,,,,,,,,,,,,,,,,
Russia,RUS,RU,643,1,1,2014,144237223,A,"World Bank, World Development Indicators (SP.POP.TOTL), sourced from UN World Population Prospects and national statistical offices",https://api.worldbank.org/v2/country/all/indicator/SP.POP.TOTL,144925638,-0.4750125716196605,,,,,,,,,,,,,,,,,,,,,,,,,,,,,,,,,,,,,,,,,,,,,,,,,,,,,,,,,,,,,,,,,,,,,,
Russia,RUS,RU,643,1,1,2015,144640716,A,"World Bank, World Development Indicators (SP.POP.TOTL), sourced from UN World Population Prospects and national statistical offices",https://api.worldbank.org/v2/country/all/indicator/SP.POP.TOTL,145307616,-0.4589573611888313,9098229.0,0.0629022674362314,Mid-year / 30 June,UN DESA International Migrant Stock (World Bank indicator SM.POP.TOTL),https://api.worldbank.org/v2/country/CHN;IND;PHL;RUS;ZAF;SUR;THA/indicator/SM.POP.TOTL?format=json&date=2010:2022&per_page=200,"UN estimate (not annual); mid-year benchmark year only; largely reflects persons born in other former-USSR republics; retrieved from World Bank mirror of UN DESA International Migrant Stock, accessed 2026-08",,,,,,,,,,,,,,,,,,,,,,,,,,,,A,,,,,,,,,,,,,,,,,,,,,,,,,,,,,,,,,,,,
Russia,RUS,RU,643,1,1,2016,145015460,A,"World Bank, World Development Indicators (SP.POP.TOTL), sourced from UN World Population Prospects and national statistical offices",https://api.worldbank.org/v2/country/all/indicator/SP.POP.TOTL,145778677,-0.5235450174925103,,,,,,,,,,,,,,,,,,,,,,,,,,,,,,,,,,,,,,,,,,,,,,,,,,,,,,,,,,,,,,,,,,,,,,
Russia,RUS,RU,643,1,1,2017,145293260,A,"World Bank, World Development Indicators (SP.POP.TOTL), sourced from UN World Population Prospects and national statistical offices",https://api.worldbank.org/v2/country/all/indicator/SP.POP.TOTL,146186799,-0.611230977155468,,,,,,,,,,,,,,,,,,,,,,,,,,,,,,,,,,,,,,,,,,,,,,,,,,,,,,,,,,,,,,,,,,,,,,
Russia,RUS,RU,643,1,1,2018,145398106,A,"World Bank, World Development Indicators (SP.POP.TOTL), sourced from UN World Population Prospects and national statistical offices",https://api.worldbank.org/v2/country/all/indicator/SP.POP.TOTL,146430146,-0.7048002260408864,,,,,,,,,,,,,,,,,,,,,,,,,,,,,,,,,,,,,,,,,,,,,,,,,,,,,,,,,,,,,,,,,,,,,,
Russia,RUS,RU,643,1,1,2019,145453291,A,"World Bank, World Development Indicators (SP.POP.TOTL), sourced from UN World Population Prospects and national statistical offices",https://api.worldbank.org/v2/country/all/indicator/SP.POP.TOTL,146533067,-0.736882140056483,,,,,,,,,,,,,,,,,,,,,,,,,,,,,,,,,,,,,,,,,,,,,,,,,,,,,,,,,,,,,,,,,,,,,,
Russia,RUS,RU,643,1,1,2020,145245148,A,"World Bank, World Development Indicators (SP.POP.TOTL), sourced from UN World Population Prospects and national statistical offices",https://api.worldbank.org/v2/country/all/indicator/SP.POP.TOTL,146371299,-0.7693796582347746,7297611.0,0.0502434064096929,Mid-year / 30 June,UN DESA International Migrant Stock (World Bank indicator SM.POP.TOTL),https://api.worldbank.org/v2/country/CHN;IND;PHL;RUS;ZAF;SUR;THA/indicator/SM.POP.TOTL?format=json&date=2010:2022&per_page=200,"UN estimate (not annual); mid-year benchmark year only; largely reflects persons born in other former-USSR republics; excludes most temporary labour migrants; retrieved from World Bank mirror of UN DESA International Migrant Stock, accessed 2026-08",,,,,,,,,,,,,,,,,,,,,,,,,,,,A,,,,,,,,,,,,,,,,,,,,,,,,,,,,,,,,,,,,
Russia,RUS,RU,643,1,1,2021,144746762,A,"World Bank, World Development Indicators (SP.POP.TOTL), sourced from UN World Population Prospects and national statistical offices",https://api.worldbank.org/v2/country/all/indicator/SP.POP.TOTL,145836175,-0.7470115010901788,,,,,,,,,,,,,,,,,,,,,,,,,,,,,,,,,,,,,,,,,,,,,,,,,,,,,,,,,,,,,,,,,,,,,,
Russia,RUS,RU,643,1,1,2022,144236933,A,"World Bank, World Development Indicators (SP.POP.TOTL), sourced from UN World Population Prospects and national statistical offices",https://api.worldbank.org/v2/country/all/indicator/SP.POP.TOTL,145579899,-0.9224941143831952,,,,,,,,,,,,,,,,,,,,,,,,,,,,,,,,,,,,,,,,,,,,,,,,,,,,,,,,,,,,,,,,,,,,,,
Slovak Republic,SVK,SK,703,1,1,2010,5391428,A,"World Bank, World Development Indicators (SP.POP.TOTL), sourced from UN World Population Prospects and national statistical offices",https://api.worldbank.org/v2/country/all/indicator/SP.POP.TOTL,5391851,-0.0078451722794268,64422.0,0.0119489678801237,1 January,Eurostat [migr_pop3ctb],https://ec.europa.eu/eurostat/api/dissemination/statistics/1.0/data/migr_pop3ctb?format=JSON&lang=EN&geo=SK&age=TOTAL&sex=T&unit=NR&c_birth=FOR&sinceTimePeriod=2010&untilTimePeriod=2022,stock at 1 Jan; c_birth=FOR (born in a foreign country),65894.0,0.0122219938762049,1 January,Eurostat [migr_pop1ctz],https://ec.europa.eu/eurostat/api/dissemination/statistics/1.0/data/migr_pop1ctz?format=JSON&lang=EN&geo=SK&age=TOTAL&sex=T&unit=NR&citizen=FOR_STLS&sinceTimePeriod=2010&untilTimePeriod=2022,stock at 1 Jan; citizen=FOR_STLS (foreign citizens incl. stateless),,,,,,,,,,,,,1440.0,Full calendar year (flow),"Eurostat, Third country nationals found to be illegally present (migr_eipre)",https://ec.europa.eu/eurostat/databrowser/view/migr_eipre/default/table,"Eurostat enforcement statistic - annual flow of detections, NOT a stock. Dataset migr_eipre, dimensions freq=A citizen=TOTAL reason=TOTAL apprehen=TOTAL sex=T age=TOTAL unit=PER. Rounded to nearest 5 by Eurostat.",,,0.2670906483402913,,A,,A,,,,,,A,,,,,,,,,,,,,,,,,,,,,,,,,,,,
Slovak Republic,SVK,SK,703,1,1,2011,5398384,A,"World Bank, World Development Indicators (SP.POP.TOTL), sourced from UN World Population Prospects and national statistical offices",https://api.worldbank.org/v2/country/all/indicator/SP.POP.TOTL,5398109,0.0050943765677943,68135.0,0.0126213696543261,1 January,Eurostat [migr_pop3ctb],https://ec.europa.eu/eurostat/api/dissemination/statistics/1.0/data/migr_pop3ctb?format=JSON&lang=EN&geo=SK&age=TOTAL&sex=T&unit=NR&c_birth=FOR&sinceTimePeriod=2010&untilTimePeriod=2022,stock at 1 Jan; c_birth=FOR (born in a foreign country),69607.0,0.0128940438471957,1 January,Eurostat [migr_pop1ctz],https://ec.europa.eu/eurostat/api/dissemination/statistics/1.0/data/migr_pop1ctz?format=JSON&lang=EN&geo=SK&age=TOTAL&sex=T&unit=NR&citizen=FOR_STLS&sinceTimePeriod=2010&untilTimePeriod=2022,stock at 1 Jan; citizen=FOR_STLS (foreign citizens incl. stateless),,,,,,,,,,,,,1145.0,Full calendar year (flow),"Eurostat, Third country nationals found to be illegally present (migr_eipre)",https://ec.europa.eu/eurostat/databrowser/view/migr_eipre/default/table,"Eurostat enforcement statistic - annual flow of detections, NOT a stock. Dataset migr_eipre, dimensions freq=A citizen=TOTAL reason=TOTAL apprehen=TOTAL sex=T age=TOTAL unit=PER. Rounded to nearest 5 by Eurostat.",,,0.2121005100785716,,A,,A,,,,,,A,,,,,,,,,,,,,,,,,,,,,,,,,,,,
Slovak Republic,SVK,SK,703,1,1,2012,5407579,A,"World Bank, World Development Indicators (SP.POP.TOTL), sourced from UN World Population Prospects and national statistical offices",https://api.worldbank.org/v2/country/all/indicator/SP.POP.TOTL,5404871,0.0501029534284907,156883.0,0.0290116889646919,1 January,Eurostat [migr_pop3ctb],https://ec.europa.eu/eurostat/api/dissemination/statistics/1.0/data/migr_pop3ctb?format=JSON&lang=EN&geo=SK&age=TOTAL&sex=T&unit=NR&c_birth=FOR&sinceTimePeriod=2010&untilTimePeriod=2022,stock at 1 Jan; c_birth=FOR (born in a foreign country); apparent break in series (population census re-basing),70727.0,0.0130792356431593,1 January,Eurostat [migr_pop1ctz],https://ec.europa.eu/eurostat/api/dissemination/statistics/1.0/data/migr_pop1ctz?format=JSON&lang=EN&geo=SK&age=TOTAL&sex=T&unit=NR&citizen=FOR_STLS&sinceTimePeriod=2010&untilTimePeriod=2022,stock at 1 Jan; citizen=FOR_STLS (foreign citizens incl. stateless),,,,,,,,,,,,,1395.0,Full calendar year (flow),"Eurostat, Third country nationals found to be illegally present (migr_eipre)",https://ec.europa.eu/eurostat/databrowser/view/migr_eipre/default/table,"Eurostat enforcement statistic - annual flow of detections, NOT a stock. Dataset migr_eipre, dimensions freq=A citizen=TOTAL reason=TOTAL apprehen=TOTAL sex=T age=TOTAL unit=PER. Rounded to nearest 5 by Eurostat.",,,0.2579712658844189,,A,,A,,,,,,A,,,,,,,,,,,,,,,,,,,,,,,,,,,,
Slovak Republic,SVK,SK,703,1,1,2013,5413393,A,"World Bank, World Development Indicators (SP.POP.TOTL), sourced from UN World Population Prospects and national statistical offices",https://api.worldbank.org/v2/country/all/indicator/SP.POP.TOTL,5410422,0.054912537321488,158164.0,0.0292171656482357,1 January,Eurostat [migr_pop3ctb],https://ec.europa.eu/eurostat/api/dissemination/statistics/1.0/data/migr_pop3ctb?format=JSON&lang=EN&geo=SK&age=TOTAL&sex=T&unit=NR&c_birth=FOR&sinceTimePeriod=2010&untilTimePeriod=2022,stock at 1 Jan; c_birth=FOR (born in a foreign country),72925.0,0.0134712185130471,1 January,Eurostat [migr_pop1ctz],https://ec.europa.eu/eurostat/api/dissemination/statistics/1.0/data/migr_pop1ctz?format=JSON&lang=EN&geo=SK&age=TOTAL&sex=T&unit=NR&citizen=FOR_STLS&sinceTimePeriod=2010&untilTimePeriod=2022,stock at 1 Jan; citizen=FOR_STLS (foreign citizens incl. stateless),,,,,,,,,,,,,1025.0,Full calendar year (flow),"Eurostat, Third country nationals found to be illegally present (migr_eipre)",https://ec.europa.eu/eurostat/databrowser/view/migr_eipre/default/table,"Eurostat enforcement statistic - annual flow of detections, NOT a stock. Dataset migr_eipre, dimensions freq=A citizen=TOTAL reason=TOTAL apprehen=TOTAL sex=T age=TOTAL unit=PER. Rounded to nearest 5 by Eurostat.",,,0.1893452036458465,,A,,A,,,,,,A,,,,,,,,,,,,,,,,,,,,,,,,,,,,
Slovak Republic,SVK,SK,703,1,1,2014,5418649,A,"World Bank, World Development Indicators (SP.POP.TOTL), sourced from UN World Population Prospects and national statistical offices",https://api.worldbank.org/v2/country/all/indicator/SP.POP.TOTL,5415230,0.0631367458076573,174908.0,0.0322788946100771,1 January,Eurostat [migr_pop3ctb],https://ec.europa.eu/eurostat/api/dissemination/statistics/1.0/data/migr_pop3ctb?format=JSON&lang=EN&geo=SK&age=TOTAL&sex=T&unit=NR&c_birth=FOR&sinceTimePeriod=2010&untilTimePeriod=2022,stock at 1 Jan; c_birth=FOR (born in a foreign country),59151.0,0.0109161896258643,1 January,Eurostat [migr_pop1ctz],https://ec.europa.eu/eurostat/api/dissemination/statistics/1.0/data/migr_pop1ctz?format=JSON&lang=EN&geo=SK&age=TOTAL&sex=T&unit=NR&citizen=FOR_STLS&sinceTimePeriod=2010&untilTimePeriod=2022,stock at 1 Jan; citizen=FOR_STLS (foreign citizens incl. stateless),,,,,,,,,,,,,1155.0,Full calendar year (flow),"Eurostat, Third country nationals found to be illegally present (migr_eipre)",https://ec.europa.eu/eurostat/databrowser/view/migr_eipre/default/table,"Eurostat enforcement statistic - annual flow of detections, NOT a stock. Dataset migr_eipre, dimensions freq=A citizen=TOTAL reason=TOTAL apprehen=TOTAL sex=T age=TOTAL unit=PER. Rounded to nearest 5 by Eurostat.",,,0.2131527618784682,,A,,A,,,,,,A,,,,,,,,,,,,,,,,,,,,,,,,,,,,
Slovak Republic,SVK,SK,703,1,1,2015,5423801,A,"World Bank, World Development Indicators (SP.POP.TOTL), sourced from UN World Population Prospects and national statistical offices",https://api.worldbank.org/v2/country/all/indicator/SP.POP.TOTL,5420278,0.064996666222655,177624.0,0.0327489891314227,1 January,Eurostat [migr_pop3ctb],https://ec.europa.eu/eurostat/api/dissemination/statistics/1.0/data/migr_pop3ctb?format=JSON&lang=EN&geo=SK&age=TOTAL&sex=T&unit=NR&c_birth=FOR&sinceTimePeriod=2010&untilTimePeriod=2022,stock at 1 Jan; c_birth=FOR (born in a foreign country),61766.0,0.0113879546834406,1 January,Eurostat [migr_pop1ctz],https://ec.europa.eu/eurostat/api/dissemination/statistics/1.0/data/migr_pop1ctz?format=JSON&lang=EN&geo=SK&age=TOTAL&sex=T&unit=NR&citizen=FOR_STLS&sinceTimePeriod=2010&untilTimePeriod=2022,stock at 1 Jan; citizen=FOR_STLS (foreign citizens incl. stateless),,,,,,,,,,,,,1985.0,Full calendar year (flow),"Eurostat, Third country nationals found to be illegally present (migr_eipre)",https://ec.europa.eu/eurostat/databrowser/view/migr_eipre/default/table,"Eurostat enforcement statistic - annual flow of detections, NOT a stock. Dataset migr_eipre, dimensions freq=A citizen=TOTAL reason=TOTAL apprehen=TOTAL sex=T age=TOTAL unit=PER. Rounded to nearest 5 by Eurostat.",,,0.3659795040415384,,A,,A,,,,,,A,,,,,,,,,,,,,,,,,,,,,,,,,,,,
Slovak Republic,SVK,SK,703,1,1,2016,5430798,A,"World Bank, World Development Indicators (SP.POP.TOTL), sourced from UN World Population Prospects and national statistical offices",https://api.worldbank.org/v2/country/all/indicator/SP.POP.TOTL,5427259,0.0652078701237586,181642.0,0.033446650013497,1 January,Eurostat [migr_pop3ctb],https://ec.europa.eu/eurostat/api/dissemination/statistics/1.0/data/migr_pop3ctb?format=JSON&lang=EN&geo=SK&age=TOTAL&sex=T&unit=NR&c_birth=FOR&sinceTimePeriod=2010&untilTimePeriod=2022,stock at 1 Jan; c_birth=FOR (born in a foreign country),65840.0,0.0121234485245078,1 January,Eurostat [migr_pop1ctz],https://ec.europa.eu/eurostat/api/dissemination/statistics/1.0/data/migr_pop1ctz?format=JSON&lang=EN&geo=SK&age=TOTAL&sex=T&unit=NR&citizen=FOR_STLS&sinceTimePeriod=2010&untilTimePeriod=2022,stock at 1 Jan; citizen=FOR_STLS (foreign citizens incl. stateless),,,,,,,,,,,,,2035.0,Full calendar year (flow),"Eurostat, Third country nationals found to be illegally present (migr_eipre)",https://ec.europa.eu/eurostat/databrowser/view/migr_eipre/default/table,"Eurostat enforcement statistic - annual flow of detections, NOT a stock. Dataset migr_eipre, dimensions freq=A citizen=TOTAL reason=TOTAL apprehen=TOTAL sex=T age=TOTAL unit=PER. Rounded to nearest 5 by Eurostat.",,,0.3747147288483202,,A,,A,,,,,,A,,,,,,,,,,,,,,,,,,,,,,,,,,,,
Slovak Republic,SVK,SK,703,1,1,2017,5439232,A,"World Bank, World Development Indicators (SP.POP.TOTL), sourced from UN World Population Prospects and national statistical offices",https://api.worldbank.org/v2/country/all/indicator/SP.POP.TOTL,5435700,0.0649778317420019,186217.0,0.0342358994799265,1 January,Eurostat [migr_pop3ctb],https://ec.europa.eu/eurostat/api/dissemination/statistics/1.0/data/migr_pop3ctb?format=JSON&lang=EN&geo=SK&age=TOTAL&sex=T&unit=NR&c_birth=FOR&sinceTimePeriod=2010&untilTimePeriod=2022,stock at 1 Jan; c_birth=FOR (born in a foreign country),69695.0,0.0128133898315056,1 January,Eurostat [migr_pop1ctz],https://ec.europa.eu/eurostat/api/dissemination/statistics/1.0/data/migr_pop1ctz?format=JSON&lang=EN&geo=SK&age=TOTAL&sex=T&unit=NR&citizen=FOR_STLS&sinceTimePeriod=2010&untilTimePeriod=2022,stock at 1 Jan; citizen=FOR_STLS (foreign citizens incl. stateless),,,,,,,,,,,,,2590.0,Full calendar year (flow),"Eurostat, Third country nationals found to be illegally present (migr_eipre)",https://ec.europa.eu/eurostat/databrowser/view/migr_eipre/default/table,"Eurostat enforcement statistic - annual flow of detections, NOT a stock. Dataset migr_eipre, dimensions freq=A citizen=TOTAL reason=TOTAL apprehen=TOTAL sex=T age=TOTAL unit=PER. Rounded to nearest 5 by Eurostat.",,,0.4761701651997929,,A,,A,,,,,,A,,,,,,,,,,,,,,,,,,,,,,,,,,,,
Slovak Republic,SVK,SK,703,1,1,2018,5446771,A,"World Bank, World Development Indicators (SP.POP.TOTL), sourced from UN World Population Prospects and national statistical offices",https://api.worldbank.org/v2/country/all/indicator/SP.POP.TOTL,5443232,0.0650165195971805,190308.0,0.0349395999941984,1 January,Eurostat [migr_pop3ctb],https://ec.europa.eu/eurostat/api/dissemination/statistics/1.0/data/migr_pop3ctb?format=JSON&lang=EN&geo=SK&age=TOTAL&sex=T&unit=NR&c_birth=FOR&sinceTimePeriod=2010&untilTimePeriod=2022,stock at 1 Jan; c_birth=FOR (born in a foreign country),72883.0,0.0133809554321266,1 January,Eurostat [migr_pop1ctz],https://ec.europa.eu/eurostat/api/dissemination/statistics/1.0/data/migr_pop1ctz?format=JSON&lang=EN&geo=SK&age=TOTAL&sex=T&unit=NR&citizen=FOR_STLS&sinceTimePeriod=2010&untilTimePeriod=2022,stock at 1 Jan; citizen=FOR_STLS (foreign citizens incl. stateless),,,,,,,,,,,,,2635.0,Full calendar year (flow),"Eurostat, Third country nationals found to be illegally present (migr_eipre)",https://ec.europa.eu/eurostat/databrowser/view/migr_eipre/default/table,"Eurostat enforcement statistic - annual flow of detections, NOT a stock. Dataset migr_eipre, dimensions freq=A citizen=TOTAL reason=TOTAL apprehen=TOTAL sex=T age=TOTAL unit=PER. Rounded to nearest 5 by Eurostat.",,,0.4837728628576454,,A,,A,,,,,,A,,,,,,,,,,,,,,,,,,,,,,,,,,,,
Slovak Republic,SVK,SK,703,1,1,2019,5454147,A,"World Bank, World Development Indicators (SP.POP.TOTL), sourced from UN World Population Prospects and national statistical offices",https://api.worldbank.org/v2/country/all/indicator/SP.POP.TOTL,5450626,0.0645980846970604,194389.0,0.0356405868782047,1 January,Eurostat [migr_pop3ctb],https://ec.europa.eu/eurostat/api/dissemination/statistics/1.0/data/migr_pop3ctb?format=JSON&lang=EN&geo=SK&age=TOTAL&sex=T&unit=NR&c_birth=FOR&sinceTimePeriod=2010&untilTimePeriod=2022,stock at 1 Jan; c_birth=FOR (born in a foreign country),76116.0,0.0139556194580014,1 January,Eurostat [migr_pop1ctz],https://ec.europa.eu/eurostat/api/dissemination/statistics/1.0/data/migr_pop1ctz?format=JSON&lang=EN&geo=SK&age=TOTAL&sex=T&unit=NR&citizen=FOR_STLS&sinceTimePeriod=2010&untilTimePeriod=2022,stock at 1 Jan; citizen=FOR_STLS (foreign citizens incl. stateless),,,,,,,,,,,,,2005.0,Full calendar year (flow),"Eurostat, Third country nationals found to be illegally present (migr_eipre)",https://ec.europa.eu/eurostat/databrowser/view/migr_eipre/default/table,"Eurostat enforcement statistic - annual flow of detections, NOT a stock. Dataset migr_eipre, dimensions freq=A citizen=TOTAL reason=TOTAL apprehen=TOTAL sex=T age=TOTAL unit=PER. Rounded to nearest 5 by Eurostat.",,,0.3676101872575125,,A,,A,,,,,,A,,,,,,,,,,,,,,,,,,,,,,,,,,,,
Slovak Republic,SVK,SK,703,1,1,2020,5458827,A,"World Bank, World Development Indicators (SP.POP.TOTL), sourced from UN World Population Prospects and national statistical offices",https://api.worldbank.org/v2/country/all/indicator/SP.POP.TOTL,5455024,0.0697155502890546,198429.0,0.0363501169756799,1 January,Eurostat [migr_pop3ctb],https://ec.europa.eu/eurostat/api/dissemination/statistics/1.0/data/migr_pop3ctb?format=JSON&lang=EN&geo=SK&age=TOTAL&sex=T&unit=NR&c_birth=FOR&sinceTimePeriod=2010&untilTimePeriod=2022,stock at 1 Jan; c_birth=FOR (born in a foreign country),78936.0,0.0144602494272121,1 January,Eurostat [migr_pop1ctz],https://ec.europa.eu/eurostat/api/dissemination/statistics/1.0/data/migr_pop1ctz?format=JSON&lang=EN&geo=SK&age=TOTAL&sex=T&unit=NR&citizen=FOR_STLS&sinceTimePeriod=2010&untilTimePeriod=2022,stock at 1 Jan; citizen=FOR_STLS (foreign citizens incl. stateless),,,,,,,,,,,,,1215.0,Full calendar year (flow),"Eurostat, Third country nationals found to be illegally present (migr_eipre)",https://ec.europa.eu/eurostat/databrowser/view/migr_eipre/default/table,"Eurostat enforcement statistic - annual flow of detections, NOT a stock. Dataset migr_eipre, dimensions freq=A citizen=TOTAL reason=TOTAL apprehen=TOTAL sex=T age=TOTAL unit=PER. Rounded to nearest 5 by Eurostat.",,,0.2225752895264861,,A,,A,,,,,,A,,,,,,,,,,,,,,,,,,,,,,,,,,,,
Slovak Republic,SVK,SK,703,1,1,2021,5447247,A,"World Bank, World Development Indicators (SP.POP.TOTL), sourced from UN World Population Prospects and national statistical offices",https://api.worldbank.org/v2/country/all/indicator/SP.POP.TOTL,5442759,0.0824581797577295,201941.0,0.037072121018195,1 January,Eurostat [migr_pop3ctb],https://ec.europa.eu/eurostat/api/dissemination/statistics/1.0/data/migr_pop3ctb?format=JSON&lang=EN&geo=SK&age=TOTAL&sex=T&unit=NR&c_birth=FOR&sinceTimePeriod=2010&untilTimePeriod=2022,stock at 1 Jan; c_birth=FOR (born in a foreign country),82075.0,0.0150672440592468,1 January,Eurostat [migr_pop1ctz],https://ec.europa.eu/eurostat/api/dissemination/statistics/1.0/data/migr_pop1ctz?format=JSON&lang=EN&geo=SK&age=TOTAL&sex=T&unit=NR&citizen=FOR_STLS&sinceTimePeriod=2010&untilTimePeriod=2022,stock at 1 Jan; citizen=FOR_STLS (foreign citizens incl. stateless),,,,,,,,,,,,,1715.0,Full calendar year (flow),"Eurostat, Third country nationals found to be illegally present (migr_eipre)",https://ec.europa.eu/eurostat/databrowser/view/migr_eipre/default/table,"Eurostat enforcement statistic - annual flow of detections, NOT a stock. Dataset migr_eipre, dimensions freq=A citizen=TOTAL reason=TOTAL apprehen=TOTAL sex=T age=TOTAL unit=PER. Rounded to nearest 5 by Eurostat.",,,0.3148379355663512,,A,,A,,,,,,A,,,,,,,,,,,,,,,,,,,,,,,,,,,,
Slovak Republic,SVK,SK,703,1,1,2022,5431752,A,"World Bank, World Development Indicators (SP.POP.TOTL), sourced from UN World Population Prospects and national statistical offices",https://api.worldbank.org/v2/country/all/indicator/SP.POP.TOTL,5473197,-0.7572356704865547,213171.0,0.0392453484621536,1 January,Eurostat [migr_pop3ctb],https://ec.europa.eu/eurostat/api/dissemination/statistics/1.0/data/migr_pop3ctb?format=JSON&lang=EN&geo=SK&age=TOTAL&sex=T&unit=NR&c_birth=FOR&sinceTimePeriod=2010&untilTimePeriod=2022,stock at 1 Jan; c_birth=FOR (born in a foreign country),60142.0,0.0110723022700594,1 January,Eurostat [migr_pop1ctz],https://ec.europa.eu/eurostat/api/dissemination/statistics/1.0/data/migr_pop1ctz?format=JSON&lang=EN&geo=SK&age=TOTAL&sex=T&unit=NR&citizen=FOR_STLS&sinceTimePeriod=2010&untilTimePeriod=2022,stock at 1 Jan; citizen=FOR_STLS (foreign citizens incl. stateless); apparent break in series (population census re-basing),,,,,,,,,,,,,11705.0,Full calendar year (flow),"Eurostat, Third country nationals found to be illegally present (migr_eipre)",https://ec.europa.eu/eurostat/databrowser/view/migr_eipre/default/table,"Eurostat enforcement statistic - annual flow of detections, NOT a stock. Dataset migr_eipre, dimensions freq=A citizen=TOTAL reason=TOTAL apprehen=TOTAL sex=T age=TOTAL unit=PER. Rounded to nearest 5 by Eurostat.",,,2.154921653271357,,A,,A,,,,,,A,,,,,,,,,,,,,,,,,,,,,,,,,,,,
Slovenia,SVN,SI,705,1,1,2010,2048583,A,"World Bank, World Development Indicators (SP.POP.TOTL), sourced from UN World Population Prospects and national statistical offices",https://api.worldbank.org/v2/country/all/indicator/SP.POP.TOTL,2044612,0.1942177782386096,253786.0,0.1238836795970678,1 January,Eurostat [migr_pop3ctb],https://ec.europa.eu/eurostat/api/dissemination/statistics/1.0/data/migr_pop3ctb?format=JSON&lang=EN&geo=SI&age=TOTAL&sex=T&unit=NR&c_birth=FOR&sinceTimePeriod=2010&untilTimePeriod=2022,stock at 1 Jan; c_birth=FOR (born in a foreign country),82176.0,0.0401135809483921,1 January,Eurostat [migr_pop1ctz],https://ec.europa.eu/eurostat/api/dissemination/statistics/1.0/data/migr_pop1ctz?format=JSON&lang=EN&geo=SI&age=TOTAL&sex=T&unit=NR&citizen=FOR_STLS&sinceTimePeriod=2010&untilTimePeriod=2022,stock at 1 Jan; citizen=FOR_STLS (foreign citizens incl. stateless),,,,,,,,,,,,,3415.0,Full calendar year (flow),"Eurostat, Third country nationals found to be illegally present (migr_eipre)",https://ec.europa.eu/eurostat/databrowser/view/migr_eipre/default/table,"Eurostat enforcement statistic - annual flow of detections, NOT a stock. Dataset migr_eipre, dimensions freq=A citizen=TOTAL reason=TOTAL apprehen=TOTAL sex=T age=TOTAL unit=PER. Rounded to nearest 5 by Eurostat.",,,1.667005925559277,,A,,A,,,,,,A,,,,,,,,,,,,,,,,,,,,,,,,,,,,
Slovenia,SVN,SI,705,1,1,2011,2052843,A,"World Bank, World Development Indicators (SP.POP.TOTL), sourced from UN World Population Prospects and national statistical offices",https://api.worldbank.org/v2/country/all/indicator/SP.POP.TOTL,2048804,0.197139404257313,228588.0,0.1113519153681017,1 January,Eurostat [migr_pop3ctb],https://ec.europa.eu/eurostat/api/dissemination/statistics/1.0/data/migr_pop3ctb?format=JSON&lang=EN&geo=SI&age=TOTAL&sex=T&unit=NR&c_birth=FOR&sinceTimePeriod=2010&untilTimePeriod=2022,stock at 1 Jan; c_birth=FOR (born in a foreign country); apparent break in series (population census re-basing),82746.0,0.0403080021219352,1 January,Eurostat [migr_pop1ctz],https://ec.europa.eu/eurostat/api/dissemination/statistics/1.0/data/migr_pop1ctz?format=JSON&lang=EN&geo=SI&age=TOTAL&sex=T&unit=NR&citizen=FOR_STLS&sinceTimePeriod=2010&untilTimePeriod=2022,stock at 1 Jan; citizen=FOR_STLS (foreign citizens incl. stateless),,,,,,,,,,,,,4350.0,Full calendar year (flow),"Eurostat, Third country nationals found to be illegally present (migr_eipre)",https://ec.europa.eu/eurostat/databrowser/view/migr_eipre/default/table,"Eurostat enforcement statistic - annual flow of detections, NOT a stock. Dataset migr_eipre, dimensions freq=A citizen=TOTAL reason=TOTAL apprehen=TOTAL sex=T age=TOTAL unit=PER. Rounded to nearest 5 by Eurostat.",,,2.119012510942142,,A,,A,,,,,,A,,,,,,,,,,,,,,,,,,,,,,,,,,,,
Slovenia,SVN,SI,705,1,1,2012,2057159,A,"World Bank, World Development Indicators (SP.POP.TOTL), sourced from UN World Population Prospects and national statistical offices",https://api.worldbank.org/v2/country/all/indicator/SP.POP.TOTL,2053321,0.1869167071295721,230109.0,0.1118576638947208,1 January,Eurostat [migr_pop3ctb],https://ec.europa.eu/eurostat/api/dissemination/statistics/1.0/data/migr_pop3ctb?format=JSON&lang=EN&geo=SI&age=TOTAL&sex=T&unit=NR&c_birth=FOR&sinceTimePeriod=2010&untilTimePeriod=2022,stock at 1 Jan; c_birth=FOR (born in a foreign country),85555.0,0.0415889097536942,1 January,Eurostat [migr_pop1ctz],https://ec.europa.eu/eurostat/api/dissemination/statistics/1.0/data/migr_pop1ctz?format=JSON&lang=EN&geo=SI&age=TOTAL&sex=T&unit=NR&citizen=FOR_STLS&sinceTimePeriod=2010&untilTimePeriod=2022,stock at 1 Jan; citizen=FOR_STLS (foreign citizens incl. stateless),,,,,,,,,,,,,1555.0,Full calendar year (flow),"Eurostat, Third country nationals found to be illegally present (migr_eipre)",https://ec.europa.eu/eurostat/databrowser/view/migr_eipre/default/table,"Eurostat enforcement statistic - annual flow of detections, NOT a stock. Dataset migr_eipre, dimensions freq=A citizen=TOTAL reason=TOTAL apprehen=TOTAL sex=T age=TOTAL unit=PER. Rounded to nearest 5 by Eurostat.",,,0.7558968460872495,,A,,A,,,,,,A,,,,,,,,,,,,,,,,,,,,,,,,,,,,
Slovenia,SVN,SI,705,1,1,2013,2059953,A,"World Bank, World Development Indicators (SP.POP.TOTL), sourced from UN World Population Prospects and national statistical offices",https://api.worldbank.org/v2/country/all/indicator/SP.POP.TOTL,2056441,0.170780489204407,232703.0,0.1129651987205533,1 January,Eurostat [migr_pop3ctb],https://ec.europa.eu/eurostat/api/dissemination/statistics/1.0/data/migr_pop3ctb?format=JSON&lang=EN&geo=SI&age=TOTAL&sex=T&unit=NR&c_birth=FOR&sinceTimePeriod=2010&untilTimePeriod=2022,stock at 1 Jan; c_birth=FOR (born in a foreign country),91385.0,0.0443626626432739,1 January,Eurostat [migr_pop1ctz],https://ec.europa.eu/eurostat/api/dissemination/statistics/1.0/data/migr_pop1ctz?format=JSON&lang=EN&geo=SI&age=TOTAL&sex=T&unit=NR&citizen=FOR_STLS&sinceTimePeriod=2010&untilTimePeriod=2022,stock at 1 Jan; citizen=FOR_STLS (foreign citizens incl. stateless),,,,,,,,,,,,,1040.0,Full calendar year (flow),"Eurostat, Third country nationals found to be illegally present (migr_eipre)",https://ec.europa.eu/eurostat/databrowser/view/migr_eipre/default/table,"Eurostat enforcement statistic - annual flow of detections, NOT a stock. Dataset migr_eipre, dimensions freq=A citizen=TOTAL reason=TOTAL apprehen=TOTAL sex=T age=TOTAL unit=PER. Rounded to nearest 5 by Eurostat.",,,0.5048658877168557,,A,,A,,,,,,A,,,,,,,,,,,,,,,,,,,,,,,,,,,,
Slovenia,SVN,SI,705,1,1,2014,2061980,A,"World Bank, World Development Indicators (SP.POP.TOTL), sourced from UN World Population Prospects and national statistical offices",https://api.worldbank.org/v2/country/all/indicator/SP.POP.TOTL,2058401,0.1738728265289416,235310.0,0.11411846865634,1 January,Eurostat [migr_pop3ctb],https://ec.europa.eu/eurostat/api/dissemination/statistics/1.0/data/migr_pop3ctb?format=JSON&lang=EN&geo=SI&age=TOTAL&sex=T&unit=NR&c_birth=FOR&sinceTimePeriod=2010&untilTimePeriod=2022,stock at 1 Jan; c_birth=FOR (born in a foreign country),96608.0,0.0468520548210942,1 January,Eurostat [migr_pop1ctz],https://ec.europa.eu/eurostat/api/dissemination/statistics/1.0/data/migr_pop1ctz?format=JSON&lang=EN&geo=SI&age=TOTAL&sex=T&unit=NR&citizen=FOR_STLS&sinceTimePeriod=2010&untilTimePeriod=2022,stock at 1 Jan; citizen=FOR_STLS (foreign citizens incl. stateless),,,,,,,,,,,,,1025.0,Full calendar year (flow),"Eurostat, Third country nationals found to be illegally present (migr_eipre)",https://ec.europa.eu/eurostat/databrowser/view/migr_eipre/default/table,"Eurostat enforcement statistic - annual flow of detections, NOT a stock. Dataset migr_eipre, dimensions freq=A citizen=TOTAL reason=TOTAL apprehen=TOTAL sex=T age=TOTAL unit=PER. Rounded to nearest 5 by Eurostat.",,,0.4970950251699822,,A,,A,,,,,,A,,,,,,,,,,,,,,,,,,,,,,,,,,,,
Slovenia,SVN,SI,705,1,1,2015,2063531,A,"World Bank, World Development Indicators (SP.POP.TOTL), sourced from UN World Population Prospects and national statistical offices",https://api.worldbank.org/v2/country/all/indicator/SP.POP.TOTL,2059947,0.1739850588388925,237616.0,0.1151501964351395,1 January,Eurostat [migr_pop3ctb],https://ec.europa.eu/eurostat/api/dissemination/statistics/1.0/data/migr_pop3ctb?format=JSON&lang=EN&geo=SI&age=TOTAL&sex=T&unit=NR&c_birth=FOR&sinceTimePeriod=2010&untilTimePeriod=2022,stock at 1 Jan; c_birth=FOR (born in a foreign country),101532.0,0.0492030408072376,1 January,Eurostat [migr_pop1ctz],https://ec.europa.eu/eurostat/api/dissemination/statistics/1.0/data/migr_pop1ctz?format=JSON&lang=EN&geo=SI&age=TOTAL&sex=T&unit=NR&citizen=FOR_STLS&sinceTimePeriod=2010&untilTimePeriod=2022,stock at 1 Jan; citizen=FOR_STLS (foreign citizens incl. stateless),,,,,,,,,,,,,1025.0,Full calendar year (flow),"Eurostat, Third country nationals found to be illegally present (migr_eipre)",https://ec.europa.eu/eurostat/databrowser/view/migr_eipre/default/table,"Eurostat enforcement statistic - annual flow of detections, NOT a stock. Dataset migr_eipre, dimensions freq=A citizen=TOTAL reason=TOTAL apprehen=TOTAL sex=T age=TOTAL unit=PER. Rounded to nearest 5 by Eurostat.",,,0.496721396480111,,A,,A,,,,,,A,,,,,,,,,,,,,,,,,,,,,,,,,,,,
Slovenia,SVN,SI,705,1,1,2016,2065042,A,"World Bank, World Development Indicators (SP.POP.TOTL), sourced from UN World Population Prospects and national statistical offices",https://api.worldbank.org/v2/country/all/indicator/SP.POP.TOTL,2061373,0.1779881661397525,241203.0,0.1168029512232681,1 January,Eurostat [migr_pop3ctb],https://ec.europa.eu/eurostat/api/dissemination/statistics/1.0/data/migr_pop3ctb?format=JSON&lang=EN&geo=SI&age=TOTAL&sex=T&unit=NR&c_birth=FOR&sinceTimePeriod=2010&untilTimePeriod=2022,stock at 1 Jan; c_birth=FOR (born in a foreign country),107766.0,0.0521858635320734,1 January,Eurostat [migr_pop1ctz],https://ec.europa.eu/eurostat/api/dissemination/statistics/1.0/data/migr_pop1ctz?format=JSON&lang=EN&geo=SI&age=TOTAL&sex=T&unit=NR&citizen=FOR_STLS&sinceTimePeriod=2010&untilTimePeriod=2022,stock at 1 Jan; citizen=FOR_STLS (foreign citizens incl. stateless),,,,,,,,,,,,,2475.0,Full calendar year (flow),"Eurostat, Third country nationals found to be illegally present (migr_eipre)",https://ec.europa.eu/eurostat/databrowser/view/migr_eipre/default/table,"Eurostat enforcement statistic - annual flow of detections, NOT a stock. Dataset migr_eipre, dimensions freq=A citizen=TOTAL reason=TOTAL apprehen=TOTAL sex=T age=TOTAL unit=PER. Rounded to nearest 5 by Eurostat.",,,1.198522838760665,,A,,A,,,,,,A,,,,,,,,,,,,,,,,,,,,,,,,,,,,
Slovenia,SVN,SI,705,1,1,2017,2066388,A,"World Bank, World Development Indicators (SP.POP.TOTL), sourced from UN World Population Prospects and national statistical offices",https://api.worldbank.org/v2/country/all/indicator/SP.POP.TOTL,2062410,0.1928811439044613,245369.0,0.1187429466295778,1 January,Eurostat [migr_pop3ctb],https://ec.europa.eu/eurostat/api/dissemination/statistics/1.0/data/migr_pop3ctb?format=JSON&lang=EN&geo=SI&age=TOTAL&sex=T&unit=NR&c_birth=FOR&sinceTimePeriod=2010&untilTimePeriod=2022,stock at 1 Jan; c_birth=FOR (born in a foreign country),114438.0,0.0553806932676728,1 January,Eurostat [migr_pop1ctz],https://ec.europa.eu/eurostat/api/dissemination/statistics/1.0/data/migr_pop1ctz?format=JSON&lang=EN&geo=SI&age=TOTAL&sex=T&unit=NR&citizen=FOR_STLS&sinceTimePeriod=2010&untilTimePeriod=2022,stock at 1 Jan; citizen=FOR_STLS (foreign citizens incl. stateless),,,,,,,,,,,,,4180.0,Full calendar year (flow),"Eurostat, Third country nationals found to be illegally present (migr_eipre)",https://ec.europa.eu/eurostat/databrowser/view/migr_eipre/default/table,"Eurostat enforcement statistic - annual flow of detections, NOT a stock. Dataset migr_eipre, dimensions freq=A citizen=TOTAL reason=TOTAL apprehen=TOTAL sex=T age=TOTAL unit=PER. Rounded to nearest 5 by Eurostat.",,,2.022853404104166,,A,,A,,,,,,A,,,,,,,,,,,,,,,,,,,,,,,,,,,,
Slovenia,SVN,SI,705,1,1,2018,2073894,A,"World Bank, World Development Indicators (SP.POP.TOTL), sourced from UN World Population Prospects and national statistical offices",https://api.worldbank.org/v2/country/all/indicator/SP.POP.TOTL,2069481,0.2132418707878932,250226.0,0.1206551540242654,1 January,Eurostat [migr_pop3ctb],https://ec.europa.eu/eurostat/api/dissemination/statistics/1.0/data/migr_pop3ctb?format=JSON&lang=EN&geo=SI&age=TOTAL&sex=T&unit=NR&c_birth=FOR&sinceTimePeriod=2010&untilTimePeriod=2022,stock at 1 Jan; c_birth=FOR (born in a foreign country),121875.0,0.0587662628851812,1 January,Eurostat [migr_pop1ctz],https://ec.europa.eu/eurostat/api/dissemination/statistics/1.0/data/migr_pop1ctz?format=JSON&lang=EN&geo=SI&age=TOTAL&sex=T&unit=NR&citizen=FOR_STLS&sinceTimePeriod=2010&untilTimePeriod=2022,stock at 1 Jan; citizen=FOR_STLS (foreign citizens incl. stateless),,,,,,,,,,,,,4345.0,Full calendar year (flow),"Eurostat, Third country nationals found to be illegally present (migr_eipre)",https://ec.europa.eu/eurostat/databrowser/view/migr_eipre/default/table,"Eurostat enforcement statistic - annual flow of detections, NOT a stock. Dataset migr_eipre, dimensions freq=A citizen=TOTAL reason=TOTAL apprehen=TOTAL sex=T age=TOTAL unit=PER. Rounded to nearest 5 by Eurostat.",,,2.095092613219383,,A,,A,,,,,,A,,,,,,,,,,,,,,,,,,,,,,,,,,,,
Slovenia,SVN,SI,705,1,1,2019,2088385,A,"World Bank, World Development Indicators (SP.POP.TOTL), sourced from UN World Population Prospects and national statistical offices",https://api.worldbank.org/v2/country/all/indicator/SP.POP.TOTL,2083439,0.2373959592769455,265072.0,0.1269267879246403,1 January,Eurostat [migr_pop3ctb],https://ec.europa.eu/eurostat/api/dissemination/statistics/1.0/data/migr_pop3ctb?format=JSON&lang=EN&geo=SI&age=TOTAL&sex=T&unit=NR&c_birth=FOR&sinceTimePeriod=2010&untilTimePeriod=2022,stock at 1 Jan; c_birth=FOR (born in a foreign country),138193.0,0.066172185684153,1 January,Eurostat [migr_pop1ctz],https://ec.europa.eu/eurostat/api/dissemination/statistics/1.0/data/migr_pop1ctz?format=JSON&lang=EN&geo=SI&age=TOTAL&sex=T&unit=NR&citizen=FOR_STLS&sinceTimePeriod=2010&untilTimePeriod=2022,stock at 1 Jan; citizen=FOR_STLS (foreign citizens incl. stateless),,,,,,,,,,,,,5765.0,Full calendar year (flow),"Eurostat, Third country nationals found to be illegally present (migr_eipre)",https://ec.europa.eu/eurostat/databrowser/view/migr_eipre/default/table,"Eurostat enforcement statistic - annual flow of detections, NOT a stock. Dataset migr_eipre, dimensions freq=A citizen=TOTAL reason=TOTAL apprehen=TOTAL sex=T age=TOTAL unit=PER. Rounded to nearest 5 by Eurostat.",,,2.760506324264922,,A,,A,,,,,,A,,,,,,,,,,,,,,,,,,,,,,,,,,,,
Slovenia,SVN,SI,705,1,1,2020,2102419,A,"World Bank, World Development Indicators (SP.POP.TOTL), sourced from UN World Population Prospects and national statistical offices",https://api.worldbank.org/v2/country/all/indicator/SP.POP.TOTL,2102419,0.0,281621.0,0.1339509393703158,1 January,Eurostat [migr_pop3ctb],https://ec.europa.eu/eurostat/api/dissemination/statistics/1.0/data/migr_pop3ctb?format=JSON&lang=EN&geo=SI&age=TOTAL&sex=T&unit=NR&c_birth=FOR&sinceTimePeriod=2010&untilTimePeriod=2022,stock at 1 Jan; c_birth=FOR (born in a foreign country),156351.0,0.0743671932188588,1 January,Eurostat [migr_pop1ctz],https://ec.europa.eu/eurostat/api/dissemination/statistics/1.0/data/migr_pop1ctz?format=JSON&lang=EN&geo=SI&age=TOTAL&sex=T&unit=NR&citizen=FOR_STLS&sinceTimePeriod=2010&untilTimePeriod=2022,stock at 1 Jan; citizen=FOR_STLS (foreign citizens incl. stateless),,,,,,,,,,,,,4605.0,Full calendar year (flow),"Eurostat, Third country nationals found to be illegally present (migr_eipre)",https://ec.europa.eu/eurostat/databrowser/view/migr_eipre/default/table,"Eurostat enforcement statistic - annual flow of detections, NOT a stock. Dataset migr_eipre, dimensions freq=A citizen=TOTAL reason=TOTAL apprehen=TOTAL sex=T age=TOTAL unit=PER. Rounded to nearest 5 by Eurostat.",,,2.190334086592634,,A,,A,,,,,,A,,,,,,,,,,,,,,,,,,,,,,,,,,,,
Slovenia,SVN,SI,705,1,1,2021,2108079,A,"World Bank, World Development Indicators (SP.POP.TOTL), sourced from UN World Population Prospects and national statistical offices",https://api.worldbank.org/v2/country/all/indicator/SP.POP.TOTL,2113494,-0.2562108054245718,292824.0,0.1389056102736187,1 January,Eurostat [migr_pop3ctb],https://ec.europa.eu/eurostat/api/dissemination/statistics/1.0/data/migr_pop3ctb?format=JSON&lang=EN&geo=SI&age=TOTAL&sex=T&unit=NR&c_birth=FOR&sinceTimePeriod=2010&untilTimePeriod=2022,stock at 1 Jan; c_birth=FOR (born in a foreign country),168651.0,0.0800022200306535,1 January,Eurostat [migr_pop1ctz],https://ec.europa.eu/eurostat/api/dissemination/statistics/1.0/data/migr_pop1ctz?format=JSON&lang=EN&geo=SI&age=TOTAL&sex=T&unit=NR&citizen=FOR_STLS&sinceTimePeriod=2010&untilTimePeriod=2022,stock at 1 Jan; citizen=FOR_STLS (foreign citizens incl. stateless),,,,,,,,,,,,,14430.0,Full calendar year (flow),"Eurostat, Third country nationals found to be illegally present (migr_eipre)",https://ec.europa.eu/eurostat/databrowser/view/migr_eipre/default/table,"Eurostat enforcement statistic - annual flow of detections, NOT a stock. Dataset migr_eipre, dimensions freq=A citizen=TOTAL reason=TOTAL apprehen=TOTAL sex=T age=TOTAL unit=PER. Rounded to nearest 5 by Eurostat.",,,6.84509451495888,,A,,A,,,,,,A,,,,,,,,,,,,,,,,,,,,,,,,,,,,
Slovenia,SVN,SI,705,1,1,2022,2112076,A,"World Bank, World Development Indicators (SP.POP.TOTL), sourced from UN World Population Prospects and national statistical offices",https://api.worldbank.org/v2/country/all/indicator/SP.POP.TOTL,2115228,-0.1490146688678478,294533.0,0.1394518947234853,1 January,Eurostat [migr_pop3ctb],https://ec.europa.eu/eurostat/api/dissemination/statistics/1.0/data/migr_pop3ctb?format=JSON&lang=EN&geo=SI&age=TOTAL&sex=T&unit=NR&c_birth=FOR&sinceTimePeriod=2010&untilTimePeriod=2022,stock at 1 Jan; c_birth=FOR (born in a foreign country),172442.0,0.0816457362329764,1 January,Eurostat [migr_pop1ctz],https://ec.europa.eu/eurostat/api/dissemination/statistics/1.0/data/migr_pop1ctz?format=JSON&lang=EN&geo=SI&age=TOTAL&sex=T&unit=NR&citizen=FOR_STLS&sinceTimePeriod=2010&untilTimePeriod=2022,stock at 1 Jan; citizen=FOR_STLS (foreign citizens incl. stateless),,,,,,,,,,,,,35215.0,Full calendar year (flow),"Eurostat, Third country nationals found to be illegally present (migr_eipre)",https://ec.europa.eu/eurostat/databrowser/view/migr_eipre/default/table,"Eurostat enforcement statistic - annual flow of detections, NOT a stock. Dataset migr_eipre, dimensions freq=A citizen=TOTAL reason=TOTAL apprehen=TOTAL sex=T age=TOTAL unit=PER. Rounded to nearest 5 by Eurostat.",,,16.67316895793522,,A,,A,,,,,,A,,,,,,,,,,,,,,,,,,,,,,,,,,,,
South Africa,ZAF,ZA,710,1,1,2010,52344051,A,"World Bank, World Development Indicators (SP.POP.TOTL), sourced from UN World Population Prospects and national statistical offices",https://api.worldbank.org/v2/country/all/indicator/SP.POP.TOTL,52344051,0.0,2274466.0,0.0434522349063124,Mid-year / 30 June,UN DESA International Migrant Stock (World Bank indicator SM.POP.TOTL),https://api.worldbank.org/v2/country/CHN;IND;PHL;RUS;ZAF;SUR;THA/indicator/SM.POP.TOTL?format=json&date=2010:2022&per_page=200,"UN estimate (not annual); mid-year benchmark year only; retrieved from World Bank mirror of UN DESA International Migrant Stock, accessed 2026-08",,,,,,,,,,,,,,,,,,,,,,,,,,,,A,,,,,,,,,,,,,,,,,,,,,,,,,,,,,,,,,,,,
South Africa,ZAF,ZA,710,1,1,2011,52995205,A,"World Bank, World Development Indicators (SP.POP.TOTL), sourced from UN World Population Prospects and national statistical offices",https://api.worldbank.org/v2/country/all/indicator/SP.POP.TOTL,52995205,0.0,2184408.0,0.0412189744336303,1 October (census),Statistics South Africa - Census 2011 (as tabulated in the Census 2022 Statistical Release P0301.4),https://census.statssa.gov.za/assets/documents/2022/P03014_Census_2022_Statistical_Release.pdf,"Census count, reference date 9-31 Oct 2011; persons born outside South Africa; comparable series in the same table: Census 1996 = 835216, Census 2001 = 1025076",,,,,,,,,,,,,,,,,,,,,,,,,,,,B,The published figure appears in the archived source document.,,,,,,,,,,,,,,,,,,,,,,,,,,,,,,,,,,,
South Africa,ZAF,ZA,710,1,1,2012,53782567,A,"World Bank, World Development Indicators (SP.POP.TOTL), sourced from UN World Population Prospects and national statistical offices",https://api.worldbank.org/v2/country/all/indicator/SP.POP.TOTL,53782567,0.0,,,,,,,,,,,,,,,,,,,,,,,,,,,,,,,,,,,,,,,,,,,,,,,,,,,,,,,,,,,,,,,,,,,,,,
South Africa,ZAF,ZA,710,1,1,2013,54678791,A,"World Bank, World Development Indicators (SP.POP.TOTL), sourced from UN World Population Prospects and national statistical offices",https://api.worldbank.org/v2/country/all/indicator/SP.POP.TOTL,54678791,0.0,,,,,,,,,,,,,,,,,,,,,,,,,,,,,,,,,,,,,,,,,,,,,,,,,,,,,,,,,,,,,,,,,,,,,,
South Africa,ZAF,ZA,710,1,1,2014,55594838,A,"World Bank, World Development Indicators (SP.POP.TOTL), sourced from UN World Population Prospects and national statistical offices",https://api.worldbank.org/v2/country/all/indicator/SP.POP.TOTL,55594838,0.0,,,,,,,,,,,,,,,,,,,,,,,,,,,,,,,,,,,,,,,,,,,,,,,,,,,,,,,,,,,,,,,,,,,,,,
South Africa,ZAF,ZA,710,1,1,2015,56723537,A,"World Bank, World Development Indicators (SP.POP.TOTL), sourced from UN World Population Prospects and national statistical offices",https://api.worldbank.org/v2/country/all/indicator/SP.POP.TOTL,56723537,0.0,3162564.0,0.0557539985561901,Mid-year / 30 June,UN DESA International Migrant Stock (World Bank indicator SM.POP.TOTL),https://api.worldbank.org/v2/country/CHN;IND;PHL;RUS;ZAF;SUR;THA/indicator/SM.POP.TOTL?format=json&date=2010:2022&per_page=200,"UN estimate (not annual); mid-year benchmark year only; markedly higher than the Stats SA census counts for adjacent years; retrieved from World Bank mirror of UN DESA International Migrant Stock, accessed 2026-08",,,,,,,,,,,,,,,,,,,,,,,,,,,,A,,,,,,,,,,,,,,,,,,,,,,,,,,,,,,,,,,,,
South Africa,ZAF,ZA,710,1,1,2016,57259551,A,"World Bank, World Development Indicators (SP.POP.TOTL), sourced from UN World Population Prospects and national statistical offices",https://api.worldbank.org/v2/country/all/indicator/SP.POP.TOTL,57259551,0.0,1578541.0,0.0275681693696829,Census reference date,Statistics South Africa - Community Survey 2016 (presented to the UN Expert Forum on International Migration Statistics 2023),https://unstats.un.org/unsd/demographic-social/migrationstat-forum-2023/presentations/E.3/4.Itani-StatsSA.pdf,"Large-scale household survey (not a census); persons born outside South Africa; Stats SA itself flags the 2011-2016 decline as anomalous, so treat with caution",,,,,,,,,,,,,,,,,,,,,,,,,,,,B,The published figure appears in the archived source document.,,,,,,,,,,,,,,,,,,,,,,,,,,,,,,,,,,,
South Africa,ZAF,ZA,710,1,1,2017,57635162,A,"World Bank, World Development Indicators (SP.POP.TOTL), sourced from UN World Population Prospects and national statistical offices",https://api.worldbank.org/v2/country/all/indicator/SP.POP.TOTL,57635162,0.0,,,,,,,,,,,,,,,,,,,,,,,,,,,,,,,,,,,,,,,,,,,,,,,,,,,,,,,,,,,,,,,,,,,,,,
South Africa,ZAF,ZA,710,1,1,2018,58613001,A,"World Bank, World Development Indicators (SP.POP.TOTL), sourced from UN World Population Prospects and national statistical offices",https://api.worldbank.org/v2/country/all/indicator/SP.POP.TOTL,58613001,0.0,,,,,,,,,,,,,,,,,,,,,,,,,,,,,,,,,,,,,,,,,,,,,,,,,,,,,,,,,,,,,,,,,,,,,,
South Africa,ZAF,ZA,710,1,1,2019,59587885,A,"World Bank, World Development Indicators (SP.POP.TOTL), sourced from UN World Population Prospects and national statistical offices",https://api.worldbank.org/v2/country/all/indicator/SP.POP.TOTL,59587885,0.0,,,,,,,,,,,,,,,,,,,,,,,,,,,,,,,,,,,,,,,,,,,,,,,,,,,,,,,,,,,,,,,,,,,,,,
South Africa,ZAF,ZA,710,1,1,2020,60562381,A,"World Bank, World Development Indicators (SP.POP.TOTL), sourced from UN World Population Prospects and national statistical offices",https://api.worldbank.org/v2/country/all/indicator/SP.POP.TOTL,60562381,0.0,2639076.0,0.0435761599267373,Mid-year / 30 June,UN DESA International Migrant Stock (World Bank indicator SM.POP.TOTL),https://api.worldbank.org/v2/country/CHN;IND;PHL;RUS;ZAF;SUR;THA/indicator/SM.POP.TOTL?format=json&date=2010:2022&per_page=200,"UN estimate (not annual); mid-year benchmark year only; retrieved from World Bank mirror of UN DESA International Migrant Stock, accessed 2026-08",,,,,,,,,,,,,,,,,,,,,,,,,,,,A,,,,,,,,,,,,,,,,,,,,,,,,,,,,,,,,,,,,
South Africa,ZAF,ZA,710,1,1,2021,61502603,A,"World Bank, World Development Indicators (SP.POP.TOTL), sourced from UN World Population Prospects and national statistical offices",https://api.worldbank.org/v2/country/all/indicator/SP.POP.TOTL,61502603,0.0,,,,,,,,,,,,,,,,,,,,,,,,,,,,,,,,,,,,,,,,,,,,,,,,,,,,,,,,,,,,,,,,,,,,,,
South Africa,ZAF,ZA,710,1,1,2022,62378410,A,"World Bank, World Development Indicators (SP.POP.TOTL), sourced from UN World Population Prospects and national statistical offices",https://api.worldbank.org/v2/country/all/indicator/SP.POP.TOTL,62378410,0.0,2418197.0,0.0387665700360108,Census reference date,Statistics South Africa - Census 2022 Statistical Release P0301.4,https://census.statssa.gov.za/assets/documents/2022/P03014_Census_2022_Statistical_Release.pdf,"Census count, reference night 2-3 Feb 2022 (nearest census to 2021); persons born outside South Africa, just above 3 per cent of the total population; a separate Stats SA Income and Expenditure Survey 2022/23 put the foreign-born population higher at about 3.1 million",,,,,,,,,,,,,,,,,,,,,,,,,,,,B,The published figure appears in the archived source document.,,,,,,,,,,,,,,,,,,,,,,,,,,,,,,,,,,,
Spain,ESP,ES,724,1,0,2010,46576897,A,"World Bank, World Development Indicators (SP.POP.TOTL), sourced from UN World Population Prospects and national statistical offices",https://api.worldbank.org/v2/country/all/indicator/SP.POP.TOTL,46840471,-0.5627056995221078,6280062.0,0.1348321250340056,1 January,Eurostat [migr_pop3ctb],https://ec.europa.eu/eurostat/api/dissemination/statistics/1.0/data/migr_pop3ctb?format=JSON&lang=EN&geo=ES&age=TOTAL&sex=T&unit=NR&c_birth=FOR&sinceTimePeriod=2010&untilTimePeriod=2022,stock at 1 Jan; c_birth=FOR (born in a foreign country),5402575.0,0.1159925917778507,1 January,Eurostat [migr_pop1ctz],https://ec.europa.eu/eurostat/api/dissemination/statistics/1.0/data/migr_pop1ctz?format=JSON&lang=EN&geo=ES&age=TOTAL&sex=T&unit=NR&citizen=FOR_STLS&sinceTimePeriod=2010&untilTimePeriod=2022,stock at 1 Jan; citizen=FOR_STLS (foreign citizens incl. stateless),,,,,,,,,,,,,70315.0,Full calendar year (flow),"Eurostat, Third country nationals found to be illegally present (migr_eipre)",https://ec.europa.eu/eurostat/databrowser/view/migr_eipre/default/table,"Eurostat enforcement statistic - annual flow of detections, NOT a stock. Dataset migr_eipre, dimensions freq=A citizen=TOTAL reason=TOTAL apprehen=TOTAL sex=T age=TOTAL unit=PER. Rounded to nearest 5 by Eurostat.",,,1.509654024397546,,A,,A,,,,,,A,,,,,,,,,,,,,,,,,,,,,,,,,,,,
Spain,ESP,ES,724,1,0,2011,46742697,A,"World Bank, World Development Indicators (SP.POP.TOTL), sourced from UN World Population Prospects and national statistical offices",https://api.worldbank.org/v2/country/all/indicator/SP.POP.TOTL,46998043,-0.5433119842883671,6282205.0,0.1343997116811638,1 January,Eurostat [migr_pop3ctb],https://ec.europa.eu/eurostat/api/dissemination/statistics/1.0/data/migr_pop3ctb?format=JSON&lang=EN&geo=ES&age=TOTAL&sex=T&unit=NR&c_birth=FOR&sinceTimePeriod=2010&untilTimePeriod=2022,stock at 1 Jan; c_birth=FOR (born in a foreign country),5312439.0,0.1136528129731153,1 January,Eurostat [migr_pop1ctz],https://ec.europa.eu/eurostat/api/dissemination/statistics/1.0/data/migr_pop1ctz?format=JSON&lang=EN&geo=ES&age=TOTAL&sex=T&unit=NR&citizen=FOR_STLS&sinceTimePeriod=2010&untilTimePeriod=2022,stock at 1 Jan; citizen=FOR_STLS (foreign citizens incl. stateless),,,,,,,,,,,,,68825.0,Full calendar year (flow),"Eurostat, Third country nationals found to be illegally present (migr_eipre)",https://ec.europa.eu/eurostat/databrowser/view/migr_eipre/default/table,"Eurostat enforcement statistic - annual flow of detections, NOT a stock. Dataset migr_eipre, dimensions freq=A citizen=TOTAL reason=TOTAL apprehen=TOTAL sex=T age=TOTAL unit=PER. Rounded to nearest 5 by Eurostat.",,,1.472422526239767,,A,,A,,,,,,A,,,,,,,,,,,,,,,,,,,,,,,,,,,,
Spain,ESP,ES,724,1,0,2012,46773055,A,"World Bank, World Development Indicators (SP.POP.TOTL), sourced from UN World Population Prospects and national statistical offices",https://api.worldbank.org/v2/country/all/indicator/SP.POP.TOTL,47018323,-0.5216434452585644,6294954.0,0.1345850511581935,1 January,Eurostat [migr_pop3ctb],https://ec.europa.eu/eurostat/api/dissemination/statistics/1.0/data/migr_pop3ctb?format=JSON&lang=EN&geo=ES&age=TOTAL&sex=T&unit=NR&c_birth=FOR&sinceTimePeriod=2010&untilTimePeriod=2022,stock at 1 Jan; c_birth=FOR (born in a foreign country),5236030.0,0.1119454352511291,1 January,Eurostat [migr_pop1ctz],https://ec.europa.eu/eurostat/api/dissemination/statistics/1.0/data/migr_pop1ctz?format=JSON&lang=EN&geo=ES&age=TOTAL&sex=T&unit=NR&citizen=FOR_STLS&sinceTimePeriod=2010&untilTimePeriod=2022,stock at 1 Jan; citizen=FOR_STLS (foreign citizens incl. stateless),,,,,,,,,,,,,52485.0,Full calendar year (flow),"Eurostat, Third country nationals found to be illegally present (migr_eipre)",https://ec.europa.eu/eurostat/databrowser/view/migr_eipre/default/table,"Eurostat enforcement statistic - annual flow of detections, NOT a stock. Dataset migr_eipre, dimensions freq=A citizen=TOTAL reason=TOTAL apprehen=TOTAL sex=T age=TOTAL unit=PER. Rounded to nearest 5 by Eurostat.",,,1.122120417406988,,A,,A,,,,,,A,,,,,,,,,,,,,,,,,,,,,,,,,,,,
Spain,ESP,ES,724,1,0,2013,46604197,A,"World Bank, World Development Indicators (SP.POP.TOTL), sourced from UN World Population Prospects and national statistical offices",https://api.worldbank.org/v2/country/all/indicator/SP.POP.TOTL,46860389,-0.5467133446117999,6165635.0,0.1322978486250927,1 January,Eurostat [migr_pop3ctb],https://ec.europa.eu/eurostat/api/dissemination/statistics/1.0/data/migr_pop3ctb?format=JSON&lang=EN&geo=ES&age=TOTAL&sex=T&unit=NR&c_birth=FOR&sinceTimePeriod=2010&untilTimePeriod=2022,stock at 1 Jan; c_birth=FOR (born in a foreign country),5064584.0,0.1086722725852352,1 January,Eurostat [migr_pop1ctz],https://ec.europa.eu/eurostat/api/dissemination/statistics/1.0/data/migr_pop1ctz?format=JSON&lang=EN&geo=ES&age=TOTAL&sex=T&unit=NR&citizen=FOR_STLS&sinceTimePeriod=2010&untilTimePeriod=2022,stock at 1 Jan; citizen=FOR_STLS (foreign citizens incl. stateless),,,,,,,,,,,,,46195.0,Full calendar year (flow),"Eurostat, Third country nationals found to be illegally present (migr_eipre)",https://ec.europa.eu/eurostat/databrowser/view/migr_eipre/default/table,"Eurostat enforcement statistic - annual flow of detections, NOT a stock. Dataset migr_eipre, dimensions freq=A citizen=TOTAL reason=TOTAL apprehen=TOTAL sex=T age=TOTAL unit=PER. Rounded to nearest 5 by Eurostat.",,,0.9912197392865713,,A,,A,,,,,,A,,,,,,,,,,,,,,,,,,,,,,,,,,,,
Spain,ESP,ES,724,1,0,2014,46460733,A,"World Bank, World Development Indicators (SP.POP.TOTL), sourced from UN World Population Prospects and national statistical offices",https://api.worldbank.org/v2/country/all/indicator/SP.POP.TOTL,46720188,-0.5553380906772036,5952770.0,0.1281247542952023,1 January,Eurostat [migr_pop3ctb],https://ec.europa.eu/eurostat/api/dissemination/statistics/1.0/data/migr_pop3ctb?format=JSON&lang=EN&geo=ES&age=TOTAL&sex=T&unit=NR&c_birth=FOR&sinceTimePeriod=2010&untilTimePeriod=2022,stock at 1 Jan; c_birth=FOR (born in a foreign country),4676352.0,0.1006517051721934,1 January,Eurostat [migr_pop1ctz],https://ec.europa.eu/eurostat/api/dissemination/statistics/1.0/data/migr_pop1ctz?format=JSON&lang=EN&geo=ES&age=TOTAL&sex=T&unit=NR&citizen=FOR_STLS&sinceTimePeriod=2010&untilTimePeriod=2022,stock at 1 Jan; citizen=FOR_STLS (foreign citizens incl. stateless),,,,,,,,,,,,,47885.0,Full calendar year (flow),"Eurostat, Third country nationals found to be illegally present (migr_eipre)",https://ec.europa.eu/eurostat/databrowser/view/migr_eipre/default/table,"Eurostat enforcement statistic - annual flow of detections, NOT a stock. Dataset migr_eipre, dimensions freq=A citizen=TOTAL reason=TOTAL apprehen=TOTAL sex=T age=TOTAL unit=PER. Rounded to nearest 5 by Eurostat.",,,1.030655284754117,,A,,A,,,,,,A,,,,,,,,,,,,,,,,,,,,,,,,,,,,
Spain,ESP,ES,724,1,0,2015,46422303,A,"World Bank, World Development Indicators (SP.POP.TOTL), sourced from UN World Population Prospects and national statistical offices",https://api.worldbank.org/v2/country/all/indicator/SP.POP.TOTL,46683686,-0.5599022322273353,5883891.0,0.1267470724147399,1 January,Eurostat [migr_pop3ctb],https://ec.europa.eu/eurostat/api/dissemination/statistics/1.0/data/migr_pop3ctb?format=JSON&lang=EN&geo=ES&age=TOTAL&sex=T&unit=NR&c_birth=FOR&sinceTimePeriod=2010&untilTimePeriod=2022,stock at 1 Jan; c_birth=FOR (born in a foreign country),4453985.0,0.0959449383629243,1 January,Eurostat [migr_pop1ctz],https://ec.europa.eu/eurostat/api/dissemination/statistics/1.0/data/migr_pop1ctz?format=JSON&lang=EN&geo=ES&age=TOTAL&sex=T&unit=NR&citizen=FOR_STLS&sinceTimePeriod=2010&untilTimePeriod=2022,stock at 1 Jan; citizen=FOR_STLS (foreign citizens incl. stateless),,,,,,,,,,,,,42605.0,Full calendar year (flow),"Eurostat, Third country nationals found to be illegally present (migr_eipre)",https://ec.europa.eu/eurostat/databrowser/view/migr_eipre/default/table,"Eurostat enforcement statistic - annual flow of detections, NOT a stock. Dataset migr_eipre, dimensions freq=A citizen=TOTAL reason=TOTAL apprehen=TOTAL sex=T age=TOTAL unit=PER. Rounded to nearest 5 by Eurostat.",,,0.9177700641004388,,A,,A,,,,,,A,,,,,,,,,,,,,,,,,,,,,,,,,,,,
Spain,ESP,ES,724,1,0,2016,46458139,A,"World Bank, World Development Indicators (SP.POP.TOTL), sourced from UN World Population Prospects and national statistical offices",https://api.worldbank.org/v2/country/all/indicator/SP.POP.TOTL,46732771,-0.5876647032122276,5913165.0,0.1272794202970549,1 January,Eurostat [migr_pop3ctb],https://ec.europa.eu/eurostat/api/dissemination/statistics/1.0/data/migr_pop3ctb?format=JSON&lang=EN&geo=ES&age=TOTAL&sex=T&unit=NR&c_birth=FOR&sinceTimePeriod=2010&untilTimePeriod=2022,stock at 1 Jan; c_birth=FOR (born in a foreign country),4419334.0,0.0951250759312593,1 January,Eurostat [migr_pop1ctz],https://ec.europa.eu/eurostat/api/dissemination/statistics/1.0/data/migr_pop1ctz?format=JSON&lang=EN&geo=ES&age=TOTAL&sex=T&unit=NR&citizen=FOR_STLS&sinceTimePeriod=2010&untilTimePeriod=2022,stock at 1 Jan; citizen=FOR_STLS (foreign citizens incl. stateless),,,,,,,,,,,,,37295.0,Full calendar year (flow),"Eurostat, Third country nationals found to be illegally present (migr_eipre)",https://ec.europa.eu/eurostat/databrowser/view/migr_eipre/default/table,"Eurostat enforcement statistic - annual flow of detections, NOT a stock. Dataset migr_eipre, dimensions freq=A citizen=TOTAL reason=TOTAL apprehen=TOTAL sex=T age=TOTAL unit=PER. Rounded to nearest 5 by Eurostat.",,,0.8027656897750467,,A,,A,,,,,,A,,,,,,,,,,,,,,,,,,,,,,,,,,,,
Spain,ESP,ES,724,1,0,2017,46571232,A,"World Bank, World Development Indicators (SP.POP.TOTL), sourced from UN World Population Prospects and national statistical offices",https://api.worldbank.org/v2/country/all/indicator/SP.POP.TOTL,46868596,-0.6344632128515221,6014708.0,0.1291507169060934,1 January,Eurostat [migr_pop3ctb],https://ec.europa.eu/eurostat/api/dissemination/statistics/1.0/data/migr_pop3ctb?format=JSON&lang=EN&geo=ES&age=TOTAL&sex=T&unit=NR&c_birth=FOR&sinceTimePeriod=2010&untilTimePeriod=2022,stock at 1 Jan; c_birth=FOR (born in a foreign country),4417653.0,0.0948579801367505,1 January,Eurostat [migr_pop1ctz],https://ec.europa.eu/eurostat/api/dissemination/statistics/1.0/data/migr_pop1ctz?format=JSON&lang=EN&geo=ES&age=TOTAL&sex=T&unit=NR&citizen=FOR_STLS&sinceTimePeriod=2010&untilTimePeriod=2022,stock at 1 Jan; citizen=FOR_STLS (foreign citizens incl. stateless),127066.0,0.0027284225592314,1 January,"Funcas (2024), Estimacion de la poblacion en situacion irregular en Espana, Cuadro 1, Estimacion 2",https://www.funcas.es/wp-content/uploads/2024/05/2405-NCS.pdf,"Modelled resident stock: padron-residual estimate, non-EU/non-EFTA/non-UK nationals. Reference date 1 January 2017. Estimacion 2 counts only nationality groups with positive padron-minus-permits differences; Funcas presents it as the more precise variant. Estimacion 1 for 2017 is negative (-41,391) and is therefore not recorded as a stock. Printed value in Cuadro 1.",2.0,,,,,,44625.0,Full calendar year (flow),"Eurostat, Third country nationals found to be illegally present (migr_eipre)",https://ec.europa.eu/eurostat/databrowser/view/migr_eipre/default/table,"Eurostat enforcement statistic - annual flow of detections, NOT a stock. Dataset migr_eipre, dimensions freq=A citizen=TOTAL reason=TOTAL apprehen=TOTAL sex=T age=TOTAL unit=PER. Rounded to nearest 5 by Eurostat.",,,0.9582095659397628,,A,,A,,B,The published figure appears in the archived source document.,,,A,,,,,,,,,,,,,,,,,,,,,,,,,,,,
Spain,ESP,ES,724,1,0,2018,46782011,A,"World Bank, World Development Indicators (SP.POP.TOTL), sourced from UN World Population Prospects and national statistical offices",https://api.worldbank.org/v2/country/all/indicator/SP.POP.TOTL,47092821,-0.6599944394921681,6207509.0,0.1326900846566856,1 January,Eurostat [migr_pop3ctb],https://ec.europa.eu/eurostat/api/dissemination/statistics/1.0/data/migr_pop3ctb?format=JSON&lang=EN&geo=ES&age=TOTAL&sex=T&unit=NR&c_birth=FOR&sinceTimePeriod=2010&untilTimePeriod=2022,stock at 1 Jan; c_birth=FOR (born in a foreign country),4577322.0,0.097843634810825,1 January,Eurostat [migr_pop1ctz],https://ec.europa.eu/eurostat/api/dissemination/statistics/1.0/data/migr_pop1ctz?format=JSON&lang=EN&geo=ES&age=TOTAL&sex=T&unit=NR&citizen=FOR_STLS&sinceTimePeriod=2010&untilTimePeriod=2022,stock at 1 Jan; citizen=FOR_STLS (foreign citizens incl. stateless),183384.0,0.0039199682972157,1 January,"Funcas (2024), Estimacion de la poblacion en situacion irregular en Espana, Cuadro 1, Estimacion 2",https://www.funcas.es/wp-content/uploads/2024/05/2405-NCS.pdf,"Modelled resident stock: padron-residual estimate, non-EU/non-EFTA/non-UK nationals. Reference date 1 January 2018. Estimacion 2 counts only nationality groups with positive differences. Printed value in Cuadro 1.",2.0,,,,,,78280.0,Full calendar year (flow),"Eurostat, Third country nationals found to be illegally present (migr_eipre)",https://ec.europa.eu/eurostat/databrowser/view/migr_eipre/default/table,"Eurostat enforcement statistic - annual flow of detections, NOT a stock. Dataset migr_eipre, dimensions freq=A citizen=TOTAL reason=TOTAL apprehen=TOTAL sex=T age=TOTAL unit=PER. Rounded to nearest 5 by Eurostat.",,,1.673292753490225,,A,,A,,B,The published figure appears in the archived source document.,,,A,,,,,,,,,,,,,,,,,,,,,,,,,,,,
Spain,ESP,ES,724,1,0,2019,47118501,A,"World Bank, World Development Indicators (SP.POP.TOTL), sourced from UN World Population Prospects and national statistical offices",https://api.worldbank.org/v2/country/all/indicator/SP.POP.TOTL,47435119,-0.6674759264333247,6549309.0,0.1389965482985123,1 January,Eurostat [migr_pop3ctb],https://ec.europa.eu/eurostat/api/dissemination/statistics/1.0/data/migr_pop3ctb?format=JSON&lang=EN&geo=ES&age=TOTAL&sex=T&unit=NR&c_birth=FOR&sinceTimePeriod=2010&untilTimePeriod=2022,stock at 1 Jan; c_birth=FOR (born in a foreign country),4850762.0,0.1029481392033248,1 January,Eurostat [migr_pop1ctz],https://ec.europa.eu/eurostat/api/dissemination/statistics/1.0/data/migr_pop1ctz?format=JSON&lang=EN&geo=ES&age=TOTAL&sex=T&unit=NR&citizen=FOR_STLS&sinceTimePeriod=2010&untilTimePeriod=2022,stock at 1 Jan; citizen=FOR_STLS (foreign citizens incl. stateless),259140.0,0.0054997505120122,1 January,"Funcas (2024), Estimacion de la poblacion en situacion irregular en Espana, Cuadro 1, Estimacion 2",https://www.funcas.es/wp-content/uploads/2024/05/2405-NCS.pdf,"Modelled resident stock: padron-residual estimate, non-EU/non-EFTA/non-UK nationals. Reference date 1 January 2019. Estimacion 2 counts only nationality groups with positive differences. Printed value in Cuadro 1.",3.0,,,,,,62865.0,Full calendar year (flow),"Eurostat, Third country nationals found to be illegally present (migr_eipre)",https://ec.europa.eu/eurostat/databrowser/view/migr_eipre/default/table,"Eurostat enforcement statistic - annual flow of detections, NOT a stock. Dataset migr_eipre, dimensions freq=A citizen=TOTAL reason=TOTAL apprehen=TOTAL sex=T age=TOTAL unit=PER. Rounded to nearest 5 by Eurostat.",,,1.334189302838815,,A,,A,,B,The published figure appears in the archived source document.,,,A,,,,,,,,,,,,,,,,,,,,,,,,,,,,
Spain,ESP,ES,724,1,0,2020,47359424,A,"World Bank, World Development Indicators (SP.POP.TOTL), sourced from UN World Population Prospects and national statistical offices",https://api.worldbank.org/v2/country/all/indicator/SP.POP.TOTL,47679489,-0.6712844594454441,7014753.0,0.1481173630827942,1 January,Eurostat [migr_pop3ctb],https://ec.europa.eu/eurostat/api/dissemination/statistics/1.0/data/migr_pop3ctb?format=JSON&lang=EN&geo=ES&age=TOTAL&sex=T&unit=NR&c_birth=FOR&sinceTimePeriod=2010&untilTimePeriod=2022,stock at 1 Jan; c_birth=FOR (born in a foreign country),5241278.0,0.1106702226783839,1 January,Eurostat [migr_pop1ctz],https://ec.europa.eu/eurostat/api/dissemination/statistics/1.0/data/migr_pop1ctz?format=JSON&lang=EN&geo=ES&age=TOTAL&sex=T&unit=NR&citizen=FOR_STLS&sinceTimePeriod=2010&untilTimePeriod=2022,stock at 1 Jan; citizen=FOR_STLS (foreign citizens incl. stateless),370052.0,0.0078136930043743,1 January,"Funcas (2024), Estimacion de la poblacion en situacion irregular en Espana, Cuadro 1, Estimacion 2",https://www.funcas.es/wp-content/uploads/2024/05/2405-NCS.pdf,"Modelled resident stock: padron-residual estimate, non-EU/non-EFTA/non-UK nationals. Reference date 1 January 2020. Estimacion 2 counts only nationality groups with positive differences. Printed value in Cuadro 1.",2.0,,,,,,72265.0,Full calendar year (flow),"Eurostat, Third country nationals found to be illegally present (migr_eipre)",https://ec.europa.eu/eurostat/databrowser/view/migr_eipre/default/table,"Eurostat enforcement statistic - annual flow of detections, NOT a stock. Dataset migr_eipre, dimensions freq=A citizen=TOTAL reason=TOTAL apprehen=TOTAL sex=T age=TOTAL unit=PER. Rounded to nearest 5 by Eurostat.",,,1.525884267511362,,A,,A,,B,The published figure appears in the archived source document.,,,A,,,,,,,,,,,,,,,,,,,,,,,,,,,,
Spain,ESP,ES,724,1,0,2021,47443821,A,"World Bank, World Development Indicators (SP.POP.TOTL), sourced from UN World Population Prospects and national statistical offices",https://api.worldbank.org/v2/country/all/indicator/SP.POP.TOTL,47735664,-0.6113730815601517,7254797.0,0.1529134215391294,1 January,Eurostat [migr_pop3ctb],https://ec.europa.eu/eurostat/api/dissemination/statistics/1.0/data/migr_pop3ctb?format=JSON&lang=EN&geo=ES&age=TOTAL&sex=T&unit=NR&c_birth=FOR&sinceTimePeriod=2010&untilTimePeriod=2022,stock at 1 Jan; c_birth=FOR (born in a foreign country),5402702.0,0.1138757774168315,1 January,Eurostat [migr_pop1ctz],https://ec.europa.eu/eurostat/api/dissemination/statistics/1.0/data/migr_pop1ctz?format=JSON&lang=EN&geo=ES&age=TOTAL&sex=T&unit=NR&citizen=FOR_STLS&sinceTimePeriod=2010&untilTimePeriod=2022,stock at 1 Jan; citizen=FOR_STLS (foreign citizens incl. stateless),517149.0,0.0109002392534952,1 January,"Funcas (2024), Estimacion de la poblacion en situacion irregular en Espana, Cuadro 1, Estimacion 2",https://www.funcas.es/wp-content/uploads/2024/05/2405-NCS.pdf,"Modelled resident stock: padron-residual estimate, non-EU/non-EFTA/non-UK nationals. Reference date 1 January 2021. Estimacion 2 counts only nationality groups with positive differences; Funcas presents it as the more precise variant. Estimacion 1 for the same date is 446,557. Printed value in Cuadro 1.",2.0,,,,,,30615.0,Full calendar year (flow),"Eurostat, Third country nationals found to be illegally present (migr_eipre)",https://ec.europa.eu/eurostat/databrowser/view/migr_eipre/default/table,"Eurostat enforcement statistic - annual flow of detections, NOT a stock. Dataset migr_eipre, dimensions freq=A citizen=TOTAL reason=TOTAL apprehen=TOTAL sex=T age=TOTAL unit=PER. Rounded to nearest 5 by Eurostat.",,,0.6452895098815924,,A,,A,,B,The published figure appears in the archived source document.,,,A,,,,,,,,,,,,,,,,,,,,,,,,,,,,
Spain,ESP,ES,724,1,0,2022,47786102,A,"World Bank, World Development Indicators (SP.POP.TOTL), sourced from UN World Population Prospects and national statistical offices",https://api.worldbank.org/v2/country/all/indicator/SP.POP.TOTL,47828382,-0.0883993943177923,7468144.0,0.1562827618791756,1 January,Eurostat [migr_pop3ctb],https://ec.europa.eu/eurostat/api/dissemination/statistics/1.0/data/migr_pop3ctb?format=JSON&lang=EN&geo=ES&age=TOTAL&sex=T&unit=NR&c_birth=FOR&sinceTimePeriod=2010&untilTimePeriod=2022,stock at 1 Jan; c_birth=FOR (born in a foreign country),5509134.0,0.1152873695368582,1 January,Eurostat [migr_pop1ctz],https://ec.europa.eu/eurostat/api/dissemination/statistics/1.0/data/migr_pop1ctz?format=JSON&lang=EN&geo=ES&age=TOTAL&sex=T&unit=NR&citizen=FOR_STLS&sinceTimePeriod=2010&untilTimePeriod=2022,stock at 1 Jan; citizen=FOR_STLS (foreign citizens incl. stateless),482139.0,0.0100895235187837,1 January,"Funcas (2024), Estimacion de la poblacion en situacion irregular en Espana, Cuadro 1, Estimacion 2",https://www.funcas.es/wp-content/uploads/2024/05/2405-NCS.pdf,"Modelled resident stock: padron-residual estimate, non-EU/non-EFTA/non-UK nationals. Reference date 1 January 2022. Estimacion 2 counts only nationality groups with positive differences. This is the value the Funcas text describes as 'unas 480.000 personas a finales de 2021'. Printed value in Cuadro 1.",2.0,,,,,,68100.0,Full calendar year (flow),"Eurostat, Third country nationals found to be illegally present (migr_eipre)",https://ec.europa.eu/eurostat/databrowser/view/migr_eipre/default/table,"Eurostat enforcement statistic - annual flow of detections, NOT a stock. Dataset migr_eipre, dimensions freq=A citizen=TOTAL reason=TOTAL apprehen=TOTAL sex=T age=TOTAL unit=PER. Rounded to nearest 5 by Eurostat.",,,1.425100544924129,,A,,A,,B,The published figure appears in the archived source document.,,,A,,,,,,,,,,,,,,,,,,,,,,,,,,,,
Suriname,SUR,SR,740,0,1,2010,549923,A,"World Bank, World Development Indicators (SP.POP.TOTL), sourced from UN World Population Prospects and national statistical offices",https://api.worldbank.org/v2/country/all/indicator/SP.POP.TOTL,549923,0.0,39713.0,0.0722155647245159,Mid-year / 30 June,UN DESA International Migrant Stock (World Bank indicator SM.POP.TOTL),https://api.worldbank.org/v2/country/CHN;IND;PHL;RUS;ZAF;SUR;THA/indicator/SM.POP.TOTL?format=json&date=2010:2022&per_page=200,"UN estimate (not annual); mid-year benchmark year only; retrieved from World Bank mirror of UN DESA International Migrant Stock, accessed 2026-08",,,,,,,,,,,,,,,,,,,,,,,,,,,,A,,,,,,,,,,,,,,,,,,,,,,,,,,,,,,,,,,,,
Suriname,SUR,SR,740,0,1,2011,556269,A,"World Bank, World Development Indicators (SP.POP.TOTL), sourced from UN World Population Prospects and national statistical offices",https://api.worldbank.org/v2/country/all/indicator/SP.POP.TOTL,556269,0.0,,,,,,,,,,,,,,,,,,,,,,,,,,,,,,,,,,,,,,,,,,,,,,,,,,,,,,,,,,,,,,,,,,,,,,
Suriname,SUR,SR,740,0,1,2012,562633,A,"World Bank, World Development Indicators (SP.POP.TOTL), sourced from UN World Population Prospects and national statistical offices",https://api.worldbank.org/v2/country/all/indicator/SP.POP.TOTL,562633,0.0,35040.0,0.062278607902487,Census reference date,General Bureau of Statistics Suriname (ABS) - Census 8 (2012) Volume 1 Demographic and Social Characteristics and Migration,https://statistics-suriname.org/wp-content/uploads/2019/05/Publicatie-Census-8-Volume-1-Demografische-en-Sociale-Karakteristieken-en-Migratie.pdf,"Census count, reference date 13 Aug 2012 (de jure population 541638); persons born abroad = 6.5 per cent of the population (Table I); the 2012 census is the most recent published Suriname census, no 2022/2023 census results are available",36393.0,0.0646833726425574,Census reference date,General Bureau of Statistics Suriname (ABS) - Census 8 (2012) Volume 1 Demographic and Social Characteristics and Migration,https://statistics-suriname.org/wp-content/uploads/2019/05/Publicatie-Census-8-Volume-1-Demografische-en-Sociale-Karakteristieken-en-Migratie.pdf,"Census count, reference date 13 Aug 2012; persons with a non-Surinamese nationality (Table H2): Dutch 10248, Guyanese 8278, Brazilian 5027, Chinese 3758, French 3575, other 2167, nationality unknown 3340 - the published total therefore includes 3340 persons of unknown nationality",,,,,,,,,,,,,,,,,,,,,,B,The published figure appears in the archived source document.,B,The published figure appears in the archived source document.,,,,,,,,,,,,,,,,,,,,,,,,,,,,,,,,,
Suriname,SUR,SR,740,0,1,2013,569020,A,"World Bank, World Development Indicators (SP.POP.TOTL), sourced from UN World Population Prospects and national statistical offices",https://api.worldbank.org/v2/country/all/indicator/SP.POP.TOTL,569020,0.0,,,,,,,,,,,,,,,,,,,,,,,,,,,,,,,,,,,,,,,,,,,,,,,,,,,,,,,,,,,,,,,,,,,,,,
Suriname,SUR,SR,740,0,1,2014,575373,A,"World Bank, World Development Indicators (SP.POP.TOTL), sourced from UN World Population Prospects and national statistical offices",https://api.worldbank.org/v2/country/all/indicator/SP.POP.TOTL,575373,0.0,,,,,,,,,,,,,,,,,,,,,,,,,,,,,,,,,,,,,,,,,,,,,,,,,,,,,,,,,,,,,,,,,,,,,,
Suriname,SUR,SR,740,0,1,2015,581627,A,"World Bank, World Development Indicators (SP.POP.TOTL), sourced from UN World Population Prospects and national statistical offices",https://api.worldbank.org/v2/country/all/indicator/SP.POP.TOTL,581627,0.0,43127.0,0.0741488961138324,Mid-year / 30 June,UN DESA International Migrant Stock (World Bank indicator SM.POP.TOTL),https://api.worldbank.org/v2/country/CHN;IND;PHL;RUS;ZAF;SUR;THA/indicator/SM.POP.TOTL?format=json&date=2010:2022&per_page=200,"UN estimate (not annual); mid-year benchmark year only; retrieved from World Bank mirror of UN DESA International Migrant Stock, accessed 2026-08",,,,,,,,,,,,,,,,,,,,,,,,,,,,A,,,,,,,,,,,,,,,,,,,,,,,,,,,,,,,,,,,,
Suriname,SUR,SR,740,0,1,2016,587757,A,"World Bank, World Development Indicators (SP.POP.TOTL), sourced from UN World Population Prospects and national statistical offices",https://api.worldbank.org/v2/country/all/indicator/SP.POP.TOTL,587757,0.0,,,,,,,,,,,,,,,,,,,,,,,,,,,,,,,,,,,,,,,,,,,,,,,,,,,,,,,,,,,,,,,,,,,,,,
Suriname,SUR,SR,740,0,1,2017,593713,A,"World Bank, World Development Indicators (SP.POP.TOTL), sourced from UN World Population Prospects and national statistical offices",https://api.worldbank.org/v2/country/all/indicator/SP.POP.TOTL,593713,0.0,,,,,,,,,,,,,,,,,,,,,,,,,,,,,,,,,,,,,,,,,,,,,,,,,,,,,,,,,,,,,,,,,,,,,,
Suriname,SUR,SR,740,0,1,2018,599513,A,"World Bank, World Development Indicators (SP.POP.TOTL), sourced from UN World Population Prospects and national statistical offices",https://api.worldbank.org/v2/country/all/indicator/SP.POP.TOTL,599513,0.0,,,,,,,,,,,,,,,,,,,,,,,,,,,,,,,,,,,,,,,,,,,,,,,,,,,,,,,,,,,,,,,,,,,,,,
Suriname,SUR,SR,740,0,1,2019,605768,A,"World Bank, World Development Indicators (SP.POP.TOTL), sourced from UN World Population Prospects and national statistical offices",https://api.worldbank.org/v2/country/all/indicator/SP.POP.TOTL,605768,0.0,,,,,,,,,,,,,,,,,,,,,,,,,,,,,,,,,,,,,,,,,,,,,,,,,,,,,,,,,,,,,,,,,,,,,,
Suriname,SUR,SR,740,0,1,2020,612317,A,"World Bank, World Development Indicators (SP.POP.TOTL), sourced from UN World Population Prospects and national statistical offices",https://api.worldbank.org/v2/country/all/indicator/SP.POP.TOTL,612317,0.0,47801.0,0.0780657731207854,Mid-year / 30 June,UN DESA International Migrant Stock (World Bank indicator SM.POP.TOTL),https://api.worldbank.org/v2/country/CHN;IND;PHL;RUS;ZAF;SUR;THA/indicator/SM.POP.TOTL?format=json&date=2010:2022&per_page=200,"UN estimate (not annual); mid-year benchmark year only; retrieved from World Bank mirror of UN DESA International Migrant Stock, accessed 2026-08",,,,,,,,,,,,,,,,,,,,,,,,,,,,A,,,,,,,,,,,,,,,,,,,,,,,,,,,,,,,,,,,,
Suriname,SUR,SR,740,0,1,2021,617896,A,"World Bank, World Development Indicators (SP.POP.TOTL), sourced from UN World Population Prospects and national statistical offices",https://api.worldbank.org/v2/country/all/indicator/SP.POP.TOTL,617896,0.0,,,,,,,,,,,,,,,,,,,,,,,,,,,,,,,,,,,,,,,,,,,,,,,,,,,,,,,,,,,,,,,,,,,,,,
Suriname,SUR,SR,740,0,1,2022,623164,A,"World Bank, World Development Indicators (SP.POP.TOTL), sourced from UN World Population Prospects and national statistical offices",https://api.worldbank.org/v2/country/all/indicator/SP.POP.TOTL,623164,0.0,,,,,,,,,,,,,,,,,,,,,,,,,,,,,,,,,,,,,,,,,,,,,,,,,,,,,,,,,,,,,,,,,,,,,,
Sweden,SWE,SE,752,1,0,2010,9378126,A,"World Bank, World Development Indicators (SP.POP.TOTL), sourced from UN World Population Prospects and national statistical offices",https://api.worldbank.org/v2/country/all/indicator/SP.POP.TOTL,9378232,-0.0011302770074359,1337214.0,0.1425886152521303,1 January,Eurostat [migr_pop3ctb],https://ec.europa.eu/eurostat/api/dissemination/statistics/1.0/data/migr_pop3ctb?format=JSON&lang=EN&geo=SE&age=TOTAL&sex=T&unit=NR&c_birth=FOR&sinceTimePeriod=2010&untilTimePeriod=2022,stock at 1 Jan; c_birth=FOR (born in a foreign country),590475.0,0.0629630056154076,1 January,Eurostat [migr_pop1ctz],https://ec.europa.eu/eurostat/api/dissemination/statistics/1.0/data/migr_pop1ctz?format=JSON&lang=EN&geo=SE&age=TOTAL&sex=T&unit=NR&citizen=FOR_STLS&sinceTimePeriod=2010&untilTimePeriod=2022,stock at 1 Jan; citizen=FOR_STLS (foreign citizens incl. stateless),,,,,,,,,,,,,27460.0,Full calendar year (flow),"Eurostat, Third country nationals found to be illegally present (migr_eipre)",https://ec.europa.eu/eurostat/databrowser/view/migr_eipre/default/table,"Eurostat enforcement statistic - annual flow of detections, NOT a stock. Dataset migr_eipre, dimensions freq=A citizen=TOTAL reason=TOTAL apprehen=TOTAL sex=T age=TOTAL unit=PER. Rounded to nearest 5 by Eurostat. Break in series: Sweden's 2013 figure (72835) and earlier years are not comparable with 2014 onwards owing to a change in national reporting practice.",,,2.928090324228956,,A,,A,,,,,,A,,,,,,,,,,,,,,,,,,,,,,,,,,,,
Sweden,SWE,SE,752,1,0,2011,9449213,A,"World Bank, World Development Indicators (SP.POP.TOTL), sourced from UN World Population Prospects and national statistical offices",https://api.worldbank.org/v2/country/all/indicator/SP.POP.TOTL,9449259,-0.0004868106589098,1384111.0,0.1464789713175054,1 January,Eurostat [migr_pop3ctb],https://ec.europa.eu/eurostat/api/dissemination/statistics/1.0/data/migr_pop3ctb?format=JSON&lang=EN&geo=SE&age=TOTAL&sex=T&unit=NR&c_birth=FOR&sinceTimePeriod=2010&untilTimePeriod=2022,stock at 1 Jan; c_birth=FOR (born in a foreign country),622275.0,0.0658546907557274,1 January,Eurostat [migr_pop1ctz],https://ec.europa.eu/eurostat/api/dissemination/statistics/1.0/data/migr_pop1ctz?format=JSON&lang=EN&geo=SE&age=TOTAL&sex=T&unit=NR&citizen=FOR_STLS&sinceTimePeriod=2010&untilTimePeriod=2022,stock at 1 Jan; citizen=FOR_STLS (foreign citizens incl. stateless),,,,,,,,,,,,,20765.0,Full calendar year (flow),"Eurostat, Third country nationals found to be illegally present (migr_eipre)",https://ec.europa.eu/eurostat/databrowser/view/migr_eipre/default/table,"Eurostat enforcement statistic - annual flow of detections, NOT a stock. Dataset migr_eipre, dimensions freq=A citizen=TOTAL reason=TOTAL apprehen=TOTAL sex=T age=TOTAL unit=PER. Rounded to nearest 5 by Eurostat. Break in series: Sweden's 2013 figure (72835) and earlier years are not comparable with 2014 onwards owing to a change in national reporting practice.",,,2.197537509208439,,A,,A,,,,,,A,,,,,,,,,,,,,,,,,,,,,,,,,,,,
Sweden,SWE,SE,752,1,0,2012,9519374,A,"World Bank, World Development Indicators (SP.POP.TOTL), sourced from UN World Population Prospects and national statistical offices",https://api.worldbank.org/v2/country/all/indicator/SP.POP.TOTL,9519487,-0.0011870387553446,1426402.0,0.1498419959127564,1 January,Eurostat [migr_pop3ctb],https://ec.europa.eu/eurostat/api/dissemination/statistics/1.0/data/migr_pop3ctb?format=JSON&lang=EN&geo=SE&age=TOTAL&sex=T&unit=NR&c_birth=FOR&sinceTimePeriod=2010&untilTimePeriod=2022,stock at 1 Jan; c_birth=FOR (born in a foreign country),646095.0,0.0678715848332043,1 January,Eurostat [migr_pop1ctz],https://ec.europa.eu/eurostat/api/dissemination/statistics/1.0/data/migr_pop1ctz?format=JSON&lang=EN&geo=SE&age=TOTAL&sex=T&unit=NR&citizen=FOR_STLS&sinceTimePeriod=2010&untilTimePeriod=2022,stock at 1 Jan; citizen=FOR_STLS (foreign citizens incl. stateless),,,,,,,,,,,,,23205.0,Full calendar year (flow),"Eurostat, Third country nationals found to be illegally present (migr_eipre)",https://ec.europa.eu/eurostat/databrowser/view/migr_eipre/default/table,"Eurostat enforcement statistic - annual flow of detections, NOT a stock. Dataset migr_eipre, dimensions freq=A citizen=TOTAL reason=TOTAL apprehen=TOTAL sex=T age=TOTAL unit=PER. Rounded to nearest 5 by Eurostat. Break in series: Sweden's 2013 figure (72835) and earlier years are not comparable with 2014 onwards owing to a change in national reporting practice.",,,2.437660291527573,,A,,A,,,,,,A,,,,,,,,,,,,,,,,,,,,,,,,,,,,
Sweden,SWE,SE,752,1,0,2013,9600379,A,"World Bank, World Development Indicators (SP.POP.TOTL), sourced from UN World Population Prospects and national statistical offices",https://api.worldbank.org/v2/country/all/indicator/SP.POP.TOTL,9600620,-0.0025102545460605,1472353.0,0.1533640494817965,1 January,Eurostat [migr_pop3ctb],https://ec.europa.eu/eurostat/api/dissemination/statistics/1.0/data/migr_pop3ctb?format=JSON&lang=EN&geo=SE&age=TOTAL&sex=T&unit=NR&c_birth=FOR&sinceTimePeriod=2010&untilTimePeriod=2022,stock at 1 Jan; c_birth=FOR (born in a foreign country),659374.0,0.0686820801553772,1 January,Eurostat [migr_pop1ctz],https://ec.europa.eu/eurostat/api/dissemination/statistics/1.0/data/migr_pop1ctz?format=JSON&lang=EN&geo=SE&age=TOTAL&sex=T&unit=NR&citizen=FOR_STLS&sinceTimePeriod=2010&untilTimePeriod=2022,stock at 1 Jan; citizen=FOR_STLS (foreign citizens incl. stateless),,,,,,,,,,,,,24400.0,Full calendar year (flow),"Eurostat, Third country nationals found to be illegally present (migr_eipre)",https://ec.europa.eu/eurostat/databrowser/view/migr_eipre/default/table,"Eurostat enforcement statistic - annual flow of detections, NOT a stock. Dataset migr_eipre, dimensions freq=A citizen=TOTAL reason=TOTAL apprehen=TOTAL sex=T age=TOTAL unit=PER. Rounded to nearest 5 by Eurostat. Break in series: Sweden's 2013 figure (72835) and earlier years are not comparable with 2014 onwards owing to a change in national reporting practice.",,,2.541566327746019,,A,,A,,,,,,A,,,,,,,,,,,,,,,,,,,,,,,,,,,,
Sweden,SWE,SE,752,1,0,2014,9696110,A,"World Bank, World Development Indicators (SP.POP.TOTL), sourced from UN World Population Prospects and national statistical offices",https://api.worldbank.org/v2/country/all/indicator/SP.POP.TOTL,9696433,-0.0033311218671855,1532563.0,0.1580595723439606,1 January,Eurostat [migr_pop3ctb],https://ec.europa.eu/eurostat/api/dissemination/statistics/1.0/data/migr_pop3ctb?format=JSON&lang=EN&geo=SE&age=TOTAL&sex=T&unit=NR&c_birth=FOR&sinceTimePeriod=2010&untilTimePeriod=2022,stock at 1 Jan; c_birth=FOR (born in a foreign country),687192.0,0.070872958330712,1 January,Eurostat [migr_pop1ctz],https://ec.europa.eu/eurostat/api/dissemination/statistics/1.0/data/migr_pop1ctz?format=JSON&lang=EN&geo=SE&age=TOTAL&sex=T&unit=NR&citizen=FOR_STLS&sinceTimePeriod=2010&untilTimePeriod=2022,stock at 1 Jan; citizen=FOR_STLS (foreign citizens incl. stateless),,,,,,,,,,,,,72835.0,Full calendar year (flow),"Eurostat, Third country nationals found to be illegally present (migr_eipre)",https://ec.europa.eu/eurostat/databrowser/view/migr_eipre/default/table,"Eurostat enforcement statistic - annual flow of detections, NOT a stock. Dataset migr_eipre, dimensions freq=A citizen=TOTAL reason=TOTAL apprehen=TOTAL sex=T age=TOTAL unit=PER. Rounded to nearest 5 by Eurostat. Break in series: Sweden's 2013 figure (72835) and earlier years are not comparable with 2014 onwards owing to a change in national reporting practice.",,,7.511775340832561,,A,,A,,,,,,A,,,,,,,,,,,,,,,,,,,,,,,,,,,,
Sweden,SWE,SE,752,1,0,2015,9799186,A,"World Bank, World Development Indicators (SP.POP.TOTL), sourced from UN World Population Prospects and national statistical offices",https://api.worldbank.org/v2/country/all/indicator/SP.POP.TOTL,9799481,-0.0030103635080265,1602522.0,0.1635362365812833,1 January,Eurostat [migr_pop3ctb],https://ec.europa.eu/eurostat/api/dissemination/statistics/1.0/data/migr_pop3ctb?format=JSON&lang=EN&geo=SE&age=TOTAL&sex=T&unit=NR&c_birth=FOR&sinceTimePeriod=2010&untilTimePeriod=2022,stock at 1 Jan; c_birth=FOR (born in a foreign country),731215.0,0.0746199735365774,1 January,Eurostat [migr_pop1ctz],https://ec.europa.eu/eurostat/api/dissemination/statistics/1.0/data/migr_pop1ctz?format=JSON&lang=EN&geo=SE&age=TOTAL&sex=T&unit=NR&citizen=FOR_STLS&sinceTimePeriod=2010&untilTimePeriod=2022,stock at 1 Jan; citizen=FOR_STLS (foreign citizens incl. stateless),,,,,,,,,,,,,1445.0,Full calendar year (flow),"Eurostat, Third country nationals found to be illegally present (migr_eipre)",https://ec.europa.eu/eurostat/databrowser/view/migr_eipre/default/table,"Eurostat enforcement statistic - annual flow of detections, NOT a stock. Dataset migr_eipre, dimensions freq=A citizen=TOTAL reason=TOTAL apprehen=TOTAL sex=T age=TOTAL unit=PER. Rounded to nearest 5 by Eurostat. Break in series: Sweden's 2013 figure (72835) and earlier years are not comparable with 2014 onwards owing to a change in national reporting practice.",,,0.147461227901991,,A,,A,,,,,,A,,,,,,,,,,,,,,,,,,,,,,,,,,,,
Sweden,SWE,SE,752,1,0,2016,9923085,A,"World Bank, World Development Indicators (SP.POP.TOTL), sourced from UN World Population Prospects and national statistical offices",https://api.worldbank.org/v2/country/all/indicator/SP.POP.TOTL,9923280,-0.0019650760635596,1675116.0,0.1688100021313936,1 January,Eurostat [migr_pop3ctb],https://ec.europa.eu/eurostat/api/dissemination/statistics/1.0/data/migr_pop3ctb?format=JSON&lang=EN&geo=SE&age=TOTAL&sex=T&unit=NR&c_birth=FOR&sinceTimePeriod=2010&untilTimePeriod=2022,stock at 1 Jan; c_birth=FOR (born in a foreign country),773232.0,0.0779225412258385,1 January,Eurostat [migr_pop1ctz],https://ec.europa.eu/eurostat/api/dissemination/statistics/1.0/data/migr_pop1ctz?format=JSON&lang=EN&geo=SE&age=TOTAL&sex=T&unit=NR&citizen=FOR_STLS&sinceTimePeriod=2010&untilTimePeriod=2022,stock at 1 Jan; citizen=FOR_STLS (foreign citizens incl. stateless),,,,,,,,,,,,,1210.0,Full calendar year (flow),"Eurostat, Third country nationals found to be illegally present (migr_eipre)",https://ec.europa.eu/eurostat/databrowser/view/migr_eipre/default/table,"Eurostat enforcement statistic - annual flow of detections, NOT a stock. Dataset migr_eipre, dimensions freq=A citizen=TOTAL reason=TOTAL apprehen=TOTAL sex=T age=TOTAL unit=PER. Rounded to nearest 5 by Eurostat. Break in series: Sweden's 2013 figure (72835) and earlier years are not comparable with 2014 onwards owing to a change in national reporting practice.",,,0.1219378852443569,,A,,A,,,,,,A,,,,,,,,,,,,,,,,,,,,,,,,,,,,
Sweden,SWE,SE,752,1,0,2017,10057698,A,"World Bank, World Development Indicators (SP.POP.TOTL), sourced from UN World Population Prospects and national statistical offices",https://api.worldbank.org/v2/country/all/indicator/SP.POP.TOTL,10057862,-0.0016305652235037,1783179.0,0.1772949436342192,1 January,Eurostat [migr_pop3ctb],https://ec.europa.eu/eurostat/api/dissemination/statistics/1.0/data/migr_pop3ctb?format=JSON&lang=EN&geo=SE&age=TOTAL&sex=T&unit=NR&c_birth=FOR&sinceTimePeriod=2010&untilTimePeriod=2022,stock at 1 Jan; c_birth=FOR (born in a foreign country),841165.0,0.0836339488419715,1 January,Eurostat [migr_pop1ctz],https://ec.europa.eu/eurostat/api/dissemination/statistics/1.0/data/migr_pop1ctz?format=JSON&lang=EN&geo=SE&age=TOTAL&sex=T&unit=NR&citizen=FOR_STLS&sinceTimePeriod=2010&untilTimePeriod=2022,stock at 1 Jan; citizen=FOR_STLS (foreign citizens incl. stateless),,,,,,,,,,,,,2145.0,Full calendar year (flow),"Eurostat, Third country nationals found to be illegally present (migr_eipre)",https://ec.europa.eu/eurostat/databrowser/view/migr_eipre/default/table,"Eurostat enforcement statistic - annual flow of detections, NOT a stock. Dataset migr_eipre, dimensions freq=A citizen=TOTAL reason=TOTAL apprehen=TOTAL sex=T age=TOTAL unit=PER. Rounded to nearest 5 by Eurostat. Break in series: Sweden's 2013 figure (72835) and earlier years are not comparable with 2014 onwards owing to a change in national reporting practice.",,,0.2132694777671789,,A,,A,,,,,,A,,,,,,,,,,,,,,,,,,,,,,,,,,,,
Sweden,SWE,SE,752,1,0,2018,10175214,A,"World Bank, World Development Indicators (SP.POP.TOTL), sourced from UN World Population Prospects and national statistical offices",https://api.worldbank.org/v2/country/all/indicator/SP.POP.TOTL,10175405,-0.0018770751631016,1875637.0,0.1843339117978255,1 January,Eurostat [migr_pop3ctb],https://ec.europa.eu/eurostat/api/dissemination/statistics/1.0/data/migr_pop3ctb?format=JSON&lang=EN&geo=SE&age=TOTAL&sex=T&unit=NR&c_birth=FOR&sinceTimePeriod=2010&untilTimePeriod=2022,stock at 1 Jan; c_birth=FOR (born in a foreign country),885839.0,0.0870585129708328,1 January,Eurostat [migr_pop1ctz],https://ec.europa.eu/eurostat/api/dissemination/statistics/1.0/data/migr_pop1ctz?format=JSON&lang=EN&geo=SE&age=TOTAL&sex=T&unit=NR&citizen=FOR_STLS&sinceTimePeriod=2010&untilTimePeriod=2022,stock at 1 Jan; citizen=FOR_STLS (foreign citizens incl. stateless),,,,,,,,,,,,,1720.0,Full calendar year (flow),"Eurostat, Third country nationals found to be illegally present (migr_eipre)",https://ec.europa.eu/eurostat/databrowser/view/migr_eipre/default/table,"Eurostat enforcement statistic - annual flow of detections, NOT a stock. Dataset migr_eipre, dimensions freq=A citizen=TOTAL reason=TOTAL apprehen=TOTAL sex=T age=TOTAL unit=PER. Rounded to nearest 5 by Eurostat. Break in series: Sweden's 2013 figure (72835) and earlier years are not comparable with 2014 onwards owing to a change in national reporting practice.",,,0.1690382138400234,,A,,A,,,,,,A,,,,,,,,,,,,,,,,,,,,,,,,,,,,
Sweden,SWE,SE,752,1,0,2019,10278887,A,"World Bank, World Development Indicators (SP.POP.TOTL), sourced from UN World Population Prospects and national statistical offices",https://api.worldbank.org/v2/country/all/indicator/SP.POP.TOTL,10279125,-0.0023153721741879,1954065.0,0.1901047263191043,1 January,Eurostat [migr_pop3ctb],https://ec.europa.eu/eurostat/api/dissemination/statistics/1.0/data/migr_pop3ctb?format=JSON&lang=EN&geo=SE&age=TOTAL&sex=T&unit=NR&c_birth=FOR&sinceTimePeriod=2010&untilTimePeriod=2022,stock at 1 Jan; c_birth=FOR (born in a foreign country),920144.0,0.0895178631694268,1 January,Eurostat [migr_pop1ctz],https://ec.europa.eu/eurostat/api/dissemination/statistics/1.0/data/migr_pop1ctz?format=JSON&lang=EN&geo=SE&age=TOTAL&sex=T&unit=NR&citizen=FOR_STLS&sinceTimePeriod=2010&untilTimePeriod=2022,stock at 1 Jan; citizen=FOR_STLS (foreign citizens incl. stateless),,,,,,,,,,,,,2170.0,Full calendar year (flow),"Eurostat, Third country nationals found to be illegally present (migr_eipre)",https://ec.europa.eu/eurostat/databrowser/view/migr_eipre/default/table,"Eurostat enforcement statistic - annual flow of detections, NOT a stock. Dataset migr_eipre, dimensions freq=A citizen=TOTAL reason=TOTAL apprehen=TOTAL sex=T age=TOTAL unit=PER. Rounded to nearest 5 by Eurostat. Break in series: Sweden's 2013 figure (72835) and earlier years are not comparable with 2014 onwards owing to a change in national reporting practice.",,,0.2111123509772993,,A,,A,,,,,,A,,,,,,,,,,,,,,,,,,,,,,,,,,,,
Sweden,SWE,SE,752,1,0,2020,10353442,A,"World Bank, World Development Indicators (SP.POP.TOTL), sourced from UN World Population Prospects and national statistical offices",https://api.worldbank.org/v2/country/all/indicator/SP.POP.TOTL,10353686,-0.0023566486370168,2018191.0,0.1949294736958008,1 January,Eurostat [migr_pop3ctb],https://ec.europa.eu/eurostat/api/dissemination/statistics/1.0/data/migr_pop3ctb?format=JSON&lang=EN&geo=SE&age=TOTAL&sex=T&unit=NR&c_birth=FOR&sinceTimePeriod=2010&untilTimePeriod=2022,stock at 1 Jan; c_birth=FOR (born in a foreign country),927774.0,0.0896101991975229,1 January,Eurostat [migr_pop1ctz],https://ec.europa.eu/eurostat/api/dissemination/statistics/1.0/data/migr_pop1ctz?format=JSON&lang=EN&geo=SE&age=TOTAL&sex=T&unit=NR&citizen=FOR_STLS&sinceTimePeriod=2010&untilTimePeriod=2022,stock at 1 Jan; citizen=FOR_STLS (foreign citizens incl. stateless),,,,,,,,,,,,,2615.0,Full calendar year (flow),"Eurostat, Third country nationals found to be illegally present (migr_eipre)",https://ec.europa.eu/eurostat/databrowser/view/migr_eipre/default/table,"Eurostat enforcement statistic - annual flow of detections, NOT a stock. Dataset migr_eipre, dimensions freq=A citizen=TOTAL reason=TOTAL apprehen=TOTAL sex=T age=TOTAL unit=PER. Rounded to nearest 5 by Eurostat. Break in series: Sweden's 2013 figure (72835) and earlier years are not comparable with 2014 onwards owing to a change in national reporting practice.",,,0.2525730090534143,,A,,A,,,,,,A,,,,,,,,,,,,,,,,,,,,,,,,,,,,
Sweden,SWE,SE,752,1,0,2021,10415811,A,"World Bank, World Development Indicators (SP.POP.TOTL), sourced from UN World Population Prospects and national statistical offices",https://api.worldbank.org/v2/country/all/indicator/SP.POP.TOTL,10416131,-0.0030721579826521,2045234.0,0.1963585936803192,1 January,Eurostat [migr_pop3ctb],https://ec.europa.eu/eurostat/api/dissemination/statistics/1.0/data/migr_pop3ctb?format=JSON&lang=EN&geo=SE&age=TOTAL&sex=T&unit=NR&c_birth=FOR&sinceTimePeriod=2010&untilTimePeriod=2022,stock at 1 Jan; c_birth=FOR (born in a foreign country),892254.0,0.0856634207360329,1 January,Eurostat [migr_pop1ctz],https://ec.europa.eu/eurostat/api/dissemination/statistics/1.0/data/migr_pop1ctz?format=JSON&lang=EN&geo=SE&age=TOTAL&sex=T&unit=NR&citizen=FOR_STLS&sinceTimePeriod=2010&untilTimePeriod=2022,stock at 1 Jan; citizen=FOR_STLS (foreign citizens incl. stateless),,,,,,,,,,,,,2635.0,Full calendar year (flow),"Eurostat, Third country nationals found to be illegally present (migr_eipre)",https://ec.europa.eu/eurostat/databrowser/view/migr_eipre/default/table,"Eurostat enforcement statistic - annual flow of detections, NOT a stock. Dataset migr_eipre, dimensions freq=A citizen=TOTAL reason=TOTAL apprehen=TOTAL sex=T age=TOTAL unit=PER. Rounded to nearest 5 by Eurostat. Break in series: Sweden's 2013 figure (72835) and earlier years are not comparable with 2014 onwards owing to a change in national reporting practice.",,,0.2529807808532624,,A,,A,,,,,,A,,,,,,,,,,,,,,,,,,,,,,,,,,,,
Sweden,SWE,SE,752,1,0,2022,10486941,A,"World Bank, World Development Indicators (SP.POP.TOTL), sourced from UN World Population Prospects and national statistical offices",https://api.worldbank.org/v2/country/all/indicator/SP.POP.TOTL,10487338,-0.0037855173543562,2089008.0,0.1992008918520663,1 January,Eurostat [migr_pop3ctb],https://ec.europa.eu/eurostat/api/dissemination/statistics/1.0/data/migr_pop3ctb?format=JSON&lang=EN&geo=SE&age=TOTAL&sex=T&unit=NR&c_birth=FOR&sinceTimePeriod=2010&untilTimePeriod=2022,stock at 1 Jan; c_birth=FOR (born in a foreign country),868193.0,0.082788012252572,1 January,Eurostat [migr_pop1ctz],https://ec.europa.eu/eurostat/api/dissemination/statistics/1.0/data/migr_pop1ctz?format=JSON&lang=EN&geo=SE&age=TOTAL&sex=T&unit=NR&citizen=FOR_STLS&sinceTimePeriod=2010&untilTimePeriod=2022,stock at 1 Jan; citizen=FOR_STLS (foreign citizens incl. stateless),,,,,,,,,,,,,2455.0,Full calendar year (flow),"Eurostat, Third country nationals found to be illegally present (migr_eipre)",https://ec.europa.eu/eurostat/databrowser/view/migr_eipre/default/table,"Eurostat enforcement statistic - annual flow of detections, NOT a stock. Dataset migr_eipre, dimensions freq=A citizen=TOTAL reason=TOTAL apprehen=TOTAL sex=T age=TOTAL unit=PER. Rounded to nearest 5 by Eurostat. Break in series: Sweden's 2013 figure (72835) and earlier years are not comparable with 2014 onwards owing to a change in national reporting practice.",,,0.2341006781672558,,A,,A,,,,,,A,,,,,,,,,,,,,,,,,,,,,,,,,,,,
Switzerland,CHE,CH,756,1,1,2010,7824909,A,"World Bank, World Development Indicators (SP.POP.TOTL), sourced from UN World Population Prospects and national statistical offices",https://api.worldbank.org/v2/country/all/indicator/SP.POP.TOTL,7825753,-0.0107849046602927,,,,,,,1714004.0,0.219044592084074,1 January,Eurostat [migr_pop1ctz],https://ec.europa.eu/eurostat/api/dissemination/statistics/1.0/data/migr_pop1ctz?format=JSON&lang=EN&geo=CH&age=TOTAL&sex=T&unit=NR&citizen=FOR_STLS&sinceTimePeriod=2010&untilTimePeriod=2022,stock at 1 Jan; citizen=FOR_STLS (foreign citizens incl. stateless),,,,,,,,,,,,,12020.0,Full calendar year (flow),"Eurostat, Third country nationals found to be illegally present (migr_eipre)",https://ec.europa.eu/eurostat/databrowser/view/migr_eipre/default/table,"Eurostat enforcement statistic - annual flow of detections, NOT a stock. Dataset migr_eipre, dimensions freq=A citizen=TOTAL reason=TOTAL apprehen=TOTAL sex=T age=TOTAL unit=PER. Rounded to nearest 5 by Eurostat.",,,1.536120100566026,,,,A,,,,,,A,,,,,,,,,,,,,,,,,,,,,,,,,,,,
Switzerland,CHE,CH,756,1,1,2011,7912398,A,"World Bank, World Development Indicators (SP.POP.TOTL), sourced from UN World Population Prospects and national statistical offices",https://api.worldbank.org/v2/country/all/indicator/SP.POP.TOTL,7914372,-0.0249419663366847,1940349.0,0.2452289432356663,1 January,Eurostat [migr_pop3ctb],https://ec.europa.eu/eurostat/api/dissemination/statistics/1.0/data/migr_pop3ctb?format=JSON&lang=EN&geo=CH&age=TOTAL&sex=T&unit=NR&c_birth=FOR&sinceTimePeriod=2010&untilTimePeriod=2022,stock at 1 Jan; c_birth=FOR (born in a foreign country); Eurostat series for Switzerland starts in 2011,1765750.0,0.2231624344478121,1 January,Eurostat [migr_pop1ctz],https://ec.europa.eu/eurostat/api/dissemination/statistics/1.0/data/migr_pop1ctz?format=JSON&lang=EN&geo=CH&age=TOTAL&sex=T&unit=NR&citizen=FOR_STLS&sinceTimePeriod=2010&untilTimePeriod=2022,stock at 1 Jan; citizen=FOR_STLS (foreign citizens incl. stateless),,,,,,,,,,,,,12630.0,Full calendar year (flow),"Eurostat, Third country nationals found to be illegally present (migr_eipre)",https://ec.europa.eu/eurostat/databrowser/view/migr_eipre/default/table,"Eurostat enforcement statistic - annual flow of detections, NOT a stock. Dataset migr_eipre, dimensions freq=A citizen=TOTAL reason=TOTAL apprehen=TOTAL sex=T age=TOTAL unit=PER. Rounded to nearest 5 by Eurostat.",,,1.596229107787551,,A,,A,,,,,,A,,,,,,,,,,,,,,,,,,,,,,,,,,,,
Switzerland,CHE,CH,756,1,1,2012,7996861,A,"World Bank, World Development Indicators (SP.POP.TOTL), sourced from UN World Population Prospects and national statistical offices",https://api.worldbank.org/v2/country/all/indicator/SP.POP.TOTL,7998926,-0.0258159657934077,2033702.0,0.2543125358812664,1 January,Eurostat [migr_pop3ctb],https://ec.europa.eu/eurostat/api/dissemination/statistics/1.0/data/migr_pop3ctb?format=JSON&lang=EN&geo=CH&age=TOTAL&sex=T&unit=NR&c_birth=FOR&sinceTimePeriod=2010&untilTimePeriod=2022,stock at 1 Jan; c_birth=FOR (born in a foreign country); Eurostat series for Switzerland starts in 2011,1815063.0,0.2269719331122549,1 January,Eurostat [migr_pop1ctz],https://ec.europa.eu/eurostat/api/dissemination/statistics/1.0/data/migr_pop1ctz?format=JSON&lang=EN&geo=CH&age=TOTAL&sex=T&unit=NR&citizen=FOR_STLS&sinceTimePeriod=2010&untilTimePeriod=2022,stock at 1 Jan; citizen=FOR_STLS (foreign citizens incl. stateless),,,,,,,,,,,,,14170.0,Full calendar year (flow),"Eurostat, Third country nationals found to be illegally present (migr_eipre)",https://ec.europa.eu/eurostat/databrowser/view/migr_eipre/default/table,"Eurostat enforcement statistic - annual flow of detections, NOT a stock. Dataset migr_eipre, dimensions freq=A citizen=TOTAL reason=TOTAL apprehen=TOTAL sex=T age=TOTAL unit=PER. Rounded to nearest 5 by Eurostat.",,,1.771945267024149,,A,,A,,,,,,A,,,,,,,,,,,,,,,,,,,,,,,,,,,,
Switzerland,CHE,CH,756,1,1,2013,8089346,A,"World Bank, World Development Indicators (SP.POP.TOTL), sourced from UN World Population Prospects and national statistical offices",https://api.worldbank.org/v2/country/all/indicator/SP.POP.TOTL,8091202,-0.0229384954176153,2102964.0,0.259967122187628,1 January,Eurostat [migr_pop3ctb],https://ec.europa.eu/eurostat/api/dissemination/statistics/1.0/data/migr_pop3ctb?format=JSON&lang=EN&geo=CH&age=TOTAL&sex=T&unit=NR&c_birth=FOR&sinceTimePeriod=2010&untilTimePeriod=2022,stock at 1 Jan; c_birth=FOR (born in a foreign country); Eurostat series for Switzerland starts in 2011,1869070.0,0.2310532891039646,1 January,Eurostat [migr_pop1ctz],https://ec.europa.eu/eurostat/api/dissemination/statistics/1.0/data/migr_pop1ctz?format=JSON&lang=EN&geo=CH&age=TOTAL&sex=T&unit=NR&citizen=FOR_STLS&sinceTimePeriod=2010&untilTimePeriod=2022,stock at 1 Jan; citizen=FOR_STLS (foreign citizens incl. stateless),,,,,,,,,,,,,15045.0,Full calendar year (flow),"Eurostat, Third country nationals found to be illegally present (migr_eipre)",https://ec.europa.eu/eurostat/databrowser/view/migr_eipre/default/table,"Eurostat enforcement statistic - annual flow of detections, NOT a stock. Dataset migr_eipre, dimensions freq=A citizen=TOTAL reason=TOTAL apprehen=TOTAL sex=T age=TOTAL unit=PER. Rounded to nearest 5 by Eurostat.",,,1.859853689037408,,A,,A,,,,,,A,,,,,,,,,,,,,,,,,,,,,,,,,,,,
Switzerland,CHE,CH,756,1,1,2014,8188649,A,"World Bank, World Development Indicators (SP.POP.TOTL), sourced from UN World Population Prospects and national statistical offices",https://api.worldbank.org/v2/country/all/indicator/SP.POP.TOTL,8190235,-0.0193645237285621,2183206.0,0.2666136990363123,1 January,Eurostat [migr_pop3ctb],https://ec.europa.eu/eurostat/api/dissemination/statistics/1.0/data/migr_pop3ctb?format=JSON&lang=EN&geo=CH&age=TOTAL&sex=T&unit=NR&c_birth=FOR&sinceTimePeriod=2010&untilTimePeriod=2022,stock at 1 Jan; c_birth=FOR (born in a foreign country); Eurostat series for Switzerland starts in 2011,1936412.0,0.2364751499301044,1 January,Eurostat [migr_pop1ctz],https://ec.europa.eu/eurostat/api/dissemination/statistics/1.0/data/migr_pop1ctz?format=JSON&lang=EN&geo=CH&age=TOTAL&sex=T&unit=NR&citizen=FOR_STLS&sinceTimePeriod=2010&untilTimePeriod=2022,stock at 1 Jan; citizen=FOR_STLS (foreign citizens incl. stateless),,,,,,,,,,,,,13800.0,Full calendar year (flow),"Eurostat, Third country nationals found to be illegally present (migr_eipre)",https://ec.europa.eu/eurostat/databrowser/view/migr_eipre/default/table,"Eurostat enforcement statistic - annual flow of detections, NOT a stock. Dataset migr_eipre, dimensions freq=A citizen=TOTAL reason=TOTAL apprehen=TOTAL sex=T age=TOTAL unit=PER. Rounded to nearest 5 by Eurostat.",,,1.685259680809374,,A,,A,,,,,,A,,,,,,,,,,,,,,,,,,,,,,,,,,,,
Switzerland,CHE,CH,756,1,1,2015,8282396,A,"World Bank, World Development Indicators (SP.POP.TOTL), sourced from UN World Population Prospects and national statistical offices",https://api.worldbank.org/v2/country/all/indicator/SP.POP.TOTL,8283934,-0.0185660581071746,2258196.0,0.2726500882111891,1 January,Eurostat [migr_pop3ctb],https://ec.europa.eu/eurostat/api/dissemination/statistics/1.0/data/migr_pop3ctb?format=JSON&lang=EN&geo=CH&age=TOTAL&sex=T&unit=NR&c_birth=FOR&sinceTimePeriod=2010&untilTimePeriod=2022,stock at 1 Jan; c_birth=FOR (born in a foreign country); Eurostat series for Switzerland starts in 2011,1997179.0,0.2411354154039483,1 January,Eurostat [migr_pop1ctz],https://ec.europa.eu/eurostat/api/dissemination/statistics/1.0/data/migr_pop1ctz?format=JSON&lang=EN&geo=CH&age=TOTAL&sex=T&unit=NR&citizen=FOR_STLS&sinceTimePeriod=2010&untilTimePeriod=2022,stock at 1 Jan; citizen=FOR_STLS (foreign citizens incl. stateless),76000.0,0.0091760886584027,See note,"Morlok, Oswald, Meier, Efionayi-Mader, Ruedin, Bader, Wanner (2015), Sans-Papiers in der Schweiz 2015, State Secretariat for Migration (SEM)",https://www.sem.admin.ch/dam/sem/de/data/internationales/illegale-migration/sans_papiers/ber-sanspapiers-2015-d.pdf,"Expert-interview / Delphi estimate for 12 cantons extrapolated by regression to the remaining 15 cantons, cross-checked against ZEMIS, AHV and vital-statistics data; point estimate 76000, plausible range 50000-99000. Covers third-country (non-EU/EFTA) nationals only.",1.0,,,,,,15555.0,Full calendar year (flow),"Eurostat, Third country nationals found to be illegally present (migr_eipre)",https://ec.europa.eu/eurostat/databrowser/view/migr_eipre/default/table,"Eurostat enforcement statistic - annual flow of detections, NOT a stock. Dataset migr_eipre, dimensions freq=A citizen=TOTAL reason=TOTAL apprehen=TOTAL sex=T age=TOTAL unit=PER. Rounded to nearest 5 by Eurostat.",,,1.878079724755976,,A,,A,,B,"SEM study estimate of 76,000 corroborated by SRF reporting on its release (range 58,000-105,000).",,,A,,,,,,,,,,,,,,,,,,,,,,,,,,,,
Switzerland,CHE,CH,756,1,1,2016,8373338,A,"World Bank, World Development Indicators (SP.POP.TOTL), sourced from UN World Population Prospects and national statistical offices",https://api.worldbank.org/v2/country/all/indicator/SP.POP.TOTL,8374901,-0.01866290717944,2324461.0,0.2776026717182562,1 January,Eurostat [migr_pop3ctb],https://ec.europa.eu/eurostat/api/dissemination/statistics/1.0/data/migr_pop3ctb?format=JSON&lang=EN&geo=CH&age=TOTAL&sex=T&unit=NR&c_birth=FOR&sinceTimePeriod=2010&untilTimePeriod=2022,stock at 1 Jan; c_birth=FOR (born in a foreign country); Eurostat series for Switzerland starts in 2011,2047200.0,0.2444903095993497,1 January,Eurostat [migr_pop1ctz],https://ec.europa.eu/eurostat/api/dissemination/statistics/1.0/data/migr_pop1ctz?format=JSON&lang=EN&geo=CH&age=TOTAL&sex=T&unit=NR&citizen=FOR_STLS&sinceTimePeriod=2010&untilTimePeriod=2022,stock at 1 Jan; citizen=FOR_STLS (foreign citizens incl. stateless),,,,,,,,,,,,,15765.0,Full calendar year (flow),"Eurostat, Third country nationals found to be illegally present (migr_eipre)",https://ec.europa.eu/eurostat/databrowser/view/migr_eipre/default/table,"Eurostat enforcement statistic - annual flow of detections, NOT a stock. Dataset migr_eipre, dimensions freq=A citizen=TOTAL reason=TOTAL apprehen=TOTAL sex=T age=TOTAL unit=PER. Rounded to nearest 5 by Eurostat.",,,1.882761689543644,,A,,A,,,,,,A,,,,,,,,,,,,,,,,,,,,,,,,,,,,
Switzerland,CHE,CH,756,1,1,2017,8451840,A,"World Bank, World Development Indicators (SP.POP.TOTL), sourced from UN World Population Prospects and national statistical offices",https://api.worldbank.org/v2/country/all/indicator/SP.POP.TOTL,8453628,-0.0211506822869423,2391480.0,0.2829537710131758,1 January,Eurostat [migr_pop3ctb],https://ec.europa.eu/eurostat/api/dissemination/statistics/1.0/data/migr_pop3ctb?format=JSON&lang=EN&geo=CH&age=TOTAL&sex=T&unit=NR&c_birth=FOR&sinceTimePeriod=2010&untilTimePeriod=2022,stock at 1 Jan; c_birth=FOR (born in a foreign country); Eurostat series for Switzerland starts in 2011,2099319.0,0.2483860319173103,1 January,Eurostat [migr_pop1ctz],https://ec.europa.eu/eurostat/api/dissemination/statistics/1.0/data/migr_pop1ctz?format=JSON&lang=EN&geo=CH&age=TOTAL&sex=T&unit=NR&citizen=FOR_STLS&sinceTimePeriod=2010&untilTimePeriod=2022,stock at 1 Jan; citizen=FOR_STLS (foreign citizens incl. stateless),150000.0,0.0177476147205815,See note,"Pew Research Center (2019), Europe's Unauthorized Immigrant Population Peaks in 2016, Then Levels Off — Appendix B, unauthorized immigrant population trends with waiting asylum seekers, by country",https://www.pewresearch.org/global/2019/11/13/eu-unauthorized-immigrants-appendix-b-unauthorized-immigrant-population-trends-with-waiting-asylum-seekers-by-country/,"Pew publishes a RANGE, not a point estimate. This cell is the midpoint of the published 100,000–200,000 range in Appendix B. Use the range, not the midpoint, for any claim about level.",1.0,,,,,,13940.0,Full calendar year (flow),"Eurostat, Third country nationals found to be illegally present (migr_eipre)",https://ec.europa.eu/eurostat/databrowser/view/migr_eipre/default/table,"Eurostat enforcement statistic - annual flow of detections, NOT a stock. Dataset migr_eipre, dimensions freq=A citizen=TOTAL reason=TOTAL apprehen=TOTAL sex=T age=TOTAL unit=PER. Rounded to nearest 5 by Eurostat.",,,1.649344994699379,,A,,A,,C,Published range read from the archived Appendix B table.,,,A,,,,,,,,,,,,,,,,yes,midpoint of the published range,"100,000–200,000 (Pew Appendix B, thousands)",,,,,,,,,,
Switzerland,CHE,CH,756,1,1,2018,8514329,A,"World Bank, World Development Indicators (SP.POP.TOTL), sourced from UN World Population Prospects and national statistical offices",https://api.worldbank.org/v2/country/all/indicator/SP.POP.TOTL,8516344,-0.0236603876029432,2432519.0,0.2856970878151408,1 January,Eurostat [migr_pop3ctb],https://ec.europa.eu/eurostat/api/dissemination/statistics/1.0/data/migr_pop3ctb?format=JSON&lang=EN&geo=CH&age=TOTAL&sex=T&unit=NR&c_birth=FOR&sinceTimePeriod=2010&untilTimePeriod=2022,stock at 1 Jan; c_birth=FOR (born in a foreign country); Eurostat series for Switzerland starts in 2011,2124540.0,0.2495252415075809,1 January,Eurostat [migr_pop1ctz],https://ec.europa.eu/eurostat/api/dissemination/statistics/1.0/data/migr_pop1ctz?format=JSON&lang=EN&geo=CH&age=TOTAL&sex=T&unit=NR&citizen=FOR_STLS&sinceTimePeriod=2010&untilTimePeriod=2022,stock at 1 Jan; citizen=FOR_STLS (foreign citizens incl. stateless),,,,,,,,,,,,,14420.0,Full calendar year (flow),"Eurostat, Third country nationals found to be illegally present (migr_eipre)",https://ec.europa.eu/eurostat/databrowser/view/migr_eipre/default/table,"Eurostat enforcement statistic - annual flow of detections, NOT a stock. Dataset migr_eipre, dimensions freq=A citizen=TOTAL reason=TOTAL apprehen=TOTAL sex=T age=TOTAL unit=PER. Rounded to nearest 5 by Eurostat.",,,1.693615550914229,,A,,A,,,,,,A,,,,,,,,,,,,,,,,,,,,,,,,,,,,
Switzerland,CHE,CH,756,1,1,2019,8575280,A,"World Bank, World Development Indicators (SP.POP.TOTL), sourced from UN World Population Prospects and national statistical offices",https://api.worldbank.org/v2/country/all/indicator/SP.POP.TOTL,8577524,-0.0261613957594289,2469381.0,0.2879650577007398,1 January,Eurostat [migr_pop3ctb],https://ec.europa.eu/eurostat/api/dissemination/statistics/1.0/data/migr_pop3ctb?format=JSON&lang=EN&geo=CH&age=TOTAL&sex=T&unit=NR&c_birth=FOR&sinceTimePeriod=2010&untilTimePeriod=2022,stock at 1 Jan; c_birth=FOR (born in a foreign country); Eurostat series for Switzerland starts in 2011,2146381.0,0.2502986491403196,1 January,Eurostat [migr_pop1ctz],https://ec.europa.eu/eurostat/api/dissemination/statistics/1.0/data/migr_pop1ctz?format=JSON&lang=EN&geo=CH&age=TOTAL&sex=T&unit=NR&citizen=FOR_STLS&sinceTimePeriod=2010&untilTimePeriod=2022,stock at 1 Jan; citizen=FOR_STLS (foreign citizens incl. stateless),,,,,,,,,,,,,13885.0,Full calendar year (flow),"Eurostat, Third country nationals found to be illegally present (migr_eipre)",https://ec.europa.eu/eurostat/databrowser/view/migr_eipre/default/table,"Eurostat enforcement statistic - annual flow of detections, NOT a stock. Dataset migr_eipre, dimensions freq=A citizen=TOTAL reason=TOTAL apprehen=TOTAL sex=T age=TOTAL unit=PER. Rounded to nearest 5 by Eurostat.",,,1.619189111026112,,A,,A,,,,,,A,,,,,,,,,,,,,,,,,,,,,,,,,,,,
Switzerland,CHE,CH,756,1,1,2020,8638167,A,"World Bank, World Development Indicators (SP.POP.TOTL), sourced from UN World Population Prospects and national statistical offices",https://api.worldbank.org/v2/country/all/indicator/SP.POP.TOTL,8640582,-0.0279495061790976,2509692.0,0.2905352489712227,1 January,Eurostat [migr_pop3ctb],https://ec.europa.eu/eurostat/api/dissemination/statistics/1.0/data/migr_pop3ctb?format=JSON&lang=EN&geo=CH&age=TOTAL&sex=T&unit=NR&c_birth=FOR&sinceTimePeriod=2010&untilTimePeriod=2022,stock at 1 Jan; c_birth=FOR (born in a foreign country); Eurostat series for Switzerland starts in 2011,2173429.0,0.2516076616717412,1 January,Eurostat [migr_pop1ctz],https://ec.europa.eu/eurostat/api/dissemination/statistics/1.0/data/migr_pop1ctz?format=JSON&lang=EN&geo=CH&age=TOTAL&sex=T&unit=NR&citizen=FOR_STLS&sinceTimePeriod=2010&untilTimePeriod=2022,stock at 1 Jan; citizen=FOR_STLS (foreign citizens incl. stateless),,,,,,,,,,,,,11020.0,Full calendar year (flow),"Eurostat, Third country nationals found to be illegally present (migr_eipre)",https://ec.europa.eu/eurostat/databrowser/view/migr_eipre/default/table,"Eurostat enforcement statistic - annual flow of detections, NOT a stock. Dataset migr_eipre, dimensions freq=A citizen=TOTAL reason=TOTAL apprehen=TOTAL sex=T age=TOTAL unit=PER. Rounded to nearest 5 by Eurostat.",,,1.275733613392749,,A,,A,,,,,,A,,,,,,,,,,,,,,,,,,,,,,,,,,,,
Switzerland,CHE,CH,756,1,1,2021,8704546,A,"World Bank, World Development Indicators (SP.POP.TOTL), sourced from UN World Population Prospects and national statistical offices",https://api.worldbank.org/v2/country/all/indicator/SP.POP.TOTL,8707023,-0.0284482997231085,2553225.0,0.2933208693480395,1 January,Eurostat [migr_pop3ctb],https://ec.europa.eu/eurostat/api/dissemination/statistics/1.0/data/migr_pop3ctb?format=JSON&lang=EN&geo=CH&age=TOTAL&sex=T&unit=NR&c_birth=FOR&sinceTimePeriod=2010&untilTimePeriod=2022,stock at 1 Jan; c_birth=FOR (born in a foreign country); Eurostat series for Switzerland starts in 2011,2208864.0,0.2537598169967738,1 January,Eurostat [migr_pop1ctz],https://ec.europa.eu/eurostat/api/dissemination/statistics/1.0/data/migr_pop1ctz?format=JSON&lang=EN&geo=CH&age=TOTAL&sex=T&unit=NR&citizen=FOR_STLS&sinceTimePeriod=2010&untilTimePeriod=2022,stock at 1 Jan; citizen=FOR_STLS (foreign citizens incl. stateless),,,,,,,,,,,,,12175.0,Full calendar year (flow),"Eurostat, Third country nationals found to be illegally present (migr_eipre)",https://ec.europa.eu/eurostat/databrowser/view/migr_eipre/default/table,"Eurostat enforcement statistic - annual flow of detections, NOT a stock. Dataset migr_eipre, dimensions freq=A citizen=TOTAL reason=TOTAL apprehen=TOTAL sex=T age=TOTAL unit=PER. Rounded to nearest 5 by Eurostat.",,,1.398694429324631,,A,,A,,,,,,A,,,,,,,,,,,,,,,,,,,,,,,,,,,,
Switzerland,CHE,CH,756,1,1,2022,8777088,A,"World Bank, World Development Indicators (SP.POP.TOTL), sourced from UN World Population Prospects and national statistical offices",https://api.worldbank.org/v2/country/all/indicator/SP.POP.TOTL,8792182,-0.171675245121177,2598146.0,0.2960145779556956,1 January,Eurostat [migr_pop3ctb],https://ec.europa.eu/eurostat/api/dissemination/statistics/1.0/data/migr_pop3ctb?format=JSON&lang=EN&geo=CH&age=TOTAL&sex=T&unit=NR&c_birth=FOR&sinceTimePeriod=2010&untilTimePeriod=2022,stock at 1 Jan; c_birth=FOR (born in a foreign country); Eurostat series for Switzerland starts in 2011,2242343.0,0.2554768734231672,1 January,Eurostat [migr_pop1ctz],https://ec.europa.eu/eurostat/api/dissemination/statistics/1.0/data/migr_pop1ctz?format=JSON&lang=EN&geo=CH&age=TOTAL&sex=T&unit=NR&citizen=FOR_STLS&sinceTimePeriod=2010&untilTimePeriod=2022,stock at 1 Jan; citizen=FOR_STLS (foreign citizens incl. stateless),,,,,,,,,,,,,15130.0,Full calendar year (flow),"Eurostat, Third country nationals found to be illegally present (migr_eipre)",https://ec.europa.eu/eurostat/databrowser/view/migr_eipre/default/table,"Eurostat enforcement statistic - annual flow of detections, NOT a stock. Dataset migr_eipre, dimensions freq=A citizen=TOTAL reason=TOTAL apprehen=TOTAL sex=T age=TOTAL unit=PER. Rounded to nearest 5 by Eurostat.",,,1.723806346706334,,A,,A,,,,,,A,,,,,,,,,,,,,,,,,,,,,,,,,,,,
Taiwan,TWN,TW,158,1,1,2010,23162000,A,"內政部統計處 內政統計年報 108年版 (MOI Dept. of Statistics, Statistical Yearbook of Interior, 2019 ed.)",https://ws.moi.gov.tw/Download.ashx?u=LzAwMS9VcGxvYWQvNDAwL3JlbGZpbGUvMC8xMzMzNy9jNDg1YjU2OC1lNWU2LTRkYTItYWIwZS1lMTJlNmVmZjBkZTIucGRm&n=MTA45bm05YWn5pS%2f57Wx6KiI5bm05aCx6Zu75a2Q5pu4LnBkZg%3d%3d&icon=.pdf,23224049,-0.2671756333273324,,,,,,,,,,,,,,,,,,,,,,,,,,,,,,,,,,,,,,,,,,,,,,,,,,,,,,,,,,,,,,,,,,,,,,
Taiwan,TWN,TW,158,1,1,2011,23225000,A,"內政部統計處 內政統計年報 108年版 (MOI Dept. of Statistics, Statistical Yearbook of Interior, 2019 ed.)",https://ws.moi.gov.tw/Download.ashx?u=LzAwMS9VcGxvYWQvNDAwL3JlbGZpbGUvMC8xMzMzNy9jNDg1YjU2OC1lNWU2LTRkYTItYWIwZS1lMTJlNmVmZjBkZTIucGRm&n=MTA45bm05YWn5pS%2f57Wx6KiI5bm05aCx6Zu75a2Q5pu4LnBkZg%3d%3d&icon=.pdf,23273076,-0.2065734671257035,,,,,,,,,,,,,,,,,,,,,31 December,"Ministry of Labor, Republic of China (Taiwan), Monthly Bulletin of Labour Statistics, Table 12-7 Status of the Missing Foreign Workers by Nationality (表 12-7 失聯移工概況—按國籍分)",https://statdb.mol.gov.tw/html/mon/212070.pdf,"absconded / missing migrant workers (失聯移工), stock at END OF YEAR 2011. Counts migrant workers whose employment permit has lapsed and who have not been located. This is the Ministry of Labor absconded-worker measure, a DIFFERENT series from the National Immigration Agency 逾期停留/逾期居留 (overstaying visit / overstaying residence) counts used for TWN 2014-2018; the two are not additive and not directly comparable.",,,,,,33730.0,,,,,,,,,,,,,,"Ministry of Labor, Republic of China (Taiwan), Monthly Bulletin of Labour Statistics, Table 12-7 Status of the Missing Foreign Workers by Nationality (表 12-7 失聯移工概況—按國籍分)",https://statdb.mol.gov.tw/html/mon/212070.pdf,"absconded / missing migrant workers (失聯移工), stock at END OF YEAR 2011. Counts migrant workers whose employment permit has lapsed and who have not been located. This is the Ministry of Labor absconded-worker measure, a DIFFERENT series from the National Immigration Agency 逾期停留/逾期居留 (overstaying visit / overstaying residence) counts used for TWN 2014-2018; the two are not additive and not directly comparable.",31 December,B,,,,,,,,,,,,,,,,,,,,,,The published figure appears in the archived source document.
Taiwan,TWN,TW,158,1,1,2012,23316000,A,"內政部統計處 內政統計年報 108年版 (MOI Dept. of Statistics, Statistical Yearbook of Interior, 2019 ed.)",https://ws.moi.gov.tw/Download.ashx?u=LzAwMS9VcGxvYWQvNDAwL3JlbGZpbGUvMC8xMzMzNy9jNDg1YjU2OC1lNWU2LTRkYTItYWIwZS1lMTJlNmVmZjBkZTIucGRm&n=MTA45bm05YWn5pS%2f57Wx6KiI5bm05aCx6Zu75a2Q5pu4LnBkZg%3d%3d&icon=.pdf,23345961,-0.1283348327361637,,,,,,,483921.0,0.0207548893463715,31 December,"Taiwan Ministry of the Interior, Department of Statistics (內政統計通報), foreign residents 外僑居留人數",https://ws.moi.gov.tw/Download.ashx?u=LzAwMS9VcGxvYWQvNDAwL3JlbGZpbGUvMC8xNjA3NS8yZTk5ODk4OC05MTI4LTQ3Y2MtYTUwZi0yZjIwNzkzODk4ZDUucGRm&n=Mi7lpJbnsY3kurrlo6sucGRm&icon=.pdf,"Foreign residents holding a valid resident certificate (外僑居留人數), year-end 31 December. INCLUDES migrant workers (移工), who are roughly 75-84% of the total. EXCLUDES people from Mainland China, Hong Kong and Macau (including Mainland Chinese spouses 陸配), who are counted separately. Series on this basis begins in 2012; 2010 and 2011 are not available on a comparable basis.",,,,,,,,66696.0,31 December,"National Immigration Agency (內政部移民署), via Legislative Yuan Budget Center reports",https://statdb.mol.gov.tw/html/mon/212070.pdf,"Overstaying foreign nationals (逾期停留 + 逾期居留), administrative register count.",,,,,,37177.0,0.0028605249613998,,,,,B,The published figure appears in the archived source document.,,,A,,,,"Ministry of Labor, Republic of China (Taiwan), Monthly Bulletin of Labour Statistics, Table 12-7 Status of the Missing Foreign Workers by Nationality (表 12-7 失聯移工概況—按國籍分)",https://statdb.mol.gov.tw/html/mon/212070.pdf,"absconded / missing migrant workers (失聯移工), stock at END OF YEAR 2012. Counts migrant workers whose employment permit has lapsed and who have not been located. This is the Ministry of Labor absconded-worker measure, a DIFFERENT series from the National Immigration Agency 逾期停留/逾期居留 (overstaying visit / overstaying residence) counts used for TWN 2014-2018; the two are not additive and not directly comparable.",31 December,B,,,,,,,,,,,,,,,,,,,,,,The published figure appears in the archived source document.
Taiwan,TWN,TW,158,1,1,2013,23374000,A,"內政部統計處 內政統計年報 108年版 (MOI Dept. of Statistics, Statistical Yearbook of Interior, 2019 ed.)",https://ws.moi.gov.tw/Download.ashx?u=LzAwMS9VcGxvYWQvNDAwL3JlbGZpbGUvMC8xMzMzNy9jNDg1YjU2OC1lNWU2LTRkYTItYWIwZS1lMTJlNmVmZjBkZTIucGRm&n=MTA45bm05YWn5pS%2f57Wx6KiI5bm05aCx6Zu75a2Q5pu4LnBkZg%3d%3d&icon=.pdf,23416875,-0.1830944564550137,,,,,,,525109.0,0.0224655172413793,31 December,"Taiwan Ministry of the Interior, Department of Statistics (內政統計通報), foreign residents 外僑居留人數",https://ws.moi.gov.tw/Download.ashx?u=LzAwMS9VcGxvYWQvNDAwL3JlbGZpbGUvMC8xNjA3NS8yZTk5ODk4OC05MTI4LTQ3Y2MtYTUwZi0yZjIwNzkzODk4ZDUucGRm&n=Mi7lpJbnsY3kurrlo6sucGRm&icon=.pdf,"Foreign residents holding a valid resident certificate (外僑居留人數), year-end 31 December. INCLUDES migrant workers (移工), who are roughly 75-84% of the total. EXCLUDES people from Mainland China, Hong Kong and Macau (including Mainland Chinese spouses 陸配), who are counted separately. Series on this basis begins in 2012; 2010 and 2011 are not available on a comparable basis.",,,,,,,,69929.0,31 December,"National Immigration Agency (內政部移民署), via Legislative Yuan Budget Center reports",https://statdb.mol.gov.tw/html/mon/212070.pdf,"Overstaying foreign nationals (逾期停留 + 逾期居留), administrative register count.",,,,,,41724.0,0.0029917429622657,,,,,B,The published figure appears in the archived source document.,,,A,,,,"Ministry of Labor, Republic of China (Taiwan), Monthly Bulletin of Labour Statistics, Table 12-7 Status of the Missing Foreign Workers by Nationality (表 12-7 失聯移工概況—按國籍分)",https://statdb.mol.gov.tw/html/mon/212070.pdf,"absconded / missing migrant workers (失聯移工), stock at END OF YEAR 2013. Counts migrant workers whose employment permit has lapsed and who have not been located. This is the Ministry of Labor absconded-worker measure, a DIFFERENT series from the National Immigration Agency 逾期停留/逾期居留 (overstaying visit / overstaying residence) counts used for TWN 2014-2018; the two are not additive and not directly comparable.",31 December,B,,,,,,,,,,,,,,,,,,,,,,The published figure appears in the archived source document.
Taiwan,TWN,TW,158,1,1,2014,23434000,A,"內政部統計處 內政統計年報 108年版 (MOI Dept. of Statistics, Statistical Yearbook of Interior, 2019 ed.)",https://ws.moi.gov.tw/Download.ashx?u=LzAwMS9VcGxvYWQvNDAwL3JlbGZpbGUvMC8xMzMzNy9jNDg1YjU2OC1lNWU2LTRkYTItYWIwZS1lMTJlNmVmZjBkZTIucGRm&n=MTA45bm05YWn5pS%2f57Wx6KiI5bm05aCx6Zu75a2Q5pu4LnBkZg%3d%3d&icon=.pdf,23472816,-0.1653657575639838,,,,,,,629633.0,0.0268683536741486,31 December,"Taiwan Ministry of the Interior, Department of Statistics (內政統計通報), foreign residents 外僑居留人數",https://ws.moi.gov.tw/Download.ashx?u=LzAwMS9VcGxvYWQvNDAwL3JlbGZpbGUvMC8xNjA3NS8yZTk5ODk4OC05MTI4LTQ3Y2MtYTUwZi0yZjIwNzkzODk4ZDUucGRm&n=Mi7lpJbnsY3kurrlo6sucGRm&icon=.pdf,"Foreign residents holding a valid resident certificate (外僑居留人數), year-end 31 December. INCLUDES migrant workers (移工), who are roughly 75-84% of the total. EXCLUDES people from Mainland China, Hong Kong and Macau (including Mainland Chinese spouses 陸配), who are counted separately. Series on this basis begins in 2012; 2010 and 2011 are not available on a comparable basis.",,,,,,,,68998.0,31 December,"National Immigration Agency (內政部移民署), reported by the Legislative Yuan Budget Center",https://www.ly.gov.tw/Pages/Detail.aspx?nodeid=33580&pid=188916,Reference date 31 December 2014. Administrative register count of overstaying foreign nationals: 49265 overstaying residence (逾期居留) plus 19733 overstaying visit (逾期停留). Source is a Legislative Yuan Budget Center report (Oct 2019) reproducing NIA figures.,,,,,,,0.0029443543569172,,,,,B,The published figure appears in the archived source document.,,,B,The published figure appears in the archived source document.,,,,,,,,,,,,,,,,,,,,,,,,,,,,,
Taiwan,TWN,TW,158,1,1,2015,23492000,A,"內政部統計處 內政統計年報 108年版 (MOI Dept. of Statistics, Statistical Yearbook of Interior, 2019 ed.)",https://ws.moi.gov.tw/Download.ashx?u=LzAwMS9VcGxvYWQvNDAwL3JlbGZpbGUvMC8xMzMzNy9jNDg1YjU2OC1lNWU2LTRkYTItYWIwZS1lMTJlNmVmZjBkZTIucGRm&n=MTA45bm05YWn5pS%2f57Wx6KiI5bm05aCx6Zu75a2Q5pu4LnBkZg%3d%3d&icon=.pdf,23529254,-0.1583305616064156,,,,,,,637843.0,0.027151498382428,31 December,"Taiwan Ministry of the Interior, Department of Statistics (內政統計通報), foreign residents 外僑居留人數",https://ws.moi.gov.tw/Download.ashx?u=LzAwMS9VcGxvYWQvNDAwL3JlbGZpbGUvMC8xNjA3NS8yZTk5ODk4OC05MTI4LTQ3Y2MtYTUwZi0yZjIwNzkzODk4ZDUucGRm&n=Mi7lpJbnsY3kurrlo6sucGRm&icon=.pdf,"Foreign residents holding a valid resident certificate (外僑居留人數), year-end 31 December. INCLUDES migrant workers (移工), who are roughly 75-84% of the total. EXCLUDES people from Mainland China, Hong Kong and Macau (including Mainland Chinese spouses 陸配), who are counted separately. Series on this basis begins in 2012; 2010 and 2011 are not available on a comparable basis.",,,,,,,,77422.0,31 December,"National Immigration Agency (內政部移民署), reported by the Legislative Yuan Budget Center",https://www.ly.gov.tw/Pages/Detail.aspx?nodeid=33580&pid=188916,Reference date 31 December 2015. Administrative register count of overstaying foreign nationals: 56557 overstaying residence (逾期居留) plus 20865 overstaying visit (逾期停留). Source is a Legislative Yuan Budget Center report (Oct 2019) reproducing NIA figures.,,,,,,,0.0032956751234462,,,,,B,The published figure appears in the archived source document.,,,B,The published figure appears in the archived source document.,,,,,,,,,,,,,,,,,,,,,,,,,,,,,
Taiwan,TWN,TW,158,1,1,2016,23540000,A,"內政部統計處 內政統計年報 108年版 (MOI Dept. of Statistics, Statistical Yearbook of Interior, 2019 ed.)",https://ws.moi.gov.tw/Download.ashx?u=LzAwMS9VcGxvYWQvNDAwL3JlbGZpbGUvMC8xMzMzNy9jNDg1YjU2OC1lNWU2LTRkYTItYWIwZS1lMTJlNmVmZjBkZTIucGRm&n=MTA45bm05YWn5pS%2f57Wx6KiI5bm05aCx6Zu75a2Q5pu4LnBkZg%3d%3d&icon=.pdf,23586143,-0.1956360563064508,,,,,,,671375.0,0.0285206032285471,31 December,"Taiwan Ministry of the Interior, Department of Statistics (內政統計通報), foreign residents 外僑居留人數",https://ws.moi.gov.tw/Download.ashx?u=LzAwMS9VcGxvYWQvNDAwL3JlbGZpbGUvMC8xNjA3NS8yZTk5ODk4OC05MTI4LTQ3Y2MtYTUwZi0yZjIwNzkzODk4ZDUucGRm&n=Mi7lpJbnsY3kurrlo6sucGRm&icon=.pdf,"Foreign residents holding a valid resident certificate (外僑居留人數), year-end 31 December. INCLUDES migrant workers (移工), who are roughly 75-84% of the total. EXCLUDES people from Mainland China, Hong Kong and Macau (including Mainland Chinese spouses 陸配), who are counted separately. Series on this basis begins in 2012; 2010 and 2011 are not available on a comparable basis.",,,,,,,,79392.0,31 December,"National Immigration Agency (內政部移民署), reported by the Legislative Yuan Budget Center",https://www.ly.gov.tw/Pages/Detail.aspx?nodeid=33580&pid=188916,Reference date 31 December 2016. Administrative register count of overstaying foreign nationals: 58700 overstaying residence (逾期居留) plus 20692 overstaying visit (逾期停留). Source is a Legislative Yuan Budget Center report (Oct 2019) reproducing NIA figures.,,,,,,,0.00337264231096,,,,,B,The published figure appears in the archived source document.,,,B,The published figure appears in the archived source document.,,,,,,,,,,,,,,,,,,,,,,,,,,,,,
Taiwan,TWN,TW,158,1,1,2017,23571227,A,"內政部統計處 內政統計月報 115年5月 (MOI Dept. of Statistics, Monthly Bulletin of Interior Statistics, May 2026)",https://ws.moi.gov.tw/Download.ashx?u=LzAwMS9VcGxvYWQvNDAwL3JlbGZpbGUvMC8yMzQ1NC85M2FlNzY2MC0xMDEwLTQxNGQtOGQ4NC00NjM3ZDE2ZjY4ZTcucGRm&n=MTE1MDUucGRm,23632948,-0.2611650480507129,,,,,,,717736.0,0.03044966645139,31 December,"Taiwan Ministry of the Interior, Department of Statistics (內政統計通報), foreign residents 外僑居留人數",https://ws.moi.gov.tw/Download.ashx?u=LzAwMS9VcGxvYWQvNDAwL3JlbGZpbGUvMC8xNjA3NS8yZTk5ODk4OC05MTI4LTQ3Y2MtYTUwZi0yZjIwNzkzODk4ZDUucGRm&n=Mi7lpJbnsY3kurrlo6sucGRm&icon=.pdf,"Foreign residents holding a valid resident certificate (外僑居留人數), year-end 31 December. INCLUDES migrant workers (移工), who are roughly 75-84% of the total. EXCLUDES people from Mainland China, Hong Kong and Macau (including Mainland Chinese spouses 陸配), who are counted separately. Series on this basis begins in 2012; 2010 and 2011 are not available on a comparable basis.",,,,,,,,79909.0,31 December,"National Immigration Agency (內政部移民署), reported by the Legislative Yuan Budget Center",https://www.ly.gov.tw/Pages/Detail.aspx?nodeid=33580&pid=188916,Reference date 31 December 2017. Administrative register count of overstaying foreign nationals: 56675 overstaying residence (逾期居留) plus 23234 overstaying visit (逾期停留). Source is a Legislative Yuan Budget Center report (Oct 2019) reproducing NIA figures.,,,,,,,0.0033901077784368,,,,,B,The published figure appears in the archived source document.,,,B,The published figure appears in the archived source document.,,,,,,,,,,,,,,,,,,,,,,,,,,,,,
Taiwan,TWN,TW,158,1,1,2018,23588932,A,"內政部統計處 內政統計月報 115年5月 (MOI Dept. of Statistics, Monthly Bulletin of Interior Statistics, May 2026)",https://ws.moi.gov.tw/Download.ashx?u=LzAwMS9VcGxvYWQvNDAwL3JlbGZpbGUvMC8yMzQ1NC85M2FlNzY2MC0xMDEwLTQxNGQtOGQ4NC00NjM3ZDE2ZjY4ZTcucGRm&n=MTE1MDUucGRm,23659305,-0.2974432258259488,,,,,,,758583.0,0.0321584292158712,31 December,"Taiwan Ministry of the Interior, Department of Statistics (內政統計通報), foreign residents 外僑居留人數",https://ws.moi.gov.tw/Download.ashx?u=LzAwMS9VcGxvYWQvNDAwL3JlbGZpbGUvMC8xNjA3NS8yZTk5ODk4OC05MTI4LTQ3Y2MtYTUwZi0yZjIwNzkzODk4ZDUucGRm&n=Mi7lpJbnsY3kurrlo6sucGRm&icon=.pdf,"Foreign residents holding a valid resident certificate (外僑居留人數), year-end 31 December. INCLUDES migrant workers (移工), who are roughly 75-84% of the total. EXCLUDES people from Mainland China, Hong Kong and Macau (including Mainland Chinese spouses 陸配), who are counted separately. Series on this basis begins in 2012; 2010 and 2011 are not available on a comparable basis.",,,,,,,,89965.0,31 December,"National Immigration Agency (內政部移民署), reported by the Legislative Yuan Budget Center",https://www.ly.gov.tw/Pages/Detail.aspx?nodeid=33580&pid=188916,Reference date 31 December 2018. Administrative register count of overstaying foreign nationals: 54681 overstaying residence (逾期居留) plus 35284 overstaying visit (逾期停留). Source is a Legislative Yuan Budget Center report (Oct 2019) reproducing NIA figures.,,,,,,,0.003813864909187,,,,,B,The published figure appears in the archived source document.,,,B,The published figure appears in the archived source document.,,,,,,,,,,,,,,,,,,,,,,,,,,,,,
Taiwan,TWN,TW,158,1,1,2019,23603121,A,"內政部統計處 內政統計月報 115年5月 (MOI Dept. of Statistics, Monthly Bulletin of Interior Statistics, May 2026)",https://ws.moi.gov.tw/Download.ashx?u=LzAwMS9VcGxvYWQvNDAwL3JlbGZpbGUvMC8yMzQ1NC85M2FlNzY2MC0xMDEwLTQxNGQtOGQ4NC00NjM3ZDE2ZjY4ZTcucGRm&n=MTE1MDUucGRm,23674138,-0.2999771311631283,,,,,,,785341.0,0.0332727608353149,31 December,"Taiwan Ministry of the Interior, Department of Statistics (內政統計通報), foreign residents 外僑居留人數",https://ws.moi.gov.tw/Download.ashx?u=LzAwMS9VcGxvYWQvNDAwL3JlbGZpbGUvMC8xNjA3NS8yZTk5ODk4OC05MTI4LTQ3Y2MtYTUwZi0yZjIwNzkzODk4ZDUucGRm&n=Mi7lpJbnsY3kurrlo6sucGRm&icon=.pdf,"Foreign residents holding a valid resident certificate (外僑居留人數), year-end 31 December. INCLUDES migrant workers (移工), who are roughly 75-84% of the total. EXCLUDES people from Mainland China, Hong Kong and Macau (including Mainland Chinese spouses 陸配), who are counted separately. Series on this basis begins in 2012; 2010 and 2011 are not available on a comparable basis.",,,,,,,,83465.0,31 December,"National Immigration Agency (內政部移民署), via Legislative Yuan Budget Center reports",https://www.ly.gov.tw/Pages/Detail.aspx?nodeid=33580&pid=188916,"Overstaying foreign nationals (逾期停留 + 逾期居留), administrative register count.",,,,,,47632.0,0.0035361848969041,,,,,B,The published figure appears in the archived source document.,,,A,,,,"National Immigration Agency / Ministry of Labor (失聯移工), reported by the Legislative Yuan Budget Center",https://www.ly.gov.tw/Pages/Detail.aspx?nodeid=33580&pid=188916,Reference date 31 July 2019 (not year-end). Administrative count of absconded/missing migrant workers (失聯移工) not yet located - a DIFFERENT series from the 逾期停留/居留 overstayer counts above and not additive with them.,31 December,B,,,,,,,,,,,,,,,,,,,,,,The published figure appears in the archived source document.
Taiwan,TWN,TW,158,1,1,2020,23561236,A,"內政部統計處 內政統計月報 115年5月 (MOI Dept. of Statistics, Monthly Bulletin of Interior Statistics, May 2026)",https://ws.moi.gov.tw/Download.ashx?u=LzAwMS9VcGxvYWQvNDAwL3JlbGZpbGUvMC8yMzQ1NC85M2FlNzY2MC0xMDEwLTQxNGQtOGQ4NC00NjM3ZDE2ZjY4ZTcucGRm&n=MTE1MDUucGRm,23663459,-0.4319867184252311,,,,,,,797122.0,0.033831926304715,31 December,"Taiwan Ministry of the Interior, Department of Statistics (內政統計通報), foreign residents 外僑居留人數",https://ws.moi.gov.tw/Download.ashx?u=LzAwMS9VcGxvYWQvNDAwL3JlbGZpbGUvMC8xNjA3NS8yZTk5ODk4OC05MTI4LTQ3Y2MtYTUwZi0yZjIwNzkzODk4ZDUucGRm&n=Mi7lpJbnsY3kurrlo6sucGRm&icon=.pdf,"Foreign residents holding a valid resident certificate (外僑居留人數), year-end 31 December. INCLUDES migrant workers (移工), who are roughly 75-84% of the total. EXCLUDES people from Mainland China, Hong Kong and Macau (including Mainland Chinese spouses 陸配), who are counted separately. Series on this basis begins in 2012; 2010 and 2011 are not available on a comparable basis.",,,,,,,,86061.0,31 December,"National Immigration Agency (內政部移民署), via Legislative Yuan Budget Center reports",https://statdb.mol.gov.tw/html/mon/212070.pdf,"Overstaying foreign nationals (逾期停留 + 逾期居留), administrative register count.",,,,,,52199.0,0.0036526521783492,,,,,B,The published figure appears in the archived source document.,,,A,,,,"Ministry of Labor, Republic of China (Taiwan), Monthly Bulletin of Labour Statistics, Table 12-7 Status of the Missing Foreign Workers by Nationality (表 12-7 失聯移工概況—按國籍分)",https://statdb.mol.gov.tw/html/mon/212070.pdf,"absconded / missing migrant workers (失聯移工), stock at END OF YEAR 2020. Counts migrant workers whose employment permit has lapsed and who have not been located. This is the Ministry of Labor absconded-worker measure, a DIFFERENT series from the National Immigration Agency 逾期停留/逾期居留 (overstaying visit / overstaying residence) counts used for TWN 2014-2018; the two are not additive and not directly comparable.",31 December,B,,,,,,,,,,,,,,,,,,,,,,The published figure appears in the archived source document.
Taiwan,TWN,TW,158,1,1,2021,23375314,A,"內政部統計處 內政統計月報 115年5月 (MOI Dept. of Statistics, Monthly Bulletin of Interior Statistics, May 2026)",https://ws.moi.gov.tw/Download.ashx?u=LzAwMS9VcGxvYWQvNDAwL3JlbGZpbGUvMC8yMzQ1NC85M2FlNzY2MC0xMDEwLTQxNGQtOGQ4NC00NjM3ZDE2ZjY4ZTcucGRm&n=MTE1MDUucGRm,23558333,-0.7768758511054241,,,,,,,752900.0,0.0322091929973646,31 December,"Taiwan Ministry of the Interior, Department of Statistics (內政統計通報), foreign residents 外僑居留人數",https://ws.moi.gov.tw/Download.ashx?u=LzAwMS9VcGxvYWQvNDAwL3JlbGZpbGUvMC8xNjA3NS8yZTk5ODk4OC05MTI4LTQ3Y2MtYTUwZi0yZjIwNzkzODk4ZDUucGRm&n=Mi7lpJbnsY3kurrlo6sucGRm&icon=.pdf,"Foreign residents holding a valid resident certificate (外僑居留人數), year-end 31 December. INCLUDES migrant workers (移工), who are roughly 75-84% of the total. EXCLUDES people from Mainland China, Hong Kong and Macau (including Mainland Chinese spouses 陸配), who are counted separately. Series on this basis begins in 2012; 2010 and 2011 are not available on a comparable basis.",,,,,,,,81538.0,31 December,"National Immigration Agency (內政部移民署), via Legislative Yuan Budget Center reports",https://statdb.mol.gov.tw/html/mon/212070.pdf,"Overstaying foreign nationals (逾期停留 + 逾期居留), administrative register count.",,,,,,55805.0,0.0034882098268284,,,,,B,The published figure appears in the archived source document.,,,A,,,,"Ministry of Labor, Republic of China (Taiwan), Monthly Bulletin of Labour Statistics, Table 12-7 Status of the Missing Foreign Workers by Nationality (表 12-7 失聯移工概況—按國籍分)",https://statdb.mol.gov.tw/html/mon/212070.pdf,"absconded / missing migrant workers (失聯移工), stock at END OF YEAR 2021. Counts migrant workers whose employment permit has lapsed and who have not been located. This is the Ministry of Labor absconded-worker measure, a DIFFERENT series from the National Immigration Agency 逾期停留/逾期居留 (overstaying visit / overstaying residence) counts used for TWN 2014-2018; the two are not additive and not directly comparable.",31 December,B,,,,,,,,,,,,,,,,,,,,,,The published figure appears in the archived source document.
Taiwan,TWN,TW,158,1,1,2022,23264640,A,"內政部統計處 內政統計月報 115年5月 (MOI Dept. of Statistics, Monthly Bulletin of Interior Statistics, May 2026)",https://ws.moi.gov.tw/Download.ashx?u=LzAwMS9VcGxvYWQvNDAwL3JlbGZpbGUvMC8yMzQ1NC85M2FlNzY2MC0xMDEwLTQxNGQtOGQ4NC00NjM3ZDE2ZjY4ZTcucGRm&n=MTE1MDUucGRm,23420111,-0.6638354532136932,,,,,,,796696.0,0.0342449313636488,31 December,"Taiwan Ministry of the Interior, Department of Statistics (內政統計通報), foreign residents 外僑居留人數",https://ws.moi.gov.tw/Download.ashx?u=LzAwMS9VcGxvYWQvNDAwL3JlbGZpbGUvMC8yMTkxNi9jYmRkNDNlYy0wOGU0LTRjMzMtOTBjMy05MGYyOGEyZjE3NDIucGRm&n=MTE05bm056ysMTbpgLHlhafmlL%2FntbHoqIjpgJrloLFf5aSW5YOR566h55CGLnBkZg%3D%3D&icon=.pdf,"Foreign residents holding a valid resident certificate (外僑居留人數), year-end 31 December. INCLUDES migrant workers (移工), who are roughly 75-84% of the total. EXCLUDES people from Mainland China, Hong Kong and Macau (including Mainland Chinese spouses 陸配), who are counted separately. Series on this basis begins in 2012; 2010 and 2011 are not available on a comparable basis.",,,,,,,,,31 December,"Ministry of Labor, Republic of China (Taiwan), Monthly Bulletin of Labour Statistics, Table 12-7 Status of the Missing Foreign Workers by Nationality (表 12-7 失聯移工概況—按國籍分)",https://statdb.mol.gov.tw/html/mon/212070.pdf,"absconded / missing migrant workers (失聯移工), stock at END OF YEAR 2022. Counts migrant workers whose employment permit has lapsed and who have not been located. This is the Ministry of Labor absconded-worker measure, a DIFFERENT series from the National Immigration Agency 逾期停留/逾期居留 (overstaying visit / overstaying residence) counts used for TWN 2014-2018; the two are not additive and not directly comparable.",,,,,,80331.0,,,,,,B,The published figure appears in the archived source document.,,,,,,,"Ministry of Labor, Republic of China (Taiwan), Monthly Bulletin of Labour Statistics, Table 12-7 Status of the Missing Foreign Workers by Nationality (表 12-7 失聯移工概況—按國籍分)",https://statdb.mol.gov.tw/html/mon/212070.pdf,"absconded / missing migrant workers (失聯移工), stock at END OF YEAR 2022. Counts migrant workers whose employment permit has lapsed and who have not been located. This is the Ministry of Labor absconded-worker measure, a DIFFERENT series from the National Immigration Agency 逾期停留/逾期居留 (overstaying visit / overstaying residence) counts used for TWN 2014-2018; the two are not additive and not directly comparable.",31 December,B,,,,,,,,,,,,,,,,,,,,,,The published figure appears in the archived source document.
Thailand,THA,TH,764,0,1,2010,68579447,A,"World Bank, World Development Indicators (SP.POP.TOTL), sourced from UN World Population Prospects and national statistical offices",https://api.worldbank.org/v2/country/all/indicator/SP.POP.TOTL,68579447,0.0,2640454.0,0.0385021185720555,Mid-year / 30 June,UN DESA International Migrant Stock (World Bank indicator SM.POP.TOTL),https://api.worldbank.org/v2/country/CHN;IND;PHL;RUS;ZAF;SUR;THA/indicator/SM.POP.TOTL?format=json&date=2010:2022&per_page=200,"UN estimate (not annual); mid-year benchmark year only; retrieved from World Bank mirror of UN DESA International Migrant Stock, accessed 2026-08",,,,,,,,,,,,,,,,,,,,,,,,,,,,A,,,,,,,,,,,,,,,,,,,,,,,,,,,,,,,,,,,,
Thailand,THA,TH,764,0,1,2011,69007208,A,"World Bank, World Development Indicators (SP.POP.TOTL), sourced from UN World Population Prospects and national statistical offices",https://api.worldbank.org/v2/country/all/indicator/SP.POP.TOTL,69007208,0.0,,,,,,,,,,,,,,,,,,,,,,,,,,,,,,,,,,,,,,,,,,,,,,,,,,,,,,,,,,,,,,,,,,,,,,
Thailand,THA,TH,764,0,1,2012,69436098,A,"World Bank, World Development Indicators (SP.POP.TOTL), sourced from UN World Population Prospects and national statistical offices",https://api.worldbank.org/v2/country/all/indicator/SP.POP.TOTL,69436098,0.0,,,,,,,,,,,,,,,,,,,,,,,,,,,,,,,,,,,,,,,,,,,,,,,,,,,,,,,,,,,,,,,,,,,,,,
Thailand,THA,TH,764,0,1,2013,69845114,A,"World Bank, World Development Indicators (SP.POP.TOTL), sourced from UN World Population Prospects and national statistical offices",https://api.worldbank.org/v2/country/all/indicator/SP.POP.TOTL,69845114,0.0,,,,,,,,,,,,,,,,,,,,,,,,,,,,,,,,,,,,,,,,,,,,,,,,,,,,,,,,,,,,,,,,,,,,,,
Thailand,THA,TH,764,0,1,2014,70216367,A,"World Bank, World Development Indicators (SP.POP.TOTL), sourced from UN World Population Prospects and national statistical offices",https://api.worldbank.org/v2/country/all/indicator/SP.POP.TOTL,70216367,0.0,,,,,,,,,,,,,,,,,,,,,,,,,,,,,,,,,,,,,,,,,,,,,,,,,,,,,,,,,,,,,,,,,,,,,,
Thailand,THA,TH,764,0,1,2015,70540795,A,"World Bank, World Development Indicators (SP.POP.TOTL), sourced from UN World Population Prospects and national statistical offices",https://api.worldbank.org/v2/country/all/indicator/SP.POP.TOTL,70540795,0.0,2853248.0,0.040448197387058,Mid-year / 30 June,UN DESA International Migrant Stock (World Bank indicator SM.POP.TOTL),https://api.worldbank.org/v2/country/CHN;IND;PHL;RUS;ZAF;SUR;THA/indicator/SM.POP.TOTL?format=json&date=2010:2022&per_page=200,"UN estimate (not annual); mid-year benchmark year only; retrieved from World Bank mirror of UN DESA International Migrant Stock, accessed 2026-08",,,,,,,,,,,,,,,,,,,,,,,,,,,,A,,,,,,,,,,,,,,,,,,,,,,,,,,,,,,,,,,,,
Thailand,THA,TH,764,0,1,2016,70859841,A,"World Bank, World Development Indicators (SP.POP.TOTL), sourced from UN World Population Prospects and national statistical offices",https://api.worldbank.org/v2/country/all/indicator/SP.POP.TOTL,70859841,0.0,,,,,,,,,,,,,,,,,,,,,,,,,,,,,,,,,,,,,,,,,,,,,,,,,,,,,,,,,,,,,,,,,,,,,,
Thailand,THA,TH,764,0,1,2017,71160187,A,"World Bank, World Development Indicators (SP.POP.TOTL), sourced from UN World Population Prospects and national statistical offices",https://api.worldbank.org/v2/country/all/indicator/SP.POP.TOTL,71160187,0.0,,,,,,,,,,,,,,,,,,,,,,,,,,,,,,,,,,,,,,,,,,,,,,,,,,,,,,,,,,,,,,,,,,,,,,
Thailand,THA,TH,764,0,1,2018,71376079,A,"World Bank, World Development Indicators (SP.POP.TOTL), sourced from UN World Population Prospects and national statistical offices",https://api.worldbank.org/v2/country/all/indicator/SP.POP.TOTL,71376079,0.0,,,,,,,4898461.0,0.0686288889587224,See note,IOM / United Nations Thailand - Thailand Migration Report 2019 (Table 1.1 Estimated non-Thai population in Thailand),https://thailand.un.org/en/download/13750/50831,"Expert estimate compiled from Ministry of Labour / Department of Employment registration and immigration records, as of November 2018 (nearest available benchmark to 2021, no comparable in-range 2021 figure published); comprises low-skilled migrant workers 3897598 (MOU work permits 850302, permits registered in Thailand 2214298, seasonal 21561, irregular 811437), professional/skilled 112834, temporary stay 150707, special-law workers 49403, tertiary students 31571, ethnic minorities and hill tribes 66483, stateless persons 486440, refugees and asylum seekers 103425; the last two groups are not foreign nationals in the strict sense, so this over-states the resident foreign-citizen stock",,,,,,,,,,,,,,,,,,,,,,,,B,The published figure appears in the archived source document.,,,,,,,,,,,,,,,,,,,,,,,,,,,,,,,,,
Thailand,THA,TH,764,0,1,2019,71522271,A,"World Bank, World Development Indicators (SP.POP.TOTL), sourced from UN World Population Prospects and national statistical offices",https://api.worldbank.org/v2/country/all/indicator/SP.POP.TOTL,71522271,0.0,,,,,,,,,,,,,,,,,,,,,,,,,,,,,,,,,,,,,,,,,,,,,,,,,,,,,,,,,,,,,,,,,,,,,,
Thailand,THA,TH,764,0,1,2020,71641484,A,"World Bank, World Development Indicators (SP.POP.TOTL), sourced from UN World Population Prospects and national statistical offices",https://api.worldbank.org/v2/country/all/indicator/SP.POP.TOTL,71641484,0.0,3015007.0,0.0420846530761423,Mid-year / 30 June,UN DESA International Migrant Stock (World Bank indicator SM.POP.TOTL),https://api.worldbank.org/v2/country/CHN;IND;PHL;RUS;ZAF;SUR;THA/indicator/SM.POP.TOTL?format=json&date=2010:2022&per_page=200,"UN estimate (not annual); mid-year benchmark year only; retrieved from World Bank mirror of UN DESA International Migrant Stock, accessed 2026-08",,,,,,,,,,,,,,,,,,,,,,,,,,,,A,,,,,,,,,,,,,,,,,,,,,,,,,,,,,,,,,,,,
Thailand,THA,TH,764,0,1,2021,71727332,A,"World Bank, World Development Indicators (SP.POP.TOTL), sourced from UN World Population Prospects and national statistical offices",https://api.worldbank.org/v2/country/all/indicator/SP.POP.TOTL,71727332,0.0,,,,,,,,,,,,,,,,,,,,,,,,,,,,,,,,,,,,,,,,,,,,,,,,,,,,,,,,,,,,,,,,,,,,,,
Thailand,THA,TH,764,0,1,2022,71735329,A,"World Bank, World Development Indicators (SP.POP.TOTL), sourced from UN World Population Prospects and national statistical offices",https://api.worldbank.org/v2/country/all/indicator/SP.POP.TOTL,71735329,0.0,,,,,,,,,,,,,,,,,,,,,,,,,,,,,,,,,,,,,,,,,,,,,,,,,,,,,,,,,,,,,,,,,,,,,,
Turkey,TUR,TR,792,1,0,2010,73142150,A,"World Bank, World Development Indicators (SP.POP.TOTL), sourced from UN World Population Prospects and national statistical offices",https://api.worldbank.org/v2/country/all/indicator/SP.POP.TOTL,73346769,-0.2789747971038779,,,,,,,167344.0,0.0022879283696199,31 December,"OECD International Migration Database (stocks of foreign population, measure B15)","https://sdmx.oecd.org/public/rest/data/OECD.ELS.IMD,DSD_MIG@DF_MIG,1.0/TUR.W.A.B15._T._Z._Z.PS?startPeriod=2010&endPeriod=2022&format=jsondata&dimensionAtObservation=AllDimensions","Foreign nationals registered in the Address Based Population Registration System (ABPRS/ADNKS), TurkStat, as compiled by OECD IMD. Reference date 31 December. EXCLUDES Syrians under temporary protection, who are registered separately (approx. 3.6 million in 2021).",,,,,,,,,,,,,32667.0,See note,"Ada Ş. (2024), Türkiye'de düzensiz göç ile mücadele, Göç İdaresi Başkanlığı (GİB) yıllık düzensiz göçmen yakalama verileri (DergiPark)",https://dergipark.org.tr/tr/download/article-file/3843070,"ENFORCEMENT/TRANSIT FLOW, not a stock: number of irregular migrants apprehended during calendar year 2010. Administrative apprehension count published by DGMM/PMM. Syrians under temporary protection are excluded from this series. goc.gov.tr publishes the series only as images; value read from DHA reporting quoting GIB verbatim ('en az yakalandigi yil 32 bin 667 ile 2010 oldu').",,,0.4466234585666404,,,,A,,,,,,B,"Each annual figure appears in the archived DergiPark article, which reproduces the GİB series.",,,,,,,,,,,,,,,,,,,,,,,,,,,
Turkey,TUR,TR,792,1,0,2011,74223629,A,"World Bank, World Development Indicators (SP.POP.TOTL), sourced from UN World Population Prospects and national statistical offices",https://api.worldbank.org/v2/country/all/indicator/SP.POP.TOTL,74215203,0.0113534689112148,,,,,,,190531.0,0.0025669857775345,31 December,"OECD International Migration Database (stocks of foreign population, measure B15)","https://sdmx.oecd.org/public/rest/data/OECD.ELS.IMD,DSD_MIG@DF_MIG,1.0/TUR.W.A.B15._T._Z._Z.PS?startPeriod=2010&endPeriod=2022&format=jsondata&dimensionAtObservation=AllDimensions","Foreign nationals registered in the Address Based Population Registration System (ABPRS/ADNKS), TurkStat, as compiled by OECD IMD. Reference date 31 December. EXCLUDES Syrians under temporary protection, who are registered separately (approx. 3.6 million in 2021).",,,,,,,,,,,,,,,,,,,,,,,,A,,,,,,,,,,,,,,,,,,,,,,,,,,,,,,,,,,
Turkey,TUR,TR,792,1,0,2012,75175827,A,"World Bank, World Development Indicators (SP.POP.TOTL), sourced from UN World Population Prospects and national statistical offices",https://api.worldbank.org/v2/country/all/indicator/SP.POP.TOTL,75197198,-0.0284199419238998,,,,,,,242128.0,0.0032208225657431,31 December,"OECD International Migration Database (stocks of foreign population, measure B15)","https://sdmx.oecd.org/public/rest/data/OECD.ELS.IMD,DSD_MIG@DF_MIG,1.0/TUR.W.A.B15._T._Z._Z.PS?startPeriod=2010&endPeriod=2022&format=jsondata&dimensionAtObservation=AllDimensions","Foreign nationals registered in the Address Based Population Registration System (ABPRS/ADNKS), TurkStat, as compiled by OECD IMD. Reference date 31 December. EXCLUDES Syrians under temporary protection, who are registered separately (approx. 3.6 million in 2021).",,,,,,,,,,,,,,,,,,,,,,,,A,,,,,,,,,,,,,,,,,,,,,,,,,,,,,,,,,,
Turkey,TUR,TR,792,1,0,2013,76147624,A,"World Bank, World Development Indicators (SP.POP.TOTL), sourced from UN World Population Prospects and national statistical offices",https://api.worldbank.org/v2/country/all/indicator/SP.POP.TOTL,76403031,-0.3342890938449811,,,,,,,278664.0,0.0036595232439557,31 December,"OECD International Migration Database (stocks of foreign population, measure B15)","https://sdmx.oecd.org/public/rest/data/OECD.ELS.IMD,DSD_MIG@DF_MIG,1.0/TUR.W.A.B15._T._Z._Z.PS?startPeriod=2010&endPeriod=2022&format=jsondata&dimensionAtObservation=AllDimensions","Foreign nationals registered in the Address Based Population Registration System (ABPRS/ADNKS), TurkStat, as compiled by OECD IMD. Reference date 31 December. EXCLUDES Syrians under temporary protection, who are registered separately (approx. 3.6 million in 2021).",,,,,,,,,,,,,,,,,,,,,,,,A,,,,,,,,,,,,,,,,,,,,,,,,,,,,,,,,,,
Turkey,TUR,TR,792,1,0,2014,77181884,A,"World Bank, World Development Indicators (SP.POP.TOTL), sourced from UN World Population Prospects and national statistical offices",https://api.worldbank.org/v2/country/all/indicator/SP.POP.TOTL,78036154,-1.0947105363496,1459775.0,0.0189134408794685,See note,"OECD International Migration Database (stocks of foreign-born population, measure B14)","https://sdmx.oecd.org/public/rest/data/OECD.ELS.IMD,DSD_MIG_F@DF_MIG_POPF,1.0/TUR.W.A.B14._T._Z._Z.PS?startPeriod=2010&endPeriod=2022&format=jsondata&dimensionAtObservation=AllDimensions","Foreign-born population, OECD IMD series sourced from TurkStat. Unlike the foreign-national (B15) series, this INCLUDES Syrians under temporary protection, which explains the much larger level.",456506.0,0.0059146781128068,31 December,"OECD International Migration Database (stocks of foreign population, measure B15)","https://sdmx.oecd.org/public/rest/data/OECD.ELS.IMD,DSD_MIG@DF_MIG,1.0/TUR.W.A.B15._T._Z._Z.PS?startPeriod=2010&endPeriod=2022&format=jsondata&dimensionAtObservation=AllDimensions","Foreign nationals registered in the Address Based Population Registration System (ABPRS/ADNKS), TurkStat, as compiled by OECD IMD. Reference date 31 December. EXCLUDES Syrians under temporary protection, who are registered separately (approx. 3.6 million in 2021).",,,,,,,,,,,,,58647.0,See note,"Ada Ş. (2024), Türkiye'de düzensiz göç ile mücadele, Göç İdaresi Başkanlığı (GİB) yıllık düzensiz göçmen yakalama verileri (DergiPark)",https://dergipark.org.tr/tr/download/article-file/3843070,"ENFORCEMENT/TRANSIT FLOW, not a stock: irregular migrants apprehended during calendar year 2014. Administrative apprehension count published by DGMM/PMM. Syrians under temporary protection excluded. Verbatim: '2014te 58 bin 647 duzensiz gocmen yakalanirken'.",,,0.7598544756953588,,A,,A,,,,,,B,"Each annual figure appears in the archived DergiPark article, which reproduces the GİB series.",,,,,,,,,,,,,,,,,,,,,,,,,,,
Turkey,TUR,TR,792,1,0,2015,78218479,A,"World Bank, World Development Indicators (SP.POP.TOTL), sourced from UN World Population Prospects and national statistical offices",https://api.worldbank.org/v2/country/all/indicator/SP.POP.TOTL,80014226,-2.244284660080321,1592437.0,0.0203588336203776,See note,"OECD International Migration Database (stocks of foreign-born population, measure B14)","https://sdmx.oecd.org/public/rest/data/OECD.ELS.IMD,DSD_MIG_F@DF_MIG_POPF,1.0/TUR.W.A.B14._T._Z._Z.PS?startPeriod=2010&endPeriod=2022&format=jsondata&dimensionAtObservation=AllDimensions","Foreign-born population, OECD IMD series sourced from TurkStat. Unlike the foreign-national (B15) series, this INCLUDES Syrians under temporary protection, which explains the much larger level.",518279.0,0.0066260429328982,31 December,"OECD International Migration Database (stocks of foreign population, measure B15)","https://sdmx.oecd.org/public/rest/data/OECD.ELS.IMD,DSD_MIG@DF_MIG,1.0/TUR.W.A.B15._T._Z._Z.PS?startPeriod=2010&endPeriod=2022&format=jsondata&dimensionAtObservation=AllDimensions","Foreign nationals registered in the Address Based Population Registration System (ABPRS/ADNKS), TurkStat, as compiled by OECD IMD. Reference date 31 December. EXCLUDES Syrians under temporary protection, who are registered separately (approx. 3.6 million in 2021).",,,,,,,,,,,,,146485.0,See note,"Ada Ş. (2024), Türkiye'de düzensiz göç ile mücadele, Göç İdaresi Başkanlığı (GİB) yıllık düzensiz göçmen yakalama verileri (DergiPark)",https://dergipark.org.tr/tr/download/article-file/3843070,"ENFORCEMENT/TRANSIT FLOW, not a stock: irregular migrants apprehended during calendar year 2015. Administrative apprehension count published by DGMM/PMM. Syrians under temporary protection excluded.",,,1.872767175644006,,A,,A,,,,,,B,"Each annual figure appears in the archived DergiPark article, which reproduces the GİB series.",,,,,,,,,,,,,,,,,,,,,,,,,,,
Turkey,TUR,TR,792,1,0,2016,79277962,A,"World Bank, World Development Indicators (SP.POP.TOTL), sourced from UN World Population Prospects and national statistical offices",https://api.worldbank.org/v2/country/all/indicator/SP.POP.TOTL,81652088,-2.907612111523712,1777290.0,0.0224184622707632,See note,"OECD International Migration Database (stocks of foreign-born population, measure B14)","https://sdmx.oecd.org/public/rest/data/OECD.ELS.IMD,DSD_MIG_F@DF_MIG_POPF,1.0/TUR.W.A.B14._T._Z._Z.PS?startPeriod=2010&endPeriod=2022&format=jsondata&dimensionAtObservation=AllDimensions","Foreign-born population, OECD IMD series sourced from TurkStat. Unlike the foreign-national (B15) series, this INCLUDES Syrians under temporary protection, which explains the much larger level.",650308.0,0.0082028849328896,31 December,"OECD International Migration Database (stocks of foreign population, measure B15)","https://sdmx.oecd.org/public/rest/data/OECD.ELS.IMD,DSD_MIG@DF_MIG,1.0/TUR.W.A.B15._T._Z._Z.PS?startPeriod=2010&endPeriod=2022&format=jsondata&dimensionAtObservation=AllDimensions","Foreign nationals registered in the Address Based Population Registration System (ABPRS/ADNKS), TurkStat, as compiled by OECD IMD. Reference date 31 December. EXCLUDES Syrians under temporary protection, who are registered separately (approx. 3.6 million in 2021).",,,,,,,,,,,,,,,,,,,,,,A,,A,,,,,,,,,,,,,,,,,,,,,,,,,,,,,,,,,,
Turkey,TUR,TR,792,1,0,2017,80312698,A,"World Bank, World Development Indicators (SP.POP.TOTL), sourced from UN World Population Prospects and national statistical offices",https://api.worldbank.org/v2/country/all/indicator/SP.POP.TOTL,83083662,-3.335149093452332,1923894.0,0.0239550413310732,See note,"OECD International Migration Database (stocks of foreign-born population, measure B14)","https://sdmx.oecd.org/public/rest/data/OECD.ELS.IMD,DSD_MIG_F@DF_MIG_POPF,1.0/TUR.W.A.B14._T._Z._Z.PS?startPeriod=2010&endPeriod=2022&format=jsondata&dimensionAtObservation=AllDimensions","Foreign-born population, OECD IMD series sourced from TurkStat. Unlike the foreign-national (B15) series, this INCLUDES Syrians under temporary protection, which explains the much larger level.",816410.0,0.0101653912809653,31 December,"OECD International Migration Database (stocks of foreign population, measure B15)","https://sdmx.oecd.org/public/rest/data/OECD.ELS.IMD,DSD_MIG@DF_MIG,1.0/TUR.W.A.B15._T._Z._Z.PS?startPeriod=2010&endPeriod=2022&format=jsondata&dimensionAtObservation=AllDimensions","Foreign nationals registered in the Address Based Population Registration System (ABPRS/ADNKS), TurkStat, as compiled by OECD IMD. Reference date 31 December. EXCLUDES Syrians under temporary protection, who are registered separately (approx. 3.6 million in 2021).",,,,,,,,,,,,,,,,,,,,,,A,,A,,,,,,,,,,,,,,,,,,,,,,,,,,,,,,,,,,
Turkey,TUR,TR,792,1,0,2018,81407204,A,"World Bank, World Development Indicators (SP.POP.TOTL), sourced from UN World Population Prospects and national statistical offices",https://api.worldbank.org/v2/country/all/indicator/SP.POP.TOTL,84415969,-3.564213069685903,2278490.0,0.0279888005980404,See note,"OECD International Migration Database (stocks of foreign-born population, measure B14)","https://sdmx.oecd.org/public/rest/data/OECD.ELS.IMD,DSD_MIG_F@DF_MIG_POPF,1.0/TUR.W.A.B14._T._Z._Z.PS?startPeriod=2010&endPeriod=2022&format=jsondata&dimensionAtObservation=AllDimensions","Foreign-born population, OECD IMD series sourced from TurkStat. Unlike the foreign-national (B15) series, this INCLUDES Syrians under temporary protection, which explains the much larger level.",919061.0,0.0112896765254337,31 December,"OECD International Migration Database (stocks of foreign population, measure B15)","https://sdmx.oecd.org/public/rest/data/OECD.ELS.IMD,DSD_MIG@DF_MIG,1.0/TUR.W.A.B15._T._Z._Z.PS?startPeriod=2010&endPeriod=2022&format=jsondata&dimensionAtObservation=AllDimensions","Foreign nationals registered in the Address Based Population Registration System (ABPRS/ADNKS), TurkStat, as compiled by OECD IMD. Reference date 31 December. EXCLUDES Syrians under temporary protection, who are registered separately (approx. 3.6 million in 2021).",,,,,,,,,,,,,268003.0,See note,"Ada Ş. (2024), Türkiye'de düzensiz göç ile mücadele, Göç İdaresi Başkanlığı (GİB) yıllık düzensiz göçmen yakalama verileri (DergiPark)",https://dergipark.org.tr/tr/download/article-file/3843070,"ENFORCEMENT/TRANSIT FLOW, not a stock: irregular migrants apprehended during calendar year 2018. Administrative apprehension count published by DGMM/PMM. Syrians under temporary protection excluded.",,,3.29212878997785,,A,,A,,,,,,B,"Each annual figure appears in the archived DergiPark article, which reproduces the GİB series.",,,,,,,,,,,,,,,,,,,,,,,,,,,
Turkey,TUR,TR,792,1,0,2019,82579440,A,"World Bank, World Development Indicators (SP.POP.TOTL), sourced from UN World Population Prospects and national statistical offices",https://api.worldbank.org/v2/country/all/indicator/SP.POP.TOTL,85357672,-3.254812291506732,2668594.0,0.0323154770727435,See note,"OECD International Migration Database (stocks of foreign-born population, measure B14)","https://sdmx.oecd.org/public/rest/data/OECD.ELS.IMD,DSD_MIG_F@DF_MIG_POPF,1.0/TUR.W.A.B14._T._Z._Z.PS?startPeriod=2010&endPeriod=2022&format=jsondata&dimensionAtObservation=AllDimensions","Foreign-born population, OECD IMD series sourced from TurkStat. Unlike the foreign-national (B15) series, this INCLUDES Syrians under temporary protection, which explains the much larger level.",1211034.0,0.0146650788622446,31 December,"OECD International Migration Database (stocks of foreign population, measure B15)","https://sdmx.oecd.org/public/rest/data/OECD.ELS.IMD,DSD_MIG@DF_MIG,1.0/TUR.W.A.B15._T._Z._Z.PS?startPeriod=2010&endPeriod=2022&format=jsondata&dimensionAtObservation=AllDimensions","Foreign nationals registered in the Address Based Population Registration System (ABPRS/ADNKS), TurkStat, as compiled by OECD IMD. Reference date 31 December. EXCLUDES Syrians under temporary protection, who are registered separately (approx. 3.6 million in 2021).",,,,,,,,,,,,,454662.0,See note,"Ada Ş. (2024), Türkiye'de düzensiz göç ile mücadele, Göç İdaresi Başkanlığı (GİB) yıllık düzensiz göçmen yakalama verileri (DergiPark)",https://dergipark.org.tr/tr/download/article-file/3843070,"ENFORCEMENT/TRANSIT FLOW, not a stock: irregular migrants apprehended during calendar year 2019 (peak year on record). Administrative apprehension count published by DGMM/PMM. Syrians under temporary protection excluded. Independently corroborated at 454,662 by AIDA/ECRE country report on Turkiye citing PMM.",,,5.505753005832929,,A,,A,,,,,,B,"Each annual figure appears in the archived DergiPark article, which reproduces the GİB series.",,,,,,,,,,,,,,,,,,,,,,,,,,,
Turkey,TUR,TR,792,1,0,2020,83384680,A,"World Bank, World Development Indicators (SP.POP.TOTL), sourced from UN World Population Prospects and national statistical offices",https://api.worldbank.org/v2/country/all/indicator/SP.POP.TOTL,86091692,-3.144335925004239,2609982.0,0.031300497885223,See note,"OECD International Migration Database (stocks of foreign-born population, measure B14)","https://sdmx.oecd.org/public/rest/data/OECD.ELS.IMD,DSD_MIG_F@DF_MIG_POPF,1.0/TUR.W.A.B14._T._Z._Z.PS?startPeriod=2010&endPeriod=2022&format=jsondata&dimensionAtObservation=AllDimensions","Foreign-born population, OECD IMD series sourced from TurkStat. Unlike the foreign-national (B15) series, this INCLUDES Syrians under temporary protection, which explains the much larger level.",1531180.0,0.0183628455490864,31 December,"OECD International Migration Database (stocks of foreign population, measure B15)","https://sdmx.oecd.org/public/rest/data/OECD.ELS.IMD,DSD_MIG@DF_MIG,1.0/TUR.W.A.B15._T._Z._Z.PS?startPeriod=2010&endPeriod=2022&format=jsondata&dimensionAtObservation=AllDimensions","Foreign nationals registered in the Address Based Population Registration System (ABPRS/ADNKS), TurkStat, as compiled by OECD IMD. Reference date 31 December. EXCLUDES Syrians under temporary protection, who are registered separately (approx. 3.6 million in 2021).",,,,,,,,,,,,,122302.0,See note,"Ada Ş. (2024), Türkiye'de düzensiz göç ile mücadele, Göç İdaresi Başkanlığı (GİB) yıllık düzensiz göçmen yakalama verileri (DergiPark)",https://dergipark.org.tr/tr/download/article-file/3843070,"ENFORCEMENT/TRANSIT FLOW, not a stock: irregular migrants apprehended during calendar year 2020 (COVID-19 border closures). Administrative apprehension count published by DGMM/PMM. Syrians under temporary protection excluded.",,,1.466720265641122,,A,,A,,,,,,B,"Each annual figure appears in the archived DergiPark article, which reproduces the GİB series.",,,,,,,,,,,,,,,,,,,,,,,,,,,
Turkey,TUR,TR,792,1,0,2021,84147318,A,"World Bank, World Development Indicators (SP.POP.TOTL), sourced from UN World Population Prospects and national statistical offices",https://api.worldbank.org/v2/country/all/indicator/SP.POP.TOTL,86686253,-2.92887846934623,3141351.0,0.0373315641503868,See note,"OECD International Migration Database (stocks of foreign-born population, measure B14)","https://sdmx.oecd.org/public/rest/data/OECD.ELS.IMD,DSD_MIG_F@DF_MIG_POPF,1.0/TUR.W.A.B14._T._Z._Z.PS?startPeriod=2010&endPeriod=2022&format=jsondata&dimensionAtObservation=AllDimensions","Foreign-born population, OECD IMD series sourced from TurkStat. Unlike the foreign-national (B15) series, this INCLUDES Syrians under temporary protection, which explains the much larger level.",1792036.0,0.0212964125606475,31 December,"OECD International Migration Database (stocks of foreign population, measure B15)","https://sdmx.oecd.org/public/rest/data/OECD.ELS.IMD,DSD_MIG@DF_MIG,1.0/TUR.W.A.B15._T._Z._Z.PS?startPeriod=2010&endPeriod=2022&format=jsondata&dimensionAtObservation=AllDimensions","Foreign nationals registered in the Address Based Population Registration System (ABPRS/ADNKS), TurkStat, as compiled by OECD IMD. Reference date 31 December. EXCLUDES Syrians under temporary protection, who are registered separately (approx. 3.6 million in 2021).",,,,,,,,,,,,,162996.0,See note,"Ada Ş. (2024), Türkiye'de düzensiz göç ile mücadele, Göç İdaresi Başkanlığı (GİB) yıllık düzensiz göçmen yakalama verileri (DergiPark)",https://dergipark.org.tr/tr/download/article-file/3843070,"ENFORCEMENT/TRANSIT FLOW, not a stock: irregular migrants apprehended during calendar year 2021. Administrative apprehension count published by DGMM/PMM (cited as GIB 2024h). Syrians under temporary protection excluded. Same value also appears in the AYBU-GPM Turkiye Goc ve Insan Hareketlilikleri Yillik Raporu 2021. The adjacent values in this source for 2019, 2020, 2022 and 2023 match the DGMM figures exactly, which anchors the 2021 reading.",,,1.9370314333726,,A,,A,,,,,,B,"Each annual figure appears in the archived DergiPark article, which reproduces the GİB series.",,,,,,,,,,,,,,,,,,,,,,,,,,,
Turkey,TUR,TR,792,1,0,2022,84979913,A,"World Bank, World Development Indicators (SP.POP.TOTL), sourced from UN World Population Prospects and national statistical offices",https://api.worldbank.org/v2/country/all/indicator/SP.POP.TOTL,87058473,-2.387544748229159,3242683.0,0.0381582292276528,See note,"OECD International Migration Database (stocks of foreign-born population, measure B14)","https://sdmx.oecd.org/public/rest/data/OECD.ELS.IMD,DSD_MIG_F@DF_MIG_POPF,1.0/TUR.W.A.B14._T._Z._Z.PS?startPeriod=2010&endPeriod=2022&format=jsondata&dimensionAtObservation=AllDimensions","Foreign-born population, OECD IMD series sourced from TurkStat. Unlike the foreign-national (B15) series, this INCLUDES Syrians under temporary protection, which explains the much larger level.",1823836.0,0.0214619659589437,31 December,"OECD International Migration Database (stocks of foreign population, measure B15)","https://sdmx.oecd.org/public/rest/data/OECD.ELS.IMD,DSD_MIG@DF_MIG,1.0/TUR.W.A.B15._T._Z._Z.PS?startPeriod=2010&endPeriod=2022&format=jsondata&dimensionAtObservation=AllDimensions","Foreign nationals registered in the Address Based Population Registration System (ABPRS/ADNKS), TurkStat, as compiled by OECD IMD. Reference date 31 December. EXCLUDES Syrians under temporary protection, who are registered separately (approx. 3.6 million in 2021).",,,,,,,,,,,,,285027.0,See note,"Ada Ş. (2024), Türkiye'de düzensiz göç ile mücadele, Göç İdaresi Başkanlığı (GİB) yıllık düzensiz göçmen yakalama verileri (DergiPark)",https://dergipark.org.tr/tr/download/article-file/3843070,"ENFORCEMENT/TRANSIT FLOW, not a stock: irregular migrants apprehended during calendar year 2022. Administrative apprehension count published by DGMM/PMM. Syrians under temporary protection excluded. Verbatim: '2022de 285 bin 27'.",,,3.354051445075026,,A,,A,,,,,,B,"Each annual figure appears in the archived DergiPark article, which reproduces the GİB series.",,,,,,,,,,,,,,,,,,,,,,,,,,,
United Kingdom,GBR,GB,826,1,0,2010,62766365,A,"World Bank, World Development Indicators (SP.POP.TOTL), sourced from UN World Population Prospects and national statistical offices",https://api.worldbank.org/v2/country/all/indicator/SP.POP.TOTL,63006483,-0.3811004654870198,7119664.0,0.1134311983814898,1 January,Eurostat [migr_pop3ctb],https://ec.europa.eu/eurostat/api/dissemination/statistics/1.0/data/migr_pop3ctb?format=JSON&lang=EN&geo=UK&age=TOTAL&sex=T&unit=NR&c_birth=FOR&sinceTimePeriod=2010&untilTimePeriod=2022,stock at 1 Jan; c_birth=FOR (born in a foreign country); Eurostat UK series ends at 1 Jan 2019,4435587.0,0.0706682153729947,1 January,Eurostat [migr_pop1ctz],https://ec.europa.eu/eurostat/api/dissemination/statistics/1.0/data/migr_pop1ctz?format=JSON&lang=EN&geo=UK&age=TOTAL&sex=T&unit=NR&citizen=FOR_STLS&sinceTimePeriod=2010&untilTimePeriod=2022,stock at 1 Jan; citizen=FOR_STLS (foreign citizens incl. stateless); Eurostat UK series ends at 1 Jan 2019,,,,,,,,,,,,,53700.0,Full calendar year (flow),"Eurostat, Third country nationals found to be illegally present (migr_eipre)",https://ec.europa.eu/eurostat/databrowser/view/migr_eipre/default/table,"Eurostat enforcement statistic - annual flow of detections, NOT a stock. Dataset migr_eipre, dimensions freq=A citizen=TOTAL reason=TOTAL apprehen=TOTAL sex=T age=TOTAL unit=PER. Rounded to nearest 5 by Eurostat. Eurostat geo code UK. Series ends in 2019; the UK stopped reporting after leaving the EU.",,,0.8555537667347791,,A,,A,,,,,,A,,,,,,,,,,,,,,,,,,,,,,,,,,,,
United Kingdom,GBR,GB,826,1,0,2011,63258810,A,"World Bank, World Development Indicators (SP.POP.TOTL), sourced from UN World Population Prospects and national statistical offices",https://api.worldbank.org/v2/country/all/indicator/SP.POP.TOTL,63509285,-0.3943911508372359,7342547.0,0.1160715321707759,1 January,Eurostat [migr_pop3ctb],https://ec.europa.eu/eurostat/api/dissemination/statistics/1.0/data/migr_pop3ctb?format=JSON&lang=EN&geo=UK&age=TOTAL&sex=T&unit=NR&c_birth=FOR&sinceTimePeriod=2010&untilTimePeriod=2022,stock at 1 Jan; c_birth=FOR (born in a foreign country); Eurostat UK series ends at 1 Jan 2019,4546862.0,0.0718771345840998,1 January,Eurostat [migr_pop1ctz],https://ec.europa.eu/eurostat/api/dissemination/statistics/1.0/data/migr_pop1ctz?format=JSON&lang=EN&geo=UK&age=TOTAL&sex=T&unit=NR&citizen=FOR_STLS&sinceTimePeriod=2010&untilTimePeriod=2022,stock at 1 Jan; citizen=FOR_STLS (foreign citizens incl. stateless); Eurostat UK series ends at 1 Jan 2019,,,,,,,,,,,,,54150.0,Full calendar year (flow),"Eurostat, Third country nationals found to be illegally present (migr_eipre)",https://ec.europa.eu/eurostat/databrowser/view/migr_eipre/default/table,"Eurostat enforcement statistic - annual flow of detections, NOT a stock. Dataset migr_eipre, dimensions freq=A citizen=TOTAL reason=TOTAL apprehen=TOTAL sex=T age=TOTAL unit=PER. Rounded to nearest 5 by Eurostat. Eurostat geo code UK. Series ends in 2019; the UK stopped reporting after leaving the EU.",,,0.8560072502154246,,A,,A,,,,,,A,,,,,,,,,,,,,,,,,,,,,,,,,,,,
United Kingdom,GBR,GB,826,1,0,2012,63711000,A,"World Bank, World Development Indicators (SP.POP.TOTL), sourced from UN World Population Prospects and national statistical offices",https://api.worldbank.org/v2/country/all/indicator/SP.POP.TOTL,63960484,-0.3900595874165055,7762334.0,0.1218366373153772,1 January,Eurostat [migr_pop3ctb],https://ec.europa.eu/eurostat/api/dissemination/statistics/1.0/data/migr_pop3ctb?format=JSON&lang=EN&geo=UK&age=TOTAL&sex=T&unit=NR&c_birth=FOR&sinceTimePeriod=2010&untilTimePeriod=2022,stock at 1 Jan; c_birth=FOR (born in a foreign country); Eurostat UK series ends at 1 Jan 2019,4884405.0,0.0766650185996138,1 January,Eurostat [migr_pop1ctz],https://ec.europa.eu/eurostat/api/dissemination/statistics/1.0/data/migr_pop1ctz?format=JSON&lang=EN&geo=UK&age=TOTAL&sex=T&unit=NR&citizen=FOR_STLS&sinceTimePeriod=2010&untilTimePeriod=2022,stock at 1 Jan; citizen=FOR_STLS (foreign citizens incl. stateless); Eurostat UK series ends at 1 Jan 2019,,,,,,,,,,,,,49365.0,Full calendar year (flow),"Eurostat, Third country nationals found to be illegally present (migr_eipre)",https://ec.europa.eu/eurostat/databrowser/view/migr_eipre/default/table,"Eurostat enforcement statistic - annual flow of detections, NOT a stock. Dataset migr_eipre, dimensions freq=A citizen=TOTAL reason=TOTAL apprehen=TOTAL sex=T age=TOTAL unit=PER. Rounded to nearest 5 by Eurostat. Eurostat geo code UK. Series ends in 2019; the UK stopped reporting after leaving the EU.",,,0.7748269529594576,,A,,A,,,,,,A,,,,,,,,,,,,,,,,,,,,,,,,,,,,
United Kingdom,GBR,GB,826,1,0,2013,64138000,A,"World Bank, World Development Indicators (SP.POP.TOTL), sourced from UN World Population Prospects and national statistical offices",https://api.worldbank.org/v2/country/all/indicator/SP.POP.TOTL,64389388,-0.3904183714248068,7923428.0,0.1235371854438866,1 January,Eurostat [migr_pop3ctb],https://ec.europa.eu/eurostat/api/dissemination/statistics/1.0/data/migr_pop3ctb?format=JSON&lang=EN&geo=UK&age=TOTAL&sex=T&unit=NR&c_birth=FOR&sinceTimePeriod=2010&untilTimePeriod=2022,stock at 1 Jan; c_birth=FOR (born in a foreign country); Eurostat UK series ends at 1 Jan 2019,4978600.0,0.0776232498674732,1 January,Eurostat [migr_pop1ctz],https://ec.europa.eu/eurostat/api/dissemination/statistics/1.0/data/migr_pop1ctz?format=JSON&lang=EN&geo=UK&age=TOTAL&sex=T&unit=NR&citizen=FOR_STLS&sinceTimePeriod=2010&untilTimePeriod=2022,stock at 1 Jan; citizen=FOR_STLS (foreign citizens incl. stateless); Eurostat UK series ends at 1 Jan 2019,,,,,,,,,,,,,57415.0,Full calendar year (flow),"Eurostat, Third country nationals found to be illegally present (migr_eipre)",https://ec.europa.eu/eurostat/databrowser/view/migr_eipre/default/table,"Eurostat enforcement statistic - annual flow of detections, NOT a stock. Dataset migr_eipre, dimensions freq=A citizen=TOTAL reason=TOTAL apprehen=TOTAL sex=T age=TOTAL unit=PER. Rounded to nearest 5 by Eurostat. Eurostat geo code UK. Series ends in 2019; the UK stopped reporting after leaving the EU.",,,0.8951791449686612,,A,,A,,,,,,A,,,,,,,,,,,,,,,,,,,,,,,,,,,,
United Kingdom,GBR,GB,826,1,0,2014,64619000,A,"World Bank, World Development Indicators (SP.POP.TOTL), sourced from UN World Population Prospects and national statistical offices",https://api.worldbank.org/v2/country/all/indicator/SP.POP.TOTL,64865916,-0.3806559981362169,8039324.0,0.1244111484238381,1 January,Eurostat [migr_pop3ctb],https://ec.europa.eu/eurostat/api/dissemination/statistics/1.0/data/migr_pop3ctb?format=JSON&lang=EN&geo=UK&age=TOTAL&sex=T&unit=NR&c_birth=FOR&sinceTimePeriod=2010&untilTimePeriod=2022,stock at 1 Jan; c_birth=FOR (born in a foreign country); Eurostat UK series ends at 1 Jan 2019,5049401.0,0.0781411194849812,1 January,Eurostat [migr_pop1ctz],https://ec.europa.eu/eurostat/api/dissemination/statistics/1.0/data/migr_pop1ctz?format=JSON&lang=EN&geo=UK&age=TOTAL&sex=T&unit=NR&citizen=FOR_STLS&sinceTimePeriod=2010&untilTimePeriod=2022,stock at 1 Jan; citizen=FOR_STLS (foreign citizens incl. stateless); Eurostat UK series ends at 1 Jan 2019,,,,,,,,,,,,,65365.0,Full calendar year (flow),"Eurostat, Third country nationals found to be illegally present (migr_eipre)",https://ec.europa.eu/eurostat/databrowser/view/migr_eipre/default/table,"Eurostat enforcement statistic - annual flow of detections, NOT a stock. Dataset migr_eipre, dimensions freq=A citizen=TOTAL reason=TOTAL apprehen=TOTAL sex=T age=TOTAL unit=PER. Rounded to nearest 5 by Eurostat. Eurostat geo code UK. Series ends in 2019; the UK stopped reporting after leaving the EU.",,,1.01154459214782,,A,,A,,,,,,A,,,,,,,,,,,,,,,,,,,,,,,,,,,,
United Kingdom,GBR,GB,826,1,0,2015,65087000,A,"World Bank, World Development Indicators (SP.POP.TOTL), sourced from UN World Population Prospects and national statistical offices",https://api.worldbank.org/v2/country/all/indicator/SP.POP.TOTL,65382110,-0.4513620010122035,8406996.0,0.1291655169235024,1 January,Eurostat [migr_pop3ctb],https://ec.europa.eu/eurostat/api/dissemination/statistics/1.0/data/migr_pop3ctb?format=JSON&lang=EN&geo=UK&age=TOTAL&sex=T&unit=NR&c_birth=FOR&sinceTimePeriod=2010&untilTimePeriod=2022,stock at 1 Jan; c_birth=FOR (born in a foreign country); Eurostat UK series ends at 1 Jan 2019,5419192.0,0.0832607433127967,1 January,Eurostat [migr_pop1ctz],https://ec.europa.eu/eurostat/api/dissemination/statistics/1.0/data/migr_pop1ctz?format=JSON&lang=EN&geo=UK&age=TOTAL&sex=T&unit=NR&citizen=FOR_STLS&sinceTimePeriod=2010&untilTimePeriod=2022,stock at 1 Jan; citizen=FOR_STLS (foreign citizens incl. stateless); Eurostat UK series ends at 1 Jan 2019,,,,,,,,,,,,,70020.0,Full calendar year (flow),"Eurostat, Third country nationals found to be illegally present (migr_eipre)",https://ec.europa.eu/eurostat/databrowser/view/migr_eipre/default/table,"Eurostat enforcement statistic - annual flow of detections, NOT a stock. Dataset migr_eipre, dimensions freq=A citizen=TOTAL reason=TOTAL apprehen=TOTAL sex=T age=TOTAL unit=PER. Rounded to nearest 5 by Eurostat. Eurostat geo code UK. Series ends in 2019; the UK stopped reporting after leaving the EU.",,,1.075790864535161,,A,,A,,,,,,A,,,,,,,,,,,,,,,,,,,,,,,,,,,,
United Kingdom,GBR,GB,826,1,0,2016,65606000,A,"World Bank, World Development Indicators (SP.POP.TOTL), sourced from UN World Population Prospects and national statistical offices",https://api.worldbank.org/v2/country/all/indicator/SP.POP.TOTL,65893358,-0.4360955469897285,8696511.0,0.1325566411608694,1 January,Eurostat [migr_pop3ctb],https://ec.europa.eu/eurostat/api/dissemination/statistics/1.0/data/migr_pop3ctb?format=JSON&lang=EN&geo=UK&age=TOTAL&sex=T&unit=NR&c_birth=FOR&sinceTimePeriod=2010&untilTimePeriod=2022,stock at 1 Jan; c_birth=FOR (born in a foreign country); Eurostat UK series ends at 1 Jan 2019,5639712.0,0.0859633570100295,1 January,Eurostat [migr_pop1ctz],https://ec.europa.eu/eurostat/api/dissemination/statistics/1.0/data/migr_pop1ctz?format=JSON&lang=EN&geo=UK&age=TOTAL&sex=T&unit=NR&citizen=FOR_STLS&sinceTimePeriod=2010&untilTimePeriod=2022,stock at 1 Jan; citizen=FOR_STLS (foreign citizens incl. stateless); Eurostat UK series ends at 1 Jan 2019,,,,,,,,,,,,,59895.0,Full calendar year (flow),"Eurostat, Third country nationals found to be illegally present (migr_eipre)",https://ec.europa.eu/eurostat/databrowser/view/migr_eipre/default/table,"Eurostat enforcement statistic - annual flow of detections, NOT a stock. Dataset migr_eipre, dimensions freq=A citizen=TOTAL reason=TOTAL apprehen=TOTAL sex=T age=TOTAL unit=PER. Rounded to nearest 5 by Eurostat. Eurostat geo code UK. Series ends in 2019; the UK stopped reporting after leaving the EU.",,,0.9129500350577692,,A,,A,,,,,,A,,,,,,,,,,,,,,,,,,,,,,,,,,,,
United Kingdom,GBR,GB,826,1,0,2017,65964000,A,"World Bank, World Development Indicators (SP.POP.TOTL), sourced from UN World Population Prospects and national statistical offices",https://api.worldbank.org/v2/country/all/indicator/SP.POP.TOTL,66354471,-0.5884622303748003,9298018.0,0.1409559456673337,1 January,Eurostat [migr_pop3ctb],https://ec.europa.eu/eurostat/api/dissemination/statistics/1.0/data/migr_pop3ctb?format=JSON&lang=EN&geo=UK&age=TOTAL&sex=T&unit=NR&c_birth=FOR&sinceTimePeriod=2010&untilTimePeriod=2022,stock at 1 Jan; c_birth=FOR (born in a foreign country); Eurostat UK series ends at 1 Jan 2019,6073524.0,0.0920733127160269,1 January,Eurostat [migr_pop1ctz],https://ec.europa.eu/eurostat/api/dissemination/statistics/1.0/data/migr_pop1ctz?format=JSON&lang=EN&geo=UK&age=TOTAL&sex=T&unit=NR&citizen=FOR_STLS&sinceTimePeriod=2010&untilTimePeriod=2022,stock at 1 Jan; citizen=FOR_STLS (foreign citizens incl. stateless); Eurostat UK series ends at 1 Jan 2019,800000.0,0.0121278272997392,See note,"Pew Research Center (2019, revised 18 March 2025), Appendix E: Updated unauthorized immigrant population estimates for Europe and the United Kingdom, 2014-2017",https://www.pewresearch.org/global/2019/11/13/eu-unauthorized-immigrants-appendix-e-updated-unauthorized-immigrant-population-estimates-for-europe-and-the-united-kingdom-2014-2017/,"Pew publishes a RANGE, not a point estimate. This cell is the midpoint of the published 700,000–900,000 range in Appendix E. Use the range, not the midpoint, for any claim about level.",1.0,,,,,,54910.0,Full calendar year (flow),"Eurostat, Third country nationals found to be illegally present (migr_eipre)",https://ec.europa.eu/eurostat/databrowser/view/migr_eipre/default/table,"Eurostat enforcement statistic - annual flow of detections, NOT a stock. Dataset migr_eipre, dimensions freq=A citizen=TOTAL reason=TOTAL apprehen=TOTAL sex=T age=TOTAL unit=PER. Rounded to nearest 5 by Eurostat. Eurostat geo code UK. Series ends in 2019; the UK stopped reporting after leaving the EU.",,,0.8324237462858529,,A,,A,,C,Published range read from the archived Appendix E table.,,,A,,,,,,,,,,,,,,,,yes,midpoint of the published range,"700,000–900,000 (Pew Appendix E, thousands)",,,,,,,,,,
United Kingdom,GBR,GB,826,1,0,2018,66287000,A,"World Bank, World Development Indicators (SP.POP.TOTL), sourced from UN World Population Prospects and national statistical offices",https://api.worldbank.org/v2/country/all/indicator/SP.POP.TOTL,66752475,-0.6973149684712066,9512464.0,0.1435042165130417,1 January,Eurostat [migr_pop3ctb],https://ec.europa.eu/eurostat/api/dissemination/statistics/1.0/data/migr_pop3ctb?format=JSON&lang=EN&geo=UK&age=TOTAL&sex=T&unit=NR&c_birth=FOR&sinceTimePeriod=2010&untilTimePeriod=2022,stock at 1 Jan; c_birth=FOR (born in a foreign country); Eurostat UK series ends at 1 Jan 2019,6285974.0,0.0948296649418438,1 January,Eurostat [migr_pop1ctz],https://ec.europa.eu/eurostat/api/dissemination/statistics/1.0/data/migr_pop1ctz?format=JSON&lang=EN&geo=UK&age=TOTAL&sex=T&unit=NR&citizen=FOR_STLS&sinceTimePeriod=2010&untilTimePeriod=2022,stock at 1 Jan; citizen=FOR_STLS (foreign citizens incl. stateless); Eurostat UK series ends at 1 Jan 2019,,,,,,,,,,,,,27830.0,Full calendar year (flow),"Eurostat, Third country nationals found to be illegally present (migr_eipre)",https://ec.europa.eu/eurostat/databrowser/view/migr_eipre/default/table,"Eurostat enforcement statistic - annual flow of detections, NOT a stock. Dataset migr_eipre, dimensions freq=A citizen=TOTAL reason=TOTAL apprehen=TOTAL sex=T age=TOTAL unit=PER. Rounded to nearest 5 by Eurostat. Eurostat geo code UK. Series ends in 2019; the UK stopped reporting after leaving the EU.",,,0.4198409944634694,,A,,A,,,,,,A,,,,,,,,,,,,,,,,,,,,,,,,,,,,
United Kingdom,GBR,GB,826,1,0,2019,66628000,A,"World Bank, World Development Indicators (SP.POP.TOTL), sourced from UN World Population Prospects and national statistical offices",https://api.worldbank.org/v2/country/all/indicator/SP.POP.TOTL,67110958,-0.719641045803578,9469015.0,0.1421176532388785,1 January,Eurostat [migr_pop3ctb],https://ec.europa.eu/eurostat/api/dissemination/statistics/1.0/data/migr_pop3ctb?format=JSON&lang=EN&geo=UK&age=TOTAL&sex=T&unit=NR&c_birth=FOR&sinceTimePeriod=2010&untilTimePeriod=2022,stock at 1 Jan; c_birth=FOR (born in a foreign country); Eurostat UK series ends at 1 Jan 2019,6171948.0,0.0926329471093234,1 January,Eurostat [migr_pop1ctz],https://ec.europa.eu/eurostat/api/dissemination/statistics/1.0/data/migr_pop1ctz?format=JSON&lang=EN&geo=UK&age=TOTAL&sex=T&unit=NR&citizen=FOR_STLS&sinceTimePeriod=2010&untilTimePeriod=2022,stock at 1 Jan; citizen=FOR_STLS (foreign citizens incl. stateless); Eurostat UK series ends at 1 Jan 2019,,,,,,,,,,,,,22275.0,Full calendar year (flow),"Eurostat, Third country nationals found to be illegally present (migr_eipre)",https://ec.europa.eu/eurostat/databrowser/view/migr_eipre/default/table,"Eurostat enforcement statistic - annual flow of detections, NOT a stock. Dataset migr_eipre, dimensions freq=A citizen=TOTAL reason=TOTAL apprehen=TOTAL sex=T age=TOTAL unit=PER. Rounded to nearest 5 by Eurostat. Eurostat geo code UK. Series ends in 2019; the UK stopped reporting after leaving the EU.",,,0.3343189049648796,,A,,A,,,,,,A,,,,,,,,,,,,,,,,,,,,,,,,,,,,
United Kingdom,GBR,GB,826,1,0,2020,66740000,A,"World Bank, World Development Indicators (SP.POP.TOTL), sourced from UN World Population Prospects and national statistical offices",https://api.worldbank.org/v2/country/all/indicator/SP.POP.TOTL,67351861,-0.9084544820520994,9200000.0,0.1378483667965238,Year ending June,"ONS, Population of the UK by country of birth and nationality",https://www.ons.gov.uk/peoplepopulationandcommunity/populationandmigration/internationalmigration/bulletins/ukpopulationbycountryofbirthandnationality/yearendingjune2020,"estimate for year ending June 2020 (Annual Population Survey), NOT stock at 1 Jan; non-UK-born population; published rounded to the nearest 0.1 million, so value is exact only to +/-50000; series discontinued after June 2021; not comparable with the Eurostat 1 Jan series",6000000.0,0.0899011087803416,Year ending June,"ONS, Population of the UK by country of birth and nationality",https://www.ons.gov.uk/peoplepopulationandcommunity/populationandmigration/internationalmigration/bulletins/ukpopulationbycountryofbirthandnationality/yearendingjune2020,"estimate for year ending June 2020 (Annual Population Survey), NOT stock at 1 Jan; non-British national population; published rounded to the nearest 0.1 million, so value is exact only to +/-50000; series discontinued after June 2021; not comparable with the Eurostat 1 Jan series",,,,,,,,,,,,,,,,,,,,,,A,,B,The published figure appears in the archived source document.,,,,,,,,,,,,,,,,,,,,,,,,,,,,,,,,,
United Kingdom,GBR,GB,826,1,0,2021,66978000,A,"World Bank, World Development Indicators (SP.POP.TOTL), sourced from UN World Population Prospects and national statistical offices",https://api.worldbank.org/v2/country/all/indicator/SP.POP.TOTL,67668792,-1.020842813331144,9600000.0,0.143330645883723,Year ending June,"ONS, Population of the UK by country of birth and nationality",https://www.ons.gov.uk/peoplepopulationandcommunity/populationandmigration/internationalmigration/bulletins/ukpopulationbycountryofbirthandnationality/yearendingjune2021,"estimate for year ending June 2021 (Annual Population Survey), NOT stock at 1 Jan; non-UK-born population; published rounded to the nearest 0.1 million, so value is exact only to +/-50000; series discontinued after June 2021; not comparable with the Eurostat 1 Jan series",6000000.0,0.0895816536773268,Year ending June,"ONS, Population of the UK by country of birth and nationality",https://www.ons.gov.uk/peoplepopulationandcommunity/populationandmigration/internationalmigration/bulletins/ukpopulationbycountryofbirthandnationality/yearendingjune2021,"estimate for year ending June 2021 (Annual Population Survey), NOT stock at 1 Jan; non-British national population; published rounded to the nearest 0.1 million, so value is exact only to +/-50000; series discontinued after June 2021; not comparable with the Eurostat 1 Jan series",,,,,,,,,,,,,,,,,,,,,,B,The published figure appears in the archived source document.,B,The published figure appears in the archived source document.,,,,,,,,,,,,,,,,,,,,,,,,,,,,,,,,,
United Kingdom,GBR,GB,826,1,0,2022,67636000,A,"World Bank, World Development Indicators (SP.POP.TOTL), sourced from UN World Population Prospects and national statistical offices",https://api.worldbank.org/v2/country/all/indicator/SP.POP.TOTL,68179315,-0.7968912565343316,,,,,,,,,,,,,,,,,,,,,,,,,,,,,,,,,,,,,,,,,,,,,,,,,,,,,,,,,,,,,,,,,,,,,,
United States,USA,US,840,1,1,2010,309378227,A,"World Bank, World Development Indicators (SP.POP.TOTL), sourced from UN World Population Prospects and national statistical offices",https://api.worldbank.org/v2/country/all/indicator/SP.POP.TOTL,311062790,-0.5415507910798331,39916875.0,0.1290228966242023,Census reference date,"OECD International Migration Database (stocks of foreign-born population, measure B14)","https://sdmx.oecd.org/public/rest/data/OECD.ELS.IMD,DSD_MIG_F@DF_MIG_POPF,1.0/USA.W.A.B14._T._Z._Z.PS?startPeriod=2010&endPeriod=2022&format=jsondata&dimensionAtObservation=AllDimensions","Foreign-born resident population, Census Bureau American Community Survey 1-year estimates, as compiled by OECD IMD. The 2020 value derives from the ACS 2020 experimental estimates because the standard 2020 1-year release was not published.",21640993.0,0.0699499548169561,Census reference date,"OECD International Migration Database (stocks of foreign population, measure B15)","https://sdmx.oecd.org/public/rest/data/OECD.ELS.IMD,DSD_MIG@DF_MIG,1.0/USA.W.A.B15._T._Z._Z.PS?startPeriod=2010&endPeriod=2022&format=jsondata&dimensionAtObservation=AllDimensions","Non-citizen (foreign national) resident population from the Census Bureau American Community Survey, as compiled by OECD IMD. OECD publishes some values with decimals; rounded to the nearest whole person here.",11590000.0,0.0374622355050214,1 January,"DHS Office of Homeland Security Statistics, Estimates of the Unauthorized Immigrant Population Residing in the United States: January 2015-January 2018, Table A2-1",https://ohss.dhs.gov/sites/default/files/2023-12/unauthorized_immigrant_population_estimates_2015_-_2018.pdf,"Modelled resident stock (ACS residual method), reference date 1 January 2010. AMBIGUITY FLAG: Table A2-1 prints TWO values for 2010 (10,790,000 and 11,590,000) reflecting a revision to align with the 2010 Census. 11,590,000 is recorded here because it is continuous with the 2011-2018 series; 10,790,000 is retained as an alternative row. Verify against the PDF before publication. Value read independently by two extractions.",3.0,,,,,,,,,,,,,,,A,,A,,B,The published figure appears in the archived source document.,,,,,,,,,,,,,,,,,,,,,,,,,,,,,,,
United States,USA,US,840,1,1,2011,311839461,A,"World Bank, World Development Indicators (SP.POP.TOTL), sourced from UN World Population Prospects and national statistical offices",https://api.worldbank.org/v2/country/all/indicator/SP.POP.TOTL,314105078,-0.721292700654779,40381570.0,0.1294947402439231,Census reference date,"OECD International Migration Database (stocks of foreign-born population, measure B14)","https://sdmx.oecd.org/public/rest/data/OECD.ELS.IMD,DSD_MIG_F@DF_MIG_POPF,1.0/USA.W.A.B14._T._Z._Z.PS?startPeriod=2010&endPeriod=2022&format=jsondata&dimensionAtObservation=AllDimensions","Foreign-born resident population, Census Bureau American Community Survey 1-year estimates, as compiled by OECD IMD. The 2020 value derives from the ACS 2020 experimental estimates because the standard 2020 1-year release was not published.",22225536.0,0.0712723653662292,Census reference date,"OECD International Migration Database (stocks of foreign population, measure B15)","https://sdmx.oecd.org/public/rest/data/OECD.ELS.IMD,DSD_MIG@DF_MIG,1.0/USA.W.A.B15._T._Z._Z.PS?startPeriod=2010&endPeriod=2022&format=jsondata&dimensionAtObservation=AllDimensions","Non-citizen (foreign national) resident population from the Census Bureau American Community Survey, as compiled by OECD IMD. OECD publishes some values with decimals; rounded to the nearest whole person here.",11510000.0,0.036910017619611,1 January,"DHS Office of Homeland Security Statistics, Estimates of the Unauthorized Immigrant Population Residing in the United States: January 2015-January 2018, Table A2-1",https://ohss.dhs.gov/sites/default/files/2023-12/unauthorized_immigrant_population_estimates_2015_-_2018.pdf,"Modelled resident stock (ACS residual method), reference date 1 January 2011. Read directly from Table A2-1 and independently confirmed by a second extraction. CORRECTION: an earlier pass recorded 11,600,000 from a rounded chart; that value was wrong.",2.0,,,,,,,,,,,,,,,A,,A,,B,The published figure appears in the archived source document.,,,,,,,,,,,,,,,,,,,,,,,,,,,,,,,
United States,USA,US,840,1,1,2012,314339099,A,"World Bank, World Development Indicators (SP.POP.TOTL), sourced from UN World Population Prospects and national statistical offices",https://api.worldbank.org/v2/country/all/indicator/SP.POP.TOTL,317115355,-0.8754719556232148,40738224.0,0.1295996079698631,Census reference date,"OECD International Migration Database (stocks of foreign-born population, measure B14)","https://sdmx.oecd.org/public/rest/data/OECD.ELS.IMD,DSD_MIG_F@DF_MIG_POPF,1.0/USA.W.A.B14._T._Z._Z.PS?startPeriod=2010&endPeriod=2022&format=jsondata&dimensionAtObservation=AllDimensions","Foreign-born resident population, Census Bureau American Community Survey 1-year estimates, as compiled by OECD IMD. The 2020 value derives from the ACS 2020 experimental estimates because the standard 2020 1-year release was not published.",22114981.0,0.0703538982912208,Census reference date,"OECD International Migration Database (stocks of foreign population, measure B15)","https://sdmx.oecd.org/public/rest/data/OECD.ELS.IMD,DSD_MIG@DF_MIG,1.0/USA.W.A.B15._T._Z._Z.PS?startPeriod=2010&endPeriod=2022&format=jsondata&dimensionAtObservation=AllDimensions","Non-citizen (foreign national) resident population from the Census Bureau American Community Survey, as compiled by OECD IMD. OECD publishes some values with decimals; rounded to the nearest whole person here.",11430000.0,0.0363620053514246,1 January,"DHS Office of Homeland Security Statistics, Estimates of the Unauthorized Immigrant Population Residing in the United States: January 2015-January 2018, Table A2-1",https://ohss.dhs.gov/sites/default/files/2023-12/unauthorized_immigrant_population_estimates_2015_-_2018.pdf,"Modelled resident stock (ACS residual method), reference date 1 January 2012. Read directly from Table A2-1; confirmed by two independent extractions.",1.0,,,,,,,,,,,,,,,A,,A,,B,The published figure appears in the archived source document.,,,,,,,,,,,,,,,,,,,,,,,,,,,,,,,
United States,USA,US,840,1,1,2013,316726282,A,"World Bank, World Development Indicators (SP.POP.TOTL), sourced from UN World Population Prospects and national statistical offices",https://api.worldbank.org/v2/country/all/indicator/SP.POP.TOTL,320110759,-1.057283113686285,41344354.0,0.1305365432225166,Census reference date,"OECD International Migration Database (stocks of foreign-born population, measure B14)","https://sdmx.oecd.org/public/rest/data/OECD.ELS.IMD,DSD_MIG_F@DF_MIG_POPF,1.0/USA.W.A.B14._T._Z._Z.PS?startPeriod=2010&endPeriod=2022&format=jsondata&dimensionAtObservation=AllDimensions","Foreign-born resident population, Census Bureau American Community Survey 1-year estimates, as compiled by OECD IMD. The 2020 value derives from the ACS 2020 experimental estimates because the standard 2020 1-year release was not published.",22016426.0,0.0695124694451469,Census reference date,"OECD International Migration Database (stocks of foreign population, measure B15)","https://sdmx.oecd.org/public/rest/data/OECD.ELS.IMD,DSD_MIG@DF_MIG,1.0/USA.W.A.B15._T._Z._Z.PS?startPeriod=2010&endPeriod=2022&format=jsondata&dimensionAtObservation=AllDimensions","Non-citizen (foreign national) resident population from the Census Bureau American Community Survey, as compiled by OECD IMD. OECD publishes some values with decimals; rounded to the nearest whole person here.",11210000.0,0.0353933368876536,1 January,"DHS Office of Homeland Security Statistics, Estimates of the Unauthorized Immigrant Population Residing in the United States: January 2015-January 2018, Table A2-1",https://ohss.dhs.gov/sites/default/files/2023-12/unauthorized_immigrant_population_estimates_2015_-_2018.pdf,"Modelled resident stock (ACS residual method), reference date 1 January 2013. Read directly from Table A2-1; confirmed by two independent extractions.",1.0,,,,,,,,,,,,,,,A,,A,,B,The published figure appears in the archived source document.,,,,,,,,,,,,,,,,,,,,,,,,,,,,,,,
United States,USA,US,840,1,1,2014,319257560,A,"World Bank, World Development Indicators (SP.POP.TOTL), sourced from UN World Population Prospects and national statistical offices",https://api.worldbank.org/v2/country/all/indicator/SP.POP.TOTL,323115377,-1.19394410622556,42390705.0,0.1327790170419143,Census reference date,"OECD International Migration Database (stocks of foreign-born population, measure B14)","https://sdmx.oecd.org/public/rest/data/OECD.ELS.IMD,DSD_MIG_F@DF_MIG_POPF,1.0/USA.W.A.B14._T._Z._Z.PS?startPeriod=2010&endPeriod=2022&format=jsondata&dimensionAtObservation=AllDimensions","Foreign-born resident population, Census Bureau American Community Survey 1-year estimates, as compiled by OECD IMD. The 2020 value derives from the ACS 2020 experimental estimates because the standard 2020 1-year release was not published.",21325130.0,0.0667960063341961,Census reference date,"OECD International Migration Database (stocks of foreign population, measure B15)","https://sdmx.oecd.org/public/rest/data/OECD.ELS.IMD,DSD_MIG@DF_MIG,1.0/USA.W.A.B15._T._Z._Z.PS?startPeriod=2010&endPeriod=2022&format=jsondata&dimensionAtObservation=AllDimensions","Non-citizen (foreign national) resident population from the Census Bureau American Community Survey, as compiled by OECD IMD. OECD publishes some values with decimals; rounded to the nearest whole person here.",11460000.0,0.0358957827028434,1 January,"DHS Office of Homeland Security Statistics, Estimates of the Unauthorized Immigrant Population Residing in the United States: January 2015-January 2018, Table A2-1",https://ohss.dhs.gov/sites/default/files/2023-12/unauthorized_immigrant_population_estimates_2015_-_2018.pdf,"Modelled resident stock (ACS residual method), reference date 1 January 2014. Read directly from Table A2-1; confirmed by two independent extractions.",1.0,,,,,,,,,,,,,,,A,,A,,B,The published figure appears in the archived source document.,,,,,,,,,,,,,,,,,,,,,,,,,,,,,,,
United States,USA,US,840,1,1,2015,321815121,A,"World Bank, World Development Indicators (SP.POP.TOTL), sourced from UN World Population Prospects and national statistical offices",https://api.worldbank.org/v2/country/all/indicator/SP.POP.TOTL,326126497,-1.321995004901426,43289646.0,0.1345171285472319,Census reference date,"OECD International Migration Database (stocks of foreign-born population, measure B14)","https://sdmx.oecd.org/public/rest/data/OECD.ELS.IMD,DSD_MIG_F@DF_MIG_POPF,1.0/USA.W.A.B14._T._Z._Z.PS?startPeriod=2010&endPeriod=2022&format=jsondata&dimensionAtObservation=AllDimensions","Foreign-born resident population, Census Bureau American Community Survey 1-year estimates, as compiled by OECD IMD. The 2020 value derives from the ACS 2020 experimental estimates because the standard 2020 1-year release was not published.",22236160.0,0.0690960696032676,Census reference date,"OECD International Migration Database (stocks of foreign population, measure B15)","https://sdmx.oecd.org/public/rest/data/OECD.ELS.IMD,DSD_MIG@DF_MIG,1.0/USA.W.A.B15._T._Z._Z.PS?startPeriod=2010&endPeriod=2022&format=jsondata&dimensionAtObservation=AllDimensions","Non-citizen (foreign national) resident population from the Census Bureau American Community Survey, as compiled by OECD IMD. OECD publishes some values with decimals; rounded to the nearest whole person here.",11440000.0,0.0355483606999311,1 January,"DHS Office of Homeland Security Statistics, Estimates of the Unauthorized Immigrant Population Residing in the United States: January 2015-January 2018, Table A2-1",https://ohss.dhs.gov/sites/default/files/2023-12/unauthorized_immigrant_population_estimates_2015_-_2018.pdf,"Modelled resident stock (ACS residual method), reference date 1 January 2015. AMBIGUITY FLAG: Table A2-1 prints TWO values for 2015 (11,960,000 and 11,440,000) reflecting a methodology update. 11,440,000 is recorded as the report's current-methodology figure; 11,960,000 is retained as an alternative row. Verify against the PDF before publication.",2.0,,,,,,,,,,,,,,,A,,A,,B,The published figure appears in the archived source document.,,,,,,,,,,,,,,,,,,,,,,,,,,,,,,,
United States,USA,US,840,1,1,2016,324353340,A,"World Bank, World Development Indicators (SP.POP.TOTL), sourced from UN World Population Prospects and national statistical offices",https://api.worldbank.org/v2/country/all/indicator/SP.POP.TOTL,329179427,-1.466096178604746,43738901.0,0.1348495471019352,Census reference date,"OECD International Migration Database (stocks of foreign-born population, measure B14)","https://sdmx.oecd.org/public/rest/data/OECD.ELS.IMD,DSD_MIG_F@DF_MIG_POPF,1.0/USA.W.A.B14._T._Z._Z.PS?startPeriod=2010&endPeriod=2022&format=jsondata&dimensionAtObservation=AllDimensions","Foreign-born resident population, Census Bureau American Community Survey 1-year estimates, as compiled by OECD IMD. The 2020 value derives from the ACS 2020 experimental estimates because the standard 2020 1-year release was not published.",22824242.0,0.0703684506532289,Census reference date,"OECD International Migration Database (stocks of foreign population, measure B15)","https://sdmx.oecd.org/public/rest/data/OECD.ELS.IMD,DSD_MIG@DF_MIG,1.0/USA.W.A.B15._T._Z._Z.PS?startPeriod=2010&endPeriod=2022&format=jsondata&dimensionAtObservation=AllDimensions","Non-citizen (foreign national) resident population from the Census Bureau American Community Survey, as compiled by OECD IMD. OECD publishes some values with decimals; rounded to the nearest whole person here.",11750000.0,0.0362259257142226,1 January,"DHS Office of Homeland Security Statistics, Estimates of the Unauthorized Immigrant Population Residing in the United States: January 2015-January 2018, Table A2-1",https://ohss.dhs.gov/sites/default/files/2023-12/unauthorized_immigrant_population_estimates_2015_-_2018.pdf,"Modelled resident stock (ACS residual method), reference date 1 January 2016. Read directly from Table A2-1; confirmed by two independent extractions.",1.0,,,,,,,,,,,,,,,A,,A,,B,The published figure appears in the archived source document.,,,,,,,,,,,,,,,,,,,,,,,,,,,,,,,
United States,USA,US,840,1,1,2017,326608609,A,"World Bank, World Development Indicators (SP.POP.TOTL), sourced from UN World Population Prospects and national statistical offices",https://api.worldbank.org/v2/country/all/indicator/SP.POP.TOTL,332204660,-1.684519115415178,44525458.0,0.1363266514508807,Census reference date,"OECD International Migration Database (stocks of foreign-born population, measure B14)","https://sdmx.oecd.org/public/rest/data/OECD.ELS.IMD,DSD_MIG_F@DF_MIG_POPF,1.0/USA.W.A.B14._T._Z._Z.PS?startPeriod=2010&endPeriod=2022&format=jsondata&dimensionAtObservation=AllDimensions","Foreign-born resident population, Census Bureau American Community Survey 1-year estimates, as compiled by OECD IMD. The 2020 value derives from the ACS 2020 experimental estimates because the standard 2020 1-year release was not published.",22758740.0,0.0696819966555137,Census reference date,"OECD International Migration Database (stocks of foreign population, measure B15)","https://sdmx.oecd.org/public/rest/data/OECD.ELS.IMD,DSD_MIG@DF_MIG,1.0/USA.W.A.B15._T._Z._Z.PS?startPeriod=2010&endPeriod=2022&format=jsondata&dimensionAtObservation=AllDimensions","Non-citizen (foreign national) resident population from the Census Bureau American Community Survey, as compiled by OECD IMD. OECD publishes some values with decimals; rounded to the nearest whole person here.",11410000.0,0.0349347803015198,1 January,"DHS Office of Homeland Security Statistics, Estimates of the Unauthorized Immigrant Population Residing in the United States: January 2015-January 2018, Table A2-1",https://ohss.dhs.gov/sites/default/files/2023-12/unauthorized_immigrant_population_estimates_2015_-_2018.pdf,"Modelled resident stock (ACS residual method), reference date 1 January 2017. Read directly from Table A2-1; confirmed by two independent extractions.",2.0,,,,,,,,,,,,,,,A,,A,,B,The published figure appears in the archived source document.,,,,,,,,,,,,,,,,,,,,,,,,,,,,,,,
United States,USA,US,840,1,1,2018,328529577,A,"World Bank, World Development Indicators (SP.POP.TOTL), sourced from UN World Population Prospects and national statistical offices",https://api.worldbank.org/v2/country/all/indicator/SP.POP.TOTL,335056497,-1.948005801540986,44728502.0,0.1361475651855845,Census reference date,"OECD International Migration Database (stocks of foreign-born population, measure B14)","https://sdmx.oecd.org/public/rest/data/OECD.ELS.IMD,DSD_MIG_F@DF_MIG_POPF,1.0/USA.W.A.B14._T._Z._Z.PS?startPeriod=2010&endPeriod=2022&format=jsondata&dimensionAtObservation=AllDimensions","Foreign-born resident population, Census Bureau American Community Survey 1-year estimates, as compiled by OECD IMD. The 2020 value derives from the ACS 2020 experimental estimates because the standard 2020 1-year release was not published.",22941910.0,0.0698320991659146,Census reference date,"OECD International Migration Database (stocks of foreign population, measure B15)","https://sdmx.oecd.org/public/rest/data/OECD.ELS.IMD,DSD_MIG@DF_MIG,1.0/USA.W.A.B15._T._Z._Z.PS?startPeriod=2010&endPeriod=2022&format=jsondata&dimensionAtObservation=AllDimensions","Non-citizen (foreign national) resident population from the Census Bureau American Community Survey, as compiled by OECD IMD. OECD publishes some values with decimals; rounded to the nearest whole person here.",11390000.0,0.0346696334132497,1 January,"DHS Office of Homeland Security Statistics, Estimates of the Unauthorized Immigrant Population Residing in the United States: January 2015-January 2018, Table A2-1",https://ohss.dhs.gov/sites/default/files/2023-12/unauthorized_immigrant_population_estimates_2015_-_2018.pdf,"Modelled resident stock (ACS residual method), reference date 1 January 2018. Read directly from Table A2-1; confirmed by two independent extractions. NOTE: the later DHS report (Baker & Warren 2024) revises January 2018 to 11,570,000; that revision is in the Long sheet.",2.0,,,,,,,,,,,,,,,A,,A,,B,The published figure appears in the archived source document.,,,,,,,,,,,,,,,,,,,,,,,,,,,,,,,
United States,USA,US,840,1,1,2019,330226227,A,"World Bank, World Development Indicators (SP.POP.TOTL), sourced from UN World Population Prospects and national statistical offices",https://api.worldbank.org/v2/country/all/indicator/SP.POP.TOTL,337790067,-2.239213268518047,44932799.0,0.1360667182864309,Census reference date,"OECD International Migration Database (stocks of foreign-born population, measure B14)","https://sdmx.oecd.org/public/rest/data/OECD.ELS.IMD,DSD_MIG_F@DF_MIG_POPF,1.0/USA.W.A.B14._T._Z._Z.PS?startPeriod=2010&endPeriod=2022&format=jsondata&dimensionAtObservation=AllDimensions","Foreign-born resident population, Census Bureau American Community Survey 1-year estimates, as compiled by OECD IMD. The 2020 value derives from the ACS 2020 experimental estimates because the standard 2020 1-year release was not published.",22518810.0,0.0681920700380954,Census reference date,"OECD International Migration Database (stocks of foreign population, measure B15)","https://sdmx.oecd.org/public/rest/data/OECD.ELS.IMD,DSD_MIG@DF_MIG,1.0/USA.W.A.B15._T._Z._Z.PS?startPeriod=2010&endPeriod=2022&format=jsondata&dimensionAtObservation=AllDimensions","Non-citizen (foreign national) resident population from the Census Bureau American Community Survey, as compiled by OECD IMD. OECD publishes some values with decimals; rounded to the nearest whole person here.",11110000.0,0.0336436027535753,1 January,"DHS Office of Homeland Security Statistics (Baker & Warren 2024), Estimates of the Unauthorized Immigrant Population Residing in the United States: January 2018-January 2022, as reproduced in Choices Magazine (AAEA)",https://www.choicesmagazine.org/UserFiles/file/cmsarticle_991.pdf,"Modelled resident stock (ACS-based residual method). Reference date 1 January 2019. The ohss.dhs.gov PDF returns HTTP 403; value read from Table 3 of the AAEA Choices Magazine article, which reproduces the DHS/OHSS table with full attribution to Baker and Warren (2024).",3.0,,,,,,,,,,,,,,,A,,A,,B,The published figure appears in the archived source document.,,,,,,,,,,,,,,,,,,,,,,,,,,,,,,,
United States,USA,US,840,1,1,2020,331578104,A,"World Bank, World Development Indicators (SP.POP.TOTL), sourced from UN World Population Prospects and national statistical offices",https://api.worldbank.org/v2/country/all/indicator/SP.POP.TOTL,339436159,-2.31503179365166,44258250.0,0.1334776014039817,Census reference date,"OECD International Migration Database (stocks of foreign-born population, measure B14)","https://sdmx.oecd.org/public/rest/data/OECD.ELS.IMD,DSD_MIG_F@DF_MIG_POPF,1.0/USA.W.A.B14._T._Z._Z.PS?startPeriod=2010&endPeriod=2022&format=jsondata&dimensionAtObservation=AllDimensions","Foreign-born resident population, Census Bureau American Community Survey 1-year estimates, as compiled by OECD IMD. The 2020 value derives from the ACS 2020 experimental estimates because the standard 2020 1-year release was not published.",21433675.0,0.0646414064783964,Census reference date,"OECD International Migration Database (stocks of foreign population, measure B15)","https://sdmx.oecd.org/public/rest/data/OECD.ELS.IMD,DSD_MIG@DF_MIG,1.0/USA.W.A.B15._T._Z._Z.PS?startPeriod=2010&endPeriod=2022&format=jsondata&dimensionAtObservation=AllDimensions","Non-citizen (foreign national) resident population from the Census Bureau American Community Survey, as compiled by OECD IMD. OECD publishes some values with decimals; rounded to the nearest whole person here.",10510000.0,0.0316969060176542,1 January,"DHS Office of Homeland Security Statistics (Baker & Warren 2024), Estimates of the Unauthorized Immigrant Population Residing in the United States: January 2018-January 2022, as reproduced in Choices Magazine (AAEA)",https://www.choicesmagazine.org/UserFiles/file/cmsarticle_991.pdf,"Modelled resident stock (ACS-based residual method). Reference date 1 January 2020. The ohss.dhs.gov PDF returns HTTP 403; value read from Table 3 of the AAEA Choices Magazine article, which reproduces the DHS/OHSS table with full attribution. DHS published NO January 2021 estimate because the 2020 ACS was unusable for this purpose.",3.0,,,,,,,,,,,,,,,A,,A,,B,The published figure appears in the archived source document.,,,,,,,,,,,,,,,,,,,,,,,,,,,,,,,
United States,USA,US,840,1,1,2021,332100166,A,"World Bank, World Development Indicators (SP.POP.TOTL), sourced from UN World Population Prospects and national statistical offices",https://api.worldbank.org/v2/country/all/indicator/SP.POP.TOTL,340161441,-2.369837973493298,45272945.0,0.1363231628134747,Census reference date,"OECD International Migration Database (stocks of foreign-born population, measure B14)","https://sdmx.oecd.org/public/rest/data/OECD.ELS.IMD,DSD_MIG_F@DF_MIG_POPF,1.0/USA.W.A.B14._T._Z._Z.PS?startPeriod=2010&endPeriod=2022&format=jsondata&dimensionAtObservation=AllDimensions","Foreign-born resident population, Census Bureau American Community Survey 1-year estimates, as compiled by OECD IMD. The 2020 value derives from the ACS 2020 experimental estimates because the standard 2020 1-year release was not published.",22164662.0,0.0667408940710978,Census reference date,"OECD International Migration Database (stocks of foreign population, measure B15)","https://sdmx.oecd.org/public/rest/data/OECD.ELS.IMD,DSD_MIG@DF_MIG,1.0/USA.W.A.B15._T._Z._Z.PS?startPeriod=2010&endPeriod=2022&format=jsondata&dimensionAtObservation=AllDimensions","Non-citizen (foreign national) resident population from the Census Bureau American Community Survey, as compiled by OECD IMD. OECD publishes some values with decimals; rounded to the nearest whole person here.",10500000.0,0.0316169670327716,See note,"Pew Research Center, Q&A: How Pew Research Center estimates the number of unauthorized immigrants living in the U.S. (22 August 2025)",https://www.pewresearch.org/short-reads/2025/08/22/qa-how-pew-research-center-estimates-the-number-of-unauthorized-immigrants-living-in-the-us/,"Modelled resident stock (augmented residual method, ACS-based). Reference year 2021. 2025 revised vintage; source states the population 'grew from an estimated 10.5 million to 14 million' between 2021 and 2023.",4.0,,,,,,,,,,,,,,,A,,A,,B,The published figure appears in the archived source document.,,,,,,,,,,,,,,,,,,,,,,,,,,,,,,,
United States,USA,US,840,1,1,2022,333996304,A,"World Bank, World Development Indicators (SP.POP.TOTL), sourced from UN World Population Prospects and national statistical offices",https://api.worldbank.org/v2/country/all/indicator/SP.POP.TOTL,341534046,-2.20702506478666,47331480.0,0.1417125861368813,Census reference date,"OECD International Migration Database (stocks of foreign-born population, measure B14)","https://sdmx.oecd.org/public/rest/data/OECD.ELS.IMD,DSD_MIG_F@DF_MIG_POPF,1.0/USA.W.A.B14._T._Z._Z.PS?startPeriod=2010&endPeriod=2022&format=jsondata&dimensionAtObservation=AllDimensions","Foreign-born resident population, Census Bureau American Community Survey 1-year estimates, as compiled by OECD IMD. The 2020 value derives from the ACS 2020 experimental estimates because the standard 2020 1-year release was not published.",23825209.0,0.0713337504477295,Census reference date,"OECD International Migration Database (stocks of foreign population, measure B15)","https://sdmx.oecd.org/public/rest/data/OECD.ELS.IMD,DSD_MIG@DF_MIG,1.0/USA.W.A.B15._T._Z._Z.PS?startPeriod=2010&endPeriod=2022&format=jsondata&dimensionAtObservation=AllDimensions","Non-citizen (foreign national) resident population from the Census Bureau American Community Survey, as compiled by OECD IMD. OECD publishes some values with decimals; rounded to the nearest whole person here.",10990000.0,0.0329045557342454,1 January,"DHS Office of Homeland Security Statistics (Baker & Warren 2024), Estimates of the Unauthorized Immigrant Population Residing in the United States: January 2018-January 2022, as reproduced in Choices Magazine (AAEA)",https://www.choicesmagazine.org/UserFiles/file/cmsarticle_991.pdf,"Modelled resident stock (ACS-based residual method). Reference date 1 January 2022. Read from Table 3 of the AAEA Choices Magazine article reproducing the DHS/OHSS table. Independently corroborated at 10.99 million by the Social Security Bulletin (SSA, v85n2) and by US House Judiciary testimony (HHRG-119-JU10-Wstate-RodriguezJ).",5.0,,,,,,,,,,,,,,,A,,A,,B,The published figure appears in the archived source document.,,,,,,,,,,,,,,,,,,,,,,,,,,,,,,,
