iso3,variable,years,n_obs,from_workbook,source_name,source_url,retrieval,local_file,note,outcome,superseded_source_name,superseded_source_url
AUS,foreign_born,2010-2020,3,FILE1,"UN DESA Population Division, International Migrant Stock 2024: Total destination, Table 1",https://www.un.org/development/desa/pd/sites/www.un.org.development.desa.pd/files/undesa_pd_2024_ims_stock_by_sex_and_destination.xlsx,VERIFIED_API,data_raw/,Re-queried live and compared value by value on 2026-08-17,VERIFIED_API,,
AUS,foreign_born,2010-2022,13,FILE2,"OECD International Migration Database (stocks of foreign-born population, measure B14)","https://sdmx.oecd.org/public/rest/data/OECD.ELS.IMD,DSD_MIG_F@DF_MIG_POPF,1.0/AUS.W.A.B14._T._Z._Z.PS?startPeriod=2010&endPeriod=2022&format=jsondata&dimensionAtObservation=AllDimensions",VERIFIED_API,data_raw/,Re-queried live and compared value by value on 2026-08-17,VERIFIED_API,,
AUS,irregular,2011-2011,1,FILE1,"Australian Department of Immigration and Citizenship, Trends in Migration: Australia 2010–11, Table 11",https://www.homeaffairs.gov.au/research-and-stats/files/trends-in-migration-2010-11.pdf,ARCHIVED,irregular__4ff1da10a5__www.homeaffairs.gov.au.pdf,,DOWNLOADED,,
AUS,irregular,2015-2016,2,FILE1,"Australian Department of Immigration and Border Protection, Annual Report 2015–16",https://www.homeaffairs.gov.au/reports-and-pubs/Annualreports/dibp-annual-report-2015-16.pdf,ARCHIVED,irregular__9fcb57f01c__www.homeaffairs.gov.au.pdf,,DOWNLOADED,,
AUS,irregular_proxy_overstayers,2010-2011,2,FILE2,"ANU Press, A Long Way to Go, Chapter 2, Table 2.3 Estimated size of irregular migrant populations by region/country",https://press-files.anu.edu.au/downloads/press/n4016/html/ch02.xhtml,ARCHIVED,irregular_proxy_overstayers__6b569b4ed3__press-files.anu.edu.au.html,,DOWNLOADED,,
AUS,irregular_proxy_overstayers,2016-2016,1,FILE2,"Australian Department of Immigration and Border Protection, Senate Legal and Constitutional Affairs Committee, Budget Estimates Question on Notice BE17171",https://www.aph.gov.au/~/media/Committees/legcon_ctte/estimates/bud_1718/DIBP/QoNs/BE17171.pdf,ARCHIVED,irregular_proxy_overstayers__f49a534fbe__www.aph.gov.au.pdf,,DOWNLOADED,,
AUS,population,2010-2022,13,FILE1,"UN DESA Population Division, World Population Prospects 2024 (compact demographic indicators)",https://population.un.org/wpp/assets/Excel%20Files/1_Indicator%20(Standard)/EXCEL_FILES/1_General/WPP2024_GEN_F01_DEMOGRAPHIC_INDICATORS_COMPACT.xlsx,VERIFIED_API,data_raw/,Re-queried live and compared value by value on 2026-08-17,VERIFIED_API,,
AUS,population,2010-2022,13,FILE2,"World Bank, World Development Indicators (SP.POP.TOTL), sourced from UN World Population Prospects and national statistical offices",https://api.worldbank.org/v2/country/all/indicator/SP.POP.TOTL,VERIFIED_API,data_raw/,Re-queried live and compared value by value on 2026-08-17,VERIFIED_API,,
AUT,foreign_born,2010-2020,3,FILE1,"UN DESA Population Division, International Migrant Stock 2024: Total destination, Table 1",https://www.un.org/development/desa/pd/sites/www.un.org.development.desa.pd/files/undesa_pd_2024_ims_stock_by_sex_and_destination.xlsx,VERIFIED_API,data_raw/,Re-queried live and compared value by value on 2026-08-17,VERIFIED_API,,
AUT,foreign_born,2010-2022,13,FILE2,Eurostat [migr_pop3ctb],https://ec.europa.eu/eurostat/api/dissemination/statistics/1.0/data/migr_pop3ctb?format=JSON&lang=EN&geo=AT&age=TOTAL&sex=T&unit=NR&c_birth=FOR&sinceTimePeriod=2010&untilTimePeriod=2022,VERIFIED_API,data_raw/,Re-queried live and compared value by value on 2026-08-17,VERIFIED_API,,
AUT,foreign_nationals,2010-2022,13,FILE2,Eurostat [migr_pop1ctz],https://ec.europa.eu/eurostat/api/dissemination/statistics/1.0/data/migr_pop1ctz?format=JSON&lang=EN&geo=AT&age=TOTAL&sex=T&unit=NR&citizen=FOR_STLS&sinceTimePeriod=2010&untilTimePeriod=2022,VERIFIED_API,data_raw/,Re-queried live and compared value by value on 2026-08-17,VERIFIED_API,,
AUT,irregular,2010-2022,13,FILE1,"Eurostat MIGR_EIPRE, Third-country nationals found to be illegally present – annual data (rounded)",https://ec.europa.eu/eurostat/api/dissemination/statistics/1.0/data/migr_eipre?freq=A&reason=TOTAL&apprehen=TOTAL&citizen=TOTAL&sex=T&age=TOTAL&unit=PER&geo=AT&lang=en,VERIFIED_API,data_raw/,Re-queried live and compared value by value on 2026-08-17,VERIFIED_API,,
AUT,irregular_proxy_detections,2010-2022,13,FILE2,"Eurostat, Third country nationals found to be illegally present (migr_eipre)",https://ec.europa.eu/eurostat/databrowser/view/migr_eipre/default/table,VERIFIED_API,data_raw/,Re-queried live and compared value by value on 2026-08-17,VERIFIED_API,,
AUT,irregular_stock,2014-2017,1,TRACED,"Pew Research Center (2019), Appendix B: unauthorized immigrant population trends WITH waiting asylum seekers, by country",https://www.pewresearch.org/global/2019/11/13/eu-unauthorized-immigrants-appendix-b-unauthorized-immigrant-population-trends-with-waiting-asylum-seekers-by-country/,ARCHIVED,irregular_stock__Pew2019_AppendixB_published_ranges.pdf,The published range table. Panel values are midpoints of these ranges and are flagged as derived.,DOWNLOADED,,
AUT,irregular_stock,2017-2017,1,FILE2,"Pew Research Center (2019), Europe's Unauthorized Immigrant Population Peaks in 2016, Then Levels Off",https://www.pewresearch.org/global/2019/11/13/europes-unauthorized-immigrant-population-peaks-in-2016-then-levels-off/,ARCHIVED,irregular_stock__dccd321871__www.pewresearch.org.html,,DOWNLOADED,,
AUT,population,2010-2022,13,FILE1,"UN DESA Population Division, World Population Prospects 2024 (compact demographic indicators)",https://population.un.org/wpp/assets/Excel%20Files/1_Indicator%20(Standard)/EXCEL_FILES/1_General/WPP2024_GEN_F01_DEMOGRAPHIC_INDICATORS_COMPACT.xlsx,VERIFIED_API,data_raw/,Re-queried live and compared value by value on 2026-08-17,VERIFIED_API,,
AUT,population,2010-2022,13,FILE2,"World Bank, World Development Indicators (SP.POP.TOTL), sourced from UN World Population Prospects and national statistical offices",https://api.worldbank.org/v2/country/all/indicator/SP.POP.TOTL,VERIFIED_API,data_raw/,Re-queried live and compared value by value on 2026-08-17,VERIFIED_API,,
BEL,foreign_born,2010-2020,3,FILE1,"UN DESA Population Division, International Migrant Stock 2024: Total destination, Table 1",https://www.un.org/development/desa/pd/sites/www.un.org.development.desa.pd/files/undesa_pd_2024_ims_stock_by_sex_and_destination.xlsx,VERIFIED_API,data_raw/,Re-queried live and compared value by value on 2026-08-17,VERIFIED_API,,
BEL,foreign_born,2010-2022,13,FILE2,Eurostat [migr_pop3ctb],https://ec.europa.eu/eurostat/api/dissemination/statistics/1.0/data/migr_pop3ctb?format=JSON&lang=EN&geo=BE&age=TOTAL&sex=T&unit=NR&c_birth=FOR&sinceTimePeriod=2010&untilTimePeriod=2022,VERIFIED_API,data_raw/,Re-queried live and compared value by value on 2026-08-17,VERIFIED_API,,
BEL,foreign_nationals,2010-2022,13,FILE2,Eurostat [migr_pop1ctz],https://ec.europa.eu/eurostat/api/dissemination/statistics/1.0/data/migr_pop1ctz?format=JSON&lang=EN&geo=BE&age=TOTAL&sex=T&unit=NR&citizen=FOR_STLS&sinceTimePeriod=2010&untilTimePeriod=2022,VERIFIED_API,data_raw/,Re-queried live and compared value by value on 2026-08-17,VERIFIED_API,,
BEL,irregular,2010-2022,13,FILE1,"Eurostat MIGR_EIPRE, Third-country nationals found to be illegally present – annual data (rounded)",https://ec.europa.eu/eurostat/api/dissemination/statistics/1.0/data/migr_eipre?freq=A&reason=TOTAL&apprehen=TOTAL&citizen=TOTAL&sex=T&age=TOTAL&unit=PER&geo=BE&lang=en,VERIFIED_API,data_raw/,Re-queried live and compared value by value on 2026-08-17,VERIFIED_API,,
BEL,irregular_proxy_detections,2010-2022,13,FILE2,"Eurostat, Third country nationals found to be illegally present (migr_eipre)",https://ec.europa.eu/eurostat/databrowser/view/migr_eipre/default/table,VERIFIED_API,data_raw/,Re-queried live and compared value by value on 2026-08-17,VERIFIED_API,,
BEL,population,2010-2022,13,FILE1,"UN DESA Population Division, World Population Prospects 2024 (compact demographic indicators)",https://population.un.org/wpp/assets/Excel%20Files/1_Indicator%20(Standard)/EXCEL_FILES/1_General/WPP2024_GEN_F01_DEMOGRAPHIC_INDICATORS_COMPACT.xlsx,VERIFIED_API,data_raw/,Re-queried live and compared value by value on 2026-08-17,VERIFIED_API,,
BEL,population,2010-2022,13,FILE2,"World Bank, World Development Indicators (SP.POP.TOTL), sourced from UN World Population Prospects and national statistical offices",https://api.worldbank.org/v2/country/all/indicator/SP.POP.TOTL,VERIFIED_API,data_raw/,Re-queried live and compared value by value on 2026-08-17,VERIFIED_API,,
BGR,foreign_born,2010-2020,3,FILE1,"UN DESA Population Division, International Migrant Stock 2024: Total destination, Table 1",https://www.un.org/development/desa/pd/sites/www.un.org.development.desa.pd/files/undesa_pd_2024_ims_stock_by_sex_and_destination.xlsx,VERIFIED_API,data_raw/,Re-queried live and compared value by value on 2026-08-17,VERIFIED_API,,
BGR,foreign_born,2011-2022,12,FILE2,Eurostat [migr_pop3ctb],https://ec.europa.eu/eurostat/api/dissemination/statistics/1.0/data/migr_pop3ctb?format=JSON&lang=EN&geo=BG&age=TOTAL&sex=T&unit=NR&c_birth=FOR&sinceTimePeriod=2010&untilTimePeriod=2022,VERIFIED_API,data_raw/,Re-queried live and compared value by value on 2026-08-17,VERIFIED_API,,
BGR,foreign_nationals,2010-2022,13,FILE2,Eurostat [migr_pop1ctz],https://ec.europa.eu/eurostat/api/dissemination/statistics/1.0/data/migr_pop1ctz?format=JSON&lang=EN&geo=BG&age=TOTAL&sex=T&unit=NR&citizen=FOR_STLS&sinceTimePeriod=2010&untilTimePeriod=2022,VERIFIED_API,data_raw/,Re-queried live and compared value by value on 2026-08-17,VERIFIED_API,,
BGR,irregular,2010-2022,13,FILE1,"Eurostat MIGR_EIPRE, Third-country nationals found to be illegally present – annual data (rounded)",https://ec.europa.eu/eurostat/api/dissemination/statistics/1.0/data/migr_eipre?freq=A&reason=TOTAL&apprehen=TOTAL&citizen=TOTAL&sex=T&age=TOTAL&unit=PER&geo=BG&lang=en,VERIFIED_API,data_raw/,Re-queried live and compared value by value on 2026-08-17,VERIFIED_API,,
BGR,irregular_proxy_detections,2010-2022,13,FILE2,"Eurostat, Third country nationals found to be illegally present (migr_eipre)",https://ec.europa.eu/eurostat/databrowser/view/migr_eipre/default/table,VERIFIED_API,data_raw/,Re-queried live and compared value by value on 2026-08-17,VERIFIED_API,,
BGR,population,2010-2022,13,FILE1,"UN DESA Population Division, World Population Prospects 2024 (compact demographic indicators)",https://population.un.org/wpp/assets/Excel%20Files/1_Indicator%20(Standard)/EXCEL_FILES/1_General/WPP2024_GEN_F01_DEMOGRAPHIC_INDICATORS_COMPACT.xlsx,VERIFIED_API,data_raw/,Re-queried live and compared value by value on 2026-08-17,VERIFIED_API,,
BGR,population,2010-2022,13,FILE2,"World Bank, World Development Indicators (SP.POP.TOTL), sourced from UN World Population Prospects and national statistical offices",https://api.worldbank.org/v2/country/all/indicator/SP.POP.TOTL,VERIFIED_API,data_raw/,Re-queried live and compared value by value on 2026-08-17,VERIFIED_API,,
CHE,foreign_born,2010-2020,3,FILE1,"UN DESA Population Division, International Migrant Stock 2024: Total destination, Table 1",https://www.un.org/development/desa/pd/sites/www.un.org.development.desa.pd/files/undesa_pd_2024_ims_stock_by_sex_and_destination.xlsx,VERIFIED_API,data_raw/,Re-queried live and compared value by value on 2026-08-17,VERIFIED_API,,
CHE,foreign_born,2011-2022,12,FILE2,Eurostat [migr_pop3ctb],https://ec.europa.eu/eurostat/api/dissemination/statistics/1.0/data/migr_pop3ctb?format=JSON&lang=EN&geo=CH&age=TOTAL&sex=T&unit=NR&c_birth=FOR&sinceTimePeriod=2010&untilTimePeriod=2022,VERIFIED_API,data_raw/,Re-queried live and compared value by value on 2026-08-17,VERIFIED_API,,
CHE,foreign_nationals,2010-2022,13,FILE2,Eurostat [migr_pop1ctz],https://ec.europa.eu/eurostat/api/dissemination/statistics/1.0/data/migr_pop1ctz?format=JSON&lang=EN&geo=CH&age=TOTAL&sex=T&unit=NR&citizen=FOR_STLS&sinceTimePeriod=2010&untilTimePeriod=2022,VERIFIED_API,data_raw/,Re-queried live and compared value by value on 2026-08-17,VERIFIED_API,,
CHE,irregular,2010-2022,13,FILE1,"Eurostat MIGR_EIPRE, Third-country nationals found to be illegally present – annual data (rounded)",https://ec.europa.eu/eurostat/api/dissemination/statistics/1.0/data/migr_eipre?freq=A&reason=TOTAL&apprehen=TOTAL&citizen=TOTAL&sex=T&age=TOTAL&unit=PER&geo=CH&lang=en,VERIFIED_API,data_raw/,Re-queried live and compared value by value on 2026-08-17,VERIFIED_API,,
CHE,irregular_proxy_detections,2010-2022,13,FILE2,"Eurostat, Third country nationals found to be illegally present (migr_eipre)",https://ec.europa.eu/eurostat/databrowser/view/migr_eipre/default/table,VERIFIED_API,data_raw/,Re-queried live and compared value by value on 2026-08-17,VERIFIED_API,,
CHE,irregular_stock,2014-2017,1,TRACED,"Pew Research Center (2019), Appendix B: unauthorized immigrant population trends WITH waiting asylum seekers, by country",https://www.pewresearch.org/global/2019/11/13/eu-unauthorized-immigrants-appendix-b-unauthorized-immigrant-population-trends-with-waiting-asylum-seekers-by-country/,ARCHIVED,irregular_stock__Pew2019_AppendixB_published_ranges.pdf,The published range table. Panel values are midpoints of these ranges and are flagged as derived.,DOWNLOADED,,
CHE,irregular_stock,2015-2015,1,FILE2,"SRF News, ""SEM schatzt Zahl der Sans-Papiers in der Schweiz auf 76'000"" (25 April 2016), reporting the SEM study on its release",https://www.srf.ch/news/schweiz/schweiz-sem-schaetzt-zahl-der-sans-papiers-in-der-schweiz-auf-76-000,ARCHIVED,irregular_stock__SRF_SEM_76000_sanspapiers_CORROBORATION.html,"The SEM study PDF originally cited now returns HTTP 404. The 76,000 figure is stated in this report on the study's release; the study's own range was 58,000-105,000.",SUBSTITUTED,"Morlok, Oswald, Meier, Efionayi-Mader, Ruedin, Bader, Wanner (2015), Sans-Papiers in der Schweiz 2015, State Secretariat for Migration (SEM)",https://www.sem.admin.ch/dam/sem/de/data/internationales/illegale-migration/sans_papiers/ber-sanspapiers-2015-d.pdf
CHE,irregular_stock,2017-2017,1,FILE2,"Pew Research Center (2019), Europe's Unauthorized Immigrant Population Peaks in 2016, Then Levels Off",https://www.pewresearch.org/global/2019/11/13/europes-unauthorized-immigrant-population-peaks-in-2016-then-levels-off/,ARCHIVED,irregular_stock__dccd321871__www.pewresearch.org.html,,DOWNLOADED,,
CHE,population,2010-2022,13,FILE1,"UN DESA Population Division, World Population Prospects 2024 (compact demographic indicators)",https://population.un.org/wpp/assets/Excel%20Files/1_Indicator%20(Standard)/EXCEL_FILES/1_General/WPP2024_GEN_F01_DEMOGRAPHIC_INDICATORS_COMPACT.xlsx,VERIFIED_API,data_raw/,Re-queried live and compared value by value on 2026-08-17,VERIFIED_API,,
CHE,population,2010-2022,13,FILE2,"World Bank, World Development Indicators (SP.POP.TOTL), sourced from UN World Population Prospects and national statistical offices",https://api.worldbank.org/v2/country/all/indicator/SP.POP.TOTL,VERIFIED_API,data_raw/,Re-queried live and compared value by value on 2026-08-17,VERIFIED_API,,
CHL,foreign_born,2010-2020,3,FILE1,"UN DESA Population Division, International Migrant Stock 2024: Total destination, Table 1",https://www.un.org/development/desa/pd/sites/www.un.org.development.desa.pd/files/undesa_pd_2024_ims_stock_by_sex_and_destination.xlsx,VERIFIED_API,data_raw/,Re-queried live and compared value by value on 2026-08-17,VERIFIED_API,,
CHL,foreign_born,2010-2022,11,FILE2,"OECD International Migration Database (stocks of foreign-born population, measure B14)","https://sdmx.oecd.org/public/rest/data/OECD.ELS.IMD,DSD_MIG_F@DF_MIG_POPF,1.0/CHL.W.A.B14._T._Z._Z.PS?startPeriod=2010&endPeriod=2022&format=jsondata&dimensionAtObservation=AllDimensions",VERIFIED_API,data_raw/,Re-queried live and compared value by value on 2026-08-17,VERIFIED_API,,
CHL,foreign_nationals,2017-2022,6,FILE2,"OECD International Migration Database (stocks of foreign population, measure B15)","https://sdmx.oecd.org/public/rest/data/OECD.ELS.IMD,DSD_MIG@DF_MIG,1.0/CHL.W.A.B15._T._Z._Z.PS?startPeriod=2010&endPeriod=2022&format=jsondata&dimensionAtObservation=AllDimensions",VERIFIED_API,data_raw/,Re-queried live and compared value by value on 2026-08-17,VERIFIED_API,,
CHL,irregular_stock,2018-2022,5,FILE2,"Instituto Nacional de Estadisticas (INE) and Servicio Nacional de Migraciones (SERMIG), Estimacion de Personas Extranjeras Residentes Habituales en Chile 2023 - Sintesis (2022 methodology series)",https://www.ine.gob.cl/docs/default-source/demografia-y-migracion/publicaciones-y-anuarios/migraci%C3%B3n-internacional/estimaci%C3%B3n-poblaci%C3%B3n-extranjera-en-chile-2018/sintesis-epe2023.pdf?sfvrsn=cc51129c_10,ARCHIVED,irregular_stock__f8f04e39ba__www.ine.gob.cl.pdf,,DOWNLOADED,,
CHL,irregular_stock,2022-2022,1,FILE2,"Instituto Nacional de Estadisticas (INE) de Chile, press release 29 December 2023",https://www.ine.gob.cl/sala-de-prensa/prensa/general/noticia/2023/12/29/poblaci%C3%B3n-extranjera-residente-en-chile-super%C3%B3-los-1-6-millones-de-personas-en-2022-con-un-6-6-de-ellas-en-situaci%C3%B3n-irregular,ARCHIVED,irregular_stock__84522ec4c7__www.ine.gob.cl.html,,DOWNLOADED,,
CHL,population,2010-2022,13,FILE1,"UN DESA Population Division, World Population Prospects 2024 (compact demographic indicators)",https://population.un.org/wpp/assets/Excel%20Files/1_Indicator%20(Standard)/EXCEL_FILES/1_General/WPP2024_GEN_F01_DEMOGRAPHIC_INDICATORS_COMPACT.xlsx,VERIFIED_API,data_raw/,Re-queried live and compared value by value on 2026-08-17,VERIFIED_API,,
CHL,population,2010-2022,13,FILE2,"World Bank, World Development Indicators (SP.POP.TOTL), sourced from UN World Population Prospects and national statistical offices",https://api.worldbank.org/v2/country/all/indicator/SP.POP.TOTL,VERIFIED_API,data_raw/,Re-queried live and compared value by value on 2026-08-17,VERIFIED_API,,
CHN,foreign_born,2010-2020,3,FILE1,"UN DESA Population Division, International Migrant Stock 2024: Total destination, Table 1",https://www.un.org/development/desa/pd/sites/www.un.org.development.desa.pd/files/undesa_pd_2024_ims_stock_by_sex_and_destination.xlsx,VERIFIED_API,data_raw/,Re-queried live and compared value by value on 2026-08-17,VERIFIED_API,,
CHN,foreign_born,2010-2020,3,FILE2,UN DESA International Migrant Stock (World Bank indicator SM.POP.TOTL),https://api.worldbank.org/v2/country/CHN;IND;PHL;RUS;ZAF;SUR;THA/indicator/SM.POP.TOTL?format=json&date=2010:2022&per_page=200,VERIFIED_API,data_raw/,Re-queried live and compared value by value on 2026-08-17,VERIFIED_API,,
CHN,foreign_nationals,2010-2010,1,FILE2,National Bureau of Statistics of China - 2010 Population Census (Sixth National Population Census),https://www.stats.gov.cn/english/NewsEvents/201104/t20110429_26451.html,ARCHIVED,foreign_nationals__06858e32fc__www.stats.gov.cn.html,,DOWNLOADED,,
CHN,foreign_nationals,2020-2020,1,FILE2,National Bureau of Statistics of China - Communique of the Seventh National Population Census (No. 8),https://www.stats.gov.cn/english/PressRelease/202105/t20210510_1817193.html,ARCHIVED,foreign_nationals__0bdd1c303b__www.stats.gov.cn.html,,DOWNLOADED,,
CHN,population,2010-2022,13,FILE1,"UN DESA Population Division, World Population Prospects 2024 (compact demographic indicators)",https://population.un.org/wpp/assets/Excel%20Files/1_Indicator%20(Standard)/EXCEL_FILES/1_General/WPP2024_GEN_F01_DEMOGRAPHIC_INDICATORS_COMPACT.xlsx,VERIFIED_API,data_raw/,Re-queried live and compared value by value on 2026-08-17,VERIFIED_API,,
CHN,population,2010-2022,13,FILE2,"World Bank, World Development Indicators (SP.POP.TOTL), sourced from UN World Population Prospects and national statistical offices",https://api.worldbank.org/v2/country/all/indicator/SP.POP.TOTL,VERIFIED_API,data_raw/,Re-queried live and compared value by value on 2026-08-17,VERIFIED_API,,
CZE,foreign_born,2010-2020,3,FILE1,"UN DESA Population Division, International Migrant Stock 2024: Total destination, Table 1",https://www.un.org/development/desa/pd/sites/www.un.org.development.desa.pd/files/undesa_pd_2024_ims_stock_by_sex_and_destination.xlsx,VERIFIED_API,data_raw/,Re-queried live and compared value by value on 2026-08-17,VERIFIED_API,,
CZE,foreign_born,2010-2022,13,FILE2,Eurostat [migr_pop3ctb],https://ec.europa.eu/eurostat/api/dissemination/statistics/1.0/data/migr_pop3ctb?format=JSON&lang=EN&geo=CZ&age=TOTAL&sex=T&unit=NR&c_birth=FOR&sinceTimePeriod=2010&untilTimePeriod=2022,VERIFIED_API,data_raw/,Re-queried live and compared value by value on 2026-08-17,VERIFIED_API,,
CZE,foreign_nationals,2010-2022,13,FILE2,Eurostat [migr_pop1ctz],https://ec.europa.eu/eurostat/api/dissemination/statistics/1.0/data/migr_pop1ctz?format=JSON&lang=EN&geo=CZ&age=TOTAL&sex=T&unit=NR&citizen=FOR_STLS&sinceTimePeriod=2010&untilTimePeriod=2022,VERIFIED_API,data_raw/,Re-queried live and compared value by value on 2026-08-17,VERIFIED_API,,
CZE,irregular,2010-2022,13,FILE1,"Eurostat MIGR_EIPRE, Third-country nationals found to be illegally present – annual data (rounded)",https://ec.europa.eu/eurostat/api/dissemination/statistics/1.0/data/migr_eipre?freq=A&reason=TOTAL&apprehen=TOTAL&citizen=TOTAL&sex=T&age=TOTAL&unit=PER&geo=CZ&lang=en,VERIFIED_API,data_raw/,Re-queried live and compared value by value on 2026-08-17,VERIFIED_API,,
CZE,irregular_proxy_detections,2010-2022,13,FILE2,"Eurostat, Third country nationals found to be illegally present (migr_eipre)",https://ec.europa.eu/eurostat/databrowser/view/migr_eipre/default/table,VERIFIED_API,data_raw/,Re-queried live and compared value by value on 2026-08-17,VERIFIED_API,,
CZE,irregular_stock,2014-2017,1,TRACED,"Pew Research Center (2019), Appendix B: unauthorized immigrant population trends WITH waiting asylum seekers, by country",https://www.pewresearch.org/global/2019/11/13/eu-unauthorized-immigrants-appendix-b-unauthorized-immigrant-population-trends-with-waiting-asylum-seekers-by-country/,ARCHIVED,irregular_stock__Pew2019_AppendixB_published_ranges.pdf,The published range table. Panel values are midpoints of these ranges and are flagged as derived.,DOWNLOADED,,
CZE,irregular_stock,2017-2017,1,FILE2,"Pew Research Center (2019), Europe's Unauthorized Immigrant Population Peaks in 2016, Then Levels Off",https://www.pewresearch.org/global/2019/11/13/europes-unauthorized-immigrant-population-peaks-in-2016-then-levels-off/,ARCHIVED,irregular_stock__dccd321871__www.pewresearch.org.html,,DOWNLOADED,,
CZE,population,2010-2022,13,FILE1,"UN DESA Population Division, World Population Prospects 2024 (compact demographic indicators)",https://population.un.org/wpp/assets/Excel%20Files/1_Indicator%20(Standard)/EXCEL_FILES/1_General/WPP2024_GEN_F01_DEMOGRAPHIC_INDICATORS_COMPACT.xlsx,VERIFIED_API,data_raw/,Re-queried live and compared value by value on 2026-08-17,VERIFIED_API,,
CZE,population,2010-2022,13,FILE2,"World Bank, World Development Indicators (SP.POP.TOTL), sourced from UN World Population Prospects and national statistical offices",https://api.worldbank.org/v2/country/all/indicator/SP.POP.TOTL,VERIFIED_API,data_raw/,Re-queried live and compared value by value on 2026-08-17,VERIFIED_API,,
DEU,foreign_born,2010-2020,3,FILE1,"UN DESA Population Division, International Migrant Stock 2024: Total destination, Table 1",https://www.un.org/development/desa/pd/sites/www.un.org.development.desa.pd/files/undesa_pd_2024_ims_stock_by_sex_and_destination.xlsx,VERIFIED_API,data_raw/,Re-queried live and compared value by value on 2026-08-17,VERIFIED_API,,
DEU,foreign_born,2010-2022,13,FILE2,Eurostat [migr_pop3ctb],https://ec.europa.eu/eurostat/api/dissemination/statistics/1.0/data/migr_pop3ctb?format=JSON&lang=EN&geo=DE&age=TOTAL&sex=T&unit=NR&c_birth=FOR&sinceTimePeriod=2010&untilTimePeriod=2022,VERIFIED_API,data_raw/,Re-queried live and compared value by value on 2026-08-17,VERIFIED_API,,
DEU,foreign_nationals,2010-2022,13,FILE2,Eurostat [migr_pop1ctz],https://ec.europa.eu/eurostat/api/dissemination/statistics/1.0/data/migr_pop1ctz?format=JSON&lang=EN&geo=DE&age=TOTAL&sex=T&unit=NR&citizen=FOR_STLS&sinceTimePeriod=2010&untilTimePeriod=2022,VERIFIED_API,data_raw/,Re-queried live and compared value by value on 2026-08-17,VERIFIED_API,,
DEU,irregular,2010-2022,13,FILE1,"Eurostat MIGR_EIPRE, Third-country nationals found to be illegally present – annual data (rounded)",https://ec.europa.eu/eurostat/api/dissemination/statistics/1.0/data/migr_eipre?freq=A&reason=TOTAL&apprehen=TOTAL&citizen=TOTAL&sex=T&age=TOTAL&unit=PER&geo=DE&lang=en,VERIFIED_API,data_raw/,Re-queried live and compared value by value on 2026-08-17,VERIFIED_API,,
DEU,irregular_proxy_detections,2010-2022,13,FILE2,"Eurostat, Third country nationals found to be illegally present (migr_eipre)",https://ec.europa.eu/eurostat/databrowser/view/migr_eipre/default/table,VERIFIED_API,data_raw/,Re-queried live and compared value by value on 2026-08-17,VERIFIED_API,,
DEU,irregular_stock,2014-2014,1,FILE2,"Vogel, Dita (2015), Update report Germany: Estimated number of irregular foreign residents in Germany (Database on Irregular Migration), cited in bpb country profile",https://www.bpb.de/themen/migration-integration/regionalprofile/deutschland/256275/irregulaere-migration-in-deutschland/,ARCHIVED,irregular_stock__f2d4f3db84__www.bpb.de.html,,DOWNLOADED,,
DEU,irregular_stock,2014-2017,4,FILE2,"Pew Research Center (2019), Europe's Unauthorized Immigrant Population Peaks in 2016, Then Levels Off",https://www.pewresearch.org/global/2019/11/13/europes-unauthorized-immigrant-population-peaks-in-2016-then-levels-off/,ARCHIVED,irregular_stock__dccd321871__www.pewresearch.org.html,,DOWNLOADED,,
DEU,irregular_stock,2014-2017,1,TRACED,"Pew Research Center (2019), Appendix B: unauthorized immigrant population trends WITH waiting asylum seekers, by country",https://www.pewresearch.org/global/2019/11/13/eu-unauthorized-immigrants-appendix-b-unauthorized-immigrant-population-trends-with-waiting-asylum-seekers-by-country/,ARCHIVED,irregular_stock__Pew2019_AppendixB_published_ranges.pdf,The published range table. Panel values are midpoints of these ranges and are flagged as derived.,DOWNLOADED,,
DEU,population,2010-2022,13,FILE1,"UN DESA Population Division, World Population Prospects 2024 (compact demographic indicators)",https://population.un.org/wpp/assets/Excel%20Files/1_Indicator%20(Standard)/EXCEL_FILES/1_General/WPP2024_GEN_F01_DEMOGRAPHIC_INDICATORS_COMPACT.xlsx,VERIFIED_API,data_raw/,Re-queried live and compared value by value on 2026-08-17,VERIFIED_API,,
DEU,population,2010-2022,13,FILE2,"World Bank, World Development Indicators (SP.POP.TOTL), sourced from UN World Population Prospects and national statistical offices",https://api.worldbank.org/v2/country/all/indicator/SP.POP.TOTL,VERIFIED_API,data_raw/,Re-queried live and compared value by value on 2026-08-17,VERIFIED_API,,
DNK,foreign_born,2010-2020,3,FILE1,"UN DESA Population Division, International Migrant Stock 2024: Total destination, Table 1",https://www.un.org/development/desa/pd/sites/www.un.org.development.desa.pd/files/undesa_pd_2024_ims_stock_by_sex_and_destination.xlsx,VERIFIED_API,data_raw/,Re-queried live and compared value by value on 2026-08-17,VERIFIED_API,,
DNK,foreign_born,2010-2022,13,FILE2,Eurostat [migr_pop3ctb],https://ec.europa.eu/eurostat/api/dissemination/statistics/1.0/data/migr_pop3ctb?format=JSON&lang=EN&geo=DK&age=TOTAL&sex=T&unit=NR&c_birth=FOR&sinceTimePeriod=2010&untilTimePeriod=2022,VERIFIED_API,data_raw/,Re-queried live and compared value by value on 2026-08-17,VERIFIED_API,,
DNK,foreign_nationals,2010-2022,13,FILE2,Eurostat [migr_pop1ctz],https://ec.europa.eu/eurostat/api/dissemination/statistics/1.0/data/migr_pop1ctz?format=JSON&lang=EN&geo=DK&age=TOTAL&sex=T&unit=NR&citizen=FOR_STLS&sinceTimePeriod=2010&untilTimePeriod=2022,VERIFIED_API,data_raw/,Re-queried live and compared value by value on 2026-08-17,VERIFIED_API,,
DNK,irregular,2010-2022,13,FILE1,"Eurostat MIGR_EIPRE, Third-country nationals found to be illegally present – annual data (rounded)",https://ec.europa.eu/eurostat/api/dissemination/statistics/1.0/data/migr_eipre?freq=A&reason=TOTAL&apprehen=TOTAL&citizen=TOTAL&sex=T&age=TOTAL&unit=PER&geo=DK&lang=en,VERIFIED_API,data_raw/,Re-queried live and compared value by value on 2026-08-17,VERIFIED_API,,
DNK,irregular_proxy_detections,2010-2022,13,FILE2,"Eurostat, Third country nationals found to be illegally present (migr_eipre)",https://ec.europa.eu/eurostat/databrowser/view/migr_eipre/default/table,VERIFIED_API,data_raw/,Re-queried live and compared value by value on 2026-08-17,VERIFIED_API,,
DNK,population,2010-2022,13,FILE1,"UN DESA Population Division, World Population Prospects 2024 (compact demographic indicators)",https://population.un.org/wpp/assets/Excel%20Files/1_Indicator%20(Standard)/EXCEL_FILES/1_General/WPP2024_GEN_F01_DEMOGRAPHIC_INDICATORS_COMPACT.xlsx,VERIFIED_API,data_raw/,Re-queried live and compared value by value on 2026-08-17,VERIFIED_API,,
DNK,population,2010-2022,13,FILE2,"World Bank, World Development Indicators (SP.POP.TOTL), sourced from UN World Population Prospects and national statistical offices",https://api.worldbank.org/v2/country/all/indicator/SP.POP.TOTL,VERIFIED_API,data_raw/,Re-queried live and compared value by value on 2026-08-17,VERIFIED_API,,
ESP,foreign_born,2010-2020,3,FILE1,"UN DESA Population Division, International Migrant Stock 2024: Total destination, Table 1",https://www.un.org/development/desa/pd/sites/www.un.org.development.desa.pd/files/undesa_pd_2024_ims_stock_by_sex_and_destination.xlsx,VERIFIED_API,data_raw/,Re-queried live and compared value by value on 2026-08-17,VERIFIED_API,,
ESP,foreign_born,2010-2022,13,FILE2,Eurostat [migr_pop3ctb],https://ec.europa.eu/eurostat/api/dissemination/statistics/1.0/data/migr_pop3ctb?format=JSON&lang=EN&geo=ES&age=TOTAL&sex=T&unit=NR&c_birth=FOR&sinceTimePeriod=2010&untilTimePeriod=2022,VERIFIED_API,data_raw/,Re-queried live and compared value by value on 2026-08-17,VERIFIED_API,,
ESP,foreign_nationals,2010-2022,13,FILE2,Eurostat [migr_pop1ctz],https://ec.europa.eu/eurostat/api/dissemination/statistics/1.0/data/migr_pop1ctz?format=JSON&lang=EN&geo=ES&age=TOTAL&sex=T&unit=NR&citizen=FOR_STLS&sinceTimePeriod=2010&untilTimePeriod=2022,VERIFIED_API,data_raw/,Re-queried live and compared value by value on 2026-08-17,VERIFIED_API,,
ESP,irregular,2010-2022,13,FILE1,"Eurostat MIGR_EIPRE, Third-country nationals found to be illegally present – annual data (rounded)",https://ec.europa.eu/eurostat/api/dissemination/statistics/1.0/data/migr_eipre?freq=A&reason=TOTAL&apprehen=TOTAL&citizen=TOTAL&sex=T&age=TOTAL&unit=PER&geo=ES&lang=en,VERIFIED_API,data_raw/,Re-queried live and compared value by value on 2026-08-17,VERIFIED_API,,
ESP,irregular_proxy_detections,2010-2022,13,FILE2,"Eurostat, Third country nationals found to be illegally present (migr_eipre)",https://ec.europa.eu/eurostat/databrowser/view/migr_eipre/default/table,VERIFIED_API,data_raw/,Re-queried live and compared value by value on 2026-08-17,VERIFIED_API,,
ESP,irregular_stock,2017-2017,1,FILE2,"Pew Research Center (2019), Europe's Unauthorized Immigrant Population Peaks in 2016, Then Levels Off",https://www.pewresearch.org/global/2019/11/13/europes-unauthorized-immigrant-population-peaks-in-2016-then-levels-off/,ARCHIVED,irregular_stock__dccd321871__www.pewresearch.org.html,,DOWNLOADED,,
ESP,irregular_stock,2018-2022,5,FILE2,"Funcas (2024), Estimacion de la poblacion en situacion irregular en Espana, Cuadro 1, Estimacion 1",https://www.funcas.es/wp-content/uploads/2024/05/2405-NCS.pdf,ARCHIVED,irregular_stock__6fb352cb1d__www.funcas.es.pdf,,DOWNLOADED,,
ESP,irregular_stock,2019-2019,1,FILE2,"Fundacion porCausa (2020), Una fotografia de la inmigracion irregular en Espana",https://porcausa.org/wp-content/uploads/2020/07/RetratodelairregularidadporCausa.pdf,ARCHIVED,irregular_stock__b293f77eed__porcausa.org.pdf,,DOWNLOADED,,
ESP,population,2010-2022,13,FILE1,"UN DESA Population Division, World Population Prospects 2024 (compact demographic indicators)",https://population.un.org/wpp/assets/Excel%20Files/1_Indicator%20(Standard)/EXCEL_FILES/1_General/WPP2024_GEN_F01_DEMOGRAPHIC_INDICATORS_COMPACT.xlsx,VERIFIED_API,data_raw/,Re-queried live and compared value by value on 2026-08-17,VERIFIED_API,,
ESP,population,2010-2022,13,FILE2,"World Bank, World Development Indicators (SP.POP.TOTL), sourced from UN World Population Prospects and national statistical offices",https://api.worldbank.org/v2/country/all/indicator/SP.POP.TOTL,VERIFIED_API,data_raw/,Re-queried live and compared value by value on 2026-08-17,VERIFIED_API,,
FIN,foreign_born,2010-2020,3,FILE1,"UN DESA Population Division, International Migrant Stock 2024: Total destination, Table 1",https://www.un.org/development/desa/pd/sites/www.un.org.development.desa.pd/files/undesa_pd_2024_ims_stock_by_sex_and_destination.xlsx,VERIFIED_API,data_raw/,Re-queried live and compared value by value on 2026-08-17,VERIFIED_API,,
FIN,foreign_born,2010-2022,13,FILE2,Eurostat [migr_pop3ctb],https://ec.europa.eu/eurostat/api/dissemination/statistics/1.0/data/migr_pop3ctb?format=JSON&lang=EN&geo=FI&age=TOTAL&sex=T&unit=NR&c_birth=FOR&sinceTimePeriod=2010&untilTimePeriod=2022,VERIFIED_API,data_raw/,Re-queried live and compared value by value on 2026-08-17,VERIFIED_API,,
FIN,foreign_nationals,2010-2022,13,FILE2,Eurostat [migr_pop1ctz],https://ec.europa.eu/eurostat/api/dissemination/statistics/1.0/data/migr_pop1ctz?format=JSON&lang=EN&geo=FI&age=TOTAL&sex=T&unit=NR&citizen=FOR_STLS&sinceTimePeriod=2010&untilTimePeriod=2022,VERIFIED_API,data_raw/,Re-queried live and compared value by value on 2026-08-17,VERIFIED_API,,
FIN,irregular,2010-2022,13,FILE1,"Eurostat MIGR_EIPRE, Third-country nationals found to be illegally present – annual data (rounded)",https://ec.europa.eu/eurostat/api/dissemination/statistics/1.0/data/migr_eipre?freq=A&reason=TOTAL&apprehen=TOTAL&citizen=TOTAL&sex=T&age=TOTAL&unit=PER&geo=FI&lang=en,VERIFIED_API,data_raw/,Re-queried live and compared value by value on 2026-08-17,VERIFIED_API,,
FIN,irregular_proxy_detections,2010-2022,13,FILE2,"Eurostat, Third country nationals found to be illegally present (migr_eipre)",https://ec.europa.eu/eurostat/databrowser/view/migr_eipre/default/table,VERIFIED_API,data_raw/,Re-queried live and compared value by value on 2026-08-17,VERIFIED_API,,
FIN,population,2010-2022,13,FILE1,"UN DESA Population Division, World Population Prospects 2024 (compact demographic indicators)",https://population.un.org/wpp/assets/Excel%20Files/1_Indicator%20(Standard)/EXCEL_FILES/1_General/WPP2024_GEN_F01_DEMOGRAPHIC_INDICATORS_COMPACT.xlsx,VERIFIED_API,data_raw/,Re-queried live and compared value by value on 2026-08-17,VERIFIED_API,,
FIN,population,2010-2022,13,FILE2,"World Bank, World Development Indicators (SP.POP.TOTL), sourced from UN World Population Prospects and national statistical offices",https://api.worldbank.org/v2/country/all/indicator/SP.POP.TOTL,VERIFIED_API,data_raw/,Re-queried live and compared value by value on 2026-08-17,VERIFIED_API,,
FRA,foreign_born,2010-2020,3,FILE1,"UN DESA Population Division, International Migrant Stock 2024: Total destination, Table 1",https://www.un.org/development/desa/pd/sites/www.un.org.development.desa.pd/files/undesa_pd_2024_ims_stock_by_sex_and_destination.xlsx,VERIFIED_API,data_raw/,Re-queried live and compared value by value on 2026-08-17,VERIFIED_API,,
FRA,foreign_born,2010-2022,13,FILE2,Eurostat [migr_pop3ctb],https://ec.europa.eu/eurostat/api/dissemination/statistics/1.0/data/migr_pop3ctb?format=JSON&lang=EN&geo=FR&age=TOTAL&sex=T&unit=NR&c_birth=FOR&sinceTimePeriod=2010&untilTimePeriod=2022,VERIFIED_API,data_raw/,Re-queried live and compared value by value on 2026-08-17,VERIFIED_API,,
FRA,foreign_nationals,2010-2022,13,FILE2,Eurostat [migr_pop1ctz],https://ec.europa.eu/eurostat/api/dissemination/statistics/1.0/data/migr_pop1ctz?format=JSON&lang=EN&geo=FR&age=TOTAL&sex=T&unit=NR&citizen=FOR_STLS&sinceTimePeriod=2010&untilTimePeriod=2022,VERIFIED_API,data_raw/,Re-queried live and compared value by value on 2026-08-17,VERIFIED_API,,
FRA,irregular,2010-2022,13,FILE1,"Eurostat MIGR_EIPRE, Third-country nationals found to be illegally present – annual data (rounded)",https://ec.europa.eu/eurostat/api/dissemination/statistics/1.0/data/migr_eipre?freq=A&reason=TOTAL&apprehen=TOTAL&citizen=TOTAL&sex=T&age=TOTAL&unit=PER&geo=FR&lang=en,VERIFIED_API,data_raw/,Re-queried live and compared value by value on 2026-08-17,VERIFIED_API,,
FRA,irregular_proxy_detections,2010-2022,13,FILE2,"Eurostat, Third country nationals found to be illegally present (migr_eipre)",https://ec.europa.eu/eurostat/databrowser/view/migr_eipre/default/table,VERIFIED_API,data_raw/,Re-queried live and compared value by value on 2026-08-17,VERIFIED_API,,
FRA,irregular_stock,2014-2017,4,FILE2,"Pew Research Center (2019), Europe's Unauthorized Immigrant Population Peaks in 2016, Then Levels Off",https://www.pewresearch.org/global/2019/11/13/europes-unauthorized-immigrant-population-peaks-in-2016-then-levels-off/,ARCHIVED,irregular_stock__dccd321871__www.pewresearch.org.html,,DOWNLOADED,,
FRA,irregular_stock,2014-2017,1,TRACED,"Pew Research Center (2019), Appendix B: unauthorized immigrant population trends WITH waiting asylum seekers, by country",https://www.pewresearch.org/global/2019/11/13/eu-unauthorized-immigrants-appendix-b-unauthorized-immigrant-population-trends-with-waiting-asylum-seekers-by-country/,ARCHIVED,irregular_stock__Pew2019_AppendixB_published_ranges.pdf,The published range table. Panel values are midpoints of these ranges and are flagged as derived.,DOWNLOADED,,
FRA,population,2010-2022,13,FILE1,"UN DESA Population Division, World Population Prospects 2024 (compact demographic indicators)",https://population.un.org/wpp/assets/Excel%20Files/1_Indicator%20(Standard)/EXCEL_FILES/1_General/WPP2024_GEN_F01_DEMOGRAPHIC_INDICATORS_COMPACT.xlsx,VERIFIED_API,data_raw/,Re-queried live and compared value by value on 2026-08-17,VERIFIED_API,,
FRA,population,2010-2022,13,FILE2,"World Bank, World Development Indicators (SP.POP.TOTL), sourced from UN World Population Prospects and national statistical offices",https://api.worldbank.org/v2/country/all/indicator/SP.POP.TOTL,VERIFIED_API,data_raw/,Re-queried live and compared value by value on 2026-08-17,VERIFIED_API,,
GBR,foreign_born,2010-2019,10,FILE2,Eurostat [migr_pop3ctb],https://ec.europa.eu/eurostat/api/dissemination/statistics/1.0/data/migr_pop3ctb?format=JSON&lang=EN&geo=UK&age=TOTAL&sex=T&unit=NR&c_birth=FOR&sinceTimePeriod=2010&untilTimePeriod=2022,VERIFIED_API,data_raw/,Re-queried live and compared value by value on 2026-08-17,VERIFIED_API,,
GBR,foreign_born,2010-2020,3,FILE1,"UN DESA Population Division, International Migrant Stock 2024: Total destination, Table 1",https://www.un.org/development/desa/pd/sites/www.un.org.development.desa.pd/files/undesa_pd_2024_ims_stock_by_sex_and_destination.xlsx,VERIFIED_API,data_raw/,Re-queried live and compared value by value on 2026-08-17,VERIFIED_API,,
GBR,foreign_born,2020-2020,1,FILE2,"ONS, Population of the UK by country of birth and nationality",https://www.ons.gov.uk/peoplepopulationandcommunity/populationandmigration/internationalmigration/bulletins/ukpopulationbycountryofbirthandnationality/yearendingjune2020,ARCHIVED,foreign_born__e1040217f2__www.ons.gov.uk.html,,DOWNLOADED,,
GBR,foreign_born,2021-2021,1,FILE2,"ONS, Population of the UK by country of birth and nationality",https://www.ons.gov.uk/peoplepopulationandcommunity/populationandmigration/internationalmigration/bulletins/ukpopulationbycountryofbirthandnationality/yearendingjune2021,ARCHIVED,foreign_born__f269f649a7__www.ons.gov.uk.html,,DOWNLOADED,,
GBR,foreign_nationals,2010-2019,10,FILE2,Eurostat [migr_pop1ctz],https://ec.europa.eu/eurostat/api/dissemination/statistics/1.0/data/migr_pop1ctz?format=JSON&lang=EN&geo=UK&age=TOTAL&sex=T&unit=NR&citizen=FOR_STLS&sinceTimePeriod=2010&untilTimePeriod=2022,VERIFIED_API,data_raw/,Re-queried live and compared value by value on 2026-08-17,VERIFIED_API,,
GBR,foreign_nationals,2020-2020,1,FILE2,"ONS, Population of the UK by country of birth and nationality",https://www.ons.gov.uk/peoplepopulationandcommunity/populationandmigration/internationalmigration/bulletins/ukpopulationbycountryofbirthandnationality/yearendingjune2020,ARCHIVED,foreign_born__e1040217f2__www.ons.gov.uk.html,,DOWNLOADED,,
GBR,foreign_nationals,2021-2021,1,FILE2,"ONS, Population of the UK by country of birth and nationality",https://www.ons.gov.uk/peoplepopulationandcommunity/populationandmigration/internationalmigration/bulletins/ukpopulationbycountryofbirthandnationality/yearendingjune2021,ARCHIVED,foreign_born__f269f649a7__www.ons.gov.uk.html,,DOWNLOADED,,
GBR,irregular_proxy_detections,2010-2019,10,FILE2,"Eurostat, Third country nationals found to be illegally present (migr_eipre)",https://ec.europa.eu/eurostat/databrowser/view/migr_eipre/default/table,VERIFIED_API,data_raw/,Re-queried live and compared value by value on 2026-08-17,VERIFIED_API,,
GBR,irregular_stock,2017,1,TRACED,"Pew Research Center (2019, revised 18 March 2025), Appendix E: updated estimates for Europe and the United Kingdom",https://www.pewresearch.org/global/2019/11/13/eu-unauthorized-immigrants-appendix-e-updated-unauthorized-immigrant-population-estimates-for-europe-and-the-united-kingdom-2014-2017/,ARCHIVED,irregular_stock__Pew2019_AppendixE_revised_ranges.pdf,"Pew revised its UK estimates in March 2025 after an ONS data problem. Panel value is the midpoint of the revised 700,000-900,000 range.",DOWNLOADED,,
GBR,irregular_stock,2017-2017,1,FILE2,"Pew Research Center (2019), Europe's Unauthorized Immigrant Population Peaks in 2016, Then Levels Off - Appendix E corrected estimates",https://www.pewresearch.org/global/2019/11/13/eu-unauthorized-immigrants-appendix-e-updated-unauthorized-immigrant-population-estimates-for-europe-and-the-united-kingdom-2014-2017/,ARCHIVED,irregular_stock__dc9847ae35__www.pewresearch.org.html,,DOWNLOADED,,
GBR,population,2010-2022,13,FILE1,"UN DESA Population Division, World Population Prospects 2024 (compact demographic indicators)",https://population.un.org/wpp/assets/Excel%20Files/1_Indicator%20(Standard)/EXCEL_FILES/1_General/WPP2024_GEN_F01_DEMOGRAPHIC_INDICATORS_COMPACT.xlsx,VERIFIED_API,data_raw/,Re-queried live and compared value by value on 2026-08-17,VERIFIED_API,,
GBR,population,2010-2022,13,FILE2,"World Bank, World Development Indicators (SP.POP.TOTL), sourced from UN World Population Prospects and national statistical offices",https://api.worldbank.org/v2/country/all/indicator/SP.POP.TOTL,VERIFIED_API,data_raw/,Re-queried live and compared value by value on 2026-08-17,VERIFIED_API,,
HRV,foreign_born,2010-2020,3,FILE1,"UN DESA Population Division, International Migrant Stock 2024: Total destination, Table 1",https://www.un.org/development/desa/pd/sites/www.un.org.development.desa.pd/files/undesa_pd_2024_ims_stock_by_sex_and_destination.xlsx,VERIFIED_API,data_raw/,Re-queried live and compared value by value on 2026-08-17,VERIFIED_API,,
HRV,foreign_born,2011-2011,1,FILE2,"Croatian Bureau of Statistics, Census 2011",https://web.dzs.hr/eng/censuses/census2011/results/htm/e01_01_25/E01_01_25.html,ARCHIVED,foreign_born__a2e888f94b__web.dzs.hr.html,,DOWNLOADED,,
HRV,foreign_born,2013-2022,10,FILE2,Eurostat [migr_pop3ctb],https://ec.europa.eu/eurostat/api/dissemination/statistics/1.0/data/migr_pop3ctb?format=JSON&lang=EN&geo=HR&age=TOTAL&sex=T&unit=NR&c_birth=FOR&sinceTimePeriod=2010&untilTimePeriod=2022,VERIFIED_API,data_raw/,Re-queried live and compared value by value on 2026-08-17,VERIFIED_API,,
HRV,foreign_nationals,2011-2011,1,FILE2,"Croatian Bureau of Statistics, Census 2011",https://web.dzs.hr/eng/censuses/census2011/results/htm/e01_01_06/e01_01_06_RH.html,ARCHIVED,foreign_nationals__f43cbc3a6d__web.dzs.hr.html,,DOWNLOADED,,
HRV,foreign_nationals,2013-2022,10,FILE2,Eurostat [migr_pop1ctz],https://ec.europa.eu/eurostat/api/dissemination/statistics/1.0/data/migr_pop1ctz?format=JSON&lang=EN&geo=HR&age=TOTAL&sex=T&unit=NR&citizen=FOR_STLS&sinceTimePeriod=2010&untilTimePeriod=2022,VERIFIED_API,data_raw/,Re-queried live and compared value by value on 2026-08-17,VERIFIED_API,,
HRV,irregular,2013-2022,10,FILE1,"Eurostat MIGR_EIPRE, Third-country nationals found to be illegally present – annual data (rounded)",https://ec.europa.eu/eurostat/api/dissemination/statistics/1.0/data/migr_eipre?freq=A&reason=TOTAL&apprehen=TOTAL&citizen=TOTAL&sex=T&age=TOTAL&unit=PER&geo=HR&lang=en,VERIFIED_API,data_raw/,Re-queried live and compared value by value on 2026-08-17,VERIFIED_API,,
HRV,irregular_proxy_detections,2013-2022,10,FILE2,"Eurostat, Third country nationals found to be illegally present (migr_eipre)",https://ec.europa.eu/eurostat/databrowser/view/migr_eipre/default/table,VERIFIED_API,data_raw/,Re-queried live and compared value by value on 2026-08-17,VERIFIED_API,,
HRV,population,2010-2022,13,FILE1,"UN DESA Population Division, World Population Prospects 2024 (compact demographic indicators)",https://population.un.org/wpp/assets/Excel%20Files/1_Indicator%20(Standard)/EXCEL_FILES/1_General/WPP2024_GEN_F01_DEMOGRAPHIC_INDICATORS_COMPACT.xlsx,VERIFIED_API,data_raw/,Re-queried live and compared value by value on 2026-08-17,VERIFIED_API,,
HRV,population,2010-2022,13,FILE2,"World Bank, World Development Indicators (SP.POP.TOTL), sourced from UN World Population Prospects and national statistical offices",https://api.worldbank.org/v2/country/all/indicator/SP.POP.TOTL,VERIFIED_API,data_raw/,Re-queried live and compared value by value on 2026-08-17,VERIFIED_API,,
HUN,foreign_born,2010-2020,3,FILE1,"UN DESA Population Division, International Migrant Stock 2024: Total destination, Table 1",https://www.un.org/development/desa/pd/sites/www.un.org.development.desa.pd/files/undesa_pd_2024_ims_stock_by_sex_and_destination.xlsx,VERIFIED_API,data_raw/,Re-queried live and compared value by value on 2026-08-17,VERIFIED_API,,
HUN,foreign_born,2010-2022,13,FILE2,Eurostat [migr_pop3ctb],https://ec.europa.eu/eurostat/api/dissemination/statistics/1.0/data/migr_pop3ctb?format=JSON&lang=EN&geo=HU&age=TOTAL&sex=T&unit=NR&c_birth=FOR&sinceTimePeriod=2010&untilTimePeriod=2022,VERIFIED_API,data_raw/,Re-queried live and compared value by value on 2026-08-17,VERIFIED_API,,
HUN,foreign_nationals,2010-2022,13,FILE2,Eurostat [migr_pop1ctz],https://ec.europa.eu/eurostat/api/dissemination/statistics/1.0/data/migr_pop1ctz?format=JSON&lang=EN&geo=HU&age=TOTAL&sex=T&unit=NR&citizen=FOR_STLS&sinceTimePeriod=2010&untilTimePeriod=2022,VERIFIED_API,data_raw/,Re-queried live and compared value by value on 2026-08-17,VERIFIED_API,,
HUN,irregular,2010-2022,13,FILE1,"Eurostat MIGR_EIPRE, Third-country nationals found to be illegally present – annual data (rounded)",https://ec.europa.eu/eurostat/api/dissemination/statistics/1.0/data/migr_eipre?freq=A&reason=TOTAL&apprehen=TOTAL&citizen=TOTAL&sex=T&age=TOTAL&unit=PER&geo=HU&lang=en,VERIFIED_API,data_raw/,Re-queried live and compared value by value on 2026-08-17,VERIFIED_API,,
HUN,irregular_proxy_detections,2010-2022,13,FILE2,"Eurostat, Third country nationals found to be illegally present (migr_eipre)",https://ec.europa.eu/eurostat/databrowser/view/migr_eipre/default/table,VERIFIED_API,data_raw/,Re-queried live and compared value by value on 2026-08-17,VERIFIED_API,,
HUN,population,2010-2022,13,FILE1,"UN DESA Population Division, World Population Prospects 2024 (compact demographic indicators)",https://population.un.org/wpp/assets/Excel%20Files/1_Indicator%20(Standard)/EXCEL_FILES/1_General/WPP2024_GEN_F01_DEMOGRAPHIC_INDICATORS_COMPACT.xlsx,VERIFIED_API,data_raw/,Re-queried live and compared value by value on 2026-08-17,VERIFIED_API,,
HUN,population,2010-2022,13,FILE2,"World Bank, World Development Indicators (SP.POP.TOTL), sourced from UN World Population Prospects and national statistical offices",https://api.worldbank.org/v2/country/all/indicator/SP.POP.TOTL,VERIFIED_API,data_raw/,Re-queried live and compared value by value on 2026-08-17,VERIFIED_API,,
IND,foreign_born,2010-2020,3,FILE1,"UN DESA Population Division, International Migrant Stock 2024: Total destination, Table 1",https://www.un.org/development/desa/pd/sites/www.un.org.development.desa.pd/files/undesa_pd_2024_ims_stock_by_sex_and_destination.xlsx,VERIFIED_API,data_raw/,Re-queried live and compared value by value on 2026-08-17,VERIFIED_API,,
IND,foreign_born,2010-2020,3,FILE2,UN DESA International Migrant Stock (World Bank indicator SM.POP.TOTL),https://api.worldbank.org/v2/country/CHN;IND;PHL;RUS;ZAF;SUR;THA/indicator/SM.POP.TOTL?format=json&date=2010:2022&per_page=200,VERIFIED_API,data_raw/,Re-queried live and compared value by value on 2026-08-17,VERIFIED_API,,
IND,foreign_born,2011-2011,1,FILE2,"Chandrasekhar S. and Sharma A., Migration in India: trends and characteristics, Demography India Vol. 51 No. 1 (2022) pp.160-175 (Census of India 2011 place-of-birth data)",https://iasp.ac.in/uploads/journal/10.%20Migration%20in%20India%20trends%20and%20characteristics-1669206793.pdf,ARCHIVED,foreign_born__e47d30324c__iasp.ac.in.pdf,,DOWNLOADED,,
IND,population,2010-2022,13,FILE1,"UN DESA Population Division, World Population Prospects 2024 (compact demographic indicators)",https://population.un.org/wpp/assets/Excel%20Files/1_Indicator%20(Standard)/EXCEL_FILES/1_General/WPP2024_GEN_F01_DEMOGRAPHIC_INDICATORS_COMPACT.xlsx,VERIFIED_API,data_raw/,Re-queried live and compared value by value on 2026-08-17,VERIFIED_API,,
IND,population,2010-2022,13,FILE2,"World Bank, World Development Indicators (SP.POP.TOTL), sourced from UN World Population Prospects and national statistical offices",https://api.worldbank.org/v2/country/all/indicator/SP.POP.TOTL,VERIFIED_API,data_raw/,Re-queried live and compared value by value on 2026-08-17,VERIFIED_API,,
ISL,foreign_born,2010-2020,3,FILE1,"UN DESA Population Division, International Migrant Stock 2024: Total destination, Table 1",https://www.un.org/development/desa/pd/sites/www.un.org.development.desa.pd/files/undesa_pd_2024_ims_stock_by_sex_and_destination.xlsx,VERIFIED_API,data_raw/,Re-queried live and compared value by value on 2026-08-17,VERIFIED_API,,
ISL,foreign_born,2010-2022,13,FILE2,Eurostat [migr_pop3ctb],https://ec.europa.eu/eurostat/api/dissemination/statistics/1.0/data/migr_pop3ctb?format=JSON&lang=EN&geo=IS&age=TOTAL&sex=T&unit=NR&c_birth=FOR&sinceTimePeriod=2010&untilTimePeriod=2022,VERIFIED_API,data_raw/,Re-queried live and compared value by value on 2026-08-17,VERIFIED_API,,
ISL,foreign_nationals,2010-2022,13,FILE2,Eurostat [migr_pop1ctz],https://ec.europa.eu/eurostat/api/dissemination/statistics/1.0/data/migr_pop1ctz?format=JSON&lang=EN&geo=IS&age=TOTAL&sex=T&unit=NR&citizen=FOR_STLS&sinceTimePeriod=2010&untilTimePeriod=2022,VERIFIED_API,data_raw/,Re-queried live and compared value by value on 2026-08-17,VERIFIED_API,,
ISL,irregular,2016-2021,4,FILE1,"Eurostat MIGR_EIPRE, Third-country nationals found to be illegally present – annual data (rounded)",https://ec.europa.eu/eurostat/api/dissemination/statistics/1.0/data/migr_eipre?freq=A&reason=TOTAL&apprehen=TOTAL&citizen=TOTAL&sex=T&age=TOTAL&unit=PER&geo=IS&lang=en,VERIFIED_API,data_raw/,Re-queried live and compared value by value on 2026-08-17,VERIFIED_API,,
ISL,irregular_proxy_detections,2016-2019,3,FILE2,"Eurostat, Third country nationals found to be illegally present (migr_eipre)",https://ec.europa.eu/eurostat/databrowser/view/migr_eipre/default/table,VERIFIED_API,data_raw/,Re-queried live and compared value by value on 2026-08-17,VERIFIED_API,,
ISL,population,2010-2022,13,FILE1,"UN DESA Population Division, World Population Prospects 2024 (compact demographic indicators)",https://population.un.org/wpp/assets/Excel%20Files/1_Indicator%20(Standard)/EXCEL_FILES/1_General/WPP2024_GEN_F01_DEMOGRAPHIC_INDICATORS_COMPACT.xlsx,VERIFIED_API,data_raw/,Re-queried live and compared value by value on 2026-08-17,VERIFIED_API,,
ISL,population,2010-2022,13,FILE2,"World Bank, World Development Indicators (SP.POP.TOTL), sourced from UN World Population Prospects and national statistical offices",https://api.worldbank.org/v2/country/all/indicator/SP.POP.TOTL,VERIFIED_API,data_raw/,Re-queried live and compared value by value on 2026-08-17,VERIFIED_API,,
ISR,foreign_born,2010-2020,3,FILE1,"UN DESA Population Division, International Migrant Stock 2024: Total destination, Table 1",https://www.un.org/development/desa/pd/sites/www.un.org.development.desa.pd/files/undesa_pd_2024_ims_stock_by_sex_and_destination.xlsx,VERIFIED_API,data_raw/,Re-queried live and compared value by value on 2026-08-17,VERIFIED_API,,
ISR,foreign_born,2010-2022,13,FILE2,"OECD International Migration Database (stocks of foreign-born population, measure B14)","https://sdmx.oecd.org/public/rest/data/OECD.ELS.IMD,DSD_MIG_F@DF_MIG_POPF,1.0/ISR.W.A.B14._T._Z._Z.PS?startPeriod=2010&endPeriod=2022&format=jsondata&dimensionAtObservation=AllDimensions",VERIFIED_API,data_raw/,Re-queried live and compared value by value on 2026-08-17,VERIFIED_API,,
ISR,irregular_stock,2020-2022,3,FILE2,"Israel Population and Immigration Authority (רשות האוכלוסין וההגירה), Foreigners in Israel (נתוני זרים בישראל), Q1 2022",https://www.gov.il/BlobFolder/generalpage/foreign_workers_stats/he/zarim_2022_q1.pdf,ARCHIVED,irregular_stock__PIBA_zarim_2022_q1.pdf,Refused the first request; retrieved with a full browser header set.,RECOVERED,,
ISR,population,2010-2022,13,FILE1,"UN DESA Population Division, World Population Prospects 2024 (compact demographic indicators)",https://population.un.org/wpp/assets/Excel%20Files/1_Indicator%20(Standard)/EXCEL_FILES/1_General/WPP2024_GEN_F01_DEMOGRAPHIC_INDICATORS_COMPACT.xlsx,VERIFIED_API,data_raw/,Re-queried live and compared value by value on 2026-08-17,VERIFIED_API,,
ISR,population,2010-2022,13,FILE2,"World Bank, World Development Indicators (SP.POP.TOTL), sourced from UN World Population Prospects and national statistical offices",https://api.worldbank.org/v2/country/all/indicator/SP.POP.TOTL,VERIFIED_API,data_raw/,Re-queried live and compared value by value on 2026-08-17,VERIFIED_API,,
ITA,foreign_born,2010-2020,3,FILE1,"UN DESA Population Division, International Migrant Stock 2024: Total destination, Table 1",https://www.un.org/development/desa/pd/sites/www.un.org.development.desa.pd/files/undesa_pd_2024_ims_stock_by_sex_and_destination.xlsx,VERIFIED_API,data_raw/,Re-queried live and compared value by value on 2026-08-17,VERIFIED_API,,
ITA,foreign_born,2010-2022,13,FILE2,Eurostat [migr_pop3ctb],https://ec.europa.eu/eurostat/api/dissemination/statistics/1.0/data/migr_pop3ctb?format=JSON&lang=EN&geo=IT&age=TOTAL&sex=T&unit=NR&c_birth=FOR&sinceTimePeriod=2010&untilTimePeriod=2022,VERIFIED_API,data_raw/,Re-queried live and compared value by value on 2026-08-17,VERIFIED_API,,
ITA,foreign_nationals,2010-2022,13,FILE2,Eurostat [migr_pop1ctz],https://ec.europa.eu/eurostat/api/dissemination/statistics/1.0/data/migr_pop1ctz?format=JSON&lang=EN&geo=IT&age=TOTAL&sex=T&unit=NR&citizen=FOR_STLS&sinceTimePeriod=2010&untilTimePeriod=2022,VERIFIED_API,data_raw/,Re-queried live and compared value by value on 2026-08-17,VERIFIED_API,,
ITA,irregular,2010-2022,13,FILE1,"Eurostat MIGR_EIPRE, Third-country nationals found to be illegally present – annual data (rounded)",https://ec.europa.eu/eurostat/api/dissemination/statistics/1.0/data/migr_eipre?freq=A&reason=TOTAL&apprehen=TOTAL&citizen=TOTAL&sex=T&age=TOTAL&unit=PER&geo=IT&lang=en,VERIFIED_API,data_raw/,Re-queried live and compared value by value on 2026-08-17,VERIFIED_API,,
ITA,irregular_proxy_detections,2010-2022,13,FILE2,"Eurostat, Third country nationals found to be illegally present (migr_eipre)",https://ec.europa.eu/eurostat/databrowser/view/migr_eipre/default/table,VERIFIED_API,data_raw/,Re-queried live and compared value by value on 2026-08-17,VERIFIED_API,,
ITA,irregular_stock,2014-2017,4,FILE2,"Pew Research Center (2019), Europe's Unauthorized Immigrant Population Peaks in 2016, Then Levels Off",https://www.pewresearch.org/global/2019/11/13/europes-unauthorized-immigrant-population-peaks-in-2016-then-levels-off/,ARCHIVED,irregular_stock__dccd321871__www.pewresearch.org.html,,DOWNLOADED,,
ITA,irregular_stock,2015-2016,2,FILE2,"Fondazione ISMU, XXII Rapporto sulle migrazioni 2016",https://www.antoniocasella.eu/nume/Ismu_1dic2016.pdf,ARCHIVED,irregular_stock__a0f7dc3c81__www.antoniocasella.eu.pdf,,DOWNLOADED,,
ITA,irregular_stock,2017-2017,1,FILE2,"Fondazione ISMU estimate, reported in Neodemos",https://www.neodemos.info/2018/07/27/irregolari-sanatorie-e-rimpatri/,ARCHIVED,irregular_stock__eeb1002910__www.neodemos.info.html,,DOWNLOADED,,
ITA,irregular_stock,2018-2018,1,FILE2,"Fondazione ISMU, XXIV Rapporto sulle migrazioni 2018",https://www.vita.it/rapporto-ismu-calano-gli-sbarcati-ma-sale-la-quota-degli-irregolari/,ARCHIVED,irregular_stock__77693a7efa__www.vita.it.html,,DOWNLOADED,,
ITA,irregular_stock,2019-2019,1,FILE2,"Fondazione ISMU, Stima della presenza straniera in Italia per status giuridico-amministrativo, 1991-2021 (aggiornamento maggio 2022)",https://test.ismu.org/wp-content/uploads/2022/11/Stime-irregolari-ISMU_1991_2021_agg_maggio-2022.xls,ARCHIVED,irregular_stock__ISMU_Stime_irregolari_1991_2021_agg_maggio2022.xls,"Cited to ISMU's own machine-readable series, which reproduces every year exactly. The press release originally cited serves a 403 bot wall to a browser; retrieved by direct request on 2026-08-18 it states the same figure, and is archived here too.",SUBSTITUTED,"Fondazione ISMU, XXV Rapporto sulle migrazioni 2019",https://www.ismu.org/comunicato-stampa-xxv-rapporto-ismu/
ITA,irregular_stock,2020-2020,1,FILE2,"Fondazione ISMU, Stima della presenza straniera in Italia per status giuridico-amministrativo, 1991-2021 (aggiornamento maggio 2022)",https://test.ismu.org/wp-content/uploads/2022/11/Stime-irregolari-ISMU_1991_2021_agg_maggio-2022.xls,ARCHIVED,irregular_stock__ISMU_Stime_irregolari_1991_2021_agg_maggio2022.xls,"The originally cited host is unreachable. ISMU's own published series gives 2020 = 517,000.",SUBSTITUTED,"Fondazione ISMU, XXVI Rapporto sulle migrazioni 2020",https://www.cinformi.it/Comunicazione/Notizie/I-dati-del-Rapporto-ISMU-sulle-migrazioni-2020
ITA,irregular_stock,2021-2021,1,FILE2,"Fondazione ISMU, Stima della presenza straniera in Italia per status giuridico-amministrativo, 1991-2021 (aggiornamento maggio 2022)",https://test.ismu.org/wp-content/uploads/2022/11/Stime-irregolari-ISMU_1991_2021_agg_maggio-2022.xls,ARCHIVED,irregular_stock__ISMU_Stime_irregolari_1991_2021_agg_maggio2022.xls,"Cited to ISMU's own machine-readable series, which reproduces every year exactly. The press release originally cited serves a 403 bot wall to a browser; retrieved by direct request on 2026-08-18 it states the same figure, and is archived here too.",SUBSTITUTED,"Fondazione ISMU, XXVII Rapporto sulle migrazioni 2021",https://www.ismu.org/xxvii-rapporto-sulle-migrazioni-2021-comunicato-stampa-11-2-2022/
ITA,irregular_stock,2022-2022,1,FILE2,"Fondazione Cariplo, XXVIII Rapporto ISMU sulle migrazioni 2022",https://www.fondazionecariplo.it/xxviii-rapporto-ismu-sulle-migrazioni-2022/,ARCHIVED,irregular_stock__Cariplo_XXVIII_Rapporto_ISMU_2022_CORROBORATION.html,"Cited to ISMU's own machine-readable series, which reproduces every year exactly. The press release originally cited serves a 403 bot wall to a browser; retrieved by direct request on 2026-08-18 it states the same figure, and is archived here too.",SUBSTITUTED,"Fondazione ISMU, XXVII Rapporto sulle migrazioni 2021",https://www.ismu.org/xxvii-rapporto-sulle-migrazioni-2021-comunicato-stampa-11-2-2022/
ITA,population,2010-2022,13,FILE1,"UN DESA Population Division, World Population Prospects 2024 (compact demographic indicators)",https://population.un.org/wpp/assets/Excel%20Files/1_Indicator%20(Standard)/EXCEL_FILES/1_General/WPP2024_GEN_F01_DEMOGRAPHIC_INDICATORS_COMPACT.xlsx,VERIFIED_API,data_raw/,Re-queried live and compared value by value on 2026-08-17,VERIFIED_API,,
ITA,population,2010-2022,13,FILE2,"World Bank, World Development Indicators (SP.POP.TOTL), sourced from UN World Population Prospects and national statistical offices",https://api.worldbank.org/v2/country/all/indicator/SP.POP.TOTL,VERIFIED_API,data_raw/,Re-queried live and compared value by value on 2026-08-17,VERIFIED_API,,
JPN,foreign_born,2010-2020,3,FILE1,"UN DESA Population Division, International Migrant Stock 2024: Total destination, Table 1",https://www.un.org/development/desa/pd/sites/www.un.org.development.desa.pd/files/undesa_pd_2024_ims_stock_by_sex_and_destination.xlsx,VERIFIED_API,data_raw/,Re-queried live and compared value by value on 2026-08-17,VERIFIED_API,,
JPN,foreign_nationals,2010-2022,13,FILE2,"OECD International Migration Database (stocks of foreign population, measure B15)","https://sdmx.oecd.org/public/rest/data/OECD.ELS.IMD,DSD_MIG@DF_MIG,1.0/JPN.W.A.B15._T._Z._Z.PS?startPeriod=2010&endPeriod=2022&format=jsondata&dimensionAtObservation=AllDimensions",VERIFIED_API,data_raw/,Re-queried live and compared value by value on 2026-08-17,VERIFIED_API,,
JPN,irregular,2010-2015,6,FILE1,"Japan Immigration Services Agency, Immigration Control in Recent Years (historical report)",https://www.moj.go.jp/isa/content/930003133.pdf,ARCHIVED,irregular__ccfa80d7df__www.moj.go.jp.pdf,,DOWNLOADED,,
JPN,irregular,2021-2022,2,FILE1,"Japan Immigration Services Agency, Immigration Control and Residency Management 2022",https://www.moj.go.jp/isa/content/001385114.pdf,ARCHIVED,irregular__cccd1ea084__www.moj.go.jp.pdf,,DOWNLOADED,,
JPN,irregular_proxy_overstayers,2011-2011,1,FILE2,"Global Detention Project, Japan Immigration Detention Profile (reproducing Ministry of Justice, 2011, p.34)",https://www.globaldetentionproject.org/countries/asia-pacific/japan,ARCHIVED,irregular_proxy_overstayers__d9d919a65a__www.globaldetentionproject.o.html,,DOWNLOADED,,
JPN,irregular_proxy_overstayers,2014-2014,1,FILE2,"出入国在留管理庁 本邦における不法残留者数について (Immigration Services Agency of Japan, Number of Overstayers in Japan)",https://www.moj.go.jp/isa/content/001459199.pdf,ARCHIVED,irregular_proxy_overstayers__a54f439438__www.moj.go.jp.pdf,"A mirror of this figure originally cited at nisshinkyo.org now returns HTTP 404. It is not needed: 59,061 for 1 January 2014 is printed in the Immigration Services Agency document archived here.",SUPERSEDED_CITATION,"Ministry of Justice Immigration Bureau, Honpo ni okeru fuho zanryusha su ni tsuite (Heisei 26-nen 1-gatsu 1-nichi genzai), mirrored by Nisshinkyo",https://www.nisshinkyo.org/news/pdf/G-26-2.pdf
JPN,irregular_proxy_overstayers,2017-2019,3,FILE2,"Immigration Services Agency of Japan, Honpo ni okeru fuho zanryusha su ni tsuite (Reiwa 3-nen 1-gatsu 1-nichi genzai), Table 1 (Dai-1-hyo)",https://www.moj.go.jp/isa/content/001344148.pdf,ARCHIVED,irregular_proxy_overstayers__3c80fc7397__www.moj.go.jp.pdf,,DOWNLOADED,,
JPN,irregular_proxy_overstayers,2018-2022,5,FILE2,"出入国在留管理庁 本邦における不法残留者数について (Immigration Services Agency of Japan, Number of Overstayers in Japan)",https://www.moj.go.jp/isa/content/001344904.pdf,ARCHIVED,irregular_proxy_overstayers__079fcae015__www.moj.go.jp.pdf,,DOWNLOADED,,
JPN,irregular_proxy_overstayers,2020-2021,2,FILE2,"Immigration Services Agency of Japan, Overstayers as of 1 January (本邦における不法残留者数について)",https://www.moj.go.jp/isa/publications/press/13_00013.html,ARCHIVED,irregular_proxy_overstayers__b84a36a0c9__www.moj.go.jp.html,,DOWNLOADED,,
JPN,irregular_proxy_overstayers,2022-2022,1,FILE2,"Immigration Services Agency of Japan, Overstayers as of 1 January (本邦における不法残留者数について)",https://www.moj.go.jp/isa/publications/press/13_00003.html,ARCHIVED,irregular_proxy_overstayers__9ff4b8949e__www.moj.go.jp.html,,DOWNLOADED,,
JPN,population,2010-2022,13,FILE1,"UN DESA Population Division, World Population Prospects 2024 (compact demographic indicators)",https://population.un.org/wpp/assets/Excel%20Files/1_Indicator%20(Standard)/EXCEL_FILES/1_General/WPP2024_GEN_F01_DEMOGRAPHIC_INDICATORS_COMPACT.xlsx,VERIFIED_API,data_raw/,Re-queried live and compared value by value on 2026-08-17,VERIFIED_API,,
JPN,population,2010-2022,13,FILE2,"World Bank, World Development Indicators (SP.POP.TOTL), sourced from UN World Population Prospects and national statistical offices",https://api.worldbank.org/v2/country/all/indicator/SP.POP.TOTL,VERIFIED_API,data_raw/,Re-queried live and compared value by value on 2026-08-17,VERIFIED_API,,
KOR,foreign_born,2010-2020,3,FILE1,"UN DESA Population Division, International Migrant Stock 2024: Total destination, Table 1",https://www.un.org/development/desa/pd/sites/www.un.org.development.desa.pd/files/undesa_pd_2024_ims_stock_by_sex_and_destination.xlsx,VERIFIED_API,data_raw/,Re-queried live and compared value by value on 2026-08-17,VERIFIED_API,,
KOR,foreign_born,2010-2020,3,FILE2,UN DESA International Migrant Stock (retrieved via World Bank indicator SM.POP.TOTL),https://api.worldbank.org/v2/country/KOR/indicator/SM.POP.TOTL?format=json&date=2010:2022,VERIFIED_API,data_raw/,Re-queried live and compared value by value on 2026-08-17,VERIFIED_API,,
KOR,foreign_nationals,2010-2022,13,FILE2,"OECD International Migration Database (stocks of foreign population, measure B15)","https://sdmx.oecd.org/public/rest/data/OECD.ELS.IMD,DSD_MIG@DF_MIG,1.0/KOR.W.A.B15._T._Z._Z.PS?startPeriod=2010&endPeriod=2022&format=jsondata&dimensionAtObservation=AllDimensions",VERIFIED_API,data_raw/,Re-queried live and compared value by value on 2026-08-17,VERIFIED_API,,
KOR,irregular,2021-2022,2,FILE1,"Korea Ministry of Justice, annual illegal-stay foreigner statistics",https://www.moj.go.kr/moj/2415/subview.do,ARCHIVED,irregular__MOJ_illegal_stay_table_2021_2025_SCREENSHOT.jpg,"The table is rendered by JavaScript. Captured in an interactive browser: 2021 = 125,022 + 262,251 + 1,427 = 388,700 and 2022 = 138,013 + 269,532 + 3,725 = 411,270, both matching the workbook exactly.",RECOVERED_SCREENSHOT,,
KOR,irregular_proxy_overstayers,2010-2015,6,RESOURCED,"법무부 출입국·외국인정책본부, 2015년도 출입국·외국인정책 통계연보, 표 6-1 연도별 불법체류자 현황 (Ministry of Justice, Korea Immigration Statistical Yearbook 2015, Table 6-1)",https://www.korea.kr/archive/expDocView.do?docId=38074,ARCHIVED,irregular_proxy_overstayers__MOJ_yearbook2015_ch6_pp74-75.pdf,The secondary source originally cited for these years is on a host that no longer responds. It is not relied upon: the values come from the Ministry of Justice yearbook archived here.,SUPERSEDED_CITATION,"Korean National Police University press, Cheryu oegugin beomjoe-e gwanhan gyeongchal-ui daeeung bangan (2015), Table 1, citing Ministry of Justice Korea Immigration Service statistical yearbook",https://press.police.ac.kr/pds/1476878914562.pdf
KOR,irregular_proxy_overstayers,2011-2025,15,RESOURCED,"법무부 연도별 불법체류외국인 현황 (Ministry of Justice, annual illegal-stay foreign residents), Korea open data portal",https://www.data.go.kr/data/15100011/fileData.do,ARCHIVED,irregular_proxy_overstayers__MOJ_annual_illegal_stay_2011-2025_datagokr.csv,Machine-readable official series used to cross-check.,DOWNLOADED,,
KOR,irregular_proxy_overstayers,2018-2022,4,FILE2,"Ministry of Justice of Korea, Immigration and Foreign Policy Statistics (불법체류외국인), reported via EKW",https://www.ekw.co.kr/news/articleView.html?idxno=11130,ARCHIVED,irregular_proxy_overstayers__f55526aebb__www.ekw.co.kr.html,,DOWNLOADED,,
KOR,population,2010-2022,13,FILE1,"UN DESA Population Division, World Population Prospects 2024 (compact demographic indicators)",https://population.un.org/wpp/assets/Excel%20Files/1_Indicator%20(Standard)/EXCEL_FILES/1_General/WPP2024_GEN_F01_DEMOGRAPHIC_INDICATORS_COMPACT.xlsx,VERIFIED_API,data_raw/,Re-queried live and compared value by value on 2026-08-17,VERIFIED_API,,
KOR,population,2010-2022,13,FILE2,"World Bank, World Development Indicators (SP.POP.TOTL), sourced from UN World Population Prospects and national statistical offices",https://api.worldbank.org/v2/country/all/indicator/SP.POP.TOTL,VERIFIED_API,data_raw/,Re-queried live and compared value by value on 2026-08-17,VERIFIED_API,,
LTU,foreign_born,2010-2020,3,FILE1,"UN DESA Population Division, International Migrant Stock 2024: Total destination, Table 1",https://www.un.org/development/desa/pd/sites/www.un.org.development.desa.pd/files/undesa_pd_2024_ims_stock_by_sex_and_destination.xlsx,VERIFIED_API,data_raw/,Re-queried live and compared value by value on 2026-08-17,VERIFIED_API,,
LTU,foreign_born,2010-2022,13,FILE2,Eurostat [migr_pop3ctb],https://ec.europa.eu/eurostat/api/dissemination/statistics/1.0/data/migr_pop3ctb?format=JSON&lang=EN&geo=LT&age=TOTAL&sex=T&unit=NR&c_birth=FOR&sinceTimePeriod=2010&untilTimePeriod=2022,VERIFIED_API,data_raw/,Re-queried live and compared value by value on 2026-08-17,VERIFIED_API,,
LTU,foreign_nationals,2010-2022,13,FILE2,Eurostat [migr_pop1ctz],https://ec.europa.eu/eurostat/api/dissemination/statistics/1.0/data/migr_pop1ctz?format=JSON&lang=EN&geo=LT&age=TOTAL&sex=T&unit=NR&citizen=FOR_STLS&sinceTimePeriod=2010&untilTimePeriod=2022,VERIFIED_API,data_raw/,Re-queried live and compared value by value on 2026-08-17,VERIFIED_API,,
LTU,irregular,2010-2022,13,FILE1,"Eurostat MIGR_EIPRE, Third-country nationals found to be illegally present – annual data (rounded)",https://ec.europa.eu/eurostat/api/dissemination/statistics/1.0/data/migr_eipre?freq=A&reason=TOTAL&apprehen=TOTAL&citizen=TOTAL&sex=T&age=TOTAL&unit=PER&geo=LT&lang=en,VERIFIED_API,data_raw/,Re-queried live and compared value by value on 2026-08-17,VERIFIED_API,,
LTU,irregular_proxy_detections,2010-2022,13,FILE2,"Eurostat, Third country nationals found to be illegally present (migr_eipre)",https://ec.europa.eu/eurostat/databrowser/view/migr_eipre/default/table,VERIFIED_API,data_raw/,Re-queried live and compared value by value on 2026-08-17,VERIFIED_API,,
LTU,population,2010-2022,13,FILE1,"UN DESA Population Division, World Population Prospects 2024 (compact demographic indicators)",https://population.un.org/wpp/assets/Excel%20Files/1_Indicator%20(Standard)/EXCEL_FILES/1_General/WPP2024_GEN_F01_DEMOGRAPHIC_INDICATORS_COMPACT.xlsx,VERIFIED_API,data_raw/,Re-queried live and compared value by value on 2026-08-17,VERIFIED_API,,
LTU,population,2010-2022,13,FILE2,"World Bank, World Development Indicators (SP.POP.TOTL), sourced from UN World Population Prospects and national statistical offices",https://api.worldbank.org/v2/country/all/indicator/SP.POP.TOTL,VERIFIED_API,data_raw/,Re-queried live and compared value by value on 2026-08-17,VERIFIED_API,,
MEX,foreign_born,2010-2020,3,FILE1,"UN DESA Population Division, International Migrant Stock 2024: Total destination, Table 1",https://www.un.org/development/desa/pd/sites/www.un.org.development.desa.pd/files/undesa_pd_2024_ims_stock_by_sex_and_destination.xlsx,VERIFIED_API,data_raw/,Re-queried live and compared value by value on 2026-08-17,VERIFIED_API,,
MEX,foreign_born,2010-2020,8,FILE2,"OECD International Migration Database (stocks of foreign-born population, measure B14)","https://sdmx.oecd.org/public/rest/data/OECD.ELS.IMD,DSD_MIG_F@DF_MIG_POPF,1.0/MEX.W.A.B14._T._Z._Z.PS?startPeriod=2010&endPeriod=2022&format=jsondata&dimensionAtObservation=AllDimensions",VERIFIED_API,data_raw/,Re-queried live and compared value by value on 2026-08-17,VERIFIED_API,,
MEX,foreign_nationals,2010-2022,12,FILE2,"OECD International Migration Database (stocks of foreign population, measure B15)","https://sdmx.oecd.org/public/rest/data/OECD.ELS.IMD,DSD_MIG@DF_MIG,1.0/MEX.W.A.B15._T._Z._Z.PS?startPeriod=2010&endPeriod=2022&format=jsondata&dimensionAtObservation=AllDimensions",VERIFIED_API,data_raw/,Re-queried live and compared value by value on 2026-08-17,VERIFIED_API,,
MEX,irregular_proxy_detections,2017-2022,6,FILE2,"Unidad de Politica Migratoria, Registro e Identidad de Personas (UPMRIP), SEGOB, Boletin de Estadisticas Migratorias, as compiled in IOM Mexico, Estadisticas migratorias 2023",https://mexico.iom.int/sites/g/files/tmzbdl1686/files/documents/2024-03/estadisticas-migratorias-2023.pdf,ARCHIVED,irregular_proxy_detections__UPMRIP_SEGOB_boletin_2023.pdf,Refused the first request; retrieved with a full browser header set.,RECOVERED,,
MEX,population,2010-2022,13,FILE1,"UN DESA Population Division, World Population Prospects 2024 (compact demographic indicators)",https://population.un.org/wpp/assets/Excel%20Files/1_Indicator%20(Standard)/EXCEL_FILES/1_General/WPP2024_GEN_F01_DEMOGRAPHIC_INDICATORS_COMPACT.xlsx,VERIFIED_API,data_raw/,Re-queried live and compared value by value on 2026-08-17,VERIFIED_API,,
MEX,population,2010-2022,13,FILE2,"World Bank, World Development Indicators (SP.POP.TOTL), sourced from UN World Population Prospects and national statistical offices",https://api.worldbank.org/v2/country/all/indicator/SP.POP.TOTL,VERIFIED_API,data_raw/,Re-queried live and compared value by value on 2026-08-17,VERIFIED_API,,
NLD,foreign_born,2010-2020,3,FILE1,"UN DESA Population Division, International Migrant Stock 2024: Total destination, Table 1",https://www.un.org/development/desa/pd/sites/www.un.org.development.desa.pd/files/undesa_pd_2024_ims_stock_by_sex_and_destination.xlsx,VERIFIED_API,data_raw/,Re-queried live and compared value by value on 2026-08-17,VERIFIED_API,,
NLD,foreign_born,2010-2022,13,FILE2,Eurostat [migr_pop3ctb],https://ec.europa.eu/eurostat/api/dissemination/statistics/1.0/data/migr_pop3ctb?format=JSON&lang=EN&geo=NL&age=TOTAL&sex=T&unit=NR&c_birth=FOR&sinceTimePeriod=2010&untilTimePeriod=2022,VERIFIED_API,data_raw/,Re-queried live and compared value by value on 2026-08-17,VERIFIED_API,,
NLD,foreign_nationals,2010-2022,13,FILE2,Eurostat [migr_pop1ctz],https://ec.europa.eu/eurostat/api/dissemination/statistics/1.0/data/migr_pop1ctz?format=JSON&lang=EN&geo=NL&age=TOTAL&sex=T&unit=NR&citizen=FOR_STLS&sinceTimePeriod=2010&untilTimePeriod=2022,VERIFIED_API,data_raw/,Re-queried live and compared value by value on 2026-08-17,VERIFIED_API,,
NLD,irregular,2010-2022,13,FILE1,"Eurostat MIGR_EIPRE, Third-country nationals found to be illegally present – annual data (rounded)",https://ec.europa.eu/eurostat/api/dissemination/statistics/1.0/data/migr_eipre?freq=A&reason=TOTAL&apprehen=TOTAL&citizen=TOTAL&sex=T&age=TOTAL&unit=PER&geo=NL&lang=en,VERIFIED_API,data_raw/,Re-queried live and compared value by value on 2026-08-17,VERIFIED_API,,
NLD,irregular_proxy_detections,2010-2022,13,FILE2,"Eurostat, Third country nationals found to be illegally present (migr_eipre)",https://ec.europa.eu/eurostat/databrowser/view/migr_eipre/default/table,VERIFIED_API,data_raw/,Re-queried live and compared value by value on 2026-08-17,VERIFIED_API,,
NLD,irregular_stock,2017-2017,1,FILE2,"Van der Heijden, Cruyff, Van Gils (WODC), Schattingen onrechtmatig in Nederland verblijvende vreemdelingen 2017-2018",https://www.wodc.nl/actueel/nieuws/2020/12/16/nieuwe-schatting-voor-de-periode-medio-2017---medio-2018,ARCHIVED,irregular_stock__6dc83bd3ff__www.wodc.nl.html,,DOWNLOADED,,
NLD,irregular_stock,2018-2022,5,FILE2,"Van der Heijden, Cruyff, Lugtig, Engbersen, Van Gils (WODC/Utrecht University/Erasmus University Rotterdam), Schattingen onrechtmatig in Nederland verblijvende vreemdelingen medio 2018-2019 tot medio 2022-2023",https://www.wodc.nl/actueel/nieuws/2026/03/31/nieuwe-schattingen-beschikbaar-over-het-aantal-vreemdelingen-zonder-verblijfsvergunning,ARCHIVED,irregular_stock__7ab05f83a3__www.wodc.nl.html,,DOWNLOADED,,
NLD,population,2010-2022,13,FILE1,"UN DESA Population Division, World Population Prospects 2024 (compact demographic indicators)",https://population.un.org/wpp/assets/Excel%20Files/1_Indicator%20(Standard)/EXCEL_FILES/1_General/WPP2024_GEN_F01_DEMOGRAPHIC_INDICATORS_COMPACT.xlsx,VERIFIED_API,data_raw/,Re-queried live and compared value by value on 2026-08-17,VERIFIED_API,,
NLD,population,2010-2022,13,FILE2,"World Bank, World Development Indicators (SP.POP.TOTL), sourced from UN World Population Prospects and national statistical offices",https://api.worldbank.org/v2/country/all/indicator/SP.POP.TOTL,VERIFIED_API,data_raw/,Re-queried live and compared value by value on 2026-08-17,VERIFIED_API,,
NOR,foreign_born,2010-2020,3,FILE1,"UN DESA Population Division, International Migrant Stock 2024: Total destination, Table 1",https://www.un.org/development/desa/pd/sites/www.un.org.development.desa.pd/files/undesa_pd_2024_ims_stock_by_sex_and_destination.xlsx,VERIFIED_API,data_raw/,Re-queried live and compared value by value on 2026-08-17,VERIFIED_API,,
NOR,foreign_born,2010-2022,13,FILE2,Eurostat [migr_pop3ctb],https://ec.europa.eu/eurostat/api/dissemination/statistics/1.0/data/migr_pop3ctb?format=JSON&lang=EN&geo=NO&age=TOTAL&sex=T&unit=NR&c_birth=FOR&sinceTimePeriod=2010&untilTimePeriod=2022,VERIFIED_API,data_raw/,Re-queried live and compared value by value on 2026-08-17,VERIFIED_API,,
NOR,foreign_nationals,2010-2022,13,FILE2,Eurostat [migr_pop1ctz],https://ec.europa.eu/eurostat/api/dissemination/statistics/1.0/data/migr_pop1ctz?format=JSON&lang=EN&geo=NO&age=TOTAL&sex=T&unit=NR&citizen=FOR_STLS&sinceTimePeriod=2010&untilTimePeriod=2022,VERIFIED_API,data_raw/,Re-queried live and compared value by value on 2026-08-17,VERIFIED_API,,
NOR,irregular,2010-2022,13,FILE1,"Eurostat MIGR_EIPRE, Third-country nationals found to be illegally present – annual data (rounded)",https://ec.europa.eu/eurostat/api/dissemination/statistics/1.0/data/migr_eipre?freq=A&reason=TOTAL&apprehen=TOTAL&citizen=TOTAL&sex=T&age=TOTAL&unit=PER&geo=NO&lang=en,VERIFIED_API,data_raw/,Re-queried live and compared value by value on 2026-08-17,VERIFIED_API,,
NOR,irregular_proxy_detections,2010-2022,13,FILE2,"Eurostat, Third country nationals found to be illegally present (migr_eipre)",https://ec.europa.eu/eurostat/databrowser/view/migr_eipre/default/table,VERIFIED_API,data_raw/,Re-queried live and compared value by value on 2026-08-17,VERIFIED_API,,
NOR,population,2010-2022,13,FILE1,"UN DESA Population Division, World Population Prospects 2024 (compact demographic indicators)",https://population.un.org/wpp/assets/Excel%20Files/1_Indicator%20(Standard)/EXCEL_FILES/1_General/WPP2024_GEN_F01_DEMOGRAPHIC_INDICATORS_COMPACT.xlsx,VERIFIED_API,data_raw/,Re-queried live and compared value by value on 2026-08-17,VERIFIED_API,,
NOR,population,2010-2022,13,FILE2,"World Bank, World Development Indicators (SP.POP.TOTL), sourced from UN World Population Prospects and national statistical offices",https://api.worldbank.org/v2/country/all/indicator/SP.POP.TOTL,VERIFIED_API,data_raw/,Re-queried live and compared value by value on 2026-08-17,VERIFIED_API,,
NZL,foreign_born,2010-2020,3,FILE1,"UN DESA Population Division, International Migrant Stock 2024: Total destination, Table 1",https://www.un.org/development/desa/pd/sites/www.un.org.development.desa.pd/files/undesa_pd_2024_ims_stock_by_sex_and_destination.xlsx,VERIFIED_API,data_raw/,Re-queried live and compared value by value on 2026-08-17,VERIFIED_API,,
NZL,foreign_born,2010-2020,3,FILE2,UN DESA International Migrant Stock (retrieved via World Bank indicator SM.POP.TOTL),https://api.worldbank.org/v2/country/NZL/indicator/SM.POP.TOTL?format=json&date=2010:2022,VERIFIED_API,data_raw/,Re-queried live and compared value by value on 2026-08-17,VERIFIED_API,,
NZL,foreign_born,2013-2018,2,FILE2,"OECD International Migration Database (stocks of foreign-born population, measure B14)","https://sdmx.oecd.org/public/rest/data/OECD.ELS.IMD,DSD_MIG_F@DF_MIG_POPF,1.0/NZL.W.A.B14._T._Z._Z.PS?startPeriod=2010&endPeriod=2022&format=jsondata&dimensionAtObservation=AllDimensions",VERIFIED_API,data_raw/,Re-queried live and compared value by value on 2026-08-17,VERIFIED_API,,
NZL,irregular_proxy_overstayers,2010-2016,6,FILE2,"Immigration New Zealand (MBIE), 'OVERSTAYERS' factsheet, October 2018, released under the Official Information Act and published on FYI.org.nz",https://fyi.org.nz/request/29926/response/118942/attach/4/Appendix%20A%20Immigration%20New%20Zealand%20Overstayers%20Factsheet%202017.pdf,ARCHIVED,irregular_proxy_overstayers__c9a01f8746__fyi.org.nz.pdf,,DOWNLOADED,,
NZL,irregular_proxy_overstayers,2017-2017,1,FILE2,"Immigration New Zealand, New estimate of people who have overstayed their visa (5 September 2025)",https://immigration.govt.nz/assets/inz/documents/visa-paks/5-September-2025-New-estimate-of-people-who-have-overstayed-their-visa.pdf,ARCHIVED,irregular_proxy_overstayers__4f53adc2ee__immigration.govt.nz.pdf,,DOWNLOADED,,
NZL,population,2010-2022,13,FILE1,"UN DESA Population Division, World Population Prospects 2024 (compact demographic indicators)",https://population.un.org/wpp/assets/Excel%20Files/1_Indicator%20(Standard)/EXCEL_FILES/1_General/WPP2024_GEN_F01_DEMOGRAPHIC_INDICATORS_COMPACT.xlsx,VERIFIED_API,data_raw/,Re-queried live and compared value by value on 2026-08-17,VERIFIED_API,,
NZL,population,2010-2022,13,FILE2,"World Bank, World Development Indicators (SP.POP.TOTL), sourced from UN World Population Prospects and national statistical offices",https://api.worldbank.org/v2/country/all/indicator/SP.POP.TOTL,VERIFIED_API,data_raw/,Re-queried live and compared value by value on 2026-08-17,VERIFIED_API,,
PHL,foreign_born,2010-2020,3,FILE1,"UN DESA Population Division, International Migrant Stock 2024: Total destination, Table 1",https://www.un.org/development/desa/pd/sites/www.un.org.development.desa.pd/files/undesa_pd_2024_ims_stock_by_sex_and_destination.xlsx,VERIFIED_API,data_raw/,Re-queried live and compared value by value on 2026-08-17,VERIFIED_API,,
PHL,foreign_born,2010-2020,3,FILE2,UN DESA International Migrant Stock (World Bank indicator SM.POP.TOTL),https://api.worldbank.org/v2/country/CHN;IND;PHL;RUS;ZAF;SUR;THA/indicator/SM.POP.TOTL?format=json&date=2010:2022&per_page=200,VERIFIED_API,data_raw/,Re-queried live and compared value by value on 2026-08-17,VERIFIED_API,,
PHL,foreign_nationals,2010-2010,1,FILE2,National Statistics Office (Philippines) - 2010 Census of Population and Housing (reported by SunStar),https://www.sunstar.com.ph/bacolod/nearly-200000-foreigners-living-in-philippines-census,ARCHIVED,foreign_nationals__8847422287__www.sunstar.com.ph.html,,DOWNLOADED,,
PHL,foreign_nationals,2020-2020,1,FILE2,Philippine Statistics Authority - Foreign Citizens in the Country (2020 Census of Population and Housing),https://psa.gov.ph/content/foreign-citizens-country-2020-census-population-and-housing,ARCHIVED,foreign_nationals__PSA_2020CPH_foreign_citizens_SCREENSHOT.jpg,"A bot check blocks scripted clients. Captured in an interactive browser: the page states 78,396 foreign citizens in 2020, matching the workbook exactly.",RECOVERED_SCREENSHOT,,
PHL,population,2010-2022,13,FILE1,"UN DESA Population Division, World Population Prospects 2024 (compact demographic indicators)",https://population.un.org/wpp/assets/Excel%20Files/1_Indicator%20(Standard)/EXCEL_FILES/1_General/WPP2024_GEN_F01_DEMOGRAPHIC_INDICATORS_COMPACT.xlsx,VERIFIED_API,data_raw/,Re-queried live and compared value by value on 2026-08-17,VERIFIED_API,,
PHL,population,2010-2022,13,FILE2,"World Bank, World Development Indicators (SP.POP.TOTL), sourced from UN World Population Prospects and national statistical offices",https://api.worldbank.org/v2/country/all/indicator/SP.POP.TOTL,VERIFIED_API,data_raw/,Re-queried live and compared value by value on 2026-08-17,VERIFIED_API,,
POL,foreign_born,2010-2020,3,FILE1,"UN DESA Population Division, International Migrant Stock 2024: Total destination, Table 1",https://www.un.org/development/desa/pd/sites/www.un.org.development.desa.pd/files/undesa_pd_2024_ims_stock_by_sex_and_destination.xlsx,VERIFIED_API,data_raw/,Re-queried live and compared value by value on 2026-08-17,VERIFIED_API,,
POL,foreign_born,2010-2022,13,FILE2,Eurostat [migr_pop3ctb],https://ec.europa.eu/eurostat/api/dissemination/statistics/1.0/data/migr_pop3ctb?format=JSON&lang=EN&geo=PL&age=TOTAL&sex=T&unit=NR&c_birth=FOR&sinceTimePeriod=2010&untilTimePeriod=2022,VERIFIED_API,data_raw/,Re-queried live and compared value by value on 2026-08-17,VERIFIED_API,,
POL,foreign_nationals,2010-2022,13,FILE2,Eurostat [migr_pop1ctz],https://ec.europa.eu/eurostat/api/dissemination/statistics/1.0/data/migr_pop1ctz?format=JSON&lang=EN&geo=PL&age=TOTAL&sex=T&unit=NR&citizen=FOR_STLS&sinceTimePeriod=2010&untilTimePeriod=2022,VERIFIED_API,data_raw/,Re-queried live and compared value by value on 2026-08-17,VERIFIED_API,,
POL,irregular,2010-2022,13,FILE1,"Eurostat MIGR_EIPRE, Third-country nationals found to be illegally present – annual data (rounded)",https://ec.europa.eu/eurostat/api/dissemination/statistics/1.0/data/migr_eipre?freq=A&reason=TOTAL&apprehen=TOTAL&citizen=TOTAL&sex=T&age=TOTAL&unit=PER&geo=PL&lang=en,VERIFIED_API,data_raw/,Re-queried live and compared value by value on 2026-08-17,VERIFIED_API,,
POL,irregular_proxy_detections,2010-2022,13,FILE2,"Eurostat, Third country nationals found to be illegally present (migr_eipre)",https://ec.europa.eu/eurostat/databrowser/view/migr_eipre/default/table,VERIFIED_API,data_raw/,Re-queried live and compared value by value on 2026-08-17,VERIFIED_API,,
POL,population,2010-2022,13,FILE1,"UN DESA Population Division, World Population Prospects 2024 (compact demographic indicators)",https://population.un.org/wpp/assets/Excel%20Files/1_Indicator%20(Standard)/EXCEL_FILES/1_General/WPP2024_GEN_F01_DEMOGRAPHIC_INDICATORS_COMPACT.xlsx,VERIFIED_API,data_raw/,Re-queried live and compared value by value on 2026-08-17,VERIFIED_API,,
POL,population,2010-2022,13,FILE2,"World Bank, World Development Indicators (SP.POP.TOTL), sourced from UN World Population Prospects and national statistical offices",https://api.worldbank.org/v2/country/all/indicator/SP.POP.TOTL,VERIFIED_API,data_raw/,Re-queried live and compared value by value on 2026-08-17,VERIFIED_API,,
PRT,foreign_born,2010-2020,3,FILE1,"UN DESA Population Division, International Migrant Stock 2024: Total destination, Table 1",https://www.un.org/development/desa/pd/sites/www.un.org.development.desa.pd/files/undesa_pd_2024_ims_stock_by_sex_and_destination.xlsx,VERIFIED_API,data_raw/,Re-queried live and compared value by value on 2026-08-17,VERIFIED_API,,
PRT,foreign_born,2010-2022,13,FILE2,Eurostat [migr_pop3ctb],https://ec.europa.eu/eurostat/api/dissemination/statistics/1.0/data/migr_pop3ctb?format=JSON&lang=EN&geo=PT&age=TOTAL&sex=T&unit=NR&c_birth=FOR&sinceTimePeriod=2010&untilTimePeriod=2022,VERIFIED_API,data_raw/,Re-queried live and compared value by value on 2026-08-17,VERIFIED_API,,
PRT,foreign_nationals,2010-2022,13,FILE2,Eurostat [migr_pop1ctz],https://ec.europa.eu/eurostat/api/dissemination/statistics/1.0/data/migr_pop1ctz?format=JSON&lang=EN&geo=PT&age=TOTAL&sex=T&unit=NR&citizen=FOR_STLS&sinceTimePeriod=2010&untilTimePeriod=2022,VERIFIED_API,data_raw/,Re-queried live and compared value by value on 2026-08-17,VERIFIED_API,,
PRT,irregular,2010-2022,13,FILE1,"Eurostat MIGR_EIPRE, Third-country nationals found to be illegally present – annual data (rounded)",https://ec.europa.eu/eurostat/api/dissemination/statistics/1.0/data/migr_eipre?freq=A&reason=TOTAL&apprehen=TOTAL&citizen=TOTAL&sex=T&age=TOTAL&unit=PER&geo=PT&lang=en,VERIFIED_API,data_raw/,Re-queried live and compared value by value on 2026-08-17,VERIFIED_API,,
PRT,irregular_proxy_detections,2010-2022,13,FILE2,"Eurostat, Third country nationals found to be illegally present (migr_eipre)",https://ec.europa.eu/eurostat/databrowser/view/migr_eipre/default/table,VERIFIED_API,data_raw/,Re-queried live and compared value by value on 2026-08-17,VERIFIED_API,,
PRT,population,2010-2022,13,FILE1,"UN DESA Population Division, World Population Prospects 2024 (compact demographic indicators)",https://population.un.org/wpp/assets/Excel%20Files/1_Indicator%20(Standard)/EXCEL_FILES/1_General/WPP2024_GEN_F01_DEMOGRAPHIC_INDICATORS_COMPACT.xlsx,VERIFIED_API,data_raw/,Re-queried live and compared value by value on 2026-08-17,VERIFIED_API,,
PRT,population,2010-2022,13,FILE2,"World Bank, World Development Indicators (SP.POP.TOTL), sourced from UN World Population Prospects and national statistical offices",https://api.worldbank.org/v2/country/all/indicator/SP.POP.TOTL,VERIFIED_API,data_raw/,Re-queried live and compared value by value on 2026-08-17,VERIFIED_API,,
RUS,foreign_born,2010-2020,3,FILE1,"UN DESA Population Division, International Migrant Stock 2024: Total destination, Table 1",https://www.un.org/development/desa/pd/sites/www.un.org.development.desa.pd/files/undesa_pd_2024_ims_stock_by_sex_and_destination.xlsx,VERIFIED_API,data_raw/,Re-queried live and compared value by value on 2026-08-17,VERIFIED_API,,
RUS,foreign_born,2010-2020,3,FILE2,UN DESA International Migrant Stock (World Bank indicator SM.POP.TOTL),https://api.worldbank.org/v2/country/CHN;IND;PHL;RUS;ZAF;SUR;THA/indicator/SM.POP.TOTL?format=json&date=2010:2022&per_page=200,VERIFIED_API,data_raw/,Re-queried live and compared value by value on 2026-08-17,VERIFIED_API,,
RUS,irregular_stock,2020-2020,1,FILE2,"Russian Ministry of Internal Affairs (MVD) data, reported by The Moscow Times, 16 April 2021",https://www.themoscowtimes.com/2021/04/16/russia-tells-illegal-migrants-from-post-soviet-countries-to-leave-by-june-15-a73623,ARCHIVED,irregular_stock__dcc58afd38__www.themoscowtimes.com.html,,DOWNLOADED,,
RUS,population,2010-2022,13,FILE1,"UN DESA Population Division, World Population Prospects 2024 (compact demographic indicators)",https://population.un.org/wpp/assets/Excel%20Files/1_Indicator%20(Standard)/EXCEL_FILES/1_General/WPP2024_GEN_F01_DEMOGRAPHIC_INDICATORS_COMPACT.xlsx,VERIFIED_API,data_raw/,Re-queried live and compared value by value on 2026-08-17,VERIFIED_API,,
RUS,population,2010-2022,13,FILE2,"World Bank, World Development Indicators (SP.POP.TOTL), sourced from UN World Population Prospects and national statistical offices",https://api.worldbank.org/v2/country/all/indicator/SP.POP.TOTL,VERIFIED_API,data_raw/,Re-queried live and compared value by value on 2026-08-17,VERIFIED_API,,
SUR,foreign_born,2010-2020,3,FILE1,"UN DESA Population Division, International Migrant Stock 2024: Total destination, Table 1",https://www.un.org/development/desa/pd/sites/www.un.org.development.desa.pd/files/undesa_pd_2024_ims_stock_by_sex_and_destination.xlsx,VERIFIED_API,data_raw/,Re-queried live and compared value by value on 2026-08-17,VERIFIED_API,,
SUR,foreign_born,2010-2020,3,FILE2,UN DESA International Migrant Stock (World Bank indicator SM.POP.TOTL),https://api.worldbank.org/v2/country/CHN;IND;PHL;RUS;ZAF;SUR;THA/indicator/SM.POP.TOTL?format=json&date=2010:2022&per_page=200,VERIFIED_API,data_raw/,Re-queried live and compared value by value on 2026-08-17,VERIFIED_API,,
SUR,foreign_born,2012-2012,1,FILE2,General Bureau of Statistics Suriname (ABS) - Census 8 (2012) Volume 1 Demographic and Social Characteristics and Migration,https://statistics-suriname.org/wp-content/uploads/2019/05/Publicatie-Census-8-Volume-1-Demografische-en-Sociale-Karakteristieken-en-Migratie.pdf,ARCHIVED,foreign_born__f68b5eee2a__statistics-suriname.org.pdf,,DOWNLOADED,,
SUR,foreign_nationals,2012-2012,1,FILE2,General Bureau of Statistics Suriname (ABS) - Census 8 (2012) Volume 1 Demographic and Social Characteristics and Migration,https://statistics-suriname.org/wp-content/uploads/2019/05/Publicatie-Census-8-Volume-1-Demografische-en-Sociale-Karakteristieken-en-Migratie.pdf,ARCHIVED,foreign_born__f68b5eee2a__statistics-suriname.org.pdf,,DOWNLOADED,,
SUR,population,2010-2022,13,FILE1,"UN DESA Population Division, World Population Prospects 2024 (compact demographic indicators)",https://population.un.org/wpp/assets/Excel%20Files/1_Indicator%20(Standard)/EXCEL_FILES/1_General/WPP2024_GEN_F01_DEMOGRAPHIC_INDICATORS_COMPACT.xlsx,VERIFIED_API,data_raw/,Re-queried live and compared value by value on 2026-08-17,VERIFIED_API,,
SUR,population,2010-2022,13,FILE2,"World Bank, World Development Indicators (SP.POP.TOTL), sourced from UN World Population Prospects and national statistical offices",https://api.worldbank.org/v2/country/all/indicator/SP.POP.TOTL,VERIFIED_API,data_raw/,Re-queried live and compared value by value on 2026-08-17,VERIFIED_API,,
SVK,foreign_born,2010-2020,3,FILE1,"UN DESA Population Division, International Migrant Stock 2024: Total destination, Table 1",https://www.un.org/development/desa/pd/sites/www.un.org.development.desa.pd/files/undesa_pd_2024_ims_stock_by_sex_and_destination.xlsx,VERIFIED_API,data_raw/,Re-queried live and compared value by value on 2026-08-17,VERIFIED_API,,
SVK,foreign_born,2010-2022,13,FILE2,Eurostat [migr_pop3ctb],https://ec.europa.eu/eurostat/api/dissemination/statistics/1.0/data/migr_pop3ctb?format=JSON&lang=EN&geo=SK&age=TOTAL&sex=T&unit=NR&c_birth=FOR&sinceTimePeriod=2010&untilTimePeriod=2022,VERIFIED_API,data_raw/,Re-queried live and compared value by value on 2026-08-17,VERIFIED_API,,
SVK,foreign_nationals,2010-2022,13,FILE2,Eurostat [migr_pop1ctz],https://ec.europa.eu/eurostat/api/dissemination/statistics/1.0/data/migr_pop1ctz?format=JSON&lang=EN&geo=SK&age=TOTAL&sex=T&unit=NR&citizen=FOR_STLS&sinceTimePeriod=2010&untilTimePeriod=2022,VERIFIED_API,data_raw/,Re-queried live and compared value by value on 2026-08-17,VERIFIED_API,,
SVK,irregular,2010-2022,13,FILE1,"Eurostat MIGR_EIPRE, Third-country nationals found to be illegally present – annual data (rounded)",https://ec.europa.eu/eurostat/api/dissemination/statistics/1.0/data/migr_eipre?freq=A&reason=TOTAL&apprehen=TOTAL&citizen=TOTAL&sex=T&age=TOTAL&unit=PER&geo=SK&lang=en,VERIFIED_API,data_raw/,Re-queried live and compared value by value on 2026-08-17,VERIFIED_API,,
SVK,irregular_proxy_detections,2010-2022,13,FILE2,"Eurostat, Third country nationals found to be illegally present (migr_eipre)",https://ec.europa.eu/eurostat/databrowser/view/migr_eipre/default/table,VERIFIED_API,data_raw/,Re-queried live and compared value by value on 2026-08-17,VERIFIED_API,,
SVK,population,2010-2022,13,FILE1,"UN DESA Population Division, World Population Prospects 2024 (compact demographic indicators)",https://population.un.org/wpp/assets/Excel%20Files/1_Indicator%20(Standard)/EXCEL_FILES/1_General/WPP2024_GEN_F01_DEMOGRAPHIC_INDICATORS_COMPACT.xlsx,VERIFIED_API,data_raw/,Re-queried live and compared value by value on 2026-08-17,VERIFIED_API,,
SVK,population,2010-2022,13,FILE2,"World Bank, World Development Indicators (SP.POP.TOTL), sourced from UN World Population Prospects and national statistical offices",https://api.worldbank.org/v2/country/all/indicator/SP.POP.TOTL,VERIFIED_API,data_raw/,Re-queried live and compared value by value on 2026-08-17,VERIFIED_API,,
SVN,foreign_born,2010-2020,3,FILE1,"UN DESA Population Division, International Migrant Stock 2024: Total destination, Table 1",https://www.un.org/development/desa/pd/sites/www.un.org.development.desa.pd/files/undesa_pd_2024_ims_stock_by_sex_and_destination.xlsx,VERIFIED_API,data_raw/,Re-queried live and compared value by value on 2026-08-17,VERIFIED_API,,
SVN,foreign_born,2010-2022,13,FILE2,Eurostat [migr_pop3ctb],https://ec.europa.eu/eurostat/api/dissemination/statistics/1.0/data/migr_pop3ctb?format=JSON&lang=EN&geo=SI&age=TOTAL&sex=T&unit=NR&c_birth=FOR&sinceTimePeriod=2010&untilTimePeriod=2022,VERIFIED_API,data_raw/,Re-queried live and compared value by value on 2026-08-17,VERIFIED_API,,
SVN,foreign_nationals,2010-2022,13,FILE2,Eurostat [migr_pop1ctz],https://ec.europa.eu/eurostat/api/dissemination/statistics/1.0/data/migr_pop1ctz?format=JSON&lang=EN&geo=SI&age=TOTAL&sex=T&unit=NR&citizen=FOR_STLS&sinceTimePeriod=2010&untilTimePeriod=2022,VERIFIED_API,data_raw/,Re-queried live and compared value by value on 2026-08-17,VERIFIED_API,,
SVN,irregular,2010-2022,13,FILE1,"Eurostat MIGR_EIPRE, Third-country nationals found to be illegally present – annual data (rounded)",https://ec.europa.eu/eurostat/api/dissemination/statistics/1.0/data/migr_eipre?freq=A&reason=TOTAL&apprehen=TOTAL&citizen=TOTAL&sex=T&age=TOTAL&unit=PER&geo=SI&lang=en,VERIFIED_API,data_raw/,Re-queried live and compared value by value on 2026-08-17,VERIFIED_API,,
SVN,irregular_proxy_detections,2010-2022,13,FILE2,"Eurostat, Third country nationals found to be illegally present (migr_eipre)",https://ec.europa.eu/eurostat/databrowser/view/migr_eipre/default/table,VERIFIED_API,data_raw/,Re-queried live and compared value by value on 2026-08-17,VERIFIED_API,,
SVN,population,2010-2022,13,FILE1,"UN DESA Population Division, World Population Prospects 2024 (compact demographic indicators)",https://population.un.org/wpp/assets/Excel%20Files/1_Indicator%20(Standard)/EXCEL_FILES/1_General/WPP2024_GEN_F01_DEMOGRAPHIC_INDICATORS_COMPACT.xlsx,VERIFIED_API,data_raw/,Re-queried live and compared value by value on 2026-08-17,VERIFIED_API,,
SVN,population,2010-2022,13,FILE2,"World Bank, World Development Indicators (SP.POP.TOTL), sourced from UN World Population Prospects and national statistical offices",https://api.worldbank.org/v2/country/all/indicator/SP.POP.TOTL,VERIFIED_API,data_raw/,Re-queried live and compared value by value on 2026-08-17,VERIFIED_API,,
SWE,foreign_born,2010-2020,3,FILE1,"UN DESA Population Division, International Migrant Stock 2024: Total destination, Table 1",https://www.un.org/development/desa/pd/sites/www.un.org.development.desa.pd/files/undesa_pd_2024_ims_stock_by_sex_and_destination.xlsx,VERIFIED_API,data_raw/,Re-queried live and compared value by value on 2026-08-17,VERIFIED_API,,
SWE,foreign_born,2010-2022,13,FILE2,Eurostat [migr_pop3ctb],https://ec.europa.eu/eurostat/api/dissemination/statistics/1.0/data/migr_pop3ctb?format=JSON&lang=EN&geo=SE&age=TOTAL&sex=T&unit=NR&c_birth=FOR&sinceTimePeriod=2010&untilTimePeriod=2022,VERIFIED_API,data_raw/,Re-queried live and compared value by value on 2026-08-17,VERIFIED_API,,
SWE,foreign_nationals,2010-2022,13,FILE2,Eurostat [migr_pop1ctz],https://ec.europa.eu/eurostat/api/dissemination/statistics/1.0/data/migr_pop1ctz?format=JSON&lang=EN&geo=SE&age=TOTAL&sex=T&unit=NR&citizen=FOR_STLS&sinceTimePeriod=2010&untilTimePeriod=2022,VERIFIED_API,data_raw/,Re-queried live and compared value by value on 2026-08-17,VERIFIED_API,,
SWE,irregular,2010-2022,13,FILE1,"Eurostat MIGR_EIPRE, Third-country nationals found to be illegally present – annual data (rounded)",https://ec.europa.eu/eurostat/api/dissemination/statistics/1.0/data/migr_eipre?freq=A&reason=TOTAL&apprehen=TOTAL&citizen=TOTAL&sex=T&age=TOTAL&unit=PER&geo=SE&lang=en,VERIFIED_API,data_raw/,Re-queried live and compared value by value on 2026-08-17,VERIFIED_API,,
SWE,irregular_proxy_detections,2010-2022,13,FILE2,"Eurostat, Third country nationals found to be illegally present (migr_eipre)",https://ec.europa.eu/eurostat/databrowser/view/migr_eipre/default/table,VERIFIED_API,data_raw/,Re-queried live and compared value by value on 2026-08-17,VERIFIED_API,,
SWE,population,2010-2022,13,FILE1,"UN DESA Population Division, World Population Prospects 2024 (compact demographic indicators)",https://population.un.org/wpp/assets/Excel%20Files/1_Indicator%20(Standard)/EXCEL_FILES/1_General/WPP2024_GEN_F01_DEMOGRAPHIC_INDICATORS_COMPACT.xlsx,VERIFIED_API,data_raw/,Re-queried live and compared value by value on 2026-08-17,VERIFIED_API,,
SWE,population,2010-2022,13,FILE2,"World Bank, World Development Indicators (SP.POP.TOTL), sourced from UN World Population Prospects and national statistical offices",https://api.worldbank.org/v2/country/all/indicator/SP.POP.TOTL,VERIFIED_API,data_raw/,Re-queried live and compared value by value on 2026-08-17,VERIFIED_API,,
THA,foreign_born,2010-2020,3,FILE1,"UN DESA Population Division, International Migrant Stock 2024: Total destination, Table 1",https://www.un.org/development/desa/pd/sites/www.un.org.development.desa.pd/files/undesa_pd_2024_ims_stock_by_sex_and_destination.xlsx,VERIFIED_API,data_raw/,Re-queried live and compared value by value on 2026-08-17,VERIFIED_API,,
THA,foreign_born,2010-2020,3,FILE2,UN DESA International Migrant Stock (World Bank indicator SM.POP.TOTL),https://api.worldbank.org/v2/country/CHN;IND;PHL;RUS;ZAF;SUR;THA/indicator/SM.POP.TOTL?format=json&date=2010:2022&per_page=200,VERIFIED_API,data_raw/,Re-queried live and compared value by value on 2026-08-17,VERIFIED_API,,
THA,foreign_nationals,2018-2018,1,FILE2,IOM / United Nations Thailand - Thailand Migration Report 2019 (Table 1.1 Estimated non-Thai population in Thailand),https://thailand.un.org/en/download/13750/50831,ARCHIVED,foreign_nationals__310b4a2752__thailand.un.org.pdf,,DOWNLOADED,,
THA,population,2010-2022,13,FILE1,"UN DESA Population Division, World Population Prospects 2024 (compact demographic indicators)",https://population.un.org/wpp/assets/Excel%20Files/1_Indicator%20(Standard)/EXCEL_FILES/1_General/WPP2024_GEN_F01_DEMOGRAPHIC_INDICATORS_COMPACT.xlsx,VERIFIED_API,data_raw/,Re-queried live and compared value by value on 2026-08-17,VERIFIED_API,,
THA,population,2010-2022,13,FILE2,"World Bank, World Development Indicators (SP.POP.TOTL), sourced from UN World Population Prospects and national statistical offices",https://api.worldbank.org/v2/country/all/indicator/SP.POP.TOTL,VERIFIED_API,data_raw/,Re-queried live and compared value by value on 2026-08-17,VERIFIED_API,,
TUR,foreign_born,2010-2020,3,FILE1,"UN DESA Population Division, International Migrant Stock 2024: Total destination, Table 1",https://www.un.org/development/desa/pd/sites/www.un.org.development.desa.pd/files/undesa_pd_2024_ims_stock_by_sex_and_destination.xlsx,VERIFIED_API,data_raw/,Re-queried live and compared value by value on 2026-08-17,VERIFIED_API,,
TUR,foreign_born,2014-2022,9,FILE2,"OECD International Migration Database (stocks of foreign-born population, measure B14)","https://sdmx.oecd.org/public/rest/data/OECD.ELS.IMD,DSD_MIG_F@DF_MIG_POPF,1.0/TUR.W.A.B14._T._Z._Z.PS?startPeriod=2010&endPeriod=2022&format=jsondata&dimensionAtObservation=AllDimensions",VERIFIED_API,data_raw/,Re-queried live and compared value by value on 2026-08-17,VERIFIED_API,,
TUR,foreign_nationals,2010-2022,13,FILE2,"OECD International Migration Database (stocks of foreign population, measure B15)","https://sdmx.oecd.org/public/rest/data/OECD.ELS.IMD,DSD_MIG@DF_MIG,1.0/TUR.W.A.B15._T._Z._Z.PS?startPeriod=2010&endPeriod=2022&format=jsondata&dimensionAtObservation=AllDimensions",VERIFIED_API,data_raw/,Re-queried live and compared value by value on 2026-08-17,VERIFIED_API,,
TUR,irregular_proxy_detections,2010-2022,7,FILE2,Presidency of Migration Management / Goc Idaresi Baskanligi (GIB) figures reported by Demiroren Haber Ajansi (DHA),https://www.dha.com.tr/gundem/guzel-yasam-icin-hedef-ulke-turkiyede-20-yilda-2-6-milyon-duzensiz-gocmen-yakalandi-2478884,ARCHIVED,irregular_proxy_detections__95138086f6__www.dha.com.tr.html,,DOWNLOADED,,
TUR,irregular_proxy_detections,2021-2021,1,FILE2,Presidency of Migration Management / Goc Idaresi Baskanligi (GIB) data tabulated in Turkiye'nin Duzensiz Gocle Mucadele Stratejisine Iliskin Bir Degerlendirme (DergiPark),https://dergipark.org.tr/tr/download/article-file/3843070,ARCHIVED,irregular_proxy_detections__d15f6a7c52__dergipark.org.tr.pdf,,DOWNLOADED,,
TUR,population,2010-2022,13,FILE1,"UN DESA Population Division, World Population Prospects 2024 (compact demographic indicators)",https://population.un.org/wpp/assets/Excel%20Files/1_Indicator%20(Standard)/EXCEL_FILES/1_General/WPP2024_GEN_F01_DEMOGRAPHIC_INDICATORS_COMPACT.xlsx,VERIFIED_API,data_raw/,Re-queried live and compared value by value on 2026-08-17,VERIFIED_API,,
TUR,population,2010-2022,13,FILE2,"World Bank, World Development Indicators (SP.POP.TOTL), sourced from UN World Population Prospects and national statistical offices",https://api.worldbank.org/v2/country/all/indicator/SP.POP.TOTL,VERIFIED_API,data_raw/,Re-queried live and compared value by value on 2026-08-17,VERIFIED_API,,
TWN,foreign_born,2010-2020,3,FILE1,"UN DESA Population Division, International Migrant Stock 2024: Total destination, Table 1",https://www.un.org/development/desa/pd/sites/www.un.org.development.desa.pd/files/undesa_pd_2024_ims_stock_by_sex_and_destination.xlsx,VERIFIED_API,data_raw/,Re-queried live and compared value by value on 2026-08-17,VERIFIED_API,,
TWN,foreign_nationals,2012-2021,10,FILE2,"Taiwan Ministry of the Interior, Department of Statistics (內政統計通報), foreign residents 外僑居留人數",https://ws.moi.gov.tw/Download.ashx?u=LzAwMS9VcGxvYWQvNDAwL3JlbGZpbGUvMC8xNjA3NS8yZTk5ODk4OC05MTI4LTQ3Y2MtYTUwZi0yZjIwNzkzODk4ZDUucGRm&n=Mi7lpJbnsY3kurrlo6sucGRm&icon=.pdf,ARCHIVED,foreign_nationals__5669f2f014__ws.moi.gov.tw.pdf,,DOWNLOADED,,
TWN,foreign_nationals,2022-2022,1,FILE2,"Taiwan Ministry of the Interior, Department of Statistics (內政統計通報), foreign residents 外僑居留人數",https://ws.moi.gov.tw/Download.ashx?u=LzAwMS9VcGxvYWQvNDAwL3JlbGZpbGUvMC8yMTkxNi9jYmRkNDNlYy0wOGU0LTRjMzMtOTBjMy05MGYyOGEyZjE3NDIucGRm&n=MTE05bm056ysMTbpgLHlhafmlL%2FntbHoqIjpgJrloLFf5aSW5YOR566h55CGLnBkZg%3D%3D&icon=.pdf,ARCHIVED,foreign_nationals__8280cc6d01__ws.moi.gov.tw.pdf,,DOWNLOADED,,
TWN,foreign_workers,2011-2011,1,FILE2,"Ministry of Labor (勞動部) Labour Statistics Database, monthly statistics Table 12-2 ""Foreign Workers in Taiwan by Work Responsibilities""",https://statdb.mol.gov.tw/html/mon/c12020.pdf,ARCHIVED,foreign_workers__d0a0269c40__statdb.mol.gov.tw.pdf,,DOWNLOADED,,
TWN,irregular,2012-2018,7,FILE1,Taiwan Legislative Yuan report citing National Immigration Agency data (2019),https://www.ly.gov.tw/Pages/Detail.aspx?nodeid=33342&pid=184411,ARCHIVED,irregular__539a03cf36__www.ly.gov.tw.html,,DOWNLOADED,,
TWN,irregular,2019-2021,3,FILE1,Taiwan Legislative Yuan report citing National Immigration Agency data (2021),https://www.ly.gov.tw/Pages/Detail.aspx?nodeid=45128&pid=211927,ARCHIVED,irregular__40806cb930__www.ly.gov.tw.html,,DOWNLOADED,,
TWN,irregular_proxy_overstayers,2011-2022,7,FILE2,"Ministry of Labor, Republic of China (Taiwan), Monthly Bulletin of Labour Statistics, Table 12-7 Status of the Missing Foreign Workers by Nationality (表 12-7 失聯移工概況—按國籍分)",https://statdb.mol.gov.tw/html/mon/212070.pdf,ARCHIVED,irregular_proxy_overstayers__0756fa9f58__statdb.mol.gov.tw.pdf,,DOWNLOADED,,
TWN,irregular_proxy_overstayers,2014-2018,5,FILE2,"National Immigration Agency (內政部移民署), reported by the Legislative Yuan Budget Center",https://www.ly.gov.tw/Pages/Detail.aspx?nodeid=33580&pid=188916,ARCHIVED,irregular_proxy_overstayers__5d0d32cf1c__www.ly.gov.tw.html,,DOWNLOADED,,
TWN,population,2010-2016,7,FILE2,"內政部統計處 內政統計年報 108年版 (MOI Dept. of Statistics, Statistical Yearbook of Interior, 2019 ed.)",https://ws.moi.gov.tw/Download.ashx?u=LzAwMS9VcGxvYWQvNDAwL3JlbGZpbGUvMC8xMzMzNy9jNDg1YjU2OC1lNWU2LTRkYTItYWIwZS1lMTJlNmVmZjBkZTIucGRm&n=MTA45bm05YWn5pS%2f57Wx6KiI5bm05aCx6Zu75a2Q5pu4LnBkZg%3d%3d&icon=.pdf,ARCHIVED,population__19060caafa__ws.moi.gov.tw.pdf,,DOWNLOADED,,
TWN,population,2010-2022,13,FILE1,"UN DESA Population Division, World Population Prospects 2024 (compact demographic indicators)",https://population.un.org/wpp/assets/Excel%20Files/1_Indicator%20(Standard)/EXCEL_FILES/1_General/WPP2024_GEN_F01_DEMOGRAPHIC_INDICATORS_COMPACT.xlsx,VERIFIED_API,data_raw/,Re-queried live and compared value by value on 2026-08-17,VERIFIED_API,,
TWN,population,2017-2022,6,FILE2,"內政部統計處 內政統計月報 115年5月 (MOI Dept. of Statistics, Monthly Bulletin of Interior Statistics, May 2026)",https://ws.moi.gov.tw/Download.ashx?u=LzAwMS9VcGxvYWQvNDAwL3JlbGZpbGUvMC8yMzQ1NC85M2FlNzY2MC0xMDEwLTQxNGQtOGQ4NC00NjM3ZDE2ZjY4ZTcucGRm&n=MTE1MDUucGRm,ARCHIVED,population__0c3445011b__ws.moi.gov.tw.pdf,,DOWNLOADED,,
USA,foreign_born,2010-2020,3,FILE1,"UN DESA Population Division, International Migrant Stock 2024: Total destination, Table 1",https://www.un.org/development/desa/pd/sites/www.un.org.development.desa.pd/files/undesa_pd_2024_ims_stock_by_sex_and_destination.xlsx,VERIFIED_API,data_raw/,Re-queried live and compared value by value on 2026-08-17,VERIFIED_API,,
USA,foreign_born,2010-2022,13,FILE2,"OECD International Migration Database (stocks of foreign-born population, measure B14)","https://sdmx.oecd.org/public/rest/data/OECD.ELS.IMD,DSD_MIG_F@DF_MIG_POPF,1.0/USA.W.A.B14._T._Z._Z.PS?startPeriod=2010&endPeriod=2022&format=jsondata&dimensionAtObservation=AllDimensions",VERIFIED_API,data_raw/,Re-queried live and compared value by value on 2026-08-17,VERIFIED_API,,
USA,foreign_nationals,2010-2022,13,FILE2,"OECD International Migration Database (stocks of foreign population, measure B15)","https://sdmx.oecd.org/public/rest/data/OECD.ELS.IMD,DSD_MIG@DF_MIG,1.0/USA.W.A.B15._T._Z._Z.PS?startPeriod=2010&endPeriod=2022&format=jsondata&dimensionAtObservation=AllDimensions",VERIFIED_API,data_raw/,Re-queried live and compared value by value on 2026-08-17,VERIFIED_API,,
USA,irregular,2010-2017,8,FILE1,"Pew Research Center, Immigrants in America: Key Charts and Facts (2020)",https://www.pewresearch.org/hispanic/2020/08/20/facts-on-u-s-immigrants/,ARCHIVED,irregular__PewResearch_2020_facts-on-us-immigrants.html,Refused the first request; retrieved with a full browser header set.,RECOVERED,,
USA,irregular,2021-2022,2,FILE1,"Pew Research Center, What we know about unauthorized immigrants living in the U.S. (2024)",https://www.pewresearch.org/short-reads/2024/07/22/what-we-know-about-unauthorized-immigrants-living-in-the-us/,ARCHIVED,irregular__4b5c514e18__www.pewresearch.org.html,,DOWNLOADED,,
USA,irregular_stock,2010-2010,1,FILE2,"Pew Hispanic Center, Unauthorized Immigrant Population: National and State Trends, 2010",https://www.pewresearch.org/race-and-ethnicity/2011/02/01/unauthorized-immigrant-population-brnational-and-state-trends-2010/,ARCHIVED,irregular_stock__1db68f77f4__www.pewresearch.org.html,,DOWNLOADED,,
USA,irregular_stock,2010-2018,9,FILE2,"DHS Office of Homeland Security Statistics, Estimates of the Unauthorized Immigrant Population Residing in the United States: January 2015-January 2018, Table A2-1",https://ohss.dhs.gov/sites/default/files/2023-12/unauthorized_immigrant_population_estimates_2015_-_2018.pdf,ARCHIVED,irregular_stock__61d67a1914__ohss.dhs.gov.pdf,,DOWNLOADED,,
USA,irregular_stock,2011-2018,2,FILE2,"Migration Policy Institute, Unauthorized Immigrants in the United States: Stable Numbers, Changing Origins",https://www.migrationpolicy.org/sites/default/files/publications/mpi-unauthorized-immigrants-stablenumbers-changingorigins_final.pdf,ARCHIVED,irregular_stock__66eb6dec29__www.migrationpolicy.org.pdf,,DOWNLOADED,,
USA,irregular_stock,2017-2017,1,FILE2,"Pew Research Center, Unauthorized immigrant population trends",https://www.pewresearch.org/race-and-ethnicity/feature/unauthorized-trends/,ARCHIVED,irregular_stock__6832664b64__www.pewresearch.org.html,,DOWNLOADED,,
USA,irregular_stock,2019-2022,4,FILE2,"Center for Migration Studies of New York (Robert Warren), After a Decade of Decline, the US Undocumented Population Increased by 650,000 in 2022, Journal on Migration and Human Security",https://journals.sagepub.com/doi/10.1177/23315024241226624,ARCHIVED,irregular_stock__acbbe0d526__journals.sagepub.com.html,,DOWNLOADED,,
USA,irregular_stock,2019-2022,3,FILE2,"DHS Office of Homeland Security Statistics (Baker & Warren 2024), Estimates of the Unauthorized Immigrant Population Residing in the United States: January 2018-January 2022, as reproduced in Choices Magazine (AAEA)",https://www.choicesmagazine.org/UserFiles/file/cmsarticle_991.pdf,ARCHIVED,irregular_stock__f07e822120__www.choicesmagazine.org.pdf,,DOWNLOADED,,
USA,irregular_stock,2019-2022,3,FILE2,"Migration Policy Institute (with Jennifer Van Hook, Penn State), Diverse Flows Drive Increase in U.S. Unauthorized Immigrant Population (July 2024)",https://www.migrationpolicy.org/commentary/diverse-flows-drive-increase-us-unauthorized-immigrant-population,ARCHIVED,irregular_stock__a21b7d97cf__www.migrationpolicy.org.html,,DOWNLOADED,,
USA,irregular_stock,2020-2020,1,FILE2,"Center for Migration Studies of New York (Robert Warren), US Undocumented Population Increased to 11.7 Million in July 2023",https://cmsny.org/us-undocumented-population-increased-in-july-2023-warren-090624/,ARCHIVED,irregular_stock__693e3d8133__cmsny.org.html,,DOWNLOADED,,
USA,irregular_stock,2021-2022,2,FILE2,"Pew Research Center, Q&A: How Pew Research Center estimates the number of unauthorized immigrants living in the U.S. (22 August 2025)",https://www.pewresearch.org/short-reads/2025/08/22/qa-how-pew-research-center-estimates-the-number-of-unauthorized-immigrants-living-in-the-us/,ARCHIVED,irregular_stock__5f9277ca27__www.pewresearch.org.html,,DOWNLOADED,,
USA,irregular_stock,2021-2022,2,FILE2,"Pew Research Center, What we know about unauthorized immigrants living in the U.S. (July 2024)",https://www.pewresearch.org/short-reads/2024/07/22/what-we-know-about-unauthorized-immigrants-living-in-the-us/,ARCHIVED,irregular__4b5c514e18__www.pewresearch.org.html,,DOWNLOADED,,
USA,population,2010-2022,13,FILE1,"UN DESA Population Division, World Population Prospects 2024 (compact demographic indicators)",https://population.un.org/wpp/assets/Excel%20Files/1_Indicator%20(Standard)/EXCEL_FILES/1_General/WPP2024_GEN_F01_DEMOGRAPHIC_INDICATORS_COMPACT.xlsx,VERIFIED_API,data_raw/,Re-queried live and compared value by value on 2026-08-17,VERIFIED_API,,
USA,population,2010-2022,13,FILE2,"World Bank, World Development Indicators (SP.POP.TOTL), sourced from UN World Population Prospects and national statistical offices",https://api.worldbank.org/v2/country/all/indicator/SP.POP.TOTL,VERIFIED_API,data_raw/,Re-queried live and compared value by value on 2026-08-17,VERIFIED_API,,
ZAF,foreign_born,2010-2020,3,FILE1,"UN DESA Population Division, International Migrant Stock 2024: Total destination, Table 1",https://www.un.org/development/desa/pd/sites/www.un.org.development.desa.pd/files/undesa_pd_2024_ims_stock_by_sex_and_destination.xlsx,VERIFIED_API,data_raw/,Re-queried live and compared value by value on 2026-08-17,VERIFIED_API,,
ZAF,foreign_born,2010-2020,3,FILE2,UN DESA International Migrant Stock (World Bank indicator SM.POP.TOTL),https://api.worldbank.org/v2/country/CHN;IND;PHL;RUS;ZAF;SUR;THA/indicator/SM.POP.TOTL?format=json&date=2010:2022&per_page=200,VERIFIED_API,data_raw/,Re-queried live and compared value by value on 2026-08-17,VERIFIED_API,,
ZAF,foreign_born,2011-2011,1,FILE2,Statistics South Africa - Census 2011 (as tabulated in the Census 2022 Statistical Release P0301.4),https://census.statssa.gov.za/assets/documents/2022/P03014_Census_2022_Statistical_Release.pdf,ARCHIVED,foreign_born__c204ed0e2a__census.statssa.gov.za.pdf,,DOWNLOADED,,
ZAF,foreign_born,2016-2016,1,FILE2,Statistics South Africa - Community Survey 2016 (presented to the UN Expert Forum on International Migration Statistics 2023),https://unstats.un.org/unsd/demographic-social/migrationstat-forum-2023/presentations/E.3/4.Itani-StatsSA.pdf,ARCHIVED,foreign_born__a8ebe1b51a__unstats.un.org.pdf,,DOWNLOADED,,
ZAF,population,2010-2022,13,FILE1,"UN DESA Population Division, World Population Prospects 2024 (compact demographic indicators)",https://population.un.org/wpp/assets/Excel%20Files/1_Indicator%20(Standard)/EXCEL_FILES/1_General/WPP2024_GEN_F01_DEMOGRAPHIC_INDICATORS_COMPACT.xlsx,VERIFIED_API,data_raw/,Re-queried live and compared value by value on 2026-08-17,VERIFIED_API,,
ZAF,population,2010-2022,13,FILE2,"World Bank, World Development Indicators (SP.POP.TOTL), sourced from UN World Population Prospects and national statistical offices",https://api.worldbank.org/v2/country/all/indicator/SP.POP.TOTL,VERIFIED_API,data_raw/,Re-queried live and compared value by value on 2026-08-17,VERIFIED_API,,
