stage,workbook,country,iso3,year,variable,source,workbook_value,live_source_value,diff,pct_diff,status,note
as_received,FILE1,Australia,AUS,2010,population,S1 UN WPP2024,22141581.0,22141581.0,0.0,0.0,EXACT,
as_received,FILE1,Australia,AUS,2010,foreign_born,S2 UN DESA IMS2024,5879802.0,5879802.0,0.0,0.0,EXACT,
as_received,FILE1,Australia,AUS,2011,population,S1 UN WPP2024,22479775.0,22479775.0,0.0,0.0,EXACT,
as_received,FILE1,Australia,AUS,2012,population,S1 UN WPP2024,22852644.0,22852644.0,0.0,0.0,EXACT,
as_received,FILE1,Australia,AUS,2013,population,S1 UN WPP2024,23236270.0,23236270.0,0.0,0.0,EXACT,
as_received,FILE1,Australia,AUS,2014,population,S1 UN WPP2024,23595601.0,23595601.0,0.0,0.0,EXACT,
as_received,FILE1,Australia,AUS,2015,population,S1 UN WPP2024,23948002.0,23948002.0,0.0,0.0,EXACT,
as_received,FILE1,Australia,AUS,2015,foreign_born,S2 UN DESA IMS2024,6733056.0,6733056.0,0.0,0.0,EXACT,
as_received,FILE1,Australia,AUS,2016,population,S1 UN WPP2024,24329963.0,24329963.0,0.0,0.0,EXACT,
as_received,FILE1,Australia,AUS,2017,population,S1 UN WPP2024,24731038.0,24731038.0,0.0,0.0,EXACT,
as_received,FILE1,Australia,AUS,2018,population,S1 UN WPP2024,25119706.0,25119706.0,0.0,0.0,EXACT,
as_received,FILE1,Australia,AUS,2019,population,S1 UN WPP2024,25482714.0,25482714.0,0.0,0.0,EXACT,
as_received,FILE1,Australia,AUS,2020,population,S1 UN WPP2024,25743791.0,25743791.0,0.0,0.0,EXACT,
as_received,FILE1,Australia,AUS,2020,foreign_born,S2 UN DESA IMS2024,7604850.0,7604850.0,0.0,0.0,EXACT,
as_received,FILE1,Australia,AUS,2021,population,S1 UN WPP2024,25956417.0,25956417.0,0.0,0.0,EXACT,
as_received,FILE1,Australia,AUS,2022,population,S1 UN WPP2024,26200984.0,26200984.0,0.0,0.0,EXACT,
as_received,FILE1,Belgium,BEL,2010,population,S1 UN WPP2024,10936626.0,10936626.0,0.0,0.0,EXACT,
as_received,FILE1,Belgium,BEL,2010,foreign_born,S2 UN DESA IMS2024,1567639.0,1567639.0,0.0,0.0,EXACT,
as_received,FILE1,Belgium,BEL,2010,irregular_detections,S3 Eurostat migr_eipre,12115.0,12115.0,0.0,0.0,EXACT,
as_received,FILE1,Belgium,BEL,2011,population,S1 UN WPP2024,11038631.0,11038631.0,0.0,0.0,EXACT,
as_received,FILE1,Belgium,BEL,2011,irregular_detections,S3 Eurostat migr_eipre,13550.0,13550.0,0.0,0.0,EXACT,
as_received,FILE1,Belgium,BEL,2012,population,S1 UN WPP2024,11107518.0,11107518.0,0.0,0.0,EXACT,
as_received,FILE1,Belgium,BEL,2012,irregular_detections,S3 Eurostat migr_eipre,15085.0,15085.0,0.0,0.0,EXACT,
as_received,FILE1,Belgium,BEL,2013,population,S1 UN WPP2024,11160276.0,11160276.0,0.0,0.0,EXACT,
as_received,FILE1,Belgium,BEL,2013,irregular_detections,S3 Eurostat migr_eipre,15075.0,15075.0,0.0,0.0,EXACT,
as_received,FILE1,Belgium,BEL,2014,population,S1 UN WPP2024,11210119.0,11210119.0,0.0,0.0,EXACT,
as_received,FILE1,Belgium,BEL,2014,irregular_detections,S3 Eurostat migr_eipre,15540.0,15540.0,0.0,0.0,EXACT,
as_received,FILE1,Belgium,BEL,2015,population,S1 UN WPP2024,11275335.0,11275335.0,0.0,0.0,EXACT,
as_received,FILE1,Belgium,BEL,2015,foreign_born,S2 UN DESA IMS2024,1814949.0,1814949.0,0.0,0.0,EXACT,
as_received,FILE1,Belgium,BEL,2015,irregular_detections,S3 Eurostat migr_eipre,16275.0,16275.0,0.0,0.0,EXACT,
as_received,FILE1,Belgium,BEL,2016,population,S1 UN WPP2024,11332701.0,11332701.0,0.0,0.0,EXACT,
as_received,FILE1,Belgium,BEL,2016,irregular_detections,S3 Eurostat migr_eipre,19320.0,19320.0,0.0,0.0,EXACT,
as_received,FILE1,Belgium,BEL,2017,population,S1 UN WPP2024,11376581.0,11376581.0,0.0,0.0,EXACT,
as_received,FILE1,Belgium,BEL,2017,irregular_detections,S3 Eurostat migr_eipre,18285.0,18285.0,0.0,0.0,EXACT,
as_received,FILE1,Belgium,BEL,2018,population,S1 UN WPP2024,11428605.0,11428605.0,0.0,0.0,EXACT,
as_received,FILE1,Belgium,BEL,2018,irregular_detections,S3 Eurostat migr_eipre,19145.0,19145.0,0.0,0.0,EXACT,
as_received,FILE1,Belgium,BEL,2019,population,S1 UN WPP2024,11490618.0,11490618.0,0.0,0.0,EXACT,
as_received,FILE1,Belgium,BEL,2019,irregular_detections,S3 Eurostat migr_eipre,17585.0,17585.0,0.0,0.0,EXACT,
as_received,FILE1,Belgium,BEL,2020,population,S1 UN WPP2024,11540107.0,11540107.0,0.0,0.0,EXACT,
as_received,FILE1,Belgium,BEL,2020,foreign_born,S2 UN DESA IMS2024,2046975.0,2046975.0,0.0,0.0,EXACT,
as_received,FILE1,Belgium,BEL,2020,irregular_detections,S3 Eurostat migr_eipre,11495.0,11495.0,0.0,0.0,EXACT,
as_received,FILE1,Belgium,BEL,2021,population,S1 UN WPP2024,11570844.0,11570844.0,0.0,0.0,EXACT,
as_received,FILE1,Belgium,BEL,2021,irregular_detections,S3 Eurostat migr_eipre,10885.0,10885.0,0.0,0.0,EXACT,
as_received,FILE1,Belgium,BEL,2022,population,S1 UN WPP2024,11641820.0,11641820.0,0.0,0.0,EXACT,
as_received,FILE1,Belgium,BEL,2022,irregular_detections,S3 Eurostat migr_eipre,10965.0,10965.0,0.0,0.0,EXACT,
as_received,FILE1,Bulgaria,BGR,2010,population,S1 UN WPP2024,7437599.0,7437599.0,0.0,0.0,EXACT,
as_received,FILE1,Bulgaria,BGR,2010,foreign_born,S2 UN DESA IMS2024,76287.0,76287.0,0.0,0.0,EXACT,
as_received,FILE1,Bulgaria,BGR,2010,irregular_detections,S3 Eurostat migr_eipre,1705.0,1705.0,0.0,0.0,EXACT,
as_received,FILE1,Bulgaria,BGR,2011,population,S1 UN WPP2024,7380025.0,7380025.0,0.0,0.0,EXACT,
as_received,FILE1,Bulgaria,BGR,2011,irregular_detections,S3 Eurostat migr_eipre,1355.0,1355.0,0.0,0.0,EXACT,
as_received,FILE1,Bulgaria,BGR,2012,population,S1 UN WPP2024,7317014.0,7317014.0,0.0,0.0,EXACT,
as_received,FILE1,Bulgaria,BGR,2012,irregular_detections,S3 Eurostat migr_eipre,2050.0,2050.0,0.0,0.0,EXACT,
as_received,FILE1,Bulgaria,BGR,2013,population,S1 UN WPP2024,7264600.0,7264600.0,0.0,0.0,EXACT,
as_received,FILE1,Bulgaria,BGR,2013,irregular_detections,S3 Eurostat migr_eipre,5260.0,5260.0,0.0,0.0,EXACT,
as_received,FILE1,Bulgaria,BGR,2014,population,S1 UN WPP2024,7223449.0,7223449.0,0.0,0.0,EXACT,
as_received,FILE1,Bulgaria,BGR,2014,irregular_detections,S3 Eurostat migr_eipre,12870.0,12870.0,0.0,0.0,EXACT,
as_received,FILE1,Bulgaria,BGR,2015,population,S1 UN WPP2024,7177517.0,7177517.0,0.0,0.0,EXACT,
as_received,FILE1,Bulgaria,BGR,2015,foreign_born,S2 UN DESA IMS2024,123803.0,123803.0,0.0,0.0,EXACT,
as_received,FILE1,Bulgaria,BGR,2015,irregular_detections,S3 Eurostat migr_eipre,20810.0,20810.0,0.0,0.0,EXACT,
as_received,FILE1,Bulgaria,BGR,2016,population,S1 UN WPP2024,7127434.0,7127434.0,0.0,0.0,EXACT,
as_received,FILE1,Bulgaria,BGR,2016,irregular_detections,S3 Eurostat migr_eipre,14125.0,14125.0,0.0,0.0,EXACT,
as_received,FILE1,Bulgaria,BGR,2017,population,S1 UN WPP2024,7075636.0,7075636.0,0.0,0.0,EXACT,
as_received,FILE1,Bulgaria,BGR,2017,irregular_detections,S3 Eurostat migr_eipre,2595.0,2595.0,0.0,0.0,EXACT,
as_received,FILE1,Bulgaria,BGR,2018,population,S1 UN WPP2024,7024745.0,7024745.0,0.0,0.0,EXACT,
as_received,FILE1,Bulgaria,BGR,2018,irregular_detections,S3 Eurostat migr_eipre,1305.0,1305.0,0.0,0.0,EXACT,
as_received,FILE1,Bulgaria,BGR,2019,population,S1 UN WPP2024,6975469.0,6975469.0,0.0,0.0,EXACT,
as_received,FILE1,Bulgaria,BGR,2019,irregular_detections,S3 Eurostat migr_eipre,655.0,655.0,0.0,0.0,EXACT,
as_received,FILE1,Bulgaria,BGR,2020,population,S1 UN WPP2024,6933652.0,6933652.0,0.0,0.0,EXACT,
as_received,FILE1,Bulgaria,BGR,2020,foreign_born,S2 UN DESA IMS2024,184363.0,184363.0,0.0,0.0,EXACT,
as_received,FILE1,Bulgaria,BGR,2020,irregular_detections,S3 Eurostat migr_eipre,670.0,670.0,0.0,0.0,EXACT,
as_received,FILE1,Bulgaria,BGR,2021,population,S1 UN WPP2024,6877225.0,6877225.0,0.0,0.0,EXACT,
as_received,FILE1,Bulgaria,BGR,2021,irregular_detections,S3 Eurostat migr_eipre,3200.0,3200.0,0.0,0.0,EXACT,
as_received,FILE1,Bulgaria,BGR,2022,population,S1 UN WPP2024,6825864.0,6825864.0,0.0,0.0,EXACT,
as_received,FILE1,Bulgaria,BGR,2022,irregular_detections,S3 Eurostat migr_eipre,10135.0,10135.0,0.0,0.0,EXACT,
as_received,FILE1,Chile,CHL,2010,population,S1 UN WPP2024,17181464.0,17181464.0,0.0,0.0,EXACT,
as_received,FILE1,Chile,CHL,2010,foreign_born,S2 UN DESA IMS2024,361531.0,361531.0,0.0,0.0,EXACT,
as_received,FILE1,Chile,CHL,2011,population,S1 UN WPP2024,17351816.0,17351816.0,0.0,0.0,EXACT,
as_received,FILE1,Chile,CHL,2012,population,S1 UN WPP2024,17519119.0,17519119.0,0.0,0.0,EXACT,
as_received,FILE1,Chile,CHL,2013,population,S1 UN WPP2024,17687006.0,17687006.0,0.0,0.0,EXACT,
as_received,FILE1,Chile,CHL,2014,population,S1 UN WPP2024,17864195.0,17864195.0,0.0,0.0,EXACT,
as_received,FILE1,Chile,CHL,2015,population,S1 UN WPP2024,18047625.0,18047625.0,0.0,0.0,EXACT,
as_received,FILE1,Chile,CHL,2015,foreign_born,S2 UN DESA IMS2024,598039.0,598039.0,0.0,0.0,EXACT,
as_received,FILE1,Chile,CHL,2016,population,S1 UN WPP2024,18267221.0,18267221.0,0.0,0.0,EXACT,
as_received,FILE1,Chile,CHL,2017,population,S1 UN WPP2024,18558868.0,18558868.0,0.0,0.0,EXACT,
as_received,FILE1,Chile,CHL,2018,population,S1 UN WPP2024,18893191.0,18893191.0,0.0,0.0,EXACT,
as_received,FILE1,Chile,CHL,2019,population,S1 UN WPP2024,19197744.0,19197744.0,0.0,0.0,EXACT,
as_received,FILE1,Chile,CHL,2020,population,S1 UN WPP2024,19370624.0,19370624.0,0.0,0.0,EXACT,
as_received,FILE1,Chile,CHL,2020,foreign_born,S2 UN DESA IMS2024,1476240.0,1476240.0,0.0,0.0,EXACT,
as_received,FILE1,Chile,CHL,2021,population,S1 UN WPP2024,19456334.0,19456334.0,0.0,0.0,EXACT,
as_received,FILE1,Chile,CHL,2022,population,S1 UN WPP2024,19553036.0,19553036.0,0.0,0.0,EXACT,
as_received,FILE1,China,CHN,2010,population,S1 UN WPP2024,1351561514.0,1351561514.0,0.0,0.0,EXACT,
as_received,FILE1,China,CHN,2010,foreign_born,S2 UN DESA IMS2024,1010008.0,1010008.0,0.0,0.0,EXACT,
as_received,FILE1,China,CHN,2011,population,S1 UN WPP2024,1360250664.0,1360250664.0,0.0,0.0,EXACT,
as_received,FILE1,China,CHN,2012,population,S1 UN WPP2024,1369520864.0,1369520864.0,0.0,0.0,EXACT,
as_received,FILE1,China,CHN,2013,population,S1 UN WPP2024,1379008040.0,1379008040.0,0.0,0.0,EXACT,
as_received,FILE1,China,CHN,2014,population,S1 UN WPP2024,1387951972.0,1387951972.0,0.0,0.0,EXACT,
as_received,FILE1,China,CHN,2015,population,S1 UN WPP2024,1396134174.0,1396134174.0,0.0,0.0,EXACT,
as_received,FILE1,China,CHN,2015,foreign_born,S2 UN DESA IMS2024,1196007.0,1196007.0,0.0,0.0,EXACT,
as_received,FILE1,China,CHN,2016,population,S1 UN WPP2024,1404052632.0,1404052632.0,0.0,0.0,EXACT,
as_received,FILE1,China,CHN,2017,population,S1 UN WPP2024,1412354727.0,1412354727.0,0.0,0.0,EXACT,
as_received,FILE1,China,CHN,2018,population,S1 UN WPP2024,1419008956.0,1419008956.0,0.0,0.0,EXACT,
as_received,FILE1,China,CHN,2019,population,S1 UN WPP2024,1423520357.0,1423520357.0,0.0,0.0,EXACT,
as_received,FILE1,China,CHN,2020,population,S1 UN WPP2024,1426106093.0,1426106093.0,0.0,0.0,EXACT,
as_received,FILE1,China,CHN,2020,foreign_born,S2 UN DESA IMS2024,1415116.0,1415116.0,0.0,0.0,EXACT,
as_received,FILE1,China,CHN,2021,population,S1 UN WPP2024,1426437267.0,1426437267.0,0.0,0.0,EXACT,
as_received,FILE1,China,CHN,2022,population,S1 UN WPP2024,1425179569.0,1425179569.0,0.0,0.0,EXACT,
as_received,FILE1,Taiwan,TWN,2010,population,S1 UN WPP2024,23224049.0,23224049.0,0.0,0.0,EXACT,
as_received,FILE1,Taiwan,TWN,2010,foreign_born,S2 UN DESA IMS2024,587646.0,587646.0,0.0,0.0,EXACT,
as_received,FILE1,Taiwan,TWN,2011,population,S1 UN WPP2024,23273076.0,23273076.0,0.0,0.0,EXACT,
as_received,FILE1,Taiwan,TWN,2012,population,S1 UN WPP2024,23345961.0,23345961.0,0.0,0.0,EXACT,
as_received,FILE1,Taiwan,TWN,2013,population,S1 UN WPP2024,23416875.0,23416875.0,0.0,0.0,EXACT,
as_received,FILE1,Taiwan,TWN,2014,population,S1 UN WPP2024,23472816.0,23472816.0,0.0,0.0,EXACT,
as_received,FILE1,Taiwan,TWN,2015,population,S1 UN WPP2024,23529254.0,23529254.0,0.0,0.0,EXACT,
as_received,FILE1,Taiwan,TWN,2015,foreign_born,S2 UN DESA IMS2024,866324.0,866324.0,0.0,0.0,EXACT,
as_received,FILE1,Taiwan,TWN,2016,population,S1 UN WPP2024,23586143.0,23586143.0,0.0,0.0,EXACT,
as_received,FILE1,Taiwan,TWN,2017,population,S1 UN WPP2024,23632948.0,23632948.0,0.0,0.0,EXACT,
as_received,FILE1,Taiwan,TWN,2018,population,S1 UN WPP2024,23659305.0,23659305.0,0.0,0.0,EXACT,
as_received,FILE1,Taiwan,TWN,2019,population,S1 UN WPP2024,23674138.0,23674138.0,0.0,0.0,EXACT,
as_received,FILE1,Taiwan,TWN,2020,population,S1 UN WPP2024,23663459.0,23663459.0,0.0,0.0,EXACT,
as_received,FILE1,Taiwan,TWN,2020,foreign_born,S2 UN DESA IMS2024,1055191.0,1055191.0,0.0,0.0,EXACT,
as_received,FILE1,Taiwan,TWN,2021,population,S1 UN WPP2024,23558333.0,23558333.0,0.0,0.0,EXACT,
as_received,FILE1,Taiwan,TWN,2022,population,S1 UN WPP2024,23420111.0,23420111.0,0.0,0.0,EXACT,
as_received,FILE1,Croatia,HRV,2010,population,S1 UN WPP2024,4301145.0,4301145.0,0.0,0.0,EXACT,
as_received,FILE1,Croatia,HRV,2010,foreign_born,S2 UN DESA IMS2024,573248.0,573248.0,0.0,0.0,EXACT,
as_received,FILE1,Croatia,HRV,2011,population,S1 UN WPP2024,4280824.0,4280824.0,0.0,0.0,EXACT,
as_received,FILE1,Croatia,HRV,2012,population,S1 UN WPP2024,4259236.0,4259236.0,0.0,0.0,EXACT,
as_received,FILE1,Croatia,HRV,2013,population,S1 UN WPP2024,4242398.0,4242398.0,0.0,0.0,EXACT,
as_received,FILE1,Croatia,HRV,2013,irregular_detections,S3 Eurostat migr_eipre,4150.0,4150.0,0.0,0.0,EXACT,
as_received,FILE1,Croatia,HRV,2014,population,S1 UN WPP2024,4219479.0,4219479.0,0.0,0.0,EXACT,
as_received,FILE1,Croatia,HRV,2014,irregular_detections,S3 Eurostat migr_eipre,2500.0,2500.0,0.0,0.0,EXACT,
as_received,FILE1,Croatia,HRV,2015,population,S1 UN WPP2024,4183729.0,4183729.000000001,-4.656612873077393e-10,-1.113029279161579e-14,EXACT,
as_received,FILE1,Croatia,HRV,2015,foreign_born,S2 UN DESA IMS2024,561093.0,561093.0,0.0,0.0,EXACT,
as_received,FILE1,Croatia,HRV,2015,irregular_detections,S3 Eurostat migr_eipre,3295.0,3295.0,0.0,0.0,EXACT,
as_received,FILE1,Croatia,HRV,2016,population,S1 UN WPP2024,4136444.0,4136444.000000001,-4.656612873077393e-10,-1.1257526689778451e-14,EXACT,
as_received,FILE1,Croatia,HRV,2016,irregular_detections,S3 Eurostat migr_eipre,3320.0,3320.0,0.0,0.0,EXACT,
as_received,FILE1,Croatia,HRV,2017,population,S1 UN WPP2024,4079200.0,4079200.0,0.0,0.0,EXACT,
as_received,FILE1,Croatia,HRV,2017,irregular_detections,S3 Eurostat migr_eipre,3495.0,3495.0,0.0,0.0,EXACT,
as_received,FILE1,Croatia,HRV,2018,population,S1 UN WPP2024,4024868.0,4024868.0,0.0,0.0,EXACT,
as_received,FILE1,Croatia,HRV,2018,irregular_detections,S3 Eurostat migr_eipre,5580.0,5580.0,0.0,0.0,EXACT,
as_received,FILE1,Croatia,HRV,2019,population,S1 UN WPP2024,3986334.0,3986334.0,0.0,0.0,EXACT,
as_received,FILE1,Croatia,HRV,2019,irregular_detections,S3 Eurostat migr_eipre,13630.0,13630.0,0.0,0.0,EXACT,
as_received,FILE1,Croatia,HRV,2020,population,S1 UN WPP2024,3953958.0,3953958.0,0.0,0.0,EXACT,
as_received,FILE1,Croatia,HRV,2020,foreign_born,S2 UN DESA IMS2024,528056.0,528056.0,0.0,0.0,EXACT,
as_received,FILE1,Croatia,HRV,2020,irregular_detections,S3 Eurostat migr_eipre,22240.0,22240.0,0.0,0.0,EXACT,
as_received,FILE1,Croatia,HRV,2021,population,S1 UN WPP2024,3924610.0,3924610.0,0.0,0.0,EXACT,
as_received,FILE1,Croatia,HRV,2021,irregular_detections,S3 Eurostat migr_eipre,13540.0,13540.0,0.0,0.0,EXACT,
as_received,FILE1,Croatia,HRV,2022,population,S1 UN WPP2024,3907027.0,3907027.0,0.0,0.0,EXACT,
as_received,FILE1,Croatia,HRV,2022,irregular_detections,S3 Eurostat migr_eipre,43830.0,43830.0,0.0,0.0,EXACT,
as_received,FILE1,Czech Republic,CZE,2010,population,S1 UN WPP2024,10464035.0,10464035.0,0.0,0.0,EXACT,
as_received,FILE1,Czech Republic,CZE,2010,foreign_born,S2 UN DESA IMS2024,692197.0,692197.0,0.0,0.0,EXACT,
as_received,FILE1,Czech Republic,CZE,2010,irregular_detections,S3 Eurostat migr_eipre,2655.0,2655.0,0.0,0.0,EXACT,
as_received,FILE1,Czech Republic,CZE,2011,population,S1 UN WPP2024,10495511.0,10495511.0,0.0,0.0,EXACT,
as_received,FILE1,Czech Republic,CZE,2011,irregular_detections,S3 Eurostat migr_eipre,3085.0,3085.0,0.0,0.0,EXACT,
as_received,FILE1,Czech Republic,CZE,2012,population,S1 UN WPP2024,10507335.0,10507335.0,0.0,0.0,EXACT,
as_received,FILE1,Czech Republic,CZE,2012,irregular_detections,S3 Eurostat migr_eipre,3315.0,3315.0,0.0,0.0,EXACT,
as_received,FILE1,Czech Republic,CZE,2013,population,S1 UN WPP2024,10511163.0,10511163.0,0.0,0.0,EXACT,
as_received,FILE1,Czech Republic,CZE,2013,irregular_detections,S3 Eurostat migr_eipre,3695.0,3695.0,0.0,0.0,EXACT,
as_received,FILE1,Czech Republic,CZE,2014,population,S1 UN WPP2024,10517226.0,10517226.0,0.0,0.0,EXACT,
as_received,FILE1,Czech Republic,CZE,2014,irregular_detections,S3 Eurostat migr_eipre,4430.0,4430.0,0.0,0.0,EXACT,
as_received,FILE1,Czech Republic,CZE,2015,population,S1 UN WPP2024,10524416.0,10524416.0,0.0,0.0,EXACT,
as_received,FILE1,Czech Republic,CZE,2015,foreign_born,S2 UN DESA IMS2024,688047.0,688047.0,0.0,0.0,EXACT,
as_received,FILE1,Czech Republic,CZE,2015,irregular_detections,S3 Eurostat migr_eipre,8165.0,8165.0,0.0,0.0,EXACT,
as_received,FILE1,Czech Republic,CZE,2016,population,S1 UN WPP2024,10531948.0,10531948.0,0.0,0.0,EXACT,
as_received,FILE1,Czech Republic,CZE,2016,irregular_detections,S3 Eurostat migr_eipre,4885.0,4885.0,0.0,0.0,EXACT,
as_received,FILE1,Czech Republic,CZE,2017,population,S1 UN WPP2024,10541342.0,10541342.0,0.0,0.0,EXACT,
as_received,FILE1,Czech Republic,CZE,2017,irregular_detections,S3 Eurostat migr_eipre,4360.0,4360.0,0.0,0.0,EXACT,
as_received,FILE1,Czech Republic,CZE,2018,population,S1 UN WPP2024,10548937.0,10548937.0,0.0,0.0,EXACT,
as_received,FILE1,Czech Republic,CZE,2018,irregular_detections,S3 Eurostat migr_eipre,4505.0,4505.0,0.0,0.0,EXACT,
as_received,FILE1,Czech Republic,CZE,2019,population,S1 UN WPP2024,10554875.0,10554875.0,0.0,0.0,EXACT,
as_received,FILE1,Czech Republic,CZE,2019,irregular_detections,S3 Eurostat migr_eipre,4995.0,4995.0,0.0,0.0,EXACT,
as_received,FILE1,Czech Republic,CZE,2020,population,S1 UN WPP2024,10550129.0,10550129.0,0.0,0.0,EXACT,
as_received,FILE1,Czech Republic,CZE,2020,foreign_born,S2 UN DESA IMS2024,680221.0,680221.0,0.0,0.0,EXACT,
as_received,FILE1,Czech Republic,CZE,2020,irregular_detections,S3 Eurostat migr_eipre,6515.0,6515.0,0.0,0.0,EXACT,
as_received,FILE1,Czech Republic,CZE,2021,population,S1 UN WPP2024,10530683.0,10530683.0,0.0,0.0,EXACT,
as_received,FILE1,Czech Republic,CZE,2021,irregular_detections,S3 Eurostat migr_eipre,11040.0,11040.0,0.0,0.0,EXACT,
as_received,FILE1,Czech Republic,CZE,2022,population,S1 UN WPP2024,10673213.0,10673213.0,0.0,0.0,EXACT,
as_received,FILE1,Czech Republic,CZE,2022,irregular_detections,S3 Eurostat migr_eipre,29130.0,29130.0,0.0,0.0,EXACT,
as_received,FILE1,Denmark,DNK,2010,population,S1 UN WPP2024,5547863.0,5547863.0,0.0,0.0,EXACT,
as_received,FILE1,Denmark,DNK,2010,foreign_born,S2 UN DESA IMS2024,509751.0,509751.0,0.0,0.0,EXACT,
as_received,FILE1,Denmark,DNK,2010,irregular_detections,S3 Eurostat migr_eipre,665.0,665.0,0.0,0.0,EXACT,
as_received,FILE1,Denmark,DNK,2011,population,S1 UN WPP2024,5570849.0,5570849.0,0.0,0.0,EXACT,
as_received,FILE1,Denmark,DNK,2011,irregular_detections,S3 Eurostat migr_eipre,400.0,400.0,0.0,0.0,EXACT,
as_received,FILE1,Denmark,DNK,2012,population,S1 UN WPP2024,5591917.0,5591917.0,0.0,0.0,EXACT,
as_received,FILE1,Denmark,DNK,2012,irregular_detections,S3 Eurostat migr_eipre,630.0,630.0,0.0,0.0,EXACT,
as_received,FILE1,Denmark,DNK,2013,population,S1 UN WPP2024,5615333.0,5615333.0,0.0,0.0,EXACT,
as_received,FILE1,Denmark,DNK,2013,irregular_detections,S3 Eurostat migr_eipre,395.0,395.0,0.0,0.0,EXACT,
as_received,FILE1,Denmark,DNK,2014,population,S1 UN WPP2024,5643794.0,5643794.0,0.0,0.0,EXACT,
as_received,FILE1,Denmark,DNK,2014,irregular_detections,S3 Eurostat migr_eipre,515.0,515.0,0.0,0.0,EXACT,
as_received,FILE1,Denmark,DNK,2015,population,S1 UN WPP2024,5683701.0,5683701.0,0.0,0.0,EXACT,
as_received,FILE1,Denmark,DNK,2015,foreign_born,S2 UN DESA IMS2024,616741.0,616741.0,0.0,0.0,EXACT,
as_received,FILE1,Denmark,DNK,2015,irregular_detections,S3 Eurostat migr_eipre,2165.0,2165.0,0.0,0.0,EXACT,
as_received,FILE1,Denmark,DNK,2016,population,S1 UN WPP2024,5728201.0,5728201.0,0.0,0.0,EXACT,
as_received,FILE1,Denmark,DNK,2016,irregular_detections,S3 Eurostat migr_eipre,1390.0,1390.0,0.0,0.0,EXACT,
as_received,FILE1,Denmark,DNK,2017,population,S1 UN WPP2024,5765168.0,5765168.0,0.0,0.0,EXACT,
as_received,FILE1,Denmark,DNK,2017,irregular_detections,S3 Eurostat migr_eipre,1105.0,1105.0,0.0,0.0,EXACT,
as_received,FILE1,Denmark,DNK,2018,population,S1 UN WPP2024,5793824.0,5793824.0,0.0,0.0,EXACT,
as_received,FILE1,Denmark,DNK,2018,irregular_detections,S3 Eurostat migr_eipre,1135.0,1135.0,0.0,0.0,EXACT,
as_received,FILE1,Denmark,DNK,2019,population,S1 UN WPP2024,5814618.0,5814618.0,0.0,0.0,EXACT,
as_received,FILE1,Denmark,DNK,2019,irregular_detections,S3 Eurostat migr_eipre,1195.0,1195.0,0.0,0.0,EXACT,
as_received,FILE1,Denmark,DNK,2020,population,S1 UN WPP2024,5831530.0,5831530.0,0.0,0.0,EXACT,
as_received,FILE1,Denmark,DNK,2020,foreign_born,S2 UN DESA IMS2024,718856.0,718856.0,0.0,0.0,EXACT,
as_received,FILE1,Denmark,DNK,2020,irregular_detections,S3 Eurostat migr_eipre,490.0,490.0,0.0,0.0,EXACT,
as_received,FILE1,Denmark,DNK,2021,population,S1 UN WPP2024,5856776.0,5856776.0,0.0,0.0,EXACT,
as_received,FILE1,Denmark,DNK,2021,irregular_detections,S3 Eurostat migr_eipre,425.0,425.0,0.0,0.0,EXACT,
as_received,FILE1,Denmark,DNK,2022,population,S1 UN WPP2024,5902904.0,5902904.0,0.0,0.0,EXACT,
as_received,FILE1,Denmark,DNK,2022,irregular_detections,S3 Eurostat migr_eipre,510.0,510.0,0.0,0.0,EXACT,
as_received,FILE1,Finland,FIN,2010,population,S1 UN WPP2024,5363350.0,5363350.0,0.0,0.0,EXACT,
as_received,FILE1,Finland,FIN,2010,foreign_born,S2 UN DESA IMS2024,228481.0,228481.0,0.0,0.0,EXACT,
as_received,FILE1,Finland,FIN,2010,irregular_detections,S3 Eurostat migr_eipre,3755.0,3755.0,0.0,0.0,EXACT,
as_received,FILE1,Finland,FIN,2011,population,S1 UN WPP2024,5388241.0,5388241.0,0.0,0.0,EXACT,
as_received,FILE1,Finland,FIN,2011,irregular_detections,S3 Eurostat migr_eipre,3305.0,3305.0,0.0,0.0,EXACT,
as_received,FILE1,Finland,FIN,2012,population,S1 UN WPP2024,5413971.0,5413971.0,0.0,0.0,EXACT,
as_received,FILE1,Finland,FIN,2012,irregular_detections,S3 Eurostat migr_eipre,3620.0,3620.0,0.0,0.0,EXACT,
as_received,FILE1,Finland,FIN,2013,population,S1 UN WPP2024,5439053.0,5439053.0,0.0,0.0,EXACT,
as_received,FILE1,Finland,FIN,2013,irregular_detections,S3 Eurostat migr_eipre,3365.0,3365.0,0.0,0.0,EXACT,
as_received,FILE1,Finland,FIN,2014,population,S1 UN WPP2024,5461684.0,5461684.0,0.0,0.0,EXACT,
as_received,FILE1,Finland,FIN,2014,irregular_detections,S3 Eurostat migr_eipre,2930.0,2930.0,0.0,0.0,EXACT,
as_received,FILE1,Finland,FIN,2015,population,S1 UN WPP2024,5479717.0,5479717.0,0.0,0.0,EXACT,
as_received,FILE1,Finland,FIN,2015,foreign_born,S2 UN DESA IMS2024,314856.0,314856.0,0.0,0.0,EXACT,
as_received,FILE1,Finland,FIN,2015,irregular_detections,S3 Eurostat migr_eipre,14285.0,14285.0,0.0,0.0,EXACT,
as_received,FILE1,Finland,FIN,2016,population,S1 UN WPP2024,5495469.0,5495469.0,0.0,0.0,EXACT,
as_received,FILE1,Finland,FIN,2016,irregular_detections,S3 Eurostat migr_eipre,2130.0,2130.0,0.0,0.0,EXACT,
as_received,FILE1,Finland,FIN,2017,population,S1 UN WPP2024,5508396.0,5508396.0,0.0,0.0,EXACT,
as_received,FILE1,Finland,FIN,2017,irregular_detections,S3 Eurostat migr_eipre,930.0,930.0,0.0,0.0,EXACT,
as_received,FILE1,Finland,FIN,2018,population,S1 UN WPP2024,5515736.0,5515736.0,0.0,0.0,EXACT,
as_received,FILE1,Finland,FIN,2018,irregular_detections,S3 Eurostat migr_eipre,1305.0,1305.0,0.0,0.0,EXACT,
as_received,FILE1,Finland,FIN,2019,population,S1 UN WPP2024,5521759.0,5521759.0,0.0,0.0,EXACT,
as_received,FILE1,Finland,FIN,2019,irregular_detections,S3 Eurostat migr_eipre,1220.0,1220.0,0.0,0.0,EXACT,
as_received,FILE1,Finland,FIN,2020,population,S1 UN WPP2024,5529612.0,5529612.0,0.0,0.0,EXACT,
as_received,FILE1,Finland,FIN,2020,foreign_born,S2 UN DESA IMS2024,386052.0,386052.0,0.0,0.0,EXACT,
as_received,FILE1,Finland,FIN,2020,irregular_detections,S3 Eurostat migr_eipre,1145.0,1145.0,0.0,0.0,EXACT,
as_received,FILE1,Finland,FIN,2021,population,S1 UN WPP2024,5541075.0,5541075.0,0.0,0.0,EXACT,
as_received,FILE1,Finland,FIN,2021,irregular_detections,S3 Eurostat migr_eipre,1090.0,1090.0,0.0,0.0,EXACT,
as_received,FILE1,Finland,FIN,2022,population,S1 UN WPP2024,5569299.0,5569299.0,0.0,0.0,EXACT,
as_received,FILE1,Finland,FIN,2022,irregular_detections,S3 Eurostat migr_eipre,1190.0,1190.0,0.0,0.0,EXACT,
as_received,FILE1,France,FRA,2010,population,S1 UN WPP2024,63417363.0,63417363.0,0.0,0.0,EXACT,
as_received,FILE1,France,FRA,2010,foreign_born,S2 UN DESA IMS2024,7322210.0,7322210.0,0.0,0.0,EXACT,
as_received,FILE1,France,FRA,2010,irregular_detections,S3 Eurostat migr_eipre,56220.0,56220.0,0.0,0.0,EXACT,
as_received,FILE1,France,FRA,2011,population,S1 UN WPP2024,63733777.0,63733777.0,0.0,0.0,EXACT,
as_received,FILE1,France,FRA,2011,irregular_detections,S3 Eurostat migr_eipre,57975.0,57975.0,0.0,0.0,EXACT,
as_received,FILE1,France,FRA,2012,population,S1 UN WPP2024,64058465.0,64058465.0,0.0,0.0,EXACT,
as_received,FILE1,France,FRA,2012,irregular_detections,S3 Eurostat migr_eipre,49760.0,49760.0,0.0,0.0,EXACT,
as_received,FILE1,France,FRA,2013,population,S1 UN WPP2024,64387734.0,64387734.0,0.0,0.0,EXACT,
as_received,FILE1,France,FRA,2013,irregular_detections,S3 Eurostat migr_eipre,48965.0,48965.0,0.0,0.0,EXACT,
as_received,FILE1,France,FRA,2014,population,S1 UN WPP2024,64692493.0,64692493.0,0.0,0.0,EXACT,
as_received,FILE1,France,FRA,2014,irregular_detections,S3 Eurostat migr_eipre,96375.0,96375.0,0.0,0.0,EXACT,
as_received,FILE1,France,FRA,2015,population,S1 UN WPP2024,64916336.0,64916336.0,0.0,0.0,EXACT,
as_received,FILE1,France,FRA,2015,foreign_born,S2 UN DESA IMS2024,7978076.0,7978076.0,0.0,0.0,EXACT,
as_received,FILE1,France,FRA,2015,irregular_detections,S3 Eurostat migr_eipre,109720.0,109720.0,0.0,0.0,EXACT,
as_received,FILE1,France,FRA,2016,population,S1 UN WPP2024,65086855.0,65086855.0,0.0,0.0,EXACT,
as_received,FILE1,France,FRA,2016,irregular_detections,S3 Eurostat migr_eipre,91985.0,91985.0,0.0,0.0,EXACT,
as_received,FILE1,France,FRA,2017,population,S1 UN WPP2024,65284776.0,65284776.0,0.0,0.0,EXACT,
as_received,FILE1,France,FRA,2017,irregular_detections,S3 Eurostat migr_eipre,115085.0,115085.0,0.0,0.0,EXACT,
as_received,FILE1,France,FRA,2018,population,S1 UN WPP2024,65519543.0,65519543.0,0.0,0.0,EXACT,
as_received,FILE1,France,FRA,2018,irregular_detections,S3 Eurostat migr_eipre,105880.0,105880.0,0.0,0.0,EXACT,
as_received,FILE1,France,FRA,2019,population,S1 UN WPP2024,65729459.0,65729459.0,0.0,0.0,EXACT,
as_received,FILE1,France,FRA,2019,irregular_detections,S3 Eurostat migr_eipre,120455.0,120455.0,0.0,0.0,EXACT,
as_received,FILE1,France,FRA,2020,population,S1 UN WPP2024,65905277.0,65905277.0,0.0,0.0,EXACT,
as_received,FILE1,France,FRA,2020,foreign_born,S2 UN DESA IMS2024,8610719.0,8610719.0,0.0,0.0,EXACT,
as_received,FILE1,France,FRA,2020,irregular_detections,S3 Eurostat migr_eipre,103915.0,103915.0,0.0,0.0,EXACT,
as_received,FILE1,France,FRA,2021,population,S1 UN WPP2024,66083548.0,66083547.99999999,7.450580596923828e-09,1.127448634707663e-14,EXACT,
as_received,FILE1,France,FRA,2021,irregular_detections,S3 Eurostat migr_eipre,117265.0,117265.0,0.0,0.0,EXACT,
as_received,FILE1,France,FRA,2022,population,S1 UN WPP2024,66277409.0,66277409.0,0.0,0.0,EXACT,
as_received,FILE1,France,FRA,2022,irregular_detections,S3 Eurostat migr_eipre,115135.0,115135.0,0.0,0.0,EXACT,
as_received,FILE1,Germany,DEU,2010,population,S1 UN WPP2024,80830924.0,80830924.0,0.0,0.0,EXACT,
as_received,FILE1,Germany,DEU,2010,foreign_born,S2 UN DESA IMS2024,11665950.0,11665950.0,0.0,0.0,EXACT,
as_received,FILE1,Germany,DEU,2010,irregular_detections,S3 Eurostat migr_eipre,50250.0,50250.0,0.0,0.0,EXACT,
as_received,FILE1,Germany,DEU,2011,population,S1 UN WPP2024,80857874.0,80857874.0,0.0,0.0,EXACT,
as_received,FILE1,Germany,DEU,2011,irregular_detections,S3 Eurostat migr_eipre,56345.0,56345.0,0.0,0.0,EXACT,
as_received,FILE1,Germany,DEU,2012,population,S1 UN WPP2024,80916390.0,80916390.0,0.0,0.0,EXACT,
as_received,FILE1,Germany,DEU,2012,irregular_detections,S3 Eurostat migr_eipre,64815.0,64815.0,0.0,0.0,EXACT,
as_received,FILE1,Germany,DEU,2013,population,S1 UN WPP2024,81041582.0,81041582.0,0.0,0.0,EXACT,
as_received,FILE1,Germany,DEU,2013,irregular_detections,S3 Eurostat migr_eipre,86305.0,86305.0,0.0,0.0,EXACT,
as_received,FILE1,Germany,DEU,2014,population,S1 UN WPP2024,81376080.0,81376080.0,0.0,0.0,EXACT,
as_received,FILE1,Germany,DEU,2014,irregular_detections,S3 Eurostat migr_eipre,128290.0,128290.0,0.0,0.0,EXACT,
as_received,FILE1,Germany,DEU,2015,population,S1 UN WPP2024,82077550.0,82077550.0,0.0,0.0,EXACT,
as_received,FILE1,Germany,DEU,2015,foreign_born,S2 UN DESA IMS2024,12646813.0,12646813.0,0.0,0.0,EXACT,
as_received,FILE1,Germany,DEU,2015,irregular_detections,S3 Eurostat migr_eipre,376435.0,376435.0,0.0,0.0,EXACT,
as_received,FILE1,Germany,DEU,2016,population,S1 UN WPP2024,82760102.0,82760102.0,0.0,0.0,EXACT,
as_received,FILE1,Germany,DEU,2016,irregular_detections,S3 Eurostat migr_eipre,370555.0,370555.0,0.0,0.0,EXACT,
as_received,FILE1,Germany,DEU,2017,population,S1 UN WPP2024,83104007.0,83104007.0,0.0,0.0,EXACT,
as_received,FILE1,Germany,DEU,2017,irregular_detections,S3 Eurostat migr_eipre,156710.0,156710.0,0.0,0.0,EXACT,
as_received,FILE1,Germany,DEU,2018,population,S1 UN WPP2024,83368505.0,83368505.0,0.0,0.0,EXACT,
as_received,FILE1,Germany,DEU,2018,irregular_detections,S3 Eurostat migr_eipre,134125.0,134125.0,0.0,0.0,EXACT,
as_received,FILE1,Germany,DEU,2019,population,S1 UN WPP2024,83559186.0,83559186.0,0.0,0.0,EXACT,
as_received,FILE1,Germany,DEU,2019,irregular_detections,S3 Eurostat migr_eipre,133525.0,133525.0,0.0,0.0,EXACT,
as_received,FILE1,Germany,DEU,2020,population,S1 UN WPP2024,83628708.0,83628708.0,0.0,0.0,EXACT,
as_received,FILE1,Germany,DEU,2020,foreign_born,S2 UN DESA IMS2024,15021300.0,15021300.0,0.0,0.0,EXACT,
as_received,FILE1,Germany,DEU,2020,irregular_detections,S3 Eurostat migr_eipre,117930.0,117930.0,0.0,0.0,EXACT,
as_received,FILE1,Germany,DEU,2021,population,S1 UN WPP2024,83697083.0,83697083.0,0.0,0.0,EXACT,
as_received,FILE1,Germany,DEU,2021,irregular_detections,S3 Eurostat migr_eipre,120285.0,120285.0,0.0,0.0,EXACT,
as_received,FILE1,Germany,DEU,2022,population,S1 UN WPP2024,84086227.0,84086227.0,0.0,0.0,EXACT,
as_received,FILE1,Germany,DEU,2022,irregular_detections,S3 Eurostat migr_eipre,198310.0,198310.0,0.0,0.0,EXACT,
as_received,FILE1,Israel,ISR,2010,population,S1 UN WPP2024,7336735.0,7336735.0,0.0,0.0,EXACT,
as_received,FILE1,Israel,ISR,2010,foreign_born,S2 UN DESA IMS2024,1953214.0,1953214.0,0.0,0.0,EXACT,
as_received,FILE1,Israel,ISR,2011,population,S1 UN WPP2024,7471023.0,7471023.0,0.0,0.0,EXACT,
as_received,FILE1,Israel,ISR,2012,population,S1 UN WPP2024,7607780.0,7607780.0,0.0,0.0,EXACT,
as_received,FILE1,Israel,ISR,2013,population,S1 UN WPP2024,7749379.0,7749379.0,0.0,0.0,EXACT,
as_received,FILE1,Israel,ISR,2014,population,S1 UN WPP2024,7897179.0,7897179.0,0.0,0.0,EXACT,
as_received,FILE1,Israel,ISR,2015,population,S1 UN WPP2024,8052908.0,8052908.0,0.0,0.0,EXACT,
as_received,FILE1,Israel,ISR,2015,foreign_born,S2 UN DESA IMS2024,2019891.0,2019891.0,0.0,0.0,EXACT,
as_received,FILE1,Israel,ISR,2016,population,S1 UN WPP2024,8210005.0,8210004.999999999,9.313225746154783e-10,1.1343751613007282e-14,EXACT,
as_received,FILE1,Israel,ISR,2017,population,S1 UN WPP2024,8361797.0,8361797.000000001,-9.313225746154783e-10,-1.1137828084267992e-14,EXACT,
as_received,FILE1,Israel,ISR,2018,population,S1 UN WPP2024,8510067.0,8510067.0,0.0,0.0,EXACT,
as_received,FILE1,Israel,ISR,2019,population,S1 UN WPP2024,8657474.0,8657474.0,0.0,0.0,EXACT,
as_received,FILE1,Israel,ISR,2020,population,S1 UN WPP2024,8800376.0,8800376.0,0.0,0.0,EXACT,
as_received,FILE1,Israel,ISR,2020,foreign_born,S2 UN DESA IMS2024,2068830.0,2068830.0,0.0,0.0,EXACT,
as_received,FILE1,Israel,ISR,2021,population,S1 UN WPP2024,8942924.0,8942924.0,0.0,0.0,EXACT,
as_received,FILE1,Israel,ISR,2022,population,S1 UN WPP2024,9103151.0,9103151.0,0.0,0.0,EXACT,
as_received,FILE1,Italy,ITA,2010,population,S1 UN WPP2024,60164213.0,60164213.0,0.0,0.0,EXACT,
as_received,FILE1,Italy,ITA,2010,foreign_born,S2 UN DESA IMS2024,4719233.0,4719233.0,0.0,0.0,EXACT,
as_received,FILE1,Italy,ITA,2010,irregular_detections,S3 Eurostat migr_eipre,46955.0,46955.0,0.0,0.0,EXACT,
as_received,FILE1,Italy,ITA,2011,population,S1 UN WPP2024,60367880.0,60367880.0,0.0,0.0,EXACT,
as_received,FILE1,Italy,ITA,2011,irregular_detections,S3 Eurostat migr_eipre,29505.0,29505.0,0.0,0.0,EXACT,
as_received,FILE1,Italy,ITA,2012,population,S1 UN WPP2024,60531515.0,60531515.0,0.0,0.0,EXACT,
as_received,FILE1,Italy,ITA,2012,irregular_detections,S3 Eurostat migr_eipre,29345.0,29345.0,0.0,0.0,EXACT,
as_received,FILE1,Italy,ITA,2013,population,S1 UN WPP2024,60653868.0,60653868.0,0.0,0.0,EXACT,
as_received,FILE1,Italy,ITA,2013,irregular_detections,S3 Eurostat migr_eipre,23945.0,23945.0,0.0,0.0,EXACT,
as_received,FILE1,Italy,ITA,2014,population,S1 UN WPP2024,60664171.0,60664171.0,0.0,0.0,EXACT,
as_received,FILE1,Italy,ITA,2014,irregular_detections,S3 Eurostat migr_eipre,25300.0,25300.0,0.0,0.0,EXACT,
as_received,FILE1,Italy,ITA,2015,population,S1 UN WPP2024,60575316.0,60575316.0,0.0,0.0,EXACT,
as_received,FILE1,Italy,ITA,2015,foreign_born,S2 UN DESA IMS2024,5506199.0,5506199.0,0.0,0.0,EXACT,
as_received,FILE1,Italy,ITA,2015,irregular_detections,S3 Eurostat migr_eipre,27305.0,27305.0,0.0,0.0,EXACT,
as_received,FILE1,Italy,ITA,2016,population,S1 UN WPP2024,60478107.0,60478107.0,0.0,0.0,EXACT,
as_received,FILE1,Italy,ITA,2016,irregular_detections,S3 Eurostat migr_eipre,32365.0,32365.0,0.0,0.0,EXACT,
as_received,FILE1,Italy,ITA,2017,population,S1 UN WPP2024,60390318.0,60390318.0,0.0,0.0,EXACT,
as_received,FILE1,Italy,ITA,2017,irregular_detections,S3 Eurostat migr_eipre,36230.0,36230.0,0.0,0.0,EXACT,
as_received,FILE1,Italy,ITA,2018,population,S1 UN WPP2024,60277499.0,60277499.0,0.0,0.0,EXACT,
as_received,FILE1,Italy,ITA,2018,irregular_detections,S3 Eurostat migr_eipre,26780.0,26780.0,0.0,0.0,EXACT,
as_received,FILE1,Italy,ITA,2019,population,S1 UN WPP2024,60130136.0,60130136.0,0.0,0.0,EXACT,
as_received,FILE1,Italy,ITA,2019,irregular_detections,S3 Eurostat migr_eipre,26885.0,26885.0,0.0,0.0,EXACT,
as_received,FILE1,Italy,ITA,2020,population,S1 UN WPP2024,59912769.0,59912769.0,0.0,0.0,EXACT,
as_received,FILE1,Italy,ITA,2020,foreign_born,S2 UN DESA IMS2024,6223851.0,6223851.0,0.0,0.0,EXACT,
as_received,FILE1,Italy,ITA,2020,irregular_detections,S3 Eurostat migr_eipre,22785.0,22785.0,0.0,0.0,EXACT,
as_received,FILE1,Italy,ITA,2021,population,S1 UN WPP2024,59729350.0,59729350.0,0.0,0.0,EXACT,
as_received,FILE1,Italy,ITA,2021,irregular_detections,S3 Eurostat migr_eipre,92070.0,92070.0,0.0,0.0,EXACT,
as_received,FILE1,Italy,ITA,2022,population,S1 UN WPP2024,59619115.0,59619115.0,0.0,0.0,EXACT,
as_received,FILE1,Italy,ITA,2022,irregular_detections,S3 Eurostat migr_eipre,138420.0,138420.0,0.0,0.0,EXACT,
as_received,FILE1,Japan,JPN,2010,population,S1 UN WPP2024,128185275.0,128185275.0,0.0,0.0,EXACT,
as_received,FILE1,Japan,JPN,2010,foreign_born,S2 UN DESA IMS2024,2161780.0,2161780.0,0.0,0.0,EXACT,
as_received,FILE1,Japan,JPN,2011,population,S1 UN WPP2024,128096432.0,128096432.0,0.0,0.0,EXACT,
as_received,FILE1,Japan,JPN,2012,population,S1 UN WPP2024,127928285.0,127928285.0,0.0,0.0,EXACT,
as_received,FILE1,Japan,JPN,2013,population,S1 UN WPP2024,127723645.0,127723645.0,0.0,0.0,EXACT,
as_received,FILE1,Japan,JPN,2014,population,S1 UN WPP2024,127486605.0,127486605.0,0.0,0.0,EXACT,
as_received,FILE1,Japan,JPN,2015,population,S1 UN WPP2024,127275872.0,127275872.0,0.0,0.0,EXACT,
as_received,FILE1,Japan,JPN,2015,foreign_born,S2 UN DESA IMS2024,2577487.0,2577487.0,0.0,0.0,EXACT,
as_received,FILE1,Japan,JPN,2016,population,S1 UN WPP2024,127159951.0,127159951.0,0.0,0.0,EXACT,
as_received,FILE1,Japan,JPN,2017,population,S1 UN WPP2024,127064690.0,127064690.0,0.0,0.0,EXACT,
as_received,FILE1,Japan,JPN,2018,population,S1 UN WPP2024,126913432.0,126913432.0,0.0,0.0,EXACT,
as_received,FILE1,Japan,JPN,2019,population,S1 UN WPP2024,126699424.0,126699424.0,0.0,0.0,EXACT,
as_received,FILE1,Japan,JPN,2020,population,S1 UN WPP2024,126304543.0,126304543.0,0.0,0.0,EXACT,
as_received,FILE1,Japan,JPN,2020,foreign_born,S2 UN DESA IMS2024,3289042.0,3289042.0,0.0,0.0,EXACT,
as_received,FILE1,Japan,JPN,2021,population,S1 UN WPP2024,125679338.0,125679338.0,0.0,0.0,EXACT,
as_received,FILE1,Japan,JPN,2022,population,S1 UN WPP2024,124997578.0,124997578.0,0.0,0.0,EXACT,
as_received,FILE1,South Korea,KOR,2010,population,S1 UN WPP2024,48769332.0,48769332.0,0.0,0.0,EXACT,
as_received,FILE1,South Korea,KOR,2010,foreign_born,S2 UN DESA IMS2024,566098.0,566098.0,0.0,0.0,EXACT,
as_received,FILE1,South Korea,KOR,2011,population,S1 UN WPP2024,49127643.0,49127643.0,0.0,0.0,EXACT,
as_received,FILE1,South Korea,KOR,2012,population,S1 UN WPP2024,49599579.0,49599579.0,0.0,0.0,EXACT,
as_received,FILE1,South Korea,KOR,2013,population,S1 UN WPP2024,50071164.0,50071164.0,0.0,0.0,EXACT,
as_received,FILE1,South Korea,KOR,2014,population,S1 UN WPP2024,50539056.0,50539056.0,0.0,0.0,EXACT,
as_received,FILE1,South Korea,KOR,2015,population,S1 UN WPP2024,50983912.0,50983912.0,0.0,0.0,EXACT,
as_received,FILE1,South Korea,KOR,2015,foreign_born,S2 UN DESA IMS2024,1312172.0,1312172.0,0.0,0.0,EXACT,
as_received,FILE1,South Korea,KOR,2016,population,S1 UN WPP2024,51297839.0,51297839.0,0.0,0.0,EXACT,
as_received,FILE1,South Korea,KOR,2017,population,S1 UN WPP2024,51486270.0,51486270.0,0.0,0.0,EXACT,
as_received,FILE1,South Korea,KOR,2018,population,S1 UN WPP2024,51640894.0,51640894.0,0.0,0.0,EXACT,
as_received,FILE1,South Korea,KOR,2019,population,S1 UN WPP2024,51767846.0,51767846.0,0.0,0.0,EXACT,
as_received,FILE1,South Korea,KOR,2020,population,S1 UN WPP2024,51858482.0,51858482.0,0.0,0.0,EXACT,
as_received,FILE1,South Korea,KOR,2020,foreign_born,S2 UN DESA IMS2024,1723389.0,1723389.0,0.0,0.0,EXACT,
as_received,FILE1,South Korea,KOR,2021,population,S1 UN WPP2024,51848397.0,51848397.0,0.0,0.0,EXACT,
as_received,FILE1,South Korea,KOR,2022,population,S1 UN WPP2024,51782512.0,51782512.0,0.0,0.0,EXACT,
as_received,FILE1,Lithuania,LTU,2010,population,S1 UN WPP2024,3097720.0,3097720.0,0.0,0.0,EXACT,
as_received,FILE1,Lithuania,LTU,2010,foreign_born,S2 UN DESA IMS2024,160772.0,160772.0,0.0,0.0,EXACT,
as_received,FILE1,Lithuania,LTU,2010,irregular_detections,S3 Eurostat migr_eipre,1345.0,1345.0,0.0,0.0,EXACT,
as_received,FILE1,Lithuania,LTU,2011,population,S1 UN WPP2024,3028642.0,3028642.0,0.0,0.0,EXACT,
as_received,FILE1,Lithuania,LTU,2011,irregular_detections,S3 Eurostat migr_eipre,1895.0,1895.0,0.0,0.0,EXACT,
as_received,FILE1,Lithuania,LTU,2012,population,S1 UN WPP2024,2988329.0,2988329.0,0.0,0.0,EXACT,
as_received,FILE1,Lithuania,LTU,2012,irregular_detections,S3 Eurostat migr_eipre,2080.0,2080.0,0.0,0.0,EXACT,
as_received,FILE1,Lithuania,LTU,2013,population,S1 UN WPP2024,2958360.0,2958360.0,0.0,0.0,EXACT,
as_received,FILE1,Lithuania,LTU,2013,irregular_detections,S3 Eurostat migr_eipre,1910.0,1910.0,0.0,0.0,EXACT,
as_received,FILE1,Lithuania,LTU,2014,population,S1 UN WPP2024,2933168.0,2933168.0,0.0,0.0,EXACT,
as_received,FILE1,Lithuania,LTU,2014,irregular_detections,S3 Eurostat migr_eipre,2465.0,2465.0,0.0,0.0,EXACT,
as_received,FILE1,Lithuania,LTU,2015,population,S1 UN WPP2024,2905764.0,2905764.0,0.0,0.0,EXACT,
as_received,FILE1,Lithuania,LTU,2015,foreign_born,S2 UN DESA IMS2024,136021.0,136021.0,0.0,0.0,EXACT,
as_received,FILE1,Lithuania,LTU,2015,irregular_detections,S3 Eurostat migr_eipre,2040.0,2040.0,0.0,0.0,EXACT,
as_received,FILE1,Lithuania,LTU,2016,population,S1 UN WPP2024,2869110.0,2869110.0,0.0,0.0,EXACT,
as_received,FILE1,Lithuania,LTU,2016,irregular_detections,S3 Eurostat migr_eipre,1920.0,1920.0,0.0,0.0,EXACT,
as_received,FILE1,Lithuania,LTU,2017,population,S1 UN WPP2024,2829313.0,2829313.0,0.0,0.0,EXACT,
as_received,FILE1,Lithuania,LTU,2017,irregular_detections,S3 Eurostat migr_eipre,2210.0,2210.0,0.0,0.0,EXACT,
as_received,FILE1,Lithuania,LTU,2018,population,S1 UN WPP2024,2802478.0,2802478.0,0.0,0.0,EXACT,
as_received,FILE1,Lithuania,LTU,2018,irregular_detections,S3 Eurostat migr_eipre,2660.0,2660.0,0.0,0.0,EXACT,
as_received,FILE1,Lithuania,LTU,2019,population,S1 UN WPP2024,2795058.0,2795058.0,0.0,0.0,EXACT,
as_received,FILE1,Lithuania,LTU,2019,irregular_detections,S3 Eurostat migr_eipre,2440.0,2440.0,0.0,0.0,EXACT,
as_received,FILE1,Lithuania,LTU,2020,population,S1 UN WPP2024,2795765.0,2795765.0,0.0,0.0,EXACT,
as_received,FILE1,Lithuania,LTU,2020,foreign_born,S2 UN DESA IMS2024,145184.0,145184.0,0.0,0.0,EXACT,
as_received,FILE1,Lithuania,LTU,2020,irregular_detections,S3 Eurostat migr_eipre,1960.0,1960.0,0.0,0.0,EXACT,
as_received,FILE1,Lithuania,LTU,2021,population,S1 UN WPP2024,2794488.0,2794488.0,0.0,0.0,EXACT,
as_received,FILE1,Lithuania,LTU,2021,irregular_detections,S3 Eurostat migr_eipre,5025.0,5025.0,0.0,0.0,EXACT,
as_received,FILE1,Lithuania,LTU,2022,population,S1 UN WPP2024,2816919.0,2816919.0,0.0,0.0,EXACT,
as_received,FILE1,Lithuania,LTU,2022,irregular_detections,S3 Eurostat migr_eipre,3450.0,3450.0,0.0,0.0,EXACT,
as_received,FILE1,Netherlands,NLD,2010,population,S1 UN WPP2024,16771235.0,16771235.0,0.0,0.0,EXACT,
as_received,FILE1,Netherlands,NLD,2010,foreign_born,S2 UN DESA IMS2024,1850649.0,1850649.0,0.0,0.0,EXACT,
as_received,FILE1,Netherlands,NLD,2010,irregular_detections,S3 Eurostat migr_eipre,7580.0,7580.0,0.0,0.0,EXACT,
as_received,FILE1,Netherlands,NLD,2011,population,S1 UN WPP2024,16851057.0,16851057.0,0.0,0.0,EXACT,
as_received,FILE1,Netherlands,NLD,2011,irregular_detections,S3 Eurostat migr_eipre,6145.0,6145.0,0.0,0.0,EXACT,
as_received,FILE1,Netherlands,NLD,2012,population,S1 UN WPP2024,16915194.0,16915194.0,0.0,0.0,EXACT,
as_received,FILE1,Netherlands,NLD,2012,irregular_detections,S3 Eurostat migr_eipre,4005.0,4005.0,0.0,0.0,EXACT,
as_received,FILE1,Netherlands,NLD,2013,population,S1 UN WPP2024,16967063.0,16967063.0,0.0,0.0,EXACT,
as_received,FILE1,Netherlands,NLD,2013,irregular_detections,S3 Eurostat migr_eipre,2715.0,2715.0,0.0,0.0,EXACT,
as_received,FILE1,Netherlands,NLD,2014,population,S1 UN WPP2024,17030089.0,17030089.0,0.0,0.0,EXACT,
as_received,FILE1,Netherlands,NLD,2014,irregular_detections,S3 Eurostat migr_eipre,2645.0,2645.0,0.0,0.0,EXACT,
as_received,FILE1,Netherlands,NLD,2015,population,S1 UN WPP2024,17107433.0,17107433.0,0.0,0.0,EXACT,
as_received,FILE1,Netherlands,NLD,2015,foreign_born,S2 UN DESA IMS2024,2024059.0,2024059.0,0.0,0.0,EXACT,
as_received,FILE1,Netherlands,NLD,2015,irregular_detections,S3 Eurostat migr_eipre,3150.0,3150.0,0.0,0.0,EXACT,
as_received,FILE1,Netherlands,NLD,2016,population,S1 UN WPP2024,17204693.0,17204693.0,0.0,0.0,EXACT,
as_received,FILE1,Netherlands,NLD,2016,irregular_detections,S3 Eurostat migr_eipre,2760.0,2760.0,0.0,0.0,EXACT,
as_received,FILE1,Netherlands,NLD,2017,population,S1 UN WPP2024,17315370.0,17315370.0,0.0,0.0,EXACT,
as_received,FILE1,Netherlands,NLD,2017,irregular_detections,S3 Eurostat migr_eipre,2120.0,2120.0,0.0,0.0,EXACT,
as_received,FILE1,Netherlands,NLD,2018,population,S1 UN WPP2024,17421280.0,17421280.0,0.0,0.0,EXACT,
as_received,FILE1,Netherlands,NLD,2018,irregular_detections,S3 Eurostat migr_eipre,2790.0,2790.0,0.0,0.0,EXACT,
as_received,FILE1,Netherlands,NLD,2019,population,S1 UN WPP2024,17537507.0,17537507.0,0.0,0.0,EXACT,
as_received,FILE1,Netherlands,NLD,2019,irregular_detections,S3 Eurostat migr_eipre,3565.0,3565.0,0.0,0.0,EXACT,
as_received,FILE1,Netherlands,NLD,2020,population,S1 UN WPP2024,17636731.0,17636731.0,0.0,0.0,EXACT,
as_received,FILE1,Netherlands,NLD,2020,foreign_born,S2 UN DESA IMS2024,2425521.0,2425521.0,0.0,0.0,EXACT,
as_received,FILE1,Netherlands,NLD,2020,irregular_detections,S3 Eurostat migr_eipre,3640.0,3640.0,0.0,0.0,EXACT,
as_received,FILE1,Netherlands,NLD,2021,population,S1 UN WPP2024,17730564.0,17730564.0,0.0,0.0,EXACT,
as_received,FILE1,Netherlands,NLD,2021,irregular_detections,S3 Eurostat migr_eipre,5010.0,5010.0,0.0,0.0,EXACT,
as_received,FILE1,Netherlands,NLD,2022,population,S1 UN WPP2024,17904421.0,17904421.0,0.0,0.0,EXACT,
as_received,FILE1,Netherlands,NLD,2022,irregular_detections,S3 Eurostat migr_eipre,5475.0,5475.0,0.0,0.0,EXACT,
as_received,FILE1,Norway,NOR,2010,population,S1 UN WPP2024,4889162.0,4889162.0,0.0,0.0,EXACT,
as_received,FILE1,Norway,NOR,2010,foreign_born,S2 UN DESA IMS2024,524601.0,524601.0,0.0,0.0,EXACT,
as_received,FILE1,Norway,NOR,2010,irregular_detections,S3 Eurostat migr_eipre,2410.0,2410.0,0.0,0.0,EXACT,
as_received,FILE1,Norway,NOR,2011,population,S1 UN WPP2024,4952968.0,4952968.0,0.0,0.0,EXACT,
as_received,FILE1,Norway,NOR,2011,irregular_detections,S3 Eurostat migr_eipre,1925.0,1925.0,0.0,0.0,EXACT,
as_received,FILE1,Norway,NOR,2012,population,S1 UN WPP2024,5018458.0,5018458.0,0.0,0.0,EXACT,
as_received,FILE1,Norway,NOR,2012,irregular_detections,S3 Eurostat migr_eipre,2760.0,2760.0,0.0,0.0,EXACT,
as_received,FILE1,Norway,NOR,2013,population,S1 UN WPP2024,5080124.0,5080124.0,0.0,0.0,EXACT,
as_received,FILE1,Norway,NOR,2013,irregular_detections,S3 Eurostat migr_eipre,3180.0,3180.0,0.0,0.0,EXACT,
as_received,FILE1,Norway,NOR,2014,population,S1 UN WPP2024,5137395.0,5137395.0,0.0,0.0,EXACT,
as_received,FILE1,Norway,NOR,2014,irregular_detections,S3 Eurostat migr_eipre,3720.0,3720.0,0.0,0.0,EXACT,
as_received,FILE1,Norway,NOR,2015,population,S1 UN WPP2024,5189771.0,5189771.0,0.0,0.0,EXACT,
as_received,FILE1,Norway,NOR,2015,foreign_born,S2 UN DESA IMS2024,746375.0,746375.0,0.0,0.0,EXACT,
as_received,FILE1,Norway,NOR,2015,irregular_detections,S3 Eurostat migr_eipre,5455.0,5455.0,0.0,0.0,EXACT,
as_received,FILE1,Norway,NOR,2016,population,S1 UN WPP2024,5235983.0,5235983.0,0.0,0.0,EXACT,
as_received,FILE1,Norway,NOR,2016,irregular_detections,S3 Eurostat migr_eipre,5330.0,5330.0,0.0,0.0,EXACT,
as_received,FILE1,Norway,NOR,2017,population,S1 UN WPP2024,5276802.0,5276802.0,0.0,0.0,EXACT,
as_received,FILE1,Norway,NOR,2017,irregular_detections,S3 Eurostat migr_eipre,3850.0,3850.0,0.0,0.0,EXACT,
as_received,FILE1,Norway,NOR,2018,population,S1 UN WPP2024,5311752.0,5311752.0,0.0,0.0,EXACT,
as_received,FILE1,Norway,NOR,2018,irregular_detections,S3 Eurostat migr_eipre,3230.0,3230.0,0.0,0.0,EXACT,
as_received,FILE1,Norway,NOR,2019,population,S1 UN WPP2024,5347730.0,5347730.0,0.0,0.0,EXACT,
as_received,FILE1,Norway,NOR,2019,irregular_detections,S3 Eurostat migr_eipre,2915.0,2915.0,0.0,0.0,EXACT,
as_received,FILE1,Norway,NOR,2020,population,S1 UN WPP2024,5379274.0,5379274.0,0.0,0.0,EXACT,
as_received,FILE1,Norway,NOR,2020,foreign_born,S2 UN DESA IMS2024,852238.0,852238.0,0.0,0.0,EXACT,
as_received,FILE1,Norway,NOR,2020,irregular_detections,S3 Eurostat migr_eipre,1900.0,1900.0,0.0,0.0,EXACT,
as_received,FILE1,Norway,NOR,2021,population,S1 UN WPP2024,5408091.0,5408091.0,0.0,0.0,EXACT,
as_received,FILE1,Norway,NOR,2021,irregular_detections,S3 Eurostat migr_eipre,1430.0,1430.0,0.0,0.0,EXACT,
as_received,FILE1,Norway,NOR,2022,population,S1 UN WPP2024,5456801.0,5456801.0,0.0,0.0,EXACT,
as_received,FILE1,Norway,NOR,2022,irregular_detections,S3 Eurostat migr_eipre,2305.0,2305.0,0.0,0.0,EXACT,
as_received,FILE1,Philippines,PHL,2010,population,S1 UN WPP2024,96337125.0,96337125.0,0.0,0.0,EXACT,
as_received,FILE1,Philippines,PHL,2010,foreign_born,S2 UN DESA IMS2024,178147.0,178147.0,0.0,0.0,EXACT,
as_received,FILE1,Philippines,PHL,2011,population,S1 UN WPP2024,98248614.0,98248614.0,0.0,0.0,EXACT,
as_received,FILE1,Philippines,PHL,2012,population,S1 UN WPP2024,100175512.0,100175512.0,0.0,0.0,EXACT,
as_received,FILE1,Philippines,PHL,2013,population,S1 UN WPP2024,102076336.0,102076336.0,0.0,0.0,EXACT,
as_received,FILE1,Philippines,PHL,2014,population,S1 UN WPP2024,103767130.0,103767130.0,0.0,0.0,EXACT,
as_received,FILE1,Philippines,PHL,2015,population,S1 UN WPP2024,105312992.0,105312992.0,0.0,0.0,EXACT,
as_received,FILE1,Philippines,PHL,2015,foreign_born,S2 UN DESA IMS2024,131897.0,131897.0,0.0,0.0,EXACT,
as_received,FILE1,Philippines,PHL,2016,population,S1 UN WPP2024,106735719.0,106735719.0,0.0,0.0,EXACT,
as_received,FILE1,Philippines,PHL,2017,population,S1 UN WPP2024,108119693.0,108119693.0,0.0,0.0,EXACT,
as_received,FILE1,Philippines,PHL,2018,population,S1 UN WPP2024,109465287.0,109465287.0,0.0,0.0,EXACT,
as_received,FILE1,Philippines,PHL,2019,population,S1 UN WPP2024,110804683.0,110804683.0,0.0,0.0,EXACT,
as_received,FILE1,Philippines,PHL,2020,population,S1 UN WPP2024,112081264.0,112081264.0,0.0,0.0,EXACT,
as_received,FILE1,Philippines,PHL,2020,foreign_born,S2 UN DESA IMS2024,87212.0,87212.0,0.0,0.0,EXACT,
as_received,FILE1,Philippines,PHL,2021,population,S1 UN WPP2024,113100950.0,113100950.0,0.0,0.0,EXACT,
as_received,FILE1,Philippines,PHL,2022,population,S1 UN WPP2024,113964338.0,113964338.0,0.0,0.0,EXACT,
as_received,FILE1,Poland,POL,2010,population,S1 UN WPP2024,38095351.0,38095351.0,0.0,0.0,EXACT,
as_received,FILE1,Poland,POL,2010,foreign_born,S2 UN DESA IMS2024,649114.0,649114.0,0.0,0.0,EXACT,
as_received,FILE1,Poland,POL,2010,irregular_detections,S3 Eurostat migr_eipre,4005.0,4005.0,0.0,0.0,EXACT,
as_received,FILE1,Poland,POL,2011,population,S1 UN WPP2024,38208643.0,38208643.0,0.0,0.0,EXACT,
as_received,FILE1,Poland,POL,2011,irregular_detections,S3 Eurostat migr_eipre,6875.0,6875.0,0.0,0.0,EXACT,
as_received,FILE1,Poland,POL,2012,population,S1 UN WPP2024,38247868.0,38247868.0,0.0,0.0,EXACT,
as_received,FILE1,Poland,POL,2012,irregular_detections,S3 Eurostat migr_eipre,8140.0,8140.0,0.0,0.0,EXACT,
as_received,FILE1,Poland,POL,2013,population,S1 UN WPP2024,38259262.0,38259262.0,0.0,0.0,EXACT,
as_received,FILE1,Poland,POL,2013,irregular_detections,S3 Eurostat migr_eipre,9280.0,9280.0,0.0,0.0,EXACT,
as_received,FILE1,Poland,POL,2014,population,S1 UN WPP2024,38265113.0,38265113.0,0.0,0.0,EXACT,
as_received,FILE1,Poland,POL,2014,irregular_detections,S3 Eurostat migr_eipre,12050.0,12050.0,0.0,0.0,EXACT,
as_received,FILE1,Poland,POL,2015,population,S1 UN WPP2024,38266314.0,38266314.0,0.0,0.0,EXACT,
as_received,FILE1,Poland,POL,2015,foreign_born,S2 UN DESA IMS2024,683663.0,683663.0,0.0,0.0,EXACT,
as_received,FILE1,Poland,POL,2015,irregular_detections,S3 Eurostat migr_eipre,16835.0,16835.0,0.0,0.0,EXACT,
as_received,FILE1,Poland,POL,2016,population,S1 UN WPP2024,38263265.0,38263265.0,0.0,0.0,EXACT,
as_received,FILE1,Poland,POL,2016,irregular_detections,S3 Eurostat migr_eipre,23375.0,23375.0,0.0,0.0,EXACT,
as_received,FILE1,Poland,POL,2017,population,S1 UN WPP2024,38254959.0,38254959.0,0.0,0.0,EXACT,
as_received,FILE1,Poland,POL,2017,irregular_detections,S3 Eurostat migr_eipre,28470.0,28470.0,0.0,0.0,EXACT,
as_received,FILE1,Poland,POL,2018,population,S1 UN WPP2024,38241071.0,38241071.0,0.0,0.0,EXACT,
as_received,FILE1,Poland,POL,2018,irregular_detections,S3 Eurostat migr_eipre,31245.0,31245.0,0.0,0.0,EXACT,
as_received,FILE1,Poland,POL,2019,population,S1 UN WPP2024,38225885.0,38225885.0,0.0,0.0,EXACT,
as_received,FILE1,Poland,POL,2019,irregular_detections,S3 Eurostat migr_eipre,30900.0,30900.0,0.0,0.0,EXACT,
as_received,FILE1,Poland,POL,2020,population,S1 UN WPP2024,38171012.0,38171012.0,0.0,0.0,EXACT,
as_received,FILE1,Poland,POL,2020,foreign_born,S2 UN DESA IMS2024,738099.0,738099.0,0.0,0.0,EXACT,
as_received,FILE1,Poland,POL,2020,irregular_detections,S3 Eurostat migr_eipre,12170.0,12170.0,0.0,0.0,EXACT,
as_received,FILE1,Poland,POL,2021,population,S1 UN WPP2024,38040302.0,38040302.0,0.0,0.0,EXACT,
as_received,FILE1,Poland,POL,2021,irregular_detections,S3 Eurostat migr_eipre,12795.0,12795.0,0.0,0.0,EXACT,
as_received,FILE1,Poland,POL,2022,population,S1 UN WPP2024,38385739.0,38385739.0,0.0,0.0,EXACT,
as_received,FILE1,Poland,POL,2022,irregular_detections,S3 Eurostat migr_eipre,10510.0,10510.0,0.0,0.0,EXACT,
as_received,FILE1,Portugal,PRT,2010,population,S1 UN WPP2024,10578660.0,10578660.0,0.0,0.0,EXACT,
as_received,FILE1,Portugal,PRT,2010,foreign_born,S2 UN DESA IMS2024,762825.0,762825.0,0.0,0.0,EXACT,
as_received,FILE1,Portugal,PRT,2010,irregular_detections,S3 Eurostat migr_eipre,10085.0,10085.0,0.0,0.0,EXACT,
as_received,FILE1,Portugal,PRT,2011,population,S1 UN WPP2024,10557052.0,10557052.0,0.0,0.0,EXACT,
as_received,FILE1,Portugal,PRT,2011,irregular_detections,S3 Eurostat migr_eipre,9230.0,9230.0,0.0,0.0,EXACT,
as_received,FILE1,Portugal,PRT,2012,population,S1 UN WPP2024,10513150.0,10513150.0,0.0,0.0,EXACT,
as_received,FILE1,Portugal,PRT,2012,irregular_detections,S3 Eurostat migr_eipre,9110.0,9110.0,0.0,0.0,EXACT,
as_received,FILE1,Portugal,PRT,2013,population,S1 UN WPP2024,10458298.0,10458298.0,0.0,0.0,EXACT,
as_received,FILE1,Portugal,PRT,2013,irregular_detections,S3 Eurostat migr_eipre,5155.0,5155.0,0.0,0.0,EXACT,
as_received,FILE1,Portugal,PRT,2014,population,S1 UN WPP2024,10406199.0,10406199.0,0.0,0.0,EXACT,
as_received,FILE1,Portugal,PRT,2014,irregular_detections,S3 Eurostat migr_eipre,4530.0,4530.0,0.0,0.0,EXACT,
as_received,FILE1,Portugal,PRT,2015,population,S1 UN WPP2024,10370267.0,10370267.0,0.0,0.0,EXACT,
as_received,FILE1,Portugal,PRT,2015,foreign_born,S2 UN DESA IMS2024,864814.0,864814.0,0.0,0.0,EXACT,
as_received,FILE1,Portugal,PRT,2015,irregular_detections,S3 Eurostat migr_eipre,5145.0,5145.0,0.0,0.0,EXACT,
as_received,FILE1,Portugal,PRT,2016,population,S1 UN WPP2024,10346372.0,10346372.0,0.0,0.0,EXACT,
as_received,FILE1,Portugal,PRT,2016,irregular_detections,S3 Eurostat migr_eipre,6500.0,6500.0,0.0,0.0,EXACT,
as_received,FILE1,Portugal,PRT,2017,population,S1 UN WPP2024,10330844.0,10330844.0,0.0,0.0,EXACT,
as_received,FILE1,Portugal,PRT,2017,irregular_detections,S3 Eurostat migr_eipre,6005.0,6005.0,0.0,0.0,EXACT,
as_received,FILE1,Portugal,PRT,2018,population,S1 UN WPP2024,10325353.0,10325353.0,0.0,0.0,EXACT,
as_received,FILE1,Portugal,PRT,2018,irregular_detections,S3 Eurostat migr_eipre,4760.0,4760.0,0.0,0.0,EXACT,
as_received,FILE1,Portugal,PRT,2019,population,S1 UN WPP2024,10343213.0,10343213.0,0.0,0.0,EXACT,
as_received,FILE1,Portugal,PRT,2019,irregular_detections,S3 Eurostat migr_eipre,5890.0,5890.0,0.0,0.0,EXACT,
as_received,FILE1,Portugal,PRT,2020,population,S1 UN WPP2024,10370519.0,10370519.0,0.0,0.0,EXACT,
as_received,FILE1,Portugal,PRT,2020,foreign_born,S2 UN DESA IMS2024,1001963.0,1001963.0,0.0,0.0,EXACT,
as_received,FILE1,Portugal,PRT,2020,irregular_detections,S3 Eurostat migr_eipre,3145.0,3145.0,0.0,0.0,EXACT,
as_received,FILE1,Portugal,PRT,2021,population,S1 UN WPP2024,10390956.0,10390956.0,0.0,0.0,EXACT,
as_received,FILE1,Portugal,PRT,2021,irregular_detections,S3 Eurostat migr_eipre,1855.0,1855.0,0.0,0.0,EXACT,
as_received,FILE1,Portugal,PRT,2022,population,S1 UN WPP2024,10417073.0,10417073.0,0.0,0.0,EXACT,
as_received,FILE1,Portugal,PRT,2022,irregular_detections,S3 Eurostat migr_eipre,2170.0,2170.0,0.0,0.0,EXACT,
as_received,FILE1,Russia,RUS,2010,population,S1 UN WPP2024,143934465.0,143934465.0,0.0,0.0,EXACT,
as_received,FILE1,Russia,RUS,2010,foreign_born,S2 UN DESA IMS2024,11199727.0,11199727.0,0.0,0.0,EXACT,
as_received,FILE1,Russia,RUS,2011,population,S1 UN WPP2024,144043748.0,144043748.0,0.0,0.0,EXACT,
as_received,FILE1,Russia,RUS,2012,population,S1 UN WPP2024,144291029.0,144291029.0,0.0,0.0,EXACT,
as_received,FILE1,Russia,RUS,2013,population,S1 UN WPP2024,144604098.0,144604098.0,0.0,0.0,EXACT,
as_received,FILE1,Russia,RUS,2014,population,S1 UN WPP2024,144925638.0,144925638.0,0.0,0.0,EXACT,
as_received,FILE1,Russia,RUS,2015,population,S1 UN WPP2024,145307616.0,145307616.0,0.0,0.0,EXACT,
as_received,FILE1,Russia,RUS,2015,foreign_born,S2 UN DESA IMS2024,9098229.0,9098229.0,0.0,0.0,EXACT,
as_received,FILE1,Russia,RUS,2016,population,S1 UN WPP2024,145778677.0,145778677.0,0.0,0.0,EXACT,
as_received,FILE1,Russia,RUS,2017,population,S1 UN WPP2024,146186799.0,146186799.0,0.0,0.0,EXACT,
as_received,FILE1,Russia,RUS,2018,population,S1 UN WPP2024,146430146.0,146430146.0,0.0,0.0,EXACT,
as_received,FILE1,Russia,RUS,2019,population,S1 UN WPP2024,146533067.0,146533067.0,0.0,0.0,EXACT,
as_received,FILE1,Russia,RUS,2020,population,S1 UN WPP2024,146371299.0,146371299.0,0.0,0.0,EXACT,
as_received,FILE1,Russia,RUS,2020,foreign_born,S2 UN DESA IMS2024,7297611.0,7297611.0,0.0,0.0,EXACT,
as_received,FILE1,Russia,RUS,2021,population,S1 UN WPP2024,145836175.0,145836175.0,0.0,0.0,EXACT,
as_received,FILE1,Russia,RUS,2022,population,S1 UN WPP2024,145579899.0,145579899.0,0.0,0.0,EXACT,
as_received,FILE1,Slovakia,SVK,2010,population,S1 UN WPP2024,5391851.0,5391851.0,0.0,0.0,EXACT,
as_received,FILE1,Slovakia,SVK,2010,foreign_born,S2 UN DESA IMS2024,146319.0,146319.0,0.0,0.0,EXACT,
as_received,FILE1,Slovakia,SVK,2010,irregular_detections,S3 Eurostat migr_eipre,1440.0,1440.0,0.0,0.0,EXACT,
as_received,FILE1,Slovakia,SVK,2011,population,S1 UN WPP2024,5398109.0,5398109.0,0.0,0.0,EXACT,
as_received,FILE1,Slovakia,SVK,2011,irregular_detections,S3 Eurostat migr_eipre,1145.0,1145.0,0.0,0.0,EXACT,
as_received,FILE1,Slovakia,SVK,2012,population,S1 UN WPP2024,5404871.0,5404871.0,0.0,0.0,EXACT,
as_received,FILE1,Slovakia,SVK,2012,irregular_detections,S3 Eurostat migr_eipre,1395.0,1395.0,0.0,0.0,EXACT,
as_received,FILE1,Slovakia,SVK,2013,population,S1 UN WPP2024,5410422.0,5410422.0,0.0,0.0,EXACT,
as_received,FILE1,Slovakia,SVK,2013,irregular_detections,S3 Eurostat migr_eipre,1025.0,1025.0,0.0,0.0,EXACT,
as_received,FILE1,Slovakia,SVK,2014,population,S1 UN WPP2024,5415230.0,5415230.0,0.0,0.0,EXACT,
as_received,FILE1,Slovakia,SVK,2014,irregular_detections,S3 Eurostat migr_eipre,1155.0,1155.0,0.0,0.0,EXACT,
as_received,FILE1,Slovakia,SVK,2015,population,S1 UN WPP2024,5420278.0,5420278.0,0.0,0.0,EXACT,
as_received,FILE1,Slovakia,SVK,2015,foreign_born,S2 UN DESA IMS2024,177624.0,177624.0,0.0,0.0,EXACT,
as_received,FILE1,Slovakia,SVK,2015,irregular_detections,S3 Eurostat migr_eipre,1985.0,1985.0,0.0,0.0,EXACT,
as_received,FILE1,Slovakia,SVK,2016,population,S1 UN WPP2024,5427259.0,5427259.0,0.0,0.0,EXACT,
as_received,FILE1,Slovakia,SVK,2016,irregular_detections,S3 Eurostat migr_eipre,2035.0,2035.0,0.0,0.0,EXACT,
as_received,FILE1,Slovakia,SVK,2017,population,S1 UN WPP2024,5435700.0,5435700.0,0.0,0.0,EXACT,
as_received,FILE1,Slovakia,SVK,2017,irregular_detections,S3 Eurostat migr_eipre,2590.0,2590.0,0.0,0.0,EXACT,
as_received,FILE1,Slovakia,SVK,2018,population,S1 UN WPP2024,5443232.0,5443232.0,0.0,0.0,EXACT,
as_received,FILE1,Slovakia,SVK,2018,irregular_detections,S3 Eurostat migr_eipre,2635.0,2635.0,0.0,0.0,EXACT,
as_received,FILE1,Slovakia,SVK,2019,population,S1 UN WPP2024,5450626.0,5450626.0,0.0,0.0,EXACT,
as_received,FILE1,Slovakia,SVK,2019,irregular_detections,S3 Eurostat migr_eipre,2005.0,2005.0,0.0,0.0,EXACT,
as_received,FILE1,Slovakia,SVK,2020,population,S1 UN WPP2024,5455024.0,5455024.0,0.0,0.0,EXACT,
as_received,FILE1,Slovakia,SVK,2020,foreign_born,S2 UN DESA IMS2024,197161.0,197161.0,0.0,0.0,EXACT,
as_received,FILE1,Slovakia,SVK,2020,irregular_detections,S3 Eurostat migr_eipre,1215.0,1215.0,0.0,0.0,EXACT,
as_received,FILE1,Slovakia,SVK,2021,population,S1 UN WPP2024,5442759.0,5442759.0,0.0,0.0,EXACT,
as_received,FILE1,Slovakia,SVK,2021,irregular_detections,S3 Eurostat migr_eipre,1715.0,1715.0,0.0,0.0,EXACT,
as_received,FILE1,Slovakia,SVK,2022,population,S1 UN WPP2024,5473197.0,5473197.0,0.0,0.0,EXACT,
as_received,FILE1,Slovakia,SVK,2022,irregular_detections,S3 Eurostat migr_eipre,11705.0,11705.0,0.0,0.0,EXACT,
as_received,FILE1,Slovenia,SVN,2010,population,S1 UN WPP2024,2044612.0,2044612.0,0.0,0.0,EXACT,
as_received,FILE1,Slovenia,SVN,2010,foreign_born,S2 UN DESA IMS2024,253786.0,253786.0,0.0,0.0,EXACT,
as_received,FILE1,Slovenia,SVN,2010,irregular_detections,S3 Eurostat migr_eipre,3415.0,3415.0,0.0,0.0,EXACT,
as_received,FILE1,Slovenia,SVN,2011,population,S1 UN WPP2024,2048804.0,2048804.0,0.0,0.0,EXACT,
as_received,FILE1,Slovenia,SVN,2011,irregular_detections,S3 Eurostat migr_eipre,4350.0,4350.0,0.0,0.0,EXACT,
as_received,FILE1,Slovenia,SVN,2012,population,S1 UN WPP2024,2053321.0,2053321.0,0.0,0.0,EXACT,
as_received,FILE1,Slovenia,SVN,2012,irregular_detections,S3 Eurostat migr_eipre,1555.0,1555.0,0.0,0.0,EXACT,
as_received,FILE1,Slovenia,SVN,2013,population,S1 UN WPP2024,2056441.0,2056441.0,2.3283064365386958e-10,1.1322019141510481e-14,EXACT,
as_received,FILE1,Slovenia,SVN,2013,irregular_detections,S3 Eurostat migr_eipre,1040.0,1040.0,0.0,0.0,EXACT,
as_received,FILE1,Slovenia,SVN,2014,population,S1 UN WPP2024,2058401.0,2058401.0,2.3283064365386958e-10,1.1311238366764772e-14,EXACT,
as_received,FILE1,Slovenia,SVN,2014,irregular_detections,S3 Eurostat migr_eipre,1025.0,1025.0,0.0,0.0,EXACT,
as_received,FILE1,Slovenia,SVN,2015,population,S1 UN WPP2024,2059947.0,2059947.0,0.0,0.0,EXACT,
as_received,FILE1,Slovenia,SVN,2015,foreign_born,S2 UN DESA IMS2024,237616.0,237616.0,0.0,0.0,EXACT,
as_received,FILE1,Slovenia,SVN,2015,irregular_detections,S3 Eurostat migr_eipre,1025.0,1025.0,0.0,0.0,EXACT,
as_received,FILE1,Slovenia,SVN,2016,population,S1 UN WPP2024,2061373.0,2061373.0,0.0,0.0,EXACT,
as_received,FILE1,Slovenia,SVN,2016,irregular_detections,S3 Eurostat migr_eipre,2475.0,2475.0,0.0,0.0,EXACT,
as_received,FILE1,Slovenia,SVN,2017,population,S1 UN WPP2024,2062410.0,2062410.0,2.3283064365386958e-10,1.1289251102053892e-14,EXACT,
as_received,FILE1,Slovenia,SVN,2017,irregular_detections,S3 Eurostat migr_eipre,4180.0,4180.0,0.0,0.0,EXACT,
as_received,FILE1,Slovenia,SVN,2018,population,S1 UN WPP2024,2069481.0,2069481.0,-2.3283064365386958e-10,-1.125067800351246e-14,EXACT,
as_received,FILE1,Slovenia,SVN,2018,irregular_detections,S3 Eurostat migr_eipre,4345.0,4345.0,0.0,0.0,EXACT,
as_received,FILE1,Slovenia,SVN,2019,population,S1 UN WPP2024,2083439.0,2083439.0,2.3283064365386958e-10,1.11753040839626e-14,EXACT,
as_received,FILE1,Slovenia,SVN,2019,irregular_detections,S3 Eurostat migr_eipre,5765.0,5765.0,0.0,0.0,EXACT,
as_received,FILE1,Slovenia,SVN,2020,population,S1 UN WPP2024,2102419.0,2102419.0,0.0,0.0,EXACT,
as_received,FILE1,Slovenia,SVN,2020,foreign_born,S2 UN DESA IMS2024,277964.0,277964.0,0.0,0.0,EXACT,
as_received,FILE1,Slovenia,SVN,2020,irregular_detections,S3 Eurostat migr_eipre,4605.0,4605.0,0.0,0.0,EXACT,
as_received,FILE1,Slovenia,SVN,2021,population,S1 UN WPP2024,2113494.0,2113494.0,0.0,0.0,EXACT,
as_received,FILE1,Slovenia,SVN,2021,irregular_detections,S3 Eurostat migr_eipre,14430.0,14430.0,0.0,0.0,EXACT,
as_received,FILE1,Slovenia,SVN,2022,population,S1 UN WPP2024,2115228.0,2115228.0,0.0,0.0,EXACT,
as_received,FILE1,Slovenia,SVN,2022,irregular_detections,S3 Eurostat migr_eipre,35215.0,35215.0,0.0,0.0,EXACT,
as_received,FILE1,South Africa,ZAF,2010,population,S1 UN WPP2024,52344051.0,52344051.0,0.0,0.0,EXACT,
as_received,FILE1,South Africa,ZAF,2010,foreign_born,S2 UN DESA IMS2024,2274466.0,2274466.0,0.0,0.0,EXACT,
as_received,FILE1,South Africa,ZAF,2011,population,S1 UN WPP2024,52995205.0,52995205.0,0.0,0.0,EXACT,
as_received,FILE1,South Africa,ZAF,2012,population,S1 UN WPP2024,53782567.0,53782567.0,0.0,0.0,EXACT,
as_received,FILE1,South Africa,ZAF,2013,population,S1 UN WPP2024,54678791.0,54678791.0,0.0,0.0,EXACT,
as_received,FILE1,South Africa,ZAF,2014,population,S1 UN WPP2024,55594838.0,55594838.0,0.0,0.0,EXACT,
as_received,FILE1,South Africa,ZAF,2015,population,S1 UN WPP2024,56723537.0,56723537.0,0.0,0.0,EXACT,
as_received,FILE1,South Africa,ZAF,2015,foreign_born,S2 UN DESA IMS2024,3162564.0,3162564.0,0.0,0.0,EXACT,
as_received,FILE1,South Africa,ZAF,2016,population,S1 UN WPP2024,57259551.0,57259551.0,0.0,0.0,EXACT,
as_received,FILE1,South Africa,ZAF,2017,population,S1 UN WPP2024,57635162.0,57635162.0,0.0,0.0,EXACT,
as_received,FILE1,South Africa,ZAF,2018,population,S1 UN WPP2024,58613001.0,58613001.0,0.0,0.0,EXACT,
as_received,FILE1,South Africa,ZAF,2019,population,S1 UN WPP2024,59587885.0,59587885.0,0.0,0.0,EXACT,
as_received,FILE1,South Africa,ZAF,2020,population,S1 UN WPP2024,60562381.0,60562381.0,0.0,0.0,EXACT,
as_received,FILE1,South Africa,ZAF,2020,foreign_born,S2 UN DESA IMS2024,2639076.0,2639076.0,0.0,0.0,EXACT,
as_received,FILE1,South Africa,ZAF,2021,population,S1 UN WPP2024,61502603.0,61502603.0,0.0,0.0,EXACT,
as_received,FILE1,South Africa,ZAF,2022,population,S1 UN WPP2024,62378410.0,62378410.0,0.0,0.0,EXACT,
as_received,FILE1,Spain,ESP,2010,population,S1 UN WPP2024,46840471.0,46840471.0,0.0,0.0,EXACT,
as_received,FILE1,Spain,ESP,2010,foreign_born,S2 UN DESA IMS2024,6281193.0,6281193.0,0.0,0.0,EXACT,
as_received,FILE1,Spain,ESP,2010,irregular_detections,S3 Eurostat migr_eipre,70315.0,70315.0,0.0,0.0,EXACT,
as_received,FILE1,Spain,ESP,2011,population,S1 UN WPP2024,46998043.0,46998043.0,0.0,0.0,EXACT,
as_received,FILE1,Spain,ESP,2011,irregular_detections,S3 Eurostat migr_eipre,68825.0,68825.0,0.0,0.0,EXACT,
as_received,FILE1,Spain,ESP,2012,population,S1 UN WPP2024,47018323.0,47018323.0,0.0,0.0,EXACT,
as_received,FILE1,Spain,ESP,2012,irregular_detections,S3 Eurostat migr_eipre,52485.0,52485.0,0.0,0.0,EXACT,
as_received,FILE1,Spain,ESP,2013,population,S1 UN WPP2024,46860389.0,46860389.0,0.0,0.0,EXACT,
as_received,FILE1,Spain,ESP,2013,irregular_detections,S3 Eurostat migr_eipre,46195.0,46195.0,0.0,0.0,EXACT,
as_received,FILE1,Spain,ESP,2014,population,S1 UN WPP2024,46720188.0,46720188.0,0.0,0.0,EXACT,
as_received,FILE1,Spain,ESP,2014,irregular_detections,S3 Eurostat migr_eipre,47885.0,47885.0,0.0,0.0,EXACT,
as_received,FILE1,Spain,ESP,2015,population,S1 UN WPP2024,46683686.0,46683686.0,0.0,0.0,EXACT,
as_received,FILE1,Spain,ESP,2015,foreign_born,S2 UN DESA IMS2024,5892847.0,5892847.0,0.0,0.0,EXACT,
as_received,FILE1,Spain,ESP,2015,irregular_detections,S3 Eurostat migr_eipre,42605.0,42605.0,0.0,0.0,EXACT,
as_received,FILE1,Spain,ESP,2016,population,S1 UN WPP2024,46732771.0,46732771.0,0.0,0.0,EXACT,
as_received,FILE1,Spain,ESP,2016,irregular_detections,S3 Eurostat migr_eipre,37295.0,37295.0,0.0,0.0,EXACT,
as_received,FILE1,Spain,ESP,2017,population,S1 UN WPP2024,46868596.0,46868596.0,0.0,0.0,EXACT,
as_received,FILE1,Spain,ESP,2017,irregular_detections,S3 Eurostat migr_eipre,44625.0,44625.0,0.0,0.0,EXACT,
as_received,FILE1,Spain,ESP,2018,population,S1 UN WPP2024,47092821.0,47092821.0,0.0,0.0,EXACT,
as_received,FILE1,Spain,ESP,2018,irregular_detections,S3 Eurostat migr_eipre,78280.0,78280.0,0.0,0.0,EXACT,
as_received,FILE1,Spain,ESP,2019,population,S1 UN WPP2024,47435119.0,47435119.0,0.0,0.0,EXACT,
as_received,FILE1,Spain,ESP,2019,irregular_detections,S3 Eurostat migr_eipre,62865.0,62865.0,0.0,0.0,EXACT,
as_received,FILE1,Spain,ESP,2020,population,S1 UN WPP2024,47679489.0,47679489.0,0.0,0.0,EXACT,
as_received,FILE1,Spain,ESP,2020,foreign_born,S2 UN DESA IMS2024,7146130.0,7146130.0,0.0,0.0,EXACT,
as_received,FILE1,Spain,ESP,2020,irregular_detections,S3 Eurostat migr_eipre,72265.0,72265.0,0.0,0.0,EXACT,
as_received,FILE1,Spain,ESP,2021,population,S1 UN WPP2024,47735664.0,47735664.0,0.0,0.0,EXACT,
as_received,FILE1,Spain,ESP,2021,irregular_detections,S3 Eurostat migr_eipre,30615.0,30615.0,0.0,0.0,EXACT,
as_received,FILE1,Spain,ESP,2022,population,S1 UN WPP2024,47828382.0,47828382.0,0.0,0.0,EXACT,
as_received,FILE1,Spain,ESP,2022,irregular_detections,S3 Eurostat migr_eipre,68100.0,68100.0,0.0,0.0,EXACT,
as_received,FILE1,Sweden,SWE,2010,population,S1 UN WPP2024,9378232.0,9378232.0,0.0,0.0,EXACT,
as_received,FILE1,Sweden,SWE,2010,foreign_born,S2 UN DESA IMS2024,1372074.0,1372074.0,0.0,0.0,EXACT,
as_received,FILE1,Sweden,SWE,2010,irregular_detections,S3 Eurostat migr_eipre,27460.0,27460.0,0.0,0.0,EXACT,
as_received,FILE1,Sweden,SWE,2011,population,S1 UN WPP2024,9449259.0,9449259.0,0.0,0.0,EXACT,
as_received,FILE1,Sweden,SWE,2011,irregular_detections,S3 Eurostat migr_eipre,20765.0,20765.0,0.0,0.0,EXACT,
as_received,FILE1,Sweden,SWE,2012,population,S1 UN WPP2024,9519487.0,9519487.0,0.0,0.0,EXACT,
as_received,FILE1,Sweden,SWE,2012,irregular_detections,S3 Eurostat migr_eipre,23205.0,23205.0,0.0,0.0,EXACT,
as_received,FILE1,Sweden,SWE,2013,population,S1 UN WPP2024,9600620.0,9600620.0,0.0,0.0,EXACT,
as_received,FILE1,Sweden,SWE,2013,irregular_detections,S3 Eurostat migr_eipre,24400.0,24400.0,0.0,0.0,EXACT,
as_received,FILE1,Sweden,SWE,2014,population,S1 UN WPP2024,9696433.0,9696433.0,0.0,0.0,EXACT,
as_received,FILE1,Sweden,SWE,2014,irregular_detections,S3 Eurostat migr_eipre,72835.0,72835.0,0.0,0.0,EXACT,
as_received,FILE1,Sweden,SWE,2015,population,S1 UN WPP2024,9799481.0,9799481.0,0.0,0.0,EXACT,
as_received,FILE1,Sweden,SWE,2015,foreign_born,S2 UN DESA IMS2024,1638195.0,1638195.0,0.0,0.0,EXACT,
as_received,FILE1,Sweden,SWE,2015,irregular_detections,S3 Eurostat migr_eipre,1445.0,1445.0,0.0,0.0,EXACT,
as_received,FILE1,Sweden,SWE,2016,population,S1 UN WPP2024,9923280.0,9923280.0,0.0,0.0,EXACT,
as_received,FILE1,Sweden,SWE,2016,irregular_detections,S3 Eurostat migr_eipre,1210.0,1210.0,0.0,0.0,EXACT,
as_received,FILE1,Sweden,SWE,2017,population,S1 UN WPP2024,10057862.0,10057862.0,0.0,0.0,EXACT,
as_received,FILE1,Sweden,SWE,2017,irregular_detections,S3 Eurostat migr_eipre,2145.0,2145.0,0.0,0.0,EXACT,
as_received,FILE1,Sweden,SWE,2018,population,S1 UN WPP2024,10175405.0,10175405.0,0.0,0.0,EXACT,
as_received,FILE1,Sweden,SWE,2018,irregular_detections,S3 Eurostat migr_eipre,1720.0,1720.0,0.0,0.0,EXACT,
as_received,FILE1,Sweden,SWE,2019,population,S1 UN WPP2024,10279125.0,10279125.0,0.0,0.0,EXACT,
as_received,FILE1,Sweden,SWE,2019,irregular_detections,S3 Eurostat migr_eipre,2170.0,2170.0,0.0,0.0,EXACT,
as_received,FILE1,Sweden,SWE,2020,population,S1 UN WPP2024,10353686.0,10353686.0,0.0,0.0,EXACT,
as_received,FILE1,Sweden,SWE,2020,foreign_born,S2 UN DESA IMS2024,2033902.0,2033902.0,0.0,0.0,EXACT,
as_received,FILE1,Sweden,SWE,2020,irregular_detections,S3 Eurostat migr_eipre,2615.0,2615.0,0.0,0.0,EXACT,
as_received,FILE1,Sweden,SWE,2021,population,S1 UN WPP2024,10416131.0,10416131.0,0.0,0.0,EXACT,
as_received,FILE1,Sweden,SWE,2021,irregular_detections,S3 Eurostat migr_eipre,2635.0,2635.0,0.0,0.0,EXACT,
as_received,FILE1,Sweden,SWE,2022,population,S1 UN WPP2024,10487338.0,10487338.0,0.0,0.0,EXACT,
as_received,FILE1,Sweden,SWE,2022,irregular_detections,S3 Eurostat migr_eipre,2455.0,2455.0,0.0,0.0,EXACT,
as_received,FILE1,Switzerland,CHE,2010,population,S1 UN WPP2024,7825753.0,7825753.0,0.0,0.0,EXACT,
as_received,FILE1,Switzerland,CHE,2010,foreign_born,S2 UN DESA IMS2024,2053953.0,2053953.0,0.0,0.0,EXACT,
as_received,FILE1,Switzerland,CHE,2010,irregular_detections,S3 Eurostat migr_eipre,12020.0,12020.0,0.0,0.0,EXACT,
as_received,FILE1,Switzerland,CHE,2011,population,S1 UN WPP2024,7914372.0,7914372.0,0.0,0.0,EXACT,
as_received,FILE1,Switzerland,CHE,2011,irregular_detections,S3 Eurostat migr_eipre,12630.0,12630.0,0.0,0.0,EXACT,
as_received,FILE1,Switzerland,CHE,2012,population,S1 UN WPP2024,7998926.0,7998926.0,0.0,0.0,EXACT,
as_received,FILE1,Switzerland,CHE,2012,irregular_detections,S3 Eurostat migr_eipre,14170.0,14170.0,0.0,0.0,EXACT,
as_received,FILE1,Switzerland,CHE,2013,population,S1 UN WPP2024,8091202.0,8091202.0,0.0,0.0,EXACT,
as_received,FILE1,Switzerland,CHE,2013,irregular_detections,S3 Eurostat migr_eipre,15045.0,15045.0,0.0,0.0,EXACT,
as_received,FILE1,Switzerland,CHE,2014,population,S1 UN WPP2024,8190235.0,8190235.0,0.0,0.0,EXACT,
as_received,FILE1,Switzerland,CHE,2014,irregular_detections,S3 Eurostat migr_eipre,13800.0,13800.0,0.0,0.0,EXACT,
as_received,FILE1,Switzerland,CHE,2015,population,S1 UN WPP2024,8283934.0,8283933.999999999,9.313225746154783e-10,1.1242515628631021e-14,EXACT,
as_received,FILE1,Switzerland,CHE,2015,foreign_born,S2 UN DESA IMS2024,2385713.0,2385713.0,0.0,0.0,EXACT,
as_received,FILE1,Switzerland,CHE,2015,irregular_detections,S3 Eurostat migr_eipre,15555.0,15555.0,0.0,0.0,EXACT,
as_received,FILE1,Switzerland,CHE,2016,population,S1 UN WPP2024,8374901.0,8374901.0,0.0,0.0,EXACT,
as_received,FILE1,Switzerland,CHE,2016,irregular_detections,S3 Eurostat migr_eipre,15765.0,15765.0,0.0,0.0,EXACT,
as_received,FILE1,Switzerland,CHE,2017,population,S1 UN WPP2024,8453628.0,8453628.0,0.0,0.0,EXACT,
as_received,FILE1,Switzerland,CHE,2017,irregular_detections,S3 Eurostat migr_eipre,13940.0,13940.0,0.0,0.0,EXACT,
as_received,FILE1,Switzerland,CHE,2018,population,S1 UN WPP2024,8516344.0,8516344.0,0.0,0.0,EXACT,
as_received,FILE1,Switzerland,CHE,2018,irregular_detections,S3 Eurostat migr_eipre,14420.0,14420.0,0.0,0.0,EXACT,
as_received,FILE1,Switzerland,CHE,2019,population,S1 UN WPP2024,8577524.0,8577524.0,0.0,0.0,EXACT,
as_received,FILE1,Switzerland,CHE,2019,irregular_detections,S3 Eurostat migr_eipre,13885.0,13885.0,0.0,0.0,EXACT,
as_received,FILE1,Switzerland,CHE,2020,population,S1 UN WPP2024,8640582.0,8640582.0,0.0,0.0,EXACT,
as_received,FILE1,Switzerland,CHE,2020,foreign_born,S2 UN DESA IMS2024,2610189.0,2610189.0,0.0,0.0,EXACT,
as_received,FILE1,Switzerland,CHE,2020,irregular_detections,S3 Eurostat migr_eipre,11020.0,11020.0,0.0,0.0,EXACT,
as_received,FILE1,Switzerland,CHE,2021,population,S1 UN WPP2024,8707023.0,8707023.0,0.0,0.0,EXACT,
as_received,FILE1,Switzerland,CHE,2021,irregular_detections,S3 Eurostat migr_eipre,12175.0,12175.0,0.0,0.0,EXACT,
as_received,FILE1,Switzerland,CHE,2022,population,S1 UN WPP2024,8792182.0,8792182.0,0.0,0.0,EXACT,
as_received,FILE1,Switzerland,CHE,2022,irregular_detections,S3 Eurostat migr_eipre,15130.0,15130.0,0.0,0.0,EXACT,
as_received,FILE1,Turkey,TUR,2010,population,S1 UN WPP2024,73346769.0,73346769.0,0.0,0.0,EXACT,
as_received,FILE1,Turkey,TUR,2010,foreign_born,S2 UN DESA IMS2024,1420433.0,1420433.0,0.0,0.0,EXACT,
as_received,FILE1,Turkey,TUR,2011,population,S1 UN WPP2024,74215203.0,74215203.0,0.0,0.0,EXACT,
as_received,FILE1,Turkey,TUR,2012,population,S1 UN WPP2024,75197198.0,75197198.0,0.0,0.0,EXACT,
as_received,FILE1,Turkey,TUR,2013,population,S1 UN WPP2024,76403031.0,76403031.0,0.0,0.0,EXACT,
as_received,FILE1,Turkey,TUR,2014,population,S1 UN WPP2024,78036154.0,78036154.0,0.0,0.0,EXACT,
as_received,FILE1,Turkey,TUR,2015,population,S1 UN WPP2024,80014226.0,80014226.0,0.0,0.0,EXACT,
as_received,FILE1,Turkey,TUR,2015,foreign_born,S2 UN DESA IMS2024,3750982.0,3750982.0,0.0,0.0,EXACT,
as_received,FILE1,Turkey,TUR,2016,population,S1 UN WPP2024,81652088.0,81652088.0,0.0,0.0,EXACT,
as_received,FILE1,Turkey,TUR,2017,population,S1 UN WPP2024,83083662.0,83083662.0,0.0,0.0,EXACT,
as_received,FILE1,Turkey,TUR,2018,population,S1 UN WPP2024,84415969.0,84415969.0,0.0,0.0,EXACT,
as_received,FILE1,Turkey,TUR,2019,population,S1 UN WPP2024,85357672.0,85357672.0,0.0,0.0,EXACT,
as_received,FILE1,Turkey,TUR,2020,population,S1 UN WPP2024,86091692.0,86091692.0,0.0,0.0,EXACT,
as_received,FILE1,Turkey,TUR,2020,foreign_born,S2 UN DESA IMS2024,6580295.0,6580295.0,0.0,0.0,EXACT,
as_received,FILE1,Turkey,TUR,2021,population,S1 UN WPP2024,86686253.0,86686253.0,0.0,0.0,EXACT,
as_received,FILE1,Turkey,TUR,2022,population,S1 UN WPP2024,87058473.0,87058473.0,0.0,0.0,EXACT,
as_received,FILE1,United Kingdom,GBR,2010,population,S1 UN WPP2024,63006483.0,63006483.0,0.0,0.0,EXACT,
as_received,FILE1,United Kingdom,GBR,2010,foreign_born,S2 UN DESA IMS2024,7713303.0,7713303.0,0.0,0.0,EXACT,
as_received,FILE1,United Kingdom,GBR,2011,population,S1 UN WPP2024,63509285.0,63509285.0,0.0,0.0,EXACT,
as_received,FILE1,United Kingdom,GBR,2012,population,S1 UN WPP2024,63960484.0,63960484.0,0.0,0.0,EXACT,
as_received,FILE1,United Kingdom,GBR,2013,population,S1 UN WPP2024,64389388.0,64389388.0,0.0,0.0,EXACT,
as_received,FILE1,United Kingdom,GBR,2014,population,S1 UN WPP2024,64865916.0,64865916.0,0.0,0.0,EXACT,
as_received,FILE1,United Kingdom,GBR,2015,population,S1 UN WPP2024,65382110.0,65382110.0,0.0,0.0,EXACT,
as_received,FILE1,United Kingdom,GBR,2015,foreign_born,S2 UN DESA IMS2024,9071431.0,9071431.0,0.0,0.0,EXACT,
as_received,FILE1,United Kingdom,GBR,2016,population,S1 UN WPP2024,65893358.0,65893357.99999999,7.450580596923828e-09,1.130702823936189e-14,EXACT,
as_received,FILE1,United Kingdom,GBR,2017,population,S1 UN WPP2024,66354471.0,66354471.00000001,-7.450580596923828e-09,-1.122845301098675e-14,EXACT,
as_received,FILE1,United Kingdom,GBR,2018,population,S1 UN WPP2024,66752475.0,66752475.00000001,-7.450580596923828e-09,-1.1161504643721191e-14,EXACT,
as_received,FILE1,United Kingdom,GBR,2019,population,S1 UN WPP2024,67110958.0,67110958.0,0.0,0.0,EXACT,
as_received,FILE1,United Kingdom,GBR,2020,population,S1 UN WPP2024,67351861.0,67351861.0,0.0,0.0,EXACT,
as_received,FILE1,United Kingdom,GBR,2020,foreign_born,S2 UN DESA IMS2024,10520870.0,10520870.0,0.0,0.0,EXACT,
as_received,FILE1,United Kingdom,GBR,2021,population,S1 UN WPP2024,67668792.0,67668792.0,0.0,0.0,EXACT,
as_received,FILE1,United Kingdom,GBR,2022,population,S1 UN WPP2024,68179315.0,68179315.0,0.0,0.0,EXACT,
as_received,FILE1,United States,USA,2010,population,S1 UN WPP2024,311062790.0,311062790.0,0.0,0.0,EXACT,
as_received,FILE1,United States,USA,2010,foreign_born,S2 UN DESA IMS2024,43947211.0,43947211.0,0.0,0.0,EXACT,
as_received,FILE1,United States,USA,2011,population,S1 UN WPP2024,314105078.0,314105078.0,0.0,0.0,EXACT,
as_received,FILE1,United States,USA,2012,population,S1 UN WPP2024,317115355.0,317115355.0,0.0,0.0,EXACT,
as_received,FILE1,United States,USA,2013,population,S1 UN WPP2024,320110759.0,320110759.0,0.0,0.0,EXACT,
as_received,FILE1,United States,USA,2014,population,S1 UN WPP2024,323115377.0,323115377.0,0.0,0.0,EXACT,
as_received,FILE1,United States,USA,2015,population,S1 UN WPP2024,326126497.0,326126497.0,0.0,0.0,EXACT,
as_received,FILE1,United States,USA,2015,foreign_born,S2 UN DESA IMS2024,47942986.0,47942986.0,0.0,0.0,EXACT,
as_received,FILE1,United States,USA,2016,population,S1 UN WPP2024,329179427.0,329179427.0,0.0,0.0,EXACT,
as_received,FILE1,United States,USA,2017,population,S1 UN WPP2024,332204660.0,332204660.0,0.0,0.0,EXACT,
as_received,FILE1,United States,USA,2018,population,S1 UN WPP2024,335056497.0,335056497.0,0.0,0.0,EXACT,
as_received,FILE1,United States,USA,2019,population,S1 UN WPP2024,337790067.0,337790067.0,0.0,0.0,EXACT,
as_received,FILE1,United States,USA,2020,population,S1 UN WPP2024,339436159.0,339436159.0,0.0,0.0,EXACT,
as_received,FILE1,United States,USA,2020,foreign_born,S2 UN DESA IMS2024,50471028.0,50471028.0,0.0,0.0,EXACT,
as_received,FILE1,United States,USA,2021,population,S1 UN WPP2024,340161441.0,340161441.0,0.0,0.0,EXACT,
as_received,FILE1,United States,USA,2022,population,S1 UN WPP2024,341534046.0,341534046.0,0.0,0.0,EXACT,
as_received,FILE1,Austria,AUT,2010,population,S1 UN WPP2024,8365092.0,8365092.000000001,-9.313225746154783e-10,-1.113344090675247e-14,EXACT,
as_received,FILE1,Austria,AUT,2010,foreign_born,S2 UN DESA IMS2024,1285706.0,1285706.0,0.0,0.0,EXACT,
as_received,FILE1,Austria,AUT,2010,irregular_detections,S3 Eurostat migr_eipre,15220.0,15220.0,0.0,0.0,EXACT,
as_received,FILE1,Austria,AUT,2011,population,S1 UN WPP2024,8393270.0,8393270.0,0.0,0.0,EXACT,
as_received,FILE1,Austria,AUT,2011,irregular_detections,S3 Eurostat migr_eipre,20080.0,20080.0,0.0,0.0,EXACT,
as_received,FILE1,Austria,AUT,2012,population,S1 UN WPP2024,8431601.0,8431601.0,0.0,0.0,EXACT,
as_received,FILE1,Austria,AUT,2012,irregular_detections,S3 Eurostat migr_eipre,23135.0,23135.0,0.0,0.0,EXACT,
as_received,FILE1,Austria,AUT,2013,population,S1 UN WPP2024,8481406.0,8481406.0,0.0,0.0,EXACT,
as_received,FILE1,Austria,AUT,2013,irregular_detections,S3 Eurostat migr_eipre,25960.0,25960.0,0.0,0.0,EXACT,
as_received,FILE1,Austria,AUT,2014,population,S1 UN WPP2024,8547817.0,8547817.0,0.0,0.0,EXACT,
as_received,FILE1,Austria,AUT,2014,irregular_detections,S3 Eurostat migr_eipre,33055.0,33055.0,0.0,0.0,EXACT,
as_received,FILE1,Austria,AUT,2015,population,S1 UN WPP2024,8644039.0,8644039.0,0.0,0.0,EXACT,
as_received,FILE1,Austria,AUT,2015,foreign_born,S2 UN DESA IMS2024,1540486.0,1540486.0,0.0,0.0,EXACT,
as_received,FILE1,Austria,AUT,2015,irregular_detections,S3 Eurostat migr_eipre,86220.0,86220.0,0.0,0.0,EXACT,
as_received,FILE1,Austria,AUT,2016,population,S1 UN WPP2024,8737915.0,8737915.0,0.0,0.0,EXACT,
as_received,FILE1,Austria,AUT,2016,irregular_detections,S3 Eurostat migr_eipre,49810.0,49810.0,0.0,0.0,EXACT,
as_received,FILE1,Austria,AUT,2017,population,S1 UN WPP2024,8798778.0,8798778.0,0.0,0.0,EXACT,
as_received,FILE1,Austria,AUT,2017,irregular_detections,S3 Eurostat migr_eipre,26660.0,26660.0,0.0,0.0,EXACT,
as_received,FILE1,Austria,AUT,2018,population,S1 UN WPP2024,8841650.0,8841650.0,0.0,0.0,EXACT,
as_received,FILE1,Austria,AUT,2018,irregular_detections,S3 Eurostat migr_eipre,18840.0,18840.0,0.0,0.0,EXACT,
as_received,FILE1,Austria,AUT,2019,population,S1 UN WPP2024,8880876.0,8880876.0,0.0,0.0,EXACT,
as_received,FILE1,Austria,AUT,2019,irregular_detections,S3 Eurostat migr_eipre,16090.0,16090.0,0.0,0.0,EXACT,
as_received,FILE1,Austria,AUT,2020,population,S1 UN WPP2024,8921405.0,8921405.0,0.0,0.0,EXACT,
as_received,FILE1,Austria,AUT,2020,foreign_born,S2 UN DESA IMS2024,1781046.0,1781046.0,0.0,0.0,EXACT,
as_received,FILE1,Austria,AUT,2020,irregular_detections,S3 Eurostat migr_eipre,18715.0,18715.0,0.0,0.0,EXACT,
as_received,FILE1,Austria,AUT,2021,population,S1 UN WPP2024,8967057.0,8967057.0,0.0,0.0,EXACT,
as_received,FILE1,Austria,AUT,2021,irregular_detections,S3 Eurostat migr_eipre,38410.0,38410.0,0.0,0.0,EXACT,
as_received,FILE1,Austria,AUT,2022,population,S1 UN WPP2024,9064677.0,9064677.0,0.0,0.0,EXACT,
as_received,FILE1,Austria,AUT,2022,irregular_detections,S3 Eurostat migr_eipre,105545.0,105545.0,0.0,0.0,EXACT,
as_received,FILE1,Hungary,HUN,2010,population,S1 UN WPP2024,9979129.0,9979129.0,0.0,0.0,EXACT,
as_received,FILE1,Hungary,HUN,2010,foreign_born,S2 UN DESA IMS2024,436616.0,436616.0,0.0,0.0,EXACT,
as_received,FILE1,Hungary,HUN,2010,irregular_detections,S3 Eurostat migr_eipre,6970.0,6970.0,0.0,0.0,EXACT,
as_received,FILE1,Hungary,HUN,2011,population,S1 UN WPP2024,9946676.0,9946676.0,0.0,0.0,EXACT,
as_received,FILE1,Hungary,HUN,2011,irregular_detections,S3 Eurostat migr_eipre,9655.0,9655.0,0.0,0.0,EXACT,
as_received,FILE1,Hungary,HUN,2012,population,S1 UN WPP2024,9916623.0,9916623.0,0.0,0.0,EXACT,
as_received,FILE1,Hungary,HUN,2012,irregular_detections,S3 Eurostat migr_eipre,12175.0,12175.0,0.0,0.0,EXACT,
as_received,FILE1,Hungary,HUN,2013,population,S1 UN WPP2024,9889346.0,9889346.0,0.0,0.0,EXACT,
as_received,FILE1,Hungary,HUN,2013,irregular_detections,S3 Eurostat migr_eipre,28755.0,28755.0,0.0,0.0,EXACT,
as_received,FILE1,Hungary,HUN,2014,population,S1 UN WPP2024,9862842.0,9862842.0,0.0,0.0,EXACT,
as_received,FILE1,Hungary,HUN,2014,irregular_detections,S3 Eurostat migr_eipre,56170.0,56170.0,0.0,0.0,EXACT,
as_received,FILE1,Hungary,HUN,2015,population,S1 UN WPP2024,9839211.0,9839211.0,0.0,0.0,EXACT,
as_received,FILE1,Hungary,HUN,2015,foreign_born,S2 UN DESA IMS2024,475508.0,475508.0,0.0,0.0,EXACT,
as_received,FILE1,Hungary,HUN,2015,irregular_detections,S3 Eurostat migr_eipre,424055.0,424055.0,0.0,0.0,EXACT,
as_received,FILE1,Hungary,HUN,2016,population,S1 UN WPP2024,9810532.0,9810532.0,0.0,0.0,EXACT,
as_received,FILE1,Hungary,HUN,2016,irregular_detections,S3 Eurostat migr_eipre,41560.0,41560.0,0.0,0.0,EXACT,
as_received,FILE1,Hungary,HUN,2017,population,S1 UN WPP2024,9785604.0,9785604.0,0.0,0.0,EXACT,
as_received,FILE1,Hungary,HUN,2017,irregular_detections,S3 Eurostat migr_eipre,25730.0,25730.0,0.0,0.0,EXACT,
as_received,FILE1,Hungary,HUN,2018,population,S1 UN WPP2024,9774394.0,9774394.0,0.0,0.0,EXACT,
as_received,FILE1,Hungary,HUN,2018,irregular_detections,S3 Eurostat migr_eipre,18915.0,18915.0,0.0,0.0,EXACT,
as_received,FILE1,Hungary,HUN,2019,population,S1 UN WPP2024,9770346.0,9770346.0,0.0,0.0,EXACT,
as_received,FILE1,Hungary,HUN,2019,irregular_detections,S3 Eurostat migr_eipre,36440.0,36440.0,0.0,0.0,EXACT,
as_received,FILE1,Hungary,HUN,2020,population,S1 UN WPP2024,9749457.0,9749457.0,0.0,0.0,EXACT,
as_received,FILE1,Hungary,HUN,2020,foreign_born,S2 UN DESA IMS2024,584567.0,584567.0,0.0,0.0,EXACT,
as_received,FILE1,Hungary,HUN,2020,irregular_detections,S3 Eurostat migr_eipre,89370.0,89370.0,0.0,0.0,EXACT,
as_received,FILE1,Hungary,HUN,2021,population,S1 UN WPP2024,9707850.0,9707850.0,0.0,0.0,EXACT,
as_received,FILE1,Hungary,HUN,2021,irregular_detections,S3 Eurostat migr_eipre,134140.0,134140.0,0.0,0.0,EXACT,
as_received,FILE1,Hungary,HUN,2022,population,S1 UN WPP2024,9684306.0,9684306.0,0.0,0.0,EXACT,
as_received,FILE1,Hungary,HUN,2022,irregular_detections,S3 Eurostat migr_eipre,222515.0,222515.0,0.0,0.0,EXACT,
as_received,FILE1,Iceland,ISL,2010,population,S1 UN WPP2024,318158.0,318158.0,0.0,0.0,EXACT,
as_received,FILE1,Iceland,ISL,2010,foreign_born,S2 UN DESA IMS2024,35091.0,35091.0,0.0,0.0,EXACT,
as_received,FILE1,Iceland,ISL,2011,population,S1 UN WPP2024,319137.0,319137.0,0.0,0.0,EXACT,
as_received,FILE1,Iceland,ISL,2012,population,S1 UN WPP2024,320841.0,320841.0,0.0,0.0,EXACT,
as_received,FILE1,Iceland,ISL,2013,population,S1 UN WPP2024,323885.0,323885.0,0.0,0.0,EXACT,
as_received,FILE1,Iceland,ISL,2014,population,S1 UN WPP2024,327512.0,327512.0,0.0,0.0,EXACT,
as_received,FILE1,Iceland,ISL,2015,population,S1 UN WPP2024,330952.0,330952.0,0.0,0.0,EXACT,
as_received,FILE1,Iceland,ISL,2015,foreign_born,S2 UN DESA IMS2024,39072.0,39072.0,0.0,0.0,EXACT,
as_received,FILE1,Iceland,ISL,2016,population,S1 UN WPP2024,335574.0,335574.0,0.0,0.0,EXACT,
as_received,FILE1,Iceland,ISL,2016,irregular_detections,S3 Eurostat migr_eipre,30.0,30.0,0.0,0.0,EXACT,
as_received,FILE1,Iceland,ISL,2017,population,S1 UN WPP2024,343531.0,343531.0,0.0,0.0,EXACT,
as_received,FILE1,Iceland,ISL,2017,irregular_detections,S3 Eurostat migr_eipre,15.0,15.0,0.0,0.0,EXACT,
as_received,FILE1,Iceland,ISL,2018,population,S1 UN WPP2024,352854.0,352854.0,0.0,0.0,EXACT,
as_received,FILE1,Iceland,ISL,2019,population,S1 UN WPP2024,360700.0,360700.0,0.0,0.0,EXACT,
as_received,FILE1,Iceland,ISL,2019,irregular_detections,S3 Eurostat migr_eipre,110.0,110.0,0.0,0.0,EXACT,
as_received,FILE1,Iceland,ISL,2020,population,S1 UN WPP2024,366614.0,366614.0,0.0,0.0,EXACT,
as_received,FILE1,Iceland,ISL,2020,foreign_born,S2 UN DESA IMS2024,65424.0,65424.0,0.0,0.0,EXACT,
as_received,FILE1,Iceland,ISL,2021,population,S1 UN WPP2024,372644.0,372644.0,0.0,0.0,EXACT,
as_received,FILE1,Iceland,ISL,2021,irregular_detections,S3 Eurostat migr_eipre,130.0,130.0,0.0,0.0,EXACT,
as_received,FILE1,Iceland,ISL,2022,population,S1 UN WPP2024,380356.0,380356.0,0.0,0.0,EXACT,
as_received,FILE1,India,IND,2010,population,S1 UN WPP2024,1243481564.0,1243481564.0,0.0,0.0,EXACT,
as_received,FILE1,India,IND,2010,foreign_born,S2 UN DESA IMS2024,5601237.0,5601237.0,0.0,0.0,EXACT,
as_received,FILE1,India,IND,2011,population,S1 UN WPP2024,1261224954.0,1261224954.0,0.0,0.0,EXACT,
as_received,FILE1,India,IND,2012,population,S1 UN WPP2024,1278674502.0,1278674502.0,0.0,0.0,EXACT,
as_received,FILE1,India,IND,2013,population,S1 UN WPP2024,1295829511.0,1295829511.0,0.0,0.0,EXACT,
as_received,FILE1,India,IND,2014,population,S1 UN WPP2024,1312277191.0,1312277191.0,0.0,0.0,EXACT,
as_received,FILE1,India,IND,2015,population,S1 UN WPP2024,1328024498.0,1328024498.0,0.0,0.0,EXACT,
as_received,FILE1,India,IND,2015,foreign_born,S2 UN DESA IMS2024,5252296.0,5252296.0,0.0,0.0,EXACT,
as_received,FILE1,India,IND,2016,population,S1 UN WPP2024,1343944296.0,1343944296.0,0.0,0.0,EXACT,
as_received,FILE1,India,IND,2017,population,S1 UN WPP2024,1359657400.0,1359657400.0,0.0,0.0,EXACT,
as_received,FILE1,India,IND,2018,population,S1 UN WPP2024,1374659064.0,1374659064.0,0.0,0.0,EXACT,
as_received,FILE1,India,IND,2019,population,S1 UN WPP2024,1389030312.0,1389030312.0,0.0,0.0,EXACT,
as_received,FILE1,India,IND,2020,population,S1 UN WPP2024,1402617695.0,1402617695.0,0.0,0.0,EXACT,
as_received,FILE1,India,IND,2020,foreign_born,S2 UN DESA IMS2024,4929816.0,4929816.0,0.0,0.0,EXACT,
as_received,FILE1,India,IND,2021,population,S1 UN WPP2024,1414203896.0,1414203896.0,0.0,0.0,EXACT,
as_received,FILE1,India,IND,2022,population,S1 UN WPP2024,1425423212.0,1425423212.0,0.0,0.0,EXACT,
as_received,FILE1,Mexico,MEX,2010,population,S1 UN WPP2024,113623895.0,113623895.0,0.0,0.0,EXACT,
as_received,FILE1,Mexico,MEX,2010,foreign_born,S2 UN DESA IMS2024,957593.0,957593.0,0.0,0.0,EXACT,
as_received,FILE1,Mexico,MEX,2011,population,S1 UN WPP2024,115243504.0,115243504.0,0.0,0.0,EXACT,
as_received,FILE1,Mexico,MEX,2012,population,S1 UN WPP2024,116818208.0,116818208.0,0.0,0.0,EXACT,
as_received,FILE1,Mexico,MEX,2013,population,S1 UN WPP2024,118343573.0,118343573.0,0.0,0.0,EXACT,
as_received,FILE1,Mexico,MEX,2014,population,S1 UN WPP2024,119784261.0,119784261.0,0.0,0.0,EXACT,
as_received,FILE1,Mexico,MEX,2015,population,S1 UN WPP2024,121072306.0,121072306.0,0.0,0.0,EXACT,
as_received,FILE1,Mexico,MEX,2015,foreign_born,S2 UN DESA IMS2024,1088731.0,1088731.0,0.0,0.0,EXACT,
as_received,FILE1,Mexico,MEX,2016,population,S1 UN WPP2024,122251351.0,122251351.0,0.0,0.0,EXACT,
as_received,FILE1,Mexico,MEX,2017,population,S1 UN WPP2024,123400057.0,123400057.0,0.0,0.0,EXACT,
as_received,FILE1,Mexico,MEX,2018,population,S1 UN WPP2024,124573711.0,124573711.0,0.0,0.0,EXACT,
as_received,FILE1,Mexico,MEX,2019,population,S1 UN WPP2024,125762982.0,125762982.0,0.0,0.0,EXACT,
as_received,FILE1,Mexico,MEX,2020,population,S1 UN WPP2024,126799054.0,126799054.0,0.0,0.0,EXACT,
as_received,FILE1,Mexico,MEX,2020,foreign_born,S2 UN DESA IMS2024,1335154.0,1335154.0,0.0,0.0,EXACT,
as_received,FILE1,Mexico,MEX,2021,population,S1 UN WPP2024,127648148.0,127648148.0,0.0,0.0,EXACT,
as_received,FILE1,Mexico,MEX,2022,population,S1 UN WPP2024,128613117.0,128613117.0,0.0,0.0,EXACT,
as_received,FILE1,New Zealand,NZL,2010,population,S1 UN WPP2024,4347770.0,4347770.0,0.0,0.0,EXACT,
as_received,FILE1,New Zealand,NZL,2010,foreign_born,S2 UN DESA IMS2024,956982.0,956982.0,0.0,0.0,EXACT,
as_received,FILE1,New Zealand,NZL,2011,population,S1 UN WPP2024,4382700.0,4382700.0,0.0,0.0,EXACT,
as_received,FILE1,New Zealand,NZL,2012,population,S1 UN WPP2024,4411676.0,4411676.0,0.0,0.0,EXACT,
as_received,FILE1,New Zealand,NZL,2013,population,S1 UN WPP2024,4453851.0,4453851.0,0.0,0.0,EXACT,
as_received,FILE1,New Zealand,NZL,2014,population,S1 UN WPP2024,4522983.0,4522983.0,0.0,0.0,EXACT,
as_received,FILE1,New Zealand,NZL,2015,population,S1 UN WPP2024,4614029.0,4614029.0,0.0,0.0,EXACT,
as_received,FILE1,New Zealand,NZL,2015,foreign_born,S2 UN DESA IMS2024,1132201.0,1132201.0,0.0,0.0,EXACT,
as_received,FILE1,New Zealand,NZL,2016,population,S1 UN WPP2024,4714770.0,4714770.0,0.0,0.0,EXACT,
as_received,FILE1,New Zealand,NZL,2017,population,S1 UN WPP2024,4812752.0,4812752.0,0.0,0.0,EXACT,
as_received,FILE1,New Zealand,NZL,2018,population,S1 UN WPP2024,4900847.0,4900847.0,0.0,0.0,EXACT,
as_received,FILE1,New Zealand,NZL,2019,population,S1 UN WPP2024,4989403.0,4989403.0,0.0,0.0,EXACT,
as_received,FILE1,New Zealand,NZL,2020,population,S1 UN WPP2024,5069895.0,5069895.0,0.0,0.0,EXACT,
as_received,FILE1,New Zealand,NZL,2020,foreign_born,S2 UN DESA IMS2024,1343900.0,1343900.0,0.0,0.0,EXACT,
as_received,FILE1,New Zealand,NZL,2021,population,S1 UN WPP2024,5107697.0,5107697.0,0.0,0.0,EXACT,
as_received,FILE1,New Zealand,NZL,2022,population,S1 UN WPP2024,5131734.0,5131734.0,0.0,0.0,EXACT,
as_received,FILE1,Suriname,SUR,2010,population,S1 UN WPP2024,549923.0,549923.0,0.0,0.0,EXACT,
as_received,FILE1,Suriname,SUR,2010,foreign_born,S2 UN DESA IMS2024,39713.0,39713.0,0.0,0.0,EXACT,
as_received,FILE1,Suriname,SUR,2011,population,S1 UN WPP2024,556269.0,556269.0,0.0,0.0,EXACT,
as_received,FILE1,Suriname,SUR,2012,population,S1 UN WPP2024,562633.0,562633.0,0.0,0.0,EXACT,
as_received,FILE1,Suriname,SUR,2013,population,S1 UN WPP2024,569020.0,569020.0,0.0,0.0,EXACT,
as_received,FILE1,Suriname,SUR,2014,population,S1 UN WPP2024,575373.0,575373.0,0.0,0.0,EXACT,
as_received,FILE1,Suriname,SUR,2015,population,S1 UN WPP2024,581627.0,581627.0,0.0,0.0,EXACT,
as_received,FILE1,Suriname,SUR,2015,foreign_born,S2 UN DESA IMS2024,43127.0,43127.0,0.0,0.0,EXACT,
as_received,FILE1,Suriname,SUR,2016,population,S1 UN WPP2024,587757.0,587757.0,0.0,0.0,EXACT,
as_received,FILE1,Suriname,SUR,2017,population,S1 UN WPP2024,593713.0,593713.0,0.0,0.0,EXACT,
as_received,FILE1,Suriname,SUR,2018,population,S1 UN WPP2024,599513.0,599513.0,0.0,0.0,EXACT,
as_received,FILE1,Suriname,SUR,2019,population,S1 UN WPP2024,605768.0,605768.0,0.0,0.0,EXACT,
as_received,FILE1,Suriname,SUR,2020,population,S1 UN WPP2024,612317.0,612317.0,0.0,0.0,EXACT,
as_received,FILE1,Suriname,SUR,2020,foreign_born,S2 UN DESA IMS2024,47801.0,47801.0,0.0,0.0,EXACT,
as_received,FILE1,Suriname,SUR,2021,population,S1 UN WPP2024,617896.0,617896.0,0.0,0.0,EXACT,
as_received,FILE1,Suriname,SUR,2022,population,S1 UN WPP2024,623164.0,623164.0,0.0,0.0,EXACT,
as_received,FILE1,Thailand,THA,2010,population,S1 UN WPP2024,68579447.0,68579447.0,0.0,0.0,EXACT,
as_received,FILE1,Thailand,THA,2010,foreign_born,S2 UN DESA IMS2024,2640454.0,2640454.0,0.0,0.0,EXACT,
as_received,FILE1,Thailand,THA,2011,population,S1 UN WPP2024,69007208.0,69007208.0,0.0,0.0,EXACT,
as_received,FILE1,Thailand,THA,2012,population,S1 UN WPP2024,69436098.0,69436098.0,0.0,0.0,EXACT,
as_received,FILE1,Thailand,THA,2013,population,S1 UN WPP2024,69845114.0,69845114.0,0.0,0.0,EXACT,
as_received,FILE1,Thailand,THA,2014,population,S1 UN WPP2024,70216367.0,70216367.0,0.0,0.0,EXACT,
as_received,FILE1,Thailand,THA,2015,population,S1 UN WPP2024,70540795.0,70540795.0,0.0,0.0,EXACT,
as_received,FILE1,Thailand,THA,2015,foreign_born,S2 UN DESA IMS2024,2853248.0,2853248.0,0.0,0.0,EXACT,
as_received,FILE1,Thailand,THA,2016,population,S1 UN WPP2024,70859841.0,70859841.0,0.0,0.0,EXACT,
as_received,FILE1,Thailand,THA,2017,population,S1 UN WPP2024,71160187.0,71160187.0,0.0,0.0,EXACT,
as_received,FILE1,Thailand,THA,2018,population,S1 UN WPP2024,71376079.0,71376079.0,0.0,0.0,EXACT,
as_received,FILE1,Thailand,THA,2019,population,S1 UN WPP2024,71522271.0,71522271.0,0.0,0.0,EXACT,
as_received,FILE1,Thailand,THA,2020,population,S1 UN WPP2024,71641484.0,71641484.0,0.0,0.0,EXACT,
as_received,FILE1,Thailand,THA,2020,foreign_born,S2 UN DESA IMS2024,3015007.0,3015007.0,0.0,0.0,EXACT,
as_received,FILE1,Thailand,THA,2021,population,S1 UN WPP2024,71727332.0,71727332.0,0.0,0.0,EXACT,
as_received,FILE1,Thailand,THA,2022,population,S1 UN WPP2024,71735329.0,71735329.0,0.0,0.0,EXACT,
as_received,FILE2,Australia,AUS,2010,population,World Bank SP.POP.TOTL,22031750.0,22031750.0,0.0,0.0,EXACT,
as_received,FILE2,Australia,AUS,2011,population,World Bank SP.POP.TOTL,22340024.0,22340024.0,0.0,0.0,EXACT,
as_received,FILE2,Australia,AUS,2012,population,World Bank SP.POP.TOTL,22733465.0,22733465.0,0.0,0.0,EXACT,
as_received,FILE2,Australia,AUS,2013,population,World Bank SP.POP.TOTL,23128129.0,23128129.0,0.0,0.0,EXACT,
as_received,FILE2,Australia,AUS,2014,population,World Bank SP.POP.TOTL,23475686.0,23475686.0,0.0,0.0,EXACT,
as_received,FILE2,Australia,AUS,2015,population,World Bank SP.POP.TOTL,23815995.0,23815995.0,0.0,0.0,EXACT,
as_received,FILE2,Australia,AUS,2016,population,World Bank SP.POP.TOTL,24190907.0,24190907.0,0.0,0.0,EXACT,
as_received,FILE2,Australia,AUS,2017,population,World Bank SP.POP.TOTL,24592588.0,24592588.0,0.0,0.0,EXACT,
as_received,FILE2,Australia,AUS,2018,population,World Bank SP.POP.TOTL,24963258.0,24963258.0,0.0,0.0,EXACT,
as_received,FILE2,Australia,AUS,2019,population,World Bank SP.POP.TOTL,25334826.0,25334826.0,0.0,0.0,EXACT,
as_received,FILE2,Australia,AUS,2020,population,World Bank SP.POP.TOTL,25649248.0,25649248.0,0.0,0.0,EXACT,
as_received,FILE2,Australia,AUS,2021,population,World Bank SP.POP.TOTL,25685412.0,25685412.0,0.0,0.0,EXACT,
as_received,FILE2,Australia,AUS,2022,population,World Bank SP.POP.TOTL,26018721.0,26018721.0,0.0,0.0,EXACT,
as_received,FILE2,Austria,AUT,2010,foreign_born,Eurostat migr_pop3ctb,1274901.0,1274901.0,0.0,0.0,EXACT,
as_received,FILE2,Austria,AUT,2011,foreign_born,Eurostat migr_pop3ctb,1294224.0,1294224.0,0.0,0.0,EXACT,
as_received,FILE2,Austria,AUT,2012,foreign_born,Eurostat migr_pop3ctb,1322656.0,1322656.0,0.0,0.0,EXACT,
as_received,FILE2,Austria,AUT,2013,foreign_born,Eurostat migr_pop3ctb,1364003.0,1364003.0,0.0,0.0,EXACT,
as_received,FILE2,Austria,AUT,2014,foreign_born,Eurostat migr_pop3ctb,1414215.0,1414215.0,0.0,0.0,EXACT,
as_received,FILE2,Austria,AUT,2015,foreign_born,Eurostat migr_pop3ctb,1483123.0,1483123.0,0.0,0.0,EXACT,
as_received,FILE2,Austria,AUT,2016,foreign_born,Eurostat migr_pop3ctb,1588209.0,1588209.0,0.0,0.0,EXACT,
as_received,FILE2,Austria,AUT,2017,foreign_born,Eurostat migr_pop3ctb,1649008.0,1649008.0,0.0,0.0,EXACT,
as_received,FILE2,Austria,AUT,2018,foreign_born,Eurostat migr_pop3ctb,1690619.0,1690619.0,0.0,0.0,EXACT,
as_received,FILE2,Austria,AUT,2019,foreign_born,Eurostat migr_pop3ctb,1722833.0,1722833.0,0.0,0.0,EXACT,
as_received,FILE2,Austria,AUT,2020,foreign_born,Eurostat migr_pop3ctb,1760595.0,1760595.0,0.0,0.0,EXACT,
as_received,FILE2,Austria,AUT,2021,foreign_born,Eurostat migr_pop3ctb,1792053.0,1792053.0,0.0,0.0,EXACT,
as_received,FILE2,Austria,AUT,2022,foreign_born,Eurostat migr_pop3ctb,1834342.0,1834342.0,0.0,0.0,EXACT,
as_received,FILE2,Austria,AUT,2010,foreign_nationals,Eurostat migr_pop1ctz,879102.0,879102.0,0.0,0.0,EXACT,
as_received,FILE2,Austria,AUT,2011,foreign_nationals,Eurostat migr_pop1ctz,908591.0,908591.0,0.0,0.0,EXACT,
as_received,FILE2,Austria,AUT,2012,foreign_nationals,Eurostat migr_pop1ctz,946610.0,946610.0,0.0,0.0,EXACT,
as_received,FILE2,Austria,AUT,2013,foreign_nationals,Eurostat migr_pop1ctz,999095.0,999095.0,0.0,0.0,EXACT,
as_received,FILE2,Austria,AUT,2014,foreign_nationals,Eurostat migr_pop1ctz,1060446.0,1060446.0,0.0,0.0,EXACT,
as_received,FILE2,Austria,AUT,2015,foreign_nationals,Eurostat migr_pop1ctz,1139736.0,1139736.0,0.0,0.0,EXACT,
as_received,FILE2,Austria,AUT,2016,foreign_nationals,Eurostat migr_pop1ctz,1260188.0,1260188.0,0.0,0.0,EXACT,
as_received,FILE2,Austria,AUT,2017,foreign_nationals,Eurostat migr_pop1ctz,1333239.0,1333239.0,0.0,0.0,EXACT,
as_received,FILE2,Austria,AUT,2018,foreign_nationals,Eurostat migr_pop1ctz,1385823.0,1385823.0,0.0,0.0,EXACT,
as_received,FILE2,Austria,AUT,2019,foreign_nationals,Eurostat migr_pop1ctz,1427105.0,1427105.0,0.0,0.0,EXACT,
as_received,FILE2,Austria,AUT,2020,foreign_nationals,Eurostat migr_pop1ctz,1473453.0,1473453.0,0.0,0.0,EXACT,
as_received,FILE2,Austria,AUT,2021,foreign_nationals,Eurostat migr_pop1ctz,1517372.0,1517372.0,0.0,0.0,EXACT,
as_received,FILE2,Austria,AUT,2022,foreign_nationals,Eurostat migr_pop1ctz,1572316.0,1572316.0,0.0,0.0,EXACT,
as_received,FILE2,Austria,AUT,2010,irregular_detections,Eurostat migr_eipre,15220.0,15220.0,0.0,0.0,EXACT,
as_received,FILE2,Austria,AUT,2011,irregular_detections,Eurostat migr_eipre,20080.0,20080.0,0.0,0.0,EXACT,
as_received,FILE2,Austria,AUT,2012,irregular_detections,Eurostat migr_eipre,23135.0,23135.0,0.0,0.0,EXACT,
as_received,FILE2,Austria,AUT,2013,irregular_detections,Eurostat migr_eipre,25960.0,25960.0,0.0,0.0,EXACT,
as_received,FILE2,Austria,AUT,2014,irregular_detections,Eurostat migr_eipre,33055.0,33055.0,0.0,0.0,EXACT,
as_received,FILE2,Austria,AUT,2015,irregular_detections,Eurostat migr_eipre,86220.0,86220.0,0.0,0.0,EXACT,
as_received,FILE2,Austria,AUT,2016,irregular_detections,Eurostat migr_eipre,49810.0,49810.0,0.0,0.0,EXACT,
as_received,FILE2,Austria,AUT,2017,irregular_detections,Eurostat migr_eipre,26660.0,26660.0,0.0,0.0,EXACT,
as_received,FILE2,Austria,AUT,2018,irregular_detections,Eurostat migr_eipre,18840.0,18840.0,0.0,0.0,EXACT,
as_received,FILE2,Austria,AUT,2019,irregular_detections,Eurostat migr_eipre,16090.0,16090.0,0.0,0.0,EXACT,
as_received,FILE2,Austria,AUT,2020,irregular_detections,Eurostat migr_eipre,18715.0,18715.0,0.0,0.0,EXACT,
as_received,FILE2,Austria,AUT,2021,irregular_detections,Eurostat migr_eipre,38410.0,38410.0,0.0,0.0,EXACT,
as_received,FILE2,Austria,AUT,2022,irregular_detections,Eurostat migr_eipre,105545.0,105545.0,0.0,0.0,EXACT,
as_received,FILE2,Austria,AUT,2010,population,World Bank SP.POP.TOTL,8363404.0,8363404.0,0.0,0.0,EXACT,
as_received,FILE2,Austria,AUT,2011,population,World Bank SP.POP.TOTL,8391643.0,8391643.0,0.0,0.0,EXACT,
as_received,FILE2,Austria,AUT,2012,population,World Bank SP.POP.TOTL,8429991.0,8429991.0,0.0,0.0,EXACT,
as_received,FILE2,Austria,AUT,2013,population,World Bank SP.POP.TOTL,8479823.0,8479823.0,0.0,0.0,EXACT,
as_received,FILE2,Austria,AUT,2014,population,World Bank SP.POP.TOTL,8546356.0,8546356.0,0.0,0.0,EXACT,
as_received,FILE2,Austria,AUT,2015,population,World Bank SP.POP.TOTL,8642699.0,8642699.0,0.0,0.0,EXACT,
as_received,FILE2,Austria,AUT,2016,population,World Bank SP.POP.TOTL,8736668.0,8736668.0,0.0,0.0,EXACT,
as_received,FILE2,Austria,AUT,2017,population,World Bank SP.POP.TOTL,8797566.0,8797566.0,0.0,0.0,EXACT,
as_received,FILE2,Austria,AUT,2018,population,World Bank SP.POP.TOTL,8840521.0,8840521.0,0.0,0.0,EXACT,
as_received,FILE2,Austria,AUT,2019,population,World Bank SP.POP.TOTL,8879920.0,8879920.0,0.0,0.0,EXACT,
as_received,FILE2,Austria,AUT,2020,population,World Bank SP.POP.TOTL,8916864.0,8916864.0,0.0,0.0,EXACT,
as_received,FILE2,Austria,AUT,2021,population,World Bank SP.POP.TOTL,8955797.0,8955797.0,0.0,0.0,EXACT,
as_received,FILE2,Austria,AUT,2022,population,World Bank SP.POP.TOTL,9041851.0,9041851.0,0.0,0.0,EXACT,
as_received,FILE2,Belgium,BEL,2010,foreign_born,Eurostat migr_pop3ctb,1503806.0,1503806.0,0.0,0.0,EXACT,
as_received,FILE2,Belgium,BEL,2011,foreign_born,Eurostat migr_pop3ctb,1628793.0,1628793.0,0.0,0.0,EXACT,
as_received,FILE2,Belgium,BEL,2012,foreign_born,Eurostat migr_pop3ctb,1677737.0,1677737.0,0.0,0.0,EXACT,
as_received,FILE2,Belgium,BEL,2013,foreign_born,Eurostat migr_pop3ctb,1722265.0,1722265.0,0.0,0.0,EXACT,
as_received,FILE2,Belgium,BEL,2014,foreign_born,Eurostat migr_pop3ctb,1748748.0,1748748.0,0.0,0.0,EXACT,
as_received,FILE2,Belgium,BEL,2015,foreign_born,Eurostat migr_pop3ctb,1783488.0,1783488.0,0.0,0.0,EXACT,
as_received,FILE2,Belgium,BEL,2016,foreign_born,Eurostat migr_pop3ctb,1845631.0,1845631.0,0.0,0.0,EXACT,
as_received,FILE2,Belgium,BEL,2017,foreign_born,Eurostat migr_pop3ctb,1876726.0,1876726.0,0.0,0.0,EXACT,
as_received,FILE2,Belgium,BEL,2018,foreign_born,Eurostat migr_pop3ctb,1916272.0,1916272.0,0.0,0.0,EXACT,
as_received,FILE2,Belgium,BEL,2019,foreign_born,Eurostat migr_pop3ctb,1968060.0,1968060.0,0.0,0.0,EXACT,
as_received,FILE2,Belgium,BEL,2020,foreign_born,Eurostat migr_pop3ctb,2027763.0,2027763.0,0.0,0.0,EXACT,
as_received,FILE2,Belgium,BEL,2021,foreign_born,Eurostat migr_pop3ctb,2065727.0,2065727.0,0.0,0.0,EXACT,
as_received,FILE2,Belgium,BEL,2022,foreign_born,Eurostat migr_pop3ctb,2119691.0,2119691.0,0.0,0.0,EXACT,
as_received,FILE2,Belgium,BEL,2010,foreign_nationals,Eurostat migr_pop1ctz,1052844.0,1052844.0,0.0,0.0,EXACT,
as_received,FILE2,Belgium,BEL,2011,foreign_nationals,Eurostat migr_pop1ctz,1162608.0,1162608.0,0.0,0.0,EXACT,
as_received,FILE2,Belgium,BEL,2012,foreign_nationals,Eurostat migr_pop1ctz,1197598.0,1197598.0,0.0,0.0,EXACT,
as_received,FILE2,Belgium,BEL,2013,foreign_nationals,Eurostat migr_pop1ctz,1222741.0,1222741.0,0.0,0.0,EXACT,
as_received,FILE2,Belgium,BEL,2014,foreign_nationals,Eurostat migr_pop1ctz,1237696.0,1237696.0,0.0,0.0,EXACT,
as_received,FILE2,Belgium,BEL,2015,foreign_nationals,Eurostat migr_pop1ctz,1272751.0,1272751.0,0.0,0.0,EXACT,
as_received,FILE2,Belgium,BEL,2016,foreign_nationals,Eurostat migr_pop1ctz,1327421.0,1327421.0,0.0,0.0,EXACT,
as_received,FILE2,Belgium,BEL,2017,foreign_nationals,Eurostat migr_pop1ctz,1346358.0,1346358.0,0.0,0.0,EXACT,
as_received,FILE2,Belgium,BEL,2018,foreign_nationals,Eurostat migr_pop1ctz,1366070.0,1366070.0,0.0,0.0,EXACT,
as_received,FILE2,Belgium,BEL,2019,foreign_nationals,Eurostat migr_pop1ctz,1400238.0,1400238.0,0.0,0.0,EXACT,
as_received,FILE2,Belgium,BEL,2020,foreign_nationals,Eurostat migr_pop1ctz,1437580.0,1437580.0,0.0,0.0,EXACT,
as_received,FILE2,Belgium,BEL,2021,foreign_nationals,Eurostat migr_pop1ctz,1454039.0,1454039.0,0.0,0.0,EXACT,
as_received,FILE2,Belgium,BEL,2022,foreign_nationals,Eurostat migr_pop1ctz,1488896.0,1488896.0,0.0,0.0,EXACT,
as_received,FILE2,Belgium,BEL,2010,irregular_detections,Eurostat migr_eipre,12115.0,12115.0,0.0,0.0,EXACT,
as_received,FILE2,Belgium,BEL,2011,irregular_detections,Eurostat migr_eipre,13550.0,13550.0,0.0,0.0,EXACT,
as_received,FILE2,Belgium,BEL,2012,irregular_detections,Eurostat migr_eipre,15085.0,15085.0,0.0,0.0,EXACT,
as_received,FILE2,Belgium,BEL,2013,irregular_detections,Eurostat migr_eipre,15075.0,15075.0,0.0,0.0,EXACT,
as_received,FILE2,Belgium,BEL,2014,irregular_detections,Eurostat migr_eipre,15540.0,15540.0,0.0,0.0,EXACT,
as_received,FILE2,Belgium,BEL,2015,irregular_detections,Eurostat migr_eipre,16275.0,16275.0,0.0,0.0,EXACT,
as_received,FILE2,Belgium,BEL,2016,irregular_detections,Eurostat migr_eipre,19320.0,19320.0,0.0,0.0,EXACT,
as_received,FILE2,Belgium,BEL,2017,irregular_detections,Eurostat migr_eipre,18285.0,18285.0,0.0,0.0,EXACT,
as_received,FILE2,Belgium,BEL,2018,irregular_detections,Eurostat migr_eipre,19145.0,19145.0,0.0,0.0,EXACT,
as_received,FILE2,Belgium,BEL,2019,irregular_detections,Eurostat migr_eipre,17585.0,17585.0,0.0,0.0,EXACT,
as_received,FILE2,Belgium,BEL,2020,irregular_detections,Eurostat migr_eipre,11495.0,11495.0,0.0,0.0,EXACT,
as_received,FILE2,Belgium,BEL,2021,irregular_detections,Eurostat migr_eipre,10885.0,10885.0,0.0,0.0,EXACT,
as_received,FILE2,Belgium,BEL,2022,irregular_detections,Eurostat migr_eipre,10965.0,10965.0,0.0,0.0,EXACT,
as_received,FILE2,Belgium,BEL,2010,population,World Bank SP.POP.TOTL,10895586.0,10895586.0,0.0,0.0,EXACT,
as_received,FILE2,Belgium,BEL,2011,population,World Bank SP.POP.TOTL,11038264.0,11038264.0,0.0,0.0,EXACT,
as_received,FILE2,Belgium,BEL,2012,population,World Bank SP.POP.TOTL,11106932.0,11106932.0,0.0,0.0,EXACT,
as_received,FILE2,Belgium,BEL,2013,population,World Bank SP.POP.TOTL,11159407.0,11159407.0,0.0,0.0,EXACT,
as_received,FILE2,Belgium,BEL,2014,population,World Bank SP.POP.TOTL,11209057.0,11209057.0,0.0,0.0,EXACT,
as_received,FILE2,Belgium,BEL,2015,population,World Bank SP.POP.TOTL,11274196.0,11274196.0,0.0,0.0,EXACT,
as_received,FILE2,Belgium,BEL,2016,population,World Bank SP.POP.TOTL,11331422.0,11331422.0,0.0,0.0,EXACT,
as_received,FILE2,Belgium,BEL,2017,population,World Bank SP.POP.TOTL,11375158.0,11375158.0,0.0,0.0,EXACT,
as_received,FILE2,Belgium,BEL,2018,population,World Bank SP.POP.TOTL,11427054.0,11427054.0,0.0,0.0,EXACT,
as_received,FILE2,Belgium,BEL,2019,population,World Bank SP.POP.TOTL,11488980.0,11488980.0,0.0,0.0,EXACT,
as_received,FILE2,Belgium,BEL,2020,population,World Bank SP.POP.TOTL,11538604.0,11538604.0,0.0,0.0,EXACT,
as_received,FILE2,Belgium,BEL,2021,population,World Bank SP.POP.TOTL,11586195.0,11586195.0,0.0,0.0,EXACT,
as_received,FILE2,Belgium,BEL,2022,population,World Bank SP.POP.TOTL,11680210.0,11680210.0,0.0,0.0,EXACT,
as_received,FILE2,Bulgaria,BGR,2011,foreign_born,Eurostat migr_pop3ctb,78621.0,78621.0,0.0,0.0,EXACT,
as_received,FILE2,Bulgaria,BGR,2012,foreign_born,Eurostat migr_pop3ctb,85076.0,85076.0,0.0,0.0,EXACT,
as_received,FILE2,Bulgaria,BGR,2013,foreign_born,Eurostat migr_pop3ctb,95180.0,95180.0,0.0,0.0,EXACT,
as_received,FILE2,Bulgaria,BGR,2014,foreign_born,Eurostat migr_pop3ctb,107275.0,107275.0,0.0,0.0,EXACT,
as_received,FILE2,Bulgaria,BGR,2015,foreign_born,Eurostat migr_pop3ctb,120635.0,120635.0,0.0,0.0,EXACT,
as_received,FILE2,Bulgaria,BGR,2016,foreign_born,Eurostat migr_pop3ctb,131924.0,131924.0,0.0,0.0,EXACT,
as_received,FILE2,Bulgaria,BGR,2017,foreign_born,Eurostat migr_pop3ctb,139655.0,139655.0,0.0,0.0,EXACT,
as_received,FILE2,Bulgaria,BGR,2018,foreign_born,Eurostat migr_pop3ctb,149096.0,149096.0,0.0,0.0,EXACT,
as_received,FILE2,Bulgaria,BGR,2019,foreign_born,Eurostat migr_pop3ctb,162346.0,162346.0,0.0,0.0,EXACT,
as_received,FILE2,Bulgaria,BGR,2020,foreign_born,Eurostat migr_pop3ctb,176321.0,176321.0,0.0,0.0,EXACT,
as_received,FILE2,Bulgaria,BGR,2021,foreign_born,Eurostat migr_pop3ctb,188519.0,188519.0,0.0,0.0,EXACT,
as_received,FILE2,Bulgaria,BGR,2022,foreign_born,Eurostat migr_pop3ctb,142214.0,142214.0,0.0,0.0,EXACT,
as_received,FILE2,Bulgaria,BGR,2010,foreign_nationals,Eurostat migr_pop1ctz,38002.0,38002.0,0.0,0.0,EXACT,
as_received,FILE2,Bulgaria,BGR,2011,foreign_nationals,Eurostat migr_pop1ctz,38815.0,38815.0,0.0,0.0,EXACT,
as_received,FILE2,Bulgaria,BGR,2012,foreign_nationals,Eurostat migr_pop1ctz,39432.0,39432.0,0.0,0.0,EXACT,
as_received,FILE2,Bulgaria,BGR,2013,foreign_nationals,Eurostat migr_pop1ctz,44506.0,44506.0,0.0,0.0,EXACT,
as_received,FILE2,Bulgaria,BGR,2014,foreign_nationals,Eurostat migr_pop1ctz,53253.0,53253.0,0.0,0.0,EXACT,
as_received,FILE2,Bulgaria,BGR,2015,foreign_nationals,Eurostat migr_pop1ctz,63879.0,63879.0,0.0,0.0,EXACT,
as_received,FILE2,Bulgaria,BGR,2016,foreign_nationals,Eurostat migr_pop1ctz,71491.0,71491.0,0.0,0.0,EXACT,
as_received,FILE2,Bulgaria,BGR,2017,foreign_nationals,Eurostat migr_pop1ctz,76562.0,76562.0,0.0,0.0,EXACT,
as_received,FILE2,Bulgaria,BGR,2018,foreign_nationals,Eurostat migr_pop1ctz,82370.0,82370.0,0.0,0.0,EXACT,
as_received,FILE2,Bulgaria,BGR,2019,foreign_nationals,Eurostat migr_pop1ctz,91243.0,91243.0,0.0,0.0,EXACT,
as_received,FILE2,Bulgaria,BGR,2020,foreign_nationals,Eurostat migr_pop1ctz,100768.0,100768.0,0.0,0.0,EXACT,
as_received,FILE2,Bulgaria,BGR,2021,foreign_nationals,Eurostat migr_pop1ctz,108438.0,108438.0,0.0,0.0,EXACT,
as_received,FILE2,Bulgaria,BGR,2022,foreign_nationals,Eurostat migr_pop1ctz,63861.0,63861.0,0.0,0.0,EXACT,
as_received,FILE2,Bulgaria,BGR,2010,irregular_detections,Eurostat migr_eipre,1705.0,1705.0,0.0,0.0,EXACT,
as_received,FILE2,Bulgaria,BGR,2011,irregular_detections,Eurostat migr_eipre,1355.0,1355.0,0.0,0.0,EXACT,
as_received,FILE2,Bulgaria,BGR,2012,irregular_detections,Eurostat migr_eipre,2050.0,2050.0,0.0,0.0,EXACT,
as_received,FILE2,Bulgaria,BGR,2013,irregular_detections,Eurostat migr_eipre,5260.0,5260.0,0.0,0.0,EXACT,
as_received,FILE2,Bulgaria,BGR,2014,irregular_detections,Eurostat migr_eipre,12870.0,12870.0,0.0,0.0,EXACT,
as_received,FILE2,Bulgaria,BGR,2015,irregular_detections,Eurostat migr_eipre,20810.0,20810.0,0.0,0.0,EXACT,
as_received,FILE2,Bulgaria,BGR,2016,irregular_detections,Eurostat migr_eipre,14125.0,14125.0,0.0,0.0,EXACT,
as_received,FILE2,Bulgaria,BGR,2017,irregular_detections,Eurostat migr_eipre,2595.0,2595.0,0.0,0.0,EXACT,
as_received,FILE2,Bulgaria,BGR,2018,irregular_detections,Eurostat migr_eipre,1305.0,1305.0,0.0,0.0,EXACT,
as_received,FILE2,Bulgaria,BGR,2019,irregular_detections,Eurostat migr_eipre,655.0,655.0,0.0,0.0,EXACT,
as_received,FILE2,Bulgaria,BGR,2020,irregular_detections,Eurostat migr_eipre,670.0,670.0,0.0,0.0,EXACT,
as_received,FILE2,Bulgaria,BGR,2021,irregular_detections,Eurostat migr_eipre,3200.0,3200.0,0.0,0.0,EXACT,
as_received,FILE2,Bulgaria,BGR,2022,irregular_detections,Eurostat migr_eipre,10135.0,10135.0,0.0,0.0,EXACT,
as_received,FILE2,Bulgaria,BGR,2010,population,World Bank SP.POP.TOTL,7395599.0,7395599.0,0.0,0.0,EXACT,
as_received,FILE2,Bulgaria,BGR,2011,population,World Bank SP.POP.TOTL,7348328.0,7348328.0,0.0,0.0,EXACT,
as_received,FILE2,Bulgaria,BGR,2012,population,World Bank SP.POP.TOTL,7305888.0,7305888.0,0.0,0.0,EXACT,
as_received,FILE2,Bulgaria,BGR,2013,population,World Bank SP.POP.TOTL,7160005.0,7160005.0,0.0,0.0,EXACT,
as_received,FILE2,Bulgaria,BGR,2014,population,World Bank SP.POP.TOTL,7073572.0,7073572.0,0.0,0.0,EXACT,
as_received,FILE2,Bulgaria,BGR,2015,population,World Bank SP.POP.TOTL,6984225.0,6984225.0,0.0,0.0,EXACT,
as_received,FILE2,Bulgaria,BGR,2016,population,World Bank SP.POP.TOTL,6894139.0,6894139.0,0.0,0.0,EXACT,
as_received,FILE2,Bulgaria,BGR,2017,population,World Bank SP.POP.TOTL,6803468.0,6803468.0,0.0,0.0,EXACT,
as_received,FILE2,Bulgaria,BGR,2018,population,World Bank SP.POP.TOTL,6710798.0,6710798.0,0.0,0.0,EXACT,
as_received,FILE2,Bulgaria,BGR,2019,population,World Bank SP.POP.TOTL,6616726.0,6616726.0,0.0,0.0,EXACT,
as_received,FILE2,Bulgaria,BGR,2020,population,World Bank SP.POP.TOTL,6550696.0,6550696.0,0.0,0.0,EXACT,
as_received,FILE2,Bulgaria,BGR,2021,population,World Bank SP.POP.TOTL,6507301.0,6507301.0,0.0,0.0,EXACT,
as_received,FILE2,Bulgaria,BGR,2022,population,World Bank SP.POP.TOTL,6465097.0,6465097.0,0.0,0.0,EXACT,
as_received,FILE2,Switzerland,CHE,2011,foreign_born,Eurostat migr_pop3ctb,1940349.0,1940349.0,0.0,0.0,EXACT,
as_received,FILE2,Switzerland,CHE,2012,foreign_born,Eurostat migr_pop3ctb,2033702.0,2033702.0,0.0,0.0,EXACT,
as_received,FILE2,Switzerland,CHE,2013,foreign_born,Eurostat migr_pop3ctb,2102964.0,2102964.0,0.0,0.0,EXACT,
as_received,FILE2,Switzerland,CHE,2014,foreign_born,Eurostat migr_pop3ctb,2183206.0,2183206.0,0.0,0.0,EXACT,
as_received,FILE2,Switzerland,CHE,2015,foreign_born,Eurostat migr_pop3ctb,2258196.0,2258196.0,0.0,0.0,EXACT,
as_received,FILE2,Switzerland,CHE,2016,foreign_born,Eurostat migr_pop3ctb,2324461.0,2324461.0,0.0,0.0,EXACT,
as_received,FILE2,Switzerland,CHE,2017,foreign_born,Eurostat migr_pop3ctb,2391480.0,2391480.0,0.0,0.0,EXACT,
as_received,FILE2,Switzerland,CHE,2018,foreign_born,Eurostat migr_pop3ctb,2432519.0,2432519.0,0.0,0.0,EXACT,
as_received,FILE2,Switzerland,CHE,2019,foreign_born,Eurostat migr_pop3ctb,2469381.0,2469381.0,0.0,0.0,EXACT,
as_received,FILE2,Switzerland,CHE,2020,foreign_born,Eurostat migr_pop3ctb,2509692.0,2509692.0,0.0,0.0,EXACT,
as_received,FILE2,Switzerland,CHE,2021,foreign_born,Eurostat migr_pop3ctb,2553225.0,2553225.0,0.0,0.0,EXACT,
as_received,FILE2,Switzerland,CHE,2022,foreign_born,Eurostat migr_pop3ctb,2598146.0,2598146.0,0.0,0.0,EXACT,
as_received,FILE2,Switzerland,CHE,2010,foreign_nationals,Eurostat migr_pop1ctz,1714004.0,1714004.0,0.0,0.0,EXACT,
as_received,FILE2,Switzerland,CHE,2011,foreign_nationals,Eurostat migr_pop1ctz,1765750.0,1765750.0,0.0,0.0,EXACT,
as_received,FILE2,Switzerland,CHE,2012,foreign_nationals,Eurostat migr_pop1ctz,1815063.0,1815063.0,0.0,0.0,EXACT,
as_received,FILE2,Switzerland,CHE,2013,foreign_nationals,Eurostat migr_pop1ctz,1869070.0,1869070.0,0.0,0.0,EXACT,
as_received,FILE2,Switzerland,CHE,2014,foreign_nationals,Eurostat migr_pop1ctz,1936412.0,1936412.0,0.0,0.0,EXACT,
as_received,FILE2,Switzerland,CHE,2015,foreign_nationals,Eurostat migr_pop1ctz,1997179.0,1997179.0,0.0,0.0,EXACT,
as_received,FILE2,Switzerland,CHE,2016,foreign_nationals,Eurostat migr_pop1ctz,2047200.0,2047200.0,0.0,0.0,EXACT,
as_received,FILE2,Switzerland,CHE,2017,foreign_nationals,Eurostat migr_pop1ctz,2099319.0,2099319.0,0.0,0.0,EXACT,
as_received,FILE2,Switzerland,CHE,2018,foreign_nationals,Eurostat migr_pop1ctz,2124540.0,2124540.0,0.0,0.0,EXACT,
as_received,FILE2,Switzerland,CHE,2019,foreign_nationals,Eurostat migr_pop1ctz,2146381.0,2146381.0,0.0,0.0,EXACT,
as_received,FILE2,Switzerland,CHE,2020,foreign_nationals,Eurostat migr_pop1ctz,2173429.0,2173429.0,0.0,0.0,EXACT,
as_received,FILE2,Switzerland,CHE,2021,foreign_nationals,Eurostat migr_pop1ctz,2208864.0,2208864.0,0.0,0.0,EXACT,
as_received,FILE2,Switzerland,CHE,2022,foreign_nationals,Eurostat migr_pop1ctz,2242343.0,2242343.0,0.0,0.0,EXACT,
as_received,FILE2,Switzerland,CHE,2010,irregular_detections,Eurostat migr_eipre,12630.0,12020.0,610.0,5.074875207986689,MISMATCH,
as_received,FILE2,Switzerland,CHE,2011,irregular_detections,Eurostat migr_eipre,14170.0,12630.0,1540.0,12.19319081551861,MISMATCH,
as_received,FILE2,Switzerland,CHE,2012,irregular_detections,Eurostat migr_eipre,15045.0,14170.0,875.0,6.175017642907552,MISMATCH,
as_received,FILE2,Switzerland,CHE,2013,irregular_detections,Eurostat migr_eipre,13800.0,15045.0,-1245.0,-8.275174476570289,MISMATCH,
as_received,FILE2,Switzerland,CHE,2014,irregular_detections,Eurostat migr_eipre,15555.0,13800.0,1755.0,12.71739130434782,MISMATCH,
as_received,FILE2,Switzerland,CHE,2015,irregular_detections,Eurostat migr_eipre,15765.0,15555.0,210.0,1.350048216007714,MISMATCH,
as_received,FILE2,Switzerland,CHE,2016,irregular_detections,Eurostat migr_eipre,13940.0,15765.0,-1825.0,-11.57627656200444,MISMATCH,
as_received,FILE2,Switzerland,CHE,2017,irregular_detections,Eurostat migr_eipre,14420.0,13940.0,480.0,3.443328550932568,MISMATCH,
as_received,FILE2,Switzerland,CHE,2018,irregular_detections,Eurostat migr_eipre,13885.0,14420.0,-535.0,-3.710124826629681,MISMATCH,
as_received,FILE2,Switzerland,CHE,2019,irregular_detections,Eurostat migr_eipre,11020.0,13885.0,-2865.0,-20.63377745768815,MISMATCH,
as_received,FILE2,Switzerland,CHE,2020,irregular_detections,Eurostat migr_eipre,12175.0,11020.0,1155.0,10.48094373865699,MISMATCH,
as_received,FILE2,Switzerland,CHE,2021,irregular_detections,Eurostat migr_eipre,15130.0,12175.0,2955.0,24.27104722792608,MISMATCH,
as_received,FILE2,Switzerland,CHE,2022,irregular_detections,Eurostat migr_eipre,19280.0,15130.0,4150.0,27.42894910773298,MISMATCH,
as_received,FILE2,Switzerland,CHE,2010,population,World Bank SP.POP.TOTL,7824909.0,7824909.0,0.0,0.0,EXACT,
as_received,FILE2,Switzerland,CHE,2011,population,World Bank SP.POP.TOTL,7912398.0,7912398.0,0.0,0.0,EXACT,
as_received,FILE2,Switzerland,CHE,2012,population,World Bank SP.POP.TOTL,7996861.0,7996861.0,0.0,0.0,EXACT,
as_received,FILE2,Switzerland,CHE,2013,population,World Bank SP.POP.TOTL,8089346.0,8089346.0,0.0,0.0,EXACT,
as_received,FILE2,Switzerland,CHE,2014,population,World Bank SP.POP.TOTL,8188649.0,8188649.0,0.0,0.0,EXACT,
as_received,FILE2,Switzerland,CHE,2015,population,World Bank SP.POP.TOTL,8282396.0,8282396.0,0.0,0.0,EXACT,
as_received,FILE2,Switzerland,CHE,2016,population,World Bank SP.POP.TOTL,8373338.0,8373338.0,0.0,0.0,EXACT,
as_received,FILE2,Switzerland,CHE,2017,population,World Bank SP.POP.TOTL,8451840.0,8451840.0,0.0,0.0,EXACT,
as_received,FILE2,Switzerland,CHE,2018,population,World Bank SP.POP.TOTL,8514329.0,8514329.0,0.0,0.0,EXACT,
as_received,FILE2,Switzerland,CHE,2019,population,World Bank SP.POP.TOTL,8575280.0,8575280.0,0.0,0.0,EXACT,
as_received,FILE2,Switzerland,CHE,2020,population,World Bank SP.POP.TOTL,8638167.0,8638167.0,0.0,0.0,EXACT,
as_received,FILE2,Switzerland,CHE,2021,population,World Bank SP.POP.TOTL,8704546.0,8704546.0,0.0,0.0,EXACT,
as_received,FILE2,Switzerland,CHE,2022,population,World Bank SP.POP.TOTL,8777088.0,8777088.0,0.0,0.0,EXACT,
as_received,FILE2,Chile,CHL,2010,population,World Bank SP.POP.TOTL,17181464.0,17181464.0,0.0,0.0,EXACT,
as_received,FILE2,Chile,CHL,2011,population,World Bank SP.POP.TOTL,17351816.0,17351816.0,0.0,0.0,EXACT,
as_received,FILE2,Chile,CHL,2012,population,World Bank SP.POP.TOTL,17519119.0,17519119.0,0.0,0.0,EXACT,
as_received,FILE2,Chile,CHL,2013,population,World Bank SP.POP.TOTL,17687006.0,17687006.0,0.0,0.0,EXACT,
as_received,FILE2,Chile,CHL,2014,population,World Bank SP.POP.TOTL,17864195.0,17864195.0,0.0,0.0,EXACT,
as_received,FILE2,Chile,CHL,2015,population,World Bank SP.POP.TOTL,18047625.0,18047625.0,0.0,0.0,EXACT,
as_received,FILE2,Chile,CHL,2016,population,World Bank SP.POP.TOTL,18267221.0,18267221.0,0.0,0.0,EXACT,
as_received,FILE2,Chile,CHL,2017,population,World Bank SP.POP.TOTL,18558868.0,18558868.0,0.0,0.0,EXACT,
as_received,FILE2,Chile,CHL,2018,population,World Bank SP.POP.TOTL,18893191.0,18893191.0,0.0,0.0,EXACT,
as_received,FILE2,Chile,CHL,2019,population,World Bank SP.POP.TOTL,19197744.0,19197744.0,0.0,0.0,EXACT,
as_received,FILE2,Chile,CHL,2020,population,World Bank SP.POP.TOTL,19370624.0,19370624.0,0.0,0.0,EXACT,
as_received,FILE2,Chile,CHL,2021,population,World Bank SP.POP.TOTL,19456334.0,19456334.0,0.0,0.0,EXACT,
as_received,FILE2,Chile,CHL,2022,population,World Bank SP.POP.TOTL,19553036.0,19553036.0,0.0,0.0,EXACT,
as_received,FILE2,China,CHN,2010,foreign_born,World Bank SM.POP.TOTL,1010008.0,1010008.0,0.0,0.0,EXACT,
as_received,FILE2,China,CHN,2015,foreign_born,World Bank SM.POP.TOTL,1196007.0,1196007.0,0.0,0.0,EXACT,
as_received,FILE2,China,CHN,2020,foreign_born,World Bank SM.POP.TOTL,1415116.0,1415116.0,0.0,0.0,EXACT,
as_received,FILE2,China,CHN,2010,population,World Bank SP.POP.TOTL,1337705000.0,1337705000.0,0.0,0.0,EXACT,
as_received,FILE2,China,CHN,2011,population,World Bank SP.POP.TOTL,1345035000.0,1345035000.0,0.0,0.0,EXACT,
as_received,FILE2,China,CHN,2012,population,World Bank SP.POP.TOTL,1354190000.0,1354190000.0,0.0,0.0,EXACT,
as_received,FILE2,China,CHN,2013,population,World Bank SP.POP.TOTL,1363240000.0,1363240000.0,0.0,0.0,EXACT,
as_received,FILE2,China,CHN,2014,population,World Bank SP.POP.TOTL,1371860000.0,1371860000.0,0.0,0.0,EXACT,
as_received,FILE2,China,CHN,2015,population,World Bank SP.POP.TOTL,1379860000.0,1379860000.0,0.0,0.0,EXACT,
as_received,FILE2,China,CHN,2016,population,World Bank SP.POP.TOTL,1387790000.0,1387790000.0,0.0,0.0,EXACT,
as_received,FILE2,China,CHN,2017,population,World Bank SP.POP.TOTL,1396215000.0,1396215000.0,0.0,0.0,EXACT,
as_received,FILE2,China,CHN,2018,population,World Bank SP.POP.TOTL,1402760000.0,1402760000.0,0.0,0.0,EXACT,
as_received,FILE2,China,CHN,2019,population,World Bank SP.POP.TOTL,1407745000.0,1407745000.0,0.0,0.0,EXACT,
as_received,FILE2,China,CHN,2020,population,World Bank SP.POP.TOTL,1411100000.0,1411100000.0,0.0,0.0,EXACT,
as_received,FILE2,China,CHN,2021,population,World Bank SP.POP.TOTL,1412360000.0,1412360000.0,0.0,0.0,EXACT,
as_received,FILE2,China,CHN,2022,population,World Bank SP.POP.TOTL,1412175000.0,1412175000.0,0.0,0.0,EXACT,
as_received,FILE2,Czech Republic,CZE,2010,foreign_born,Eurostat migr_pop3ctb,398493.0,398493.0,0.0,0.0,EXACT,
as_received,FILE2,Czech Republic,CZE,2011,foreign_born,Eurostat migr_pop3ctb,387971.0,387971.0,0.0,0.0,EXACT,
as_received,FILE2,Czech Republic,CZE,2012,foreign_born,Eurostat migr_pop3ctb,390843.0,390843.0,0.0,0.0,EXACT,
as_received,FILE2,Czech Republic,CZE,2013,foreign_born,Eurostat migr_pop3ctb,387337.0,387337.0,0.0,0.0,EXACT,
as_received,FILE2,Czech Republic,CZE,2014,foreign_born,Eurostat migr_pop3ctb,396156.0,396156.0,0.0,0.0,EXACT,
as_received,FILE2,Czech Republic,CZE,2015,foreign_born,Eurostat migr_pop3ctb,416454.0,416454.0,0.0,0.0,EXACT,
as_received,FILE2,Czech Republic,CZE,2016,foreign_born,Eurostat migr_pop3ctb,433290.0,433290.0,0.0,0.0,EXACT,
as_received,FILE2,Czech Republic,CZE,2017,foreign_born,Eurostat migr_pop3ctb,465056.0,465056.0,0.0,0.0,EXACT,
as_received,FILE2,Czech Republic,CZE,2018,foreign_born,Eurostat migr_pop3ctb,467580.0,467580.0,0.0,0.0,EXACT,
as_received,FILE2,Czech Republic,CZE,2019,foreign_born,Eurostat migr_pop3ctb,507051.0,507051.0,0.0,0.0,EXACT,
as_received,FILE2,Czech Republic,CZE,2020,foreign_born,Eurostat migr_pop3ctb,533639.0,533639.0,0.0,0.0,EXACT,
as_received,FILE2,Czech Republic,CZE,2021,foreign_born,Eurostat migr_pop3ctb,409220.0,409220.0,0.0,0.0,EXACT,
as_received,FILE2,Czech Republic,CZE,2022,foreign_born,Eurostat migr_pop3ctb,685840.0,685840.0,0.0,0.0,EXACT,
as_received,FILE2,Czech Republic,CZE,2010,foreign_nationals,Eurostat migr_pop1ctz,424419.0,424419.0,0.0,0.0,EXACT,
as_received,FILE2,Czech Republic,CZE,2011,foreign_nationals,Eurostat migr_pop1ctz,416737.0,416737.0,0.0,0.0,EXACT,
as_received,FILE2,Czech Republic,CZE,2012,foreign_nationals,Eurostat migr_pop1ctz,422966.0,422966.0,0.0,0.0,EXACT,
as_received,FILE2,Czech Republic,CZE,2013,foreign_nationals,Eurostat migr_pop1ctz,422280.0,422280.0,0.0,0.0,EXACT,
as_received,FILE2,Czech Republic,CZE,2014,foreign_nationals,Eurostat migr_pop1ctz,434581.0,434581.0,0.0,0.0,EXACT,
as_received,FILE2,Czech Republic,CZE,2015,foreign_nationals,Eurostat migr_pop1ctz,457323.0,457323.0,0.0,0.0,EXACT,
as_received,FILE2,Czech Republic,CZE,2016,foreign_nationals,Eurostat migr_pop1ctz,476345.0,476345.0,0.0,0.0,EXACT,
as_received,FILE2,Czech Republic,CZE,2017,foreign_nationals,Eurostat migr_pop1ctz,510841.0,510841.0,0.0,0.0,EXACT,
as_received,FILE2,Czech Republic,CZE,2018,foreign_nationals,Eurostat migr_pop1ctz,515422.0,515422.0,0.0,0.0,EXACT,
as_received,FILE2,Czech Republic,CZE,2019,foreign_nationals,Eurostat migr_pop1ctz,557458.0,557458.0,0.0,0.0,EXACT,
as_received,FILE2,Czech Republic,CZE,2020,foreign_nationals,Eurostat migr_pop1ctz,586646.0,586646.0,0.0,0.0,EXACT,
as_received,FILE2,Czech Republic,CZE,2021,foreign_nationals,Eurostat migr_pop1ctz,488532.0,488532.0,0.0,0.0,EXACT,
as_received,FILE2,Czech Republic,CZE,2022,foreign_nationals,Eurostat migr_pop1ctz,538237.0,538237.0,0.0,0.0,EXACT,
as_received,FILE2,Czech Republic,CZE,2010,irregular_detections,Eurostat migr_eipre,2655.0,2655.0,0.0,0.0,EXACT,
as_received,FILE2,Czech Republic,CZE,2011,irregular_detections,Eurostat migr_eipre,3085.0,3085.0,0.0,0.0,EXACT,
as_received,FILE2,Czech Republic,CZE,2012,irregular_detections,Eurostat migr_eipre,3315.0,3315.0,0.0,0.0,EXACT,
as_received,FILE2,Czech Republic,CZE,2013,irregular_detections,Eurostat migr_eipre,3695.0,3695.0,0.0,0.0,EXACT,
as_received,FILE2,Czech Republic,CZE,2014,irregular_detections,Eurostat migr_eipre,4430.0,4430.0,0.0,0.0,EXACT,
as_received,FILE2,Czech Republic,CZE,2015,irregular_detections,Eurostat migr_eipre,8165.0,8165.0,0.0,0.0,EXACT,
as_received,FILE2,Czech Republic,CZE,2016,irregular_detections,Eurostat migr_eipre,4885.0,4885.0,0.0,0.0,EXACT,
as_received,FILE2,Czech Republic,CZE,2017,irregular_detections,Eurostat migr_eipre,4360.0,4360.0,0.0,0.0,EXACT,
as_received,FILE2,Czech Republic,CZE,2018,irregular_detections,Eurostat migr_eipre,4505.0,4505.0,0.0,0.0,EXACT,
as_received,FILE2,Czech Republic,CZE,2019,irregular_detections,Eurostat migr_eipre,4995.0,4995.0,0.0,0.0,EXACT,
as_received,FILE2,Czech Republic,CZE,2020,irregular_detections,Eurostat migr_eipre,6515.0,6515.0,0.0,0.0,EXACT,
as_received,FILE2,Czech Republic,CZE,2021,irregular_detections,Eurostat migr_eipre,11040.0,11040.0,0.0,0.0,EXACT,
as_received,FILE2,Czech Republic,CZE,2022,irregular_detections,Eurostat migr_eipre,29130.0,29130.0,0.0,0.0,EXACT,
as_received,FILE2,Czech Republic,CZE,2010,population,World Bank SP.POP.TOTL,10474410.0,10474410.0,0.0,0.0,EXACT,
as_received,FILE2,Czech Republic,CZE,2011,population,World Bank SP.POP.TOTL,10496088.0,10496088.0,0.0,0.0,EXACT,
as_received,FILE2,Czech Republic,CZE,2012,population,World Bank SP.POP.TOTL,10510785.0,10510785.0,0.0,0.0,EXACT,
as_received,FILE2,Czech Republic,CZE,2013,population,World Bank SP.POP.TOTL,10514272.0,10514272.0,0.0,0.0,EXACT,
as_received,FILE2,Czech Republic,CZE,2014,population,World Bank SP.POP.TOTL,10525347.0,10525347.0,0.0,0.0,EXACT,
as_received,FILE2,Czech Republic,CZE,2015,population,World Bank SP.POP.TOTL,10546059.0,10546059.0,0.0,0.0,EXACT,
as_received,FILE2,Czech Republic,CZE,2016,population,World Bank SP.POP.TOTL,10566332.0,10566332.0,0.0,0.0,EXACT,
as_received,FILE2,Czech Republic,CZE,2017,population,World Bank SP.POP.TOTL,10594438.0,10594438.0,0.0,0.0,EXACT,
as_received,FILE2,Czech Republic,CZE,2018,population,World Bank SP.POP.TOTL,10629928.0,10629928.0,0.0,0.0,EXACT,
as_received,FILE2,Czech Republic,CZE,2019,population,World Bank SP.POP.TOTL,10671870.0,10671870.0,0.0,0.0,EXACT,
as_received,FILE2,Czech Republic,CZE,2020,population,World Bank SP.POP.TOTL,10697858.0,10697858.0,0.0,0.0,EXACT,
as_received,FILE2,Czech Republic,CZE,2021,population,World Bank SP.POP.TOTL,10505772.0,10505772.0,0.0,0.0,EXACT,
as_received,FILE2,Czech Republic,CZE,2022,population,World Bank SP.POP.TOTL,10672118.0,10672118.0,0.0,0.0,EXACT,
as_received,FILE2,Germany,DEU,2010,foreign_born,Eurostat migr_pop3ctb,9812263.0,9812263.0,0.0,0.0,EXACT,
as_received,FILE2,Germany,DEU,2011,foreign_born,Eurostat migr_pop3ctb,8935603.0,8935603.0,0.0,0.0,EXACT,
as_received,FILE2,Germany,DEU,2012,foreign_born,Eurostat migr_pop3ctb,9117874.0,9117874.0,0.0,0.0,EXACT,
as_received,FILE2,Germany,DEU,2013,foreign_born,Eurostat migr_pop3ctb,9456225.0,9456225.0,0.0,0.0,EXACT,
as_received,FILE2,Germany,DEU,2014,foreign_born,Eurostat migr_pop3ctb,9807877.0,9807877.0,0.0,0.0,EXACT,
as_received,FILE2,Germany,DEU,2015,foreign_born,Eurostat migr_pop3ctb,10220418.0,10220418.0,0.0,0.0,EXACT,
as_received,FILE2,Germany,DEU,2016,foreign_born,Eurostat migr_pop3ctb,10908255.0,10908255.0,0.0,0.0,EXACT,
as_received,FILE2,Germany,DEU,2017,foreign_born,Eurostat migr_pop3ctb,12105436.0,12105436.0,0.0,0.0,EXACT,
as_received,FILE2,Germany,DEU,2018,foreign_born,Eurostat migr_pop3ctb,13745843.0,13745843.0,0.0,0.0,EXACT,
as_received,FILE2,Germany,DEU,2019,foreign_born,Eurostat migr_pop3ctb,14879635.0,14879635.0,0.0,0.0,EXACT,
as_received,FILE2,Germany,DEU,2020,foreign_born,Eurostat migr_pop3ctb,15040708.0,15040708.0,0.0,0.0,EXACT,
as_received,FILE2,Germany,DEU,2021,foreign_born,Eurostat migr_pop3ctb,15162728.0,15162728.0,0.0,0.0,EXACT,
as_received,FILE2,Germany,DEU,2022,foreign_born,Eurostat migr_pop3ctb,15287650.0,15287650.0,0.0,0.0,EXACT,
as_received,FILE2,Germany,DEU,2010,foreign_nationals,Eurostat migr_pop1ctz,7130919.0,7130919.0,0.0,0.0,EXACT,
as_received,FILE2,Germany,DEU,2011,foreign_nationals,Eurostat migr_pop1ctz,6107216.0,6107216.0,0.0,0.0,EXACT,
as_received,FILE2,Germany,DEU,2012,foreign_nationals,Eurostat migr_pop1ctz,6342394.0,6342394.0,0.0,0.0,EXACT,
as_received,FILE2,Germany,DEU,2013,foreign_nationals,Eurostat migr_pop1ctz,6643699.0,6643699.0,0.0,0.0,EXACT,
as_received,FILE2,Germany,DEU,2014,foreign_nationals,Eurostat migr_pop1ctz,7015236.0,7015236.0,0.0,0.0,EXACT,
as_received,FILE2,Germany,DEU,2015,foreign_nationals,Eurostat migr_pop1ctz,7539774.0,7539774.0,0.0,0.0,EXACT,
as_received,FILE2,Germany,DEU,2016,foreign_nationals,Eurostat migr_pop1ctz,8651958.0,8651958.0,0.0,0.0,EXACT,
as_received,FILE2,Germany,DEU,2017,foreign_nationals,Eurostat migr_pop1ctz,9219989.0,9219989.0,0.0,0.0,EXACT,
as_received,FILE2,Germany,DEU,2018,foreign_nationals,Eurostat migr_pop1ctz,9678868.0,9678868.0,0.0,0.0,EXACT,
as_received,FILE2,Germany,DEU,2019,foreign_nationals,Eurostat migr_pop1ctz,10089292.0,10089292.0,0.0,0.0,EXACT,
as_received,FILE2,Germany,DEU,2020,foreign_nationals,Eurostat migr_pop1ctz,10398022.0,10398022.0,0.0,0.0,EXACT,
as_received,FILE2,Germany,DEU,2021,foreign_nationals,Eurostat migr_pop1ctz,10585053.0,10585053.0,0.0,0.0,EXACT,
as_received,FILE2,Germany,DEU,2022,foreign_nationals,Eurostat migr_pop1ctz,10893053.0,10893053.0,0.0,0.0,EXACT,
as_received,FILE2,Germany,DEU,2010,irregular_detections,Eurostat migr_eipre,50250.0,50250.0,0.0,0.0,EXACT,
as_received,FILE2,Germany,DEU,2011,irregular_detections,Eurostat migr_eipre,56345.0,56345.0,0.0,0.0,EXACT,
as_received,FILE2,Germany,DEU,2012,irregular_detections,Eurostat migr_eipre,64815.0,64815.0,0.0,0.0,EXACT,
as_received,FILE2,Germany,DEU,2013,irregular_detections,Eurostat migr_eipre,86305.0,86305.0,0.0,0.0,EXACT,
as_received,FILE2,Germany,DEU,2014,irregular_detections,Eurostat migr_eipre,128290.0,128290.0,0.0,0.0,EXACT,
as_received,FILE2,Germany,DEU,2015,irregular_detections,Eurostat migr_eipre,376435.0,376435.0,0.0,0.0,EXACT,
as_received,FILE2,Germany,DEU,2016,irregular_detections,Eurostat migr_eipre,370555.0,370555.0,0.0,0.0,EXACT,
as_received,FILE2,Germany,DEU,2017,irregular_detections,Eurostat migr_eipre,156710.0,156710.0,0.0,0.0,EXACT,
as_received,FILE2,Germany,DEU,2018,irregular_detections,Eurostat migr_eipre,134125.0,134125.0,0.0,0.0,EXACT,
as_received,FILE2,Germany,DEU,2019,irregular_detections,Eurostat migr_eipre,133525.0,133525.0,0.0,0.0,EXACT,
as_received,FILE2,Germany,DEU,2020,irregular_detections,Eurostat migr_eipre,117930.0,117930.0,0.0,0.0,EXACT,
as_received,FILE2,Germany,DEU,2021,irregular_detections,Eurostat migr_eipre,120285.0,120285.0,0.0,0.0,EXACT,
as_received,FILE2,Germany,DEU,2022,irregular_detections,Eurostat migr_eipre,198310.0,198310.0,0.0,0.0,EXACT,
as_received,FILE2,Germany,DEU,2010,population,World Bank SP.POP.TOTL,81776930.0,81776930.0,0.0,0.0,EXACT,
as_received,FILE2,Germany,DEU,2011,population,World Bank SP.POP.TOTL,80274983.0,80274983.0,0.0,0.0,EXACT,
as_received,FILE2,Germany,DEU,2012,population,World Bank SP.POP.TOTL,80425823.0,80425823.0,0.0,0.0,EXACT,
as_received,FILE2,Germany,DEU,2013,population,World Bank SP.POP.TOTL,80645605.0,80645605.0,0.0,0.0,EXACT,
as_received,FILE2,Germany,DEU,2014,population,World Bank SP.POP.TOTL,80982500.0,80982500.0,0.0,0.0,EXACT,
as_received,FILE2,Germany,DEU,2015,population,World Bank SP.POP.TOTL,81686611.0,81686611.0,0.0,0.0,EXACT,
as_received,FILE2,Germany,DEU,2016,population,World Bank SP.POP.TOTL,82348669.0,82348669.0,0.0,0.0,EXACT,
as_received,FILE2,Germany,DEU,2017,population,World Bank SP.POP.TOTL,82657002.0,82657002.0,0.0,0.0,EXACT,
as_received,FILE2,Germany,DEU,2018,population,World Bank SP.POP.TOTL,82905782.0,82905782.0,0.0,0.0,EXACT,
as_received,FILE2,Germany,DEU,2019,population,World Bank SP.POP.TOTL,83092962.0,83092962.0,0.0,0.0,EXACT,
as_received,FILE2,Germany,DEU,2020,population,World Bank SP.POP.TOTL,83160871.0,83160871.0,0.0,0.0,EXACT,
as_received,FILE2,Germany,DEU,2021,population,World Bank SP.POP.TOTL,83196078.0,83196078.0,0.0,0.0,EXACT,
as_received,FILE2,Germany,DEU,2022,population,World Bank SP.POP.TOTL,83177813.0,83177813.0,0.0,0.0,EXACT,
as_received,FILE2,Denmark,DNK,2010,foreign_born,Eurostat migr_pop3ctb,500772.0,500772.0,0.0,0.0,EXACT,
as_received,FILE2,Denmark,DNK,2011,foreign_born,Eurostat migr_pop3ctb,517230.0,517230.0,0.0,0.0,EXACT,
as_received,FILE2,Denmark,DNK,2012,foreign_born,Eurostat migr_pop3ctb,531540.0,531540.0,0.0,0.0,EXACT,
as_received,FILE2,Denmark,DNK,2013,foreign_born,Eurostat migr_pop3ctb,548411.0,548411.0,0.0,0.0,EXACT,
as_received,FILE2,Denmark,DNK,2014,foreign_born,Eurostat migr_pop3ctb,569596.0,569596.0,0.0,0.0,EXACT,
as_received,FILE2,Denmark,DNK,2015,foreign_born,Eurostat migr_pop3ctb,595876.0,595876.0,0.0,0.0,EXACT,
as_received,FILE2,Denmark,DNK,2016,foreign_born,Eurostat migr_pop3ctb,636666.0,636666.0,0.0,0.0,EXACT,
as_received,FILE2,Denmark,DNK,2017,foreign_born,Eurostat migr_pop3ctb,668090.0,668090.0,0.0,0.0,EXACT,
as_received,FILE2,Denmark,DNK,2018,foreign_born,Eurostat migr_pop3ctb,690549.0,690549.0,0.0,0.0,EXACT,
as_received,FILE2,Denmark,DNK,2019,foreign_born,Eurostat migr_pop3ctb,707880.0,707880.0,0.0,0.0,EXACT,
as_received,FILE2,Denmark,DNK,2020,foreign_born,Eurostat migr_pop3ctb,715936.0,715936.0,0.0,0.0,EXACT,
as_received,FILE2,Denmark,DNK,2021,foreign_born,Eurostat migr_pop3ctb,721135.0,721135.0,0.0,0.0,EXACT,
as_received,FILE2,Denmark,DNK,2022,foreign_born,Eurostat migr_pop3ctb,745851.0,745851.0,0.0,0.0,EXACT,
as_received,FILE2,Denmark,DNK,2010,foreign_nationals,Eurostat migr_pop1ctz,329797.0,329797.0,0.0,0.0,EXACT,
as_received,FILE2,Denmark,DNK,2011,foreign_nationals,Eurostat migr_pop1ctz,345884.0,345884.0,0.0,0.0,EXACT,
as_received,FILE2,Denmark,DNK,2012,foreign_nationals,Eurostat migr_pop1ctz,358714.0,358714.0,0.0,0.0,EXACT,
as_received,FILE2,Denmark,DNK,2013,foreign_nationals,Eurostat migr_pop1ctz,374569.0,374569.0,0.0,0.0,EXACT,
as_received,FILE2,Denmark,DNK,2014,foreign_nationals,Eurostat migr_pop1ctz,397221.0,397221.0,0.0,0.0,EXACT,
as_received,FILE2,Denmark,DNK,2015,foreign_nationals,Eurostat migr_pop1ctz,422492.0,422492.0,0.0,0.0,EXACT,
as_received,FILE2,Denmark,DNK,2016,foreign_nationals,Eurostat migr_pop1ctz,463088.0,463088.0,0.0,0.0,EXACT,
as_received,FILE2,Denmark,DNK,2017,foreign_nationals,Eurostat migr_pop1ctz,484934.0,484934.0,0.0,0.0,EXACT,
as_received,FILE2,Denmark,DNK,2018,foreign_nationals,Eurostat migr_pop1ctz,505934.0,505934.0,0.0,0.0,EXACT,
as_received,FILE2,Denmark,DNK,2019,foreign_nationals,Eurostat migr_pop1ctz,525849.0,525849.0,0.0,0.0,EXACT,
as_received,FILE2,Denmark,DNK,2020,foreign_nationals,Eurostat migr_pop1ctz,537071.0,537071.0,0.0,0.0,EXACT,
as_received,FILE2,Denmark,DNK,2021,foreign_nationals,Eurostat migr_pop1ctz,539443.0,539443.0,0.0,0.0,EXACT,
as_received,FILE2,Denmark,DNK,2022,foreign_nationals,Eurostat migr_pop1ctz,562205.0,562205.0,0.0,0.0,EXACT,
as_received,FILE2,Denmark,DNK,2010,irregular_detections,Eurostat migr_eipre,665.0,665.0,0.0,0.0,EXACT,
as_received,FILE2,Denmark,DNK,2011,irregular_detections,Eurostat migr_eipre,400.0,400.0,0.0,0.0,EXACT,
as_received,FILE2,Denmark,DNK,2012,irregular_detections,Eurostat migr_eipre,630.0,630.0,0.0,0.0,EXACT,
as_received,FILE2,Denmark,DNK,2013,irregular_detections,Eurostat migr_eipre,395.0,395.0,0.0,0.0,EXACT,
as_received,FILE2,Denmark,DNK,2014,irregular_detections,Eurostat migr_eipre,515.0,515.0,0.0,0.0,EXACT,
as_received,FILE2,Denmark,DNK,2015,irregular_detections,Eurostat migr_eipre,2165.0,2165.0,0.0,0.0,EXACT,
as_received,FILE2,Denmark,DNK,2016,irregular_detections,Eurostat migr_eipre,1390.0,1390.0,0.0,0.0,EXACT,
as_received,FILE2,Denmark,DNK,2017,irregular_detections,Eurostat migr_eipre,1105.0,1105.0,0.0,0.0,EXACT,
as_received,FILE2,Denmark,DNK,2018,irregular_detections,Eurostat migr_eipre,1135.0,1135.0,0.0,0.0,EXACT,
as_received,FILE2,Denmark,DNK,2019,irregular_detections,Eurostat migr_eipre,1195.0,1195.0,0.0,0.0,EXACT,
as_received,FILE2,Denmark,DNK,2020,irregular_detections,Eurostat migr_eipre,490.0,490.0,0.0,0.0,EXACT,
as_received,FILE2,Denmark,DNK,2021,irregular_detections,Eurostat migr_eipre,425.0,425.0,0.0,0.0,EXACT,
as_received,FILE2,Denmark,DNK,2022,irregular_detections,Eurostat migr_eipre,510.0,510.0,0.0,0.0,EXACT,
as_received,FILE2,Denmark,DNK,2010,population,World Bank SP.POP.TOTL,5547683.0,5547683.0,0.0,0.0,EXACT,
as_received,FILE2,Denmark,DNK,2011,population,World Bank SP.POP.TOTL,5570572.0,5570572.0,0.0,0.0,EXACT,
as_received,FILE2,Denmark,DNK,2012,population,World Bank SP.POP.TOTL,5591572.0,5591572.0,0.0,0.0,EXACT,
as_received,FILE2,Denmark,DNK,2013,population,World Bank SP.POP.TOTL,5614932.0,5614932.0,0.0,0.0,EXACT,
as_received,FILE2,Denmark,DNK,2014,population,World Bank SP.POP.TOTL,5643475.0,5643475.0,0.0,0.0,EXACT,
as_received,FILE2,Denmark,DNK,2015,population,World Bank SP.POP.TOTL,5683483.0,5683483.0,0.0,0.0,EXACT,
as_received,FILE2,Denmark,DNK,2016,population,World Bank SP.POP.TOTL,5728010.0,5728010.0,0.0,0.0,EXACT,
as_received,FILE2,Denmark,DNK,2017,population,World Bank SP.POP.TOTL,5764980.0,5764980.0,0.0,0.0,EXACT,
as_received,FILE2,Denmark,DNK,2018,population,World Bank SP.POP.TOTL,5793636.0,5793636.0,0.0,0.0,EXACT,
as_received,FILE2,Denmark,DNK,2019,population,World Bank SP.POP.TOTL,5814422.0,5814422.0,0.0,0.0,EXACT,
as_received,FILE2,Denmark,DNK,2020,population,World Bank SP.POP.TOTL,5831404.0,5831404.0,0.0,0.0,EXACT,
as_received,FILE2,Denmark,DNK,2021,population,World Bank SP.POP.TOTL,5856733.0,5856733.0,0.0,0.0,EXACT,
as_received,FILE2,Denmark,DNK,2022,population,World Bank SP.POP.TOTL,5903037.0,5903037.0,0.0,0.0,EXACT,
as_received,FILE2,Spain,ESP,2010,foreign_born,Eurostat migr_pop3ctb,6280062.0,6280062.0,0.0,0.0,EXACT,
as_received,FILE2,Spain,ESP,2011,foreign_born,Eurostat migr_pop3ctb,6282205.0,6282205.0,0.0,0.0,EXACT,
as_received,FILE2,Spain,ESP,2012,foreign_born,Eurostat migr_pop3ctb,6294954.0,6294954.0,0.0,0.0,EXACT,
as_received,FILE2,Spain,ESP,2013,foreign_born,Eurostat migr_pop3ctb,6165635.0,6165635.0,0.0,0.0,EXACT,
as_received,FILE2,Spain,ESP,2014,foreign_born,Eurostat migr_pop3ctb,5952770.0,5952770.0,0.0,0.0,EXACT,
as_received,FILE2,Spain,ESP,2015,foreign_born,Eurostat migr_pop3ctb,5883891.0,5883891.0,0.0,0.0,EXACT,
as_received,FILE2,Spain,ESP,2016,foreign_born,Eurostat migr_pop3ctb,5913165.0,5913165.0,0.0,0.0,EXACT,
as_received,FILE2,Spain,ESP,2017,foreign_born,Eurostat migr_pop3ctb,6014708.0,6014708.0,0.0,0.0,EXACT,
as_received,FILE2,Spain,ESP,2018,foreign_born,Eurostat migr_pop3ctb,6207509.0,6207509.0,0.0,0.0,EXACT,
as_received,FILE2,Spain,ESP,2019,foreign_born,Eurostat migr_pop3ctb,6549309.0,6549309.0,0.0,0.0,EXACT,
as_received,FILE2,Spain,ESP,2020,foreign_born,Eurostat migr_pop3ctb,7014753.0,7014753.0,0.0,0.0,EXACT,
as_received,FILE2,Spain,ESP,2021,foreign_born,Eurostat migr_pop3ctb,7254797.0,7254797.0,0.0,0.0,EXACT,
as_received,FILE2,Spain,ESP,2022,foreign_born,Eurostat migr_pop3ctb,7468144.0,7468144.0,0.0,0.0,EXACT,
as_received,FILE2,Spain,ESP,2010,foreign_nationals,Eurostat migr_pop1ctz,5402575.0,5402575.0,0.0,0.0,EXACT,
as_received,FILE2,Spain,ESP,2011,foreign_nationals,Eurostat migr_pop1ctz,5312439.0,5312439.0,0.0,0.0,EXACT,
as_received,FILE2,Spain,ESP,2012,foreign_nationals,Eurostat migr_pop1ctz,5236030.0,5236030.0,0.0,0.0,EXACT,
as_received,FILE2,Spain,ESP,2013,foreign_nationals,Eurostat migr_pop1ctz,5064584.0,5064584.0,0.0,0.0,EXACT,
as_received,FILE2,Spain,ESP,2014,foreign_nationals,Eurostat migr_pop1ctz,4676352.0,4676352.0,0.0,0.0,EXACT,
as_received,FILE2,Spain,ESP,2015,foreign_nationals,Eurostat migr_pop1ctz,4453985.0,4453985.0,0.0,0.0,EXACT,
as_received,FILE2,Spain,ESP,2016,foreign_nationals,Eurostat migr_pop1ctz,4419334.0,4419334.0,0.0,0.0,EXACT,
as_received,FILE2,Spain,ESP,2017,foreign_nationals,Eurostat migr_pop1ctz,4417653.0,4417653.0,0.0,0.0,EXACT,
as_received,FILE2,Spain,ESP,2018,foreign_nationals,Eurostat migr_pop1ctz,4577322.0,4577322.0,0.0,0.0,EXACT,
as_received,FILE2,Spain,ESP,2019,foreign_nationals,Eurostat migr_pop1ctz,4850762.0,4850762.0,0.0,0.0,EXACT,
as_received,FILE2,Spain,ESP,2020,foreign_nationals,Eurostat migr_pop1ctz,5241278.0,5241278.0,0.0,0.0,EXACT,
as_received,FILE2,Spain,ESP,2021,foreign_nationals,Eurostat migr_pop1ctz,5402702.0,5402702.0,0.0,0.0,EXACT,
as_received,FILE2,Spain,ESP,2022,foreign_nationals,Eurostat migr_pop1ctz,5509134.0,5509134.0,0.0,0.0,EXACT,
as_received,FILE2,Spain,ESP,2010,irregular_detections,Eurostat migr_eipre,70315.0,70315.0,0.0,0.0,EXACT,
as_received,FILE2,Spain,ESP,2011,irregular_detections,Eurostat migr_eipre,68825.0,68825.0,0.0,0.0,EXACT,
as_received,FILE2,Spain,ESP,2012,irregular_detections,Eurostat migr_eipre,52485.0,52485.0,0.0,0.0,EXACT,
as_received,FILE2,Spain,ESP,2013,irregular_detections,Eurostat migr_eipre,46195.0,46195.0,0.0,0.0,EXACT,
as_received,FILE2,Spain,ESP,2014,irregular_detections,Eurostat migr_eipre,47885.0,47885.0,0.0,0.0,EXACT,
as_received,FILE2,Spain,ESP,2015,irregular_detections,Eurostat migr_eipre,42605.0,42605.0,0.0,0.0,EXACT,
as_received,FILE2,Spain,ESP,2016,irregular_detections,Eurostat migr_eipre,37295.0,37295.0,0.0,0.0,EXACT,
as_received,FILE2,Spain,ESP,2017,irregular_detections,Eurostat migr_eipre,44625.0,44625.0,0.0,0.0,EXACT,
as_received,FILE2,Spain,ESP,2018,irregular_detections,Eurostat migr_eipre,78280.0,78280.0,0.0,0.0,EXACT,
as_received,FILE2,Spain,ESP,2019,irregular_detections,Eurostat migr_eipre,62865.0,62865.0,0.0,0.0,EXACT,
as_received,FILE2,Spain,ESP,2020,irregular_detections,Eurostat migr_eipre,72265.0,72265.0,0.0,0.0,EXACT,
as_received,FILE2,Spain,ESP,2021,irregular_detections,Eurostat migr_eipre,30615.0,30615.0,0.0,0.0,EXACT,
as_received,FILE2,Spain,ESP,2022,irregular_detections,Eurostat migr_eipre,68100.0,68100.0,0.0,0.0,EXACT,
as_received,FILE2,Spain,ESP,2010,population,World Bank SP.POP.TOTL,46576897.0,46576897.0,0.0,0.0,EXACT,
as_received,FILE2,Spain,ESP,2011,population,World Bank SP.POP.TOTL,46742697.0,46742697.0,0.0,0.0,EXACT,
as_received,FILE2,Spain,ESP,2012,population,World Bank SP.POP.TOTL,46773055.0,46773055.0,0.0,0.0,EXACT,
as_received,FILE2,Spain,ESP,2013,population,World Bank SP.POP.TOTL,46604197.0,46604197.0,0.0,0.0,EXACT,
as_received,FILE2,Spain,ESP,2014,population,World Bank SP.POP.TOTL,46460733.0,46460733.0,0.0,0.0,EXACT,
as_received,FILE2,Spain,ESP,2015,population,World Bank SP.POP.TOTL,46422303.0,46422303.0,0.0,0.0,EXACT,
as_received,FILE2,Spain,ESP,2016,population,World Bank SP.POP.TOTL,46458139.0,46458139.0,0.0,0.0,EXACT,
as_received,FILE2,Spain,ESP,2017,population,World Bank SP.POP.TOTL,46571232.0,46571232.0,0.0,0.0,EXACT,
as_received,FILE2,Spain,ESP,2018,population,World Bank SP.POP.TOTL,46782011.0,46782011.0,0.0,0.0,EXACT,
as_received,FILE2,Spain,ESP,2019,population,World Bank SP.POP.TOTL,47118501.0,47118501.0,0.0,0.0,EXACT,
as_received,FILE2,Spain,ESP,2020,population,World Bank SP.POP.TOTL,47359424.0,47359424.0,0.0,0.0,EXACT,
as_received,FILE2,Spain,ESP,2021,population,World Bank SP.POP.TOTL,47443821.0,47443821.0,0.0,0.0,EXACT,
as_received,FILE2,Spain,ESP,2022,population,World Bank SP.POP.TOTL,47786102.0,47786102.0,0.0,0.0,EXACT,
as_received,FILE2,Finland,FIN,2010,foreign_born,Eurostat migr_pop3ctb,228481.0,228481.0,0.0,0.0,EXACT,
as_received,FILE2,Finland,FIN,2011,foreign_born,Eurostat migr_pop3ctb,243217.0,243217.0,0.0,0.0,EXACT,
as_received,FILE2,Finland,FIN,2012,foreign_born,Eurostat migr_pop3ctb,260856.0,260856.0,0.0,0.0,EXACT,
as_received,FILE2,Finland,FIN,2013,foreign_born,Eurostat migr_pop3ctb,279743.0,279743.0,0.0,0.0,EXACT,
as_received,FILE2,Finland,FIN,2014,foreign_born,Eurostat migr_pop3ctb,297812.0,297812.0,0.0,0.0,EXACT,
as_received,FILE2,Finland,FIN,2015,foreign_born,Eurostat migr_pop3ctb,314856.0,314856.0,0.0,0.0,EXACT,
as_received,FILE2,Finland,FIN,2016,foreign_born,Eurostat migr_pop3ctb,329219.0,329219.0,0.0,0.0,EXACT,
as_received,FILE2,Finland,FIN,2017,foreign_born,Eurostat migr_pop3ctb,348986.0,348986.0,0.0,0.0,EXACT,
as_received,FILE2,Finland,FIN,2018,foreign_born,Eurostat migr_pop3ctb,363717.0,363717.0,0.0,0.0,EXACT,
as_received,FILE2,Finland,FIN,2019,foreign_born,Eurostat migr_pop3ctb,377360.0,377360.0,0.0,0.0,EXACT,
as_received,FILE2,Finland,FIN,2020,foreign_born,Eurostat migr_pop3ctb,393555.0,393555.0,0.0,0.0,EXACT,
as_received,FILE2,Finland,FIN,2021,foreign_born,Eurostat migr_pop3ctb,408676.0,408676.0,0.0,0.0,EXACT,
as_received,FILE2,Finland,FIN,2022,foreign_born,Eurostat migr_pop3ctb,428409.0,428409.0,0.0,0.0,EXACT,
as_received,FILE2,Finland,FIN,2010,foreign_nationals,Eurostat migr_pop1ctz,154623.0,154623.0,0.0,0.0,EXACT,
as_received,FILE2,Finland,FIN,2011,foreign_nationals,Eurostat migr_pop1ctz,166627.0,166627.0,0.0,0.0,EXACT,
as_received,FILE2,Finland,FIN,2012,foreign_nationals,Eurostat migr_pop1ctz,181697.0,181697.0,0.0,0.0,EXACT,
as_received,FILE2,Finland,FIN,2013,foreign_nationals,Eurostat migr_pop1ctz,194250.0,194250.0,0.0,0.0,EXACT,
as_received,FILE2,Finland,FIN,2014,foreign_nationals,Eurostat migr_pop1ctz,206168.0,206168.0,0.0,0.0,EXACT,
as_received,FILE2,Finland,FIN,2015,foreign_nationals,Eurostat migr_pop1ctz,218215.0,218215.0,0.0,0.0,EXACT,
as_received,FILE2,Finland,FIN,2016,foreign_nationals,Eurostat migr_pop1ctz,228224.0,228224.0,0.0,0.0,EXACT,
as_received,FILE2,Finland,FIN,2017,foreign_nationals,Eurostat migr_pop1ctz,242003.0,242003.0,0.0,0.0,EXACT,
as_received,FILE2,Finland,FIN,2018,foreign_nationals,Eurostat migr_pop1ctz,247848.0,247848.0,0.0,0.0,EXACT,
as_received,FILE2,Finland,FIN,2019,foreign_nationals,Eurostat migr_pop1ctz,256026.0,256026.0,0.0,0.0,EXACT,
as_received,FILE2,Finland,FIN,2020,foreign_nationals,Eurostat migr_pop1ctz,266079.0,266079.0,0.0,0.0,EXACT,
as_received,FILE2,Finland,FIN,2021,foreign_nationals,Eurostat migr_pop1ctz,277217.0,277217.0,0.0,0.0,EXACT,
as_received,FILE2,Finland,FIN,2022,foreign_nationals,Eurostat migr_pop1ctz,294638.0,294638.0,0.0,0.0,EXACT,
as_received,FILE2,Finland,FIN,2010,irregular_detections,Eurostat migr_eipre,3755.0,3755.0,0.0,0.0,EXACT,
as_received,FILE2,Finland,FIN,2011,irregular_detections,Eurostat migr_eipre,3305.0,3305.0,0.0,0.0,EXACT,
as_received,FILE2,Finland,FIN,2012,irregular_detections,Eurostat migr_eipre,3620.0,3620.0,0.0,0.0,EXACT,
as_received,FILE2,Finland,FIN,2013,irregular_detections,Eurostat migr_eipre,3365.0,3365.0,0.0,0.0,EXACT,
as_received,FILE2,Finland,FIN,2014,irregular_detections,Eurostat migr_eipre,2930.0,2930.0,0.0,0.0,EXACT,
as_received,FILE2,Finland,FIN,2015,irregular_detections,Eurostat migr_eipre,14285.0,14285.0,0.0,0.0,EXACT,
as_received,FILE2,Finland,FIN,2016,irregular_detections,Eurostat migr_eipre,2130.0,2130.0,0.0,0.0,EXACT,
as_received,FILE2,Finland,FIN,2017,irregular_detections,Eurostat migr_eipre,930.0,930.0,0.0,0.0,EXACT,
as_received,FILE2,Finland,FIN,2018,irregular_detections,Eurostat migr_eipre,1305.0,1305.0,0.0,0.0,EXACT,
as_received,FILE2,Finland,FIN,2019,irregular_detections,Eurostat migr_eipre,1220.0,1220.0,0.0,0.0,EXACT,
as_received,FILE2,Finland,FIN,2020,irregular_detections,Eurostat migr_eipre,1145.0,1145.0,0.0,0.0,EXACT,
as_received,FILE2,Finland,FIN,2021,irregular_detections,Eurostat migr_eipre,1090.0,1090.0,0.0,0.0,EXACT,
as_received,FILE2,Finland,FIN,2022,irregular_detections,Eurostat migr_eipre,1190.0,1190.0,0.0,0.0,EXACT,
as_received,FILE2,Finland,FIN,2010,population,World Bank SP.POP.TOTL,5363352.0,5363352.0,0.0,0.0,EXACT,
as_received,FILE2,Finland,FIN,2011,population,World Bank SP.POP.TOTL,5388272.0,5388272.0,0.0,0.0,EXACT,
as_received,FILE2,Finland,FIN,2012,population,World Bank SP.POP.TOTL,5413971.0,5413971.0,0.0,0.0,EXACT,
as_received,FILE2,Finland,FIN,2013,population,World Bank SP.POP.TOTL,5438972.0,5438972.0,0.0,0.0,EXACT,
as_received,FILE2,Finland,FIN,2014,population,World Bank SP.POP.TOTL,5461512.0,5461512.0,0.0,0.0,EXACT,
as_received,FILE2,Finland,FIN,2015,population,World Bank SP.POP.TOTL,5479531.0,5479531.0,0.0,0.0,EXACT,
as_received,FILE2,Finland,FIN,2016,population,World Bank SP.POP.TOTL,5495303.0,5495303.0,0.0,0.0,EXACT,
as_received,FILE2,Finland,FIN,2017,population,World Bank SP.POP.TOTL,5508214.0,5508214.0,0.0,0.0,EXACT,
as_received,FILE2,Finland,FIN,2018,population,World Bank SP.POP.TOTL,5515525.0,5515525.0,0.0,0.0,EXACT,
as_received,FILE2,Finland,FIN,2019,population,World Bank SP.POP.TOTL,5521606.0,5521606.0,0.0,0.0,EXACT,
as_received,FILE2,Finland,FIN,2020,population,World Bank SP.POP.TOTL,5529543.0,5529543.0,0.0,0.0,EXACT,
as_received,FILE2,Finland,FIN,2021,population,World Bank SP.POP.TOTL,5541017.0,5541017.0,0.0,0.0,EXACT,
as_received,FILE2,Finland,FIN,2022,population,World Bank SP.POP.TOTL,5556106.0,5556106.0,0.0,0.0,EXACT,
as_received,FILE2,France,FRA,2010,foreign_born,Eurostat migr_pop3ctb,7309986.0,7309986.0,0.0,0.0,EXACT,
as_received,FILE2,France,FRA,2011,foreign_born,Eurostat migr_pop3ctb,7335966.0,7335966.0,0.0,0.0,EXACT,
as_received,FILE2,France,FRA,2012,foreign_born,Eurostat migr_pop3ctb,7463157.0,7463157.0,0.0,0.0,EXACT,
as_received,FILE2,France,FRA,2013,foreign_born,Eurostat migr_pop3ctb,7543950.0,7543950.0,0.0,0.0,EXACT,
as_received,FILE2,France,FRA,2014,foreign_born,Eurostat migr_pop3ctb,7746520.0,7746520.0,0.0,0.0,EXACT,
as_received,FILE2,France,FRA,2015,foreign_born,Eurostat migr_pop3ctb,7915838.0,7915838.0,0.0,0.0,EXACT,
as_received,FILE2,France,FRA,2016,foreign_born,Eurostat migr_pop3ctb,8028227.0,8028227.0,0.0,0.0,EXACT,
as_received,FILE2,France,FRA,2017,foreign_born,Eurostat migr_pop3ctb,8098872.0,8098872.0,0.0,0.0,EXACT,
as_received,FILE2,France,FRA,2018,foreign_born,Eurostat migr_pop3ctb,8199663.0,8199663.0,0.0,0.0,EXACT,
as_received,FILE2,France,FRA,2019,foreign_born,Eurostat migr_pop3ctb,8368280.0,8368280.0,0.0,0.0,EXACT,
as_received,FILE2,France,FRA,2020,foreign_born,Eurostat migr_pop3ctb,8473346.0,8473346.0,0.0,0.0,EXACT,
as_received,FILE2,France,FRA,2021,foreign_born,Eurostat migr_pop3ctb,8548924.0,8548924.0,0.0,0.0,EXACT,
as_received,FILE2,France,FRA,2022,foreign_born,Eurostat migr_pop3ctb,8635504.0,8635504.0,0.0,0.0,EXACT,
as_received,FILE2,France,FRA,2010,foreign_nationals,Eurostat migr_pop1ctz,3824590.0,3824590.0,0.0,0.0,EXACT,
as_received,FILE2,France,FRA,2011,foreign_nationals,Eurostat migr_pop1ctz,3875096.0,3875096.0,0.0,0.0,EXACT,
as_received,FILE2,France,FRA,2012,foreign_nationals,Eurostat migr_pop1ctz,3944725.0,3944725.0,0.0,0.0,EXACT,
as_received,FILE2,France,FRA,2013,foreign_nationals,Eurostat migr_pop1ctz,4092106.0,4092106.0,0.0,0.0,EXACT,
as_received,FILE2,France,FRA,2014,foreign_nationals,Eurostat migr_pop1ctz,4227226.0,4227226.0,0.0,0.0,EXACT,
as_received,FILE2,France,FRA,2015,foreign_nationals,Eurostat migr_pop1ctz,4431376.0,4431376.0,0.0,0.0,EXACT,
as_received,FILE2,France,FRA,2016,foreign_nationals,Eurostat migr_pop1ctz,4544793.0,4544793.0,0.0,0.0,EXACT,
as_received,FILE2,France,FRA,2017,foreign_nationals,Eurostat migr_pop1ctz,4605669.0,4605669.0,0.0,0.0,EXACT,
as_received,FILE2,France,FRA,2018,foreign_nationals,Eurostat migr_pop1ctz,4950717.0,4950717.0,0.0,0.0,EXACT,
as_received,FILE2,France,FRA,2019,foreign_nationals,Eurostat migr_pop1ctz,5042171.0,5042171.0,0.0,0.0,EXACT,
as_received,FILE2,France,FRA,2020,foreign_nationals,Eurostat migr_pop1ctz,5173605.0,5173605.0,0.0,0.0,EXACT,
as_received,FILE2,France,FRA,2021,foreign_nationals,Eurostat migr_pop1ctz,5302510.0,5302510.0,0.0,0.0,EXACT,
as_received,FILE2,France,FRA,2022,foreign_nationals,Eurostat migr_pop1ctz,5458039.0,5458039.0,0.0,0.0,EXACT,
as_received,FILE2,France,FRA,2010,irregular_detections,Eurostat migr_eipre,56220.0,56220.0,0.0,0.0,EXACT,
as_received,FILE2,France,FRA,2011,irregular_detections,Eurostat migr_eipre,57975.0,57975.0,0.0,0.0,EXACT,
as_received,FILE2,France,FRA,2012,irregular_detections,Eurostat migr_eipre,49760.0,49760.0,0.0,0.0,EXACT,
as_received,FILE2,France,FRA,2013,irregular_detections,Eurostat migr_eipre,48965.0,48965.0,0.0,0.0,EXACT,
as_received,FILE2,France,FRA,2014,irregular_detections,Eurostat migr_eipre,96375.0,96375.0,0.0,0.0,EXACT,
as_received,FILE2,France,FRA,2015,irregular_detections,Eurostat migr_eipre,109720.0,109720.0,0.0,0.0,EXACT,
as_received,FILE2,France,FRA,2016,irregular_detections,Eurostat migr_eipre,91985.0,91985.0,0.0,0.0,EXACT,
as_received,FILE2,France,FRA,2017,irregular_detections,Eurostat migr_eipre,115085.0,115085.0,0.0,0.0,EXACT,
as_received,FILE2,France,FRA,2018,irregular_detections,Eurostat migr_eipre,105880.0,105880.0,0.0,0.0,EXACT,
as_received,FILE2,France,FRA,2019,irregular_detections,Eurostat migr_eipre,120455.0,120455.0,0.0,0.0,EXACT,
as_received,FILE2,France,FRA,2020,irregular_detections,Eurostat migr_eipre,103915.0,103915.0,0.0,0.0,EXACT,
as_received,FILE2,France,FRA,2021,irregular_detections,Eurostat migr_eipre,117265.0,117265.0,0.0,0.0,EXACT,
as_received,FILE2,France,FRA,2022,irregular_detections,Eurostat migr_eipre,115135.0,115135.0,0.0,0.0,EXACT,
as_received,FILE2,France,FRA,2010,population,World Bank SP.POP.TOTL,65026211.0,65026211.0,0.0,0.0,EXACT,
as_received,FILE2,France,FRA,2011,population,World Bank SP.POP.TOTL,65340830.0,65340830.0,0.0,0.0,EXACT,
as_received,FILE2,France,FRA,2012,population,World Bank SP.POP.TOTL,65657659.0,65657659.0,0.0,0.0,EXACT,
as_received,FILE2,France,FRA,2013,population,World Bank SP.POP.TOTL,65997932.0,65997932.0,0.0,0.0,EXACT,
as_received,FILE2,France,FRA,2014,population,World Bank SP.POP.TOTL,66312067.0,66312067.0,0.0,0.0,EXACT,
as_received,FILE2,France,FRA,2015,population,World Bank SP.POP.TOTL,66548272.0,66548272.0,0.0,0.0,EXACT,
as_received,FILE2,France,FRA,2016,population,World Bank SP.POP.TOTL,66724104.0,66724104.0,0.0,0.0,EXACT,
as_received,FILE2,France,FRA,2017,population,World Bank SP.POP.TOTL,66918020.0,66918020.0,0.0,0.0,EXACT,
as_received,FILE2,France,FRA,2018,population,World Bank SP.POP.TOTL,67158348.0,67158348.0,0.0,0.0,EXACT,
as_received,FILE2,France,FRA,2019,population,World Bank SP.POP.TOTL,67382061.0,67382061.0,0.0,0.0,EXACT,
as_received,FILE2,France,FRA,2020,population,World Bank SP.POP.TOTL,67601110.0,67601110.0,0.0,0.0,EXACT,
as_received,FILE2,France,FRA,2021,population,World Bank SP.POP.TOTL,67842811.0,67842811.0,0.0,0.0,EXACT,
as_received,FILE2,France,FRA,2022,population,World Bank SP.POP.TOTL,68184457.0,68184457.0,0.0,0.0,EXACT,
as_received,FILE2,United Kingdom,GBR,2010,foreign_born,Eurostat migr_pop3ctb,7119664.0,7119664.0,0.0,0.0,EXACT,
as_received,FILE2,United Kingdom,GBR,2011,foreign_born,Eurostat migr_pop3ctb,7342547.0,7342547.0,0.0,0.0,EXACT,
as_received,FILE2,United Kingdom,GBR,2012,foreign_born,Eurostat migr_pop3ctb,7762334.0,7762334.0,0.0,0.0,EXACT,
as_received,FILE2,United Kingdom,GBR,2013,foreign_born,Eurostat migr_pop3ctb,7923428.0,7923428.0,0.0,0.0,EXACT,
as_received,FILE2,United Kingdom,GBR,2014,foreign_born,Eurostat migr_pop3ctb,8039324.0,8039324.0,0.0,0.0,EXACT,
as_received,FILE2,United Kingdom,GBR,2015,foreign_born,Eurostat migr_pop3ctb,8406996.0,8406996.0,0.0,0.0,EXACT,
as_received,FILE2,United Kingdom,GBR,2016,foreign_born,Eurostat migr_pop3ctb,8696511.0,8696511.0,0.0,0.0,EXACT,
as_received,FILE2,United Kingdom,GBR,2017,foreign_born,Eurostat migr_pop3ctb,9298018.0,9298018.0,0.0,0.0,EXACT,
as_received,FILE2,United Kingdom,GBR,2018,foreign_born,Eurostat migr_pop3ctb,9512464.0,9512464.0,0.0,0.0,EXACT,
as_received,FILE2,United Kingdom,GBR,2019,foreign_born,Eurostat migr_pop3ctb,9469015.0,9469015.0,0.0,0.0,EXACT,
as_received,FILE2,United Kingdom,GBR,2010,foreign_nationals,Eurostat migr_pop1ctz,4435587.0,4435587.0,0.0,0.0,EXACT,
as_received,FILE2,United Kingdom,GBR,2011,foreign_nationals,Eurostat migr_pop1ctz,4546862.0,4546862.0,0.0,0.0,EXACT,
as_received,FILE2,United Kingdom,GBR,2012,foreign_nationals,Eurostat migr_pop1ctz,4884405.0,4884405.0,0.0,0.0,EXACT,
as_received,FILE2,United Kingdom,GBR,2013,foreign_nationals,Eurostat migr_pop1ctz,4978600.0,4978600.0,0.0,0.0,EXACT,
as_received,FILE2,United Kingdom,GBR,2014,foreign_nationals,Eurostat migr_pop1ctz,5049401.0,5049401.0,0.0,0.0,EXACT,
as_received,FILE2,United Kingdom,GBR,2015,foreign_nationals,Eurostat migr_pop1ctz,5419192.0,5419192.0,0.0,0.0,EXACT,
as_received,FILE2,United Kingdom,GBR,2016,foreign_nationals,Eurostat migr_pop1ctz,5639712.0,5639712.0,0.0,0.0,EXACT,
as_received,FILE2,United Kingdom,GBR,2017,foreign_nationals,Eurostat migr_pop1ctz,6073524.0,6073524.0,0.0,0.0,EXACT,
as_received,FILE2,United Kingdom,GBR,2018,foreign_nationals,Eurostat migr_pop1ctz,6285974.0,6285974.0,0.0,0.0,EXACT,
as_received,FILE2,United Kingdom,GBR,2019,foreign_nationals,Eurostat migr_pop1ctz,6171948.0,6171948.0,0.0,0.0,EXACT,
as_received,FILE2,United Kingdom,GBR,2010,irregular_detections,Eurostat migr_eipre,53700.0,53700.0,0.0,0.0,EXACT,
as_received,FILE2,United Kingdom,GBR,2011,irregular_detections,Eurostat migr_eipre,54150.0,54150.0,0.0,0.0,EXACT,
as_received,FILE2,United Kingdom,GBR,2012,irregular_detections,Eurostat migr_eipre,49365.0,49365.0,0.0,0.0,EXACT,
as_received,FILE2,United Kingdom,GBR,2013,irregular_detections,Eurostat migr_eipre,57415.0,57415.0,0.0,0.0,EXACT,
as_received,FILE2,United Kingdom,GBR,2014,irregular_detections,Eurostat migr_eipre,65365.0,65365.0,0.0,0.0,EXACT,
as_received,FILE2,United Kingdom,GBR,2015,irregular_detections,Eurostat migr_eipre,70020.0,70020.0,0.0,0.0,EXACT,
as_received,FILE2,United Kingdom,GBR,2016,irregular_detections,Eurostat migr_eipre,59895.0,59895.0,0.0,0.0,EXACT,
as_received,FILE2,United Kingdom,GBR,2017,irregular_detections,Eurostat migr_eipre,54910.0,54910.0,0.0,0.0,EXACT,
as_received,FILE2,United Kingdom,GBR,2018,irregular_detections,Eurostat migr_eipre,27830.0,27830.0,0.0,0.0,EXACT,
as_received,FILE2,United Kingdom,GBR,2019,irregular_detections,Eurostat migr_eipre,22275.0,22275.0,0.0,0.0,EXACT,
as_received,FILE2,United Kingdom,GBR,2010,population,World Bank SP.POP.TOTL,62766365.0,62766365.0,0.0,0.0,EXACT,
as_received,FILE2,United Kingdom,GBR,2011,population,World Bank SP.POP.TOTL,63258810.0,63258810.0,0.0,0.0,EXACT,
as_received,FILE2,United Kingdom,GBR,2012,population,World Bank SP.POP.TOTL,63711000.0,63711000.0,0.0,0.0,EXACT,
as_received,FILE2,United Kingdom,GBR,2013,population,World Bank SP.POP.TOTL,64138000.0,64138000.0,0.0,0.0,EXACT,
as_received,FILE2,United Kingdom,GBR,2014,population,World Bank SP.POP.TOTL,64619000.0,64619000.0,0.0,0.0,EXACT,
as_received,FILE2,United Kingdom,GBR,2015,population,World Bank SP.POP.TOTL,65087000.0,65087000.0,0.0,0.0,EXACT,
as_received,FILE2,United Kingdom,GBR,2016,population,World Bank SP.POP.TOTL,65606000.0,65606000.0,0.0,0.0,EXACT,
as_received,FILE2,United Kingdom,GBR,2017,population,World Bank SP.POP.TOTL,65964000.0,65964000.0,0.0,0.0,EXACT,
as_received,FILE2,United Kingdom,GBR,2018,population,World Bank SP.POP.TOTL,66287000.0,66287000.0,0.0,0.0,EXACT,
as_received,FILE2,United Kingdom,GBR,2019,population,World Bank SP.POP.TOTL,66628000.0,66628000.0,0.0,0.0,EXACT,
as_received,FILE2,United Kingdom,GBR,2020,population,World Bank SP.POP.TOTL,66740000.0,66740000.0,0.0,0.0,EXACT,
as_received,FILE2,United Kingdom,GBR,2021,population,World Bank SP.POP.TOTL,66978000.0,66978000.0,0.0,0.0,EXACT,
as_received,FILE2,United Kingdom,GBR,2022,population,World Bank SP.POP.TOTL,67636000.0,67636000.0,0.0,0.0,EXACT,
as_received,FILE2,Croatia,HRV,2013,foreign_born,Eurostat migr_pop3ctb,569220.0,569220.0,0.0,0.0,EXACT,
as_received,FILE2,Croatia,HRV,2014,foreign_born,Eurostat migr_pop3ctb,558092.0,558092.0,0.0,0.0,EXACT,
as_received,FILE2,Croatia,HRV,2015,foreign_born,Eurostat migr_pop3ctb,545115.0,545115.0,0.0,0.0,EXACT,
as_received,FILE2,Croatia,HRV,2016,foreign_born,Eurostat migr_pop3ctb,526279.0,526279.0,0.0,0.0,EXACT,
as_received,FILE2,Croatia,HRV,2017,foreign_born,Eurostat migr_pop3ctb,512411.0,512411.0,0.0,0.0,EXACT,
as_received,FILE2,Croatia,HRV,2018,foreign_born,Eurostat migr_pop3ctb,496265.0,496265.0,0.0,0.0,EXACT,
as_received,FILE2,Croatia,HRV,2019,foreign_born,Eurostat migr_pop3ctb,488393.0,488393.0,0.0,0.0,EXACT,
as_received,FILE2,Croatia,HRV,2020,foreign_born,Eurostat migr_pop3ctb,486390.0,486390.0,0.0,0.0,EXACT,
as_received,FILE2,Croatia,HRV,2021,foreign_born,Eurostat migr_pop3ctb,478056.0,478056.0,0.0,0.0,EXACT,
as_received,FILE2,Croatia,HRV,2022,foreign_born,Eurostat migr_pop3ctb,472308.0,472308.0,0.0,0.0,EXACT,
as_received,FILE2,Croatia,HRV,2013,foreign_nationals,Eurostat migr_pop1ctz,24142.0,24142.0,0.0,0.0,EXACT,
as_received,FILE2,Croatia,HRV,2014,foreign_nationals,Eurostat migr_pop1ctz,23801.0,23801.0,0.0,0.0,EXACT,
as_received,FILE2,Croatia,HRV,2015,foreign_nationals,Eurostat migr_pop1ctz,24125.0,24125.0,0.0,0.0,EXACT,
as_received,FILE2,Croatia,HRV,2016,foreign_nationals,Eurostat migr_pop1ctz,24231.0,24231.0,0.0,0.0,EXACT,
as_received,FILE2,Croatia,HRV,2017,foreign_nationals,Eurostat migr_pop1ctz,24102.0,24102.0,0.0,0.0,EXACT,
as_received,FILE2,Croatia,HRV,2018,foreign_nationals,Eurostat migr_pop1ctz,24024.0,24024.0,0.0,0.0,EXACT,
as_received,FILE2,Croatia,HRV,2019,foreign_nationals,Eurostat migr_pop1ctz,23878.0,23878.0,0.0,0.0,EXACT,
as_received,FILE2,Croatia,HRV,2020,foreign_nationals,Eurostat migr_pop1ctz,24631.0,24631.0,0.0,0.0,EXACT,
as_received,FILE2,Croatia,HRV,2021,foreign_nationals,Eurostat migr_pop1ctz,26259.0,26259.0,0.0,0.0,EXACT,
as_received,FILE2,Croatia,HRV,2022,foreign_nationals,Eurostat migr_pop1ctz,35919.0,35919.0,0.0,0.0,EXACT,
as_received,FILE2,Croatia,HRV,2013,irregular_detections,Eurostat migr_eipre,4150.0,4150.0,0.0,0.0,EXACT,
as_received,FILE2,Croatia,HRV,2014,irregular_detections,Eurostat migr_eipre,2500.0,2500.0,0.0,0.0,EXACT,
as_received,FILE2,Croatia,HRV,2015,irregular_detections,Eurostat migr_eipre,3295.0,3295.0,0.0,0.0,EXACT,
as_received,FILE2,Croatia,HRV,2016,irregular_detections,Eurostat migr_eipre,3320.0,3320.0,0.0,0.0,EXACT,
as_received,FILE2,Croatia,HRV,2017,irregular_detections,Eurostat migr_eipre,3495.0,3495.0,0.0,0.0,EXACT,
as_received,FILE2,Croatia,HRV,2018,irregular_detections,Eurostat migr_eipre,5580.0,5580.0,0.0,0.0,EXACT,
as_received,FILE2,Croatia,HRV,2019,irregular_detections,Eurostat migr_eipre,13630.0,13630.0,0.0,0.0,EXACT,
as_received,FILE2,Croatia,HRV,2020,irregular_detections,Eurostat migr_eipre,22240.0,22240.0,0.0,0.0,EXACT,
as_received,FILE2,Croatia,HRV,2021,irregular_detections,Eurostat migr_eipre,13540.0,13540.0,0.0,0.0,EXACT,
as_received,FILE2,Croatia,HRV,2022,irregular_detections,Eurostat migr_eipre,43830.0,43830.0,0.0,0.0,EXACT,
as_received,FILE2,Croatia,HRV,2010,population,World Bank SP.POP.TOTL,4295427.0,4295427.0,0.0,0.0,EXACT,
as_received,FILE2,Croatia,HRV,2011,population,World Bank SP.POP.TOTL,4280622.0,4280622.0,0.0,0.0,EXACT,
as_received,FILE2,Croatia,HRV,2012,population,World Bank SP.POP.TOTL,4260368.0,4260368.0,0.0,0.0,EXACT,
as_received,FILE2,Croatia,HRV,2013,population,World Bank SP.POP.TOTL,4233922.0,4233922.0,0.0,0.0,EXACT,
as_received,FILE2,Croatia,HRV,2014,population,World Bank SP.POP.TOTL,4201598.0,4201598.0,0.0,0.0,EXACT,
as_received,FILE2,Croatia,HRV,2015,population,World Bank SP.POP.TOTL,4151725.0,4151725.0,0.0,0.0,EXACT,
as_received,FILE2,Croatia,HRV,2016,population,World Bank SP.POP.TOTL,4106867.0,4106867.0,0.0,0.0,EXACT,
as_received,FILE2,Croatia,HRV,2017,population,World Bank SP.POP.TOTL,4041407.0,4041407.0,0.0,0.0,EXACT,
as_received,FILE2,Croatia,HRV,2018,population,World Bank SP.POP.TOTL,3988775.0,3988775.0,0.0,0.0,EXACT,
as_received,FILE2,Croatia,HRV,2019,population,World Bank SP.POP.TOTL,3949390.0,3949390.0,0.0,0.0,EXACT,
as_received,FILE2,Croatia,HRV,2020,population,World Bank SP.POP.TOTL,3914206.0,3914206.0,0.0,0.0,EXACT,
as_received,FILE2,Croatia,HRV,2021,population,World Bank SP.POP.TOTL,3878981.0,3878981.0,0.0,0.0,EXACT,
as_received,FILE2,Croatia,HRV,2022,population,World Bank SP.POP.TOTL,3855641.0,3855641.0,0.0,0.0,EXACT,
as_received,FILE2,Hungary,HUN,2010,foreign_born,Eurostat migr_pop3ctb,436616.0,436616.0,0.0,0.0,EXACT,
as_received,FILE2,Hungary,HUN,2011,foreign_born,Eurostat migr_pop3ctb,443295.0,443295.0,0.0,0.0,EXACT,
as_received,FILE2,Hungary,HUN,2012,foreign_born,Eurostat migr_pop3ctb,401769.0,401769.0,0.0,0.0,EXACT,
as_received,FILE2,Hungary,HUN,2013,foreign_born,Eurostat migr_pop3ctb,423317.0,423317.0,0.0,0.0,EXACT,
as_received,FILE2,Hungary,HUN,2014,foreign_born,Eurostat migr_pop3ctb,447029.0,447029.0,0.0,0.0,EXACT,
as_received,FILE2,Hungary,HUN,2015,foreign_born,Eurostat migr_pop3ctb,475508.0,475508.0,0.0,0.0,EXACT,
as_received,FILE2,Hungary,HUN,2016,foreign_born,Eurostat migr_pop3ctb,503787.0,503787.0,0.0,0.0,EXACT,
as_received,FILE2,Hungary,HUN,2017,foreign_born,Eurostat migr_pop3ctb,513649.0,513649.0,0.0,0.0,EXACT,
as_received,FILE2,Hungary,HUN,2018,foreign_born,Eurostat migr_pop3ctb,536182.0,536182.0,0.0,0.0,EXACT,
as_received,FILE2,Hungary,HUN,2019,foreign_born,Eurostat migr_pop3ctb,564761.0,564761.0,0.0,0.0,EXACT,
as_received,FILE2,Hungary,HUN,2020,foreign_born,Eurostat migr_pop3ctb,593937.0,593937.0,0.0,0.0,EXACT,
as_received,FILE2,Hungary,HUN,2021,foreign_born,Eurostat migr_pop3ctb,597440.0,597440.0,0.0,0.0,EXACT,
as_received,FILE2,Hungary,HUN,2022,foreign_born,Eurostat migr_pop3ctb,612618.0,612618.0,0.0,0.0,EXACT,
as_received,FILE2,Hungary,HUN,2010,foreign_nationals,Eurostat migr_pop1ctz,200005.0,200005.0,0.0,0.0,EXACT,
as_received,FILE2,Hungary,HUN,2011,foreign_nationals,Eurostat migr_pop1ctz,209202.0,209202.0,0.0,0.0,EXACT,
as_received,FILE2,Hungary,HUN,2012,foreign_nationals,Eurostat migr_pop1ctz,143125.0,143125.0,0.0,0.0,EXACT,
as_received,FILE2,Hungary,HUN,2013,foreign_nationals,Eurostat migr_pop1ctz,141122.0,141122.0,0.0,0.0,EXACT,
as_received,FILE2,Hungary,HUN,2014,foreign_nationals,Eurostat migr_pop1ctz,140301.0,140301.0,0.0,0.0,EXACT,
as_received,FILE2,Hungary,HUN,2015,foreign_nationals,Eurostat migr_pop1ctz,145727.0,145727.0,0.0,0.0,EXACT,
as_received,FILE2,Hungary,HUN,2016,foreign_nationals,Eurostat migr_pop1ctz,156366.0,156366.0,0.0,0.0,EXACT,
as_received,FILE2,Hungary,HUN,2017,foreign_nationals,Eurostat migr_pop1ctz,150885.0,150885.0,0.0,0.0,EXACT,
as_received,FILE2,Hungary,HUN,2018,foreign_nationals,Eurostat migr_pop1ctz,161549.0,161549.0,0.0,0.0,EXACT,
as_received,FILE2,Hungary,HUN,2019,foreign_nationals,Eurostat migr_pop1ctz,180525.0,180525.0,0.0,0.0,EXACT,
as_received,FILE2,Hungary,HUN,2020,foreign_nationals,Eurostat migr_pop1ctz,199707.0,199707.0,0.0,0.0,EXACT,
as_received,FILE2,Hungary,HUN,2021,foreign_nationals,Eurostat migr_pop1ctz,194240.0,194240.0,0.0,0.0,EXACT,
as_received,FILE2,Hungary,HUN,2022,foreign_nationals,Eurostat migr_pop1ctz,202299.0,202299.0,0.0,0.0,EXACT,
as_received,FILE2,Hungary,HUN,2010,irregular_detections,Eurostat migr_eipre,6970.0,6970.0,0.0,0.0,EXACT,
as_received,FILE2,Hungary,HUN,2011,irregular_detections,Eurostat migr_eipre,9655.0,9655.0,0.0,0.0,EXACT,
as_received,FILE2,Hungary,HUN,2012,irregular_detections,Eurostat migr_eipre,12175.0,12175.0,0.0,0.0,EXACT,
as_received,FILE2,Hungary,HUN,2013,irregular_detections,Eurostat migr_eipre,28755.0,28755.0,0.0,0.0,EXACT,
as_received,FILE2,Hungary,HUN,2014,irregular_detections,Eurostat migr_eipre,56170.0,56170.0,0.0,0.0,EXACT,
as_received,FILE2,Hungary,HUN,2015,irregular_detections,Eurostat migr_eipre,424055.0,424055.0,0.0,0.0,EXACT,
as_received,FILE2,Hungary,HUN,2016,irregular_detections,Eurostat migr_eipre,41560.0,41560.0,0.0,0.0,EXACT,
as_received,FILE2,Hungary,HUN,2017,irregular_detections,Eurostat migr_eipre,25730.0,25730.0,0.0,0.0,EXACT,
as_received,FILE2,Hungary,HUN,2018,irregular_detections,Eurostat migr_eipre,18915.0,18915.0,0.0,0.0,EXACT,
as_received,FILE2,Hungary,HUN,2019,irregular_detections,Eurostat migr_eipre,36440.0,36440.0,0.0,0.0,EXACT,
as_received,FILE2,Hungary,HUN,2020,irregular_detections,Eurostat migr_eipre,89370.0,89370.0,0.0,0.0,EXACT,
as_received,FILE2,Hungary,HUN,2021,irregular_detections,Eurostat migr_eipre,134140.0,134140.0,0.0,0.0,EXACT,
as_received,FILE2,Hungary,HUN,2022,irregular_detections,Eurostat migr_eipre,222515.0,222515.0,0.0,0.0,EXACT,
as_received,FILE2,Hungary,HUN,2010,population,World Bank SP.POP.TOTL,10000023.0,10000023.0,0.0,0.0,EXACT,
as_received,FILE2,Hungary,HUN,2011,population,World Bank SP.POP.TOTL,9971727.0,9971727.0,0.0,0.0,EXACT,
as_received,FILE2,Hungary,HUN,2012,population,World Bank SP.POP.TOTL,9920362.0,9920362.0,0.0,0.0,EXACT,
as_received,FILE2,Hungary,HUN,2013,population,World Bank SP.POP.TOTL,9872734.0,9872734.0,0.0,0.0,EXACT,
as_received,FILE2,Hungary,HUN,2014,population,World Bank SP.POP.TOTL,9833038.0,9833038.0,0.0,0.0,EXACT,
as_received,FILE2,Hungary,HUN,2015,population,World Bank SP.POP.TOTL,9797755.0,9797755.0,0.0,0.0,EXACT,
as_received,FILE2,Hungary,HUN,2016,population,World Bank SP.POP.TOTL,9759755.0,9759755.0,0.0,0.0,EXACT,
as_received,FILE2,Hungary,HUN,2017,population,World Bank SP.POP.TOTL,9726756.0,9726756.0,0.0,0.0,EXACT,
as_received,FILE2,Hungary,HUN,2018,population,World Bank SP.POP.TOTL,9706964.0,9706964.0,0.0,0.0,EXACT,
as_received,FILE2,Hungary,HUN,2019,population,World Bank SP.POP.TOTL,9694824.0,9694824.0,0.0,0.0,EXACT,
as_received,FILE2,Hungary,HUN,2020,population,World Bank SP.POP.TOTL,9670419.0,9670419.0,0.0,0.0,EXACT,
as_received,FILE2,Hungary,HUN,2021,population,World Bank SP.POP.TOTL,9630932.0,9630932.0,0.0,0.0,EXACT,
as_received,FILE2,Hungary,HUN,2022,population,World Bank SP.POP.TOTL,9605074.0,9605074.0,0.0,0.0,EXACT,
as_received,FILE2,India,IND,2010,foreign_born,World Bank SM.POP.TOTL,5601237.0,5601237.0,0.0,0.0,EXACT,
as_received,FILE2,India,IND,2015,foreign_born,World Bank SM.POP.TOTL,5252296.0,5252296.0,0.0,0.0,EXACT,
as_received,FILE2,India,IND,2020,foreign_born,World Bank SM.POP.TOTL,4929816.0,4929816.0,0.0,0.0,EXACT,
as_received,FILE2,India,IND,2010,population,World Bank SP.POP.TOTL,1243481564.0,1243481564.0,0.0,0.0,EXACT,
as_received,FILE2,India,IND,2011,population,World Bank SP.POP.TOTL,1261224954.0,1261224954.0,0.0,0.0,EXACT,
as_received,FILE2,India,IND,2012,population,World Bank SP.POP.TOTL,1278674502.0,1278674502.0,0.0,0.0,EXACT,
as_received,FILE2,India,IND,2013,population,World Bank SP.POP.TOTL,1295829511.0,1295829511.0,0.0,0.0,EXACT,
as_received,FILE2,India,IND,2014,population,World Bank SP.POP.TOTL,1312277191.0,1312277191.0,0.0,0.0,EXACT,
as_received,FILE2,India,IND,2015,population,World Bank SP.POP.TOTL,1328024498.0,1328024498.0,0.0,0.0,EXACT,
as_received,FILE2,India,IND,2016,population,World Bank SP.POP.TOTL,1343944296.0,1343944296.0,0.0,0.0,EXACT,
as_received,FILE2,India,IND,2017,population,World Bank SP.POP.TOTL,1359657400.0,1359657400.0,0.0,0.0,EXACT,
as_received,FILE2,India,IND,2018,population,World Bank SP.POP.TOTL,1374659064.0,1374659064.0,0.0,0.0,EXACT,
as_received,FILE2,India,IND,2019,population,World Bank SP.POP.TOTL,1389030312.0,1389030312.0,0.0,0.0,EXACT,
as_received,FILE2,India,IND,2020,population,World Bank SP.POP.TOTL,1402617695.0,1402617695.0,0.0,0.0,EXACT,
as_received,FILE2,India,IND,2021,population,World Bank SP.POP.TOTL,1414203896.0,1414203896.0,0.0,0.0,EXACT,
as_received,FILE2,India,IND,2022,population,World Bank SP.POP.TOTL,1425423212.0,1425423212.0,0.0,0.0,EXACT,
as_received,FILE2,Iceland,ISL,2010,foreign_born,Eurostat migr_pop3ctb,35091.0,35091.0,0.0,0.0,EXACT,
as_received,FILE2,Iceland,ISL,2011,foreign_born,Eurostat migr_pop3ctb,34650.0,34650.0,0.0,0.0,EXACT,
as_received,FILE2,Iceland,ISL,2012,foreign_born,Eurostat migr_pop3ctb,34550.0,34550.0,0.0,0.0,EXACT,
as_received,FILE2,Iceland,ISL,2013,foreign_born,Eurostat migr_pop3ctb,35319.0,35319.0,0.0,0.0,EXACT,
as_received,FILE2,Iceland,ISL,2014,foreign_born,Eurostat migr_pop3ctb,37116.0,37116.0,0.0,0.0,EXACT,
as_received,FILE2,Iceland,ISL,2015,foreign_born,Eurostat migr_pop3ctb,39072.0,39072.0,0.0,0.0,EXACT,
as_received,FILE2,Iceland,ISL,2016,foreign_born,Eurostat migr_pop3ctb,41853.0,41853.0,0.0,0.0,EXACT,
as_received,FILE2,Iceland,ISL,2017,foreign_born,Eurostat migr_pop3ctb,46080.0,46080.0,0.0,0.0,EXACT,
as_received,FILE2,Iceland,ISL,2018,foreign_born,Eurostat migr_pop3ctb,53540.0,53540.0,0.0,0.0,EXACT,
as_received,FILE2,Iceland,ISL,2019,foreign_born,Eurostat migr_pop3ctb,59999.0,59999.0,0.0,0.0,EXACT,
as_received,FILE2,Iceland,ISL,2020,foreign_born,Eurostat migr_pop3ctb,65205.0,65205.0,0.0,0.0,EXACT,
as_received,FILE2,Iceland,ISL,2021,foreign_born,Eurostat migr_pop3ctb,67438.0,67438.0,0.0,0.0,EXACT,
as_received,FILE2,Iceland,ISL,2022,foreign_born,Eurostat migr_pop3ctb,71767.0,71767.0,0.0,0.0,EXACT,
as_received,FILE2,Iceland,ISL,2010,foreign_nationals,Eurostat migr_pop1ctz,21701.0,21701.0,0.0,0.0,EXACT,
as_received,FILE2,Iceland,ISL,2011,foreign_nationals,Eurostat migr_pop1ctz,21143.0,21143.0,0.0,0.0,EXACT,
as_received,FILE2,Iceland,ISL,2012,foreign_nationals,Eurostat migr_pop1ctz,20957.0,20957.0,0.0,0.0,EXACT,
as_received,FILE2,Iceland,ISL,2013,foreign_nationals,Eurostat migr_pop1ctz,21446.0,21446.0,0.0,0.0,EXACT,
as_received,FILE2,Iceland,ISL,2014,foreign_nationals,Eurostat migr_pop1ctz,22744.0,22744.0,0.0,0.0,EXACT,
as_received,FILE2,Iceland,ISL,2015,foreign_nationals,Eurostat migr_pop1ctz,24294.0,24294.0,0.0,0.0,EXACT,
as_received,FILE2,Iceland,ISL,2016,foreign_nationals,Eurostat migr_pop1ctz,26485.0,26485.0,0.0,0.0,EXACT,
as_received,FILE2,Iceland,ISL,2017,foreign_nationals,Eurostat migr_pop1ctz,30275.0,30275.0,0.0,0.0,EXACT,
as_received,FILE2,Iceland,ISL,2018,foreign_nationals,Eurostat migr_pop1ctz,37830.0,37830.0,0.0,0.0,EXACT,
as_received,FILE2,Iceland,ISL,2019,foreign_nationals,Eurostat migr_pop1ctz,44269.0,44269.0,0.0,0.0,EXACT,
as_received,FILE2,Iceland,ISL,2020,foreign_nationals,Eurostat migr_pop1ctz,49391.0,49391.0,0.0,0.0,EXACT,
as_received,FILE2,Iceland,ISL,2021,foreign_nationals,Eurostat migr_pop1ctz,51283.0,51283.0,0.0,0.0,EXACT,
as_received,FILE2,Iceland,ISL,2022,foreign_nationals,Eurostat migr_pop1ctz,54959.0,54959.0,0.0,0.0,EXACT,
as_received,FILE2,Iceland,ISL,2016,irregular_detections,Eurostat migr_eipre,30.0,30.0,0.0,0.0,EXACT,
as_received,FILE2,Iceland,ISL,2017,irregular_detections,Eurostat migr_eipre,15.0,15.0,0.0,0.0,EXACT,
as_received,FILE2,Iceland,ISL,2019,irregular_detections,Eurostat migr_eipre,110.0,110.0,0.0,0.0,EXACT,
as_received,FILE2,Iceland,ISL,2010,population,World Bank SP.POP.TOTL,318041.0,318041.0,0.0,0.0,EXACT,
as_received,FILE2,Iceland,ISL,2011,population,World Bank SP.POP.TOTL,319014.0,319014.0,0.0,0.0,EXACT,
as_received,FILE2,Iceland,ISL,2012,population,World Bank SP.POP.TOTL,320716.0,320716.0,0.0,0.0,EXACT,
as_received,FILE2,Iceland,ISL,2013,population,World Bank SP.POP.TOTL,323764.0,323764.0,0.0,0.0,EXACT,
as_received,FILE2,Iceland,ISL,2014,population,World Bank SP.POP.TOTL,327386.0,327386.0,0.0,0.0,EXACT,
as_received,FILE2,Iceland,ISL,2015,population,World Bank SP.POP.TOTL,330815.0,330815.0,0.0,0.0,EXACT,
as_received,FILE2,Iceland,ISL,2016,population,World Bank SP.POP.TOTL,335439.0,335439.0,0.0,0.0,EXACT,
as_received,FILE2,Iceland,ISL,2017,population,World Bank SP.POP.TOTL,343400.0,343400.0,0.0,0.0,EXACT,
as_received,FILE2,Iceland,ISL,2018,population,World Bank SP.POP.TOTL,352721.0,352721.0,0.0,0.0,EXACT,
as_received,FILE2,Iceland,ISL,2019,population,World Bank SP.POP.TOTL,360563.0,360563.0,0.0,0.0,EXACT,
as_received,FILE2,Iceland,ISL,2020,population,World Bank SP.POP.TOTL,366463.0,366463.0,0.0,0.0,EXACT,
as_received,FILE2,Iceland,ISL,2021,population,World Bank SP.POP.TOTL,372520.0,372520.0,0.0,0.0,EXACT,
as_received,FILE2,Iceland,ISL,2022,population,World Bank SP.POP.TOTL,382003.0,382003.0,0.0,0.0,EXACT,
as_received,FILE2,Israel,ISR,2010,population,World Bank SP.POP.TOTL,7623600.0,7623600.0,0.0,0.0,EXACT,
as_received,FILE2,Israel,ISR,2011,population,World Bank SP.POP.TOTL,7765800.0,7765800.0,0.0,0.0,EXACT,
as_received,FILE2,Israel,ISR,2012,population,World Bank SP.POP.TOTL,7910500.0,7910500.0,0.0,0.0,EXACT,
as_received,FILE2,Israel,ISR,2013,population,World Bank SP.POP.TOTL,8059500.0,8059500.0,0.0,0.0,EXACT,
as_received,FILE2,Israel,ISR,2014,population,World Bank SP.POP.TOTL,8215700.0,8215700.0,0.0,0.0,EXACT,
as_received,FILE2,Israel,ISR,2015,population,World Bank SP.POP.TOTL,8380100.0,8380100.0,0.0,0.0,EXACT,
as_received,FILE2,Israel,ISR,2016,population,World Bank SP.POP.TOTL,8546000.0,8546000.0,0.0,0.0,EXACT,
as_received,FILE2,Israel,ISR,2017,population,World Bank SP.POP.TOTL,8713300.0,8713300.0,0.0,0.0,EXACT,
as_received,FILE2,Israel,ISR,2018,population,World Bank SP.POP.TOTL,8882800.0,8882800.0,0.0,0.0,EXACT,
as_received,FILE2,Israel,ISR,2019,population,World Bank SP.POP.TOTL,9054000.0,9054000.0,0.0,0.0,EXACT,
as_received,FILE2,Israel,ISR,2020,population,World Bank SP.POP.TOTL,9215100.0,9215100.0,0.0,0.0,EXACT,
as_received,FILE2,Israel,ISR,2021,population,World Bank SP.POP.TOTL,9371400.0,9371400.0,0.0,0.0,EXACT,
as_received,FILE2,Israel,ISR,2022,population,World Bank SP.POP.TOTL,9557500.0,9557500.0,0.0,0.0,EXACT,
as_received,FILE2,Italy,ITA,2010,foreign_born,Eurostat migr_pop3ctb,4597046.0,4597046.0,0.0,0.0,EXACT,
as_received,FILE2,Italy,ITA,2011,foreign_born,Eurostat migr_pop3ctb,4834495.0,4834495.0,0.0,0.0,EXACT,
as_received,FILE2,Italy,ITA,2012,foreign_born,Eurostat migr_pop3ctb,5022967.0,5022967.0,0.0,0.0,EXACT,
as_received,FILE2,Italy,ITA,2013,foreign_born,Eurostat migr_pop3ctb,5220823.0,5220823.0,0.0,0.0,EXACT,
as_received,FILE2,Italy,ITA,2014,foreign_born,Eurostat migr_pop3ctb,5355018.0,5355018.0,0.0,0.0,EXACT,
as_received,FILE2,Italy,ITA,2015,foreign_born,Eurostat migr_pop3ctb,5383252.0,5383252.0,0.0,0.0,EXACT,
as_received,FILE2,Italy,ITA,2016,foreign_born,Eurostat migr_pop3ctb,5656510.0,5656510.0,0.0,0.0,EXACT,
as_received,FILE2,Italy,ITA,2017,foreign_born,Eurostat migr_pop3ctb,5770263.0,5770263.0,0.0,0.0,EXACT,
as_received,FILE2,Italy,ITA,2018,foreign_born,Eurostat migr_pop3ctb,5888837.0,5888837.0,0.0,0.0,EXACT,
as_received,FILE2,Italy,ITA,2019,foreign_born,Eurostat migr_pop3ctb,6069000.0,6069000.0,0.0,0.0,EXACT,
as_received,FILE2,Italy,ITA,2020,foreign_born,Eurostat migr_pop3ctb,6161391.0,6161391.0,0.0,0.0,EXACT,
as_received,FILE2,Italy,ITA,2021,foreign_born,Eurostat migr_pop3ctb,6262207.0,6262207.0,0.0,0.0,EXACT,
as_received,FILE2,Italy,ITA,2022,foreign_born,Eurostat migr_pop3ctb,6161003.0,6161003.0,0.0,0.0,EXACT,
as_received,FILE2,Italy,ITA,2010,foreign_nationals,Eurostat migr_pop1ctz,3836349.0,3836349.0,0.0,0.0,EXACT,
as_received,FILE2,Italy,ITA,2011,foreign_nationals,Eurostat migr_pop1ctz,4101335.0,4101335.0,0.0,0.0,EXACT,
as_received,FILE2,Italy,ITA,2012,foreign_nationals,Eurostat migr_pop1ctz,4319201.0,4319201.0,0.0,0.0,EXACT,
as_received,FILE2,Italy,ITA,2013,foreign_nationals,Eurostat migr_pop1ctz,4610493.0,4610493.0,0.0,0.0,EXACT,
as_received,FILE2,Italy,ITA,2014,foreign_nationals,Eurostat migr_pop1ctz,4787166.0,4787166.0,0.0,0.0,EXACT,
as_received,FILE2,Italy,ITA,2015,foreign_nationals,Eurostat migr_pop1ctz,4835245.0,4835245.0,0.0,0.0,EXACT,
as_received,FILE2,Italy,ITA,2016,foreign_nationals,Eurostat migr_pop1ctz,4831042.0,4831042.0,0.0,0.0,EXACT,
as_received,FILE2,Italy,ITA,2017,foreign_nationals,Eurostat migr_pop1ctz,4818633.0,4818633.0,0.0,0.0,EXACT,
as_received,FILE2,Italy,ITA,2018,foreign_nationals,Eurostat migr_pop1ctz,4883451.0,4883451.0,0.0,0.0,EXACT,
as_received,FILE2,Italy,ITA,2019,foreign_nationals,Eurostat migr_pop1ctz,4996158.0,4996158.0,0.0,0.0,EXACT,
as_received,FILE2,Italy,ITA,2020,foreign_nationals,Eurostat migr_pop1ctz,5039637.0,5039637.0,0.0,0.0,EXACT,
as_received,FILE2,Italy,ITA,2021,foreign_nationals,Eurostat migr_pop1ctz,5171894.0,5171894.0,0.0,0.0,EXACT,
as_received,FILE2,Italy,ITA,2022,foreign_nationals,Eurostat migr_pop1ctz,5030716.0,5030716.0,0.0,0.0,EXACT,
as_received,FILE2,Italy,ITA,2010,irregular_detections,Eurostat migr_eipre,46955.0,46955.0,0.0,0.0,EXACT,
as_received,FILE2,Italy,ITA,2011,irregular_detections,Eurostat migr_eipre,29505.0,29505.0,0.0,0.0,EXACT,
as_received,FILE2,Italy,ITA,2012,irregular_detections,Eurostat migr_eipre,29345.0,29345.0,0.0,0.0,EXACT,
as_received,FILE2,Italy,ITA,2013,irregular_detections,Eurostat migr_eipre,23945.0,23945.0,0.0,0.0,EXACT,
as_received,FILE2,Italy,ITA,2014,irregular_detections,Eurostat migr_eipre,25300.0,25300.0,0.0,0.0,EXACT,
as_received,FILE2,Italy,ITA,2015,irregular_detections,Eurostat migr_eipre,27305.0,27305.0,0.0,0.0,EXACT,
as_received,FILE2,Italy,ITA,2016,irregular_detections,Eurostat migr_eipre,32365.0,32365.0,0.0,0.0,EXACT,
as_received,FILE2,Italy,ITA,2017,irregular_detections,Eurostat migr_eipre,36230.0,36230.0,0.0,0.0,EXACT,
as_received,FILE2,Italy,ITA,2018,irregular_detections,Eurostat migr_eipre,26780.0,26780.0,0.0,0.0,EXACT,
as_received,FILE2,Italy,ITA,2019,irregular_detections,Eurostat migr_eipre,26885.0,26885.0,0.0,0.0,EXACT,
as_received,FILE2,Italy,ITA,2020,irregular_detections,Eurostat migr_eipre,22785.0,22785.0,0.0,0.0,EXACT,
as_received,FILE2,Italy,ITA,2021,irregular_detections,Eurostat migr_eipre,92070.0,92070.0,0.0,0.0,EXACT,
as_received,FILE2,Italy,ITA,2022,irregular_detections,Eurostat migr_eipre,138420.0,138420.0,0.0,0.0,EXACT,
as_received,FILE2,Italy,ITA,2010,population,World Bank SP.POP.TOTL,59819407.0,59819407.0,0.0,0.0,EXACT,
as_received,FILE2,Italy,ITA,2011,population,World Bank SP.POP.TOTL,60026841.0,60026841.0,0.0,0.0,EXACT,
as_received,FILE2,Italy,ITA,2012,population,World Bank SP.POP.TOTL,60191247.0,60191247.0,0.0,0.0,EXACT,
as_received,FILE2,Italy,ITA,2013,population,World Bank SP.POP.TOTL,60311613.0,60311613.0,0.0,0.0,EXACT,
as_received,FILE2,Italy,ITA,2014,population,World Bank SP.POP.TOTL,60320707.0,60320707.0,0.0,0.0,EXACT,
as_received,FILE2,Italy,ITA,2015,population,World Bank SP.POP.TOTL,60229605.0,60229605.0,0.0,0.0,EXACT,
as_received,FILE2,Italy,ITA,2016,population,World Bank SP.POP.TOTL,60115223.0,60115223.0,0.0,0.0,EXACT,
as_received,FILE2,Italy,ITA,2017,population,World Bank SP.POP.TOTL,60002252.0,60002252.0,0.0,0.0,EXACT,
as_received,FILE2,Italy,ITA,2018,population,World Bank SP.POP.TOTL,59877221.0,59877221.0,0.0,0.0,EXACT,
as_received,FILE2,Italy,ITA,2019,population,World Bank SP.POP.TOTL,59729081.0,59729081.0,0.0,0.0,EXACT,
as_received,FILE2,Italy,ITA,2020,population,World Bank SP.POP.TOTL,59438851.0,59438851.0,0.0,0.0,EXACT,
as_received,FILE2,Italy,ITA,2021,population,World Bank SP.POP.TOTL,59133173.0,59133173.0,0.0,0.0,EXACT,
as_received,FILE2,Italy,ITA,2022,population,World Bank SP.POP.TOTL,59013667.0,59013667.0,0.0,0.0,EXACT,
as_received,FILE2,Japan,JPN,2010,population,World Bank SP.POP.TOTL,128070000.0,128070000.0,0.0,0.0,EXACT,
as_received,FILE2,Japan,JPN,2011,population,World Bank SP.POP.TOTL,127833000.0,127833000.0,0.0,0.0,EXACT,
as_received,FILE2,Japan,JPN,2012,population,World Bank SP.POP.TOTL,127629000.0,127629000.0,0.0,0.0,EXACT,
as_received,FILE2,Japan,JPN,2013,population,World Bank SP.POP.TOTL,127445000.0,127445000.0,0.0,0.0,EXACT,
as_received,FILE2,Japan,JPN,2014,population,World Bank SP.POP.TOTL,127276000.0,127276000.0,0.0,0.0,EXACT,
as_received,FILE2,Japan,JPN,2015,population,World Bank SP.POP.TOTL,127141000.0,127141000.0,0.0,0.0,EXACT,
as_received,FILE2,Japan,JPN,2016,population,World Bank SP.POP.TOTL,127076000.0,127076000.0,0.0,0.0,EXACT,
as_received,FILE2,Japan,JPN,2017,population,World Bank SP.POP.TOTL,126972000.0,126972000.0,0.0,0.0,EXACT,
as_received,FILE2,Japan,JPN,2018,population,World Bank SP.POP.TOTL,126811000.0,126811000.0,0.0,0.0,EXACT,
as_received,FILE2,Japan,JPN,2019,population,World Bank SP.POP.TOTL,126633000.0,126633000.0,0.0,0.0,EXACT,
as_received,FILE2,Japan,JPN,2020,population,World Bank SP.POP.TOTL,126261000.0,126261000.0,0.0,0.0,EXACT,
as_received,FILE2,Japan,JPN,2021,population,World Bank SP.POP.TOTL,125681593.0,125681593.0,0.0,0.0,EXACT,
as_received,FILE2,Japan,JPN,2022,population,World Bank SP.POP.TOTL,125124989.0,125124989.0,0.0,0.0,EXACT,
as_received,FILE2,Korea (South),KOR,2010,foreign_born,World Bank SM.POP.TOTL,566098.0,566098.0,0.0,0.0,EXACT,
as_received,FILE2,Korea (South),KOR,2015,foreign_born,World Bank SM.POP.TOTL,1312172.0,1312172.0,0.0,0.0,EXACT,
as_received,FILE2,Korea (South),KOR,2020,foreign_born,World Bank SM.POP.TOTL,1723389.0,1723389.0,0.0,0.0,EXACT,
as_received,FILE2,Korea (South),KOR,2010,population,World Bank SP.POP.TOTL,49554112.0,49554112.0,0.0,0.0,EXACT,
as_received,FILE2,Korea (South),KOR,2011,population,World Bank SP.POP.TOTL,49936638.0,49936638.0,0.0,0.0,EXACT,
as_received,FILE2,Korea (South),KOR,2012,population,World Bank SP.POP.TOTL,50199853.0,50199853.0,0.0,0.0,EXACT,
as_received,FILE2,Korea (South),KOR,2013,population,World Bank SP.POP.TOTL,50428893.0,50428893.0,0.0,0.0,EXACT,
as_received,FILE2,Korea (South),KOR,2014,population,World Bank SP.POP.TOTL,50746659.0,50746659.0,0.0,0.0,EXACT,
as_received,FILE2,Korea (South),KOR,2015,population,World Bank SP.POP.TOTL,51014947.0,51014947.0,0.0,0.0,EXACT,
as_received,FILE2,Korea (South),KOR,2016,population,World Bank SP.POP.TOTL,51217803.0,51217803.0,0.0,0.0,EXACT,
as_received,FILE2,Korea (South),KOR,2017,population,World Bank SP.POP.TOTL,51361911.0,51361911.0,0.0,0.0,EXACT,
as_received,FILE2,Korea (South),KOR,2018,population,World Bank SP.POP.TOTL,51585058.0,51585058.0,0.0,0.0,EXACT,
as_received,FILE2,Korea (South),KOR,2019,population,World Bank SP.POP.TOTL,51764822.0,51764822.0,0.0,0.0,EXACT,
as_received,FILE2,Korea (South),KOR,2020,population,World Bank SP.POP.TOTL,51836239.0,51836239.0,0.0,0.0,EXACT,
as_received,FILE2,Korea (South),KOR,2021,population,World Bank SP.POP.TOTL,51769539.0,51769539.0,0.0,0.0,EXACT,
as_received,FILE2,Korea (South),KOR,2022,population,World Bank SP.POP.TOTL,51672569.0,51672569.0,0.0,0.0,EXACT,
as_received,FILE2,Lithuania,LTU,2010,foreign_born,Eurostat migr_pop3ctb,160772.0,160772.0,0.0,0.0,EXACT,
as_received,FILE2,Lithuania,LTU,2011,foreign_born,Eurostat migr_pop3ctb,149544.0,149544.0,0.0,0.0,EXACT,
as_received,FILE2,Lithuania,LTU,2012,foreign_born,Eurostat migr_pop3ctb,143675.0,143675.0,0.0,0.0,EXACT,
as_received,FILE2,Lithuania,LTU,2013,foreign_born,Eurostat migr_pop3ctb,138297.0,138297.0,0.0,0.0,EXACT,
as_received,FILE2,Lithuania,LTU,2014,foreign_born,Eurostat migr_pop3ctb,133746.0,133746.0,0.0,0.0,EXACT,
as_received,FILE2,Lithuania,LTU,2015,foreign_born,Eurostat migr_pop3ctb,131929.0,131929.0,0.0,0.0,EXACT,
as_received,FILE2,Lithuania,LTU,2016,foreign_born,Eurostat migr_pop3ctb,126264.0,126264.0,0.0,0.0,EXACT,
as_received,FILE2,Lithuania,LTU,2017,foreign_born,Eurostat migr_pop3ctb,124964.0,124964.0,0.0,0.0,EXACT,
as_received,FILE2,Lithuania,LTU,2018,foreign_born,Eurostat migr_pop3ctb,132127.0,132127.0,0.0,0.0,EXACT,
as_received,FILE2,Lithuania,LTU,2019,foreign_born,Eurostat migr_pop3ctb,148679.0,148679.0,0.0,0.0,EXACT,
as_received,FILE2,Lithuania,LTU,2020,foreign_born,Eurostat migr_pop3ctb,153697.0,153697.0,0.0,0.0,EXACT,
as_received,FILE2,Lithuania,LTU,2021,foreign_born,Eurostat migr_pop3ctb,155586.0,155586.0,0.0,0.0,EXACT,
as_received,FILE2,Lithuania,LTU,2022,foreign_born,Eurostat migr_pop3ctb,168787.0,168787.0,0.0,0.0,EXACT,
as_received,FILE2,Lithuania,LTU,2010,foreign_nationals,Eurostat migr_pop1ctz,27318.0,27318.0,0.0,0.0,EXACT,
as_received,FILE2,Lithuania,LTU,2011,foreign_nationals,Eurostat migr_pop1ctz,24031.0,24031.0,0.0,0.0,EXACT,
as_received,FILE2,Lithuania,LTU,2012,foreign_nationals,Eurostat migr_pop1ctz,22865.0,22865.0,0.0,0.0,EXACT,
as_received,FILE2,Lithuania,LTU,2013,foreign_nationals,Eurostat migr_pop1ctz,21498.0,21498.0,0.0,0.0,EXACT,
as_received,FILE2,Lithuania,LTU,2014,foreign_nationals,Eurostat migr_pop1ctz,20410.0,20410.0,0.0,0.0,EXACT,
as_received,FILE2,Lithuania,LTU,2015,foreign_nationals,Eurostat migr_pop1ctz,20254.0,20254.0,0.0,0.0,EXACT,
as_received,FILE2,Lithuania,LTU,2016,foreign_nationals,Eurostat migr_pop1ctz,19123.0,19123.0,0.0,0.0,EXACT,
as_received,FILE2,Lithuania,LTU,2017,foreign_nationals,Eurostat migr_pop1ctz,18665.0,18665.0,0.0,0.0,EXACT,
as_received,FILE2,Lithuania,LTU,2018,foreign_nationals,Eurostat migr_pop1ctz,18923.0,18923.0,0.0,0.0,EXACT,
as_received,FILE2,Lithuania,LTU,2019,foreign_nationals,Eurostat migr_pop1ctz,20202.0,20202.0,0.0,0.0,EXACT,
as_received,FILE2,Lithuania,LTU,2020,foreign_nationals,Eurostat migr_pop1ctz,20680.0,20680.0,0.0,0.0,EXACT,
as_received,FILE2,Lithuania,LTU,2021,foreign_nationals,Eurostat migr_pop1ctz,20001.0,20001.0,0.0,0.0,EXACT,
as_received,FILE2,Lithuania,LTU,2022,foreign_nationals,Eurostat migr_pop1ctz,34310.0,34310.0,0.0,0.0,EXACT,
as_received,FILE2,Lithuania,LTU,2010,irregular_detections,Eurostat migr_eipre,1345.0,1345.0,0.0,0.0,EXACT,
as_received,FILE2,Lithuania,LTU,2011,irregular_detections,Eurostat migr_eipre,1895.0,1895.0,0.0,0.0,EXACT,
as_received,FILE2,Lithuania,LTU,2012,irregular_detections,Eurostat migr_eipre,2080.0,2080.0,0.0,0.0,EXACT,
as_received,FILE2,Lithuania,LTU,2013,irregular_detections,Eurostat migr_eipre,1910.0,1910.0,0.0,0.0,EXACT,
as_received,FILE2,Lithuania,LTU,2014,irregular_detections,Eurostat migr_eipre,2465.0,2465.0,0.0,0.0,EXACT,
as_received,FILE2,Lithuania,LTU,2015,irregular_detections,Eurostat migr_eipre,2040.0,2040.0,0.0,0.0,EXACT,
as_received,FILE2,Lithuania,LTU,2016,irregular_detections,Eurostat migr_eipre,1920.0,1920.0,0.0,0.0,EXACT,
as_received,FILE2,Lithuania,LTU,2017,irregular_detections,Eurostat migr_eipre,2210.0,2210.0,0.0,0.0,EXACT,
as_received,FILE2,Lithuania,LTU,2018,irregular_detections,Eurostat migr_eipre,2660.0,2660.0,0.0,0.0,EXACT,
as_received,FILE2,Lithuania,LTU,2019,irregular_detections,Eurostat migr_eipre,2440.0,2440.0,0.0,0.0,EXACT,
as_received,FILE2,Lithuania,LTU,2020,irregular_detections,Eurostat migr_eipre,1960.0,1960.0,0.0,0.0,EXACT,
as_received,FILE2,Lithuania,LTU,2021,irregular_detections,Eurostat migr_eipre,5025.0,5025.0,0.0,0.0,EXACT,
as_received,FILE2,Lithuania,LTU,2022,irregular_detections,Eurostat migr_eipre,3450.0,3450.0,0.0,0.0,EXACT,
as_received,FILE2,Lithuania,LTU,2010,population,World Bank SP.POP.TOTL,3097282.0,3097282.0,0.0,0.0,EXACT,
as_received,FILE2,Lithuania,LTU,2011,population,World Bank SP.POP.TOTL,3028115.0,3028115.0,0.0,0.0,EXACT,
as_received,FILE2,Lithuania,LTU,2012,population,World Bank SP.POP.TOTL,2989139.0,2989139.0,0.0,0.0,EXACT,
as_received,FILE2,Lithuania,LTU,2013,population,World Bank SP.POP.TOTL,2961250.0,2961250.0,0.0,0.0,EXACT,
as_received,FILE2,Lithuania,LTU,2014,population,World Bank SP.POP.TOTL,2937253.0,2937253.0,0.0,0.0,EXACT,
as_received,FILE2,Lithuania,LTU,2015,population,World Bank SP.POP.TOTL,2911109.0,2911109.0,0.0,0.0,EXACT,
as_received,FILE2,Lithuania,LTU,2016,population,World Bank SP.POP.TOTL,2877325.0,2877325.0,0.0,0.0,EXACT,
as_received,FILE2,Lithuania,LTU,2017,population,World Bank SP.POP.TOTL,2842639.0,2842639.0,0.0,0.0,EXACT,
as_received,FILE2,Lithuania,LTU,2018,population,World Bank SP.POP.TOTL,2819200.0,2819200.0,0.0,0.0,EXACT,
as_received,FILE2,Lithuania,LTU,2019,population,World Bank SP.POP.TOTL,2811089.0,2811089.0,0.0,0.0,EXACT,
as_received,FILE2,Lithuania,LTU,2020,population,World Bank SP.POP.TOTL,2810369.0,2810369.0,0.0,0.0,EXACT,
as_received,FILE2,Lithuania,LTU,2021,population,World Bank SP.POP.TOTL,2808380.0,2808380.0,0.0,0.0,EXACT,
as_received,FILE2,Lithuania,LTU,2022,population,World Bank SP.POP.TOTL,2831639.0,2831639.0,0.0,0.0,EXACT,
as_received,FILE2,Mexico,MEX,2010,population,World Bank SP.POP.TOTL,113623895.0,113623895.0,0.0,0.0,EXACT,
as_received,FILE2,Mexico,MEX,2011,population,World Bank SP.POP.TOTL,115243504.0,115243504.0,0.0,0.0,EXACT,
as_received,FILE2,Mexico,MEX,2012,population,World Bank SP.POP.TOTL,116818208.0,116818208.0,0.0,0.0,EXACT,
as_received,FILE2,Mexico,MEX,2013,population,World Bank SP.POP.TOTL,118343573.0,118343573.0,0.0,0.0,EXACT,
as_received,FILE2,Mexico,MEX,2014,population,World Bank SP.POP.TOTL,119784261.0,119784261.0,0.0,0.0,EXACT,
as_received,FILE2,Mexico,MEX,2015,population,World Bank SP.POP.TOTL,121072306.0,121072306.0,0.0,0.0,EXACT,
as_received,FILE2,Mexico,MEX,2016,population,World Bank SP.POP.TOTL,122251351.0,122251351.0,0.0,0.0,EXACT,
as_received,FILE2,Mexico,MEX,2017,population,World Bank SP.POP.TOTL,123400057.0,123400057.0,0.0,0.0,EXACT,
as_received,FILE2,Mexico,MEX,2018,population,World Bank SP.POP.TOTL,124573711.0,124573711.0,0.0,0.0,EXACT,
as_received,FILE2,Mexico,MEX,2019,population,World Bank SP.POP.TOTL,125762982.0,125762982.0,0.0,0.0,EXACT,
as_received,FILE2,Mexico,MEX,2020,population,World Bank SP.POP.TOTL,126799054.0,126799054.0,0.0,0.0,EXACT,
as_received,FILE2,Mexico,MEX,2021,population,World Bank SP.POP.TOTL,127648148.0,127648148.0,0.0,0.0,EXACT,
as_received,FILE2,Mexico,MEX,2022,population,World Bank SP.POP.TOTL,128613117.0,128613117.0,0.0,0.0,EXACT,
as_received,FILE2,Netherlands,NLD,2010,foreign_born,Eurostat migr_pop3ctb,1832510.0,1832510.0,0.0,0.0,EXACT,
as_received,FILE2,Netherlands,NLD,2011,foreign_born,Eurostat migr_pop3ctb,1868655.0,1868655.0,0.0,0.0,EXACT,
as_received,FILE2,Netherlands,NLD,2012,foreign_born,Eurostat migr_pop3ctb,1906295.0,1906295.0,0.0,0.0,EXACT,
as_received,FILE2,Netherlands,NLD,2013,foreign_born,Eurostat migr_pop3ctb,1927728.0,1927728.0,0.0,0.0,EXACT,
as_received,FILE2,Netherlands,NLD,2014,foreign_born,Eurostat migr_pop3ctb,1953436.0,1953436.0,0.0,0.0,EXACT,
as_received,FILE2,Netherlands,NLD,2015,foreign_born,Eurostat migr_pop3ctb,1996318.0,1996318.0,0.0,0.0,EXACT,
as_received,FILE2,Netherlands,NLD,2016,foreign_born,Eurostat migr_pop3ctb,2056520.0,2056520.0,0.0,0.0,EXACT,
as_received,FILE2,Netherlands,NLD,2017,foreign_born,Eurostat migr_pop3ctb,2137234.0,2137234.0,0.0,0.0,EXACT,
as_received,FILE2,Netherlands,NLD,2018,foreign_born,Eurostat migr_pop3ctb,2215849.0,2215849.0,0.0,0.0,EXACT,
as_received,FILE2,Netherlands,NLD,2019,foreign_born,Eurostat migr_pop3ctb,2298705.0,2298705.0,0.0,0.0,EXACT,
as_received,FILE2,Netherlands,NLD,2020,foreign_born,Eurostat migr_pop3ctb,2399804.0,2399804.0,0.0,0.0,EXACT,
as_received,FILE2,Netherlands,NLD,2021,foreign_born,Eurostat migr_pop3ctb,2451157.0,2451157.0,0.0,0.0,EXACT,
as_received,FILE2,Netherlands,NLD,2022,foreign_born,Eurostat migr_pop3ctb,2550837.0,2550837.0,0.0,0.0,EXACT,
as_received,FILE2,Netherlands,NLD,2010,foreign_nationals,Eurostat migr_pop1ctz,652188.0,652188.0,0.0,0.0,EXACT,
as_received,FILE2,Netherlands,NLD,2011,foreign_nationals,Eurostat migr_pop1ctz,673235.0,673235.0,0.0,0.0,EXACT,
as_received,FILE2,Netherlands,NLD,2012,foreign_nationals,Eurostat migr_pop1ctz,697741.0,697741.0,0.0,0.0,EXACT,
as_received,FILE2,Netherlands,NLD,2013,foreign_nationals,Eurostat migr_pop1ctz,714552.0,714552.0,0.0,0.0,EXACT,
as_received,FILE2,Netherlands,NLD,2014,foreign_nationals,Eurostat migr_pop1ctz,735354.0,735354.0,0.0,0.0,EXACT,
as_received,FILE2,Netherlands,NLD,2015,foreign_nationals,Eurostat migr_pop1ctz,773288.0,773288.0,0.0,0.0,EXACT,
as_received,FILE2,Netherlands,NLD,2016,foreign_nationals,Eurostat migr_pop1ctz,834786.0,834786.0,0.0,0.0,EXACT,
as_received,FILE2,Netherlands,NLD,2017,foreign_nationals,Eurostat migr_pop1ctz,914997.0,914997.0,0.0,0.0,EXACT,
as_received,FILE2,Netherlands,NLD,2018,foreign_nationals,Eurostat migr_pop1ctz,991440.0,991440.0,0.0,0.0,EXACT,
as_received,FILE2,Netherlands,NLD,2019,foreign_nationals,Eurostat migr_pop1ctz,1068107.0,1068107.0,0.0,0.0,EXACT,
as_received,FILE2,Netherlands,NLD,2020,foreign_nationals,Eurostat migr_pop1ctz,1154830.0,1154830.0,0.0,0.0,EXACT,
as_received,FILE2,Netherlands,NLD,2021,foreign_nationals,Eurostat migr_pop1ctz,1171380.0,1171380.0,0.0,0.0,EXACT,
as_received,FILE2,Netherlands,NLD,2022,foreign_nationals,Eurostat migr_pop1ctz,1230012.0,1230012.0,0.0,0.0,EXACT,
as_received,FILE2,Netherlands,NLD,2010,irregular_detections,Eurostat migr_eipre,7580.0,7580.0,0.0,0.0,EXACT,
as_received,FILE2,Netherlands,NLD,2011,irregular_detections,Eurostat migr_eipre,6145.0,6145.0,0.0,0.0,EXACT,
as_received,FILE2,Netherlands,NLD,2012,irregular_detections,Eurostat migr_eipre,4005.0,4005.0,0.0,0.0,EXACT,
as_received,FILE2,Netherlands,NLD,2013,irregular_detections,Eurostat migr_eipre,2715.0,2715.0,0.0,0.0,EXACT,
as_received,FILE2,Netherlands,NLD,2014,irregular_detections,Eurostat migr_eipre,2645.0,2645.0,0.0,0.0,EXACT,
as_received,FILE2,Netherlands,NLD,2015,irregular_detections,Eurostat migr_eipre,3150.0,3150.0,0.0,0.0,EXACT,
as_received,FILE2,Netherlands,NLD,2016,irregular_detections,Eurostat migr_eipre,2760.0,2760.0,0.0,0.0,EXACT,
as_received,FILE2,Netherlands,NLD,2017,irregular_detections,Eurostat migr_eipre,2120.0,2120.0,0.0,0.0,EXACT,
as_received,FILE2,Netherlands,NLD,2018,irregular_detections,Eurostat migr_eipre,2790.0,2790.0,0.0,0.0,EXACT,
as_received,FILE2,Netherlands,NLD,2019,irregular_detections,Eurostat migr_eipre,3565.0,3565.0,0.0,0.0,EXACT,
as_received,FILE2,Netherlands,NLD,2020,irregular_detections,Eurostat migr_eipre,3640.0,3640.0,0.0,0.0,EXACT,
as_received,FILE2,Netherlands,NLD,2021,irregular_detections,Eurostat migr_eipre,5010.0,5010.0,0.0,0.0,EXACT,
as_received,FILE2,Netherlands,NLD,2022,irregular_detections,Eurostat migr_eipre,5475.0,5475.0,0.0,0.0,EXACT,
as_received,FILE2,Netherlands,NLD,2010,population,World Bank SP.POP.TOTL,16615394.0,16615394.0,0.0,0.0,EXACT,
as_received,FILE2,Netherlands,NLD,2011,population,World Bank SP.POP.TOTL,16693074.0,16693074.0,0.0,0.0,EXACT,
as_received,FILE2,Netherlands,NLD,2012,population,World Bank SP.POP.TOTL,16754962.0,16754962.0,0.0,0.0,EXACT,
as_received,FILE2,Netherlands,NLD,2013,population,World Bank SP.POP.TOTL,16804432.0,16804432.0,0.0,0.0,EXACT,
as_received,FILE2,Netherlands,NLD,2014,population,World Bank SP.POP.TOTL,16865008.0,16865008.0,0.0,0.0,EXACT,
as_received,FILE2,Netherlands,NLD,2015,population,World Bank SP.POP.TOTL,16939923.0,16939923.0,0.0,0.0,EXACT,
as_received,FILE2,Netherlands,NLD,2016,population,World Bank SP.POP.TOTL,17030314.0,17030314.0,0.0,0.0,EXACT,
as_received,FILE2,Netherlands,NLD,2017,population,World Bank SP.POP.TOTL,17131296.0,17131296.0,0.0,0.0,EXACT,
as_received,FILE2,Netherlands,NLD,2018,population,World Bank SP.POP.TOTL,17231624.0,17231624.0,0.0,0.0,EXACT,
as_received,FILE2,Netherlands,NLD,2019,population,World Bank SP.POP.TOTL,17344874.0,17344874.0,0.0,0.0,EXACT,
as_received,FILE2,Netherlands,NLD,2020,population,World Bank SP.POP.TOTL,17441500.0,17441500.0,0.0,0.0,EXACT,
as_received,FILE2,Netherlands,NLD,2021,population,World Bank SP.POP.TOTL,17533044.0,17533044.0,0.0,0.0,EXACT,
as_received,FILE2,Netherlands,NLD,2022,population,World Bank SP.POP.TOTL,17700982.0,17700982.0,0.0,0.0,EXACT,
as_received,FILE2,Norway,NOR,2010,foreign_born,Eurostat migr_pop3ctb,529532.0,529532.0,0.0,0.0,EXACT,
as_received,FILE2,Norway,NOR,2011,foreign_born,Eurostat migr_pop3ctb,572231.0,572231.0,0.0,0.0,EXACT,
as_received,FILE2,Norway,NOR,2012,foreign_born,Eurostat migr_pop3ctb,619978.0,619978.0,0.0,0.0,EXACT,
as_received,FILE2,Norway,NOR,2013,foreign_born,Eurostat migr_pop3ctb,668178.0,668178.0,0.0,0.0,EXACT,
as_received,FILE2,Norway,NOR,2014,foreign_born,Eurostat migr_pop3ctb,709566.0,709566.0,0.0,0.0,EXACT,
as_received,FILE2,Norway,NOR,2015,foreign_born,Eurostat migr_pop3ctb,747423.0,747423.0,0.0,0.0,EXACT,
as_received,FILE2,Norway,NOR,2016,foreign_born,Eurostat migr_pop3ctb,778764.0,778764.0,0.0,0.0,EXACT,
as_received,FILE2,Norway,NOR,2017,foreign_born,Eurostat migr_pop3ctb,806618.0,806618.0,0.0,0.0,EXACT,
as_received,FILE2,Norway,NOR,2018,foreign_born,Eurostat migr_pop3ctb,829705.0,829705.0,0.0,0.0,EXACT,
as_received,FILE2,Norway,NOR,2019,foreign_born,Eurostat migr_pop3ctb,849354.0,849354.0,0.0,0.0,EXACT,
as_received,FILE2,Norway,NOR,2020,foreign_born,Eurostat migr_pop3ctb,875977.0,875977.0,0.0,0.0,EXACT,
as_received,FILE2,Norway,NOR,2021,foreign_born,Eurostat migr_pop3ctb,878153.0,878153.0,0.0,0.0,EXACT,
as_received,FILE2,Norway,NOR,2022,foreign_born,Eurostat migr_pop3ctb,906843.0,906843.0,0.0,0.0,EXACT,
as_received,FILE2,Norway,NOR,2010,foreign_nationals,Eurostat migr_pop1ctz,333791.0,333791.0,0.0,0.0,EXACT,
as_received,FILE2,Norway,NOR,2011,foreign_nationals,Eurostat migr_pop1ctz,369132.0,369132.0,0.0,0.0,EXACT,
as_received,FILE2,Norway,NOR,2012,foreign_nationals,Eurostat migr_pop1ctz,407171.0,407171.0,0.0,0.0,EXACT,
as_received,FILE2,Norway,NOR,2013,foreign_nationals,Eurostat migr_pop1ctz,448665.0,448665.0,0.0,0.0,EXACT,
as_received,FILE2,Norway,NOR,2014,foreign_nationals,Eurostat migr_pop1ctz,483057.0,483057.0,0.0,0.0,EXACT,
as_received,FILE2,Norway,NOR,2015,foreign_nationals,Eurostat migr_pop1ctz,512024.0,512024.0,0.0,0.0,EXACT,
as_received,FILE2,Norway,NOR,2016,foreign_nationals,Eurostat migr_pop1ctz,538087.0,538087.0,0.0,0.0,EXACT,
as_received,FILE2,Norway,NOR,2017,foreign_nationals,Eurostat migr_pop1ctz,559059.0,559059.0,0.0,0.0,EXACT,
as_received,FILE2,Norway,NOR,2018,foreign_nationals,Eurostat migr_pop1ctz,567594.0,567594.0,0.0,0.0,EXACT,
as_received,FILE2,Norway,NOR,2019,foreign_nationals,Eurostat migr_pop1ctz,584062.0,584062.0,0.0,0.0,EXACT,
as_received,FILE2,Norway,NOR,2020,foreign_nationals,Eurostat migr_pop1ctz,604362.0,604362.0,0.0,0.0,EXACT,
as_received,FILE2,Norway,NOR,2021,foreign_nationals,Eurostat migr_pop1ctz,601525.0,601525.0,0.0,0.0,EXACT,
as_received,FILE2,Norway,NOR,2022,foreign_nationals,Eurostat migr_pop1ctz,585964.0,585964.0,0.0,0.0,EXACT,
as_received,FILE2,Norway,NOR,2010,irregular_detections,Eurostat migr_eipre,2410.0,2410.0,0.0,0.0,EXACT,
as_received,FILE2,Norway,NOR,2011,irregular_detections,Eurostat migr_eipre,1925.0,1925.0,0.0,0.0,EXACT,
as_received,FILE2,Norway,NOR,2012,irregular_detections,Eurostat migr_eipre,2760.0,2760.0,0.0,0.0,EXACT,
as_received,FILE2,Norway,NOR,2013,irregular_detections,Eurostat migr_eipre,3180.0,3180.0,0.0,0.0,EXACT,
as_received,FILE2,Norway,NOR,2014,irregular_detections,Eurostat migr_eipre,3720.0,3720.0,0.0,0.0,EXACT,
as_received,FILE2,Norway,NOR,2015,irregular_detections,Eurostat migr_eipre,5455.0,5455.0,0.0,0.0,EXACT,
as_received,FILE2,Norway,NOR,2016,irregular_detections,Eurostat migr_eipre,5330.0,5330.0,0.0,0.0,EXACT,
as_received,FILE2,Norway,NOR,2017,irregular_detections,Eurostat migr_eipre,3850.0,3850.0,0.0,0.0,EXACT,
as_received,FILE2,Norway,NOR,2018,irregular_detections,Eurostat migr_eipre,3230.0,3230.0,0.0,0.0,EXACT,
as_received,FILE2,Norway,NOR,2019,irregular_detections,Eurostat migr_eipre,2915.0,2915.0,0.0,0.0,EXACT,
as_received,FILE2,Norway,NOR,2020,irregular_detections,Eurostat migr_eipre,1900.0,1900.0,0.0,0.0,EXACT,
as_received,FILE2,Norway,NOR,2021,irregular_detections,Eurostat migr_eipre,1430.0,1430.0,0.0,0.0,EXACT,
as_received,FILE2,Norway,NOR,2022,irregular_detections,Eurostat migr_eipre,2305.0,2305.0,0.0,0.0,EXACT,
as_received,FILE2,Norway,NOR,2010,population,World Bank SP.POP.TOTL,4889252.0,4889252.0,0.0,0.0,EXACT,
as_received,FILE2,Norway,NOR,2011,population,World Bank SP.POP.TOTL,4953088.0,4953088.0,0.0,0.0,EXACT,
as_received,FILE2,Norway,NOR,2012,population,World Bank SP.POP.TOTL,5018573.0,5018573.0,0.0,0.0,EXACT,
as_received,FILE2,Norway,NOR,2013,population,World Bank SP.POP.TOTL,5079623.0,5079623.0,0.0,0.0,EXACT,
as_received,FILE2,Norway,NOR,2014,population,World Bank SP.POP.TOTL,5137232.0,5137232.0,0.0,0.0,EXACT,
as_received,FILE2,Norway,NOR,2015,population,World Bank SP.POP.TOTL,5188607.0,5188607.0,0.0,0.0,EXACT,
as_received,FILE2,Norway,NOR,2016,population,World Bank SP.POP.TOTL,5234519.0,5234519.0,0.0,0.0,EXACT,
as_received,FILE2,Norway,NOR,2017,population,World Bank SP.POP.TOTL,5276968.0,5276968.0,0.0,0.0,EXACT,
as_received,FILE2,Norway,NOR,2018,population,World Bank SP.POP.TOTL,5311916.0,5311916.0,0.0,0.0,EXACT,
as_received,FILE2,Norway,NOR,2019,population,World Bank SP.POP.TOTL,5347896.0,5347896.0,0.0,0.0,EXACT,
as_received,FILE2,Norway,NOR,2020,population,World Bank SP.POP.TOTL,5379475.0,5379475.0,0.0,0.0,EXACT,
as_received,FILE2,Norway,NOR,2021,population,World Bank SP.POP.TOTL,5408320.0,5408320.0,0.0,0.0,EXACT,
as_received,FILE2,Norway,NOR,2022,population,World Bank SP.POP.TOTL,5457127.0,5457127.0,0.0,0.0,EXACT,
as_received,FILE2,New Zealand,NZL,2010,foreign_born,World Bank SM.POP.TOTL,956982.0,956982.0,0.0,0.0,EXACT,
as_received,FILE2,New Zealand,NZL,2015,foreign_born,World Bank SM.POP.TOTL,1132201.0,1132201.0,0.0,0.0,EXACT,
as_received,FILE2,New Zealand,NZL,2020,foreign_born,World Bank SM.POP.TOTL,1343900.0,1343900.0,0.0,0.0,EXACT,
as_received,FILE2,New Zealand,NZL,2010,population,World Bank SP.POP.TOTL,4350700.0,4350700.0,0.0,0.0,EXACT,
as_received,FILE2,New Zealand,NZL,2011,population,World Bank SP.POP.TOTL,4384000.0,4384000.0,0.0,0.0,EXACT,
as_received,FILE2,New Zealand,NZL,2012,population,World Bank SP.POP.TOTL,4408100.0,4408100.0,0.0,0.0,EXACT,
as_received,FILE2,New Zealand,NZL,2013,population,World Bank SP.POP.TOTL,4442100.0,4442100.0,0.0,0.0,EXACT,
as_received,FILE2,New Zealand,NZL,2014,population,World Bank SP.POP.TOTL,4516500.0,4516500.0,0.0,0.0,EXACT,
as_received,FILE2,New Zealand,NZL,2015,population,World Bank SP.POP.TOTL,4609400.0,4609400.0,0.0,0.0,EXACT,
as_received,FILE2,New Zealand,NZL,2016,population,World Bank SP.POP.TOTL,4714100.0,4714100.0,0.0,0.0,EXACT,
as_received,FILE2,New Zealand,NZL,2017,population,World Bank SP.POP.TOTL,4813600.0,4813600.0,0.0,0.0,EXACT,
as_received,FILE2,New Zealand,NZL,2018,population,World Bank SP.POP.TOTL,4900600.0,4900600.0,0.0,0.0,EXACT,
as_received,FILE2,New Zealand,NZL,2019,population,World Bank SP.POP.TOTL,4970300.0,4970300.0,0.0,0.0,EXACT,
as_received,FILE2,New Zealand,NZL,2020,population,World Bank SP.POP.TOTL,5072400.0,5072400.0,0.0,0.0,EXACT,
as_received,FILE2,New Zealand,NZL,2021,population,World Bank SP.POP.TOTL,5084600.0,5084600.0,0.0,0.0,EXACT,
as_received,FILE2,New Zealand,NZL,2022,population,World Bank SP.POP.TOTL,5081700.0,5081700.0,0.0,0.0,EXACT,
as_received,FILE2,Philippines,PHL,2010,foreign_born,World Bank SM.POP.TOTL,178147.0,178147.0,0.0,0.0,EXACT,
as_received,FILE2,Philippines,PHL,2015,foreign_born,World Bank SM.POP.TOTL,131897.0,131897.0,0.0,0.0,EXACT,
as_received,FILE2,Philippines,PHL,2020,foreign_born,World Bank SM.POP.TOTL,87212.0,87212.0,0.0,0.0,EXACT,
as_received,FILE2,Philippines,PHL,2010,population,World Bank SP.POP.TOTL,96337125.0,96337125.0,0.0,0.0,EXACT,
as_received,FILE2,Philippines,PHL,2011,population,World Bank SP.POP.TOTL,98248614.0,98248614.0,0.0,0.0,EXACT,
as_received,FILE2,Philippines,PHL,2012,population,World Bank SP.POP.TOTL,100175512.0,100175512.0,0.0,0.0,EXACT,
as_received,FILE2,Philippines,PHL,2013,population,World Bank SP.POP.TOTL,102076336.0,102076336.0,0.0,0.0,EXACT,
as_received,FILE2,Philippines,PHL,2014,population,World Bank SP.POP.TOTL,103767130.0,103767130.0,0.0,0.0,EXACT,
as_received,FILE2,Philippines,PHL,2015,population,World Bank SP.POP.TOTL,105312992.0,105312992.0,0.0,0.0,EXACT,
as_received,FILE2,Philippines,PHL,2016,population,World Bank SP.POP.TOTL,106735719.0,106735719.0,0.0,0.0,EXACT,
as_received,FILE2,Philippines,PHL,2017,population,World Bank SP.POP.TOTL,108119693.0,108119693.0,0.0,0.0,EXACT,
as_received,FILE2,Philippines,PHL,2018,population,World Bank SP.POP.TOTL,109465287.0,109465287.0,0.0,0.0,EXACT,
as_received,FILE2,Philippines,PHL,2019,population,World Bank SP.POP.TOTL,110804683.0,110804683.0,0.0,0.0,EXACT,
as_received,FILE2,Philippines,PHL,2020,population,World Bank SP.POP.TOTL,112081264.0,112081264.0,0.0,0.0,EXACT,
as_received,FILE2,Philippines,PHL,2021,population,World Bank SP.POP.TOTL,113100950.0,113100950.0,0.0,0.0,EXACT,
as_received,FILE2,Philippines,PHL,2022,population,World Bank SP.POP.TOTL,113964338.0,113964338.0,0.0,0.0,EXACT,
as_received,FILE2,Poland,POL,2010,foreign_born,Eurostat migr_pop3ctb,642417.0,642417.0,0.0,0.0,EXACT,
as_received,FILE2,Poland,POL,2011,foreign_born,Eurostat migr_pop3ctb,637408.0,637408.0,0.0,0.0,EXACT,
as_received,FILE2,Poland,POL,2012,foreign_born,Eurostat migr_pop3ctb,630478.0,630478.0,0.0,0.0,EXACT,
as_received,FILE2,Poland,POL,2013,foreign_born,Eurostat migr_pop3ctb,625363.0,625363.0,0.0,0.0,EXACT,
as_received,FILE2,Poland,POL,2014,foreign_born,Eurostat migr_pop3ctb,620308.0,620308.0,0.0,0.0,EXACT,
as_received,FILE2,Poland,POL,2015,foreign_born,Eurostat migr_pop3ctb,611855.0,611855.0,0.0,0.0,EXACT,
as_received,FILE2,Poland,POL,2016,foreign_born,Eurostat migr_pop3ctb,626396.0,626396.0,0.0,0.0,EXACT,
as_received,FILE2,Poland,POL,2017,foreign_born,Eurostat migr_pop3ctb,651845.0,651845.0,0.0,0.0,EXACT,
as_received,FILE2,Poland,POL,2018,foreign_born,Eurostat migr_pop3ctb,695850.0,695850.0,0.0,0.0,EXACT,
as_received,FILE2,Poland,POL,2019,foreign_born,Eurostat migr_pop3ctb,760849.0,760849.0,0.0,0.0,EXACT,
as_received,FILE2,Poland,POL,2020,foreign_born,Eurostat migr_pop3ctb,849320.0,849320.0,0.0,0.0,EXACT,
as_received,FILE2,Poland,POL,2021,foreign_born,Eurostat migr_pop3ctb,935740.0,935740.0,0.0,0.0,EXACT,
as_received,FILE2,Poland,POL,2022,foreign_born,Eurostat migr_pop3ctb,931158.0,931158.0,0.0,0.0,EXACT,
as_received,FILE2,Poland,POL,2010,foreign_nationals,Eurostat migr_pop1ctz,75210.0,75210.0,0.0,0.0,EXACT,
as_received,FILE2,Poland,POL,2011,foreign_nationals,Eurostat migr_pop1ctz,79338.0,79338.0,0.0,0.0,EXACT,
as_received,FILE2,Poland,POL,2012,foreign_nationals,Eurostat migr_pop1ctz,85829.0,85829.0,0.0,0.0,EXACT,
as_received,FILE2,Poland,POL,2013,foreign_nationals,Eurostat migr_pop1ctz,93265.0,93265.0,0.0,0.0,EXACT,
as_received,FILE2,Poland,POL,2014,foreign_nationals,Eurostat migr_pop1ctz,101204.0,101204.0,0.0,0.0,EXACT,
as_received,FILE2,Poland,POL,2015,foreign_nationals,Eurostat migr_pop1ctz,108279.0,108279.0,0.0,0.0,EXACT,
as_received,FILE2,Poland,POL,2016,foreign_nationals,Eurostat migr_pop1ctz,149586.0,149586.0,0.0,0.0,EXACT,
as_received,FILE2,Poland,POL,2017,foreign_nationals,Eurostat migr_pop1ctz,210328.0,210328.0,0.0,0.0,EXACT,
as_received,FILE2,Poland,POL,2018,foreign_nationals,Eurostat migr_pop1ctz,239230.0,239230.0,0.0,0.0,EXACT,
as_received,FILE2,Poland,POL,2019,foreign_nationals,Eurostat migr_pop1ctz,289751.0,289751.0,0.0,0.0,EXACT,
as_received,FILE2,Poland,POL,2020,foreign_nationals,Eurostat migr_pop1ctz,358239.0,358239.0,0.0,0.0,EXACT,
as_received,FILE2,Poland,POL,2021,foreign_nationals,Eurostat migr_pop1ctz,447442.0,447442.0,0.0,0.0,EXACT,
as_received,FILE2,Poland,POL,2022,foreign_nationals,Eurostat migr_pop1ctz,441661.0,441661.0,0.0,0.0,EXACT,
as_received,FILE2,Poland,POL,2010,irregular_detections,Eurostat migr_eipre,4005.0,4005.0,0.0,0.0,EXACT,
as_received,FILE2,Poland,POL,2011,irregular_detections,Eurostat migr_eipre,6875.0,6875.0,0.0,0.0,EXACT,
as_received,FILE2,Poland,POL,2012,irregular_detections,Eurostat migr_eipre,8140.0,8140.0,0.0,0.0,EXACT,
as_received,FILE2,Poland,POL,2013,irregular_detections,Eurostat migr_eipre,9280.0,9280.0,0.0,0.0,EXACT,
as_received,FILE2,Poland,POL,2014,irregular_detections,Eurostat migr_eipre,12050.0,12050.0,0.0,0.0,EXACT,
as_received,FILE2,Poland,POL,2015,irregular_detections,Eurostat migr_eipre,16835.0,16835.0,0.0,0.0,EXACT,
as_received,FILE2,Poland,POL,2016,irregular_detections,Eurostat migr_eipre,23375.0,23375.0,0.0,0.0,EXACT,
as_received,FILE2,Poland,POL,2017,irregular_detections,Eurostat migr_eipre,28470.0,28470.0,0.0,0.0,EXACT,
as_received,FILE2,Poland,POL,2018,irregular_detections,Eurostat migr_eipre,31245.0,31245.0,0.0,0.0,EXACT,
as_received,FILE2,Poland,POL,2019,irregular_detections,Eurostat migr_eipre,30900.0,30900.0,0.0,0.0,EXACT,
as_received,FILE2,Poland,POL,2020,irregular_detections,Eurostat migr_eipre,12170.0,12170.0,0.0,0.0,EXACT,
as_received,FILE2,Poland,POL,2021,irregular_detections,Eurostat migr_eipre,12795.0,12795.0,0.0,0.0,EXACT,
as_received,FILE2,Poland,POL,2022,irregular_detections,Eurostat migr_eipre,10510.0,10510.0,0.0,0.0,EXACT,
as_received,FILE2,Poland,POL,2010,population,World Bank SP.POP.TOTL,38042794.0,38042794.0,0.0,0.0,EXACT,
as_received,FILE2,Poland,POL,2011,population,World Bank SP.POP.TOTL,38063255.0,38063255.0,0.0,0.0,EXACT,
as_received,FILE2,Poland,POL,2012,population,World Bank SP.POP.TOTL,38063164.0,38063164.0,0.0,0.0,EXACT,
as_received,FILE2,Poland,POL,2013,population,World Bank SP.POP.TOTL,38040196.0,38040196.0,0.0,0.0,EXACT,
as_received,FILE2,Poland,POL,2014,population,World Bank SP.POP.TOTL,38011735.0,38011735.0,0.0,0.0,EXACT,
as_received,FILE2,Poland,POL,2015,population,World Bank SP.POP.TOTL,37986412.0,37986412.0,0.0,0.0,EXACT,
as_received,FILE2,Poland,POL,2016,population,World Bank SP.POP.TOTL,37970087.0,37970087.0,0.0,0.0,EXACT,
as_received,FILE2,Poland,POL,2017,population,World Bank SP.POP.TOTL,37974826.0,37974826.0,0.0,0.0,EXACT,
as_received,FILE2,Poland,POL,2018,population,World Bank SP.POP.TOTL,37974750.0,37974750.0,0.0,0.0,EXACT,
as_received,FILE2,Poland,POL,2019,population,World Bank SP.POP.TOTL,37965475.0,37965475.0,0.0,0.0,EXACT,
as_received,FILE2,Poland,POL,2020,population,World Bank SP.POP.TOTL,37515748.0,37515748.0,0.0,0.0,EXACT,
as_received,FILE2,Poland,POL,2021,population,World Bank SP.POP.TOTL,36981559.0,36981559.0,0.0,0.0,EXACT,
as_received,FILE2,Poland,POL,2022,population,World Bank SP.POP.TOTL,36821749.0,36821749.0,0.0,0.0,EXACT,
as_received,FILE2,Portugal,PRT,2010,foreign_born,Eurostat migr_pop3ctb,762825.0,762825.0,0.0,0.0,EXACT,
as_received,FILE2,Portugal,PRT,2011,foreign_born,Eurostat migr_pop3ctb,755484.0,755484.0,0.0,0.0,EXACT,
as_received,FILE2,Portugal,PRT,2012,foreign_born,Eurostat migr_pop3ctb,1221227.0,1221227.0,0.0,0.0,EXACT,
as_received,FILE2,Portugal,PRT,2013,foreign_born,Eurostat migr_pop3ctb,1197532.0,1197532.0,0.0,0.0,EXACT,
as_received,FILE2,Portugal,PRT,2014,foreign_born,Eurostat migr_pop3ctb,1176104.0,1176104.0,0.0,0.0,EXACT,
as_received,FILE2,Portugal,PRT,2015,foreign_born,Eurostat migr_pop3ctb,1160656.0,1160656.0,0.0,0.0,EXACT,
as_received,FILE2,Portugal,PRT,2016,foreign_born,Eurostat migr_pop3ctb,1170320.0,1170320.0,0.0,0.0,EXACT,
as_received,FILE2,Portugal,PRT,2017,foreign_born,Eurostat migr_pop3ctb,1200249.0,1200249.0,0.0,0.0,EXACT,
as_received,FILE2,Portugal,PRT,2018,foreign_born,Eurostat migr_pop3ctb,1236888.0,1236888.0,0.0,0.0,EXACT,
as_received,FILE2,Portugal,PRT,2019,foreign_born,Eurostat migr_pop3ctb,1307266.0,1307266.0,0.0,0.0,EXACT,
as_received,FILE2,Portugal,PRT,2020,foreign_born,Eurostat migr_pop3ctb,1416498.0,1416498.0,0.0,0.0,EXACT,
as_received,FILE2,Portugal,PRT,2021,foreign_born,Eurostat migr_pop3ctb,1495524.0,1495524.0,0.0,0.0,EXACT,
as_received,FILE2,Portugal,PRT,2022,foreign_born,Eurostat migr_pop3ctb,1568066.0,1568066.0,0.0,0.0,EXACT,
as_received,FILE2,Portugal,PRT,2010,foreign_nationals,Eurostat migr_pop1ctz,454191.0,454191.0,0.0,0.0,EXACT,
as_received,FILE2,Portugal,PRT,2011,foreign_nationals,Eurostat migr_pop1ctz,445262.0,445262.0,0.0,0.0,EXACT,
as_received,FILE2,Portugal,PRT,2012,foreign_nationals,Eurostat migr_pop1ctz,413011.0,413011.0,0.0,0.0,EXACT,
as_received,FILE2,Portugal,PRT,2013,foreign_nationals,Eurostat migr_pop1ctz,393908.0,393908.0,0.0,0.0,EXACT,
as_received,FILE2,Portugal,PRT,2014,foreign_nationals,Eurostat migr_pop1ctz,377436.0,377436.0,0.0,0.0,EXACT,
as_received,FILE2,Portugal,PRT,2015,foreign_nationals,Eurostat migr_pop1ctz,366869.0,366869.0,0.0,0.0,EXACT,
as_received,FILE2,Portugal,PRT,2016,foreign_nationals,Eurostat migr_pop1ctz,360961.0,360961.0,0.0,0.0,EXACT,
as_received,FILE2,Portugal,PRT,2017,foreign_nationals,Eurostat migr_pop1ctz,370080.0,370080.0,0.0,0.0,EXACT,
as_received,FILE2,Portugal,PRT,2018,foreign_nationals,Eurostat migr_pop1ctz,387943.0,387943.0,0.0,0.0,EXACT,
as_received,FILE2,Portugal,PRT,2019,foreign_nationals,Eurostat migr_pop1ctz,441863.0,441863.0,0.0,0.0,EXACT,
as_received,FILE2,Portugal,PRT,2020,foreign_nationals,Eurostat migr_pop1ctz,520487.0,520487.0,0.0,0.0,EXACT,
as_received,FILE2,Portugal,PRT,2021,foreign_nationals,Eurostat migr_pop1ctz,595794.0,595794.0,0.0,0.0,EXACT,
as_received,FILE2,Portugal,PRT,2022,foreign_nationals,Eurostat migr_pop1ctz,643347.0,643347.0,0.0,0.0,EXACT,
as_received,FILE2,Portugal,PRT,2010,irregular_detections,Eurostat migr_eipre,9230.0,10085.0,-855.0,-8.477937530986614,MISMATCH,
as_received,FILE2,Portugal,PRT,2011,irregular_detections,Eurostat migr_eipre,9110.0,9230.0,-120.0,-1.300108342361864,MISMATCH,
as_received,FILE2,Portugal,PRT,2012,irregular_detections,Eurostat migr_eipre,5155.0,9110.0,-3955.0,-43.41383095499451,MISMATCH,
as_received,FILE2,Portugal,PRT,2013,irregular_detections,Eurostat migr_eipre,4530.0,5155.0,-625.0,-12.12415130940834,MISMATCH,
as_received,FILE2,Portugal,PRT,2014,irregular_detections,Eurostat migr_eipre,5145.0,4530.0,615.0,13.57615894039735,MISMATCH,
as_received,FILE2,Portugal,PRT,2015,irregular_detections,Eurostat migr_eipre,6500.0,5145.0,1355.0,26.33624878522838,MISMATCH,
as_received,FILE2,Portugal,PRT,2016,irregular_detections,Eurostat migr_eipre,6005.0,6500.0,-495.0,-7.615384615384616,MISMATCH,
as_received,FILE2,Portugal,PRT,2017,irregular_detections,Eurostat migr_eipre,4760.0,6005.0,-1245.0,-20.73272273105745,MISMATCH,
as_received,FILE2,Portugal,PRT,2018,irregular_detections,Eurostat migr_eipre,5890.0,4760.0,1130.0,23.73949579831933,MISMATCH,
as_received,FILE2,Portugal,PRT,2019,irregular_detections,Eurostat migr_eipre,3145.0,5890.0,-2745.0,-46.6044142614601,MISMATCH,
as_received,FILE2,Portugal,PRT,2020,irregular_detections,Eurostat migr_eipre,1855.0,3145.0,-1290.0,-41.0174880763116,MISMATCH,
as_received,FILE2,Portugal,PRT,2021,irregular_detections,Eurostat migr_eipre,2170.0,1855.0,315.0,16.9811320754717,MISMATCH,
as_received,FILE2,Portugal,PRT,2022,irregular_detections,Eurostat migr_eipre,1615.0,2170.0,-555.0,-25.57603686635945,MISMATCH,
as_received,FILE2,Portugal,PRT,2010,population,World Bank SP.POP.TOTL,10573100.0,10573100.0,0.0,0.0,EXACT,
as_received,FILE2,Portugal,PRT,2011,population,World Bank SP.POP.TOTL,10557560.0,10557560.0,0.0,0.0,EXACT,
as_received,FILE2,Portugal,PRT,2012,population,World Bank SP.POP.TOTL,10514844.0,10514844.0,0.0,0.0,EXACT,
as_received,FILE2,Portugal,PRT,2013,population,World Bank SP.POP.TOTL,10457295.0,10457295.0,0.0,0.0,EXACT,
as_received,FILE2,Portugal,PRT,2014,population,World Bank SP.POP.TOTL,10401062.0,10401062.0,0.0,0.0,EXACT,
as_received,FILE2,Portugal,PRT,2015,population,World Bank SP.POP.TOTL,10358076.0,10358076.0,0.0,0.0,EXACT,
as_received,FILE2,Portugal,PRT,2016,population,World Bank SP.POP.TOTL,10325452.0,10325452.0,0.0,0.0,EXACT,
as_received,FILE2,Portugal,PRT,2017,population,World Bank SP.POP.TOTL,10300300.0,10300300.0,0.0,0.0,EXACT,
as_received,FILE2,Portugal,PRT,2018,population,World Bank SP.POP.TOTL,10283822.0,10283822.0,0.0,0.0,EXACT,
as_received,FILE2,Portugal,PRT,2019,population,World Bank SP.POP.TOTL,10286263.0,10286263.0,0.0,0.0,EXACT,
as_received,FILE2,Portugal,PRT,2020,population,World Bank SP.POP.TOTL,10297081.0,10297081.0,0.0,0.0,EXACT,
as_received,FILE2,Portugal,PRT,2021,population,World Bank SP.POP.TOTL,10361831.0,10361831.0,0.0,0.0,EXACT,
as_received,FILE2,Portugal,PRT,2022,population,World Bank SP.POP.TOTL,10434332.0,10434332.0,0.0,0.0,EXACT,
as_received,FILE2,Russia,RUS,2010,foreign_born,World Bank SM.POP.TOTL,11199727.0,11199727.0,0.0,0.0,EXACT,
as_received,FILE2,Russia,RUS,2015,foreign_born,World Bank SM.POP.TOTL,9098229.0,9098229.0,0.0,0.0,EXACT,
as_received,FILE2,Russia,RUS,2020,foreign_born,World Bank SM.POP.TOTL,7297611.0,7297611.0,0.0,0.0,EXACT,
as_received,FILE2,Russia,RUS,2010,population,World Bank SP.POP.TOTL,142849468.0,142849468.0,0.0,0.0,EXACT,
as_received,FILE2,Russia,RUS,2011,population,World Bank SP.POP.TOTL,143018195.0,143018195.0,0.0,0.0,EXACT,
as_received,FILE2,Russia,RUS,2012,population,World Bank SP.POP.TOTL,143378447.0,143378447.0,0.0,0.0,EXACT,
as_received,FILE2,Russia,RUS,2013,population,World Bank SP.POP.TOTL,143805638.0,143805638.0,0.0,0.0,EXACT,
as_received,FILE2,Russia,RUS,2014,population,World Bank SP.POP.TOTL,144237223.0,144237223.0,0.0,0.0,EXACT,
as_received,FILE2,Russia,RUS,2015,population,World Bank SP.POP.TOTL,144640716.0,144640716.0,0.0,0.0,EXACT,
as_received,FILE2,Russia,RUS,2016,population,World Bank SP.POP.TOTL,145015460.0,145015460.0,0.0,0.0,EXACT,
as_received,FILE2,Russia,RUS,2017,population,World Bank SP.POP.TOTL,145293260.0,145293260.0,0.0,0.0,EXACT,
as_received,FILE2,Russia,RUS,2018,population,World Bank SP.POP.TOTL,145398106.0,145398106.0,0.0,0.0,EXACT,
as_received,FILE2,Russia,RUS,2019,population,World Bank SP.POP.TOTL,145453291.0,145453291.0,0.0,0.0,EXACT,
as_received,FILE2,Russia,RUS,2020,population,World Bank SP.POP.TOTL,145245148.0,145245148.0,0.0,0.0,EXACT,
as_received,FILE2,Russia,RUS,2021,population,World Bank SP.POP.TOTL,144746762.0,144746762.0,0.0,0.0,EXACT,
as_received,FILE2,Russia,RUS,2022,population,World Bank SP.POP.TOTL,144236933.0,144236933.0,0.0,0.0,EXACT,
as_received,FILE2,Suriname,SUR,2010,foreign_born,World Bank SM.POP.TOTL,39713.0,39713.0,0.0,0.0,EXACT,
as_received,FILE2,Suriname,SUR,2015,foreign_born,World Bank SM.POP.TOTL,43127.0,43127.0,0.0,0.0,EXACT,
as_received,FILE2,Suriname,SUR,2020,foreign_born,World Bank SM.POP.TOTL,47801.0,47801.0,0.0,0.0,EXACT,
as_received,FILE2,Suriname,SUR,2010,population,World Bank SP.POP.TOTL,549923.0,549923.0,0.0,0.0,EXACT,
as_received,FILE2,Suriname,SUR,2011,population,World Bank SP.POP.TOTL,556269.0,556269.0,0.0,0.0,EXACT,
as_received,FILE2,Suriname,SUR,2012,population,World Bank SP.POP.TOTL,562633.0,562633.0,0.0,0.0,EXACT,
as_received,FILE2,Suriname,SUR,2013,population,World Bank SP.POP.TOTL,569020.0,569020.0,0.0,0.0,EXACT,
as_received,FILE2,Suriname,SUR,2014,population,World Bank SP.POP.TOTL,575373.0,575373.0,0.0,0.0,EXACT,
as_received,FILE2,Suriname,SUR,2015,population,World Bank SP.POP.TOTL,581627.0,581627.0,0.0,0.0,EXACT,
as_received,FILE2,Suriname,SUR,2016,population,World Bank SP.POP.TOTL,587757.0,587757.0,0.0,0.0,EXACT,
as_received,FILE2,Suriname,SUR,2017,population,World Bank SP.POP.TOTL,593713.0,593713.0,0.0,0.0,EXACT,
as_received,FILE2,Suriname,SUR,2018,population,World Bank SP.POP.TOTL,599513.0,599513.0,0.0,0.0,EXACT,
as_received,FILE2,Suriname,SUR,2019,population,World Bank SP.POP.TOTL,605768.0,605768.0,0.0,0.0,EXACT,
as_received,FILE2,Suriname,SUR,2020,population,World Bank SP.POP.TOTL,612317.0,612317.0,0.0,0.0,EXACT,
as_received,FILE2,Suriname,SUR,2021,population,World Bank SP.POP.TOTL,617896.0,617896.0,0.0,0.0,EXACT,
as_received,FILE2,Suriname,SUR,2022,population,World Bank SP.POP.TOTL,623164.0,623164.0,0.0,0.0,EXACT,
as_received,FILE2,Slovak Republic,SVK,2010,foreign_born,Eurostat migr_pop3ctb,64422.0,64422.0,0.0,0.0,EXACT,
as_received,FILE2,Slovak Republic,SVK,2011,foreign_born,Eurostat migr_pop3ctb,68135.0,68135.0,0.0,0.0,EXACT,
as_received,FILE2,Slovak Republic,SVK,2012,foreign_born,Eurostat migr_pop3ctb,156883.0,156883.0,0.0,0.0,EXACT,
as_received,FILE2,Slovak Republic,SVK,2013,foreign_born,Eurostat migr_pop3ctb,158164.0,158164.0,0.0,0.0,EXACT,
as_received,FILE2,Slovak Republic,SVK,2014,foreign_born,Eurostat migr_pop3ctb,174908.0,174908.0,0.0,0.0,EXACT,
as_received,FILE2,Slovak Republic,SVK,2015,foreign_born,Eurostat migr_pop3ctb,177624.0,177624.0,0.0,0.0,EXACT,
as_received,FILE2,Slovak Republic,SVK,2016,foreign_born,Eurostat migr_pop3ctb,181642.0,181642.0,0.0,0.0,EXACT,
as_received,FILE2,Slovak Republic,SVK,2017,foreign_born,Eurostat migr_pop3ctb,186217.0,186217.0,0.0,0.0,EXACT,
as_received,FILE2,Slovak Republic,SVK,2018,foreign_born,Eurostat migr_pop3ctb,190308.0,190308.0,0.0,0.0,EXACT,
as_received,FILE2,Slovak Republic,SVK,2019,foreign_born,Eurostat migr_pop3ctb,194389.0,194389.0,0.0,0.0,EXACT,
as_received,FILE2,Slovak Republic,SVK,2020,foreign_born,Eurostat migr_pop3ctb,198429.0,198429.0,0.0,0.0,EXACT,
as_received,FILE2,Slovak Republic,SVK,2021,foreign_born,Eurostat migr_pop3ctb,201941.0,201941.0,0.0,0.0,EXACT,
as_received,FILE2,Slovak Republic,SVK,2022,foreign_born,Eurostat migr_pop3ctb,213171.0,213171.0,0.0,0.0,EXACT,
as_received,FILE2,Slovak Republic,SVK,2010,foreign_nationals,Eurostat migr_pop1ctz,65894.0,65894.0,0.0,0.0,EXACT,
as_received,FILE2,Slovak Republic,SVK,2011,foreign_nationals,Eurostat migr_pop1ctz,69607.0,69607.0,0.0,0.0,EXACT,
as_received,FILE2,Slovak Republic,SVK,2012,foreign_nationals,Eurostat migr_pop1ctz,70727.0,70727.0,0.0,0.0,EXACT,
as_received,FILE2,Slovak Republic,SVK,2013,foreign_nationals,Eurostat migr_pop1ctz,72925.0,72925.0,0.0,0.0,EXACT,
as_received,FILE2,Slovak Republic,SVK,2014,foreign_nationals,Eurostat migr_pop1ctz,59151.0,59151.0,0.0,0.0,EXACT,
as_received,FILE2,Slovak Republic,SVK,2015,foreign_nationals,Eurostat migr_pop1ctz,61766.0,61766.0,0.0,0.0,EXACT,
as_received,FILE2,Slovak Republic,SVK,2016,foreign_nationals,Eurostat migr_pop1ctz,65840.0,65840.0,0.0,0.0,EXACT,
as_received,FILE2,Slovak Republic,SVK,2017,foreign_nationals,Eurostat migr_pop1ctz,69695.0,69695.0,0.0,0.0,EXACT,
as_received,FILE2,Slovak Republic,SVK,2018,foreign_nationals,Eurostat migr_pop1ctz,72883.0,72883.0,0.0,0.0,EXACT,
as_received,FILE2,Slovak Republic,SVK,2019,foreign_nationals,Eurostat migr_pop1ctz,76116.0,76116.0,0.0,0.0,EXACT,
as_received,FILE2,Slovak Republic,SVK,2020,foreign_nationals,Eurostat migr_pop1ctz,78936.0,78936.0,0.0,0.0,EXACT,
as_received,FILE2,Slovak Republic,SVK,2021,foreign_nationals,Eurostat migr_pop1ctz,82075.0,82075.0,0.0,0.0,EXACT,
as_received,FILE2,Slovak Republic,SVK,2022,foreign_nationals,Eurostat migr_pop1ctz,60142.0,60142.0,0.0,0.0,EXACT,
as_received,FILE2,Slovak Republic,SVK,2010,irregular_detections,Eurostat migr_eipre,1440.0,1440.0,0.0,0.0,EXACT,
as_received,FILE2,Slovak Republic,SVK,2011,irregular_detections,Eurostat migr_eipre,1145.0,1145.0,0.0,0.0,EXACT,
as_received,FILE2,Slovak Republic,SVK,2012,irregular_detections,Eurostat migr_eipre,1395.0,1395.0,0.0,0.0,EXACT,
as_received,FILE2,Slovak Republic,SVK,2013,irregular_detections,Eurostat migr_eipre,1025.0,1025.0,0.0,0.0,EXACT,
as_received,FILE2,Slovak Republic,SVK,2014,irregular_detections,Eurostat migr_eipre,1155.0,1155.0,0.0,0.0,EXACT,
as_received,FILE2,Slovak Republic,SVK,2015,irregular_detections,Eurostat migr_eipre,1985.0,1985.0,0.0,0.0,EXACT,
as_received,FILE2,Slovak Republic,SVK,2016,irregular_detections,Eurostat migr_eipre,2035.0,2035.0,0.0,0.0,EXACT,
as_received,FILE2,Slovak Republic,SVK,2017,irregular_detections,Eurostat migr_eipre,2590.0,2590.0,0.0,0.0,EXACT,
as_received,FILE2,Slovak Republic,SVK,2018,irregular_detections,Eurostat migr_eipre,2635.0,2635.0,0.0,0.0,EXACT,
as_received,FILE2,Slovak Republic,SVK,2019,irregular_detections,Eurostat migr_eipre,2005.0,2005.0,0.0,0.0,EXACT,
as_received,FILE2,Slovak Republic,SVK,2020,irregular_detections,Eurostat migr_eipre,1215.0,1215.0,0.0,0.0,EXACT,
as_received,FILE2,Slovak Republic,SVK,2021,irregular_detections,Eurostat migr_eipre,1715.0,1715.0,0.0,0.0,EXACT,
as_received,FILE2,Slovak Republic,SVK,2022,irregular_detections,Eurostat migr_eipre,11705.0,11705.0,0.0,0.0,EXACT,
as_received,FILE2,Slovak Republic,SVK,2010,population,World Bank SP.POP.TOTL,5391428.0,5391428.0,0.0,0.0,EXACT,
as_received,FILE2,Slovak Republic,SVK,2011,population,World Bank SP.POP.TOTL,5398384.0,5398384.0,0.0,0.0,EXACT,
as_received,FILE2,Slovak Republic,SVK,2012,population,World Bank SP.POP.TOTL,5407579.0,5407579.0,0.0,0.0,EXACT,
as_received,FILE2,Slovak Republic,SVK,2013,population,World Bank SP.POP.TOTL,5413393.0,5413393.0,0.0,0.0,EXACT,
as_received,FILE2,Slovak Republic,SVK,2014,population,World Bank SP.POP.TOTL,5418649.0,5418649.0,0.0,0.0,EXACT,
as_received,FILE2,Slovak Republic,SVK,2015,population,World Bank SP.POP.TOTL,5423801.0,5423801.0,0.0,0.0,EXACT,
as_received,FILE2,Slovak Republic,SVK,2016,population,World Bank SP.POP.TOTL,5430798.0,5430798.0,0.0,0.0,EXACT,
as_received,FILE2,Slovak Republic,SVK,2017,population,World Bank SP.POP.TOTL,5439232.0,5439232.0,0.0,0.0,EXACT,
as_received,FILE2,Slovak Republic,SVK,2018,population,World Bank SP.POP.TOTL,5446771.0,5446771.0,0.0,0.0,EXACT,
as_received,FILE2,Slovak Republic,SVK,2019,population,World Bank SP.POP.TOTL,5454147.0,5454147.0,0.0,0.0,EXACT,
as_received,FILE2,Slovak Republic,SVK,2020,population,World Bank SP.POP.TOTL,5458827.0,5458827.0,0.0,0.0,EXACT,
as_received,FILE2,Slovak Republic,SVK,2021,population,World Bank SP.POP.TOTL,5447247.0,5447247.0,0.0,0.0,EXACT,
as_received,FILE2,Slovak Republic,SVK,2022,population,World Bank SP.POP.TOTL,5431752.0,5431752.0,0.0,0.0,EXACT,
as_received,FILE2,Slovenia,SVN,2010,foreign_born,Eurostat migr_pop3ctb,253786.0,253786.0,0.0,0.0,EXACT,
as_received,FILE2,Slovenia,SVN,2011,foreign_born,Eurostat migr_pop3ctb,228588.0,228588.0,0.0,0.0,EXACT,
as_received,FILE2,Slovenia,SVN,2012,foreign_born,Eurostat migr_pop3ctb,230109.0,230109.0,0.0,0.0,EXACT,
as_received,FILE2,Slovenia,SVN,2013,foreign_born,Eurostat migr_pop3ctb,232703.0,232703.0,0.0,0.0,EXACT,
as_received,FILE2,Slovenia,SVN,2014,foreign_born,Eurostat migr_pop3ctb,235310.0,235310.0,0.0,0.0,EXACT,
as_received,FILE2,Slovenia,SVN,2015,foreign_born,Eurostat migr_pop3ctb,237616.0,237616.0,0.0,0.0,EXACT,
as_received,FILE2,Slovenia,SVN,2016,foreign_born,Eurostat migr_pop3ctb,241203.0,241203.0,0.0,0.0,EXACT,
as_received,FILE2,Slovenia,SVN,2017,foreign_born,Eurostat migr_pop3ctb,245369.0,245369.0,0.0,0.0,EXACT,
as_received,FILE2,Slovenia,SVN,2018,foreign_born,Eurostat migr_pop3ctb,250226.0,250226.0,0.0,0.0,EXACT,
as_received,FILE2,Slovenia,SVN,2019,foreign_born,Eurostat migr_pop3ctb,265072.0,265072.0,0.0,0.0,EXACT,
as_received,FILE2,Slovenia,SVN,2020,foreign_born,Eurostat migr_pop3ctb,281621.0,281621.0,0.0,0.0,EXACT,
as_received,FILE2,Slovenia,SVN,2021,foreign_born,Eurostat migr_pop3ctb,292824.0,292824.0,0.0,0.0,EXACT,
as_received,FILE2,Slovenia,SVN,2022,foreign_born,Eurostat migr_pop3ctb,294533.0,294533.0,0.0,0.0,EXACT,
as_received,FILE2,Slovenia,SVN,2010,foreign_nationals,Eurostat migr_pop1ctz,82176.0,82176.0,0.0,0.0,EXACT,
as_received,FILE2,Slovenia,SVN,2011,foreign_nationals,Eurostat migr_pop1ctz,82746.0,82746.0,0.0,0.0,EXACT,
as_received,FILE2,Slovenia,SVN,2012,foreign_nationals,Eurostat migr_pop1ctz,85555.0,85555.0,0.0,0.0,EXACT,
as_received,FILE2,Slovenia,SVN,2013,foreign_nationals,Eurostat migr_pop1ctz,91385.0,91385.0,0.0,0.0,EXACT,
as_received,FILE2,Slovenia,SVN,2014,foreign_nationals,Eurostat migr_pop1ctz,96608.0,96608.0,0.0,0.0,EXACT,
as_received,FILE2,Slovenia,SVN,2015,foreign_nationals,Eurostat migr_pop1ctz,101532.0,101532.0,0.0,0.0,EXACT,
as_received,FILE2,Slovenia,SVN,2016,foreign_nationals,Eurostat migr_pop1ctz,107766.0,107766.0,0.0,0.0,EXACT,
as_received,FILE2,Slovenia,SVN,2017,foreign_nationals,Eurostat migr_pop1ctz,114438.0,114438.0,0.0,0.0,EXACT,
as_received,FILE2,Slovenia,SVN,2018,foreign_nationals,Eurostat migr_pop1ctz,121875.0,121875.0,0.0,0.0,EXACT,
as_received,FILE2,Slovenia,SVN,2019,foreign_nationals,Eurostat migr_pop1ctz,138193.0,138193.0,0.0,0.0,EXACT,
as_received,FILE2,Slovenia,SVN,2020,foreign_nationals,Eurostat migr_pop1ctz,156351.0,156351.0,0.0,0.0,EXACT,
as_received,FILE2,Slovenia,SVN,2021,foreign_nationals,Eurostat migr_pop1ctz,168651.0,168651.0,0.0,0.0,EXACT,
as_received,FILE2,Slovenia,SVN,2022,foreign_nationals,Eurostat migr_pop1ctz,172442.0,172442.0,0.0,0.0,EXACT,
as_received,FILE2,Slovenia,SVN,2010,irregular_detections,Eurostat migr_eipre,3415.0,3415.0,0.0,0.0,EXACT,
as_received,FILE2,Slovenia,SVN,2011,irregular_detections,Eurostat migr_eipre,4350.0,4350.0,0.0,0.0,EXACT,
as_received,FILE2,Slovenia,SVN,2012,irregular_detections,Eurostat migr_eipre,1555.0,1555.0,0.0,0.0,EXACT,
as_received,FILE2,Slovenia,SVN,2013,irregular_detections,Eurostat migr_eipre,1040.0,1040.0,0.0,0.0,EXACT,
as_received,FILE2,Slovenia,SVN,2014,irregular_detections,Eurostat migr_eipre,1025.0,1025.0,0.0,0.0,EXACT,
as_received,FILE2,Slovenia,SVN,2015,irregular_detections,Eurostat migr_eipre,1025.0,1025.0,0.0,0.0,EXACT,
as_received,FILE2,Slovenia,SVN,2016,irregular_detections,Eurostat migr_eipre,2475.0,2475.0,0.0,0.0,EXACT,
as_received,FILE2,Slovenia,SVN,2017,irregular_detections,Eurostat migr_eipre,4180.0,4180.0,0.0,0.0,EXACT,
as_received,FILE2,Slovenia,SVN,2018,irregular_detections,Eurostat migr_eipre,4345.0,4345.0,0.0,0.0,EXACT,
as_received,FILE2,Slovenia,SVN,2019,irregular_detections,Eurostat migr_eipre,5765.0,5765.0,0.0,0.0,EXACT,
as_received,FILE2,Slovenia,SVN,2020,irregular_detections,Eurostat migr_eipre,4605.0,4605.0,0.0,0.0,EXACT,
as_received,FILE2,Slovenia,SVN,2021,irregular_detections,Eurostat migr_eipre,14430.0,14430.0,0.0,0.0,EXACT,
as_received,FILE2,Slovenia,SVN,2022,irregular_detections,Eurostat migr_eipre,35215.0,35215.0,0.0,0.0,EXACT,
as_received,FILE2,Slovenia,SVN,2010,population,World Bank SP.POP.TOTL,2048583.0,2048583.0,0.0,0.0,EXACT,
as_received,FILE2,Slovenia,SVN,2011,population,World Bank SP.POP.TOTL,2052843.0,2052843.0,0.0,0.0,EXACT,
as_received,FILE2,Slovenia,SVN,2012,population,World Bank SP.POP.TOTL,2057159.0,2057159.0,0.0,0.0,EXACT,
as_received,FILE2,Slovenia,SVN,2013,population,World Bank SP.POP.TOTL,2059953.0,2059953.0,0.0,0.0,EXACT,
as_received,FILE2,Slovenia,SVN,2014,population,World Bank SP.POP.TOTL,2061980.0,2061980.0,0.0,0.0,EXACT,
as_received,FILE2,Slovenia,SVN,2015,population,World Bank SP.POP.TOTL,2063531.0,2063531.0,0.0,0.0,EXACT,
as_received,FILE2,Slovenia,SVN,2016,population,World Bank SP.POP.TOTL,2065042.0,2065042.0,0.0,0.0,EXACT,
as_received,FILE2,Slovenia,SVN,2017,population,World Bank SP.POP.TOTL,2066388.0,2066388.0,0.0,0.0,EXACT,
as_received,FILE2,Slovenia,SVN,2018,population,World Bank SP.POP.TOTL,2073894.0,2073894.0,0.0,0.0,EXACT,
as_received,FILE2,Slovenia,SVN,2019,population,World Bank SP.POP.TOTL,2088385.0,2088385.0,0.0,0.0,EXACT,
as_received,FILE2,Slovenia,SVN,2020,population,World Bank SP.POP.TOTL,2102419.0,2102419.0,0.0,0.0,EXACT,
as_received,FILE2,Slovenia,SVN,2021,population,World Bank SP.POP.TOTL,2108079.0,2108079.0,0.0,0.0,EXACT,
as_received,FILE2,Slovenia,SVN,2022,population,World Bank SP.POP.TOTL,2112076.0,2112076.0,0.0,0.0,EXACT,
as_received,FILE2,Sweden,SWE,2010,foreign_born,Eurostat migr_pop3ctb,1337214.0,1337214.0,0.0,0.0,EXACT,
as_received,FILE2,Sweden,SWE,2011,foreign_born,Eurostat migr_pop3ctb,1384111.0,1384111.0,0.0,0.0,EXACT,
as_received,FILE2,Sweden,SWE,2012,foreign_born,Eurostat migr_pop3ctb,1426402.0,1426402.0,0.0,0.0,EXACT,
as_received,FILE2,Sweden,SWE,2013,foreign_born,Eurostat migr_pop3ctb,1472353.0,1472353.0,0.0,0.0,EXACT,
as_received,FILE2,Sweden,SWE,2014,foreign_born,Eurostat migr_pop3ctb,1532563.0,1532563.0,0.0,0.0,EXACT,
as_received,FILE2,Sweden,SWE,2015,foreign_born,Eurostat migr_pop3ctb,1602522.0,1602522.0,0.0,0.0,EXACT,
as_received,FILE2,Sweden,SWE,2016,foreign_born,Eurostat migr_pop3ctb,1675116.0,1675116.0,0.0,0.0,EXACT,
as_received,FILE2,Sweden,SWE,2017,foreign_born,Eurostat migr_pop3ctb,1783179.0,1783179.0,0.0,0.0,EXACT,
as_received,FILE2,Sweden,SWE,2018,foreign_born,Eurostat migr_pop3ctb,1875637.0,1875637.0,0.0,0.0,EXACT,
as_received,FILE2,Sweden,SWE,2019,foreign_born,Eurostat migr_pop3ctb,1954065.0,1954065.0,0.0,0.0,EXACT,
as_received,FILE2,Sweden,SWE,2020,foreign_born,Eurostat migr_pop3ctb,2018191.0,2018191.0,0.0,0.0,EXACT,
as_received,FILE2,Sweden,SWE,2021,foreign_born,Eurostat migr_pop3ctb,2045234.0,2045234.0,0.0,0.0,EXACT,
as_received,FILE2,Sweden,SWE,2022,foreign_born,Eurostat migr_pop3ctb,2089008.0,2089008.0,0.0,0.0,EXACT,
as_received,FILE2,Sweden,SWE,2010,foreign_nationals,Eurostat migr_pop1ctz,590475.0,590475.0,0.0,0.0,EXACT,
as_received,FILE2,Sweden,SWE,2011,foreign_nationals,Eurostat migr_pop1ctz,622275.0,622275.0,0.0,0.0,EXACT,
as_received,FILE2,Sweden,SWE,2012,foreign_nationals,Eurostat migr_pop1ctz,646095.0,646095.0,0.0,0.0,EXACT,
as_received,FILE2,Sweden,SWE,2013,foreign_nationals,Eurostat migr_pop1ctz,659374.0,659374.0,0.0,0.0,EXACT,
as_received,FILE2,Sweden,SWE,2014,foreign_nationals,Eurostat migr_pop1ctz,687192.0,687192.0,0.0,0.0,EXACT,
as_received,FILE2,Sweden,SWE,2015,foreign_nationals,Eurostat migr_pop1ctz,731215.0,731215.0,0.0,0.0,EXACT,
as_received,FILE2,Sweden,SWE,2016,foreign_nationals,Eurostat migr_pop1ctz,773232.0,773232.0,0.0,0.0,EXACT,
as_received,FILE2,Sweden,SWE,2017,foreign_nationals,Eurostat migr_pop1ctz,841165.0,841165.0,0.0,0.0,EXACT,
as_received,FILE2,Sweden,SWE,2018,foreign_nationals,Eurostat migr_pop1ctz,885839.0,885839.0,0.0,0.0,EXACT,
as_received,FILE2,Sweden,SWE,2019,foreign_nationals,Eurostat migr_pop1ctz,920144.0,920144.0,0.0,0.0,EXACT,
as_received,FILE2,Sweden,SWE,2020,foreign_nationals,Eurostat migr_pop1ctz,927774.0,927774.0,0.0,0.0,EXACT,
as_received,FILE2,Sweden,SWE,2021,foreign_nationals,Eurostat migr_pop1ctz,892254.0,892254.0,0.0,0.0,EXACT,
as_received,FILE2,Sweden,SWE,2022,foreign_nationals,Eurostat migr_pop1ctz,868193.0,868193.0,0.0,0.0,EXACT,
as_received,FILE2,Sweden,SWE,2010,irregular_detections,Eurostat migr_eipre,20765.0,27460.0,-6695.0,-24.3809176984705,MISMATCH,
as_received,FILE2,Sweden,SWE,2011,irregular_detections,Eurostat migr_eipre,23205.0,20765.0,2440.0,11.75054177702866,MISMATCH,
as_received,FILE2,Sweden,SWE,2012,irregular_detections,Eurostat migr_eipre,24400.0,23205.0,1195.0,5.149752208575737,MISMATCH,
as_received,FILE2,Sweden,SWE,2013,irregular_detections,Eurostat migr_eipre,72835.0,24400.0,48435.0,198.5040983606557,MISMATCH,
as_received,FILE2,Sweden,SWE,2014,irregular_detections,Eurostat migr_eipre,1445.0,72835.0,-71390.0,-98.01606370563604,MISMATCH,
as_received,FILE2,Sweden,SWE,2015,irregular_detections,Eurostat migr_eipre,1210.0,1445.0,-235.0,-16.26297577854671,MISMATCH,
as_received,FILE2,Sweden,SWE,2016,irregular_detections,Eurostat migr_eipre,2145.0,1210.0,935.0,77.27272727272727,MISMATCH,
as_received,FILE2,Sweden,SWE,2017,irregular_detections,Eurostat migr_eipre,1720.0,2145.0,-425.0,-19.81351981351981,MISMATCH,
as_received,FILE2,Sweden,SWE,2018,irregular_detections,Eurostat migr_eipre,2170.0,1720.0,450.0,26.16279069767442,MISMATCH,
as_received,FILE2,Sweden,SWE,2019,irregular_detections,Eurostat migr_eipre,2615.0,2170.0,445.0,20.50691244239632,MISMATCH,
as_received,FILE2,Sweden,SWE,2020,irregular_detections,Eurostat migr_eipre,2635.0,2615.0,20.0,0.7648183556405354,MINOR_DIFF,
as_received,FILE2,Sweden,SWE,2021,irregular_detections,Eurostat migr_eipre,2455.0,2635.0,-180.0,-6.83111954459203,MISMATCH,
as_received,FILE2,Sweden,SWE,2022,irregular_detections,Eurostat migr_eipre,2510.0,2455.0,55.0,2.240325865580448,MISMATCH,
as_received,FILE2,Sweden,SWE,2010,population,World Bank SP.POP.TOTL,9378126.0,9378126.0,0.0,0.0,EXACT,
as_received,FILE2,Sweden,SWE,2011,population,World Bank SP.POP.TOTL,9449213.0,9449213.0,0.0,0.0,EXACT,
as_received,FILE2,Sweden,SWE,2012,population,World Bank SP.POP.TOTL,9519374.0,9519374.0,0.0,0.0,EXACT,
as_received,FILE2,Sweden,SWE,2013,population,World Bank SP.POP.TOTL,9600379.0,9600379.0,0.0,0.0,EXACT,
as_received,FILE2,Sweden,SWE,2014,population,World Bank SP.POP.TOTL,9696110.0,9696110.0,0.0,0.0,EXACT,
as_received,FILE2,Sweden,SWE,2015,population,World Bank SP.POP.TOTL,9799186.0,9799186.0,0.0,0.0,EXACT,
as_received,FILE2,Sweden,SWE,2016,population,World Bank SP.POP.TOTL,9923085.0,9923085.0,0.0,0.0,EXACT,
as_received,FILE2,Sweden,SWE,2017,population,World Bank SP.POP.TOTL,10057698.0,10057698.0,0.0,0.0,EXACT,
as_received,FILE2,Sweden,SWE,2018,population,World Bank SP.POP.TOTL,10175214.0,10175214.0,0.0,0.0,EXACT,
as_received,FILE2,Sweden,SWE,2019,population,World Bank SP.POP.TOTL,10278887.0,10278887.0,0.0,0.0,EXACT,
as_received,FILE2,Sweden,SWE,2020,population,World Bank SP.POP.TOTL,10353442.0,10353442.0,0.0,0.0,EXACT,
as_received,FILE2,Sweden,SWE,2021,population,World Bank SP.POP.TOTL,10415811.0,10415811.0,0.0,0.0,EXACT,
as_received,FILE2,Sweden,SWE,2022,population,World Bank SP.POP.TOTL,10486941.0,10486941.0,0.0,0.0,EXACT,
as_received,FILE2,Thailand,THA,2010,foreign_born,World Bank SM.POP.TOTL,2640454.0,2640454.0,0.0,0.0,EXACT,
as_received,FILE2,Thailand,THA,2015,foreign_born,World Bank SM.POP.TOTL,2853248.0,2853248.0,0.0,0.0,EXACT,
as_received,FILE2,Thailand,THA,2020,foreign_born,World Bank SM.POP.TOTL,3015007.0,3015007.0,0.0,0.0,EXACT,
as_received,FILE2,Thailand,THA,2010,population,World Bank SP.POP.TOTL,68579447.0,68579447.0,0.0,0.0,EXACT,
as_received,FILE2,Thailand,THA,2011,population,World Bank SP.POP.TOTL,69007208.0,69007208.0,0.0,0.0,EXACT,
as_received,FILE2,Thailand,THA,2012,population,World Bank SP.POP.TOTL,69436098.0,69436098.0,0.0,0.0,EXACT,
as_received,FILE2,Thailand,THA,2013,population,World Bank SP.POP.TOTL,69845114.0,69845114.0,0.0,0.0,EXACT,
as_received,FILE2,Thailand,THA,2014,population,World Bank SP.POP.TOTL,70216367.0,70216367.0,0.0,0.0,EXACT,
as_received,FILE2,Thailand,THA,2015,population,World Bank SP.POP.TOTL,70540795.0,70540795.0,0.0,0.0,EXACT,
as_received,FILE2,Thailand,THA,2016,population,World Bank SP.POP.TOTL,70859841.0,70859841.0,0.0,0.0,EXACT,
as_received,FILE2,Thailand,THA,2017,population,World Bank SP.POP.TOTL,71160187.0,71160187.0,0.0,0.0,EXACT,
as_received,FILE2,Thailand,THA,2018,population,World Bank SP.POP.TOTL,71376079.0,71376079.0,0.0,0.0,EXACT,
as_received,FILE2,Thailand,THA,2019,population,World Bank SP.POP.TOTL,71522271.0,71522271.0,0.0,0.0,EXACT,
as_received,FILE2,Thailand,THA,2020,population,World Bank SP.POP.TOTL,71641484.0,71641484.0,0.0,0.0,EXACT,
as_received,FILE2,Thailand,THA,2021,population,World Bank SP.POP.TOTL,71727332.0,71727332.0,0.0,0.0,EXACT,
as_received,FILE2,Thailand,THA,2022,population,World Bank SP.POP.TOTL,71735329.0,71735329.0,0.0,0.0,EXACT,
as_received,FILE2,Turkey,TUR,2010,population,World Bank SP.POP.TOTL,73142150.0,73142150.0,0.0,0.0,EXACT,
as_received,FILE2,Turkey,TUR,2011,population,World Bank SP.POP.TOTL,74223629.0,74223629.0,0.0,0.0,EXACT,
as_received,FILE2,Turkey,TUR,2012,population,World Bank SP.POP.TOTL,75175827.0,75175827.0,0.0,0.0,EXACT,
as_received,FILE2,Turkey,TUR,2013,population,World Bank SP.POP.TOTL,76147624.0,76147624.0,0.0,0.0,EXACT,
as_received,FILE2,Turkey,TUR,2014,population,World Bank SP.POP.TOTL,77181884.0,77181884.0,0.0,0.0,EXACT,
as_received,FILE2,Turkey,TUR,2015,population,World Bank SP.POP.TOTL,78218479.0,78218479.0,0.0,0.0,EXACT,
as_received,FILE2,Turkey,TUR,2016,population,World Bank SP.POP.TOTL,79277962.0,79277962.0,0.0,0.0,EXACT,
as_received,FILE2,Turkey,TUR,2017,population,World Bank SP.POP.TOTL,80312698.0,80312698.0,0.0,0.0,EXACT,
as_received,FILE2,Turkey,TUR,2018,population,World Bank SP.POP.TOTL,81407204.0,81407204.0,0.0,0.0,EXACT,
as_received,FILE2,Turkey,TUR,2019,population,World Bank SP.POP.TOTL,82579440.0,82579440.0,0.0,0.0,EXACT,
as_received,FILE2,Turkey,TUR,2020,population,World Bank SP.POP.TOTL,83384680.0,83384680.0,0.0,0.0,EXACT,
as_received,FILE2,Turkey,TUR,2021,population,World Bank SP.POP.TOTL,84147318.0,84147318.0,0.0,0.0,EXACT,
as_received,FILE2,Turkey,TUR,2022,population,World Bank SP.POP.TOTL,84979913.0,84979913.0,0.0,0.0,EXACT,
as_received,FILE2,United States,USA,2010,population,World Bank SP.POP.TOTL,309378227.0,309378227.0,0.0,0.0,EXACT,
as_received,FILE2,United States,USA,2011,population,World Bank SP.POP.TOTL,311839461.0,311839461.0,0.0,0.0,EXACT,
as_received,FILE2,United States,USA,2012,population,World Bank SP.POP.TOTL,314339099.0,314339099.0,0.0,0.0,EXACT,
as_received,FILE2,United States,USA,2013,population,World Bank SP.POP.TOTL,316726282.0,316726282.0,0.0,0.0,EXACT,
as_received,FILE2,United States,USA,2014,population,World Bank SP.POP.TOTL,319257560.0,319257560.0,0.0,0.0,EXACT,
as_received,FILE2,United States,USA,2015,population,World Bank SP.POP.TOTL,321815121.0,321815121.0,0.0,0.0,EXACT,
as_received,FILE2,United States,USA,2016,population,World Bank SP.POP.TOTL,324353340.0,324353340.0,0.0,0.0,EXACT,
as_received,FILE2,United States,USA,2017,population,World Bank SP.POP.TOTL,326608609.0,326608609.0,0.0,0.0,EXACT,
as_received,FILE2,United States,USA,2018,population,World Bank SP.POP.TOTL,328529577.0,328529577.0,0.0,0.0,EXACT,
as_received,FILE2,United States,USA,2019,population,World Bank SP.POP.TOTL,330226227.0,330226227.0,0.0,0.0,EXACT,
as_received,FILE2,United States,USA,2020,population,World Bank SP.POP.TOTL,331578104.0,331578104.0,0.0,0.0,EXACT,
as_received,FILE2,United States,USA,2021,population,World Bank SP.POP.TOTL,332100166.0,332100166.0,0.0,0.0,EXACT,
as_received,FILE2,United States,USA,2022,population,World Bank SP.POP.TOTL,333996304.0,333996304.0,0.0,0.0,EXACT,
as_received,FILE2,South Africa,ZAF,2010,foreign_born,World Bank SM.POP.TOTL,2274466.0,2274466.0,0.0,0.0,EXACT,
as_received,FILE2,South Africa,ZAF,2015,foreign_born,World Bank SM.POP.TOTL,3162564.0,3162564.0,0.0,0.0,EXACT,
as_received,FILE2,South Africa,ZAF,2020,foreign_born,World Bank SM.POP.TOTL,2639076.0,2639076.0,0.0,0.0,EXACT,
as_received,FILE2,South Africa,ZAF,2010,population,World Bank SP.POP.TOTL,52344051.0,52344051.0,0.0,0.0,EXACT,
as_received,FILE2,South Africa,ZAF,2011,population,World Bank SP.POP.TOTL,52995205.0,52995205.0,0.0,0.0,EXACT,
as_received,FILE2,South Africa,ZAF,2012,population,World Bank SP.POP.TOTL,53782567.0,53782567.0,0.0,0.0,EXACT,
as_received,FILE2,South Africa,ZAF,2013,population,World Bank SP.POP.TOTL,54678791.0,54678791.0,0.0,0.0,EXACT,
as_received,FILE2,South Africa,ZAF,2014,population,World Bank SP.POP.TOTL,55594838.0,55594838.0,0.0,0.0,EXACT,
as_received,FILE2,South Africa,ZAF,2015,population,World Bank SP.POP.TOTL,56723537.0,56723537.0,0.0,0.0,EXACT,
as_received,FILE2,South Africa,ZAF,2016,population,World Bank SP.POP.TOTL,57259551.0,57259551.0,0.0,0.0,EXACT,
as_received,FILE2,South Africa,ZAF,2017,population,World Bank SP.POP.TOTL,57635162.0,57635162.0,0.0,0.0,EXACT,
as_received,FILE2,South Africa,ZAF,2018,population,World Bank SP.POP.TOTL,58613001.0,58613001.0,0.0,0.0,EXACT,
as_received,FILE2,South Africa,ZAF,2019,population,World Bank SP.POP.TOTL,59587885.0,59587885.0,0.0,0.0,EXACT,
as_received,FILE2,South Africa,ZAF,2020,population,World Bank SP.POP.TOTL,60562381.0,60562381.0,0.0,0.0,EXACT,
as_received,FILE2,South Africa,ZAF,2021,population,World Bank SP.POP.TOTL,61502603.0,61502603.0,0.0,0.0,EXACT,
as_received,FILE2,South Africa,ZAF,2022,population,World Bank SP.POP.TOTL,62378410.0,62378410.0,0.0,0.0,EXACT,
as_received,FILE2,Chile,CHL,2017,foreign_nationals,OECD IMD CHL_B15,746465.0,746465.0,0.0,0.0,EXACT,ok
as_received,FILE2,Chile,CHL,2018,foreign_nationals,OECD IMD CHL_B15,1306859.0,1306859.0,0.0,0.0,EXACT,ok
as_received,FILE2,Chile,CHL,2019,foreign_nationals,OECD IMD CHL_B15,1486810.0,1486810.0,0.0,0.0,EXACT,ok
as_received,FILE2,Chile,CHL,2020,foreign_nationals,OECD IMD CHL_B15,1534813.0,1534813.0,0.0,0.0,EXACT,ok
as_received,FILE2,Chile,CHL,2021,foreign_nationals,OECD IMD CHL_B15,1630812.0,1630812.0,0.0,0.0,EXACT,ok
as_received,FILE2,Chile,CHL,2022,foreign_nationals,OECD IMD CHL_B15,1836137.0,1836137.0,0.0,0.0,EXACT,ok
as_received,FILE2,Japan,JPN,2010,foreign_nationals,OECD IMD JPN_B15,2184724.0,2184724.0,0.0,0.0,EXACT,ok
as_received,FILE2,Japan,JPN,2011,foreign_nationals,OECD IMD JPN_B15,2132913.0,2132913.0,0.0,0.0,EXACT,ok
as_received,FILE2,Japan,JPN,2012,foreign_nationals,OECD IMD JPN_B15,2078508.0,2078508.0,0.0,0.0,EXACT,ok
as_received,FILE2,Japan,JPN,2013,foreign_nationals,OECD IMD JPN_B15,2033656.0,2033656.0,0.0,0.0,EXACT,ok
as_received,FILE2,Japan,JPN,2014,foreign_nationals,OECD IMD JPN_B15,2066445.0,2066445.0,0.0,0.0,EXACT,ok
as_received,FILE2,Japan,JPN,2015,foreign_nationals,OECD IMD JPN_B15,2121831.0,2121831.0,0.0,0.0,EXACT,ok
as_received,FILE2,Japan,JPN,2016,foreign_nationals,OECD IMD JPN_B15,2232189.0,2232189.0,0.0,0.0,EXACT,ok
as_received,FILE2,Japan,JPN,2017,foreign_nationals,OECD IMD JPN_B15,2382822.0,2382822.0,0.0,0.0,EXACT,ok
as_received,FILE2,Japan,JPN,2018,foreign_nationals,OECD IMD JPN_B15,2561848.0,2561848.0,0.0,0.0,EXACT,ok
as_received,FILE2,Japan,JPN,2019,foreign_nationals,OECD IMD JPN_B15,2731093.0,2731093.0,0.0,0.0,EXACT,ok
as_received,FILE2,Japan,JPN,2020,foreign_nationals,OECD IMD JPN_B15,2933137.0,2933137.0,0.0,0.0,EXACT,ok
as_received,FILE2,Japan,JPN,2021,foreign_nationals,OECD IMD JPN_B15,2887116.0,2887116.0,0.0,0.0,EXACT,ok
as_received,FILE2,Japan,JPN,2022,foreign_nationals,OECD IMD JPN_B15,2760635.0,2760635.0,0.0,0.0,EXACT,ok
as_received,FILE2,Korea (South),KOR,2010,foreign_nationals,OECD IMD KOR_B15,1010020.0,1010020.0,0.0,0.0,EXACT,ok
as_received,FILE2,Korea (South),KOR,2011,foreign_nationals,OECD IMD KOR_B15,1088638.0,1088638.0,0.0,0.0,EXACT,ok
as_received,FILE2,Korea (South),KOR,2012,foreign_nationals,OECD IMD KOR_B15,1200079.0,1200079.0,0.0,0.0,EXACT,ok
as_received,FILE2,Korea (South),KOR,2013,foreign_nationals,OECD IMD KOR_B15,1202270.0,1202270.0,0.0,0.0,EXACT,ok
as_received,FILE2,Korea (South),KOR,2014,foreign_nationals,OECD IMD KOR_B15,1303777.0,1303777.0,0.0,0.0,EXACT,ok
as_received,FILE2,Korea (South),KOR,2015,foreign_nationals,OECD IMD KOR_B15,1488882.0,1488882.0,0.0,0.0,EXACT,ok
as_received,FILE2,Korea (South),KOR,2016,foreign_nationals,OECD IMD KOR_B15,1594768.0,1594768.0,0.0,0.0,EXACT,ok
as_received,FILE2,Korea (South),KOR,2017,foreign_nationals,OECD IMD KOR_B15,1662759.0,1662759.0,0.0,0.0,EXACT,ok
as_received,FILE2,Korea (South),KOR,2018,foreign_nationals,OECD IMD KOR_B15,1749563.0,1749563.0,0.0,0.0,EXACT,ok
as_received,FILE2,Korea (South),KOR,2019,foreign_nationals,OECD IMD KOR_B15,1951097.0,1951097.0,0.0,0.0,EXACT,ok
as_received,FILE2,Korea (South),KOR,2020,foreign_nationals,OECD IMD KOR_B15,2024578.0,2024578.0,0.0,0.0,EXACT,ok
as_received,FILE2,Korea (South),KOR,2021,foreign_nationals,OECD IMD KOR_B15,1889454.0,1889454.0,0.0,0.0,EXACT,ok
as_received,FILE2,Korea (South),KOR,2022,foreign_nationals,OECD IMD KOR_B15,1829774.0,1829774.0,0.0,0.0,EXACT,ok
as_received,FILE2,Mexico,MEX,2010,foreign_nationals,OECD IMD MEX_B15,262672.0,262672.0,0.0,0.0,EXACT,ok
as_received,FILE2,Mexico,MEX,2011,foreign_nationals,OECD IMD MEX_B15,281053.0,281053.0,0.0,0.0,EXACT,ok
as_received,FILE2,Mexico,MEX,2012,foreign_nationals,OECD IMD MEX_B15,303936.0,303936.0,0.0,0.0,EXACT,ok
as_received,FILE2,Mexico,MEX,2013,foreign_nationals,OECD IMD MEX_B15,296447.0,296447.0,0.0,0.0,EXACT,ok
as_received,FILE2,Mexico,MEX,2015,foreign_nationals,OECD IMD MEX_B15,325979.0,325979.0,0.0,0.0,EXACT,ok
as_received,FILE2,Mexico,MEX,2016,foreign_nationals,OECD IMD MEX_B15,355206.0,355206.0,0.0,0.0,EXACT,ok
as_received,FILE2,Mexico,MEX,2017,foreign_nationals,OECD IMD MEX_B15,381770.0,381770.0,0.0,0.0,EXACT,ok
as_received,FILE2,Mexico,MEX,2018,foreign_nationals,OECD IMD MEX_B15,423864.0,423864.0,0.0,0.0,EXACT,ok
as_received,FILE2,Mexico,MEX,2019,foreign_nationals,OECD IMD MEX_B15,461988.0,461988.0,0.0,0.0,EXACT,ok
as_received,FILE2,Mexico,MEX,2020,foreign_nationals,OECD IMD MEX_B15,480328.0,480328.0,0.0,0.0,EXACT,ok
as_received,FILE2,Mexico,MEX,2021,foreign_nationals,OECD IMD MEX_B15,579843.0,579843.0,0.0,0.0,EXACT,ok
as_received,FILE2,Mexico,MEX,2022,foreign_nationals,OECD IMD MEX_B15,720371.0,720371.0,0.0,0.0,EXACT,ok
as_received,FILE2,Turkey,TUR,2010,foreign_nationals,OECD IMD TUR_B15,167344.0,167344.0,0.0,0.0,EXACT,ok
as_received,FILE2,Turkey,TUR,2011,foreign_nationals,OECD IMD TUR_B15,190531.0,190531.0,0.0,0.0,EXACT,ok
as_received,FILE2,Turkey,TUR,2012,foreign_nationals,OECD IMD TUR_B15,242128.0,242128.0,0.0,0.0,EXACT,ok
as_received,FILE2,Turkey,TUR,2013,foreign_nationals,OECD IMD TUR_B15,278664.0,278664.0,0.0,0.0,EXACT,ok
as_received,FILE2,Turkey,TUR,2014,foreign_nationals,OECD IMD TUR_B15,456506.0,456506.0,0.0,0.0,EXACT,ok
as_received,FILE2,Turkey,TUR,2015,foreign_nationals,OECD IMD TUR_B15,518279.0,518279.0,0.0,0.0,EXACT,ok
as_received,FILE2,Turkey,TUR,2016,foreign_nationals,OECD IMD TUR_B15,650308.0,650308.0,0.0,0.0,EXACT,ok
as_received,FILE2,Turkey,TUR,2017,foreign_nationals,OECD IMD TUR_B15,816410.0,816410.0,0.0,0.0,EXACT,ok
as_received,FILE2,Turkey,TUR,2018,foreign_nationals,OECD IMD TUR_B15,919061.0,919061.0,0.0,0.0,EXACT,ok
as_received,FILE2,Turkey,TUR,2019,foreign_nationals,OECD IMD TUR_B15,1211034.0,1211034.0,0.0,0.0,EXACT,ok
as_received,FILE2,Turkey,TUR,2020,foreign_nationals,OECD IMD TUR_B15,1531180.0,1531180.0,0.0,0.0,EXACT,ok
as_received,FILE2,Turkey,TUR,2021,foreign_nationals,OECD IMD TUR_B15,1792036.0,1792036.0,0.0,0.0,EXACT,ok
as_received,FILE2,Turkey,TUR,2022,foreign_nationals,OECD IMD TUR_B15,1823836.0,1823836.0,0.0,0.0,EXACT,ok
as_received,FILE2,United States,USA,2010,foreign_nationals,OECD IMD USA_B15,21640993.0,21640993.0,0.0,0.0,EXACT,ok
as_received,FILE2,United States,USA,2011,foreign_nationals,OECD IMD USA_B15,22225536.0,22225536.0,0.0,0.0,EXACT,ok
as_received,FILE2,United States,USA,2012,foreign_nationals,OECD IMD USA_B15,22114981.0,22114981.0,0.0,0.0,EXACT,ok
as_received,FILE2,United States,USA,2013,foreign_nationals,OECD IMD USA_B15,22016426.0,22016426.0,0.0,0.0,EXACT,ok
as_received,FILE2,United States,USA,2014,foreign_nationals,OECD IMD USA_B15,21325130.0,21325130.0,0.0,0.0,EXACT,ok
as_received,FILE2,United States,USA,2015,foreign_nationals,OECD IMD USA_B15,22236160.0,22236160.0,0.0,0.0,EXACT,ok
as_received,FILE2,United States,USA,2016,foreign_nationals,OECD IMD USA_B15,22824242.0,22824242.0,0.0,0.0,EXACT,ok
as_received,FILE2,United States,USA,2017,foreign_nationals,OECD IMD USA_B15,22758740.0,22758740.0,0.0,0.0,EXACT,ok
as_received,FILE2,United States,USA,2018,foreign_nationals,OECD IMD USA_B15,22941910.0,22941910.0,0.0,0.0,EXACT,ok
as_received,FILE2,United States,USA,2019,foreign_nationals,OECD IMD USA_B15,22518810.0,22518809.52,0.4800000004470348,2.131551403819658e-06,EXACT,ok
as_received,FILE2,United States,USA,2020,foreign_nationals,OECD IMD USA_B15,21433675.0,21433675.3,-0.300000000745058,-1.399666629945906e-06,EXACT,ok
as_received,FILE2,United States,USA,2021,foreign_nationals,OECD IMD USA_B15,22164662.0,22164661.53,0.4699999988079071,2.120492560519182e-06,EXACT,ok
as_received,FILE2,United States,USA,2022,foreign_nationals,OECD IMD USA_B15,23825209.0,23825209.06,-0.0599999986588954,-2.518340909739556e-07,EXACT,ok
as_received,FILE2,Australia,AUS,2010,foreign_born,OECD IMD AUS_B14,5881360.0,5881360.0,0.0,0.0,EXACT,ok
as_received,FILE2,Australia,AUS,2011,foreign_born,OECD IMD AUS_B14,6018180.0,6018180.0,0.0,0.0,EXACT,ok
as_received,FILE2,Australia,AUS,2012,foreign_born,OECD IMD AUS_B14,6214010.0,6214010.0,0.0,0.0,EXACT,ok
as_received,FILE2,Australia,AUS,2013,foreign_born,OECD IMD AUS_B14,6408740.0,6408740.0,0.0,0.0,EXACT,ok
as_received,FILE2,Australia,AUS,2014,foreign_born,OECD IMD AUS_B14,6570240.0,6570240.0,0.0,0.0,EXACT,ok
as_received,FILE2,Australia,AUS,2015,foreign_born,OECD IMD AUS_B14,6729730.0,6729730.0,0.0,0.0,EXACT,ok
as_received,FILE2,Australia,AUS,2016,foreign_born,OECD IMD AUS_B14,6912110.0,6912110.0,0.0,0.0,EXACT,ok
as_received,FILE2,Australia,AUS,2017,foreign_born,OECD IMD AUS_B14,7142030.0,7142030.0,0.0,0.0,EXACT,ok
as_received,FILE2,Australia,AUS,2018,foreign_born,OECD IMD AUS_B14,7346520.0,7346520.0,0.0,0.0,EXACT,ok
as_received,FILE2,Australia,AUS,2019,foreign_born,OECD IMD AUS_B14,7549660.0,7549660.0,0.0,0.0,EXACT,ok
as_received,FILE2,Australia,AUS,2020,foreign_born,OECD IMD AUS_B14,7672450.0,7672450.0,0.0,0.0,EXACT,ok
as_received,FILE2,Australia,AUS,2021,foreign_born,OECD IMD AUS_B14,7525860.0,7525860.0,0.0,0.0,EXACT,ok
as_received,FILE2,Australia,AUS,2022,foreign_born,OECD IMD AUS_B14,7681720.0,7681720.0,0.0,0.0,EXACT,ok
as_received,FILE2,Chile,CHL,2010,foreign_born,OECD IMD CHL_B14,352344.0,352344.0,0.0,0.0,EXACT,ok
as_received,FILE2,Chile,CHL,2011,foreign_born,OECD IMD CHL_B14,369436.0,369436.0,0.0,0.0,EXACT,ok
as_received,FILE2,Chile,CHL,2012,foreign_born,OECD IMD CHL_B14,388229.0,388229.0,0.0,0.0,EXACT,ok
as_received,FILE2,Chile,CHL,2013,foreign_born,OECD IMD CHL_B14,415540.0,415540.0,0.0,0.0,EXACT,ok
as_received,FILE2,Chile,CHL,2014,foreign_born,OECD IMD CHL_B14,441529.0,441529.0,0.0,0.0,EXACT,ok
as_received,FILE2,Chile,CHL,2015,foreign_born,OECD IMD CHL_B14,465319.0,465319.0,0.0,0.0,EXACT,ok
as_received,FILE2,Chile,CHL,2017,foreign_born,OECD IMD CHL_B14,746435.0,746435.0,0.0,0.0,EXACT,ok
as_received,FILE2,Chile,CHL,2019,foreign_born,OECD IMD CHL_B14,1306859.0,1306859.0,0.0,0.0,EXACT,ok
as_received,FILE2,Chile,CHL,2020,foreign_born,OECD IMD CHL_B14,1486810.0,1486810.0,0.0,0.0,EXACT,ok
as_received,FILE2,Chile,CHL,2021,foreign_born,OECD IMD CHL_B14,1534813.0,1534813.0,0.0,0.0,EXACT,ok
as_received,FILE2,Chile,CHL,2022,foreign_born,OECD IMD CHL_B14,1630812.0,1630812.0,0.0,0.0,EXACT,ok
as_received,FILE2,Israel,ISR,2010,foreign_born,OECD IMD ISR_B14,1877700.0,1877700.0,0.0,0.0,EXACT,ok
as_received,FILE2,Israel,ISR,2011,foreign_born,OECD IMD ISR_B14,1869000.0,1869000.0,0.0,0.0,EXACT,ok
as_received,FILE2,Israel,ISR,2012,foreign_born,OECD IMD ISR_B14,1850000.0,1850000.0,0.0,0.0,EXACT,ok
as_received,FILE2,Israel,ISR,2013,foreign_born,OECD IMD ISR_B14,1835000.0,1835000.0,0.0,0.0,EXACT,ok
as_received,FILE2,Israel,ISR,2014,foreign_born,OECD IMD ISR_B14,1821000.0,1821000.0,0.0,0.0,EXACT,ok
as_received,FILE2,Israel,ISR,2015,foreign_born,OECD IMD ISR_B14,1817000.0,1817000.0,0.0,0.0,EXACT,ok
as_received,FILE2,Israel,ISR,2016,foreign_born,OECD IMD ISR_B14,1817500.0,1817500.0,0.0,0.0,EXACT,ok
as_received,FILE2,Israel,ISR,2017,foreign_born,OECD IMD ISR_B14,1812420.0,1812420.0,0.0,0.0,EXACT,ok
as_received,FILE2,Israel,ISR,2018,foreign_born,OECD IMD ISR_B14,1811240.0,1811240.0,0.0,0.0,EXACT,ok
as_received,FILE2,Israel,ISR,2019,foreign_born,OECD IMD ISR_B14,1808920.0,1808920.0,0.0,0.0,EXACT,ok
as_received,FILE2,Israel,ISR,2020,foreign_born,OECD IMD ISR_B14,1812180.0,1812180.0,0.0,0.0,EXACT,ok
as_received,FILE2,Israel,ISR,2021,foreign_born,OECD IMD ISR_B14,1797300.0,1797300.0,0.0,0.0,EXACT,ok
as_received,FILE2,Israel,ISR,2022,foreign_born,OECD IMD ISR_B14,1792880.0,1792880.0,0.0,0.0,EXACT,ok
as_received,FILE2,Mexico,MEX,2010,foreign_born,OECD IMD MEX_B14,961121.0,961121.0,0.0,0.0,EXACT,ok
as_received,FILE2,Mexico,MEX,2011,foreign_born,OECD IMD MEX_B14,966778.0,966778.0,0.0,0.0,EXACT,ok
as_received,FILE2,Mexico,MEX,2012,foreign_born,OECD IMD MEX_B14,973650.0,973650.0,0.0,0.0,EXACT,ok
as_received,FILE2,Mexico,MEX,2013,foreign_born,OECD IMD MEX_B14,991160.0,991160.0,0.0,0.0,EXACT,ok
as_received,FILE2,Mexico,MEX,2014,foreign_born,OECD IMD MEX_B14,939905.0,939905.0,0.0,0.0,EXACT,ok
as_received,FILE2,Mexico,MEX,2015,foreign_born,OECD IMD MEX_B14,1007063.0,1007063.0,0.0,0.0,EXACT,ok
as_received,FILE2,Mexico,MEX,2018,foreign_born,OECD IMD MEX_B14,1074752.0,1074752.0,0.0,0.0,EXACT,ok
as_received,FILE2,Mexico,MEX,2020,foreign_born,OECD IMD MEX_B14,1169883.0,1169883.0,0.0,0.0,EXACT,ok
as_received,FILE2,New Zealand,NZL,2013,foreign_born,OECD IMD NZL_B14,1001772.0,1001772.0,0.0,0.0,EXACT,ok
as_received,FILE2,New Zealand,NZL,2018,foreign_born,OECD IMD NZL_B14,1329633.0,1329633.0,0.0,0.0,EXACT,ok
as_received,FILE2,Turkey,TUR,2014,foreign_born,OECD IMD TUR_B14,1459775.0,1459775.0,0.0,0.0,EXACT,ok
as_received,FILE2,Turkey,TUR,2015,foreign_born,OECD IMD TUR_B14,1592437.0,1592437.0,0.0,0.0,EXACT,ok
as_received,FILE2,Turkey,TUR,2016,foreign_born,OECD IMD TUR_B14,1777290.0,1777290.0,0.0,0.0,EXACT,ok
as_received,FILE2,Turkey,TUR,2017,foreign_born,OECD IMD TUR_B14,1923894.0,1923894.0,0.0,0.0,EXACT,ok
as_received,FILE2,Turkey,TUR,2018,foreign_born,OECD IMD TUR_B14,2278490.0,2278490.0,0.0,0.0,EXACT,ok
as_received,FILE2,Turkey,TUR,2019,foreign_born,OECD IMD TUR_B14,2668594.0,2668594.0,0.0,0.0,EXACT,ok
as_received,FILE2,Turkey,TUR,2020,foreign_born,OECD IMD TUR_B14,2609982.0,2609982.0,0.0,0.0,EXACT,ok
as_received,FILE2,Turkey,TUR,2021,foreign_born,OECD IMD TUR_B14,3141351.0,3141351.0,0.0,0.0,EXACT,ok
as_received,FILE2,Turkey,TUR,2022,foreign_born,OECD IMD TUR_B14,3242683.0,3242683.0,0.0,0.0,EXACT,ok
as_received,FILE2,United States,USA,2010,foreign_born,OECD IMD USA_B14,39916875.0,39916875.0,0.0,0.0,EXACT,ok
as_received,FILE2,United States,USA,2011,foreign_born,OECD IMD USA_B14,40381570.0,40381570.0,0.0,0.0,EXACT,ok
as_received,FILE2,United States,USA,2012,foreign_born,OECD IMD USA_B14,40738224.0,40738224.0,0.0,0.0,EXACT,ok
as_received,FILE2,United States,USA,2013,foreign_born,OECD IMD USA_B14,41344354.0,41344354.0,0.0,0.0,EXACT,ok
as_received,FILE2,United States,USA,2014,foreign_born,OECD IMD USA_B14,42390705.0,42390705.0,0.0,0.0,EXACT,ok
as_received,FILE2,United States,USA,2015,foreign_born,OECD IMD USA_B14,43289646.0,43289646.0,0.0,0.0,EXACT,ok
as_received,FILE2,United States,USA,2016,foreign_born,OECD IMD USA_B14,43738901.0,43738901.0,0.0,0.0,EXACT,ok
as_received,FILE2,United States,USA,2017,foreign_born,OECD IMD USA_B14,44525458.0,44525458.0,0.0,0.0,EXACT,ok
as_received,FILE2,United States,USA,2018,foreign_born,OECD IMD USA_B14,44728502.0,44728502.0,0.0,0.0,EXACT,ok
as_received,FILE2,United States,USA,2019,foreign_born,OECD IMD USA_B14,44932799.0,44932799.0,0.0,0.0,EXACT,ok
as_received,FILE2,United States,USA,2020,foreign_born,OECD IMD USA_B14,44258250.0,44258250.0,0.0,0.0,EXACT,ok
as_received,FILE2,United States,USA,2021,foreign_born,OECD IMD USA_B14,45272945.0,45272945.0,0.0,0.0,EXACT,ok
as_received,FILE2,United States,USA,2022,foreign_born,OECD IMD USA_B14,47331480.0,47331480.0,0.0,0.0,EXACT,ok
after_correction,PANEL_FINAL,Austria,AUT,2010,irregular_detections,Eurostat migr_eipre,15220.0,15220.0,0.0,0.0,EXACT,Re-queried live 2026-08-17 and compared against the corrected panel.
after_correction,PANEL_FINAL,Austria,AUT,2011,irregular_detections,Eurostat migr_eipre,20080.0,20080.0,0.0,0.0,EXACT,Re-queried live 2026-08-17 and compared against the corrected panel.
after_correction,PANEL_FINAL,Austria,AUT,2012,irregular_detections,Eurostat migr_eipre,23135.0,23135.0,0.0,0.0,EXACT,Re-queried live 2026-08-17 and compared against the corrected panel.
after_correction,PANEL_FINAL,Austria,AUT,2013,irregular_detections,Eurostat migr_eipre,25960.0,25960.0,0.0,0.0,EXACT,Re-queried live 2026-08-17 and compared against the corrected panel.
after_correction,PANEL_FINAL,Austria,AUT,2014,irregular_detections,Eurostat migr_eipre,33055.0,33055.0,0.0,0.0,EXACT,Re-queried live 2026-08-17 and compared against the corrected panel.
after_correction,PANEL_FINAL,Austria,AUT,2015,irregular_detections,Eurostat migr_eipre,86220.0,86220.0,0.0,0.0,EXACT,Re-queried live 2026-08-17 and compared against the corrected panel.
after_correction,PANEL_FINAL,Austria,AUT,2016,irregular_detections,Eurostat migr_eipre,49810.0,49810.0,0.0,0.0,EXACT,Re-queried live 2026-08-17 and compared against the corrected panel.
after_correction,PANEL_FINAL,Austria,AUT,2017,irregular_detections,Eurostat migr_eipre,26660.0,26660.0,0.0,0.0,EXACT,Re-queried live 2026-08-17 and compared against the corrected panel.
after_correction,PANEL_FINAL,Austria,AUT,2018,irregular_detections,Eurostat migr_eipre,18840.0,18840.0,0.0,0.0,EXACT,Re-queried live 2026-08-17 and compared against the corrected panel.
after_correction,PANEL_FINAL,Austria,AUT,2019,irregular_detections,Eurostat migr_eipre,16090.0,16090.0,0.0,0.0,EXACT,Re-queried live 2026-08-17 and compared against the corrected panel.
after_correction,PANEL_FINAL,Austria,AUT,2020,irregular_detections,Eurostat migr_eipre,18715.0,18715.0,0.0,0.0,EXACT,Re-queried live 2026-08-17 and compared against the corrected panel.
after_correction,PANEL_FINAL,Austria,AUT,2021,irregular_detections,Eurostat migr_eipre,38410.0,38410.0,0.0,0.0,EXACT,Re-queried live 2026-08-17 and compared against the corrected panel.
after_correction,PANEL_FINAL,Austria,AUT,2022,irregular_detections,Eurostat migr_eipre,105545.0,105545.0,0.0,0.0,EXACT,Re-queried live 2026-08-17 and compared against the corrected panel.
after_correction,PANEL_FINAL,Belgium,BEL,2010,irregular_detections,Eurostat migr_eipre,12115.0,12115.0,0.0,0.0,EXACT,Re-queried live 2026-08-17 and compared against the corrected panel.
after_correction,PANEL_FINAL,Belgium,BEL,2011,irregular_detections,Eurostat migr_eipre,13550.0,13550.0,0.0,0.0,EXACT,Re-queried live 2026-08-17 and compared against the corrected panel.
after_correction,PANEL_FINAL,Belgium,BEL,2012,irregular_detections,Eurostat migr_eipre,15085.0,15085.0,0.0,0.0,EXACT,Re-queried live 2026-08-17 and compared against the corrected panel.
after_correction,PANEL_FINAL,Belgium,BEL,2013,irregular_detections,Eurostat migr_eipre,15075.0,15075.0,0.0,0.0,EXACT,Re-queried live 2026-08-17 and compared against the corrected panel.
after_correction,PANEL_FINAL,Belgium,BEL,2014,irregular_detections,Eurostat migr_eipre,15540.0,15540.0,0.0,0.0,EXACT,Re-queried live 2026-08-17 and compared against the corrected panel.
after_correction,PANEL_FINAL,Belgium,BEL,2015,irregular_detections,Eurostat migr_eipre,16275.0,16275.0,0.0,0.0,EXACT,Re-queried live 2026-08-17 and compared against the corrected panel.
after_correction,PANEL_FINAL,Belgium,BEL,2016,irregular_detections,Eurostat migr_eipre,19320.0,19320.0,0.0,0.0,EXACT,Re-queried live 2026-08-17 and compared against the corrected panel.
after_correction,PANEL_FINAL,Belgium,BEL,2017,irregular_detections,Eurostat migr_eipre,18285.0,18285.0,0.0,0.0,EXACT,Re-queried live 2026-08-17 and compared against the corrected panel.
after_correction,PANEL_FINAL,Belgium,BEL,2018,irregular_detections,Eurostat migr_eipre,19145.0,19145.0,0.0,0.0,EXACT,Re-queried live 2026-08-17 and compared against the corrected panel.
after_correction,PANEL_FINAL,Belgium,BEL,2019,irregular_detections,Eurostat migr_eipre,17585.0,17585.0,0.0,0.0,EXACT,Re-queried live 2026-08-17 and compared against the corrected panel.
after_correction,PANEL_FINAL,Belgium,BEL,2020,irregular_detections,Eurostat migr_eipre,11495.0,11495.0,0.0,0.0,EXACT,Re-queried live 2026-08-17 and compared against the corrected panel.
after_correction,PANEL_FINAL,Belgium,BEL,2021,irregular_detections,Eurostat migr_eipre,10885.0,10885.0,0.0,0.0,EXACT,Re-queried live 2026-08-17 and compared against the corrected panel.
after_correction,PANEL_FINAL,Belgium,BEL,2022,irregular_detections,Eurostat migr_eipre,10965.0,10965.0,0.0,0.0,EXACT,Re-queried live 2026-08-17 and compared against the corrected panel.
after_correction,PANEL_FINAL,Bulgaria,BGR,2010,irregular_detections,Eurostat migr_eipre,1705.0,1705.0,0.0,0.0,EXACT,Re-queried live 2026-08-17 and compared against the corrected panel.
after_correction,PANEL_FINAL,Bulgaria,BGR,2011,irregular_detections,Eurostat migr_eipre,1355.0,1355.0,0.0,0.0,EXACT,Re-queried live 2026-08-17 and compared against the corrected panel.
after_correction,PANEL_FINAL,Bulgaria,BGR,2012,irregular_detections,Eurostat migr_eipre,2050.0,2050.0,0.0,0.0,EXACT,Re-queried live 2026-08-17 and compared against the corrected panel.
after_correction,PANEL_FINAL,Bulgaria,BGR,2013,irregular_detections,Eurostat migr_eipre,5260.0,5260.0,0.0,0.0,EXACT,Re-queried live 2026-08-17 and compared against the corrected panel.
after_correction,PANEL_FINAL,Bulgaria,BGR,2014,irregular_detections,Eurostat migr_eipre,12870.0,12870.0,0.0,0.0,EXACT,Re-queried live 2026-08-17 and compared against the corrected panel.
after_correction,PANEL_FINAL,Bulgaria,BGR,2015,irregular_detections,Eurostat migr_eipre,20810.0,20810.0,0.0,0.0,EXACT,Re-queried live 2026-08-17 and compared against the corrected panel.
after_correction,PANEL_FINAL,Bulgaria,BGR,2016,irregular_detections,Eurostat migr_eipre,14125.0,14125.0,0.0,0.0,EXACT,Re-queried live 2026-08-17 and compared against the corrected panel.
after_correction,PANEL_FINAL,Bulgaria,BGR,2017,irregular_detections,Eurostat migr_eipre,2595.0,2595.0,0.0,0.0,EXACT,Re-queried live 2026-08-17 and compared against the corrected panel.
after_correction,PANEL_FINAL,Bulgaria,BGR,2018,irregular_detections,Eurostat migr_eipre,1305.0,1305.0,0.0,0.0,EXACT,Re-queried live 2026-08-17 and compared against the corrected panel.
after_correction,PANEL_FINAL,Bulgaria,BGR,2019,irregular_detections,Eurostat migr_eipre,655.0,655.0,0.0,0.0,EXACT,Re-queried live 2026-08-17 and compared against the corrected panel.
after_correction,PANEL_FINAL,Bulgaria,BGR,2020,irregular_detections,Eurostat migr_eipre,670.0,670.0,0.0,0.0,EXACT,Re-queried live 2026-08-17 and compared against the corrected panel.
after_correction,PANEL_FINAL,Bulgaria,BGR,2021,irregular_detections,Eurostat migr_eipre,3200.0,3200.0,0.0,0.0,EXACT,Re-queried live 2026-08-17 and compared against the corrected panel.
after_correction,PANEL_FINAL,Bulgaria,BGR,2022,irregular_detections,Eurostat migr_eipre,10135.0,10135.0,0.0,0.0,EXACT,Re-queried live 2026-08-17 and compared against the corrected panel.
after_correction,PANEL_FINAL,Croatia,HRV,2013,irregular_detections,Eurostat migr_eipre,4150.0,4150.0,0.0,0.0,EXACT,Re-queried live 2026-08-17 and compared against the corrected panel.
after_correction,PANEL_FINAL,Croatia,HRV,2014,irregular_detections,Eurostat migr_eipre,2500.0,2500.0,0.0,0.0,EXACT,Re-queried live 2026-08-17 and compared against the corrected panel.
after_correction,PANEL_FINAL,Croatia,HRV,2015,irregular_detections,Eurostat migr_eipre,3295.0,3295.0,0.0,0.0,EXACT,Re-queried live 2026-08-17 and compared against the corrected panel.
after_correction,PANEL_FINAL,Croatia,HRV,2016,irregular_detections,Eurostat migr_eipre,3320.0,3320.0,0.0,0.0,EXACT,Re-queried live 2026-08-17 and compared against the corrected panel.
after_correction,PANEL_FINAL,Croatia,HRV,2017,irregular_detections,Eurostat migr_eipre,3495.0,3495.0,0.0,0.0,EXACT,Re-queried live 2026-08-17 and compared against the corrected panel.
after_correction,PANEL_FINAL,Croatia,HRV,2018,irregular_detections,Eurostat migr_eipre,5580.0,5580.0,0.0,0.0,EXACT,Re-queried live 2026-08-17 and compared against the corrected panel.
after_correction,PANEL_FINAL,Croatia,HRV,2019,irregular_detections,Eurostat migr_eipre,13630.0,13630.0,0.0,0.0,EXACT,Re-queried live 2026-08-17 and compared against the corrected panel.
after_correction,PANEL_FINAL,Croatia,HRV,2020,irregular_detections,Eurostat migr_eipre,22240.0,22240.0,0.0,0.0,EXACT,Re-queried live 2026-08-17 and compared against the corrected panel.
after_correction,PANEL_FINAL,Croatia,HRV,2021,irregular_detections,Eurostat migr_eipre,13540.0,13540.0,0.0,0.0,EXACT,Re-queried live 2026-08-17 and compared against the corrected panel.
after_correction,PANEL_FINAL,Croatia,HRV,2022,irregular_detections,Eurostat migr_eipre,43830.0,43830.0,0.0,0.0,EXACT,Re-queried live 2026-08-17 and compared against the corrected panel.
after_correction,PANEL_FINAL,Czech Republic,CZE,2010,irregular_detections,Eurostat migr_eipre,2655.0,2655.0,0.0,0.0,EXACT,Re-queried live 2026-08-17 and compared against the corrected panel.
after_correction,PANEL_FINAL,Czech Republic,CZE,2011,irregular_detections,Eurostat migr_eipre,3085.0,3085.0,0.0,0.0,EXACT,Re-queried live 2026-08-17 and compared against the corrected panel.
after_correction,PANEL_FINAL,Czech Republic,CZE,2012,irregular_detections,Eurostat migr_eipre,3315.0,3315.0,0.0,0.0,EXACT,Re-queried live 2026-08-17 and compared against the corrected panel.
after_correction,PANEL_FINAL,Czech Republic,CZE,2013,irregular_detections,Eurostat migr_eipre,3695.0,3695.0,0.0,0.0,EXACT,Re-queried live 2026-08-17 and compared against the corrected panel.
after_correction,PANEL_FINAL,Czech Republic,CZE,2014,irregular_detections,Eurostat migr_eipre,4430.0,4430.0,0.0,0.0,EXACT,Re-queried live 2026-08-17 and compared against the corrected panel.
after_correction,PANEL_FINAL,Czech Republic,CZE,2015,irregular_detections,Eurostat migr_eipre,8165.0,8165.0,0.0,0.0,EXACT,Re-queried live 2026-08-17 and compared against the corrected panel.
after_correction,PANEL_FINAL,Czech Republic,CZE,2016,irregular_detections,Eurostat migr_eipre,4885.0,4885.0,0.0,0.0,EXACT,Re-queried live 2026-08-17 and compared against the corrected panel.
after_correction,PANEL_FINAL,Czech Republic,CZE,2017,irregular_detections,Eurostat migr_eipre,4360.0,4360.0,0.0,0.0,EXACT,Re-queried live 2026-08-17 and compared against the corrected panel.
after_correction,PANEL_FINAL,Czech Republic,CZE,2018,irregular_detections,Eurostat migr_eipre,4505.0,4505.0,0.0,0.0,EXACT,Re-queried live 2026-08-17 and compared against the corrected panel.
after_correction,PANEL_FINAL,Czech Republic,CZE,2019,irregular_detections,Eurostat migr_eipre,4995.0,4995.0,0.0,0.0,EXACT,Re-queried live 2026-08-17 and compared against the corrected panel.
after_correction,PANEL_FINAL,Czech Republic,CZE,2020,irregular_detections,Eurostat migr_eipre,6515.0,6515.0,0.0,0.0,EXACT,Re-queried live 2026-08-17 and compared against the corrected panel.
after_correction,PANEL_FINAL,Czech Republic,CZE,2021,irregular_detections,Eurostat migr_eipre,11040.0,11040.0,0.0,0.0,EXACT,Re-queried live 2026-08-17 and compared against the corrected panel.
after_correction,PANEL_FINAL,Czech Republic,CZE,2022,irregular_detections,Eurostat migr_eipre,29130.0,29130.0,0.0,0.0,EXACT,Re-queried live 2026-08-17 and compared against the corrected panel.
after_correction,PANEL_FINAL,Denmark,DNK,2010,irregular_detections,Eurostat migr_eipre,665.0,665.0,0.0,0.0,EXACT,Re-queried live 2026-08-17 and compared against the corrected panel.
after_correction,PANEL_FINAL,Denmark,DNK,2011,irregular_detections,Eurostat migr_eipre,400.0,400.0,0.0,0.0,EXACT,Re-queried live 2026-08-17 and compared against the corrected panel.
after_correction,PANEL_FINAL,Denmark,DNK,2012,irregular_detections,Eurostat migr_eipre,630.0,630.0,0.0,0.0,EXACT,Re-queried live 2026-08-17 and compared against the corrected panel.
after_correction,PANEL_FINAL,Denmark,DNK,2013,irregular_detections,Eurostat migr_eipre,395.0,395.0,0.0,0.0,EXACT,Re-queried live 2026-08-17 and compared against the corrected panel.
after_correction,PANEL_FINAL,Denmark,DNK,2014,irregular_detections,Eurostat migr_eipre,515.0,515.0,0.0,0.0,EXACT,Re-queried live 2026-08-17 and compared against the corrected panel.
after_correction,PANEL_FINAL,Denmark,DNK,2015,irregular_detections,Eurostat migr_eipre,2165.0,2165.0,0.0,0.0,EXACT,Re-queried live 2026-08-17 and compared against the corrected panel.
after_correction,PANEL_FINAL,Denmark,DNK,2016,irregular_detections,Eurostat migr_eipre,1390.0,1390.0,0.0,0.0,EXACT,Re-queried live 2026-08-17 and compared against the corrected panel.
after_correction,PANEL_FINAL,Denmark,DNK,2017,irregular_detections,Eurostat migr_eipre,1105.0,1105.0,0.0,0.0,EXACT,Re-queried live 2026-08-17 and compared against the corrected panel.
after_correction,PANEL_FINAL,Denmark,DNK,2018,irregular_detections,Eurostat migr_eipre,1135.0,1135.0,0.0,0.0,EXACT,Re-queried live 2026-08-17 and compared against the corrected panel.
after_correction,PANEL_FINAL,Denmark,DNK,2019,irregular_detections,Eurostat migr_eipre,1195.0,1195.0,0.0,0.0,EXACT,Re-queried live 2026-08-17 and compared against the corrected panel.
after_correction,PANEL_FINAL,Denmark,DNK,2020,irregular_detections,Eurostat migr_eipre,490.0,490.0,0.0,0.0,EXACT,Re-queried live 2026-08-17 and compared against the corrected panel.
after_correction,PANEL_FINAL,Denmark,DNK,2021,irregular_detections,Eurostat migr_eipre,425.0,425.0,0.0,0.0,EXACT,Re-queried live 2026-08-17 and compared against the corrected panel.
after_correction,PANEL_FINAL,Denmark,DNK,2022,irregular_detections,Eurostat migr_eipre,510.0,510.0,0.0,0.0,EXACT,Re-queried live 2026-08-17 and compared against the corrected panel.
after_correction,PANEL_FINAL,Finland,FIN,2010,irregular_detections,Eurostat migr_eipre,3755.0,3755.0,0.0,0.0,EXACT,Re-queried live 2026-08-17 and compared against the corrected panel.
after_correction,PANEL_FINAL,Finland,FIN,2011,irregular_detections,Eurostat migr_eipre,3305.0,3305.0,0.0,0.0,EXACT,Re-queried live 2026-08-17 and compared against the corrected panel.
after_correction,PANEL_FINAL,Finland,FIN,2012,irregular_detections,Eurostat migr_eipre,3620.0,3620.0,0.0,0.0,EXACT,Re-queried live 2026-08-17 and compared against the corrected panel.
after_correction,PANEL_FINAL,Finland,FIN,2013,irregular_detections,Eurostat migr_eipre,3365.0,3365.0,0.0,0.0,EXACT,Re-queried live 2026-08-17 and compared against the corrected panel.
after_correction,PANEL_FINAL,Finland,FIN,2014,irregular_detections,Eurostat migr_eipre,2930.0,2930.0,0.0,0.0,EXACT,Re-queried live 2026-08-17 and compared against the corrected panel.
after_correction,PANEL_FINAL,Finland,FIN,2015,irregular_detections,Eurostat migr_eipre,14285.0,14285.0,0.0,0.0,EXACT,Re-queried live 2026-08-17 and compared against the corrected panel.
after_correction,PANEL_FINAL,Finland,FIN,2016,irregular_detections,Eurostat migr_eipre,2130.0,2130.0,0.0,0.0,EXACT,Re-queried live 2026-08-17 and compared against the corrected panel.
after_correction,PANEL_FINAL,Finland,FIN,2017,irregular_detections,Eurostat migr_eipre,930.0,930.0,0.0,0.0,EXACT,Re-queried live 2026-08-17 and compared against the corrected panel.
after_correction,PANEL_FINAL,Finland,FIN,2018,irregular_detections,Eurostat migr_eipre,1305.0,1305.0,0.0,0.0,EXACT,Re-queried live 2026-08-17 and compared against the corrected panel.
after_correction,PANEL_FINAL,Finland,FIN,2019,irregular_detections,Eurostat migr_eipre,1220.0,1220.0,0.0,0.0,EXACT,Re-queried live 2026-08-17 and compared against the corrected panel.
after_correction,PANEL_FINAL,Finland,FIN,2020,irregular_detections,Eurostat migr_eipre,1145.0,1145.0,0.0,0.0,EXACT,Re-queried live 2026-08-17 and compared against the corrected panel.
after_correction,PANEL_FINAL,Finland,FIN,2021,irregular_detections,Eurostat migr_eipre,1090.0,1090.0,0.0,0.0,EXACT,Re-queried live 2026-08-17 and compared against the corrected panel.
after_correction,PANEL_FINAL,Finland,FIN,2022,irregular_detections,Eurostat migr_eipre,1190.0,1190.0,0.0,0.0,EXACT,Re-queried live 2026-08-17 and compared against the corrected panel.
after_correction,PANEL_FINAL,France,FRA,2010,irregular_detections,Eurostat migr_eipre,56220.0,56220.0,0.0,0.0,EXACT,Re-queried live 2026-08-17 and compared against the corrected panel.
after_correction,PANEL_FINAL,France,FRA,2011,irregular_detections,Eurostat migr_eipre,57975.0,57975.0,0.0,0.0,EXACT,Re-queried live 2026-08-17 and compared against the corrected panel.
after_correction,PANEL_FINAL,France,FRA,2012,irregular_detections,Eurostat migr_eipre,49760.0,49760.0,0.0,0.0,EXACT,Re-queried live 2026-08-17 and compared against the corrected panel.
after_correction,PANEL_FINAL,France,FRA,2013,irregular_detections,Eurostat migr_eipre,48965.0,48965.0,0.0,0.0,EXACT,Re-queried live 2026-08-17 and compared against the corrected panel.
after_correction,PANEL_FINAL,France,FRA,2014,irregular_detections,Eurostat migr_eipre,96375.0,96375.0,0.0,0.0,EXACT,Re-queried live 2026-08-17 and compared against the corrected panel.
after_correction,PANEL_FINAL,France,FRA,2015,irregular_detections,Eurostat migr_eipre,109720.0,109720.0,0.0,0.0,EXACT,Re-queried live 2026-08-17 and compared against the corrected panel.
after_correction,PANEL_FINAL,France,FRA,2016,irregular_detections,Eurostat migr_eipre,91985.0,91985.0,0.0,0.0,EXACT,Re-queried live 2026-08-17 and compared against the corrected panel.
after_correction,PANEL_FINAL,France,FRA,2017,irregular_detections,Eurostat migr_eipre,115085.0,115085.0,0.0,0.0,EXACT,Re-queried live 2026-08-17 and compared against the corrected panel.
after_correction,PANEL_FINAL,France,FRA,2018,irregular_detections,Eurostat migr_eipre,105880.0,105880.0,0.0,0.0,EXACT,Re-queried live 2026-08-17 and compared against the corrected panel.
after_correction,PANEL_FINAL,France,FRA,2019,irregular_detections,Eurostat migr_eipre,120455.0,120455.0,0.0,0.0,EXACT,Re-queried live 2026-08-17 and compared against the corrected panel.
after_correction,PANEL_FINAL,France,FRA,2020,irregular_detections,Eurostat migr_eipre,103915.0,103915.0,0.0,0.0,EXACT,Re-queried live 2026-08-17 and compared against the corrected panel.
after_correction,PANEL_FINAL,France,FRA,2021,irregular_detections,Eurostat migr_eipre,117265.0,117265.0,0.0,0.0,EXACT,Re-queried live 2026-08-17 and compared against the corrected panel.
after_correction,PANEL_FINAL,France,FRA,2022,irregular_detections,Eurostat migr_eipre,115135.0,115135.0,0.0,0.0,EXACT,Re-queried live 2026-08-17 and compared against the corrected panel.
after_correction,PANEL_FINAL,Germany,DEU,2010,irregular_detections,Eurostat migr_eipre,50250.0,50250.0,0.0,0.0,EXACT,Re-queried live 2026-08-17 and compared against the corrected panel.
after_correction,PANEL_FINAL,Germany,DEU,2011,irregular_detections,Eurostat migr_eipre,56345.0,56345.0,0.0,0.0,EXACT,Re-queried live 2026-08-17 and compared against the corrected panel.
after_correction,PANEL_FINAL,Germany,DEU,2012,irregular_detections,Eurostat migr_eipre,64815.0,64815.0,0.0,0.0,EXACT,Re-queried live 2026-08-17 and compared against the corrected panel.
after_correction,PANEL_FINAL,Germany,DEU,2013,irregular_detections,Eurostat migr_eipre,86305.0,86305.0,0.0,0.0,EXACT,Re-queried live 2026-08-17 and compared against the corrected panel.
after_correction,PANEL_FINAL,Germany,DEU,2014,irregular_detections,Eurostat migr_eipre,128290.0,128290.0,0.0,0.0,EXACT,Re-queried live 2026-08-17 and compared against the corrected panel.
after_correction,PANEL_FINAL,Germany,DEU,2015,irregular_detections,Eurostat migr_eipre,376435.0,376435.0,0.0,0.0,EXACT,Re-queried live 2026-08-17 and compared against the corrected panel.
after_correction,PANEL_FINAL,Germany,DEU,2016,irregular_detections,Eurostat migr_eipre,370555.0,370555.0,0.0,0.0,EXACT,Re-queried live 2026-08-17 and compared against the corrected panel.
after_correction,PANEL_FINAL,Germany,DEU,2017,irregular_detections,Eurostat migr_eipre,156710.0,156710.0,0.0,0.0,EXACT,Re-queried live 2026-08-17 and compared against the corrected panel.
after_correction,PANEL_FINAL,Germany,DEU,2018,irregular_detections,Eurostat migr_eipre,134125.0,134125.0,0.0,0.0,EXACT,Re-queried live 2026-08-17 and compared against the corrected panel.
after_correction,PANEL_FINAL,Germany,DEU,2019,irregular_detections,Eurostat migr_eipre,133525.0,133525.0,0.0,0.0,EXACT,Re-queried live 2026-08-17 and compared against the corrected panel.
after_correction,PANEL_FINAL,Germany,DEU,2020,irregular_detections,Eurostat migr_eipre,117930.0,117930.0,0.0,0.0,EXACT,Re-queried live 2026-08-17 and compared against the corrected panel.
after_correction,PANEL_FINAL,Germany,DEU,2021,irregular_detections,Eurostat migr_eipre,120285.0,120285.0,0.0,0.0,EXACT,Re-queried live 2026-08-17 and compared against the corrected panel.
after_correction,PANEL_FINAL,Germany,DEU,2022,irregular_detections,Eurostat migr_eipre,198310.0,198310.0,0.0,0.0,EXACT,Re-queried live 2026-08-17 and compared against the corrected panel.
after_correction,PANEL_FINAL,Hungary,HUN,2010,irregular_detections,Eurostat migr_eipre,6970.0,6970.0,0.0,0.0,EXACT,Re-queried live 2026-08-17 and compared against the corrected panel.
after_correction,PANEL_FINAL,Hungary,HUN,2011,irregular_detections,Eurostat migr_eipre,9655.0,9655.0,0.0,0.0,EXACT,Re-queried live 2026-08-17 and compared against the corrected panel.
after_correction,PANEL_FINAL,Hungary,HUN,2012,irregular_detections,Eurostat migr_eipre,12175.0,12175.0,0.0,0.0,EXACT,Re-queried live 2026-08-17 and compared against the corrected panel.
after_correction,PANEL_FINAL,Hungary,HUN,2013,irregular_detections,Eurostat migr_eipre,28755.0,28755.0,0.0,0.0,EXACT,Re-queried live 2026-08-17 and compared against the corrected panel.
after_correction,PANEL_FINAL,Hungary,HUN,2014,irregular_detections,Eurostat migr_eipre,56170.0,56170.0,0.0,0.0,EXACT,Re-queried live 2026-08-17 and compared against the corrected panel.
after_correction,PANEL_FINAL,Hungary,HUN,2015,irregular_detections,Eurostat migr_eipre,424055.0,424055.0,0.0,0.0,EXACT,Re-queried live 2026-08-17 and compared against the corrected panel.
after_correction,PANEL_FINAL,Hungary,HUN,2016,irregular_detections,Eurostat migr_eipre,41560.0,41560.0,0.0,0.0,EXACT,Re-queried live 2026-08-17 and compared against the corrected panel.
after_correction,PANEL_FINAL,Hungary,HUN,2017,irregular_detections,Eurostat migr_eipre,25730.0,25730.0,0.0,0.0,EXACT,Re-queried live 2026-08-17 and compared against the corrected panel.
after_correction,PANEL_FINAL,Hungary,HUN,2018,irregular_detections,Eurostat migr_eipre,18915.0,18915.0,0.0,0.0,EXACT,Re-queried live 2026-08-17 and compared against the corrected panel.
after_correction,PANEL_FINAL,Hungary,HUN,2019,irregular_detections,Eurostat migr_eipre,36440.0,36440.0,0.0,0.0,EXACT,Re-queried live 2026-08-17 and compared against the corrected panel.
after_correction,PANEL_FINAL,Hungary,HUN,2020,irregular_detections,Eurostat migr_eipre,89370.0,89370.0,0.0,0.0,EXACT,Re-queried live 2026-08-17 and compared against the corrected panel.
after_correction,PANEL_FINAL,Hungary,HUN,2021,irregular_detections,Eurostat migr_eipre,134140.0,134140.0,0.0,0.0,EXACT,Re-queried live 2026-08-17 and compared against the corrected panel.
after_correction,PANEL_FINAL,Hungary,HUN,2022,irregular_detections,Eurostat migr_eipre,222515.0,222515.0,0.0,0.0,EXACT,Re-queried live 2026-08-17 and compared against the corrected panel.
after_correction,PANEL_FINAL,Iceland,ISL,2016,irregular_detections,Eurostat migr_eipre,30.0,30.0,0.0,0.0,EXACT,Re-queried live 2026-08-17 and compared against the corrected panel.
after_correction,PANEL_FINAL,Iceland,ISL,2017,irregular_detections,Eurostat migr_eipre,15.0,15.0,0.0,0.0,EXACT,Re-queried live 2026-08-17 and compared against the corrected panel.
after_correction,PANEL_FINAL,Iceland,ISL,2019,irregular_detections,Eurostat migr_eipre,110.0,110.0,0.0,0.0,EXACT,Re-queried live 2026-08-17 and compared against the corrected panel.
after_correction,PANEL_FINAL,Italy,ITA,2010,irregular_detections,Eurostat migr_eipre,46955.0,46955.0,0.0,0.0,EXACT,Re-queried live 2026-08-17 and compared against the corrected panel.
after_correction,PANEL_FINAL,Italy,ITA,2011,irregular_detections,Eurostat migr_eipre,29505.0,29505.0,0.0,0.0,EXACT,Re-queried live 2026-08-17 and compared against the corrected panel.
after_correction,PANEL_FINAL,Italy,ITA,2012,irregular_detections,Eurostat migr_eipre,29345.0,29345.0,0.0,0.0,EXACT,Re-queried live 2026-08-17 and compared against the corrected panel.
after_correction,PANEL_FINAL,Italy,ITA,2013,irregular_detections,Eurostat migr_eipre,23945.0,23945.0,0.0,0.0,EXACT,Re-queried live 2026-08-17 and compared against the corrected panel.
after_correction,PANEL_FINAL,Italy,ITA,2014,irregular_detections,Eurostat migr_eipre,25300.0,25300.0,0.0,0.0,EXACT,Re-queried live 2026-08-17 and compared against the corrected panel.
after_correction,PANEL_FINAL,Italy,ITA,2015,irregular_detections,Eurostat migr_eipre,27305.0,27305.0,0.0,0.0,EXACT,Re-queried live 2026-08-17 and compared against the corrected panel.
after_correction,PANEL_FINAL,Italy,ITA,2016,irregular_detections,Eurostat migr_eipre,32365.0,32365.0,0.0,0.0,EXACT,Re-queried live 2026-08-17 and compared against the corrected panel.
after_correction,PANEL_FINAL,Italy,ITA,2017,irregular_detections,Eurostat migr_eipre,36230.0,36230.0,0.0,0.0,EXACT,Re-queried live 2026-08-17 and compared against the corrected panel.
after_correction,PANEL_FINAL,Italy,ITA,2018,irregular_detections,Eurostat migr_eipre,26780.0,26780.0,0.0,0.0,EXACT,Re-queried live 2026-08-17 and compared against the corrected panel.
after_correction,PANEL_FINAL,Italy,ITA,2019,irregular_detections,Eurostat migr_eipre,26885.0,26885.0,0.0,0.0,EXACT,Re-queried live 2026-08-17 and compared against the corrected panel.
after_correction,PANEL_FINAL,Italy,ITA,2020,irregular_detections,Eurostat migr_eipre,22785.0,22785.0,0.0,0.0,EXACT,Re-queried live 2026-08-17 and compared against the corrected panel.
after_correction,PANEL_FINAL,Italy,ITA,2021,irregular_detections,Eurostat migr_eipre,92070.0,92070.0,0.0,0.0,EXACT,Re-queried live 2026-08-17 and compared against the corrected panel.
after_correction,PANEL_FINAL,Italy,ITA,2022,irregular_detections,Eurostat migr_eipre,138420.0,138420.0,0.0,0.0,EXACT,Re-queried live 2026-08-17 and compared against the corrected panel.
after_correction,PANEL_FINAL,Lithuania,LTU,2010,irregular_detections,Eurostat migr_eipre,1345.0,1345.0,0.0,0.0,EXACT,Re-queried live 2026-08-17 and compared against the corrected panel.
after_correction,PANEL_FINAL,Lithuania,LTU,2011,irregular_detections,Eurostat migr_eipre,1895.0,1895.0,0.0,0.0,EXACT,Re-queried live 2026-08-17 and compared against the corrected panel.
after_correction,PANEL_FINAL,Lithuania,LTU,2012,irregular_detections,Eurostat migr_eipre,2080.0,2080.0,0.0,0.0,EXACT,Re-queried live 2026-08-17 and compared against the corrected panel.
after_correction,PANEL_FINAL,Lithuania,LTU,2013,irregular_detections,Eurostat migr_eipre,1910.0,1910.0,0.0,0.0,EXACT,Re-queried live 2026-08-17 and compared against the corrected panel.
after_correction,PANEL_FINAL,Lithuania,LTU,2014,irregular_detections,Eurostat migr_eipre,2465.0,2465.0,0.0,0.0,EXACT,Re-queried live 2026-08-17 and compared against the corrected panel.
after_correction,PANEL_FINAL,Lithuania,LTU,2015,irregular_detections,Eurostat migr_eipre,2040.0,2040.0,0.0,0.0,EXACT,Re-queried live 2026-08-17 and compared against the corrected panel.
after_correction,PANEL_FINAL,Lithuania,LTU,2016,irregular_detections,Eurostat migr_eipre,1920.0,1920.0,0.0,0.0,EXACT,Re-queried live 2026-08-17 and compared against the corrected panel.
after_correction,PANEL_FINAL,Lithuania,LTU,2017,irregular_detections,Eurostat migr_eipre,2210.0,2210.0,0.0,0.0,EXACT,Re-queried live 2026-08-17 and compared against the corrected panel.
after_correction,PANEL_FINAL,Lithuania,LTU,2018,irregular_detections,Eurostat migr_eipre,2660.0,2660.0,0.0,0.0,EXACT,Re-queried live 2026-08-17 and compared against the corrected panel.
after_correction,PANEL_FINAL,Lithuania,LTU,2019,irregular_detections,Eurostat migr_eipre,2440.0,2440.0,0.0,0.0,EXACT,Re-queried live 2026-08-17 and compared against the corrected panel.
after_correction,PANEL_FINAL,Lithuania,LTU,2020,irregular_detections,Eurostat migr_eipre,1960.0,1960.0,0.0,0.0,EXACT,Re-queried live 2026-08-17 and compared against the corrected panel.
after_correction,PANEL_FINAL,Lithuania,LTU,2021,irregular_detections,Eurostat migr_eipre,5025.0,5025.0,0.0,0.0,EXACT,Re-queried live 2026-08-17 and compared against the corrected panel.
after_correction,PANEL_FINAL,Lithuania,LTU,2022,irregular_detections,Eurostat migr_eipre,3450.0,3450.0,0.0,0.0,EXACT,Re-queried live 2026-08-17 and compared against the corrected panel.
after_correction,PANEL_FINAL,Netherlands,NLD,2010,irregular_detections,Eurostat migr_eipre,7580.0,7580.0,0.0,0.0,EXACT,Re-queried live 2026-08-17 and compared against the corrected panel.
after_correction,PANEL_FINAL,Netherlands,NLD,2011,irregular_detections,Eurostat migr_eipre,6145.0,6145.0,0.0,0.0,EXACT,Re-queried live 2026-08-17 and compared against the corrected panel.
after_correction,PANEL_FINAL,Netherlands,NLD,2012,irregular_detections,Eurostat migr_eipre,4005.0,4005.0,0.0,0.0,EXACT,Re-queried live 2026-08-17 and compared against the corrected panel.
after_correction,PANEL_FINAL,Netherlands,NLD,2013,irregular_detections,Eurostat migr_eipre,2715.0,2715.0,0.0,0.0,EXACT,Re-queried live 2026-08-17 and compared against the corrected panel.
after_correction,PANEL_FINAL,Netherlands,NLD,2014,irregular_detections,Eurostat migr_eipre,2645.0,2645.0,0.0,0.0,EXACT,Re-queried live 2026-08-17 and compared against the corrected panel.
after_correction,PANEL_FINAL,Netherlands,NLD,2015,irregular_detections,Eurostat migr_eipre,3150.0,3150.0,0.0,0.0,EXACT,Re-queried live 2026-08-17 and compared against the corrected panel.
after_correction,PANEL_FINAL,Netherlands,NLD,2016,irregular_detections,Eurostat migr_eipre,2760.0,2760.0,0.0,0.0,EXACT,Re-queried live 2026-08-17 and compared against the corrected panel.
after_correction,PANEL_FINAL,Netherlands,NLD,2017,irregular_detections,Eurostat migr_eipre,2120.0,2120.0,0.0,0.0,EXACT,Re-queried live 2026-08-17 and compared against the corrected panel.
after_correction,PANEL_FINAL,Netherlands,NLD,2018,irregular_detections,Eurostat migr_eipre,2790.0,2790.0,0.0,0.0,EXACT,Re-queried live 2026-08-17 and compared against the corrected panel.
after_correction,PANEL_FINAL,Netherlands,NLD,2019,irregular_detections,Eurostat migr_eipre,3565.0,3565.0,0.0,0.0,EXACT,Re-queried live 2026-08-17 and compared against the corrected panel.
after_correction,PANEL_FINAL,Netherlands,NLD,2020,irregular_detections,Eurostat migr_eipre,3640.0,3640.0,0.0,0.0,EXACT,Re-queried live 2026-08-17 and compared against the corrected panel.
after_correction,PANEL_FINAL,Netherlands,NLD,2021,irregular_detections,Eurostat migr_eipre,5010.0,5010.0,0.0,0.0,EXACT,Re-queried live 2026-08-17 and compared against the corrected panel.
after_correction,PANEL_FINAL,Netherlands,NLD,2022,irregular_detections,Eurostat migr_eipre,5475.0,5475.0,0.0,0.0,EXACT,Re-queried live 2026-08-17 and compared against the corrected panel.
after_correction,PANEL_FINAL,Norway,NOR,2010,irregular_detections,Eurostat migr_eipre,2410.0,2410.0,0.0,0.0,EXACT,Re-queried live 2026-08-17 and compared against the corrected panel.
after_correction,PANEL_FINAL,Norway,NOR,2011,irregular_detections,Eurostat migr_eipre,1925.0,1925.0,0.0,0.0,EXACT,Re-queried live 2026-08-17 and compared against the corrected panel.
after_correction,PANEL_FINAL,Norway,NOR,2012,irregular_detections,Eurostat migr_eipre,2760.0,2760.0,0.0,0.0,EXACT,Re-queried live 2026-08-17 and compared against the corrected panel.
after_correction,PANEL_FINAL,Norway,NOR,2013,irregular_detections,Eurostat migr_eipre,3180.0,3180.0,0.0,0.0,EXACT,Re-queried live 2026-08-17 and compared against the corrected panel.
after_correction,PANEL_FINAL,Norway,NOR,2014,irregular_detections,Eurostat migr_eipre,3720.0,3720.0,0.0,0.0,EXACT,Re-queried live 2026-08-17 and compared against the corrected panel.
after_correction,PANEL_FINAL,Norway,NOR,2015,irregular_detections,Eurostat migr_eipre,5455.0,5455.0,0.0,0.0,EXACT,Re-queried live 2026-08-17 and compared against the corrected panel.
after_correction,PANEL_FINAL,Norway,NOR,2016,irregular_detections,Eurostat migr_eipre,5330.0,5330.0,0.0,0.0,EXACT,Re-queried live 2026-08-17 and compared against the corrected panel.
after_correction,PANEL_FINAL,Norway,NOR,2017,irregular_detections,Eurostat migr_eipre,3850.0,3850.0,0.0,0.0,EXACT,Re-queried live 2026-08-17 and compared against the corrected panel.
after_correction,PANEL_FINAL,Norway,NOR,2018,irregular_detections,Eurostat migr_eipre,3230.0,3230.0,0.0,0.0,EXACT,Re-queried live 2026-08-17 and compared against the corrected panel.
after_correction,PANEL_FINAL,Norway,NOR,2019,irregular_detections,Eurostat migr_eipre,2915.0,2915.0,0.0,0.0,EXACT,Re-queried live 2026-08-17 and compared against the corrected panel.
after_correction,PANEL_FINAL,Norway,NOR,2020,irregular_detections,Eurostat migr_eipre,1900.0,1900.0,0.0,0.0,EXACT,Re-queried live 2026-08-17 and compared against the corrected panel.
after_correction,PANEL_FINAL,Norway,NOR,2021,irregular_detections,Eurostat migr_eipre,1430.0,1430.0,0.0,0.0,EXACT,Re-queried live 2026-08-17 and compared against the corrected panel.
after_correction,PANEL_FINAL,Norway,NOR,2022,irregular_detections,Eurostat migr_eipre,2305.0,2305.0,0.0,0.0,EXACT,Re-queried live 2026-08-17 and compared against the corrected panel.
after_correction,PANEL_FINAL,Poland,POL,2010,irregular_detections,Eurostat migr_eipre,4005.0,4005.0,0.0,0.0,EXACT,Re-queried live 2026-08-17 and compared against the corrected panel.
after_correction,PANEL_FINAL,Poland,POL,2011,irregular_detections,Eurostat migr_eipre,6875.0,6875.0,0.0,0.0,EXACT,Re-queried live 2026-08-17 and compared against the corrected panel.
after_correction,PANEL_FINAL,Poland,POL,2012,irregular_detections,Eurostat migr_eipre,8140.0,8140.0,0.0,0.0,EXACT,Re-queried live 2026-08-17 and compared against the corrected panel.
after_correction,PANEL_FINAL,Poland,POL,2013,irregular_detections,Eurostat migr_eipre,9280.0,9280.0,0.0,0.0,EXACT,Re-queried live 2026-08-17 and compared against the corrected panel.
after_correction,PANEL_FINAL,Poland,POL,2014,irregular_detections,Eurostat migr_eipre,12050.0,12050.0,0.0,0.0,EXACT,Re-queried live 2026-08-17 and compared against the corrected panel.
after_correction,PANEL_FINAL,Poland,POL,2015,irregular_detections,Eurostat migr_eipre,16835.0,16835.0,0.0,0.0,EXACT,Re-queried live 2026-08-17 and compared against the corrected panel.
after_correction,PANEL_FINAL,Poland,POL,2016,irregular_detections,Eurostat migr_eipre,23375.0,23375.0,0.0,0.0,EXACT,Re-queried live 2026-08-17 and compared against the corrected panel.
after_correction,PANEL_FINAL,Poland,POL,2017,irregular_detections,Eurostat migr_eipre,28470.0,28470.0,0.0,0.0,EXACT,Re-queried live 2026-08-17 and compared against the corrected panel.
after_correction,PANEL_FINAL,Poland,POL,2018,irregular_detections,Eurostat migr_eipre,31245.0,31245.0,0.0,0.0,EXACT,Re-queried live 2026-08-17 and compared against the corrected panel.
after_correction,PANEL_FINAL,Poland,POL,2019,irregular_detections,Eurostat migr_eipre,30900.0,30900.0,0.0,0.0,EXACT,Re-queried live 2026-08-17 and compared against the corrected panel.
after_correction,PANEL_FINAL,Poland,POL,2020,irregular_detections,Eurostat migr_eipre,12170.0,12170.0,0.0,0.0,EXACT,Re-queried live 2026-08-17 and compared against the corrected panel.
after_correction,PANEL_FINAL,Poland,POL,2021,irregular_detections,Eurostat migr_eipre,12795.0,12795.0,0.0,0.0,EXACT,Re-queried live 2026-08-17 and compared against the corrected panel.
after_correction,PANEL_FINAL,Poland,POL,2022,irregular_detections,Eurostat migr_eipre,10510.0,10510.0,0.0,0.0,EXACT,Re-queried live 2026-08-17 and compared against the corrected panel.
after_correction,PANEL_FINAL,Portugal,PRT,2010,irregular_detections,Eurostat migr_eipre,10085.0,10085.0,0.0,0.0,EXACT,Re-queried live 2026-08-17 and compared against the corrected panel.
after_correction,PANEL_FINAL,Portugal,PRT,2011,irregular_detections,Eurostat migr_eipre,9230.0,9230.0,0.0,0.0,EXACT,Re-queried live 2026-08-17 and compared against the corrected panel.
after_correction,PANEL_FINAL,Portugal,PRT,2012,irregular_detections,Eurostat migr_eipre,9110.0,9110.0,0.0,0.0,EXACT,Re-queried live 2026-08-17 and compared against the corrected panel.
after_correction,PANEL_FINAL,Portugal,PRT,2013,irregular_detections,Eurostat migr_eipre,5155.0,5155.0,0.0,0.0,EXACT,Re-queried live 2026-08-17 and compared against the corrected panel.
after_correction,PANEL_FINAL,Portugal,PRT,2014,irregular_detections,Eurostat migr_eipre,4530.0,4530.0,0.0,0.0,EXACT,Re-queried live 2026-08-17 and compared against the corrected panel.
after_correction,PANEL_FINAL,Portugal,PRT,2015,irregular_detections,Eurostat migr_eipre,5145.0,5145.0,0.0,0.0,EXACT,Re-queried live 2026-08-17 and compared against the corrected panel.
after_correction,PANEL_FINAL,Portugal,PRT,2016,irregular_detections,Eurostat migr_eipre,6500.0,6500.0,0.0,0.0,EXACT,Re-queried live 2026-08-17 and compared against the corrected panel.
after_correction,PANEL_FINAL,Portugal,PRT,2017,irregular_detections,Eurostat migr_eipre,6005.0,6005.0,0.0,0.0,EXACT,Re-queried live 2026-08-17 and compared against the corrected panel.
after_correction,PANEL_FINAL,Portugal,PRT,2018,irregular_detections,Eurostat migr_eipre,4760.0,4760.0,0.0,0.0,EXACT,Re-queried live 2026-08-17 and compared against the corrected panel.
after_correction,PANEL_FINAL,Portugal,PRT,2019,irregular_detections,Eurostat migr_eipre,5890.0,5890.0,0.0,0.0,EXACT,Re-queried live 2026-08-17 and compared against the corrected panel.
after_correction,PANEL_FINAL,Portugal,PRT,2020,irregular_detections,Eurostat migr_eipre,3145.0,3145.0,0.0,0.0,EXACT,Re-queried live 2026-08-17 and compared against the corrected panel.
after_correction,PANEL_FINAL,Portugal,PRT,2021,irregular_detections,Eurostat migr_eipre,1855.0,1855.0,0.0,0.0,EXACT,Re-queried live 2026-08-17 and compared against the corrected panel.
after_correction,PANEL_FINAL,Portugal,PRT,2022,irregular_detections,Eurostat migr_eipre,2170.0,2170.0,0.0,0.0,EXACT,Re-queried live 2026-08-17 and compared against the corrected panel.
after_correction,PANEL_FINAL,Slovak Republic,SVK,2010,irregular_detections,Eurostat migr_eipre,1440.0,1440.0,0.0,0.0,EXACT,Re-queried live 2026-08-17 and compared against the corrected panel.
after_correction,PANEL_FINAL,Slovak Republic,SVK,2011,irregular_detections,Eurostat migr_eipre,1145.0,1145.0,0.0,0.0,EXACT,Re-queried live 2026-08-17 and compared against the corrected panel.
after_correction,PANEL_FINAL,Slovak Republic,SVK,2012,irregular_detections,Eurostat migr_eipre,1395.0,1395.0,0.0,0.0,EXACT,Re-queried live 2026-08-17 and compared against the corrected panel.
after_correction,PANEL_FINAL,Slovak Republic,SVK,2013,irregular_detections,Eurostat migr_eipre,1025.0,1025.0,0.0,0.0,EXACT,Re-queried live 2026-08-17 and compared against the corrected panel.
after_correction,PANEL_FINAL,Slovak Republic,SVK,2014,irregular_detections,Eurostat migr_eipre,1155.0,1155.0,0.0,0.0,EXACT,Re-queried live 2026-08-17 and compared against the corrected panel.
after_correction,PANEL_FINAL,Slovak Republic,SVK,2015,irregular_detections,Eurostat migr_eipre,1985.0,1985.0,0.0,0.0,EXACT,Re-queried live 2026-08-17 and compared against the corrected panel.
after_correction,PANEL_FINAL,Slovak Republic,SVK,2016,irregular_detections,Eurostat migr_eipre,2035.0,2035.0,0.0,0.0,EXACT,Re-queried live 2026-08-17 and compared against the corrected panel.
after_correction,PANEL_FINAL,Slovak Republic,SVK,2017,irregular_detections,Eurostat migr_eipre,2590.0,2590.0,0.0,0.0,EXACT,Re-queried live 2026-08-17 and compared against the corrected panel.
after_correction,PANEL_FINAL,Slovak Republic,SVK,2018,irregular_detections,Eurostat migr_eipre,2635.0,2635.0,0.0,0.0,EXACT,Re-queried live 2026-08-17 and compared against the corrected panel.
after_correction,PANEL_FINAL,Slovak Republic,SVK,2019,irregular_detections,Eurostat migr_eipre,2005.0,2005.0,0.0,0.0,EXACT,Re-queried live 2026-08-17 and compared against the corrected panel.
after_correction,PANEL_FINAL,Slovak Republic,SVK,2020,irregular_detections,Eurostat migr_eipre,1215.0,1215.0,0.0,0.0,EXACT,Re-queried live 2026-08-17 and compared against the corrected panel.
after_correction,PANEL_FINAL,Slovak Republic,SVK,2021,irregular_detections,Eurostat migr_eipre,1715.0,1715.0,0.0,0.0,EXACT,Re-queried live 2026-08-17 and compared against the corrected panel.
after_correction,PANEL_FINAL,Slovak Republic,SVK,2022,irregular_detections,Eurostat migr_eipre,11705.0,11705.0,0.0,0.0,EXACT,Re-queried live 2026-08-17 and compared against the corrected panel.
after_correction,PANEL_FINAL,Slovenia,SVN,2010,irregular_detections,Eurostat migr_eipre,3415.0,3415.0,0.0,0.0,EXACT,Re-queried live 2026-08-17 and compared against the corrected panel.
after_correction,PANEL_FINAL,Slovenia,SVN,2011,irregular_detections,Eurostat migr_eipre,4350.0,4350.0,0.0,0.0,EXACT,Re-queried live 2026-08-17 and compared against the corrected panel.
after_correction,PANEL_FINAL,Slovenia,SVN,2012,irregular_detections,Eurostat migr_eipre,1555.0,1555.0,0.0,0.0,EXACT,Re-queried live 2026-08-17 and compared against the corrected panel.
after_correction,PANEL_FINAL,Slovenia,SVN,2013,irregular_detections,Eurostat migr_eipre,1040.0,1040.0,0.0,0.0,EXACT,Re-queried live 2026-08-17 and compared against the corrected panel.
after_correction,PANEL_FINAL,Slovenia,SVN,2014,irregular_detections,Eurostat migr_eipre,1025.0,1025.0,0.0,0.0,EXACT,Re-queried live 2026-08-17 and compared against the corrected panel.
after_correction,PANEL_FINAL,Slovenia,SVN,2015,irregular_detections,Eurostat migr_eipre,1025.0,1025.0,0.0,0.0,EXACT,Re-queried live 2026-08-17 and compared against the corrected panel.
after_correction,PANEL_FINAL,Slovenia,SVN,2016,irregular_detections,Eurostat migr_eipre,2475.0,2475.0,0.0,0.0,EXACT,Re-queried live 2026-08-17 and compared against the corrected panel.
after_correction,PANEL_FINAL,Slovenia,SVN,2017,irregular_detections,Eurostat migr_eipre,4180.0,4180.0,0.0,0.0,EXACT,Re-queried live 2026-08-17 and compared against the corrected panel.
after_correction,PANEL_FINAL,Slovenia,SVN,2018,irregular_detections,Eurostat migr_eipre,4345.0,4345.0,0.0,0.0,EXACT,Re-queried live 2026-08-17 and compared against the corrected panel.
after_correction,PANEL_FINAL,Slovenia,SVN,2019,irregular_detections,Eurostat migr_eipre,5765.0,5765.0,0.0,0.0,EXACT,Re-queried live 2026-08-17 and compared against the corrected panel.
after_correction,PANEL_FINAL,Slovenia,SVN,2020,irregular_detections,Eurostat migr_eipre,4605.0,4605.0,0.0,0.0,EXACT,Re-queried live 2026-08-17 and compared against the corrected panel.
after_correction,PANEL_FINAL,Slovenia,SVN,2021,irregular_detections,Eurostat migr_eipre,14430.0,14430.0,0.0,0.0,EXACT,Re-queried live 2026-08-17 and compared against the corrected panel.
after_correction,PANEL_FINAL,Slovenia,SVN,2022,irregular_detections,Eurostat migr_eipre,35215.0,35215.0,0.0,0.0,EXACT,Re-queried live 2026-08-17 and compared against the corrected panel.
after_correction,PANEL_FINAL,Spain,ESP,2010,irregular_detections,Eurostat migr_eipre,70315.0,70315.0,0.0,0.0,EXACT,Re-queried live 2026-08-17 and compared against the corrected panel.
after_correction,PANEL_FINAL,Spain,ESP,2011,irregular_detections,Eurostat migr_eipre,68825.0,68825.0,0.0,0.0,EXACT,Re-queried live 2026-08-17 and compared against the corrected panel.
after_correction,PANEL_FINAL,Spain,ESP,2012,irregular_detections,Eurostat migr_eipre,52485.0,52485.0,0.0,0.0,EXACT,Re-queried live 2026-08-17 and compared against the corrected panel.
after_correction,PANEL_FINAL,Spain,ESP,2013,irregular_detections,Eurostat migr_eipre,46195.0,46195.0,0.0,0.0,EXACT,Re-queried live 2026-08-17 and compared against the corrected panel.
after_correction,PANEL_FINAL,Spain,ESP,2014,irregular_detections,Eurostat migr_eipre,47885.0,47885.0,0.0,0.0,EXACT,Re-queried live 2026-08-17 and compared against the corrected panel.
after_correction,PANEL_FINAL,Spain,ESP,2015,irregular_detections,Eurostat migr_eipre,42605.0,42605.0,0.0,0.0,EXACT,Re-queried live 2026-08-17 and compared against the corrected panel.
after_correction,PANEL_FINAL,Spain,ESP,2016,irregular_detections,Eurostat migr_eipre,37295.0,37295.0,0.0,0.0,EXACT,Re-queried live 2026-08-17 and compared against the corrected panel.
after_correction,PANEL_FINAL,Spain,ESP,2017,irregular_detections,Eurostat migr_eipre,44625.0,44625.0,0.0,0.0,EXACT,Re-queried live 2026-08-17 and compared against the corrected panel.
after_correction,PANEL_FINAL,Spain,ESP,2018,irregular_detections,Eurostat migr_eipre,78280.0,78280.0,0.0,0.0,EXACT,Re-queried live 2026-08-17 and compared against the corrected panel.
after_correction,PANEL_FINAL,Spain,ESP,2019,irregular_detections,Eurostat migr_eipre,62865.0,62865.0,0.0,0.0,EXACT,Re-queried live 2026-08-17 and compared against the corrected panel.
after_correction,PANEL_FINAL,Spain,ESP,2020,irregular_detections,Eurostat migr_eipre,72265.0,72265.0,0.0,0.0,EXACT,Re-queried live 2026-08-17 and compared against the corrected panel.
after_correction,PANEL_FINAL,Spain,ESP,2021,irregular_detections,Eurostat migr_eipre,30615.0,30615.0,0.0,0.0,EXACT,Re-queried live 2026-08-17 and compared against the corrected panel.
after_correction,PANEL_FINAL,Spain,ESP,2022,irregular_detections,Eurostat migr_eipre,68100.0,68100.0,0.0,0.0,EXACT,Re-queried live 2026-08-17 and compared against the corrected panel.
after_correction,PANEL_FINAL,Sweden,SWE,2010,irregular_detections,Eurostat migr_eipre,27460.0,27460.0,0.0,0.0,EXACT,Re-queried live 2026-08-17 and compared against the corrected panel.
after_correction,PANEL_FINAL,Sweden,SWE,2011,irregular_detections,Eurostat migr_eipre,20765.0,20765.0,0.0,0.0,EXACT,Re-queried live 2026-08-17 and compared against the corrected panel.
after_correction,PANEL_FINAL,Sweden,SWE,2012,irregular_detections,Eurostat migr_eipre,23205.0,23205.0,0.0,0.0,EXACT,Re-queried live 2026-08-17 and compared against the corrected panel.
after_correction,PANEL_FINAL,Sweden,SWE,2013,irregular_detections,Eurostat migr_eipre,24400.0,24400.0,0.0,0.0,EXACT,Re-queried live 2026-08-17 and compared against the corrected panel.
after_correction,PANEL_FINAL,Sweden,SWE,2014,irregular_detections,Eurostat migr_eipre,72835.0,72835.0,0.0,0.0,EXACT,Re-queried live 2026-08-17 and compared against the corrected panel.
after_correction,PANEL_FINAL,Sweden,SWE,2015,irregular_detections,Eurostat migr_eipre,1445.0,1445.0,0.0,0.0,EXACT,Re-queried live 2026-08-17 and compared against the corrected panel.
after_correction,PANEL_FINAL,Sweden,SWE,2016,irregular_detections,Eurostat migr_eipre,1210.0,1210.0,0.0,0.0,EXACT,Re-queried live 2026-08-17 and compared against the corrected panel.
after_correction,PANEL_FINAL,Sweden,SWE,2017,irregular_detections,Eurostat migr_eipre,2145.0,2145.0,0.0,0.0,EXACT,Re-queried live 2026-08-17 and compared against the corrected panel.
after_correction,PANEL_FINAL,Sweden,SWE,2018,irregular_detections,Eurostat migr_eipre,1720.0,1720.0,0.0,0.0,EXACT,Re-queried live 2026-08-17 and compared against the corrected panel.
after_correction,PANEL_FINAL,Sweden,SWE,2019,irregular_detections,Eurostat migr_eipre,2170.0,2170.0,0.0,0.0,EXACT,Re-queried live 2026-08-17 and compared against the corrected panel.
after_correction,PANEL_FINAL,Sweden,SWE,2020,irregular_detections,Eurostat migr_eipre,2615.0,2615.0,0.0,0.0,EXACT,Re-queried live 2026-08-17 and compared against the corrected panel.
after_correction,PANEL_FINAL,Sweden,SWE,2021,irregular_detections,Eurostat migr_eipre,2635.0,2635.0,0.0,0.0,EXACT,Re-queried live 2026-08-17 and compared against the corrected panel.
after_correction,PANEL_FINAL,Sweden,SWE,2022,irregular_detections,Eurostat migr_eipre,2455.0,2455.0,0.0,0.0,EXACT,Re-queried live 2026-08-17 and compared against the corrected panel.
after_correction,PANEL_FINAL,Switzerland,CHE,2010,irregular_detections,Eurostat migr_eipre,12020.0,12020.0,0.0,0.0,EXACT,Re-queried live 2026-08-17 and compared against the corrected panel.
after_correction,PANEL_FINAL,Switzerland,CHE,2011,irregular_detections,Eurostat migr_eipre,12630.0,12630.0,0.0,0.0,EXACT,Re-queried live 2026-08-17 and compared against the corrected panel.
after_correction,PANEL_FINAL,Switzerland,CHE,2012,irregular_detections,Eurostat migr_eipre,14170.0,14170.0,0.0,0.0,EXACT,Re-queried live 2026-08-17 and compared against the corrected panel.
after_correction,PANEL_FINAL,Switzerland,CHE,2013,irregular_detections,Eurostat migr_eipre,15045.0,15045.0,0.0,0.0,EXACT,Re-queried live 2026-08-17 and compared against the corrected panel.
after_correction,PANEL_FINAL,Switzerland,CHE,2014,irregular_detections,Eurostat migr_eipre,13800.0,13800.0,0.0,0.0,EXACT,Re-queried live 2026-08-17 and compared against the corrected panel.
after_correction,PANEL_FINAL,Switzerland,CHE,2015,irregular_detections,Eurostat migr_eipre,15555.0,15555.0,0.0,0.0,EXACT,Re-queried live 2026-08-17 and compared against the corrected panel.
after_correction,PANEL_FINAL,Switzerland,CHE,2016,irregular_detections,Eurostat migr_eipre,15765.0,15765.0,0.0,0.0,EXACT,Re-queried live 2026-08-17 and compared against the corrected panel.
after_correction,PANEL_FINAL,Switzerland,CHE,2017,irregular_detections,Eurostat migr_eipre,13940.0,13940.0,0.0,0.0,EXACT,Re-queried live 2026-08-17 and compared against the corrected panel.
after_correction,PANEL_FINAL,Switzerland,CHE,2018,irregular_detections,Eurostat migr_eipre,14420.0,14420.0,0.0,0.0,EXACT,Re-queried live 2026-08-17 and compared against the corrected panel.
after_correction,PANEL_FINAL,Switzerland,CHE,2019,irregular_detections,Eurostat migr_eipre,13885.0,13885.0,0.0,0.0,EXACT,Re-queried live 2026-08-17 and compared against the corrected panel.
after_correction,PANEL_FINAL,Switzerland,CHE,2020,irregular_detections,Eurostat migr_eipre,11020.0,11020.0,0.0,0.0,EXACT,Re-queried live 2026-08-17 and compared against the corrected panel.
after_correction,PANEL_FINAL,Switzerland,CHE,2021,irregular_detections,Eurostat migr_eipre,12175.0,12175.0,0.0,0.0,EXACT,Re-queried live 2026-08-17 and compared against the corrected panel.
after_correction,PANEL_FINAL,Switzerland,CHE,2022,irregular_detections,Eurostat migr_eipre,15130.0,15130.0,0.0,0.0,EXACT,Re-queried live 2026-08-17 and compared against the corrected panel.
after_correction,PANEL_FINAL,United Kingdom,GBR,2010,irregular_detections,Eurostat migr_eipre,53700.0,53700.0,0.0,0.0,EXACT,Re-queried live 2026-08-17 and compared against the corrected panel.
after_correction,PANEL_FINAL,United Kingdom,GBR,2011,irregular_detections,Eurostat migr_eipre,54150.0,54150.0,0.0,0.0,EXACT,Re-queried live 2026-08-17 and compared against the corrected panel.
after_correction,PANEL_FINAL,United Kingdom,GBR,2012,irregular_detections,Eurostat migr_eipre,49365.0,49365.0,0.0,0.0,EXACT,Re-queried live 2026-08-17 and compared against the corrected panel.
after_correction,PANEL_FINAL,United Kingdom,GBR,2013,irregular_detections,Eurostat migr_eipre,57415.0,57415.0,0.0,0.0,EXACT,Re-queried live 2026-08-17 and compared against the corrected panel.
after_correction,PANEL_FINAL,United Kingdom,GBR,2014,irregular_detections,Eurostat migr_eipre,65365.0,65365.0,0.0,0.0,EXACT,Re-queried live 2026-08-17 and compared against the corrected panel.
after_correction,PANEL_FINAL,United Kingdom,GBR,2015,irregular_detections,Eurostat migr_eipre,70020.0,70020.0,0.0,0.0,EXACT,Re-queried live 2026-08-17 and compared against the corrected panel.
after_correction,PANEL_FINAL,United Kingdom,GBR,2016,irregular_detections,Eurostat migr_eipre,59895.0,59895.0,0.0,0.0,EXACT,Re-queried live 2026-08-17 and compared against the corrected panel.
after_correction,PANEL_FINAL,United Kingdom,GBR,2017,irregular_detections,Eurostat migr_eipre,54910.0,54910.0,0.0,0.0,EXACT,Re-queried live 2026-08-17 and compared against the corrected panel.
after_correction,PANEL_FINAL,United Kingdom,GBR,2018,irregular_detections,Eurostat migr_eipre,27830.0,27830.0,0.0,0.0,EXACT,Re-queried live 2026-08-17 and compared against the corrected panel.
after_correction,PANEL_FINAL,United Kingdom,GBR,2019,irregular_detections,Eurostat migr_eipre,22275.0,22275.0,0.0,0.0,EXACT,Re-queried live 2026-08-17 and compared against the corrected panel.
